# https://github.com/mikedh/trimesh
v -0.04456540 -0.00763529 -0.00854286
v -0.04446222 -0.00773842 -0.00854286
v -0.04446222 -0.00763529 -0.00869257
v -0.04494935 -0.00763529 -0.00722857
v -0.04446222 -0.00811879 -0.00722857
v -0.04495780 -0.00763529 -0.00591429
v -0.04446222 -0.00812710 -0.00591429
v -0.04495780 -0.00763529 -0.00460000
v -0.04446222 -0.00812710 -0.00460000
v -0.04495780 -0.00763529 -0.00328571
v -0.04446222 -0.00812710 -0.00328571
v -0.04495780 -0.00763529 -0.00197143
v -0.04446222 -0.00812710 -0.00197143
v -0.04495780 -0.00763529 -0.00065714
v -0.04446222 -0.00812710 -0.00065714
v -0.04495780 -0.00763529 0.00065714
v -0.04446222 -0.00812710 0.00065714
v -0.04495780 -0.00763529 0.00197143
v -0.04446222 -0.00812710 0.00197143
v -0.04495780 -0.00763529 0.00328571
v -0.04446222 -0.00812710 0.00328571
v -0.04495780 -0.00763529 0.00460000
v -0.04446222 -0.00812710 0.00460000
v -0.04495780 -0.00763529 0.00591429
v -0.04446222 -0.00812710 0.00591429
v -0.04494935 -0.00763529 0.00722857
v -0.04446222 -0.00811879 0.00722857
v -0.04456540 -0.00763529 0.00854286
v -0.04446222 -0.00773842 0.00854286
v -0.04446222 -0.00763529 0.00869257
v -0.04449923 -0.00624706 -0.00985714
v -0.04446222 -0.00630773 -0.00985714
v -0.04446222 -0.00624706 -0.00989222
v -0.04543100 -0.00624706 -0.00854286
v -0.04577562 -0.00624706 -0.00722857
v -0.04578310 -0.00624706 -0.00591429
v -0.04578310 -0.00624706 -0.00460000
v -0.04578310 -0.00624706 -0.00328571
v -0.04578310 -0.00624706 -0.00197143
v -0.04578310 -0.00624706 -0.00065714
v -0.04578310 -0.00624706 0.00065714
v -0.04578310 -0.00624706 0.00197143
v -0.04578310 -0.00624706 0.00328571
v -0.04578310 -0.00624706 0.00460000
v -0.04578310 -0.00624706 0.00591429
v -0.04577562 -0.00624706 0.00722857
v -0.04543100 -0.00624706 0.00854286
v -0.04446222 -0.00630773 0.00985714
v -0.04449923 -0.00624706 0.00985714
v -0.04446222 -0.00624706 0.00989222
v -0.04475874 -0.00485882 -0.00985714
v -0.04446222 -0.00485882 -0.01013698
v -0.04566357 -0.00485882 -0.00854286
v -0.04599291 -0.00485882 -0.00722857
v -0.04600000 -0.00485882 -0.00591429
v -0.04600000 -0.00485882 -0.00460000
v -0.04600000 -0.00485882 -0.00328571
v -0.04600000 -0.00485882 -0.00197143
v -0.04600000 -0.00485882 -0.00065714
v -0.04600000 -0.00485882 0.00065714
v -0.04600000 -0.00485882 0.00197143
v -0.04600000 -0.00485882 0.00328571
v -0.04600000 -0.00485882 0.00460000
v -0.04600000 -0.00485882 0.00591429
v -0.04599291 -0.00485882 0.00722857
v -0.04566357 -0.00485882 0.00854286
v -0.04475874 -0.00485882 0.00985714
v -0.04446222 -0.00485882 0.01013698
v -0.04475874 -0.00347059 -0.00985714
v -0.04446222 -0.00347059 -0.01013698
v -0.04566357 -0.00347059 -0.00854286
v -0.04599291 -0.00347059 -0.00722857
v -0.04600000 -0.00347059 -0.00591429
v -0.04600000 -0.00347059 -0.00460000
v -0.04600000 -0.00347059 -0.00328571
v -0.04600000 -0.00347059 -0.00197143
v -0.04600000 -0.00347059 -0.00065714
v -0.04600000 -0.00347059 0.00065714
v -0.04600000 -0.00347059 0.00197143
v -0.04600000 -0.00347059 0.00328571
v -0.04600000 -0.00347059 0.00460000
v -0.04600000 -0.00347059 0.00591429
v -0.04599291 -0.00347059 0.00722857
v -0.04566357 -0.00347059 0.00854286
v -0.04475874 -0.00347059 0.00985714
v -0.04446222 -0.00347059 0.01013698
v -0.04475874 -0.00208235 -0.00985714
v -0.04446222 -0.00208235 -0.01013698
v -0.04566357 -0.00208235 -0.00854286
v -0.04599291 -0.00208235 -0.00722857
v -0.04600000 -0.00208235 -0.00591429
v -0.04600000 -0.00208235 -0.00460000
v -0.04600000 -0.00208235 -0.00328571
v -0.04600000 -0.00208235 -0.00197143
v -0.04600000 -0.00208235 -0.00065714
v -0.04600000 -0.00208235 0.00065714
v -0.04600000 -0.00208235 0.00197143
v -0.04600000 -0.00208235 0.00328571
v -0.04600000 -0.00208235 0.00460000
v -0.04600000 -0.00208235 0.00591429
v -0.04599291 -0.00208235 0.00722857
v -0.04566357 -0.00208235 0.00854286
v -0.04475874 -0.00208235 0.00985714
v -0.04446222 -0.00208235 0.01013698
v -0.04475874 -0.00069412 -0.00985714
v -0.04446222 -0.00069412 -0.01013698
v -0.04566357 -0.00069412 -0.00854286
v -0.04599291 -0.00069412 -0.00722857
v -0.04600000 -0.00069412 -0.00591429
v -0.04600000 -0.00069412 -0.00460000
v -0.04600000 -0.00069412 -0.00328571
v -0.04600000 -0.00069412 -0.00197143
v -0.04600000 -0.00069412 -0.00065714
v -0.04600000 -0.00069412 0.00065714
v -0.04600000 -0.00069412 0.00197143
v -0.04600000 -0.00069412 0.00328571
v -0.04600000 -0.00069412 0.00460000
v -0.04600000 -0.00069412 0.00591429
v -0.04599291 -0.00069412 0.00722857
v -0.04566357 -0.00069412 0.00854286
v -0.04475874 -0.00069412 0.00985714
v -0.04446222 -0.00069412 0.01013698
v -0.04475874 0.00069412 -0.00985714
v -0.04446222 0.00069412 -0.01013698
v -0.04566357 0.00069412 -0.00854286
v -0.04599291 0.00069412 -0.00722857
v -0.04600000 0.00069412 -0.00591429
v -0.04600000 0.00069412 -0.00460000
v -0.04600000 0.00069412 -0.00328571
v -0.04600000 0.00069412 -0.00197143
v -0.04600000 0.00069412 -0.00065714
v -0.04600000 0.00069412 0.00065714
v -0.04600000 0.00069412 0.00197143
v -0.04600000 0.00069412 0.00328571
v -0.04600000 0.00069412 0.00460000
v -0.04600000 0.00069412 0.00591429
v -0.04599291 0.00069412 0.00722857
v -0.04566357 0.00069412 0.00854286
v -0.04475874 0.00069412 0.00985714
v -0.04446222 0.00069412 0.01013698
v -0.04475874 0.00208235 -0.00985714
v -0.04446222 0.00208235 -0.01013698
v -0.04566357 0.00208235 -0.00854286
v -0.04599291 0.00208235 -0.00722857
v -0.04600000 0.00208235 -0.00591429
v -0.04600000 0.00208235 -0.00460000
v -0.04600000 0.00208235 -0.00328571
v -0.04600000 0.00208235 -0.00197143
v -0.04600000 0.00208235 -0.00065714
v -0.04600000 0.00208235 0.00065714
v -0.04600000 0.00208235 0.00197143
v -0.04600000 0.00208235 0.00328571
v -0.04600000 0.00208235 0.00460000
v -0.04600000 0.00208235 0.00591429
v -0.04599291 0.00208235 0.00722857
v -0.04566357 0.00208235 0.00854286
v -0.04475874 0.00208235 0.00985714
v -0.04446222 0.00208235 0.01013698
v -0.04475874 0.00347059 -0.00985714
v -0.04446222 0.00347059 -0.01013698
v -0.04566357 0.00347059 -0.00854286
v -0.04599291 0.00347059 -0.00722857
v -0.04600000 0.00347059 -0.00591429
v -0.04600000 0.00347059 -0.00460000
v -0.04600000 0.00347059 -0.00328571
v -0.04600000 0.00347059 -0.00197143
v -0.04600000 0.00347059 -0.00065714
v -0.04600000 0.00347059 0.00065714
v -0.04600000 0.00347059 0.00197143
v -0.04600000 0.00347059 0.00328571
v -0.04600000 0.00347059 0.00460000
v -0.04600000 0.00347059 0.00591429
v -0.04599291 0.00347059 0.00722857
v -0.04566357 0.00347059 0.00854286
v -0.04475874 0.00347059 0.00985714
v -0.04446222 0.00347059 0.01013698
v -0.04475874 0.00485882 -0.00985714
v -0.04446222 0.00485882 -0.01013698
v -0.04566357 0.00485882 -0.00854286
v -0.04599291 0.00485882 -0.00722857
v -0.04600000 0.00485882 -0.00591429
v -0.04600000 0.00485882 -0.00460000
v -0.04600000 0.00485882 -0.00328571
v -0.04600000 0.00485882 -0.00197143
v -0.04600000 0.00485882 -0.00065714
v -0.04600000 0.00485882 0.00065714
v -0.04600000 0.00485882 0.00197143
v -0.04600000 0.00485882 0.00328571
v -0.04600000 0.00485882 0.00460000
v -0.04600000 0.00485882 0.00591429
v -0.04599291 0.00485882 0.00722857
v -0.04566357 0.00485882 0.00854286
v -0.04475874 0.00485882 0.00985714
v -0.04446222 0.00485882 0.01013698
v -0.04449923 0.00624706 -0.00985714
v -0.04446222 0.00624706 -0.00989222
v -0.04543100 0.00624706 -0.00854286
v -0.04577562 0.00624706 -0.00722857
v -0.04578310 0.00624706 -0.00591429
v -0.04578310 0.00624706 -0.00460000
v -0.04578310 0.00624706 -0.00328571
v -0.04578310 0.00624706 -0.00197143
v -0.04578310 0.00624706 -0.00065714
v -0.04578310 0.00624706 0.00065714
v -0.04578310 0.00624706 0.00197143
v -0.04578310 0.00624706 0.00328571
v -0.04578310 0.00624706 0.00460000
v -0.04578310 0.00624706 0.00591429
v -0.04577562 0.00624706 0.00722857
v -0.04543100 0.00624706 0.00854286
v -0.04449923 0.00624706 0.00985714
v -0.04446222 0.00624706 0.00989222
v -0.04446222 0.00630773 -0.00985714
v -0.04446222 0.00763529 -0.00869257
v -0.04456540 0.00763529 -0.00854286
v -0.04494935 0.00763529 -0.00722857
v -0.04495780 0.00763529 -0.00591429
v -0.04495780 0.00763529 -0.00460000
v -0.04495780 0.00763529 -0.00328571
v -0.04495780 0.00763529 -0.00197143
v -0.04495780 0.00763529 -0.00065714
v -0.04495780 0.00763529 0.00065714
v -0.04495780 0.00763529 0.00197143
v -0.04495780 0.00763529 0.00328571
v -0.04495780 0.00763529 0.00460000
v -0.04495780 0.00763529 0.00591429
v -0.04494935 0.00763529 0.00722857
v -0.04456540 0.00763529 0.00854286
v -0.04446222 0.00763529 0.00869257
v -0.04446222 0.00630773 0.00985714
v -0.04446222 0.00773842 -0.00854286
v -0.04446222 0.00811879 -0.00722857
v -0.04446222 0.00812710 -0.00591429
v -0.04446222 0.00812710 -0.00460000
v -0.04446222 0.00812710 -0.00328571
v -0.04446222 0.00812710 -0.00197143
v -0.04446222 0.00812710 -0.00065714
v -0.04446222 0.00812710 0.00065714
v -0.04446222 0.00812710 0.00197143
v -0.04446222 0.00812710 0.00328571
v -0.04446222 0.00812710 0.00460000
v -0.04446222 0.00812710 0.00591429
v -0.04446222 0.00811879 0.00722857
v -0.04446222 0.00773842 0.00854286
v -0.04260806 -0.00763529 -0.00985714
v -0.04229333 -0.00777078 -0.00985714
v -0.04229333 -0.00763529 -0.00998549
v -0.04229333 -0.00866946 -0.00854286
v -0.04229333 -0.00898259 -0.00722857
v -0.04229333 -0.00898918 -0.00591429
v -0.04229333 -0.00898918 -0.00460000
v -0.04229333 -0.00898918 -0.00328571
v -0.04229333 -0.00898918 -0.00197143
v -0.04229333 -0.00898918 -0.00065714
v -0.04229333 -0.00898918 0.00065714
v -0.04229333 -0.00898918 0.00197143
v -0.04229333 -0.00898918 0.00328571
v -0.04229333 -0.00898918 0.00460000
v -0.04229333 -0.00898918 0.00591429
v -0.04229333 -0.00898259 0.00722857
v -0.04229333 -0.00866946 0.00854286
v -0.04260806 -0.00763529 0.00985714
v -0.04229333 -0.00777078 0.00985714
v -0.04229333 -0.00763529 0.00998549
v -0.04229333 -0.00624706 -0.01078358
v -0.04229333 -0.00624706 0.01078358
v -0.04229333 -0.00485882 -0.01098904
v -0.04229333 -0.00485882 0.01098904
v -0.04229333 -0.00347059 -0.01098904
v -0.04229333 -0.00347059 0.01098904
v -0.04229333 -0.00208235 -0.01098904
v -0.04229333 -0.00208235 0.01098904
v -0.04229333 -0.00069412 -0.01098904
v -0.04229333 -0.00069412 0.01098904
v -0.04229333 0.00069412 -0.01098904
v -0.04229333 0.00069412 0.01098904
v -0.04229333 0.00208235 -0.01098904
v -0.04229333 0.00208235 0.01098904
v -0.04229333 0.00347059 -0.01098904
v -0.04229333 0.00347059 0.01098904
v -0.04229333 0.00485882 -0.01098904
v -0.04229333 0.00485882 0.01098904
v -0.04229333 0.00624706 -0.01078358
v -0.04229333 0.00624706 0.01078358
v -0.04260806 0.00763529 -0.00985714
v -0.04229333 0.00763529 -0.00998549
v -0.04260806 0.00763529 0.00985714
v -0.04229333 0.00763529 0.00998549
v -0.04229333 0.00777078 -0.00985714
v -0.04229333 0.00866946 -0.00854286
v -0.04229333 0.00898259 -0.00722857
v -0.04229333 0.00898918 -0.00591429
v -0.04229333 0.00898918 -0.00460000
v -0.04229333 0.00898918 -0.00328571
v -0.04229333 0.00898918 -0.00197143
v -0.04229333 0.00898918 -0.00065714
v -0.04229333 0.00898918 0.00065714
v -0.04229333 0.00898918 0.00197143
v -0.04229333 0.00898918 0.00328571
v -0.04229333 0.00898918 0.00460000
v -0.04229333 0.00898918 0.00591429
v -0.04229333 0.00898259 0.00722857
v -0.04229333 0.00866946 0.00854286
v -0.04229333 0.00777078 0.00985714
v -0.04012444 -0.00778512 -0.00985714
v -0.04012444 -0.00763529 -0.00999908
v -0.04012444 -0.00868164 -0.00854286
v -0.04012444 -0.00899344 -0.00722857
v -0.04012444 -0.00900000 -0.00591429
v -0.04012444 -0.00900000 -0.00460000
v -0.04012444 -0.00900000 -0.00328571
v -0.04012444 -0.00900000 -0.00197143
v -0.04012444 -0.00900000 -0.00065714
v -0.04012444 -0.00900000 0.00065714
v -0.04012444 -0.00900000 0.00197143
v -0.04012444 -0.00900000 0.00328571
v -0.04012444 -0.00900000 0.00460000
v -0.04012444 -0.00900000 0.00591429
v -0.04012444 -0.00899344 0.00722857
v -0.04012444 -0.00868164 0.00854286
v -0.04012444 -0.00778512 0.00985714
v -0.04012444 -0.00763529 0.00999908
v -0.04012444 -0.00624706 -0.01079529
v -0.04012444 -0.00624706 0.01079530
v -0.04012444 -0.00485882 -0.01100000
v -0.04012444 -0.00485882 0.01100000
v -0.04012444 -0.00347059 -0.01100000
v -0.04012444 -0.00347059 0.01100000
v -0.04012444 -0.00208235 -0.01100000
v -0.04012444 -0.00208235 0.01100000
v -0.04012444 -0.00069412 -0.01100000
v -0.04012444 -0.00069412 0.01100000
v -0.04012444 0.00069412 -0.01100000
v -0.04012444 0.00069412 0.01100000
v -0.04012444 0.00208235 -0.01100000
v -0.04012444 0.00208235 0.01100000
v -0.04012444 0.00347059 -0.01100000
v -0.04012444 0.00347059 0.01100000
v -0.04012444 0.00485882 -0.01100000
v -0.04012444 0.00485882 0.01100000
v -0.04012444 0.00624706 -0.01079529
v -0.04012444 0.00624706 0.01079530
v -0.04012444 0.00763529 -0.00999908
v -0.04012444 0.00763529 0.00999908
v -0.04012444 0.00778512 -0.00985714
v -0.04012444 0.00868164 -0.00854286
v -0.04012444 0.00899344 -0.00722857
v -0.04012444 0.00900000 -0.00591429
v -0.04012444 0.00900000 -0.00460000
v -0.04012444 0.00900000 -0.00328571
v -0.04012444 0.00900000 -0.00197143
v -0.04012444 0.00900000 -0.00065714
v -0.04012444 0.00900000 0.00065714
v -0.04012444 0.00900000 0.00197143
v -0.04012444 0.00900000 0.00328571
v -0.04012444 0.00900000 0.00460000
v -0.04012444 0.00900000 0.00591429
v -0.04012444 0.00899344 0.00722857
v -0.04012444 0.00868164 0.00854286
v -0.04012444 0.00778512 0.00985714
v -0.03795556 -0.00778512 -0.00985714
v -0.03795556 -0.00763529 -0.00999908
v -0.03795556 -0.00868164 -0.00854286
v -0.03795556 -0.00899344 -0.00722857
v -0.03795556 -0.00900000 -0.00591429
v -0.03795556 -0.00900000 -0.00460000
v -0.03795556 -0.00900000 -0.00328571
v -0.03795556 -0.00900000 -0.00197143
v -0.03795556 -0.00900000 -0.00065714
v -0.03795556 -0.00900000 0.00065714
v -0.03795556 -0.00900000 0.00197143
v -0.03795556 -0.00900000 0.00328571
v -0.03795556 -0.00900000 0.00460000
v -0.03795556 -0.00900000 0.00591429
v -0.03795556 -0.00899344 0.00722857
v -0.03795556 -0.00868164 0.00854286
v -0.03795556 -0.00778512 0.00985714
v -0.03795556 -0.00763529 0.00999908
v -0.03795556 -0.00624706 -0.01079529
v -0.03795556 -0.00624706 0.01079530
v -0.03795556 -0.00485882 -0.01100000
v -0.03795556 -0.00485882 0.01100000
v -0.03795556 -0.00347059 -0.01100000
v -0.03795556 -0.00347059 0.01100000
v -0.03795556 -0.00208235 -0.01100000
v -0.03795556 -0.00208235 0.01100000
v -0.03795556 -0.00069412 -0.01100000
v -0.03795556 -0.00069412 0.01100000
v -0.03795556 0.00069412 -0.01100000
v -0.03795556 0.00069412 0.01100000
v -0.03795556 0.00208235 -0.01100000
v -0.03795556 0.00208235 0.01100000
v -0.03795556 0.00347059 -0.01100000
v -0.03795556 0.00347059 0.01100000
v -0.03795556 0.00485882 -0.01100000
v -0.03795556 0.00485882 0.01100000
v -0.03795556 0.00624706 -0.01079529
v -0.03795556 0.00624706 0.01079530
v -0.03795556 0.00763529 -0.00999908
v -0.03795556 0.00763529 0.00999908
v -0.03795556 0.00778512 -0.00985714
v -0.03795556 0.00868164 -0.00854286
v -0.03795556 0.00899344 -0.00722857
v -0.03795556 0.00900000 -0.00591429
v -0.03795556 0.00900000 -0.00460000
v -0.03795556 0.00900000 -0.00328571
v -0.03795556 0.00900000 -0.00197143
v -0.03795556 0.00900000 -0.00065714
v -0.03795556 0.00900000 0.00065714
v -0.03795556 0.00900000 0.00197143
v -0.03795556 0.00900000 0.00328571
v -0.03795556 0.00900000 0.00460000
v -0.03795556 0.00900000 0.00591429
v -0.03795556 0.00899344 0.00722857
v -0.03795556 0.00868164 0.00854286
v -0.03795556 0.00778512 0.00985714
v -0.03578667 -0.00778512 -0.00985714
v -0.03578667 -0.00763529 -0.00999908
v -0.03578667 -0.00868164 -0.00854286
v -0.03578667 -0.00899344 -0.00722857
v -0.03578667 -0.00900000 -0.00591429
v -0.03578667 -0.00900000 -0.00460000
v -0.03578667 -0.00900000 -0.00328571
v -0.03578667 -0.00900000 -0.00197143
v -0.03578667 -0.00900000 -0.00065714
v -0.03578667 -0.00900000 0.00065714
v -0.03578667 -0.00900000 0.00197143
v -0.03578667 -0.00900000 0.00328571
v -0.03578667 -0.00900000 0.00460000
v -0.03578667 -0.00900000 0.00591429
v -0.03578667 -0.00899344 0.00722857
v -0.03578667 -0.00868164 0.00854286
v -0.03578667 -0.00778512 0.00985714
v -0.03578667 -0.00763529 0.00999908
v -0.03578667 -0.00624706 -0.01079529
v -0.03578667 -0.00624706 0.01079530
v -0.03578667 -0.00485882 -0.01100000
v -0.03578667 -0.00485882 0.01100000
v -0.03578667 -0.00347059 -0.01100000
v -0.03578667 -0.00347059 0.01100000
v -0.03578667 -0.00208235 -0.01100000
v -0.03578667 -0.00208235 0.01100000
v -0.03578667 -0.00069412 -0.01100000
v -0.03578667 -0.00069412 0.01100000
v -0.03578667 0.00069412 -0.01100000
v -0.03578667 0.00069412 0.01100000
v -0.03578667 0.00208235 -0.01100000
v -0.03578667 0.00208235 0.01100000
v -0.03578667 0.00347059 -0.01100000
v -0.03578667 0.00347059 0.01100000
v -0.03578667 0.00485882 -0.01100000
v -0.03578667 0.00485882 0.01100000
v -0.03578667 0.00624706 -0.01079529
v -0.03578667 0.00624706 0.01079530
v -0.03578667 0.00763529 -0.00999908
v -0.03578667 0.00763529 0.00999908
v -0.03578667 0.00778512 -0.00985714
v -0.03578667 0.00868164 -0.00854286
v -0.03578667 0.00899344 -0.00722857
v -0.03578667 0.00900000 -0.00591429
v -0.03578667 0.00900000 -0.00460000
v -0.03578667 0.00900000 -0.00328571
v -0.03578667 0.00900000 -0.00197143
v -0.03578667 0.00900000 -0.00065714
v -0.03578667 0.00900000 0.00065714
v -0.03578667 0.00900000 0.00197143
v -0.03578667 0.00900000 0.00328571
v -0.03578667 0.00900000 0.00460000
v -0.03578667 0.00900000 0.00591429
v -0.03578667 0.00899344 0.00722857
v -0.03578667 0.00868164 0.00854286
v -0.03578667 0.00778512 0.00985714
v -0.03361778 -0.00778512 -0.00985714
v -0.03361778 -0.00763529 -0.00999908
v -0.03361778 -0.00868164 -0.00854286
v -0.03361778 -0.00899344 -0.00722857
v -0.03361778 -0.00900000 -0.00591429
v -0.03361778 -0.00900000 -0.00460000
v -0.03361778 -0.00900000 -0.00328571
v -0.03361778 -0.00900000 -0.00197143
v -0.03361778 -0.00900000 -0.00065714
v -0.03361778 -0.00900000 0.00065714
v -0.03361778 -0.00900000 0.00197143
v -0.03361778 -0.00900000 0.00328571
v -0.03361778 -0.00900000 0.00460000
v -0.03361778 -0.00900000 0.00591429
v -0.03361778 -0.00899344 0.00722857
v -0.03361778 -0.00868164 0.00854286
v -0.03361778 -0.00778512 0.00985714
v -0.03361778 -0.00763529 0.00999908
v -0.03361778 -0.00624706 -0.01079529
v -0.03361778 -0.00624706 0.01079530
v -0.03361778 -0.00485882 -0.01100000
v -0.03361778 -0.00485882 0.01100000
v -0.03361778 -0.00347059 -0.01100000
v -0.03361778 -0.00347059 0.01100000
v -0.03361778 -0.00208235 -0.01100000
v -0.03361778 -0.00208235 0.01100000
v -0.03361778 -0.00069412 -0.01100000
v -0.03361778 -0.00069412 0.01100000
v -0.03361778 0.00069412 -0.01100000
v -0.03361778 0.00069412 0.01100000
v -0.03361778 0.00208235 -0.01100000
v -0.03361778 0.00208235 0.01100000
v -0.03361778 0.00347059 -0.01100000
v -0.03361778 0.00347059 0.01100000
v -0.03361778 0.00485882 -0.01100000
v -0.03361778 0.00485882 0.01100000
v -0.03361778 0.00624706 -0.01079529
v -0.03361778 0.00624706 0.01079530
v -0.03361778 0.00763529 -0.00999908
v -0.03361778 0.00763529 0.00999908
v -0.03361778 0.00778512 -0.00985714
v -0.03361778 0.00868164 -0.00854286
v -0.03361778 0.00899344 -0.00722857
v -0.03361778 0.00900000 -0.00591429
v -0.03361778 0.00900000 -0.00460000
v -0.03361778 0.00900000 -0.00328571
v -0.03361778 0.00900000 -0.00197143
v -0.03361778 0.00900000 -0.00065714
v -0.03361778 0.00900000 0.00065714
v -0.03361778 0.00900000 0.00197143
v -0.03361778 0.00900000 0.00328571
v -0.03361778 0.00900000 0.00460000
v -0.03361778 0.00900000 0.00591429
v -0.03361778 0.00899344 0.00722857
v -0.03361778 0.00868164 0.00854286
v -0.03361778 0.00778512 0.00985714
v -0.03144889 -0.00778512 -0.00985714
v -0.03144889 -0.00763529 -0.00999908
v -0.03144889 -0.00868164 -0.00854286
v -0.03144889 -0.00899344 -0.00722857
v -0.03144889 -0.00900000 -0.00591429
v -0.03144889 -0.00900000 -0.00460000
v -0.03144889 -0.00900000 -0.00328571
v -0.03144889 -0.00900000 -0.00197143
v -0.03144889 -0.00900000 -0.00065714
v -0.03144889 -0.00900000 0.00065714
v -0.03144889 -0.00900000 0.00197143
v -0.03144889 -0.00900000 0.00328571
v -0.03144889 -0.00900000 0.00460000
v -0.03144889 -0.00900000 0.00591429
v -0.03144889 -0.00899344 0.00722857
v -0.03144889 -0.00868164 0.00854286
v -0.03144889 -0.00778512 0.00985714
v -0.03144889 -0.00763529 0.00999908
v -0.03144889 -0.00624706 -0.01079529
v -0.03144889 -0.00624706 0.01079530
v -0.03144889 -0.00485882 -0.01100000
v -0.03144889 -0.00485882 0.01100000
v -0.03144889 -0.00347059 -0.01100000
v -0.03144889 -0.00347059 0.01100000
v -0.03144889 -0.00208235 -0.01100000
v -0.03144889 -0.00208235 0.01100000
v -0.03144889 -0.00069412 -0.01100000
v -0.03144889 -0.00069412 0.01100000
v -0.03144889 0.00069412 -0.01100000
v -0.03144889 0.00069412 0.01100000
v -0.03144889 0.00208235 -0.01100000
v -0.03144889 0.00208235 0.01100000
v -0.03144889 0.00347059 -0.01100000
v -0.03144889 0.00347059 0.01100000
v -0.03144889 0.00485882 -0.01100000
v -0.03144889 0.00485882 0.01100000
v -0.03144889 0.00624706 -0.01079529
v -0.03144889 0.00624706 0.01079530
v -0.03144889 0.00763529 -0.00999908
v -0.03144889 0.00763529 0.00999908
v -0.03144889 0.00778512 -0.00985714
v -0.03144889 0.00868164 -0.00854286
v -0.03144889 0.00899344 -0.00722857
v -0.03144889 0.00900000 -0.00591429
v -0.03144889 0.00900000 -0.00460000
v -0.03144889 0.00900000 -0.00328571
v -0.03144889 0.00900000 -0.00197143
v -0.03144889 0.00900000 -0.00065714
v -0.03144889 0.00900000 0.00065714
v -0.03144889 0.00900000 0.00197143
v -0.03144889 0.00900000 0.00328571
v -0.03144889 0.00900000 0.00460000
v -0.03144889 0.00900000 0.00591429
v -0.03144889 0.00899344 0.00722857
v -0.03144889 0.00868164 0.00854286
v -0.03144889 0.00778512 0.00985714
v -0.02928000 -0.00778512 -0.00985714
v -0.02928000 -0.00763529 -0.00999908
v -0.02928000 -0.00868164 -0.00854286
v -0.02928000 -0.00899344 -0.00722857
v -0.02928000 -0.00900000 -0.00591429
v -0.02928000 -0.00900000 -0.00460000
v -0.02928000 -0.00900000 -0.00328571
v -0.02928000 -0.00900000 -0.00197143
v -0.02928000 -0.00900000 -0.00065714
v -0.02928000 -0.00900000 0.00065714
v -0.02928000 -0.00900000 0.00197143
v -0.02928000 -0.00900000 0.00328571
v -0.02928000 -0.00900000 0.00460000
v -0.02928000 -0.00900000 0.00591429
v -0.02928000 -0.00899344 0.00722857
v -0.02928000 -0.00868164 0.00854286
v -0.02928000 -0.00778512 0.00985714
v -0.02928000 -0.00763529 0.00999908
v -0.02928000 -0.00624706 -0.01079529
v -0.02928000 -0.00624706 0.01079530
v -0.02928000 -0.00485882 -0.01100000
v -0.02928000 -0.00485882 0.01100000
v -0.02928000 -0.00347059 -0.01100000
v -0.02928000 -0.00347059 0.01100000
v -0.02928000 -0.00208235 -0.01100000
v -0.02928000 -0.00208235 0.01100000
v -0.02928000 -0.00069412 -0.01100000
v -0.02928000 -0.00069412 0.01100000
v -0.02928000 0.00069412 -0.01100000
v -0.02928000 0.00069412 0.01100000
v -0.02928000 0.00208235 -0.01100000
v -0.02928000 0.00208235 0.01100000
v -0.02928000 0.00347059 -0.01100000
v -0.02928000 0.00347059 0.01100000
v -0.02928000 0.00485882 -0.01100000
v -0.02928000 0.00485882 0.01100000
v -0.02928000 0.00624706 -0.01079529
v -0.02928000 0.00624706 0.01079530
v -0.02928000 0.00763529 -0.00999908
v -0.02928000 0.00763529 0.00999908
v -0.02928000 0.00778512 -0.00985714
v -0.02928000 0.00868164 -0.00854286
v -0.02928000 0.00899344 -0.00722857
v -0.02928000 0.00900000 -0.00591429
v -0.02928000 0.00900000 -0.00460000
v -0.02928000 0.00900000 -0.00328571
v -0.02928000 0.00900000 -0.00197143
v -0.02928000 0.00900000 -0.00065714
v -0.02928000 0.00900000 0.00065714
v -0.02928000 0.00900000 0.00197143
v -0.02928000 0.00900000 0.00328571
v -0.02928000 0.00900000 0.00460000
v -0.02928000 0.00900000 0.00591429
v -0.02928000 0.00899344 0.00722857
v -0.02928000 0.00868164 0.00854286
v -0.02928000 0.00778512 0.00985714
v -0.02711111 -0.00778512 -0.00985714
v -0.02711111 -0.00763529 -0.00999908
v -0.02711111 -0.00868164 -0.00854286
v -0.02711111 -0.00899344 -0.00722857
v -0.02711111 -0.00900000 -0.00591429
v -0.02711111 -0.00900000 -0.00460000
v -0.02711111 -0.00900000 -0.00328571
v -0.02711111 -0.00900000 -0.00197143
v -0.02711111 -0.00900000 -0.00065714
v -0.02711111 -0.00900000 0.00065714
v -0.02711111 -0.00900000 0.00197143
v -0.02711111 -0.00900000 0.00328571
v -0.02711111 -0.00900000 0.00460000
v -0.02711111 -0.00900000 0.00591429
v -0.02711111 -0.00899344 0.00722857
v -0.02711111 -0.00868164 0.00854286
v -0.02711111 -0.00778512 0.00985714
v -0.02711111 -0.00763529 0.00999908
v -0.02711111 -0.00624706 -0.01079529
v -0.02711111 -0.00624706 0.01079530
v -0.02711111 -0.00485882 -0.01100000
v -0.02711111 -0.00485882 0.01100000
v -0.02711111 -0.00347059 -0.01100000
v -0.02711111 -0.00347059 0.01100000
v -0.02711111 -0.00208235 -0.01100000
v -0.02711111 -0.00208235 0.01100000
v -0.02711111 -0.00069412 -0.01100000
v -0.02711111 -0.00069412 0.01100000
v -0.02711111 0.00069412 -0.01100000
v -0.02711111 0.00069412 0.01100000
v -0.02711111 0.00208235 -0.01100000
v -0.02711111 0.00208235 0.01100000
v -0.02711111 0.00347059 -0.01100000
v -0.02711111 0.00347059 0.01100000
v -0.02711111 0.00485882 -0.01100000
v -0.02711111 0.00485882 0.01100000
v -0.02711111 0.00624706 -0.01079529
v -0.02711111 0.00624706 0.01079530
v -0.02711111 0.00763529 -0.00999908
v -0.02711111 0.00763529 0.00999908
v -0.02711111 0.00778512 -0.00985714
v -0.02711111 0.00868164 -0.00854286
v -0.02711111 0.00899344 -0.00722857
v -0.02711111 0.00900000 -0.00591429
v -0.02711111 0.00900000 -0.00460000
v -0.02711111 0.00900000 -0.00328571
v -0.02711111 0.00900000 -0.00197143
v -0.02711111 0.00900000 -0.00065714
v -0.02711111 0.00900000 0.00065714
v -0.02711111 0.00900000 0.00197143
v -0.02711111 0.00900000 0.00328571
v -0.02711111 0.00900000 0.00460000
v -0.02711111 0.00900000 0.00591429
v -0.02711111 0.00899344 0.00722857
v -0.02711111 0.00868164 0.00854286
v -0.02711111 0.00778512 0.00985714
v -0.02494222 -0.00778512 -0.00985714
v -0.02494222 -0.00763529 -0.00999908
v -0.02494222 -0.00868164 -0.00854286
v -0.02494222 -0.00899344 -0.00722857
v -0.02494222 -0.00900000 -0.00591429
v -0.02494222 -0.00900000 -0.00460000
v -0.02494222 -0.00900000 -0.00328571
v -0.02494222 -0.00900000 -0.00197143
v -0.02494222 -0.00900000 -0.00065714
v -0.02494222 -0.00900000 0.00065714
v -0.02494222 -0.00900000 0.00197143
v -0.02494222 -0.00900000 0.00328571
v -0.02494222 -0.00900000 0.00460000
v -0.02494222 -0.00900000 0.00591429
v -0.02494222 -0.00899344 0.00722857
v -0.02494222 -0.00868164 0.00854286
v -0.02494222 -0.00778512 0.00985714
v -0.02494222 -0.00763529 0.00999908
v -0.02494222 -0.00624706 -0.01079529
v -0.02494222 -0.00624706 0.01079530
v -0.02494222 -0.00485882 -0.01100000
v -0.02494222 -0.00485882 0.01100000
v -0.02494222 -0.00347059 -0.01100000
v -0.02494222 -0.00347059 0.01100000
v -0.02494222 -0.00208235 -0.01100000
v -0.02494222 -0.00208235 0.01100000
v -0.02494222 -0.00069412 -0.01100000
v -0.02494222 -0.00069412 0.01100000
v -0.02494222 0.00069412 -0.01100000
v -0.02494222 0.00069412 0.01100000
v -0.02494222 0.00208235 -0.01100000
v -0.02494222 0.00208235 0.01100000
v -0.02494222 0.00347059 -0.01100000
v -0.02494222 0.00347059 0.01100000
v -0.02494222 0.00485882 -0.01100000
v -0.02494222 0.00485882 0.01100000
v -0.02494222 0.00624706 -0.01079529
v -0.02494222 0.00624706 0.01079530
v -0.02494222 0.00763529 -0.00999908
v -0.02494222 0.00763529 0.00999908
v -0.02494222 0.00778512 -0.00985714
v -0.02494222 0.00868164 -0.00854286
v -0.02494222 0.00899344 -0.00722857
v -0.02494222 0.00900000 -0.00591429
v -0.02494222 0.00900000 -0.00460000
v -0.02494222 0.00900000 -0.00328571
v -0.02494222 0.00900000 -0.00197143
v -0.02494222 0.00900000 -0.00065714
v -0.02494222 0.00900000 0.00065714
v -0.02494222 0.00900000 0.00197143
v -0.02494222 0.00900000 0.00328571
v -0.02494222 0.00900000 0.00460000
v -0.02494222 0.00900000 0.00591429
v -0.02494222 0.00899344 0.00722857
v -0.02494222 0.00868164 0.00854286
v -0.02494222 0.00778512 0.00985714
v -0.02277333 -0.00778512 -0.00985714
v -0.02277333 -0.00763529 -0.00999908
v -0.02277333 -0.00868164 -0.00854286
v -0.02277333 -0.00899344 -0.00722857
v -0.02277333 -0.00900000 -0.00591429
v -0.02277333 -0.00900000 -0.00460000
v -0.02277333 -0.00900000 -0.00328571
v -0.02277333 -0.00900000 -0.00197143
v -0.02277333 -0.00900000 -0.00065714
v -0.02277333 -0.00900000 0.00065714
v -0.02277333 -0.00900000 0.00197143
v -0.02277333 -0.00900000 0.00328571
v -0.02277333 -0.00900000 0.00460000
v -0.02277333 -0.00900000 0.00591429
v -0.02277333 -0.00899344 0.00722857
v -0.02277333 -0.00868164 0.00854286
v -0.02277333 -0.00778512 0.00985714
v -0.02277333 -0.00763529 0.00999908
v -0.02277333 -0.00624706 -0.01079529
v -0.02277333 -0.00624706 0.01079530
v -0.02277333 -0.00485882 -0.01100000
v -0.02277333 -0.00485882 0.01100000
v -0.02277333 -0.00347059 -0.01100000
v -0.02277333 -0.00347059 0.01100000
v -0.02277333 -0.00208235 -0.01100000
v -0.02277333 -0.00208235 0.01100000
v -0.02277333 -0.00069412 -0.01100000
v -0.02277333 -0.00069412 0.01100000
v -0.02277333 0.00069412 -0.01100000
v -0.02277333 0.00069412 0.01100000
v -0.02277333 0.00208235 -0.01100000
v -0.02277333 0.00208235 0.01100000
v -0.02277333 0.00347059 -0.01100000
v -0.02277333 0.00347059 0.01100000
v -0.02277333 0.00485882 -0.01100000
v -0.02277333 0.00485882 0.01100000
v -0.02277333 0.00624706 -0.01079529
v -0.02277333 0.00624706 0.01079530
v -0.02277333 0.00763529 -0.00999908
v -0.02277333 0.00763529 0.00999908
v -0.02277333 0.00778512 -0.00985714
v -0.02277333 0.00868164 -0.00854286
v -0.02277333 0.00899344 -0.00722857
v -0.02277333 0.00900000 -0.00591429
v -0.02277333 0.00900000 -0.00460000
v -0.02277333 0.00900000 -0.00328571
v -0.02277333 0.00900000 -0.00197143
v -0.02277333 0.00900000 -0.00065714
v -0.02277333 0.00900000 0.00065714
v -0.02277333 0.00900000 0.00197143
v -0.02277333 0.00900000 0.00328571
v -0.02277333 0.00900000 0.00460000
v -0.02277333 0.00900000 0.00591429
v -0.02277333 0.00899344 0.00722857
v -0.02277333 0.00868164 0.00854286
v -0.02277333 0.00778512 0.00985714
v -0.02060444 -0.00778512 -0.00985714
v -0.02060444 -0.00763529 -0.00999908
v -0.02060444 -0.00868164 -0.00854286
v -0.02060444 -0.00899344 -0.00722857
v -0.02060444 -0.00900000 -0.00591429
v -0.02060444 -0.00900000 -0.00460000
v -0.02060444 -0.00900000 -0.00328571
v -0.02060444 -0.00900000 -0.00197143
v -0.02060444 -0.00900000 -0.00065714
v -0.02060444 -0.00900000 0.00065714
v -0.02060444 -0.00900000 0.00197143
v -0.02060444 -0.00900000 0.00328571
v -0.02060444 -0.00900000 0.00460000
v -0.02060444 -0.00900000 0.00591429
v -0.02060444 -0.00899344 0.00722857
v -0.02060444 -0.00868164 0.00854286
v -0.02060444 -0.00778512 0.00985714
v -0.02060444 -0.00763529 0.00999908
v -0.02060444 -0.00624706 -0.01079529
v -0.02060444 -0.00624706 0.01079530
v -0.02060444 -0.00485882 -0.01100000
v -0.02060444 -0.00485882 0.01100000
v -0.02060444 -0.00347059 -0.01100000
v -0.02060444 -0.00347059 0.01100000
v -0.02060444 -0.00208235 -0.01100000
v -0.02060444 -0.00208235 0.01100000
v -0.02060444 -0.00069412 -0.01100000
v -0.02060444 -0.00069412 0.01100000
v -0.02060444 0.00069412 -0.01100000
v -0.02060444 0.00069412 0.01100000
v -0.02060444 0.00208235 -0.01100000
v -0.02060444 0.00208235 0.01100000
v -0.02060444 0.00347059 -0.01100000
v -0.02060444 0.00347059 0.01100000
v -0.02060444 0.00485882 -0.01100000
v -0.02060444 0.00485882 0.01100000
v -0.02060444 0.00624706 -0.01079529
v -0.02060444 0.00624706 0.01079530
v -0.02060444 0.00763529 -0.00999908
v -0.02060444 0.00763529 0.00999908
v -0.02060444 0.00778512 -0.00985714
v -0.02060444 0.00868164 -0.00854286
v -0.02060444 0.00899344 -0.00722857
v -0.02060444 0.00900000 -0.00591429
v -0.02060444 0.00900000 -0.00460000
v -0.02060444 0.00900000 -0.00328571
v -0.02060444 0.00900000 -0.00197143
v -0.02060444 0.00900000 -0.00065714
v -0.02060444 0.00900000 0.00065714
v -0.02060444 0.00900000 0.00197143
v -0.02060444 0.00900000 0.00328571
v -0.02060444 0.00900000 0.00460000
v -0.02060444 0.00900000 0.00591429
v -0.02060444 0.00899344 0.00722857
v -0.02060444 0.00868164 0.00854286
v -0.02060444 0.00778512 0.00985714
v -0.01843556 -0.00778512 -0.00985714
v -0.01843556 -0.00763529 -0.00999908
v -0.01843556 -0.00868164 -0.00854286
v -0.01843556 -0.00899344 -0.00722857
v -0.01843556 -0.00900000 -0.00591429
v -0.01843556 -0.00900000 -0.00460000
v -0.01843556 -0.00900000 -0.00328571
v -0.01843556 -0.00900000 -0.00197143
v -0.01843556 -0.00900000 -0.00065714
v -0.01843556 -0.00900000 0.00065714
v -0.01843556 -0.00900000 0.00197143
v -0.01843556 -0.00900000 0.00328571
v -0.01843556 -0.00900000 0.00460000
v -0.01843556 -0.00900000 0.00591429
v -0.01843556 -0.00899344 0.00722857
v -0.01843556 -0.00868164 0.00854286
v -0.01843556 -0.00778512 0.00985714
v -0.01843556 -0.00763529 0.00999908
v -0.01843556 -0.00624706 -0.01079529
v -0.01843556 -0.00624706 0.01079530
v -0.01843556 -0.00485882 -0.01100000
v -0.01843556 -0.00485882 0.01100000
v -0.01843556 -0.00347059 -0.01100000
v -0.01843556 -0.00347059 0.01100000
v -0.01843556 -0.00208235 -0.01100000
v -0.01843556 -0.00208235 0.01100000
v -0.01843556 -0.00069412 -0.01100000
v -0.01843556 -0.00069412 0.01100000
v -0.01843556 0.00069412 -0.01100000
v -0.01843556 0.00069412 0.01100000
v -0.01843556 0.00208235 -0.01100000
v -0.01843556 0.00208235 0.01100000
v -0.01843556 0.00347059 -0.01100000
v -0.01843556 0.00347059 0.01100000
v -0.01843556 0.00485882 -0.01100000
v -0.01843556 0.00485882 0.01100000
v -0.01843556 0.00624706 -0.01079529
v -0.01843556 0.00624706 0.01079530
v -0.01843556 0.00763529 -0.00999908
v -0.01843556 0.00763529 0.00999908
v -0.01843556 0.00778512 -0.00985714
v -0.01843556 0.00868164 -0.00854286
v -0.01843556 0.00899344 -0.00722857
v -0.01843556 0.00900000 -0.00591429
v -0.01843556 0.00900000 -0.00460000
v -0.01843556 0.00900000 -0.00328571
v -0.01843556 0.00900000 -0.00197143
v -0.01843556 0.00900000 -0.00065714
v -0.01843556 0.00900000 0.00065714
v -0.01843556 0.00900000 0.00197143
v -0.01843556 0.00900000 0.00328571
v -0.01843556 0.00900000 0.00460000
v -0.01843556 0.00900000 0.00591429
v -0.01843556 0.00899344 0.00722857
v -0.01843556 0.00868164 0.00854286
v -0.01843556 0.00778512 0.00985714
v -0.01626667 -0.00778512 -0.00985714
v -0.01626667 -0.00763529 -0.00999908
v -0.01626667 -0.00868164 -0.00854286
v -0.01626667 -0.00899344 -0.00722857
v -0.01626667 -0.00900000 -0.00591429
v -0.01626667 -0.00900000 -0.00460000
v -0.01626667 -0.00900000 -0.00328571
v -0.01626667 -0.00900000 -0.00197143
v -0.01626667 -0.00900000 -0.00065714
v -0.01626667 -0.00900000 0.00065714
v -0.01626667 -0.00900000 0.00197143
v -0.01626667 -0.00900000 0.00328571
v -0.01626667 -0.00900000 0.00460000
v -0.01626667 -0.00900000 0.00591429
v -0.01626667 -0.00899344 0.00722857
v -0.01626667 -0.00868164 0.00854286
v -0.01626667 -0.00778512 0.00985714
v -0.01626667 -0.00763529 0.00999908
v -0.01626667 -0.00624706 -0.01079529
v -0.01626667 -0.00624706 0.01079530
v -0.01626667 -0.00485882 -0.01100000
v -0.01626667 -0.00485882 0.01100000
v -0.01626667 -0.00347059 -0.01100000
v -0.01626667 -0.00347059 0.01100000
v -0.01626667 -0.00208235 -0.01100000
v -0.01626667 -0.00208235 0.01100000
v -0.01626667 -0.00069412 -0.01100000
v -0.01626667 -0.00069412 0.01100000
v -0.01626667 0.00069412 -0.01100000
v -0.01626667 0.00069412 0.01100000
v -0.01626667 0.00208235 -0.01100000
v -0.01626667 0.00208235 0.01100000
v -0.01626667 0.00347059 -0.01100000
v -0.01626667 0.00347059 0.01100000
v -0.01626667 0.00485882 -0.01100000
v -0.01626667 0.00485882 0.01100000
v -0.01626667 0.00624706 -0.01079529
v -0.01626667 0.00624706 0.01079530
v -0.01626667 0.00763529 -0.00999908
v -0.01626667 0.00763529 0.00999908
v -0.01626667 0.00778512 -0.00985714
v -0.01626667 0.00868164 -0.00854286
v -0.01626667 0.00899344 -0.00722857
v -0.01626667 0.00900000 -0.00591429
v -0.01626667 0.00900000 -0.00460000
v -0.01626667 0.00900000 -0.00328571
v -0.01626667 0.00900000 -0.00197143
v -0.01626667 0.00900000 -0.00065714
v -0.01626667 0.00900000 0.00065714
v -0.01626667 0.00900000 0.00197143
v -0.01626667 0.00900000 0.00328571
v -0.01626667 0.00900000 0.00460000
v -0.01626667 0.00900000 0.00591429
v -0.01626667 0.00899344 0.00722857
v -0.01626667 0.00868164 0.00854286
v -0.01626667 0.00778512 0.00985714
v -0.01409778 -0.00778512 -0.00985714
v -0.01409778 -0.00763529 -0.00999908
v -0.01409778 -0.00868164 -0.00854286
v -0.01409778 -0.00899344 -0.00722857
v -0.01409778 -0.00900000 -0.00591429
v -0.01409778 -0.00900000 -0.00460000
v -0.01409778 -0.00900000 -0.00328571
v -0.01409778 -0.00900000 -0.00197143
v -0.01409778 -0.00900000 -0.00065714
v -0.01409778 -0.00900000 0.00065714
v -0.01409778 -0.00900000 0.00197143
v -0.01409778 -0.00900000 0.00328571
v -0.01409778 -0.00900000 0.00460000
v -0.01409778 -0.00900000 0.00591429
v -0.01409778 -0.00899344 0.00722857
v -0.01409778 -0.00868164 0.00854286
v -0.01409778 -0.00778512 0.00985714
v -0.01409778 -0.00763529 0.00999908
v -0.01409778 -0.00624706 -0.01079529
v -0.01409778 -0.00624706 0.01079530
v -0.01409778 -0.00485882 -0.01100000
v -0.01409778 -0.00485882 0.01100000
v -0.01409778 -0.00347059 -0.01100000
v -0.01409778 -0.00347059 0.01100000
v -0.01409778 -0.00208235 -0.01100000
v -0.01409778 -0.00208235 0.01100000
v -0.01409778 -0.00069412 -0.01100000
v -0.01409778 -0.00069412 0.01100000
v -0.01409778 0.00069412 -0.01100000
v -0.01409778 0.00069412 0.01100000
v -0.01409778 0.00208235 -0.01100000
v -0.01409778 0.00208235 0.01100000
v -0.01409778 0.00347059 -0.01100000
v -0.01409778 0.00347059 0.01100000
v -0.01409778 0.00485882 -0.01100000
v -0.01409778 0.00485882 0.01100000
v -0.01409778 0.00624706 -0.01079529
v -0.01409778 0.00624706 0.01079530
v -0.01409778 0.00763529 -0.00999908
v -0.01409778 0.00763529 0.00999908
v -0.01409778 0.00778512 -0.00985714
v -0.01409778 0.00868164 -0.00854286
v -0.01409778 0.00899344 -0.00722857
v -0.01409778 0.00900000 -0.00591429
v -0.01409778 0.00900000 -0.00460000
v -0.01409778 0.00900000 -0.00328571
v -0.01409778 0.00900000 -0.00197143
v -0.01409778 0.00900000 -0.00065714
v -0.01409778 0.00900000 0.00065714
v -0.01409778 0.00900000 0.00197143
v -0.01409778 0.00900000 0.00328571
v -0.01409778 0.00900000 0.00460000
v -0.01409778 0.00900000 0.00591429
v -0.01409778 0.00899344 0.00722857
v -0.01409778 0.00868164 0.00854286
v -0.01409778 0.00778512 0.00985714
v -0.01192889 -0.00778512 -0.00985714
v -0.01192889 -0.00763529 -0.00999908
v -0.01192889 -0.00868164 -0.00854286
v -0.01192889 -0.00899344 -0.00722857
v -0.01192889 -0.00900000 -0.00591429
v -0.01192889 -0.00900000 -0.00460000
v -0.01192889 -0.00900000 -0.00328571
v -0.01192889 -0.00900000 -0.00197143
v -0.01192889 -0.00900000 -0.00065714
v -0.01192889 -0.00900000 0.00065714
v -0.01192889 -0.00900000 0.00197143
v -0.01192889 -0.00900000 0.00328571
v -0.01192889 -0.00900000 0.00460000
v -0.01192889 -0.00900000 0.00591429
v -0.01192889 -0.00899344 0.00722857
v -0.01192889 -0.00868164 0.00854286
v -0.01192889 -0.00778512 0.00985714
v -0.01192889 -0.00763529 0.00999908
v -0.01192889 -0.00624706 -0.01079529
v -0.01192889 -0.00624706 0.01079530
v -0.01192889 -0.00485882 -0.01100000
v -0.01192889 -0.00485882 0.01100000
v -0.01192889 -0.00347059 -0.01100000
v -0.01192889 -0.00347059 0.01100000
v -0.01192889 -0.00208235 -0.01100000
v -0.01192889 -0.00208235 0.01100000
v -0.01192889 -0.00069412 -0.01100000
v -0.01192889 -0.00069412 0.01100000
v -0.01192889 0.00069412 -0.01100000
v -0.01192889 0.00069412 0.01100000
v -0.01192889 0.00208235 -0.01100000
v -0.01192889 0.00208235 0.01100000
v -0.01192889 0.00347059 -0.01100000
v -0.01192889 0.00347059 0.01100000
v -0.01192889 0.00485882 -0.01100000
v -0.01192889 0.00485882 0.01100000
v -0.01192889 0.00624706 -0.01079529
v -0.01192889 0.00624706 0.01079530
v -0.01192889 0.00763529 -0.00999908
v -0.01192889 0.00763529 0.00999908
v -0.01192889 0.00778512 -0.00985714
v -0.01192889 0.00868164 -0.00854286
v -0.01192889 0.00899344 -0.00722857
v -0.01192889 0.00900000 -0.00591429
v -0.01192889 0.00900000 -0.00460000
v -0.01192889 0.00900000 -0.00328571
v -0.01192889 0.00900000 -0.00197143
v -0.01192889 0.00900000 -0.00065714
v -0.01192889 0.00900000 0.00065714
v -0.01192889 0.00900000 0.00197143
v -0.01192889 0.00900000 0.00328571
v -0.01192889 0.00900000 0.00460000
v -0.01192889 0.00900000 0.00591429
v -0.01192889 0.00899344 0.00722857
v -0.01192889 0.00868164 0.00854286
v -0.01192889 0.00778512 0.00985714
v -0.00976000 -0.00778512 -0.00985714
v -0.00976000 -0.00763529 -0.00999908
v -0.00976000 -0.00868164 -0.00854286
v -0.00976000 -0.00899344 -0.00722857
v -0.00976000 -0.00900000 -0.00591429
v -0.00976000 -0.00900000 -0.00460000
v -0.00976000 -0.00900000 -0.00328571
v -0.00976000 -0.00900000 -0.00197143
v -0.00976000 -0.00900000 -0.00065714
v -0.00976000 -0.00900000 0.00065714
v -0.00976000 -0.00900000 0.00197143
v -0.00976000 -0.00900000 0.00328571
v -0.00976000 -0.00900000 0.00460000
v -0.00976000 -0.00900000 0.00591429
v -0.00976000 -0.00899344 0.00722857
v -0.00976000 -0.00868164 0.00854286
v -0.00976000 -0.00778512 0.00985714
v -0.00976000 -0.00763529 0.00999908
v -0.00976000 -0.00624706 -0.01079529
v -0.00976000 -0.00624706 0.01079530
v -0.00976000 -0.00485882 -0.01100000
v -0.00976000 -0.00485882 0.01100000
v -0.00976000 -0.00347059 -0.01100000
v -0.00976000 -0.00347059 0.01100000
v -0.00976000 -0.00208235 -0.01100000
v -0.00976000 -0.00208235 0.01100000
v -0.00976000 -0.00069412 -0.01100000
v -0.00976000 -0.00069412 0.01100000
v -0.00976000 0.00069412 -0.01100000
v -0.00976000 0.00069412 0.01100000
v -0.00976000 0.00208235 -0.01100000
v -0.00976000 0.00208235 0.01100000
v -0.00976000 0.00347059 -0.01100000
v -0.00976000 0.00347059 0.01100000
v -0.00976000 0.00485882 -0.01100000
v -0.00976000 0.00485882 0.01100000
v -0.00976000 0.00624706 -0.01079529
v -0.00976000 0.00624706 0.01079530
v -0.00976000 0.00763529 -0.00999908
v -0.00976000 0.00763529 0.00999908
v -0.00976000 0.00778512 -0.00985714
v -0.00976000 0.00868164 -0.00854286
v -0.00976000 0.00899344 -0.00722857
v -0.00976000 0.00900000 -0.00591429
v -0.00976000 0.00900000 -0.00460000
v -0.00976000 0.00900000 -0.00328571
v -0.00976000 0.00900000 -0.00197143
v -0.00976000 0.00900000 -0.00065714
v -0.00976000 0.00900000 0.00065714
v -0.00976000 0.00900000 0.00197143
v -0.00976000 0.00900000 0.00328571
v -0.00976000 0.00900000 0.00460000
v -0.00976000 0.00900000 0.00591429
v -0.00976000 0.00899344 0.00722857
v -0.00976000 0.00868164 0.00854286
v -0.00976000 0.00778512 0.00985714
v -0.00759111 -0.00778512 -0.00985714
v -0.00759111 -0.00763529 -0.00999908
v -0.00759111 -0.00868164 -0.00854286
v -0.00759111 -0.00899344 -0.00722857
v -0.00759111 -0.00900000 -0.00591429
v -0.00759111 -0.00900000 -0.00460000
v -0.00759111 -0.00900000 -0.00328571
v -0.00759111 -0.00900000 -0.00197143
v -0.00759111 -0.00900000 -0.00065714
v -0.00759111 -0.00900000 0.00065714
v -0.00759111 -0.00900000 0.00197143
v -0.00759111 -0.00900000 0.00328571
v -0.00759111 -0.00900000 0.00460000
v -0.00759111 -0.00900000 0.00591429
v -0.00759111 -0.00899344 0.00722857
v -0.00759111 -0.00868164 0.00854286
v -0.00759111 -0.00778512 0.00985714
v -0.00759111 -0.00763529 0.00999908
v -0.00759111 -0.00624706 -0.01079529
v -0.00759111 -0.00624706 0.01079530
v -0.00759111 -0.00485882 -0.01100000
v -0.00759111 -0.00485882 0.01100000
v -0.00759111 -0.00347059 -0.01100000
v -0.00759111 -0.00347059 0.01100000
v -0.00759111 -0.00208235 -0.01100000
v -0.00759111 -0.00208235 0.01100000
v -0.00759111 -0.00069412 -0.01100000
v -0.00759111 -0.00069412 0.01100000
v -0.00759111 0.00069412 -0.01100000
v -0.00759111 0.00069412 0.01100000
v -0.00759111 0.00208235 -0.01100000
v -0.00759111 0.00208235 0.01100000
v -0.00759111 0.00347059 -0.01100000
v -0.00759111 0.00347059 0.01100000
v -0.00759111 0.00485882 -0.01100000
v -0.00759111 0.00485882 0.01100000
v -0.00759111 0.00624706 -0.01079529
v -0.00759111 0.00624706 0.01079530
v -0.00759111 0.00763529 -0.00999908
v -0.00759111 0.00763529 0.00999908
v -0.00759111 0.00778512 -0.00985714
v -0.00759111 0.00868164 -0.00854286
v -0.00759111 0.00899344 -0.00722857
v -0.00759111 0.00900000 -0.00591429
v -0.00759111 0.00900000 -0.00460000
v -0.00759111 0.00900000 -0.00328571
v -0.00759111 0.00900000 -0.00197143
v -0.00759111 0.00900000 -0.00065714
v -0.00759111 0.00900000 0.00065714
v -0.00759111 0.00900000 0.00197143
v -0.00759111 0.00900000 0.00328571
v -0.00759111 0.00900000 0.00460000
v -0.00759111 0.00900000 0.00591429
v -0.00759111 0.00899344 0.00722857
v -0.00759111 0.00868164 0.00854286
v -0.00759111 0.00778512 0.00985714
v -0.00542222 -0.00778512 -0.00985714
v -0.00542222 -0.00763529 -0.00999908
v -0.00542222 -0.00868164 -0.00854286
v -0.00542222 -0.00899344 -0.00722857
v -0.00542222 -0.00900000 -0.00591429
v -0.00542222 -0.00900000 -0.00460000
v -0.00542222 -0.00900000 -0.00328571
v -0.00542222 -0.00900000 -0.00197143
v -0.00542222 -0.00900000 -0.00065714
v -0.00542222 -0.00900000 0.00065714
v -0.00542222 -0.00900000 0.00197143
v -0.00542222 -0.00900000 0.00328571
v -0.00542222 -0.00900000 0.00460000
v -0.00542222 -0.00900000 0.00591429
v -0.00542222 -0.00899344 0.00722857
v -0.00542222 -0.00868164 0.00854286
v -0.00542222 -0.00778512 0.00985714
v -0.00542222 -0.00763529 0.00999908
v -0.00542222 -0.00624706 -0.01079529
v -0.00542222 -0.00624706 0.01079530
v -0.00542222 -0.00485882 -0.01100000
v -0.00542222 -0.00485882 0.01100000
v -0.00542222 -0.00347059 -0.01100000
v -0.00542222 -0.00347059 0.01100000
v -0.00542222 -0.00208235 -0.01100000
v -0.00542222 -0.00208235 0.01100000
v -0.00542222 -0.00069412 -0.01100000
v -0.00542222 -0.00069412 0.01100000
v -0.00542222 0.00069412 -0.01100000
v -0.00542222 0.00069412 0.01100000
v -0.00542222 0.00208235 -0.01100000
v -0.00542222 0.00208235 0.01100000
v -0.00542222 0.00347059 -0.01100000
v -0.00542222 0.00347059 0.01100000
v -0.00542222 0.00485882 -0.01100000
v -0.00542222 0.00485882 0.01100000
v -0.00542222 0.00624706 -0.01079529
v -0.00542222 0.00624706 0.01079530
v -0.00542222 0.00763529 -0.00999908
v -0.00542222 0.00763529 0.00999908
v -0.00542222 0.00778512 -0.00985714
v -0.00542222 0.00868164 -0.00854286
v -0.00542222 0.00899344 -0.00722857
v -0.00542222 0.00900000 -0.00591429
v -0.00542222 0.00900000 -0.00460000
v -0.00542222 0.00900000 -0.00328571
v -0.00542222 0.00900000 -0.00197143
v -0.00542222 0.00900000 -0.00065714
v -0.00542222 0.00900000 0.00065714
v -0.00542222 0.00900000 0.00197143
v -0.00542222 0.00900000 0.00328571
v -0.00542222 0.00900000 0.00460000
v -0.00542222 0.00900000 0.00591429
v -0.00542222 0.00899344 0.00722857
v -0.00542222 0.00868164 0.00854286
v -0.00542222 0.00778512 0.00985714
v -0.00325333 -0.00778512 -0.00985714
v -0.00325333 -0.00763529 -0.00999908
v -0.00325333 -0.00868164 -0.00854286
v -0.00325333 -0.00899344 -0.00722857
v -0.00325333 -0.00900000 -0.00591429
v -0.00325333 -0.00900000 -0.00460000
v -0.00325333 -0.00900000 -0.00328571
v -0.00325333 -0.00900000 -0.00197143
v -0.00325333 -0.00900000 -0.00065714
v -0.00325333 -0.00900000 0.00065714
v -0.00325333 -0.00900000 0.00197143
v -0.00325333 -0.00900000 0.00328571
v -0.00325333 -0.00900000 0.00460000
v -0.00325333 -0.00900000 0.00591429
v -0.00325333 -0.00899344 0.00722857
v -0.00325333 -0.00868164 0.00854286
v -0.00325333 -0.00778512 0.00985714
v -0.00325333 -0.00763529 0.00999908
v -0.00325333 -0.00624706 -0.01079529
v -0.00325333 -0.00624706 0.01079530
v -0.00325333 -0.00485882 -0.01100000
v -0.00325333 -0.00485882 0.01100000
v -0.00325333 -0.00347059 -0.01100000
v -0.00325333 -0.00347059 0.01100000
v -0.00325333 -0.00208235 -0.01100000
v -0.00325333 -0.00208235 0.01100000
v -0.00325333 -0.00069412 -0.01100000
v -0.00325333 -0.00069412 0.01100000
v -0.00325333 0.00069412 -0.01100000
v -0.00325333 0.00069412 0.01100000
v -0.00325333 0.00208235 -0.01100000
v -0.00325333 0.00208235 0.01100000
v -0.00325333 0.00347059 -0.01100000
v -0.00325333 0.00347059 0.01100000
v -0.00325333 0.00485882 -0.01100000
v -0.00325333 0.00485882 0.01100000
v -0.00325333 0.00624706 -0.01079529
v -0.00325333 0.00624706 0.01079530
v -0.00325333 0.00763529 -0.00999908
v -0.00325333 0.00763529 0.00999908
v -0.00325333 0.00778512 -0.00985714
v -0.00325333 0.00868164 -0.00854286
v -0.00325333 0.00899344 -0.00722857
v -0.00325333 0.00900000 -0.00591429
v -0.00325333 0.00900000 -0.00460000
v -0.00325333 0.00900000 -0.00328571
v -0.00325333 0.00900000 -0.00197143
v -0.00325333 0.00900000 -0.00065714
v -0.00325333 0.00900000 0.00065714
v -0.00325333 0.00900000 0.00197143
v -0.00325333 0.00900000 0.00328571
v -0.00325333 0.00900000 0.00460000
v -0.00325333 0.00900000 0.00591429
v -0.00325333 0.00899344 0.00722857
v -0.00325333 0.00868164 0.00854286
v -0.00325333 0.00778512 0.00985714
v -0.00108444 -0.00778512 -0.00985714
v -0.00108444 -0.00763529 -0.00999908
v -0.00108444 -0.00868164 -0.00854286
v -0.00108444 -0.00899344 -0.00722857
v -0.00108444 -0.00900000 -0.00591429
v -0.00108444 -0.00900000 -0.00460000
v -0.00108444 -0.00900000 -0.00328571
v -0.00108444 -0.00900000 -0.00197143
v -0.00108444 -0.00900000 -0.00065714
v -0.00108444 -0.00900000 0.00065714
v -0.00108444 -0.00900000 0.00197143
v -0.00108444 -0.00900000 0.00328571
v -0.00108444 -0.00900000 0.00460000
v -0.00108444 -0.00900000 0.00591429
v -0.00108444 -0.00899344 0.00722857
v -0.00108444 -0.00868164 0.00854286
v -0.00108444 -0.00778512 0.00985714
v -0.00108444 -0.00763529 0.00999908
v -0.00108444 -0.00624706 -0.01079529
v -0.00108444 -0.00624706 0.01079530
v -0.00108444 -0.00485882 -0.01100000
v -0.00108444 -0.00485882 0.01100000
v -0.00108444 -0.00347059 -0.01100000
v -0.00108444 -0.00347059 0.01100000
v -0.00108444 -0.00208235 -0.01100000
v -0.00108444 -0.00208235 0.01100000
v -0.00108444 -0.00069412 -0.01100000
v -0.00108444 -0.00069412 0.01100000
v -0.00108444 0.00069412 -0.01100000
v -0.00108444 0.00069412 0.01100000
v -0.00108444 0.00208235 -0.01100000
v -0.00108444 0.00208235 0.01100000
v -0.00108444 0.00347059 -0.01100000
v -0.00108444 0.00347059 0.01100000
v -0.00108444 0.00485882 -0.01100000
v -0.00108444 0.00485882 0.01100000
v -0.00108444 0.00624706 -0.01079529
v -0.00108444 0.00624706 0.01079530
v -0.00108444 0.00763529 -0.00999908
v -0.00108444 0.00763529 0.00999908
v -0.00108444 0.00778512 -0.00985714
v -0.00108444 0.00868164 -0.00854286
v -0.00108444 0.00899344 -0.00722857
v -0.00108444 0.00900000 -0.00591429
v -0.00108444 0.00900000 -0.00460000
v -0.00108444 0.00900000 -0.00328571
v -0.00108444 0.00900000 -0.00197143
v -0.00108444 0.00900000 -0.00065714
v -0.00108444 0.00900000 0.00065714
v -0.00108444 0.00900000 0.00197143
v -0.00108444 0.00900000 0.00328571
v -0.00108444 0.00900000 0.00460000
v -0.00108444 0.00900000 0.00591429
v -0.00108444 0.00899344 0.00722857
v -0.00108444 0.00868164 0.00854286
v -0.00108444 0.00778512 0.00985714
v 0.00108444 -0.00778512 -0.00985714
v 0.00108444 -0.00763529 -0.00999908
v 0.00108444 -0.00868164 -0.00854286
v 0.00108444 -0.00899344 -0.00722857
v 0.00108444 -0.00900000 -0.00591429
v 0.00108444 -0.00900000 -0.00460000
v 0.00108444 -0.00900000 -0.00328571
v 0.00108444 -0.00900000 -0.00197143
v 0.00108444 -0.00900000 -0.00065714
v 0.00108444 -0.00900000 0.00065714
v 0.00108444 -0.00900000 0.00197143
v 0.00108444 -0.00900000 0.00328571
v 0.00108444 -0.00900000 0.00460000
v 0.00108444 -0.00900000 0.00591429
v 0.00108444 -0.00899344 0.00722857
v 0.00108444 -0.00868164 0.00854286
v 0.00108444 -0.00778512 0.00985714
v 0.00108444 -0.00763529 0.00999908
v 0.00108444 -0.00624706 -0.01079529
v 0.00108444 -0.00624706 0.01079530
v 0.00108444 -0.00485882 -0.01100000
v 0.00108444 -0.00485882 0.01100000
v 0.00108444 -0.00347059 -0.01100000
v 0.00108444 -0.00347059 0.01100000
v 0.00108444 -0.00208235 -0.01100000
v 0.00108444 -0.00208235 0.01100000
v 0.00108444 -0.00069412 -0.01100000
v 0.00108444 -0.00069412 0.01100000
v 0.00108444 0.00069412 -0.01100000
v 0.00108444 0.00069412 0.01100000
v 0.00108444 0.00208235 -0.01100000
v 0.00108444 0.00208235 0.01100000
v 0.00108444 0.00347059 -0.01100000
v 0.00108444 0.00347059 0.01100000
v 0.00108444 0.00485882 -0.01100000
v 0.00108444 0.00485882 0.01100000
v 0.00108444 0.00624706 -0.01079529
v 0.00108444 0.00624706 0.01079530
v 0.00108444 0.00763529 -0.00999908
v 0.00108444 0.00763529 0.00999908
v 0.00108444 0.00778512 -0.00985714
v 0.00108444 0.00868164 -0.00854286
v 0.00108444 0.00899344 -0.00722857
v 0.00108444 0.00900000 -0.00591429
v 0.00108444 0.00900000 -0.00460000
v 0.00108444 0.00900000 -0.00328571
v 0.00108444 0.00900000 -0.00197143
v 0.00108444 0.00900000 -0.00065714
v 0.00108444 0.00900000 0.00065714
v 0.00108444 0.00900000 0.00197143
v 0.00108444 0.00900000 0.00328571
v 0.00108444 0.00900000 0.00460000
v 0.00108444 0.00900000 0.00591429
v 0.00108444 0.00899344 0.00722857
v 0.00108444 0.00868164 0.00854286
v 0.00108444 0.00778512 0.00985714
v 0.00325333 -0.00778512 -0.00985714
v 0.00325333 -0.00763529 -0.00999908
v 0.00325333 -0.00868164 -0.00854286
v 0.00325333 -0.00899344 -0.00722857
v 0.00325333 -0.00900000 -0.00591429
v 0.00325333 -0.00900000 -0.00460000
v 0.00325333 -0.00900000 -0.00328571
v 0.00325333 -0.00900000 -0.00197143
v 0.00325333 -0.00900000 -0.00065714
v 0.00325333 -0.00900000 0.00065714
v 0.00325333 -0.00900000 0.00197143
v 0.00325333 -0.00900000 0.00328571
v 0.00325333 -0.00900000 0.00460000
v 0.00325333 -0.00900000 0.00591429
v 0.00325333 -0.00899344 0.00722857
v 0.00325333 -0.00868164 0.00854286
v 0.00325333 -0.00778512 0.00985714
v 0.00325333 -0.00763529 0.00999908
v 0.00325333 -0.00624706 -0.01079529
v 0.00325333 -0.00624706 0.01079530
v 0.00325333 -0.00485882 -0.01100000
v 0.00325333 -0.00485882 0.01100000
v 0.00325333 -0.00347059 -0.01100000
v 0.00325333 -0.00347059 0.01100000
v 0.00325333 -0.00208235 -0.01100000
v 0.00325333 -0.00208235 0.01100000
v 0.00325333 -0.00069412 -0.01100000
v 0.00325333 -0.00069412 0.01100000
v 0.00325333 0.00069412 -0.01100000
v 0.00325333 0.00069412 0.01100000
v 0.00325333 0.00208235 -0.01100000
v 0.00325333 0.00208235 0.01100000
v 0.00325333 0.00347059 -0.01100000
v 0.00325333 0.00347059 0.01100000
v 0.00325333 0.00485882 -0.01100000
v 0.00325333 0.00485882 0.01100000
v 0.00325333 0.00624706 -0.01079529
v 0.00325333 0.00624706 0.01079530
v 0.00325333 0.00763529 -0.00999908
v 0.00325333 0.00763529 0.00999908
v 0.00325333 0.00778512 -0.00985714
v 0.00325333 0.00868164 -0.00854286
v 0.00325333 0.00899344 -0.00722857
v 0.00325333 0.00900000 -0.00591429
v 0.00325333 0.00900000 -0.00460000
v 0.00325333 0.00900000 -0.00328571
v 0.00325333 0.00900000 -0.00197143
v 0.00325333 0.00900000 -0.00065714
v 0.00325333 0.00900000 0.00065714
v 0.00325333 0.00900000 0.00197143
v 0.00325333 0.00900000 0.00328571
v 0.00325333 0.00900000 0.00460000
v 0.00325333 0.00900000 0.00591429
v 0.00325333 0.00899344 0.00722857
v 0.00325333 0.00868164 0.00854286
v 0.00325333 0.00778512 0.00985714
v 0.00542222 -0.00778512 -0.00985714
v 0.00542222 -0.00763529 -0.00999908
v 0.00542222 -0.00868164 -0.00854286
v 0.00542222 -0.00899344 -0.00722857
v 0.00542222 -0.00900000 -0.00591429
v 0.00542222 -0.00900000 -0.00460000
v 0.00542222 -0.00900000 -0.00328571
v 0.00542222 -0.00900000 -0.00197143
v 0.00542222 -0.00900000 -0.00065714
v 0.00542222 -0.00900000 0.00065714
v 0.00542222 -0.00900000 0.00197143
v 0.00542222 -0.00900000 0.00328571
v 0.00542222 -0.00900000 0.00460000
v 0.00542222 -0.00900000 0.00591429
v 0.00542222 -0.00899344 0.00722857
v 0.00542222 -0.00868164 0.00854286
v 0.00542222 -0.00778512 0.00985714
v 0.00542222 -0.00763529 0.00999908
v 0.00542222 -0.00624706 -0.01079529
v 0.00542222 -0.00624706 0.01079530
v 0.00542222 -0.00485882 -0.01100000
v 0.00542222 -0.00485882 0.01100000
v 0.00542222 -0.00347059 -0.01100000
v 0.00542222 -0.00347059 0.01100000
v 0.00542222 -0.00208235 -0.01100000
v 0.00542222 -0.00208235 0.01100000
v 0.00542222 -0.00069412 -0.01100000
v 0.00542222 -0.00069412 0.01100000
v 0.00542222 0.00069412 -0.01100000
v 0.00542222 0.00069412 0.01100000
v 0.00542222 0.00208235 -0.01100000
v 0.00542222 0.00208235 0.01100000
v 0.00542222 0.00347059 -0.01100000
v 0.00542222 0.00347059 0.01100000
v 0.00542222 0.00485882 -0.01100000
v 0.00542222 0.00485882 0.01100000
v 0.00542222 0.00624706 -0.01079529
v 0.00542222 0.00624706 0.01079530
v 0.00542222 0.00763529 -0.00999908
v 0.00542222 0.00763529 0.00999908
v 0.00542222 0.00778512 -0.00985714
v 0.00542222 0.00868164 -0.00854286
v 0.00542222 0.00899344 -0.00722857
v 0.00542222 0.00900000 -0.00591429
v 0.00542222 0.00900000 -0.00460000
v 0.00542222 0.00900000 -0.00328571
v 0.00542222 0.00900000 -0.00197143
v 0.00542222 0.00900000 -0.00065714
v 0.00542222 0.00900000 0.00065714
v 0.00542222 0.00900000 0.00197143
v 0.00542222 0.00900000 0.00328571
v 0.00542222 0.00900000 0.00460000
v 0.00542222 0.00900000 0.00591429
v 0.00542222 0.00899344 0.00722857
v 0.00542222 0.00868164 0.00854286
v 0.00542222 0.00778512 0.00985714
v 0.00759111 -0.00778512 -0.00985714
v 0.00759111 -0.00763529 -0.00999908
v 0.00759111 -0.00868164 -0.00854286
v 0.00759111 -0.00899344 -0.00722857
v 0.00759111 -0.00900000 -0.00591429
v 0.00759111 -0.00900000 -0.00460000
v 0.00759111 -0.00900000 -0.00328571
v 0.00759111 -0.00900000 -0.00197143
v 0.00759111 -0.00900000 -0.00065714
v 0.00759111 -0.00900000 0.00065714
v 0.00759111 -0.00900000 0.00197143
v 0.00759111 -0.00900000 0.00328571
v 0.00759111 -0.00900000 0.00460000
v 0.00759111 -0.00900000 0.00591429
v 0.00759111 -0.00899344 0.00722857
v 0.00759111 -0.00868164 0.00854286
v 0.00759111 -0.00778512 0.00985714
v 0.00759111 -0.00763529 0.00999908
v 0.00759111 -0.00624706 -0.01079529
v 0.00759111 -0.00624706 0.01079530
v 0.00759111 -0.00485882 -0.01100000
v 0.00759111 -0.00485882 0.01100000
v 0.00759111 -0.00347059 -0.01100000
v 0.00759111 -0.00347059 0.01100000
v 0.00759111 -0.00208235 -0.01100000
v 0.00759111 -0.00208235 0.01100000
v 0.00759111 -0.00069412 -0.01100000
v 0.00759111 -0.00069412 0.01100000
v 0.00759111 0.00069412 -0.01100000
v 0.00759111 0.00069412 0.01100000
v 0.00759111 0.00208235 -0.01100000
v 0.00759111 0.00208235 0.01100000
v 0.00759111 0.00347059 -0.01100000
v 0.00759111 0.00347059 0.01100000
v 0.00759111 0.00485882 -0.01100000
v 0.00759111 0.00485882 0.01100000
v 0.00759111 0.00624706 -0.01079529
v 0.00759111 0.00624706 0.01079530
v 0.00759111 0.00763529 -0.00999908
v 0.00759111 0.00763529 0.00999908
v 0.00759111 0.00778512 -0.00985714
v 0.00759111 0.00868164 -0.00854286
v 0.00759111 0.00899344 -0.00722857
v 0.00759111 0.00900000 -0.00591429
v 0.00759111 0.00900000 -0.00460000
v 0.00759111 0.00900000 -0.00328571
v 0.00759111 0.00900000 -0.00197143
v 0.00759111 0.00900000 -0.00065714
v 0.00759111 0.00900000 0.00065714
v 0.00759111 0.00900000 0.00197143
v 0.00759111 0.00900000 0.00328571
v 0.00759111 0.00900000 0.00460000
v 0.00759111 0.00900000 0.00591429
v 0.00759111 0.00899344 0.00722857
v 0.00759111 0.00868164 0.00854286
v 0.00759111 0.00778512 0.00985714
v 0.00976000 -0.00778512 -0.00985714
v 0.00976000 -0.00763529 -0.00999908
v 0.00976000 -0.00868164 -0.00854286
v 0.00976000 -0.00899344 -0.00722857
v 0.00976000 -0.00900000 -0.00591429
v 0.00976000 -0.00900000 -0.00460000
v 0.00976000 -0.00900000 -0.00328571
v 0.00976000 -0.00900000 -0.00197143
v 0.00976000 -0.00900000 -0.00065714
v 0.00976000 -0.00900000 0.00065714
v 0.00976000 -0.00900000 0.00197143
v 0.00976000 -0.00900000 0.00328571
v 0.00976000 -0.00900000 0.00460000
v 0.00976000 -0.00900000 0.00591429
v 0.00976000 -0.00899344 0.00722857
v 0.00976000 -0.00868164 0.00854286
v 0.00976000 -0.00778512 0.00985714
v 0.00976000 -0.00763529 0.00999908
v 0.00976000 -0.00624706 -0.01079529
v 0.00976000 -0.00624706 0.01079530
v 0.00976000 -0.00485882 -0.01100000
v 0.00976000 -0.00485882 0.01100000
v 0.00976000 -0.00347059 -0.01100000
v 0.00976000 -0.00347059 0.01100000
v 0.00976000 -0.00208235 -0.01100000
v 0.00976000 -0.00208235 0.01100000
v 0.00976000 -0.00069412 -0.01100000
v 0.00976000 -0.00069412 0.01100000
v 0.00976000 0.00069412 -0.01100000
v 0.00976000 0.00069412 0.01100000
v 0.00976000 0.00208235 -0.01100000
v 0.00976000 0.00208235 0.01100000
v 0.00976000 0.00347059 -0.01100000
v 0.00976000 0.00347059 0.01100000
v 0.00976000 0.00485882 -0.01100000
v 0.00976000 0.00485882 0.01100000
v 0.00976000 0.00624706 -0.01079529
v 0.00976000 0.00624706 0.01079530
v 0.00976000 0.00763529 -0.00999908
v 0.00976000 0.00763529 0.00999908
v 0.00976000 0.00778512 -0.00985714
v 0.00976000 0.00868164 -0.00854286
v 0.00976000 0.00899344 -0.00722857
v 0.00976000 0.00900000 -0.00591429
v 0.00976000 0.00900000 -0.00460000
v 0.00976000 0.00900000 -0.00328571
v 0.00976000 0.00900000 -0.00197143
v 0.00976000 0.00900000 -0.00065714
v 0.00976000 0.00900000 0.00065714
v 0.00976000 0.00900000 0.00197143
v 0.00976000 0.00900000 0.00328571
v 0.00976000 0.00900000 0.00460000
v 0.00976000 0.00900000 0.00591429
v 0.00976000 0.00899344 0.00722857
v 0.00976000 0.00868164 0.00854286
v 0.00976000 0.00778512 0.00985714
v 0.01192889 -0.00778512 -0.00985714
v 0.01192889 -0.00763529 -0.00999908
v 0.01192889 -0.00868164 -0.00854286
v 0.01192889 -0.00899344 -0.00722857
v 0.01192889 -0.00900000 -0.00591429
v 0.01192889 -0.00900000 -0.00460000
v 0.01192889 -0.00900000 -0.00328571
v 0.01192889 -0.00900000 -0.00197143
v 0.01192889 -0.00900000 -0.00065714
v 0.01192889 -0.00900000 0.00065714
v 0.01192889 -0.00900000 0.00197143
v 0.01192889 -0.00900000 0.00328571
v 0.01192889 -0.00900000 0.00460000
v 0.01192889 -0.00900000 0.00591429
v 0.01192889 -0.00899344 0.00722857
v 0.01192889 -0.00868164 0.00854286
v 0.01192889 -0.00778512 0.00985714
v 0.01192889 -0.00763529 0.00999908
v 0.01192889 -0.00624706 -0.01079529
v 0.01192889 -0.00624706 0.01079530
v 0.01192889 -0.00485882 -0.01100000
v 0.01192889 -0.00485882 0.01100000
v 0.01192889 -0.00347059 -0.01100000
v 0.01192889 -0.00347059 0.01100000
v 0.01192889 -0.00208235 -0.01100000
v 0.01192889 -0.00208235 0.01100000
v 0.01192889 -0.00069412 -0.01100000
v 0.01192889 -0.00069412 0.01100000
v 0.01192889 0.00069412 -0.01100000
v 0.01192889 0.00069412 0.01100000
v 0.01192889 0.00208235 -0.01100000
v 0.01192889 0.00208235 0.01100000
v 0.01192889 0.00347059 -0.01100000
v 0.01192889 0.00347059 0.01100000
v 0.01192889 0.00485882 -0.01100000
v 0.01192889 0.00485882 0.01100000
v 0.01192889 0.00624706 -0.01079529
v 0.01192889 0.00624706 0.01079530
v 0.01192889 0.00763529 -0.00999908
v 0.01192889 0.00763529 0.00999908
v 0.01192889 0.00778512 -0.00985714
v 0.01192889 0.00868164 -0.00854286
v 0.01192889 0.00899344 -0.00722857
v 0.01192889 0.00900000 -0.00591429
v 0.01192889 0.00900000 -0.00460000
v 0.01192889 0.00900000 -0.00328571
v 0.01192889 0.00900000 -0.00197143
v 0.01192889 0.00900000 -0.00065714
v 0.01192889 0.00900000 0.00065714
v 0.01192889 0.00900000 0.00197143
v 0.01192889 0.00900000 0.00328571
v 0.01192889 0.00900000 0.00460000
v 0.01192889 0.00900000 0.00591429
v 0.01192889 0.00899344 0.00722857
v 0.01192889 0.00868164 0.00854286
v 0.01192889 0.00778512 0.00985714
v 0.01409778 -0.00778512 -0.00985714
v 0.01409778 -0.00763529 -0.00999908
v 0.01409778 -0.00868164 -0.00854286
v 0.01409778 -0.00899344 -0.00722857
v 0.01409778 -0.00900000 -0.00591429
v 0.01409778 -0.00900000 -0.00460000
v 0.01409778 -0.00900000 -0.00328571
v 0.01409778 -0.00900000 -0.00197143
v 0.01409778 -0.00900000 -0.00065714
v 0.01409778 -0.00900000 0.00065714
v 0.01409778 -0.00900000 0.00197143
v 0.01409778 -0.00900000 0.00328571
v 0.01409778 -0.00900000 0.00460000
v 0.01409778 -0.00900000 0.00591429
v 0.01409778 -0.00899344 0.00722857
v 0.01409778 -0.00868164 0.00854286
v 0.01409778 -0.00778512 0.00985714
v 0.01409778 -0.00763529 0.00999908
v 0.01409778 -0.00624706 -0.01079529
v 0.01409778 -0.00624706 0.01079530
v 0.01409778 -0.00485882 -0.01100000
v 0.01409778 -0.00485882 0.01100000
v 0.01409778 -0.00347059 -0.01100000
v 0.01409778 -0.00347059 0.01100000
v 0.01409778 -0.00208235 -0.01100000
v 0.01409778 -0.00208235 0.01100000
v 0.01409778 -0.00069412 -0.01100000
v 0.01409778 -0.00069412 0.01100000
v 0.01409778 0.00069412 -0.01100000
v 0.01409778 0.00069412 0.01100000
v 0.01409778 0.00208235 -0.01100000
v 0.01409778 0.00208235 0.01100000
v 0.01409778 0.00347059 -0.01100000
v 0.01409778 0.00347059 0.01100000
v 0.01409778 0.00485882 -0.01100000
v 0.01409778 0.00485882 0.01100000
v 0.01409778 0.00624706 -0.01079529
v 0.01409778 0.00624706 0.01079530
v 0.01409778 0.00763529 -0.00999908
v 0.01409778 0.00763529 0.00999908
v 0.01409778 0.00778512 -0.00985714
v 0.01409778 0.00868164 -0.00854286
v 0.01409778 0.00899344 -0.00722857
v 0.01409778 0.00900000 -0.00591429
v 0.01409778 0.00900000 -0.00460000
v 0.01409778 0.00900000 -0.00328571
v 0.01409778 0.00900000 -0.00197143
v 0.01409778 0.00900000 -0.00065714
v 0.01409778 0.00900000 0.00065714
v 0.01409778 0.00900000 0.00197143
v 0.01409778 0.00900000 0.00328571
v 0.01409778 0.00900000 0.00460000
v 0.01409778 0.00900000 0.00591429
v 0.01409778 0.00899344 0.00722857
v 0.01409778 0.00868164 0.00854286
v 0.01409778 0.00778512 0.00985714
v 0.01626667 -0.00778512 -0.00985714
v 0.01626667 -0.00763529 -0.00999908
v 0.01626667 -0.00868164 -0.00854286
v 0.01626667 -0.00899344 -0.00722857
v 0.01626667 -0.00900000 -0.00591429
v 0.01626667 -0.00900000 -0.00460000
v 0.01626667 -0.00900000 -0.00328571
v 0.01626667 -0.00900000 -0.00197143
v 0.01626667 -0.00900000 -0.00065714
v 0.01626667 -0.00900000 0.00065714
v 0.01626667 -0.00900000 0.00197143
v 0.01626667 -0.00900000 0.00328571
v 0.01626667 -0.00900000 0.00460000
v 0.01626667 -0.00900000 0.00591429
v 0.01626667 -0.00899344 0.00722857
v 0.01626667 -0.00868164 0.00854286
v 0.01626667 -0.00778512 0.00985714
v 0.01626667 -0.00763529 0.00999908
v 0.01626667 -0.00624706 -0.01079529
v 0.01626667 -0.00624706 0.01079530
v 0.01626667 -0.00485882 -0.01100000
v 0.01626667 -0.00485882 0.01100000
v 0.01626667 -0.00347059 -0.01100000
v 0.01626667 -0.00347059 0.01100000
v 0.01626667 -0.00208235 -0.01100000
v 0.01626667 -0.00208235 0.01100000
v 0.01626667 -0.00069412 -0.01100000
v 0.01626667 -0.00069412 0.01100000
v 0.01626667 0.00069412 -0.01100000
v 0.01626667 0.00069412 0.01100000
v 0.01626667 0.00208235 -0.01100000
v 0.01626667 0.00208235 0.01100000
v 0.01626667 0.00347059 -0.01100000
v 0.01626667 0.00347059 0.01100000
v 0.01626667 0.00485882 -0.01100000
v 0.01626667 0.00485882 0.01100000
v 0.01626667 0.00624706 -0.01079529
v 0.01626667 0.00624706 0.01079530
v 0.01626667 0.00763529 -0.00999908
v 0.01626667 0.00763529 0.00999908
v 0.01626667 0.00778512 -0.00985714
v 0.01626667 0.00868164 -0.00854286
v 0.01626667 0.00899344 -0.00722857
v 0.01626667 0.00900000 -0.00591429
v 0.01626667 0.00900000 -0.00460000
v 0.01626667 0.00900000 -0.00328571
v 0.01626667 0.00900000 -0.00197143
v 0.01626667 0.00900000 -0.00065714
v 0.01626667 0.00900000 0.00065714
v 0.01626667 0.00900000 0.00197143
v 0.01626667 0.00900000 0.00328571
v 0.01626667 0.00900000 0.00460000
v 0.01626667 0.00900000 0.00591429
v 0.01626667 0.00899344 0.00722857
v 0.01626667 0.00868164 0.00854286
v 0.01626667 0.00778512 0.00985714
v 0.01843556 -0.00778512 -0.00985714
v 0.01843556 -0.00763529 -0.00999908
v 0.01843556 -0.00868164 -0.00854286
v 0.01843556 -0.00899344 -0.00722857
v 0.01843556 -0.00900000 -0.00591429
v 0.01843556 -0.00900000 -0.00460000
v 0.01843556 -0.00900000 -0.00328571
v 0.01843556 -0.00900000 -0.00197143
v 0.01843556 -0.00900000 -0.00065714
v 0.01843556 -0.00900000 0.00065714
v 0.01843556 -0.00900000 0.00197143
v 0.01843556 -0.00900000 0.00328571
v 0.01843556 -0.00900000 0.00460000
v 0.01843556 -0.00900000 0.00591429
v 0.01843556 -0.00899344 0.00722857
v 0.01843556 -0.00868164 0.00854286
v 0.01843556 -0.00778512 0.00985714
v 0.01843556 -0.00763529 0.00999908
v 0.01843556 -0.00624706 -0.01079529
v 0.01843556 -0.00624706 0.01079530
v 0.01843556 -0.00485882 -0.01100000
v 0.01843556 -0.00485882 0.01100000
v 0.01843556 -0.00347059 -0.01100000
v 0.01843556 -0.00347059 0.01100000
v 0.01843556 -0.00208235 -0.01100000
v 0.01843556 -0.00208235 0.01100000
v 0.01843556 -0.00069412 -0.01100000
v 0.01843556 -0.00069412 0.01100000
v 0.01843556 0.00069412 -0.01100000
v 0.01843556 0.00069412 0.01100000
v 0.01843556 0.00208235 -0.01100000
v 0.01843556 0.00208235 0.01100000
v 0.01843556 0.00347059 -0.01100000
v 0.01843556 0.00347059 0.01100000
v 0.01843556 0.00485882 -0.01100000
v 0.01843556 0.00485882 0.01100000
v 0.01843556 0.00624706 -0.01079529
v 0.01843556 0.00624706 0.01079530
v 0.01843556 0.00763529 -0.00999908
v 0.01843556 0.00763529 0.00999908
v 0.01843556 0.00778512 -0.00985714
v 0.01843556 0.00868164 -0.00854286
v 0.01843556 0.00899344 -0.00722857
v 0.01843556 0.00900000 -0.00591429
v 0.01843556 0.00900000 -0.00460000
v 0.01843556 0.00900000 -0.00328571
v 0.01843556 0.00900000 -0.00197143
v 0.01843556 0.00900000 -0.00065714
v 0.01843556 0.00900000 0.00065714
v 0.01843556 0.00900000 0.00197143
v 0.01843556 0.00900000 0.00328571
v 0.01843556 0.00900000 0.00460000
v 0.01843556 0.00900000 0.00591429
v 0.01843556 0.00899344 0.00722857
v 0.01843556 0.00868164 0.00854286
v 0.01843556 0.00778512 0.00985714
v 0.02060444 -0.00778512 -0.00985714
v 0.02060444 -0.00763529 -0.00999908
v 0.02060444 -0.00868164 -0.00854286
v 0.02060444 -0.00899344 -0.00722857
v 0.02060444 -0.00900000 -0.00591429
v 0.02060444 -0.00900000 -0.00460000
v 0.02060444 -0.00900000 -0.00328571
v 0.02060444 -0.00900000 -0.00197143
v 0.02060444 -0.00900000 -0.00065714
v 0.02060444 -0.00900000 0.00065714
v 0.02060444 -0.00900000 0.00197143
v 0.02060444 -0.00900000 0.00328571
v 0.02060444 -0.00900000 0.00460000
v 0.02060444 -0.00900000 0.00591429
v 0.02060444 -0.00899344 0.00722857
v 0.02060444 -0.00868164 0.00854286
v 0.02060444 -0.00778512 0.00985714
v 0.02060444 -0.00763529 0.00999908
v 0.02060444 -0.00624706 -0.01079529
v 0.02060444 -0.00624706 0.01079530
v 0.02060444 -0.00485882 -0.01100000
v 0.02060444 -0.00485882 0.01100000
v 0.02060444 -0.00347059 -0.01100000
v 0.02060444 -0.00347059 0.01100000
v 0.02060444 -0.00208235 -0.01100000
v 0.02060444 -0.00208235 0.01100000
v 0.02060444 -0.00069412 -0.01100000
v 0.02060444 -0.00069412 0.01100000
v 0.02060444 0.00069412 -0.01100000
v 0.02060444 0.00069412 0.01100000
v 0.02060444 0.00208235 -0.01100000
v 0.02060444 0.00208235 0.01100000
v 0.02060444 0.00347059 -0.01100000
v 0.02060444 0.00347059 0.01100000
v 0.02060444 0.00485882 -0.01100000
v 0.02060444 0.00485882 0.01100000
v 0.02060444 0.00624706 -0.01079529
v 0.02060444 0.00624706 0.01079530
v 0.02060444 0.00763529 -0.00999908
v 0.02060444 0.00763529 0.00999908
v 0.02060444 0.00778512 -0.00985714
v 0.02060444 0.00868164 -0.00854286
v 0.02060444 0.00899344 -0.00722857
v 0.02060444 0.00900000 -0.00591429
v 0.02060444 0.00900000 -0.00460000
v 0.02060444 0.00900000 -0.00328571
v 0.02060444 0.00900000 -0.00197143
v 0.02060444 0.00900000 -0.00065714
v 0.02060444 0.00900000 0.00065714
v 0.02060444 0.00900000 0.00197143
v 0.02060444 0.00900000 0.00328571
v 0.02060444 0.00900000 0.00460000
v 0.02060444 0.00900000 0.00591429
v 0.02060444 0.00899344 0.00722857
v 0.02060444 0.00868164 0.00854286
v 0.02060444 0.00778512 0.00985714
v 0.02277333 -0.00778512 -0.00985714
v 0.02277333 -0.00763529 -0.00999908
v 0.02277333 -0.00868164 -0.00854286
v 0.02277333 -0.00899344 -0.00722857
v 0.02277333 -0.00900000 -0.00591429
v 0.02277333 -0.00900000 -0.00460000
v 0.02277333 -0.00900000 -0.00328571
v 0.02277333 -0.00900000 -0.00197143
v 0.02277333 -0.00900000 -0.00065714
v 0.02277333 -0.00900000 0.00065714
v 0.02277333 -0.00900000 0.00197143
v 0.02277333 -0.00900000 0.00328571
v 0.02277333 -0.00900000 0.00460000
v 0.02277333 -0.00900000 0.00591429
v 0.02277333 -0.00899344 0.00722857
v 0.02277333 -0.00868164 0.00854286
v 0.02277333 -0.00778512 0.00985714
v 0.02277333 -0.00763529 0.00999908
v 0.02277333 -0.00624706 -0.01079529
v 0.02277333 -0.00624706 0.01079530
v 0.02277333 -0.00485882 -0.01100000
v 0.02277333 -0.00485882 0.01100000
v 0.02277333 -0.00347059 -0.01100000
v 0.02277333 -0.00347059 0.01100000
v 0.02277333 -0.00208235 -0.01100000
v 0.02277333 -0.00208235 0.01100000
v 0.02277333 -0.00069412 -0.01100000
v 0.02277333 -0.00069412 0.01100000
v 0.02277333 0.00069412 -0.01100000
v 0.02277333 0.00069412 0.01100000
v 0.02277333 0.00208235 -0.01100000
v 0.02277333 0.00208235 0.01100000
v 0.02277333 0.00347059 -0.01100000
v 0.02277333 0.00347059 0.01100000
v 0.02277333 0.00485882 -0.01100000
v 0.02277333 0.00485882 0.01100000
v 0.02277333 0.00624706 -0.01079529
v 0.02277333 0.00624706 0.01079530
v 0.02277333 0.00763529 -0.00999908
v 0.02277333 0.00763529 0.00999908
v 0.02277333 0.00778512 -0.00985714
v 0.02277333 0.00868164 -0.00854286
v 0.02277333 0.00899344 -0.00722857
v 0.02277333 0.00900000 -0.00591429
v 0.02277333 0.00900000 -0.00460000
v 0.02277333 0.00900000 -0.00328571
v 0.02277333 0.00900000 -0.00197143
v 0.02277333 0.00900000 -0.00065714
v 0.02277333 0.00900000 0.00065714
v 0.02277333 0.00900000 0.00197143
v 0.02277333 0.00900000 0.00328571
v 0.02277333 0.00900000 0.00460000
v 0.02277333 0.00900000 0.00591429
v 0.02277333 0.00899344 0.00722857
v 0.02277333 0.00868164 0.00854286
v 0.02277333 0.00778512 0.00985714
v 0.02494222 -0.00778512 -0.00985714
v 0.02494222 -0.00763529 -0.00999908
v 0.02494222 -0.00868164 -0.00854286
v 0.02494222 -0.00899344 -0.00722857
v 0.02494222 -0.00900000 -0.00591429
v 0.02494222 -0.00900000 -0.00460000
v 0.02494222 -0.00900000 -0.00328571
v 0.02494222 -0.00900000 -0.00197143
v 0.02494222 -0.00900000 -0.00065714
v 0.02494222 -0.00900000 0.00065714
v 0.02494222 -0.00900000 0.00197143
v 0.02494222 -0.00900000 0.00328571
v 0.02494222 -0.00900000 0.00460000
v 0.02494222 -0.00900000 0.00591429
v 0.02494222 -0.00899344 0.00722857
v 0.02494222 -0.00868164 0.00854286
v 0.02494222 -0.00778512 0.00985714
v 0.02494222 -0.00763529 0.00999908
v 0.02494222 -0.00624706 -0.01079529
v 0.02494222 -0.00624706 0.01079530
v 0.02494222 -0.00485882 -0.01100000
v 0.02494222 -0.00485882 0.01100000
v 0.02494222 -0.00347059 -0.01100000
v 0.02494222 -0.00347059 0.01100000
v 0.02494222 -0.00208235 -0.01100000
v 0.02494222 -0.00208235 0.01100000
v 0.02494222 -0.00069412 -0.01100000
v 0.02494222 -0.00069412 0.01100000
v 0.02494222 0.00069412 -0.01100000
v 0.02494222 0.00069412 0.01100000
v 0.02494222 0.00208235 -0.01100000
v 0.02494222 0.00208235 0.01100000
v 0.02494222 0.00347059 -0.01100000
v 0.02494222 0.00347059 0.01100000
v 0.02494222 0.00485882 -0.01100000
v 0.02494222 0.00485882 0.01100000
v 0.02494222 0.00624706 -0.01079529
v 0.02494222 0.00624706 0.01079530
v 0.02494222 0.00763529 -0.00999908
v 0.02494222 0.00763529 0.00999908
v 0.02494222 0.00778512 -0.00985714
v 0.02494222 0.00868164 -0.00854286
v 0.02494222 0.00899344 -0.00722857
v 0.02494222 0.00900000 -0.00591429
v 0.02494222 0.00900000 -0.00460000
v 0.02494222 0.00900000 -0.00328571
v 0.02494222 0.00900000 -0.00197143
v 0.02494222 0.00900000 -0.00065714
v 0.02494222 0.00900000 0.00065714
v 0.02494222 0.00900000 0.00197143
v 0.02494222 0.00900000 0.00328571
v 0.02494222 0.00900000 0.00460000
v 0.02494222 0.00900000 0.00591429
v 0.02494222 0.00899344 0.00722857
v 0.02494222 0.00868164 0.00854286
v 0.02494222 0.00778512 0.00985714
v 0.02711111 -0.00778512 -0.00985714
v 0.02711111 -0.00763529 -0.00999908
v 0.02711111 -0.00868164 -0.00854286
v 0.02711111 -0.00899344 -0.00722857
v 0.02711111 -0.00900000 -0.00591429
v 0.02711111 -0.00900000 -0.00460000
v 0.02711111 -0.00900000 -0.00328571
v 0.02711111 -0.00900000 -0.00197143
v 0.02711111 -0.00900000 -0.00065714
v 0.02711111 -0.00900000 0.00065714
v 0.02711111 -0.00900000 0.00197143
v 0.02711111 -0.00900000 0.00328571
v 0.02711111 -0.00900000 0.00460000
v 0.02711111 -0.00900000 0.00591429
v 0.02711111 -0.00899344 0.00722857
v 0.02711111 -0.00868164 0.00854286
v 0.02711111 -0.00778512 0.00985714
v 0.02711111 -0.00763529 0.00999908
v 0.02711111 -0.00624706 -0.01079529
v 0.02711111 -0.00624706 0.01079530
v 0.02711111 -0.00485882 -0.01100000
v 0.02711111 -0.00485882 0.01100000
v 0.02711111 -0.00347059 -0.01100000
v 0.02711111 -0.00347059 0.01100000
v 0.02711111 -0.00208235 -0.01100000
v 0.02711111 -0.00208235 0.01100000
v 0.02711111 -0.00069412 -0.01100000
v 0.02711111 -0.00069412 0.01100000
v 0.02711111 0.00069412 -0.01100000
v 0.02711111 0.00069412 0.01100000
v 0.02711111 0.00208235 -0.01100000
v 0.02711111 0.00208235 0.01100000
v 0.02711111 0.00347059 -0.01100000
v 0.02711111 0.00347059 0.01100000
v 0.02711111 0.00485882 -0.01100000
v 0.02711111 0.00485882 0.01100000
v 0.02711111 0.00624706 -0.01079529
v 0.02711111 0.00624706 0.01079530
v 0.02711111 0.00763529 -0.00999908
v 0.02711111 0.00763529 0.00999908
v 0.02711111 0.00778512 -0.00985714
v 0.02711111 0.00868164 -0.00854286
v 0.02711111 0.00899344 -0.00722857
v 0.02711111 0.00900000 -0.00591429
v 0.02711111 0.00900000 -0.00460000
v 0.02711111 0.00900000 -0.00328571
v 0.02711111 0.00900000 -0.00197143
v 0.02711111 0.00900000 -0.00065714
v 0.02711111 0.00900000 0.00065714
v 0.02711111 0.00900000 0.00197143
v 0.02711111 0.00900000 0.00328571
v 0.02711111 0.00900000 0.00460000
v 0.02711111 0.00900000 0.00591429
v 0.02711111 0.00899344 0.00722857
v 0.02711111 0.00868164 0.00854286
v 0.02711111 0.00778512 0.00985714
v 0.02928000 -0.00778512 -0.00985714
v 0.02928000 -0.00763529 -0.00999908
v 0.02928000 -0.00868164 -0.00854286
v 0.02928000 -0.00899344 -0.00722857
v 0.02928000 -0.00900000 -0.00591429
v 0.02928000 -0.00900000 -0.00460000
v 0.02928000 -0.00900000 -0.00328571
v 0.02928000 -0.00900000 -0.00197143
v 0.02928000 -0.00900000 -0.00065714
v 0.02928000 -0.00900000 0.00065714
v 0.02928000 -0.00900000 0.00197143
v 0.02928000 -0.00900000 0.00328571
v 0.02928000 -0.00900000 0.00460000
v 0.02928000 -0.00900000 0.00591429
v 0.02928000 -0.00899344 0.00722857
v 0.02928000 -0.00868164 0.00854286
v 0.02928000 -0.00778512 0.00985714
v 0.02928000 -0.00763529 0.00999908
v 0.02928000 -0.00624706 -0.01079529
v 0.02928000 -0.00624706 0.01079530
v 0.02928000 -0.00485882 -0.01100000
v 0.02928000 -0.00485882 0.01100000
v 0.02928000 -0.00347059 -0.01100000
v 0.02928000 -0.00347059 0.01100000
v 0.02928000 -0.00208235 -0.01100000
v 0.02928000 -0.00208235 0.01100000
v 0.02928000 -0.00069412 -0.01100000
v 0.02928000 -0.00069412 0.01100000
v 0.02928000 0.00069412 -0.01100000
v 0.02928000 0.00069412 0.01100000
v 0.02928000 0.00208235 -0.01100000
v 0.02928000 0.00208235 0.01100000
v 0.02928000 0.00347059 -0.01100000
v 0.02928000 0.00347059 0.01100000
v 0.02928000 0.00485882 -0.01100000
v 0.02928000 0.00485882 0.01100000
v 0.02928000 0.00624706 -0.01079529
v 0.02928000 0.00624706 0.01079530
v 0.02928000 0.00763529 -0.00999908
v 0.02928000 0.00763529 0.00999908
v 0.02928000 0.00778512 -0.00985714
v 0.02928000 0.00868164 -0.00854286
v 0.02928000 0.00899344 -0.00722857
v 0.02928000 0.00900000 -0.00591429
v 0.02928000 0.00900000 -0.00460000
v 0.02928000 0.00900000 -0.00328571
v 0.02928000 0.00900000 -0.00197143
v 0.02928000 0.00900000 -0.00065714
v 0.02928000 0.00900000 0.00065714
v 0.02928000 0.00900000 0.00197143
v 0.02928000 0.00900000 0.00328571
v 0.02928000 0.00900000 0.00460000
v 0.02928000 0.00900000 0.00591429
v 0.02928000 0.00899344 0.00722857
v 0.02928000 0.00868164 0.00854286
v 0.02928000 0.00778512 0.00985714
v 0.03144889 -0.00778512 -0.00985714
v 0.03144889 -0.00763529 -0.00999908
v 0.03144889 -0.00868164 -0.00854286
v 0.03144889 -0.00899344 -0.00722857
v 0.03144889 -0.00900000 -0.00591429
v 0.03144889 -0.00900000 -0.00460000
v 0.03144889 -0.00900000 -0.00328571
v 0.03144889 -0.00900000 -0.00197143
v 0.03144889 -0.00900000 -0.00065714
v 0.03144889 -0.00900000 0.00065714
v 0.03144889 -0.00900000 0.00197143
v 0.03144889 -0.00900000 0.00328571
v 0.03144889 -0.00900000 0.00460000
v 0.03144889 -0.00900000 0.00591429
v 0.03144889 -0.00899344 0.00722857
v 0.03144889 -0.00868164 0.00854286
v 0.03144889 -0.00778512 0.00985714
v 0.03144889 -0.00763529 0.00999908
v 0.03144889 -0.00624706 -0.01079529
v 0.03144889 -0.00624706 0.01079530
v 0.03144889 -0.00485882 -0.01100000
v 0.03144889 -0.00485882 0.01100000
v 0.03144889 -0.00347059 -0.01100000
v 0.03144889 -0.00347059 0.01100000
v 0.03144889 -0.00208235 -0.01100000
v 0.03144889 -0.00208235 0.01100000
v 0.03144889 -0.00069412 -0.01100000
v 0.03144889 -0.00069412 0.01100000
v 0.03144889 0.00069412 -0.01100000
v 0.03144889 0.00069412 0.01100000
v 0.03144889 0.00208235 -0.01100000
v 0.03144889 0.00208235 0.01100000
v 0.03144889 0.00347059 -0.01100000
v 0.03144889 0.00347059 0.01100000
v 0.03144889 0.00485882 -0.01100000
v 0.03144889 0.00485882 0.01100000
v 0.03144889 0.00624706 -0.01079529
v 0.03144889 0.00624706 0.01079530
v 0.03144889 0.00763529 -0.00999908
v 0.03144889 0.00763529 0.00999908
v 0.03144889 0.00778512 -0.00985714
v 0.03144889 0.00868164 -0.00854286
v 0.03144889 0.00899344 -0.00722857
v 0.03144889 0.00900000 -0.00591429
v 0.03144889 0.00900000 -0.00460000
v 0.03144889 0.00900000 -0.00328571
v 0.03144889 0.00900000 -0.00197143
v 0.03144889 0.00900000 -0.00065714
v 0.03144889 0.00900000 0.00065714
v 0.03144889 0.00900000 0.00197143
v 0.03144889 0.00900000 0.00328571
v 0.03144889 0.00900000 0.00460000
v 0.03144889 0.00900000 0.00591429
v 0.03144889 0.00899344 0.00722857
v 0.03144889 0.00868164 0.00854286
v 0.03144889 0.00778512 0.00985714
v 0.03361778 -0.00778512 -0.00985714
v 0.03361778 -0.00763529 -0.00999908
v 0.03361778 -0.00868164 -0.00854286
v 0.03361778 -0.00899344 -0.00722857
v 0.03361778 -0.00900000 -0.00591429
v 0.03361778 -0.00900000 -0.00460000
v 0.03361778 -0.00900000 -0.00328571
v 0.03361778 -0.00900000 -0.00197143
v 0.03361778 -0.00900000 -0.00065714
v 0.03361778 -0.00900000 0.00065714
v 0.03361778 -0.00900000 0.00197143
v 0.03361778 -0.00900000 0.00328571
v 0.03361778 -0.00900000 0.00460000
v 0.03361778 -0.00900000 0.00591429
v 0.03361778 -0.00899344 0.00722857
v 0.03361778 -0.00868164 0.00854286
v 0.03361778 -0.00778512 0.00985714
v 0.03361778 -0.00763529 0.00999908
v 0.03361778 -0.00624706 -0.01079529
v 0.03361778 -0.00624706 0.01079530
v 0.03361778 -0.00485882 -0.01100000
v 0.03361778 -0.00485882 0.01100000
v 0.03361778 -0.00347059 -0.01100000
v 0.03361778 -0.00347059 0.01100000
v 0.03361778 -0.00208235 -0.01100000
v 0.03361778 -0.00208235 0.01100000
v 0.03361778 -0.00069412 -0.01100000
v 0.03361778 -0.00069412 0.01100000
v 0.03361778 0.00069412 -0.01100000
v 0.03361778 0.00069412 0.01100000
v 0.03361778 0.00208235 -0.01100000
v 0.03361778 0.00208235 0.01100000
v 0.03361778 0.00347059 -0.01100000
v 0.03361778 0.00347059 0.01100000
v 0.03361778 0.00485882 -0.01100000
v 0.03361778 0.00485882 0.01100000
v 0.03361778 0.00624706 -0.01079529
v 0.03361778 0.00624706 0.01079530
v 0.03361778 0.00763529 -0.00999908
v 0.03361778 0.00763529 0.00999908
v 0.03361778 0.00778512 -0.00985714
v 0.03361778 0.00868164 -0.00854286
v 0.03361778 0.00899344 -0.00722857
v 0.03361778 0.00900000 -0.00591429
v 0.03361778 0.00900000 -0.00460000
v 0.03361778 0.00900000 -0.00328571
v 0.03361778 0.00900000 -0.00197143
v 0.03361778 0.00900000 -0.00065714
v 0.03361778 0.00900000 0.00065714
v 0.03361778 0.00900000 0.00197143
v 0.03361778 0.00900000 0.00328571
v 0.03361778 0.00900000 0.00460000
v 0.03361778 0.00900000 0.00591429
v 0.03361778 0.00899344 0.00722857
v 0.03361778 0.00868164 0.00854286
v 0.03361778 0.00778512 0.00985714
v 0.03578667 -0.00778512 -0.00985714
v 0.03578667 -0.00763529 -0.00999908
v 0.03578667 -0.00868164 -0.00854286
v 0.03578667 -0.00899344 -0.00722857
v 0.03578667 -0.00900000 -0.00591429
v 0.03578667 -0.00900000 -0.00460000
v 0.03578667 -0.00900000 -0.00328571
v 0.03578667 -0.00900000 -0.00197143
v 0.03578667 -0.00900000 -0.00065714
v 0.03578667 -0.00900000 0.00065714
v 0.03578667 -0.00900000 0.00197143
v 0.03578667 -0.00900000 0.00328571
v 0.03578667 -0.00900000 0.00460000
v 0.03578667 -0.00900000 0.00591429
v 0.03578667 -0.00899344 0.00722857
v 0.03578667 -0.00868164 0.00854286
v 0.03578667 -0.00778512 0.00985714
v 0.03578667 -0.00763529 0.00999908
v 0.03578667 -0.00624706 -0.01079529
v 0.03578667 -0.00624706 0.01079530
v 0.03578667 -0.00485882 -0.01100000
v 0.03578667 -0.00485882 0.01100000
v 0.03578667 -0.00347059 -0.01100000
v 0.03578667 -0.00347059 0.01100000
v 0.03578667 -0.00208235 -0.01100000
v 0.03578667 -0.00208235 0.01100000
v 0.03578667 -0.00069412 -0.01100000
v 0.03578667 -0.00069412 0.01100000
v 0.03578667 0.00069412 -0.01100000
v 0.03578667 0.00069412 0.01100000
v 0.03578667 0.00208235 -0.01100000
v 0.03578667 0.00208235 0.01100000
v 0.03578667 0.00347059 -0.01100000
v 0.03578667 0.00347059 0.01100000
v 0.03578667 0.00485882 -0.01100000
v 0.03578667 0.00485882 0.01100000
v 0.03578667 0.00624706 -0.01079529
v 0.03578667 0.00624706 0.01079530
v 0.03578667 0.00763529 -0.00999908
v 0.03578667 0.00763529 0.00999908
v 0.03578667 0.00778512 -0.00985714
v 0.03578667 0.00868164 -0.00854286
v 0.03578667 0.00899344 -0.00722857
v 0.03578667 0.00900000 -0.00591429
v 0.03578667 0.00900000 -0.00460000
v 0.03578667 0.00900000 -0.00328571
v 0.03578667 0.00900000 -0.00197143
v 0.03578667 0.00900000 -0.00065714
v 0.03578667 0.00900000 0.00065714
v 0.03578667 0.00900000 0.00197143
v 0.03578667 0.00900000 0.00328571
v 0.03578667 0.00900000 0.00460000
v 0.03578667 0.00900000 0.00591429
v 0.03578667 0.00899344 0.00722857
v 0.03578667 0.00868164 0.00854286
v 0.03578667 0.00778512 0.00985714
v 0.03795556 -0.00778512 -0.00985714
v 0.03795556 -0.00763529 -0.00999908
v 0.03795556 -0.00868164 -0.00854286
v 0.03795556 -0.00899344 -0.00722857
v 0.03795556 -0.00900000 -0.00591429
v 0.03795556 -0.00900000 -0.00460000
v 0.03795556 -0.00900000 -0.00328571
v 0.03795556 -0.00900000 -0.00197143
v 0.03795556 -0.00900000 -0.00065714
v 0.03795556 -0.00900000 0.00065714
v 0.03795556 -0.00900000 0.00197143
v 0.03795556 -0.00900000 0.00328571
v 0.03795556 -0.00900000 0.00460000
v 0.03795556 -0.00900000 0.00591429
v 0.03795556 -0.00899344 0.00722857
v 0.03795556 -0.00868164 0.00854286
v 0.03795556 -0.00778512 0.00985714
v 0.03795556 -0.00763529 0.00999908
v 0.03795556 -0.00624706 -0.01079529
v 0.03795556 -0.00624706 0.01079530
v 0.03795556 -0.00485882 -0.01100000
v 0.03795556 -0.00485882 0.01100000
v 0.03795556 -0.00347059 -0.01100000
v 0.03795556 -0.00347059 0.01100000
v 0.03795556 -0.00208235 -0.01100000
v 0.03795556 -0.00208235 0.01100000
v 0.03795556 -0.00069412 -0.01100000
v 0.03795556 -0.00069412 0.01100000
v 0.03795556 0.00069412 -0.01100000
v 0.03795556 0.00069412 0.01100000
v 0.03795556 0.00208235 -0.01100000
v 0.03795556 0.00208235 0.01100000
v 0.03795556 0.00347059 -0.01100000
v 0.03795556 0.00347059 0.01100000
v 0.03795556 0.00485882 -0.01100000
v 0.03795556 0.00485882 0.01100000
v 0.03795556 0.00624706 -0.01079529
v 0.03795556 0.00624706 0.01079530
v 0.03795556 0.00763529 -0.00999908
v 0.03795556 0.00763529 0.00999908
v 0.03795556 0.00778512 -0.00985714
v 0.03795556 0.00868164 -0.00854286
v 0.03795556 0.00899344 -0.00722857
v 0.03795556 0.00900000 -0.00591429
v 0.03795556 0.00900000 -0.00460000
v 0.03795556 0.00900000 -0.00328571
v 0.03795556 0.00900000 -0.00197143
v 0.03795556 0.00900000 -0.00065714
v 0.03795556 0.00900000 0.00065714
v 0.03795556 0.00900000 0.00197143
v 0.03795556 0.00900000 0.00328571
v 0.03795556 0.00900000 0.00460000
v 0.03795556 0.00900000 0.00591429
v 0.03795556 0.00899344 0.00722857
v 0.03795556 0.00868164 0.00854286
v 0.03795556 0.00778512 0.00985714
v 0.04012444 -0.00778512 -0.00985714
v 0.04012444 -0.00763529 -0.00999908
v 0.04012444 -0.00868164 -0.00854286
v 0.04012444 -0.00899344 -0.00722857
v 0.04012444 -0.00900000 -0.00591429
v 0.04012444 -0.00900000 -0.00460000
v 0.04012444 -0.00900000 -0.00328571
v 0.04012444 -0.00900000 -0.00197143
v 0.04012444 -0.00900000 -0.00065714
v 0.04012444 -0.00900000 0.00065714
v 0.04012444 -0.00900000 0.00197143
v 0.04012444 -0.00900000 0.00328571
v 0.04012444 -0.00900000 0.00460000
v 0.04012444 -0.00900000 0.00591429
v 0.04012444 -0.00899344 0.00722857
v 0.04012444 -0.00868164 0.00854286
v 0.04012444 -0.00778512 0.00985714
v 0.04012444 -0.00763529 0.00999908
v 0.04012444 -0.00624706 -0.01079529
v 0.04012444 -0.00624706 0.01079530
v 0.04012444 -0.00485882 -0.01100000
v 0.04012444 -0.00485882 0.01100000
v 0.04012444 -0.00347059 -0.01100000
v 0.04012444 -0.00347059 0.01100000
v 0.04012444 -0.00208235 -0.01100000
v 0.04012444 -0.00208235 0.01100000
v 0.04012444 -0.00069412 -0.01100000
v 0.04012444 -0.00069412 0.01100000
v 0.04012444 0.00069412 -0.01100000
v 0.04012444 0.00069412 0.01100000
v 0.04012444 0.00208235 -0.01100000
v 0.04012444 0.00208235 0.01100000
v 0.04012444 0.00347059 -0.01100000
v 0.04012444 0.00347059 0.01100000
v 0.04012444 0.00485882 -0.01100000
v 0.04012444 0.00485882 0.01100000
v 0.04012444 0.00624706 -0.01079529
v 0.04012444 0.00624706 0.01079530
v 0.04012444 0.00763529 -0.00999908
v 0.04012444 0.00763529 0.00999908
v 0.04012444 0.00778512 -0.00985714
v 0.04012444 0.00868164 -0.00854286
v 0.04012444 0.00899344 -0.00722857
v 0.04012444 0.00900000 -0.00591429
v 0.04012444 0.00900000 -0.00460000
v 0.04012444 0.00900000 -0.00328571
v 0.04012444 0.00900000 -0.00197143
v 0.04012444 0.00900000 -0.00065714
v 0.04012444 0.00900000 0.00065714
v 0.04012444 0.00900000 0.00197143
v 0.04012444 0.00900000 0.00328571
v 0.04012444 0.00900000 0.00460000
v 0.04012444 0.00900000 0.00591429
v 0.04012444 0.00899344 0.00722857
v 0.04012444 0.00868164 0.00854286
v 0.04012444 0.00778512 0.00985714
v 0.04229333 -0.00777078 -0.00985714
v 0.04229333 -0.00763529 -0.00998549
v 0.04229333 -0.00866946 -0.00854286
v 0.04229333 -0.00898259 -0.00722857
v 0.04229333 -0.00898918 -0.00591429
v 0.04229333 -0.00898918 -0.00460000
v 0.04229333 -0.00898918 -0.00328571
v 0.04229333 -0.00898918 -0.00197143
v 0.04229333 -0.00898918 -0.00065714
v 0.04229333 -0.00898918 0.00065714
v 0.04229333 -0.00898918 0.00197143
v 0.04229333 -0.00898918 0.00328571
v 0.04229333 -0.00898918 0.00460000
v 0.04229333 -0.00898918 0.00591429
v 0.04229333 -0.00898259 0.00722857
v 0.04229333 -0.00866946 0.00854286
v 0.04229333 -0.00777078 0.00985714
v 0.04229333 -0.00763529 0.00998549
v 0.04229333 -0.00624706 -0.01078358
v 0.04229333 -0.00624706 0.01078358
v 0.04229333 -0.00485882 -0.01098904
v 0.04229333 -0.00485882 0.01098904
v 0.04229333 -0.00347059 -0.01098904
v 0.04229333 -0.00347059 0.01098904
v 0.04229333 -0.00208235 -0.01098904
v 0.04229333 -0.00208235 0.01098904
v 0.04229333 -0.00069412 -0.01098904
v 0.04229333 -0.00069412 0.01098904
v 0.04229333 0.00069412 -0.01098904
v 0.04229333 0.00069412 0.01098904
v 0.04229333 0.00208235 -0.01098904
v 0.04229333 0.00208235 0.01098904
v 0.04229333 0.00347059 -0.01098904
v 0.04229333 0.00347059 0.01098904
v 0.04229333 0.00485882 -0.01098904
v 0.04229333 0.00485882 0.01098904
v 0.04229333 0.00624706 -0.01078358
v 0.04229333 0.00624706 0.01078358
v 0.04229333 0.00763529 -0.00998549
v 0.04229333 0.00763529 0.00998549
v 0.04229333 0.00777078 -0.00985714
v 0.04229333 0.00866946 -0.00854286
v 0.04229333 0.00898259 -0.00722857
v 0.04229333 0.00898918 -0.00591429
v 0.04229333 0.00898918 -0.00460000
v 0.04229333 0.00898918 -0.00328571
v 0.04229333 0.00898918 -0.00197143
v 0.04229333 0.00898918 -0.00065714
v 0.04229333 0.00898918 0.00065714
v 0.04229333 0.00898918 0.00197143
v 0.04229333 0.00898918 0.00328571
v 0.04229333 0.00898918 0.00460000
v 0.04229333 0.00898918 0.00591429
v 0.04229333 0.00898259 0.00722857
v 0.04229333 0.00866946 0.00854286
v 0.04229333 0.00777078 0.00985714
v 0.04260806 -0.00763529 -0.00985714
v 0.04446222 -0.00763529 -0.00869257
v 0.04446222 -0.00773842 -0.00854286
v 0.04446222 -0.00811879 -0.00722857
v 0.04446222 -0.00812710 -0.00591429
v 0.04446222 -0.00812710 -0.00460000
v 0.04446222 -0.00812710 -0.00328571
v 0.04446222 -0.00812710 -0.00197143
v 0.04446222 -0.00812710 -0.00065714
v 0.04446222 -0.00812710 0.00065714
v 0.04446222 -0.00812710 0.00197143
v 0.04446222 -0.00812710 0.00328571
v 0.04446222 -0.00812710 0.00460000
v 0.04446222 -0.00812710 0.00591429
v 0.04446222 -0.00811879 0.00722857
v 0.04446222 -0.00773842 0.00854286
v 0.04260806 -0.00763529 0.00985714
v 0.04446222 -0.00763529 0.00869257
v 0.04446222 -0.00630773 -0.00985714
v 0.04446222 -0.00624706 -0.00989222
v 0.04446222 -0.00630773 0.00985714
v 0.04446222 -0.00624706 0.00989222
v 0.04446222 -0.00485882 -0.01013698
v 0.04446222 -0.00485882 0.01013698
v 0.04446222 -0.00347059 -0.01013698
v 0.04446222 -0.00347059 0.01013698
v 0.04446222 -0.00208235 -0.01013698
v 0.04446222 -0.00208235 0.01013698
v 0.04446222 -0.00069412 -0.01013698
v 0.04446222 -0.00069412 0.01013698
v 0.04446222 0.00069412 -0.01013698
v 0.04446222 0.00069412 0.01013698
v 0.04446222 0.00208235 -0.01013698
v 0.04446222 0.00208235 0.01013698
v 0.04446222 0.00347059 -0.01013698
v 0.04446222 0.00347059 0.01013698
v 0.04446222 0.00485882 -0.01013698
v 0.04446222 0.00485882 0.01013698
v 0.04446222 0.00624706 -0.00989222
v 0.04446222 0.00624706 0.00989222
v 0.04446222 0.00630773 -0.00985714
v 0.04260806 0.00763529 -0.00985714
v 0.04446222 0.00763529 -0.00869257
v 0.04260806 0.00763529 0.00985714
v 0.04446222 0.00763529 0.00869257
v 0.04446222 0.00630773 0.00985714
v 0.04446222 0.00773842 -0.00854286
v 0.04446222 0.00811879 -0.00722857
v 0.04446222 0.00812710 -0.00591429
v 0.04446222 0.00812710 -0.00460000
v 0.04446222 0.00812710 -0.00328571
v 0.04446222 0.00812710 -0.00197143
v 0.04446222 0.00812710 -0.00065714
v 0.04446222 0.00812710 0.00065714
v 0.04446222 0.00812710 0.00197143
v 0.04446222 0.00812710 0.00328571
v 0.04446222 0.00812710 0.00460000
v 0.04446222 0.00812710 0.00591429
v 0.04446222 0.00811879 0.00722857
v 0.04446222 0.00773842 0.00854286
v 0.04456539 -0.00763529 -0.00854286
v 0.04494935 -0.00763529 -0.00722857
v 0.04495781 -0.00763529 -0.00591429
v 0.04495781 -0.00763529 -0.00460000
v 0.04495781 -0.00763529 -0.00328571
v 0.04495781 -0.00763529 -0.00197143
v 0.04495781 -0.00763529 -0.00065714
v 0.04495781 -0.00763529 0.00065714
v 0.04495781 -0.00763529 0.00197143
v 0.04495781 -0.00763529 0.00328571
v 0.04495781 -0.00763529 0.00460000
v 0.04495781 -0.00763529 0.00591429
v 0.04494935 -0.00763529 0.00722857
v 0.04456539 -0.00763529 0.00854286
v 0.04449923 -0.00624706 -0.00985714
v 0.04543100 -0.00624706 -0.00854286
v 0.04577562 -0.00624706 -0.00722857
v 0.04578310 -0.00624706 -0.00591429
v 0.04578310 -0.00624706 -0.00460000
v 0.04578310 -0.00624706 -0.00328571
v 0.04578310 -0.00624706 -0.00197143
v 0.04578310 -0.00624706 -0.00065714
v 0.04578310 -0.00624706 0.00065714
v 0.04578310 -0.00624706 0.00197143
v 0.04578310 -0.00624706 0.00328571
v 0.04578310 -0.00624706 0.00460000
v 0.04578310 -0.00624706 0.00591429
v 0.04577562 -0.00624706 0.00722857
v 0.04543100 -0.00624706 0.00854286
v 0.04449923 -0.00624706 0.00985714
v 0.04475874 -0.00485882 -0.00985714
v 0.04566357 -0.00485882 -0.00854286
v 0.04599291 -0.00485882 -0.00722857
v 0.04600000 -0.00485882 -0.00591429
v 0.04600000 -0.00485882 -0.00460000
v 0.04600000 -0.00485882 -0.00328571
v 0.04600000 -0.00485882 -0.00197143
v 0.04600000 -0.00485882 -0.00065714
v 0.04600000 -0.00485882 0.00065714
v 0.04600000 -0.00485882 0.00197143
v 0.04600000 -0.00485882 0.00328571
v 0.04600000 -0.00485882 0.00460000
v 0.04600000 -0.00485882 0.00591429
v 0.04599291 -0.00485882 0.00722857
v 0.04566357 -0.00485882 0.00854286
v 0.04475874 -0.00485882 0.00985714
v 0.04475874 -0.00347059 -0.00985714
v 0.04566357 -0.00347059 -0.00854286
v 0.04599291 -0.00347059 -0.00722857
v 0.04600000 -0.00347059 -0.00591429
v 0.04600000 -0.00347059 -0.00460000
v 0.04600000 -0.00347059 -0.00328571
v 0.04600000 -0.00347059 -0.00197143
v 0.04600000 -0.00347059 -0.00065714
v 0.04600000 -0.00347059 0.00065714
v 0.04600000 -0.00347059 0.00197143
v 0.04600000 -0.00347059 0.00328571
v 0.04600000 -0.00347059 0.00460000
v 0.04600000 -0.00347059 0.00591429
v 0.04599291 -0.00347059 0.00722857
v 0.04566357 -0.00347059 0.00854286
v 0.04475874 -0.00347059 0.00985714
v 0.04475874 -0.00208235 -0.00985714
v 0.04566357 -0.00208235 -0.00854286
v 0.04599291 -0.00208235 -0.00722857
v 0.04600000 -0.00208235 -0.00591429
v 0.04600000 -0.00208235 -0.00460000
v 0.04600000 -0.00208235 -0.00328571
v 0.04600000 -0.00208235 -0.00197143
v 0.04600000 -0.00208235 -0.00065714
v 0.04600000 -0.00208235 0.00065714
v 0.04600000 -0.00208235 0.00197143
v 0.04600000 -0.00208235 0.00328571
v 0.04600000 -0.00208235 0.00460000
v 0.04600000 -0.00208235 0.00591429
v 0.04599291 -0.00208235 0.00722857
v 0.04566357 -0.00208235 0.00854286
v 0.04475874 -0.00208235 0.00985714
v 0.04475874 -0.00069412 -0.00985714
v 0.04566357 -0.00069412 -0.00854286
v 0.04599291 -0.00069412 -0.00722857
v 0.04600000 -0.00069412 -0.00591429
v 0.04600000 -0.00069412 -0.00460000
v 0.04600000 -0.00069412 -0.00328571
v 0.04600000 -0.00069412 -0.00197143
v 0.04600000 -0.00069412 -0.00065714
v 0.04600000 -0.00069412 0.00065714
v 0.04600000 -0.00069412 0.00197143
v 0.04600000 -0.00069412 0.00328571
v 0.04600000 -0.00069412 0.00460000
v 0.04600000 -0.00069412 0.00591429
v 0.04599291 -0.00069412 0.00722857
v 0.04566357 -0.00069412 0.00854286
v 0.04475874 -0.00069412 0.00985714
v 0.04475874 0.00069412 -0.00985714
v 0.04566357 0.00069412 -0.00854286
v 0.04599291 0.00069412 -0.00722857
v 0.04600000 0.00069412 -0.00591429
v 0.04600000 0.00069412 -0.00460000
v 0.04600000 0.00069412 -0.00328571
v 0.04600000 0.00069412 -0.00197143
v 0.04600000 0.00069412 -0.00065714
v 0.04600000 0.00069412 0.00065714
v 0.04600000 0.00069412 0.00197143
v 0.04600000 0.00069412 0.00328571
v 0.04600000 0.00069412 0.00460000
v 0.04600000 0.00069412 0.00591429
v 0.04599291 0.00069412 0.00722857
v 0.04566357 0.00069412 0.00854286
v 0.04475874 0.00069412 0.00985714
v 0.04475874 0.00208235 -0.00985714
v 0.04566357 0.00208235 -0.00854286
v 0.04599291 0.00208235 -0.00722857
v 0.04600000 0.00208235 -0.00591429
v 0.04600000 0.00208235 -0.00460000
v 0.04600000 0.00208235 -0.00328571
v 0.04600000 0.00208235 -0.00197143
v 0.04600000 0.00208235 -0.00065714
v 0.04600000 0.00208235 0.00065714
v 0.04600000 0.00208235 0.00197143
v 0.04600000 0.00208235 0.00328571
v 0.04600000 0.00208235 0.00460000
v 0.04600000 0.00208235 0.00591429
v 0.04599291 0.00208235 0.00722857
v 0.04566357 0.00208235 0.00854286
v 0.04475874 0.00208235 0.00985714
v 0.04475874 0.00347059 -0.00985714
v 0.04566357 0.00347059 -0.00854286
v 0.04599291 0.00347059 -0.00722857
v 0.04600000 0.00347059 -0.00591429
v 0.04600000 0.00347059 -0.00460000
v 0.04600000 0.00347059 -0.00328571
v 0.04600000 0.00347059 -0.00197143
v 0.04600000 0.00347059 -0.00065714
v 0.04600000 0.00347059 0.00065714
v 0.04600000 0.00347059 0.00197143
v 0.04600000 0.00347059 0.00328571
v 0.04600000 0.00347059 0.00460000
v 0.04600000 0.00347059 0.00591429
v 0.04599291 0.00347059 0.00722857
v 0.04566357 0.00347059 0.00854286
v 0.04475874 0.00347059 0.00985714
v 0.04475874 0.00485882 -0.00985714
v 0.04566357 0.00485882 -0.00854286
v 0.04599291 0.00485882 -0.00722857
v 0.04600000 0.00485882 -0.00591429
v 0.04600000 0.00485882 -0.00460000
v 0.04600000 0.00485882 -0.00328571
v 0.04600000 0.00485882 -0.00197143
v 0.04600000 0.00485882 -0.00065714
v 0.04600000 0.00485882 0.00065714
v 0.04600000 0.00485882 0.00197143
v 0.04600000 0.00485882 0.00328571
v 0.04600000 0.00485882 0.00460000
v 0.04600000 0.00485882 0.00591429
v 0.04599291 0.00485882 0.00722857
v 0.04566357 0.00485882 0.00854286
v 0.04475874 0.00485882 0.00985714
v 0.04449923 0.00624706 -0.00985714
v 0.04543100 0.00624706 -0.00854286
v 0.04577562 0.00624706 -0.00722857
v 0.04578310 0.00624706 -0.00591429
v 0.04578310 0.00624706 -0.00460000
v 0.04578310 0.00624706 -0.00328571
v 0.04578310 0.00624706 -0.00197143
v 0.04578310 0.00624706 -0.00065714
v 0.04578310 0.00624706 0.00065714
v 0.04578310 0.00624706 0.00197143
v 0.04578310 0.00624706 0.00328571
v 0.04578310 0.00624706 0.00460000
v 0.04578310 0.00624706 0.00591429
v 0.04577562 0.00624706 0.00722857
v 0.04543100 0.00624706 0.00854286
v 0.04449923 0.00624706 0.00985714
v 0.04456539 0.00763529 -0.00854286
v 0.04494935 0.00763529 -0.00722857
v 0.04495781 0.00763529 -0.00591429
v 0.04495781 0.00763529 -0.00460000
v 0.04495781 0.00763529 -0.00328571
v 0.04495781 0.00763529 -0.00197143
v 0.04495781 0.00763529 -0.00065714
v 0.04495781 0.00763529 0.00065714
v 0.04495781 0.00763529 0.00197143
v 0.04495781 0.00763529 0.00328571
v 0.04495781 0.00763529 0.00460000
v 0.04495781 0.00763529 0.00591429
v 0.04494935 0.00763529 0.00722857
v 0.04456539 0.00763529 0.00854286
f 3 2 1
f 5 4 1
f 5 1 2
f 7 6 4
f 7 4 5
f 9 8 6
f 9 6 7
f 11 10 8
f 11 8 9
f 13 12 10
f 13 10 11
f 15 14 12
f 15 12 13
f 17 16 14
f 17 14 15
f 19 18 16
f 19 16 17
f 21 20 18
f 21 18 19
f 23 22 20
f 23 20 21
f 25 24 22
f 25 22 23
f 27 26 24
f 27 24 25
f 29 28 26
f 29 26 27
f 30 28 29
f 33 32 31
f 31 32 3
f 1 31 3
f 34 31 1
f 35 1 4
f 34 1 35
f 36 4 6
f 35 4 36
f 37 6 8
f 36 6 37
f 38 8 10
f 37 8 38
f 39 10 12
f 38 10 39
f 40 12 14
f 39 12 40
f 41 14 16
f 40 14 41
f 42 16 18
f 41 16 42
f 43 18 20
f 42 18 43
f 44 20 22
f 43 20 44
f 45 22 24
f 44 22 45
f 46 24 26
f 45 24 46
f 47 26 28
f 46 26 47
f 28 30 48
f 49 28 48
f 47 28 49
f 50 49 48
f 33 31 51
f 33 51 52
f 53 31 34
f 51 31 53
f 54 34 35
f 53 34 54
f 55 35 36
f 54 35 55
f 56 36 37
f 55 36 56
f 57 37 38
f 56 37 57
f 58 38 39
f 57 38 58
f 59 39 40
f 58 39 59
f 60 40 41
f 59 40 60
f 61 41 42
f 60 41 61
f 62 42 43
f 61 42 62
f 63 43 44
f 62 43 63
f 64 44 45
f 63 44 64
f 65 45 46
f 64 45 65
f 66 46 47
f 65 46 66
f 67 47 49
f 66 47 67
f 49 50 68
f 49 68 67
f 52 51 69
f 52 69 70
f 71 51 53
f 69 51 71
f 72 53 54
f 71 53 72
f 73 54 55
f 72 54 73
f 74 55 56
f 73 55 74
f 75 56 57
f 74 56 75
f 76 57 58
f 75 57 76
f 77 58 59
f 76 58 77
f 78 59 60
f 77 59 78
f 79 60 61
f 78 60 79
f 80 61 62
f 79 61 80
f 81 62 63
f 80 62 81
f 82 63 64
f 81 63 82
f 83 64 65
f 82 64 83
f 84 65 66
f 83 65 84
f 85 66 67
f 84 66 85
f 67 68 86
f 67 86 85
f 70 69 87
f 70 87 88
f 89 69 71
f 87 69 89
f 90 71 72
f 89 71 90
f 91 72 73
f 90 72 91
f 92 73 74
f 91 73 92
f 93 74 75
f 92 74 93
f 94 75 76
f 93 75 94
f 95 76 77
f 94 76 95
f 96 77 78
f 95 77 96
f 97 78 79
f 96 78 97
f 98 79 80
f 97 79 98
f 99 80 81
f 98 80 99
f 100 81 82
f 99 81 100
f 101 82 83
f 100 82 101
f 102 83 84
f 101 83 102
f 103 84 85
f 102 84 103
f 85 86 104
f 85 104 103
f 88 87 105
f 88 105 106
f 107 87 89
f 105 87 107
f 108 89 90
f 107 89 108
f 109 90 91
f 108 90 109
f 110 91 92
f 109 91 110
f 111 92 93
f 110 92 111
f 112 93 94
f 111 93 112
f 113 94 95
f 112 94 113
f 114 95 96
f 113 95 114
f 115 96 97
f 114 96 115
f 116 97 98
f 115 97 116
f 117 98 99
f 116 98 117
f 118 99 100
f 117 99 118
f 119 100 101
f 118 100 119
f 120 101 102
f 119 101 120
f 121 102 103
f 120 102 121
f 103 104 122
f 103 122 121
f 106 105 123
f 106 123 124
f 125 105 107
f 123 105 125
f 126 107 108
f 125 107 126
f 127 108 109
f 126 108 127
f 128 109 110
f 127 109 128
f 129 110 111
f 128 110 129
f 130 111 112
f 129 111 130
f 131 112 113
f 130 112 131
f 132 113 114
f 131 113 132
f 133 114 115
f 132 114 133
f 134 115 116
f 133 115 134
f 135 116 117
f 134 116 135
f 136 117 118
f 135 117 136
f 137 118 119
f 136 118 137
f 138 119 120
f 137 119 138
f 139 120 121
f 138 120 139
f 121 122 140
f 121 140 139
f 124 123 141
f 124 141 142
f 143 123 125
f 141 123 143
f 144 125 126
f 143 125 144
f 145 126 127
f 144 126 145
f 146 127 128
f 145 127 146
f 147 128 129
f 146 128 147
f 148 129 130
f 147 129 148
f 149 130 131
f 148 130 149
f 150 131 132
f 149 131 150
f 151 132 133
f 150 132 151
f 152 133 134
f 151 133 152
f 153 134 135
f 152 134 153
f 154 135 136
f 153 135 154
f 155 136 137
f 154 136 155
f 156 137 138
f 155 137 156
f 157 138 139
f 156 138 157
f 139 140 158
f 139 158 157
f 142 141 159
f 142 159 160
f 161 141 143
f 159 141 161
f 162 143 144
f 161 143 162
f 163 144 145
f 162 144 163
f 164 145 146
f 163 145 164
f 165 146 147
f 164 146 165
f 166 147 148
f 165 147 166
f 167 148 149
f 166 148 167
f 168 149 150
f 167 149 168
f 169 150 151
f 168 150 169
f 170 151 152
f 169 151 170
f 171 152 153
f 170 152 171
f 172 153 154
f 171 153 172
f 173 154 155
f 172 154 173
f 174 155 156
f 173 155 174
f 175 156 157
f 174 156 175
f 157 158 176
f 157 176 175
f 160 159 177
f 160 177 178
f 179 159 161
f 177 159 179
f 180 161 162
f 179 161 180
f 181 162 163
f 180 162 181
f 182 163 164
f 181 163 182
f 183 164 165
f 182 164 183
f 184 165 166
f 183 165 184
f 185 166 167
f 184 166 185
f 186 167 168
f 185 167 186
f 187 168 169
f 186 168 187
f 188 169 170
f 187 169 188
f 189 170 171
f 188 170 189
f 190 171 172
f 189 171 190
f 191 172 173
f 190 172 191
f 192 173 174
f 191 173 192
f 193 174 175
f 192 174 193
f 175 176 194
f 175 194 193
f 178 177 195
f 178 195 196
f 197 177 179
f 195 177 197
f 198 179 180
f 197 179 198
f 199 180 181
f 198 180 199
f 200 181 182
f 199 181 200
f 201 182 183
f 200 182 201
f 202 183 184
f 201 183 202
f 203 184 185
f 202 184 203
f 204 185 186
f 203 185 204
f 205 186 187
f 204 186 205
f 206 187 188
f 205 187 206
f 207 188 189
f 206 188 207
f 208 189 190
f 207 189 208
f 209 190 191
f 208 190 209
f 210 191 192
f 209 191 210
f 211 192 193
f 210 192 211
f 193 194 212
f 193 212 211
f 213 196 195
f 215 214 213
f 195 215 213
f 197 215 195
f 216 197 198
f 215 197 216
f 217 198 199
f 216 198 217
f 218 199 200
f 217 199 218
f 219 200 201
f 218 200 219
f 220 201 202
f 219 201 220
f 221 202 203
f 220 202 221
f 222 203 204
f 221 203 222
f 223 204 205
f 222 204 223
f 224 205 206
f 223 205 224
f 225 206 207
f 224 206 225
f 226 207 208
f 225 207 226
f 227 208 209
f 226 208 227
f 228 209 210
f 227 209 228
f 211 230 229
f 228 211 229
f 210 211 228
f 230 211 212
f 231 214 215
f 231 215 216
f 231 216 232
f 232 216 217
f 232 217 233
f 233 217 218
f 233 218 234
f 234 218 219
f 234 219 235
f 235 219 220
f 235 220 236
f 236 220 221
f 236 221 237
f 237 221 222
f 237 222 238
f 238 222 223
f 238 223 239
f 239 223 224
f 239 224 240
f 240 224 225
f 240 225 241
f 241 225 226
f 241 226 242
f 242 226 227
f 242 227 243
f 243 227 228
f 243 228 244
f 244 228 229
f 247 246 245
f 2 3 245
f 246 2 245
f 248 2 246
f 2 249 5
f 248 249 2
f 5 250 7
f 249 250 5
f 7 251 9
f 250 251 7
f 9 252 11
f 251 252 9
f 11 253 13
f 252 253 11
f 13 254 15
f 253 254 13
f 15 255 17
f 254 255 15
f 17 256 19
f 255 256 17
f 19 257 21
f 256 257 19
f 21 258 23
f 257 258 21
f 23 259 25
f 258 259 23
f 25 260 27
f 259 260 25
f 27 261 29
f 260 261 27
f 263 262 30
f 29 263 30
f 261 263 29
f 264 262 263
f 247 245 32
f 33 247 32
f 265 247 33
f 32 245 3
f 262 48 30
f 50 48 262
f 264 50 262
f 266 50 264
f 52 265 33
f 52 267 265
f 266 68 50
f 268 68 266
f 70 267 52
f 70 269 267
f 268 86 68
f 270 86 268
f 88 269 70
f 88 271 269
f 270 104 86
f 272 104 270
f 106 271 88
f 106 273 271
f 272 122 104
f 274 122 272
f 124 273 106
f 124 275 273
f 274 140 122
f 276 140 274
f 142 275 124
f 142 277 275
f 276 158 140
f 278 158 276
f 160 277 142
f 160 279 277
f 278 176 158
f 280 176 278
f 178 279 160
f 178 281 279
f 280 194 176
f 282 194 280
f 196 281 178
f 196 283 281
f 282 212 194
f 284 212 282
f 196 213 285
f 286 196 285
f 283 196 286
f 214 285 213
f 287 229 230
f 288 287 230
f 212 288 230
f 284 288 212
f 289 286 285
f 289 285 214
f 231 289 214
f 290 289 231
f 291 231 232
f 291 290 231
f 292 232 233
f 292 291 232
f 293 233 234
f 293 292 233
f 294 234 235
f 294 293 234
f 295 235 236
f 295 294 235
f 296 236 237
f 296 295 236
f 297 237 238
f 297 296 237
f 298 238 239
f 298 297 238
f 299 239 240
f 299 298 239
f 300 240 241
f 300 299 240
f 301 241 242
f 301 300 241
f 302 242 243
f 302 301 242
f 303 243 244
f 303 302 243
f 244 229 287
f 304 244 287
f 303 244 304
f 304 287 288
f 306 305 246
f 306 246 247
f 246 307 248
f 305 307 246
f 248 308 249
f 307 308 248
f 249 309 250
f 308 309 249
f 250 310 251
f 309 310 250
f 251 311 252
f 310 311 251
f 252 312 253
f 311 312 252
f 253 313 254
f 312 313 253
f 254 314 255
f 313 314 254
f 255 315 256
f 314 315 255
f 256 316 257
f 315 316 256
f 257 317 258
f 316 317 257
f 258 318 259
f 317 318 258
f 259 319 260
f 318 319 259
f 260 320 261
f 319 320 260
f 261 321 263
f 320 321 261
f 264 263 321
f 264 321 322
f 265 306 247
f 265 323 306
f 322 266 264
f 324 266 322
f 267 323 265
f 267 325 323
f 324 268 266
f 326 268 324
f 269 325 267
f 269 327 325
f 326 270 268
f 328 270 326
f 271 327 269
f 271 329 327
f 328 272 270
f 330 272 328
f 273 329 271
f 273 331 329
f 330 274 272
f 332 274 330
f 275 331 273
f 275 333 331
f 332 276 274
f 334 276 332
f 277 333 275
f 277 335 333
f 334 278 276
f 336 278 334
f 279 335 277
f 279 337 335
f 336 280 278
f 338 280 336
f 281 337 279
f 281 339 337
f 338 282 280
f 340 282 338
f 283 339 281
f 283 341 339
f 340 284 282
f 342 284 340
f 286 341 283
f 286 343 341
f 342 288 284
f 344 288 342
f 345 343 286
f 345 286 289
f 346 289 290
f 346 345 289
f 347 290 291
f 347 346 290
f 348 291 292
f 348 347 291
f 349 292 293
f 349 348 292
f 350 293 294
f 350 349 293
f 351 294 295
f 351 350 294
f 352 295 296
f 352 351 295
f 353 296 297
f 353 352 296
f 354 297 298
f 354 353 297
f 355 298 299
f 355 354 298
f 356 299 300
f 356 355 299
f 357 300 301
f 357 356 300
f 358 301 302
f 358 357 301
f 359 302 303
f 359 358 302
f 360 303 304
f 360 359 303
f 304 288 344
f 304 344 360
f 362 361 305
f 362 305 306
f 305 363 307
f 361 363 305
f 307 364 308
f 363 364 307
f 308 365 309
f 364 365 308
f 309 366 310
f 365 366 309
f 310 367 311
f 366 367 310
f 311 368 312
f 367 368 311
f 312 369 313
f 368 369 312
f 313 370 314
f 369 370 313
f 314 371 315
f 370 371 314
f 315 372 316
f 371 372 315
f 316 373 317
f 372 373 316
f 317 374 318
f 373 374 317
f 318 375 319
f 374 375 318
f 319 376 320
f 375 376 319
f 320 377 321
f 376 377 320
f 322 321 377
f 322 377 378
f 323 362 306
f 323 379 362
f 378 324 322
f 380 324 378
f 325 379 323
f 325 381 379
f 380 326 324
f 382 326 380
f 327 381 325
f 327 383 381
f 382 328 326
f 384 328 382
f 329 383 327
f 329 385 383
f 384 330 328
f 386 330 384
f 331 385 329
f 331 387 385
f 386 332 330
f 388 332 386
f 333 387 331
f 333 389 387
f 388 334 332
f 390 334 388
f 335 389 333
f 335 391 389
f 390 336 334
f 392 336 390
f 337 391 335
f 337 393 391
f 392 338 336
f 394 338 392
f 339 393 337
f 339 395 393
f 394 340 338
f 396 340 394
f 341 395 339
f 341 397 395
f 396 342 340
f 398 342 396
f 343 397 341
f 343 399 397
f 398 344 342
f 400 344 398
f 401 399 343
f 401 343 345
f 402 345 346
f 402 401 345
f 403 346 347
f 403 402 346
f 404 347 348
f 404 403 347
f 405 348 349
f 405 404 348
f 406 349 350
f 406 405 349
f 407 350 351
f 407 406 350
f 408 351 352
f 408 407 351
f 409 352 353
f 409 408 352
f 410 353 354
f 410 409 353
f 411 354 355
f 411 410 354
f 412 355 356
f 412 411 355
f 413 356 357
f 413 412 356
f 414 357 358
f 414 413 357
f 415 358 359
f 415 414 358
f 416 359 360
f 416 415 359
f 360 344 400
f 360 400 416
f 418 417 361
f 418 361 362
f 361 419 363
f 417 419 361
f 363 420 364
f 419 420 363
f 364 421 365
f 420 421 364
f 365 422 366
f 421 422 365
f 366 423 367
f 422 423 366
f 367 424 368
f 423 424 367
f 368 425 369
f 424 425 368
f 369 426 370
f 425 426 369
f 370 427 371
f 426 427 370
f 371 428 372
f 427 428 371
f 372 429 373
f 428 429 372
f 373 430 374
f 429 430 373
f 374 431 375
f 430 431 374
f 375 432 376
f 431 432 375
f 376 433 377
f 432 433 376
f 378 377 433
f 378 433 434
f 379 418 362
f 379 435 418
f 434 380 378
f 436 380 434
f 381 435 379
f 381 437 435
f 436 382 380
f 438 382 436
f 383 437 381
f 383 439 437
f 438 384 382
f 440 384 438
f 385 439 383
f 385 441 439
f 440 386 384
f 442 386 440
f 387 441 385
f 387 443 441
f 442 388 386
f 444 388 442
f 389 443 387
f 389 445 443
f 444 390 388
f 446 390 444
f 391 445 389
f 391 447 445
f 446 392 390
f 448 392 446
f 393 447 391
f 393 449 447
f 448 394 392
f 450 394 448
f 395 449 393
f 395 451 449
f 450 396 394
f 452 396 450
f 397 451 395
f 397 453 451
f 452 398 396
f 454 398 452
f 399 453 397
f 399 455 453
f 454 400 398
f 456 400 454
f 457 455 399
f 457 399 401
f 458 401 402
f 458 457 401
f 459 402 403
f 459 458 402
f 460 403 404
f 460 459 403
f 461 404 405
f 461 460 404
f 462 405 406
f 462 461 405
f 463 406 407
f 463 462 406
f 464 407 408
f 464 463 407
f 465 408 409
f 465 464 408
f 466 409 410
f 466 465 409
f 467 410 411
f 467 466 410
f 468 411 412
f 468 467 411
f 469 412 413
f 469 468 412
f 470 413 414
f 470 469 413
f 471 414 415
f 471 470 414
f 472 415 416
f 472 471 415
f 416 400 456
f 416 456 472
f 474 473 417
f 474 417 418
f 417 475 419
f 473 475 417
f 419 476 420
f 475 476 419
f 420 477 421
f 476 477 420
f 421 478 422
f 477 478 421
f 422 479 423
f 478 479 422
f 423 480 424
f 479 480 423
f 424 481 425
f 480 481 424
f 425 482 426
f 481 482 425
f 426 483 427
f 482 483 426
f 427 484 428
f 483 484 427
f 428 485 429
f 484 485 428
f 429 486 430
f 485 486 429
f 430 487 431
f 486 487 430
f 431 488 432
f 487 488 431
f 432 489 433
f 488 489 432
f 434 433 489
f 434 489 490
f 435 474 418
f 435 491 474
f 490 436 434
f 492 436 490
f 437 491 435
f 437 493 491
f 492 438 436
f 494 438 492
f 439 493 437
f 439 495 493
f 494 440 438
f 496 440 494
f 441 495 439
f 441 497 495
f 496 442 440
f 498 442 496
f 443 497 441
f 443 499 497
f 498 444 442
f 500 444 498
f 445 499 443
f 445 501 499
f 500 446 444
f 502 446 500
f 447 501 445
f 447 503 501
f 502 448 446
f 504 448 502
f 449 503 447
f 449 505 503
f 504 450 448
f 506 450 504
f 451 505 449
f 451 507 505
f 506 452 450
f 508 452 506
f 453 507 451
f 453 509 507
f 508 454 452
f 510 454 508
f 455 509 453
f 455 511 509
f 510 456 454
f 512 456 510
f 513 511 455
f 513 455 457
f 514 457 458
f 514 513 457
f 515 458 459
f 515 514 458
f 516 459 460
f 516 515 459
f 517 460 461
f 517 516 460
f 518 461 462
f 518 517 461
f 519 462 463
f 519 518 462
f 520 463 464
f 520 519 463
f 521 464 465
f 521 520 464
f 522 465 466
f 522 521 465
f 523 466 467
f 523 522 466
f 524 467 468
f 524 523 467
f 525 468 469
f 525 524 468
f 526 469 470
f 526 525 469
f 527 470 471
f 527 526 470
f 528 471 472
f 528 527 471
f 472 456 512
f 472 512 528
f 530 529 473
f 530 473 474
f 473 531 475
f 529 531 473
f 475 532 476
f 531 532 475
f 476 533 477
f 532 533 476
f 477 534 478
f 533 534 477
f 478 535 479
f 534 535 478
f 479 536 480
f 535 536 479
f 480 537 481
f 536 537 480
f 481 538 482
f 537 538 481
f 482 539 483
f 538 539 482
f 483 540 484
f 539 540 483
f 484 541 485
f 540 541 484
f 485 542 486
f 541 542 485
f 486 543 487
f 542 543 486
f 487 544 488
f 543 544 487
f 488 545 489
f 544 545 488
f 490 489 545
f 490 545 546
f 491 530 474
f 491 547 530
f 546 492 490
f 548 492 546
f 493 547 491
f 493 549 547
f 548 494 492
f 550 494 548
f 495 549 493
f 495 551 549
f 550 496 494
f 552 496 550
f 497 551 495
f 497 553 551
f 552 498 496
f 554 498 552
f 499 553 497
f 499 555 553
f 554 500 498
f 556 500 554
f 501 555 499
f 501 557 555
f 556 502 500
f 558 502 556
f 503 557 501
f 503 559 557
f 558 504 502
f 560 504 558
f 505 559 503
f 505 561 559
f 560 506 504
f 562 506 560
f 507 561 505
f 507 563 561
f 562 508 506
f 564 508 562
f 509 563 507
f 509 565 563
f 564 510 508
f 566 510 564
f 511 565 509
f 511 567 565
f 566 512 510
f 568 512 566
f 569 567 511
f 569 511 513
f 570 513 514
f 570 569 513
f 571 514 515
f 571 570 514
f 572 515 516
f 572 571 515
f 573 516 517
f 573 572 516
f 574 517 518
f 574 573 517
f 575 518 519
f 575 574 518
f 576 519 520
f 576 575 519
f 577 520 521
f 577 576 520
f 578 521 522
f 578 577 521
f 579 522 523
f 579 578 522
f 580 523 524
f 580 579 523
f 581 524 525
f 581 580 524
f 582 525 526
f 582 581 525
f 583 526 527
f 583 582 526
f 584 527 528
f 584 583 527
f 528 512 568
f 528 568 584
f 586 585 529
f 586 529 530
f 529 587 531
f 585 587 529
f 531 588 532
f 587 588 531
f 532 589 533
f 588 589 532
f 533 590 534
f 589 590 533
f 534 591 535
f 590 591 534
f 535 592 536
f 591 592 535
f 536 593 537
f 592 593 536
f 537 594 538
f 593 594 537
f 538 595 539
f 594 595 538
f 539 596 540
f 595 596 539
f 540 597 541
f 596 597 540
f 541 598 542
f 597 598 541
f 542 599 543
f 598 599 542
f 543 600 544
f 599 600 543
f 544 601 545
f 600 601 544
f 546 545 601
f 546 601 602
f 547 586 530
f 547 603 586
f 602 548 546
f 604 548 602
f 549 603 547
f 549 605 603
f 604 550 548
f 606 550 604
f 551 605 549
f 551 607 605
f 606 552 550
f 608 552 606
f 553 607 551
f 553 609 607
f 608 554 552
f 610 554 608
f 555 609 553
f 555 611 609
f 610 556 554
f 612 556 610
f 557 611 555
f 557 613 611
f 612 558 556
f 614 558 612
f 559 613 557
f 559 615 613
f 614 560 558
f 616 560 614
f 561 615 559
f 561 617 615
f 616 562 560
f 618 562 616
f 563 617 561
f 563 619 617
f 618 564 562
f 620 564 618
f 565 619 563
f 565 621 619
f 620 566 564
f 622 566 620
f 567 621 565
f 567 623 621
f 622 568 566
f 624 568 622
f 625 623 567
f 625 567 569
f 626 569 570
f 626 625 569
f 627 570 571
f 627 626 570
f 628 571 572
f 628 627 571
f 629 572 573
f 629 628 572
f 630 573 574
f 630 629 573
f 631 574 575
f 631 630 574
f 632 575 576
f 632 631 575
f 633 576 577
f 633 632 576
f 634 577 578
f 634 633 577
f 635 578 579
f 635 634 578
f 636 579 580
f 636 635 579
f 637 580 581
f 637 636 580
f 638 581 582
f 638 637 581
f 639 582 583
f 639 638 582
f 640 583 584
f 640 639 583
f 584 568 624
f 584 624 640
f 642 641 585
f 642 585 586
f 585 643 587
f 641 643 585
f 587 644 588
f 643 644 587
f 588 645 589
f 644 645 588
f 589 646 590
f 645 646 589
f 590 647 591
f 646 647 590
f 591 648 592
f 647 648 591
f 592 649 593
f 648 649 592
f 593 650 594
f 649 650 593
f 594 651 595
f 650 651 594
f 595 652 596
f 651 652 595
f 596 653 597
f 652 653 596
f 597 654 598
f 653 654 597
f 598 655 599
f 654 655 598
f 599 656 600
f 655 656 599
f 600 657 601
f 656 657 600
f 602 601 657
f 602 657 658
f 603 642 586
f 603 659 642
f 658 604 602
f 660 604 658
f 605 659 603
f 605 661 659
f 660 606 604
f 662 606 660
f 607 661 605
f 607 663 661
f 662 608 606
f 664 608 662
f 609 663 607
f 609 665 663
f 664 610 608
f 666 610 664
f 611 665 609
f 611 667 665
f 666 612 610
f 668 612 666
f 613 667 611
f 613 669 667
f 668 614 612
f 670 614 668
f 615 669 613
f 615 671 669
f 670 616 614
f 672 616 670
f 617 671 615
f 617 673 671
f 672 618 616
f 674 618 672
f 619 673 617
f 619 675 673
f 674 620 618
f 676 620 674
f 621 675 619
f 621 677 675
f 676 622 620
f 678 622 676
f 623 677 621
f 623 679 677
f 678 624 622
f 680 624 678
f 681 679 623
f 681 623 625
f 682 625 626
f 682 681 625
f 683 626 627
f 683 682 626
f 684 627 628
f 684 683 627
f 685 628 629
f 685 684 628
f 686 629 630
f 686 685 629
f 687 630 631
f 687 686 630
f 688 631 632
f 688 687 631
f 689 632 633
f 689 688 632
f 690 633 634
f 690 689 633
f 691 634 635
f 691 690 634
f 692 635 636
f 692 691 635
f 693 636 637
f 693 692 636
f 694 637 638
f 694 693 637
f 695 638 639
f 695 694 638
f 696 639 640
f 696 695 639
f 640 624 680
f 640 680 696
f 698 697 641
f 698 641 642
f 641 699 643
f 697 699 641
f 643 700 644
f 699 700 643
f 644 701 645
f 700 701 644
f 645 702 646
f 701 702 645
f 646 703 647
f 702 703 646
f 647 704 648
f 703 704 647
f 648 705 649
f 704 705 648
f 649 706 650
f 705 706 649
f 650 707 651
f 706 707 650
f 651 708 652
f 707 708 651
f 652 709 653
f 708 709 652
f 653 710 654
f 709 710 653
f 654 711 655
f 710 711 654
f 655 712 656
f 711 712 655
f 656 713 657
f 712 713 656
f 658 657 713
f 658 713 714
f 659 698 642
f 659 715 698
f 714 660 658
f 716 660 714
f 661 715 659
f 661 717 715
f 716 662 660
f 718 662 716
f 663 717 661
f 663 719 717
f 718 664 662
f 720 664 718
f 665 719 663
f 665 721 719
f 720 666 664
f 722 666 720
f 667 721 665
f 667 723 721
f 722 668 666
f 724 668 722
f 669 723 667
f 669 725 723
f 724 670 668
f 726 670 724
f 671 725 669
f 671 727 725
f 726 672 670
f 728 672 726
f 673 727 671
f 673 729 727
f 728 674 672
f 730 674 728
f 675 729 673
f 675 731 729
f 730 676 674
f 732 676 730
f 677 731 675
f 677 733 731
f 732 678 676
f 734 678 732
f 679 733 677
f 679 735 733
f 734 680 678
f 736 680 734
f 737 735 679
f 737 679 681
f 738 681 682
f 738 737 681
f 739 682 683
f 739 738 682
f 740 683 684
f 740 739 683
f 741 684 685
f 741 740 684
f 742 685 686
f 742 741 685
f 743 686 687
f 743 742 686
f 744 687 688
f 744 743 687
f 745 688 689
f 745 744 688
f 746 689 690
f 746 745 689
f 747 690 691
f 747 746 690
f 748 691 692
f 748 747 691
f 749 692 693
f 749 748 692
f 750 693 694
f 750 749 693
f 751 694 695
f 751 750 694
f 752 695 696
f 752 751 695
f 696 680 736
f 696 736 752
f 754 753 697
f 754 697 698
f 697 755 699
f 753 755 697
f 699 756 700
f 755 756 699
f 700 757 701
f 756 757 700
f 701 758 702
f 757 758 701
f 702 759 703
f 758 759 702
f 703 760 704
f 759 760 703
f 704 761 705
f 760 761 704
f 705 762 706
f 761 762 705
f 706 763 707
f 762 763 706
f 707 764 708
f 763 764 707
f 708 765 709
f 764 765 708
f 709 766 710
f 765 766 709
f 710 767 711
f 766 767 710
f 711 768 712
f 767 768 711
f 712 769 713
f 768 769 712
f 714 713 769
f 714 769 770
f 715 754 698
f 715 771 754
f 770 716 714
f 772 716 770
f 717 771 715
f 717 773 771
f 772 718 716
f 774 718 772
f 719 773 717
f 719 775 773
f 774 720 718
f 776 720 774
f 721 775 719
f 721 777 775
f 776 722 720
f 778 722 776
f 723 777 721
f 723 779 777
f 778 724 722
f 780 724 778
f 725 779 723
f 725 781 779
f 780 726 724
f 782 726 780
f 727 781 725
f 727 783 781
f 782 728 726
f 784 728 782
f 729 783 727
f 729 785 783
f 784 730 728
f 786 730 784
f 731 785 729
f 731 787 785
f 786 732 730
f 788 732 786
f 733 787 731
f 733 789 787
f 788 734 732
f 790 734 788
f 735 789 733
f 735 791 789
f 790 736 734
f 792 736 790
f 793 791 735
f 793 735 737
f 794 737 738
f 794 793 737
f 795 738 739
f 795 794 738
f 796 739 740
f 796 795 739
f 797 740 741
f 797 796 740
f 798 741 742
f 798 797 741
f 799 742 743
f 799 798 742
f 800 743 744
f 800 799 743
f 801 744 745
f 801 800 744
f 802 745 746
f 802 801 745
f 803 746 747
f 803 802 746
f 804 747 748
f 804 803 747
f 805 748 749
f 805 804 748
f 806 749 750
f 806 805 749
f 807 750 751
f 807 806 750
f 808 751 752
f 808 807 751
f 752 736 792
f 752 792 808
f 810 809 753
f 810 753 754
f 753 811 755
f 809 811 753
f 755 812 756
f 811 812 755
f 756 813 757
f 812 813 756
f 757 814 758
f 813 814 757
f 758 815 759
f 814 815 758
f 759 816 760
f 815 816 759
f 760 817 761
f 816 817 760
f 761 818 762
f 817 818 761
f 762 819 763
f 818 819 762
f 763 820 764
f 819 820 763
f 764 821 765
f 820 821 764
f 765 822 766
f 821 822 765
f 766 823 767
f 822 823 766
f 767 824 768
f 823 824 767
f 768 825 769
f 824 825 768
f 770 769 825
f 770 825 826
f 771 810 754
f 771 827 810
f 826 772 770
f 828 772 826
f 773 827 771
f 773 829 827
f 828 774 772
f 830 774 828
f 775 829 773
f 775 831 829
f 830 776 774
f 832 776 830
f 777 831 775
f 777 833 831
f 832 778 776
f 834 778 832
f 779 833 777
f 779 835 833
f 834 780 778
f 836 780 834
f 781 835 779
f 781 837 835
f 836 782 780
f 838 782 836
f 783 837 781
f 783 839 837
f 838 784 782
f 840 784 838
f 785 839 783
f 785 841 839
f 840 786 784
f 842 786 840
f 787 841 785
f 787 843 841
f 842 788 786
f 844 788 842
f 789 843 787
f 789 845 843
f 844 790 788
f 846 790 844
f 791 845 789
f 791 847 845
f 846 792 790
f 848 792 846
f 849 847 791
f 849 791 793
f 850 793 794
f 850 849 793
f 851 794 795
f 851 850 794
f 852 795 796
f 852 851 795
f 853 796 797
f 853 852 796
f 854 797 798
f 854 853 797
f 855 798 799
f 855 854 798
f 856 799 800
f 856 855 799
f 857 800 801
f 857 856 800
f 858 801 802
f 858 857 801
f 859 802 803
f 859 858 802
f 860 803 804
f 860 859 803
f 861 804 805
f 861 860 804
f 862 805 806
f 862 861 805
f 863 806 807
f 863 862 806
f 864 807 808
f 864 863 807
f 808 792 848
f 808 848 864
f 866 865 809
f 866 809 810
f 809 867 811
f 865 867 809
f 811 868 812
f 867 868 811
f 812 869 813
f 868 869 812
f 813 870 814
f 869 870 813
f 814 871 815
f 870 871 814
f 815 872 816
f 871 872 815
f 816 873 817
f 872 873 816
f 817 874 818
f 873 874 817
f 818 875 819
f 874 875 818
f 819 876 820
f 875 876 819
f 820 877 821
f 876 877 820
f 821 878 822
f 877 878 821
f 822 879 823
f 878 879 822
f 823 880 824
f 879 880 823
f 824 881 825
f 880 881 824
f 826 825 881
f 826 881 882
f 827 866 810
f 827 883 866
f 882 828 826
f 884 828 882
f 829 883 827
f 829 885 883
f 884 830 828
f 886 830 884
f 831 885 829
f 831 887 885
f 886 832 830
f 888 832 886
f 833 887 831
f 833 889 887
f 888 834 832
f 890 834 888
f 835 889 833
f 835 891 889
f 890 836 834
f 892 836 890
f 837 891 835
f 837 893 891
f 892 838 836
f 894 838 892
f 839 893 837
f 839 895 893
f 894 840 838
f 896 840 894
f 841 895 839
f 841 897 895
f 896 842 840
f 898 842 896
f 843 897 841
f 843 899 897
f 898 844 842
f 900 844 898
f 845 899 843
f 845 901 899
f 900 846 844
f 902 846 900
f 847 901 845
f 847 903 901
f 902 848 846
f 904 848 902
f 905 903 847
f 905 847 849
f 906 849 850
f 906 905 849
f 907 850 851
f 907 906 850
f 908 851 852
f 908 907 851
f 909 852 853
f 909 908 852
f 910 853 854
f 910 909 853
f 911 854 855
f 911 910 854
f 912 855 856
f 912 911 855
f 913 856 857
f 913 912 856
f 914 857 858
f 914 913 857
f 915 858 859
f 915 914 858
f 916 859 860
f 916 915 859
f 917 860 861
f 917 916 860
f 918 861 862
f 918 917 861
f 919 862 863
f 919 918 862
f 920 863 864
f 920 919 863
f 864 848 904
f 864 904 920
f 922 921 865
f 922 865 866
f 865 923 867
f 921 923 865
f 867 924 868
f 923 924 867
f 868 925 869
f 924 925 868
f 869 926 870
f 925 926 869
f 870 927 871
f 926 927 870
f 871 928 872
f 927 928 871
f 872 929 873
f 928 929 872
f 873 930 874
f 929 930 873
f 874 931 875
f 930 931 874
f 875 932 876
f 931 932 875
f 876 933 877
f 932 933 876
f 877 934 878
f 933 934 877
f 878 935 879
f 934 935 878
f 879 936 880
f 935 936 879
f 880 937 881
f 936 937 880
f 882 881 937
f 882 937 938
f 883 922 866
f 883 939 922
f 938 884 882
f 940 884 938
f 885 939 883
f 885 941 939
f 940 886 884
f 942 886 940
f 887 941 885
f 887 943 941
f 942 888 886
f 944 888 942
f 889 943 887
f 889 945 943
f 944 890 888
f 946 890 944
f 891 945 889
f 891 947 945
f 946 892 890
f 948 892 946
f 893 947 891
f 893 949 947
f 948 894 892
f 950 894 948
f 895 949 893
f 895 951 949
f 950 896 894
f 952 896 950
f 897 951 895
f 897 953 951
f 952 898 896
f 954 898 952
f 899 953 897
f 899 955 953
f 954 900 898
f 956 900 954
f 901 955 899
f 901 957 955
f 956 902 900
f 958 902 956
f 903 957 901
f 903 959 957
f 958 904 902
f 960 904 958
f 961 959 903
f 961 903 905
f 962 905 906
f 962 961 905
f 963 906 907
f 963 962 906
f 964 907 908
f 964 963 907
f 965 908 909
f 965 964 908
f 966 909 910
f 966 965 909
f 967 910 911
f 967 966 910
f 968 911 912
f 968 967 911
f 969 912 913
f 969 968 912
f 970 913 914
f 970 969 913
f 971 914 915
f 971 970 914
f 972 915 916
f 972 971 915
f 973 916 917
f 973 972 916
f 974 917 918
f 974 973 917
f 975 918 919
f 975 974 918
f 976 919 920
f 976 975 919
f 920 904 960
f 920 960 976
f 978 977 921
f 978 921 922
f 921 979 923
f 977 979 921
f 923 980 924
f 979 980 923
f 924 981 925
f 980 981 924
f 925 982 926
f 981 982 925
f 926 983 927
f 982 983 926
f 927 984 928
f 983 984 927
f 928 985 929
f 984 985 928
f 929 986 930
f 985 986 929
f 930 987 931
f 986 987 930
f 931 988 932
f 987 988 931
f 932 989 933
f 988 989 932
f 933 990 934
f 989 990 933
f 934 991 935
f 990 991 934
f 935 992 936
f 991 992 935
f 936 993 937
f 992 993 936
f 938 937 993
f 938 993 994
f 939 978 922
f 939 995 978
f 994 940 938
f 996 940 994
f 941 995 939
f 941 997 995
f 996 942 940
f 998 942 996
f 943 997 941
f 943 999 997
f 998 944 942
f 1000 944 998
f 945 999 943
f 945 1001 999
f 1000 946 944
f 1002 946 1000
f 947 1001 945
f 947 1003 1001
f 1002 948 946
f 1004 948 1002
f 949 1003 947
f 949 1005 1003
f 1004 950 948
f 1006 950 1004
f 951 1005 949
f 951 1007 1005
f 1006 952 950
f 1008 952 1006
f 953 1007 951
f 953 1009 1007
f 1008 954 952
f 1010 954 1008
f 955 1009 953
f 955 1011 1009
f 1010 956 954
f 1012 956 1010
f 957 1011 955
f 957 1013 1011
f 1012 958 956
f 1014 958 1012
f 959 1013 957
f 959 1015 1013
f 1014 960 958
f 1016 960 1014
f 1017 1015 959
f 1017 959 961
f 1018 961 962
f 1018 1017 961
f 1019 962 963
f 1019 1018 962
f 1020 963 964
f 1020 1019 963
f 1021 964 965
f 1021 1020 964
f 1022 965 966
f 1022 1021 965
f 1023 966 967
f 1023 1022 966
f 1024 967 968
f 1024 1023 967
f 1025 968 969
f 1025 1024 968
f 1026 969 970
f 1026 1025 969
f 1027 970 971
f 1027 1026 970
f 1028 971 972
f 1028 1027 971
f 1029 972 973
f 1029 1028 972
f 1030 973 974
f 1030 1029 973
f 1031 974 975
f 1031 1030 974
f 1032 975 976
f 1032 1031 975
f 976 960 1016
f 976 1016 1032
f 1034 1033 977
f 1034 977 978
f 977 1035 979
f 1033 1035 977
f 979 1036 980
f 1035 1036 979
f 980 1037 981
f 1036 1037 980
f 981 1038 982
f 1037 1038 981
f 982 1039 983
f 1038 1039 982
f 983 1040 984
f 1039 1040 983
f 984 1041 985
f 1040 1041 984
f 985 1042 986
f 1041 1042 985
f 986 1043 987
f 1042 1043 986
f 987 1044 988
f 1043 1044 987
f 988 1045 989
f 1044 1045 988
f 989 1046 990
f 1045 1046 989
f 990 1047 991
f 1046 1047 990
f 991 1048 992
f 1047 1048 991
f 992 1049 993
f 1048 1049 992
f 994 993 1049
f 994 1049 1050
f 995 1034 978
f 995 1051 1034
f 1050 996 994
f 1052 996 1050
f 997 1051 995
f 997 1053 1051
f 1052 998 996
f 1054 998 1052
f 999 1053 997
f 999 1055 1053
f 1054 1000 998
f 1056 1000 1054
f 1001 1055 999
f 1001 1057 1055
f 1056 1002 1000
f 1058 1002 1056
f 1003 1057 1001
f 1003 1059 1057
f 1058 1004 1002
f 1060 1004 1058
f 1005 1059 1003
f 1005 1061 1059
f 1060 1006 1004
f 1062 1006 1060
f 1007 1061 1005
f 1007 1063 1061
f 1062 1008 1006
f 1064 1008 1062
f 1009 1063 1007
f 1009 1065 1063
f 1064 1010 1008
f 1066 1010 1064
f 1011 1065 1009
f 1011 1067 1065
f 1066 1012 1010
f 1068 1012 1066
f 1013 1067 1011
f 1013 1069 1067
f 1068 1014 1012
f 1070 1014 1068
f 1015 1069 1013
f 1015 1071 1069
f 1070 1016 1014
f 1072 1016 1070
f 1073 1071 1015
f 1073 1015 1017
f 1074 1017 1018
f 1074 1073 1017
f 1075 1018 1019
f 1075 1074 1018
f 1076 1019 1020
f 1076 1075 1019
f 1077 1020 1021
f 1077 1076 1020
f 1078 1021 1022
f 1078 1077 1021
f 1079 1022 1023
f 1079 1078 1022
f 1080 1023 1024
f 1080 1079 1023
f 1081 1024 1025
f 1081 1080 1024
f 1082 1025 1026
f 1082 1081 1025
f 1083 1026 1027
f 1083 1082 1026
f 1084 1027 1028
f 1084 1083 1027
f 1085 1028 1029
f 1085 1084 1028
f 1086 1029 1030
f 1086 1085 1029
f 1087 1030 1031
f 1087 1086 1030
f 1088 1031 1032
f 1088 1087 1031
f 1032 1016 1072
f 1032 1072 1088
f 1090 1089 1033
f 1090 1033 1034
f 1033 1091 1035
f 1089 1091 1033
f 1035 1092 1036
f 1091 1092 1035
f 1036 1093 1037
f 1092 1093 1036
f 1037 1094 1038
f 1093 1094 1037
f 1038 1095 1039
f 1094 1095 1038
f 1039 1096 1040
f 1095 1096 1039
f 1040 1097 1041
f 1096 1097 1040
f 1041 1098 1042
f 1097 1098 1041
f 1042 1099 1043
f 1098 1099 1042
f 1043 1100 1044
f 1099 1100 1043
f 1044 1101 1045
f 1100 1101 1044
f 1045 1102 1046
f 1101 1102 1045
f 1046 1103 1047
f 1102 1103 1046
f 1047 1104 1048
f 1103 1104 1047
f 1048 1105 1049
f 1104 1105 1048
f 1050 1049 1105
f 1050 1105 1106
f 1051 1090 1034
f 1051 1107 1090
f 1106 1052 1050
f 1108 1052 1106
f 1053 1107 1051
f 1053 1109 1107
f 1108 1054 1052
f 1110 1054 1108
f 1055 1109 1053
f 1055 1111 1109
f 1110 1056 1054
f 1112 1056 1110
f 1057 1111 1055
f 1057 1113 1111
f 1112 1058 1056
f 1114 1058 1112
f 1059 1113 1057
f 1059 1115 1113
f 1114 1060 1058
f 1116 1060 1114
f 1061 1115 1059
f 1061 1117 1115
f 1116 1062 1060
f 1118 1062 1116
f 1063 1117 1061
f 1063 1119 1117
f 1118 1064 1062
f 1120 1064 1118
f 1065 1119 1063
f 1065 1121 1119
f 1120 1066 1064
f 1122 1066 1120
f 1067 1121 1065
f 1067 1123 1121
f 1122 1068 1066
f 1124 1068 1122
f 1069 1123 1067
f 1069 1125 1123
f 1124 1070 1068
f 1126 1070 1124
f 1071 1125 1069
f 1071 1127 1125
f 1126 1072 1070
f 1128 1072 1126
f 1129 1127 1071
f 1129 1071 1073
f 1130 1073 1074
f 1130 1129 1073
f 1131 1074 1075
f 1131 1130 1074
f 1132 1075 1076
f 1132 1131 1075
f 1133 1076 1077
f 1133 1132 1076
f 1134 1077 1078
f 1134 1133 1077
f 1135 1078 1079
f 1135 1134 1078
f 1136 1079 1080
f 1136 1135 1079
f 1137 1080 1081
f 1137 1136 1080
f 1138 1081 1082
f 1138 1137 1081
f 1139 1082 1083
f 1139 1138 1082
f 1140 1083 1084
f 1140 1139 1083
f 1141 1084 1085
f 1141 1140 1084
f 1142 1085 1086
f 1142 1141 1085
f 1143 1086 1087
f 1143 1142 1086
f 1144 1087 1088
f 1144 1143 1087
f 1088 1072 1128
f 1088 1128 1144
f 1146 1145 1089
f 1146 1089 1090
f 1089 1147 1091
f 1145 1147 1089
f 1091 1148 1092
f 1147 1148 1091
f 1092 1149 1093
f 1148 1149 1092
f 1093 1150 1094
f 1149 1150 1093
f 1094 1151 1095
f 1150 1151 1094
f 1095 1152 1096
f 1151 1152 1095
f 1096 1153 1097
f 1152 1153 1096
f 1097 1154 1098
f 1153 1154 1097
f 1098 1155 1099
f 1154 1155 1098
f 1099 1156 1100
f 1155 1156 1099
f 1100 1157 1101
f 1156 1157 1100
f 1101 1158 1102
f 1157 1158 1101
f 1102 1159 1103
f 1158 1159 1102
f 1103 1160 1104
f 1159 1160 1103
f 1104 1161 1105
f 1160 1161 1104
f 1106 1105 1161
f 1106 1161 1162
f 1107 1146 1090
f 1107 1163 1146
f 1162 1108 1106
f 1164 1108 1162
f 1109 1163 1107
f 1109 1165 1163
f 1164 1110 1108
f 1166 1110 1164
f 1111 1165 1109
f 1111 1167 1165
f 1166 1112 1110
f 1168 1112 1166
f 1113 1167 1111
f 1113 1169 1167
f 1168 1114 1112
f 1170 1114 1168
f 1115 1169 1113
f 1115 1171 1169
f 1170 1116 1114
f 1172 1116 1170
f 1117 1171 1115
f 1117 1173 1171
f 1172 1118 1116
f 1174 1118 1172
f 1119 1173 1117
f 1119 1175 1173
f 1174 1120 1118
f 1176 1120 1174
f 1121 1175 1119
f 1121 1177 1175
f 1176 1122 1120
f 1178 1122 1176
f 1123 1177 1121
f 1123 1179 1177
f 1178 1124 1122
f 1180 1124 1178
f 1125 1179 1123
f 1125 1181 1179
f 1180 1126 1124
f 1182 1126 1180
f 1127 1181 1125
f 1127 1183 1181
f 1182 1128 1126
f 1184 1128 1182
f 1185 1183 1127
f 1185 1127 1129
f 1186 1129 1130
f 1186 1185 1129
f 1187 1130 1131
f 1187 1186 1130
f 1188 1131 1132
f 1188 1187 1131
f 1189 1132 1133
f 1189 1188 1132
f 1190 1133 1134
f 1190 1189 1133
f 1191 1134 1135
f 1191 1190 1134
f 1192 1135 1136
f 1192 1191 1135
f 1193 1136 1137
f 1193 1192 1136
f 1194 1137 1138
f 1194 1193 1137
f 1195 1138 1139
f 1195 1194 1138
f 1196 1139 1140
f 1196 1195 1139
f 1197 1140 1141
f 1197 1196 1140
f 1198 1141 1142
f 1198 1197 1141
f 1199 1142 1143
f 1199 1198 1142
f 1200 1143 1144
f 1200 1199 1143
f 1144 1128 1184
f 1144 1184 1200
f 1202 1201 1145
f 1202 1145 1146
f 1145 1203 1147
f 1201 1203 1145
f 1147 1204 1148
f 1203 1204 1147
f 1148 1205 1149
f 1204 1205 1148
f 1149 1206 1150
f 1205 1206 1149
f 1150 1207 1151
f 1206 1207 1150
f 1151 1208 1152
f 1207 1208 1151
f 1152 1209 1153
f 1208 1209 1152
f 1153 1210 1154
f 1209 1210 1153
f 1154 1211 1155
f 1210 1211 1154
f 1155 1212 1156
f 1211 1212 1155
f 1156 1213 1157
f 1212 1213 1156
f 1157 1214 1158
f 1213 1214 1157
f 1158 1215 1159
f 1214 1215 1158
f 1159 1216 1160
f 1215 1216 1159
f 1160 1217 1161
f 1216 1217 1160
f 1162 1161 1217
f 1162 1217 1218
f 1163 1202 1146
f 1163 1219 1202
f 1218 1164 1162
f 1220 1164 1218
f 1165 1219 1163
f 1165 1221 1219
f 1220 1166 1164
f 1222 1166 1220
f 1167 1221 1165
f 1167 1223 1221
f 1222 1168 1166
f 1224 1168 1222
f 1169 1223 1167
f 1169 1225 1223
f 1224 1170 1168
f 1226 1170 1224
f 1171 1225 1169
f 1171 1227 1225
f 1226 1172 1170
f 1228 1172 1226
f 1173 1227 1171
f 1173 1229 1227
f 1228 1174 1172
f 1230 1174 1228
f 1175 1229 1173
f 1175 1231 1229
f 1230 1176 1174
f 1232 1176 1230
f 1177 1231 1175
f 1177 1233 1231
f 1232 1178 1176
f 1234 1178 1232
f 1179 1233 1177
f 1179 1235 1233
f 1234 1180 1178
f 1236 1180 1234
f 1181 1235 1179
f 1181 1237 1235
f 1236 1182 1180
f 1238 1182 1236
f 1183 1237 1181
f 1183 1239 1237
f 1238 1184 1182
f 1240 1184 1238
f 1241 1239 1183
f 1241 1183 1185
f 1242 1185 1186
f 1242 1241 1185
f 1243 1186 1187
f 1243 1242 1186
f 1244 1187 1188
f 1244 1243 1187
f 1245 1188 1189
f 1245 1244 1188
f 1246 1189 1190
f 1246 1245 1189
f 1247 1190 1191
f 1247 1246 1190
f 1248 1191 1192
f 1248 1247 1191
f 1249 1192 1193
f 1249 1248 1192
f 1250 1193 1194
f 1250 1249 1193
f 1251 1194 1195
f 1251 1250 1194
f 1252 1195 1196
f 1252 1251 1195
f 1253 1196 1197
f 1253 1252 1196
f 1254 1197 1198
f 1254 1253 1197
f 1255 1198 1199
f 1255 1254 1198
f 1256 1199 1200
f 1256 1255 1199
f 1200 1184 1240
f 1200 1240 1256
f 1258 1257 1201
f 1258 1201 1202
f 1201 1259 1203
f 1257 1259 1201
f 1203 1260 1204
f 1259 1260 1203
f 1204 1261 1205
f 1260 1261 1204
f 1205 1262 1206
f 1261 1262 1205
f 1206 1263 1207
f 1262 1263 1206
f 1207 1264 1208
f 1263 1264 1207
f 1208 1265 1209
f 1264 1265 1208
f 1209 1266 1210
f 1265 1266 1209
f 1210 1267 1211
f 1266 1267 1210
f 1211 1268 1212
f 1267 1268 1211
f 1212 1269 1213
f 1268 1269 1212
f 1213 1270 1214
f 1269 1270 1213
f 1214 1271 1215
f 1270 1271 1214
f 1215 1272 1216
f 1271 1272 1215
f 1216 1273 1217
f 1272 1273 1216
f 1218 1217 1273
f 1218 1273 1274
f 1219 1258 1202
f 1219 1275 1258
f 1274 1220 1218
f 1276 1220 1274
f 1221 1275 1219
f 1221 1277 1275
f 1276 1222 1220
f 1278 1222 1276
f 1223 1277 1221
f 1223 1279 1277
f 1278 1224 1222
f 1280 1224 1278
f 1225 1279 1223
f 1225 1281 1279
f 1280 1226 1224
f 1282 1226 1280
f 1227 1281 1225
f 1227 1283 1281
f 1282 1228 1226
f 1284 1228 1282
f 1229 1283 1227
f 1229 1285 1283
f 1284 1230 1228
f 1286 1230 1284
f 1231 1285 1229
f 1231 1287 1285
f 1286 1232 1230
f 1288 1232 1286
f 1233 1287 1231
f 1233 1289 1287
f 1288 1234 1232
f 1290 1234 1288
f 1235 1289 1233
f 1235 1291 1289
f 1290 1236 1234
f 1292 1236 1290
f 1237 1291 1235
f 1237 1293 1291
f 1292 1238 1236
f 1294 1238 1292
f 1239 1293 1237
f 1239 1295 1293
f 1294 1240 1238
f 1296 1240 1294
f 1297 1295 1239
f 1297 1239 1241
f 1298 1241 1242
f 1298 1297 1241
f 1299 1242 1243
f 1299 1298 1242
f 1300 1243 1244
f 1300 1299 1243
f 1301 1244 1245
f 1301 1300 1244
f 1302 1245 1246
f 1302 1301 1245
f 1303 1246 1247
f 1303 1302 1246
f 1304 1247 1248
f 1304 1303 1247
f 1305 1248 1249
f 1305 1304 1248
f 1306 1249 1250
f 1306 1305 1249
f 1307 1250 1251
f 1307 1306 1250
f 1308 1251 1252
f 1308 1307 1251
f 1309 1252 1253
f 1309 1308 1252
f 1310 1253 1254
f 1310 1309 1253
f 1311 1254 1255
f 1311 1310 1254
f 1312 1255 1256
f 1312 1311 1255
f 1256 1240 1296
f 1256 1296 1312
f 1314 1313 1257
f 1314 1257 1258
f 1257 1315 1259
f 1313 1315 1257
f 1259 1316 1260
f 1315 1316 1259
f 1260 1317 1261
f 1316 1317 1260
f 1261 1318 1262
f 1317 1318 1261
f 1262 1319 1263
f 1318 1319 1262
f 1263 1320 1264
f 1319 1320 1263
f 1264 1321 1265
f 1320 1321 1264
f 1265 1322 1266
f 1321 1322 1265
f 1266 1323 1267
f 1322 1323 1266
f 1267 1324 1268
f 1323 1324 1267
f 1268 1325 1269
f 1324 1325 1268
f 1269 1326 1270
f 1325 1326 1269
f 1270 1327 1271
f 1326 1327 1270
f 1271 1328 1272
f 1327 1328 1271
f 1272 1329 1273
f 1328 1329 1272
f 1274 1273 1329
f 1274 1329 1330
f 1275 1314 1258
f 1275 1331 1314
f 1330 1276 1274
f 1332 1276 1330
f 1277 1331 1275
f 1277 1333 1331
f 1332 1278 1276
f 1334 1278 1332
f 1279 1333 1277
f 1279 1335 1333
f 1334 1280 1278
f 1336 1280 1334
f 1281 1335 1279
f 1281 1337 1335
f 1336 1282 1280
f 1338 1282 1336
f 1283 1337 1281
f 1283 1339 1337
f 1338 1284 1282
f 1340 1284 1338
f 1285 1339 1283
f 1285 1341 1339
f 1340 1286 1284
f 1342 1286 1340
f 1287 1341 1285
f 1287 1343 1341
f 1342 1288 1286
f 1344 1288 1342
f 1289 1343 1287
f 1289 1345 1343
f 1344 1290 1288
f 1346 1290 1344
f 1291 1345 1289
f 1291 1347 1345
f 1346 1292 1290
f 1348 1292 1346
f 1293 1347 1291
f 1293 1349 1347
f 1348 1294 1292
f 1350 1294 1348
f 1295 1349 1293
f 1295 1351 1349
f 1350 1296 1294
f 1352 1296 1350
f 1353 1351 1295
f 1353 1295 1297
f 1354 1297 1298
f 1354 1353 1297
f 1355 1298 1299
f 1355 1354 1298
f 1356 1299 1300
f 1356 1355 1299
f 1357 1300 1301
f 1357 1356 1300
f 1358 1301 1302
f 1358 1357 1301
f 1359 1302 1303
f 1359 1358 1302
f 1360 1303 1304
f 1360 1359 1303
f 1361 1304 1305
f 1361 1360 1304
f 1362 1305 1306
f 1362 1361 1305
f 1363 1306 1307
f 1363 1362 1306
f 1364 1307 1308
f 1364 1363 1307
f 1365 1308 1309
f 1365 1364 1308
f 1366 1309 1310
f 1366 1365 1309
f 1367 1310 1311
f 1367 1366 1310
f 1368 1311 1312
f 1368 1367 1311
f 1312 1296 1352
f 1312 1352 1368
f 1370 1369 1313
f 1370 1313 1314
f 1313 1371 1315
f 1369 1371 1313
f 1315 1372 1316
f 1371 1372 1315
f 1316 1373 1317
f 1372 1373 1316
f 1317 1374 1318
f 1373 1374 1317
f 1318 1375 1319
f 1374 1375 1318
f 1319 1376 1320
f 1375 1376 1319
f 1320 1377 1321
f 1376 1377 1320
f 1321 1378 1322
f 1377 1378 1321
f 1322 1379 1323
f 1378 1379 1322
f 1323 1380 1324
f 1379 1380 1323
f 1324 1381 1325
f 1380 1381 1324
f 1325 1382 1326
f 1381 1382 1325
f 1326 1383 1327
f 1382 1383 1326
f 1327 1384 1328
f 1383 1384 1327
f 1328 1385 1329
f 1384 1385 1328
f 1330 1329 1385
f 1330 1385 1386
f 1331 1370 1314
f 1331 1387 1370
f 1386 1332 1330
f 1388 1332 1386
f 1333 1387 1331
f 1333 1389 1387
f 1388 1334 1332
f 1390 1334 1388
f 1335 1389 1333
f 1335 1391 1389
f 1390 1336 1334
f 1392 1336 1390
f 1337 1391 1335
f 1337 1393 1391
f 1392 1338 1336
f 1394 1338 1392
f 1339 1393 1337
f 1339 1395 1393
f 1394 1340 1338
f 1396 1340 1394
f 1341 1395 1339
f 1341 1397 1395
f 1396 1342 1340
f 1398 1342 1396
f 1343 1397 1341
f 1343 1399 1397
f 1398 1344 1342
f 1400 1344 1398
f 1345 1399 1343
f 1345 1401 1399
f 1400 1346 1344
f 1402 1346 1400
f 1347 1401 1345
f 1347 1403 1401
f 1402 1348 1346
f 1404 1348 1402
f 1349 1403 1347
f 1349 1405 1403
f 1404 1350 1348
f 1406 1350 1404
f 1351 1405 1349
f 1351 1407 1405
f 1406 1352 1350
f 1408 1352 1406
f 1409 1407 1351
f 1409 1351 1353
f 1410 1353 1354
f 1410 1409 1353
f 1411 1354 1355
f 1411 1410 1354
f 1412 1355 1356
f 1412 1411 1355
f 1413 1356 1357
f 1413 1412 1356
f 1414 1357 1358
f 1414 1413 1357
f 1415 1358 1359
f 1415 1414 1358
f 1416 1359 1360
f 1416 1415 1359
f 1417 1360 1361
f 1417 1416 1360
f 1418 1361 1362
f 1418 1417 1361
f 1419 1362 1363
f 1419 1418 1362
f 1420 1363 1364
f 1420 1419 1363
f 1421 1364 1365
f 1421 1420 1364
f 1422 1365 1366
f 1422 1421 1365
f 1423 1366 1367
f 1423 1422 1366
f 1424 1367 1368
f 1424 1423 1367
f 1368 1352 1408
f 1368 1408 1424
f 1426 1425 1369
f 1426 1369 1370
f 1369 1427 1371
f 1425 1427 1369
f 1371 1428 1372
f 1427 1428 1371
f 1372 1429 1373
f 1428 1429 1372
f 1373 1430 1374
f 1429 1430 1373
f 1374 1431 1375
f 1430 1431 1374
f 1375 1432 1376
f 1431 1432 1375
f 1376 1433 1377
f 1432 1433 1376
f 1377 1434 1378
f 1433 1434 1377
f 1378 1435 1379
f 1434 1435 1378
f 1379 1436 1380
f 1435 1436 1379
f 1380 1437 1381
f 1436 1437 1380
f 1381 1438 1382
f 1437 1438 1381
f 1382 1439 1383
f 1438 1439 1382
f 1383 1440 1384
f 1439 1440 1383
f 1384 1441 1385
f 1440 1441 1384
f 1386 1385 1441
f 1386 1441 1442
f 1387 1426 1370
f 1387 1443 1426
f 1442 1388 1386
f 1444 1388 1442
f 1389 1443 1387
f 1389 1445 1443
f 1444 1390 1388
f 1446 1390 1444
f 1391 1445 1389
f 1391 1447 1445
f 1446 1392 1390
f 1448 1392 1446
f 1393 1447 1391
f 1393 1449 1447
f 1448 1394 1392
f 1450 1394 1448
f 1395 1449 1393
f 1395 1451 1449
f 1450 1396 1394
f 1452 1396 1450
f 1397 1451 1395
f 1397 1453 1451
f 1452 1398 1396
f 1454 1398 1452
f 1399 1453 1397
f 1399 1455 1453
f 1454 1400 1398
f 1456 1400 1454
f 1401 1455 1399
f 1401 1457 1455
f 1456 1402 1400
f 1458 1402 1456
f 1403 1457 1401
f 1403 1459 1457
f 1458 1404 1402
f 1460 1404 1458
f 1405 1459 1403
f 1405 1461 1459
f 1460 1406 1404
f 1462 1406 1460
f 1407 1461 1405
f 1407 1463 1461
f 1462 1408 1406
f 1464 1408 1462
f 1465 1463 1407
f 1465 1407 1409
f 1466 1409 1410
f 1466 1465 1409
f 1467 1410 1411
f 1467 1466 1410
f 1468 1411 1412
f 1468 1467 1411
f 1469 1412 1413
f 1469 1468 1412
f 1470 1413 1414
f 1470 1469 1413
f 1471 1414 1415
f 1471 1470 1414
f 1472 1415 1416
f 1472 1471 1415
f 1473 1416 1417
f 1473 1472 1416
f 1474 1417 1418
f 1474 1473 1417
f 1475 1418 1419
f 1475 1474 1418
f 1476 1419 1420
f 1476 1475 1419
f 1477 1420 1421
f 1477 1476 1420
f 1478 1421 1422
f 1478 1477 1421
f 1479 1422 1423
f 1479 1478 1422
f 1480 1423 1424
f 1480 1479 1423
f 1424 1408 1464
f 1424 1464 1480
f 1482 1481 1425
f 1482 1425 1426
f 1425 1483 1427
f 1481 1483 1425
f 1427 1484 1428
f 1483 1484 1427
f 1428 1485 1429
f 1484 1485 1428
f 1429 1486 1430
f 1485 1486 1429
f 1430 1487 1431
f 1486 1487 1430
f 1431 1488 1432
f 1487 1488 1431
f 1432 1489 1433
f 1488 1489 1432
f 1433 1490 1434
f 1489 1490 1433
f 1434 1491 1435
f 1490 1491 1434
f 1435 1492 1436
f 1491 1492 1435
f 1436 1493 1437
f 1492 1493 1436
f 1437 1494 1438
f 1493 1494 1437
f 1438 1495 1439
f 1494 1495 1438
f 1439 1496 1440
f 1495 1496 1439
f 1440 1497 1441
f 1496 1497 1440
f 1442 1441 1497
f 1442 1497 1498
f 1443 1482 1426
f 1443 1499 1482
f 1498 1444 1442
f 1500 1444 1498
f 1445 1499 1443
f 1445 1501 1499
f 1500 1446 1444
f 1502 1446 1500
f 1447 1501 1445
f 1447 1503 1501
f 1502 1448 1446
f 1504 1448 1502
f 1449 1503 1447
f 1449 1505 1503
f 1504 1450 1448
f 1506 1450 1504
f 1451 1505 1449
f 1451 1507 1505
f 1506 1452 1450
f 1508 1452 1506
f 1453 1507 1451
f 1453 1509 1507
f 1508 1454 1452
f 1510 1454 1508
f 1455 1509 1453
f 1455 1511 1509
f 1510 1456 1454
f 1512 1456 1510
f 1457 1511 1455
f 1457 1513 1511
f 1512 1458 1456
f 1514 1458 1512
f 1459 1513 1457
f 1459 1515 1513
f 1514 1460 1458
f 1516 1460 1514
f 1461 1515 1459
f 1461 1517 1515
f 1516 1462 1460
f 1518 1462 1516
f 1463 1517 1461
f 1463 1519 1517
f 1518 1464 1462
f 1520 1464 1518
f 1521 1519 1463
f 1521 1463 1465
f 1522 1465 1466
f 1522 1521 1465
f 1523 1466 1467
f 1523 1522 1466
f 1524 1467 1468
f 1524 1523 1467
f 1525 1468 1469
f 1525 1524 1468
f 1526 1469 1470
f 1526 1525 1469
f 1527 1470 1471
f 1527 1526 1470
f 1528 1471 1472
f 1528 1527 1471
f 1529 1472 1473
f 1529 1528 1472
f 1530 1473 1474
f 1530 1529 1473
f 1531 1474 1475
f 1531 1530 1474
f 1532 1475 1476
f 1532 1531 1475
f 1533 1476 1477
f 1533 1532 1476
f 1534 1477 1478
f 1534 1533 1477
f 1535 1478 1479
f 1535 1534 1478
f 1536 1479 1480
f 1536 1535 1479
f 1480 1464 1520
f 1480 1520 1536
f 1538 1537 1481
f 1538 1481 1482
f 1481 1539 1483
f 1537 1539 1481
f 1483 1540 1484
f 1539 1540 1483
f 1484 1541 1485
f 1540 1541 1484
f 1485 1542 1486
f 1541 1542 1485
f 1486 1543 1487
f 1542 1543 1486
f 1487 1544 1488
f 1543 1544 1487
f 1488 1545 1489
f 1544 1545 1488
f 1489 1546 1490
f 1545 1546 1489
f 1490 1547 1491
f 1546 1547 1490
f 1491 1548 1492
f 1547 1548 1491
f 1492 1549 1493
f 1548 1549 1492
f 1493 1550 1494
f 1549 1550 1493
f 1494 1551 1495
f 1550 1551 1494
f 1495 1552 1496
f 1551 1552 1495
f 1496 1553 1497
f 1552 1553 1496
f 1498 1497 1553
f 1498 1553 1554
f 1499 1538 1482
f 1499 1555 1538
f 1554 1500 1498
f 1556 1500 1554
f 1501 1555 1499
f 1501 1557 1555
f 1556 1502 1500
f 1558 1502 1556
f 1503 1557 1501
f 1503 1559 1557
f 1558 1504 1502
f 1560 1504 1558
f 1505 1559 1503
f 1505 1561 1559
f 1560 1506 1504
f 1562 1506 1560
f 1507 1561 1505
f 1507 1563 1561
f 1562 1508 1506
f 1564 1508 1562
f 1509 1563 1507
f 1509 1565 1563
f 1564 1510 1508
f 1566 1510 1564
f 1511 1565 1509
f 1511 1567 1565
f 1566 1512 1510
f 1568 1512 1566
f 1513 1567 1511
f 1513 1569 1567
f 1568 1514 1512
f 1570 1514 1568
f 1515 1569 1513
f 1515 1571 1569
f 1570 1516 1514
f 1572 1516 1570
f 1517 1571 1515
f 1517 1573 1571
f 1572 1518 1516
f 1574 1518 1572
f 1519 1573 1517
f 1519 1575 1573
f 1574 1520 1518
f 1576 1520 1574
f 1577 1575 1519
f 1577 1519 1521
f 1578 1521 1522
f 1578 1577 1521
f 1579 1522 1523
f 1579 1578 1522
f 1580 1523 1524
f 1580 1579 1523
f 1581 1524 1525
f 1581 1580 1524
f 1582 1525 1526
f 1582 1581 1525
f 1583 1526 1527
f 1583 1582 1526
f 1584 1527 1528
f 1584 1583 1527
f 1585 1528 1529
f 1585 1584 1528
f 1586 1529 1530
f 1586 1585 1529
f 1587 1530 1531
f 1587 1586 1530
f 1588 1531 1532
f 1588 1587 1531
f 1589 1532 1533
f 1589 1588 1532
f 1590 1533 1534
f 1590 1589 1533
f 1591 1534 1535
f 1591 1590 1534
f 1592 1535 1536
f 1592 1591 1535
f 1536 1520 1576
f 1536 1576 1592
f 1594 1593 1537
f 1594 1537 1538
f 1537 1595 1539
f 1593 1595 1537
f 1539 1596 1540
f 1595 1596 1539
f 1540 1597 1541
f 1596 1597 1540
f 1541 1598 1542
f 1597 1598 1541
f 1542 1599 1543
f 1598 1599 1542
f 1543 1600 1544
f 1599 1600 1543
f 1544 1601 1545
f 1600 1601 1544
f 1545 1602 1546
f 1601 1602 1545
f 1546 1603 1547
f 1602 1603 1546
f 1547 1604 1548
f 1603 1604 1547
f 1548 1605 1549
f 1604 1605 1548
f 1549 1606 1550
f 1605 1606 1549
f 1550 1607 1551
f 1606 1607 1550
f 1551 1608 1552
f 1607 1608 1551
f 1552 1609 1553
f 1608 1609 1552
f 1554 1553 1609
f 1554 1609 1610
f 1555 1594 1538
f 1555 1611 1594
f 1610 1556 1554
f 1612 1556 1610
f 1557 1611 1555
f 1557 1613 1611
f 1612 1558 1556
f 1614 1558 1612
f 1559 1613 1557
f 1559 1615 1613
f 1614 1560 1558
f 1616 1560 1614
f 1561 1615 1559
f 1561 1617 1615
f 1616 1562 1560
f 1618 1562 1616
f 1563 1617 1561
f 1563 1619 1617
f 1618 1564 1562
f 1620 1564 1618
f 1565 1619 1563
f 1565 1621 1619
f 1620 1566 1564
f 1622 1566 1620
f 1567 1621 1565
f 1567 1623 1621
f 1622 1568 1566
f 1624 1568 1622
f 1569 1623 1567
f 1569 1625 1623
f 1624 1570 1568
f 1626 1570 1624
f 1571 1625 1569
f 1571 1627 1625
f 1626 1572 1570
f 1628 1572 1626
f 1573 1627 1571
f 1573 1629 1627
f 1628 1574 1572
f 1630 1574 1628
f 1575 1629 1573
f 1575 1631 1629
f 1630 1576 1574
f 1632 1576 1630
f 1633 1631 1575
f 1633 1575 1577
f 1634 1577 1578
f 1634 1633 1577
f 1635 1578 1579
f 1635 1634 1578
f 1636 1579 1580
f 1636 1635 1579
f 1637 1580 1581
f 1637 1636 1580
f 1638 1581 1582
f 1638 1637 1581
f 1639 1582 1583
f 1639 1638 1582
f 1640 1583 1584
f 1640 1639 1583
f 1641 1584 1585
f 1641 1640 1584
f 1642 1585 1586
f 1642 1641 1585
f 1643 1586 1587
f 1643 1642 1586
f 1644 1587 1588
f 1644 1643 1587
f 1645 1588 1589
f 1645 1644 1588
f 1646 1589 1590
f 1646 1645 1589
f 1647 1590 1591
f 1647 1646 1590
f 1648 1591 1592
f 1648 1647 1591
f 1592 1576 1632
f 1592 1632 1648
f 1650 1649 1593
f 1650 1593 1594
f 1593 1651 1595
f 1649 1651 1593
f 1595 1652 1596
f 1651 1652 1595
f 1596 1653 1597
f 1652 1653 1596
f 1597 1654 1598
f 1653 1654 1597
f 1598 1655 1599
f 1654 1655 1598
f 1599 1656 1600
f 1655 1656 1599
f 1600 1657 1601
f 1656 1657 1600
f 1601 1658 1602
f 1657 1658 1601
f 1602 1659 1603
f 1658 1659 1602
f 1603 1660 1604
f 1659 1660 1603
f 1604 1661 1605
f 1660 1661 1604
f 1605 1662 1606
f 1661 1662 1605
f 1606 1663 1607
f 1662 1663 1606
f 1607 1664 1608
f 1663 1664 1607
f 1608 1665 1609
f 1664 1665 1608
f 1610 1609 1665
f 1610 1665 1666
f 1611 1650 1594
f 1611 1667 1650
f 1666 1612 1610
f 1668 1612 1666
f 1613 1667 1611
f 1613 1669 1667
f 1668 1614 1612
f 1670 1614 1668
f 1615 1669 1613
f 1615 1671 1669
f 1670 1616 1614
f 1672 1616 1670
f 1617 1671 1615
f 1617 1673 1671
f 1672 1618 1616
f 1674 1618 1672
f 1619 1673 1617
f 1619 1675 1673
f 1674 1620 1618
f 1676 1620 1674
f 1621 1675 1619
f 1621 1677 1675
f 1676 1622 1620
f 1678 1622 1676
f 1623 1677 1621
f 1623 1679 1677
f 1678 1624 1622
f 1680 1624 1678
f 1625 1679 1623
f 1625 1681 1679
f 1680 1626 1624
f 1682 1626 1680
f 1627 1681 1625
f 1627 1683 1681
f 1682 1628 1626
f 1684 1628 1682
f 1629 1683 1627
f 1629 1685 1683
f 1684 1630 1628
f 1686 1630 1684
f 1631 1685 1629
f 1631 1687 1685
f 1686 1632 1630
f 1688 1632 1686
f 1689 1687 1631
f 1689 1631 1633
f 1690 1633 1634
f 1690 1689 1633
f 1691 1634 1635
f 1691 1690 1634
f 1692 1635 1636
f 1692 1691 1635
f 1693 1636 1637
f 1693 1692 1636
f 1694 1637 1638
f 1694 1693 1637
f 1695 1638 1639
f 1695 1694 1638
f 1696 1639 1640
f 1696 1695 1639
f 1697 1640 1641
f 1697 1696 1640
f 1698 1641 1642
f 1698 1697 1641
f 1699 1642 1643
f 1699 1698 1642
f 1700 1643 1644
f 1700 1699 1643
f 1701 1644 1645
f 1701 1700 1644
f 1702 1645 1646
f 1702 1701 1645
f 1703 1646 1647
f 1703 1702 1646
f 1704 1647 1648
f 1704 1703 1647
f 1648 1632 1688
f 1648 1688 1704
f 1706 1705 1649
f 1706 1649 1650
f 1649 1707 1651
f 1705 1707 1649
f 1651 1708 1652
f 1707 1708 1651
f 1652 1709 1653
f 1708 1709 1652
f 1653 1710 1654
f 1709 1710 1653
f 1654 1711 1655
f 1710 1711 1654
f 1655 1712 1656
f 1711 1712 1655
f 1656 1713 1657
f 1712 1713 1656
f 1657 1714 1658
f 1713 1714 1657
f 1658 1715 1659
f 1714 1715 1658
f 1659 1716 1660
f 1715 1716 1659
f 1660 1717 1661
f 1716 1717 1660
f 1661 1718 1662
f 1717 1718 1661
f 1662 1719 1663
f 1718 1719 1662
f 1663 1720 1664
f 1719 1720 1663
f 1664 1721 1665
f 1720 1721 1664
f 1666 1665 1721
f 1666 1721 1722
f 1667 1706 1650
f 1667 1723 1706
f 1722 1668 1666
f 1724 1668 1722
f 1669 1723 1667
f 1669 1725 1723
f 1724 1670 1668
f 1726 1670 1724
f 1671 1725 1669
f 1671 1727 1725
f 1726 1672 1670
f 1728 1672 1726
f 1673 1727 1671
f 1673 1729 1727
f 1728 1674 1672
f 1730 1674 1728
f 1675 1729 1673
f 1675 1731 1729
f 1730 1676 1674
f 1732 1676 1730
f 1677 1731 1675
f 1677 1733 1731
f 1732 1678 1676
f 1734 1678 1732
f 1679 1733 1677
f 1679 1735 1733
f 1734 1680 1678
f 1736 1680 1734
f 1681 1735 1679
f 1681 1737 1735
f 1736 1682 1680
f 1738 1682 1736
f 1683 1737 1681
f 1683 1739 1737
f 1738 1684 1682
f 1740 1684 1738
f 1685 1739 1683
f 1685 1741 1739
f 1740 1686 1684
f 1742 1686 1740
f 1687 1741 1685
f 1687 1743 1741
f 1742 1688 1686
f 1744 1688 1742
f 1745 1743 1687
f 1745 1687 1689
f 1746 1689 1690
f 1746 1745 1689
f 1747 1690 1691
f 1747 1746 1690
f 1748 1691 1692
f 1748 1747 1691
f 1749 1692 1693
f 1749 1748 1692
f 1750 1693 1694
f 1750 1749 1693
f 1751 1694 1695
f 1751 1750 1694
f 1752 1695 1696
f 1752 1751 1695
f 1753 1696 1697
f 1753 1752 1696
f 1754 1697 1698
f 1754 1753 1697
f 1755 1698 1699
f 1755 1754 1698
f 1756 1699 1700
f 1756 1755 1699
f 1757 1700 1701
f 1757 1756 1700
f 1758 1701 1702
f 1758 1757 1701
f 1759 1702 1703
f 1759 1758 1702
f 1760 1703 1704
f 1760 1759 1703
f 1704 1688 1744
f 1704 1744 1760
f 1762 1761 1705
f 1762 1705 1706
f 1705 1763 1707
f 1761 1763 1705
f 1707 1764 1708
f 1763 1764 1707
f 1708 1765 1709
f 1764 1765 1708
f 1709 1766 1710
f 1765 1766 1709
f 1710 1767 1711
f 1766 1767 1710
f 1711 1768 1712
f 1767 1768 1711
f 1712 1769 1713
f 1768 1769 1712
f 1713 1770 1714
f 1769 1770 1713
f 1714 1771 1715
f 1770 1771 1714
f 1715 1772 1716
f 1771 1772 1715
f 1716 1773 1717
f 1772 1773 1716
f 1717 1774 1718
f 1773 1774 1717
f 1718 1775 1719
f 1774 1775 1718
f 1719 1776 1720
f 1775 1776 1719
f 1720 1777 1721
f 1776 1777 1720
f 1722 1721 1777
f 1722 1777 1778
f 1723 1762 1706
f 1723 1779 1762
f 1778 1724 1722
f 1780 1724 1778
f 1725 1779 1723
f 1725 1781 1779
f 1780 1726 1724
f 1782 1726 1780
f 1727 1781 1725
f 1727 1783 1781
f 1782 1728 1726
f 1784 1728 1782
f 1729 1783 1727
f 1729 1785 1783
f 1784 1730 1728
f 1786 1730 1784
f 1731 1785 1729
f 1731 1787 1785
f 1786 1732 1730
f 1788 1732 1786
f 1733 1787 1731
f 1733 1789 1787
f 1788 1734 1732
f 1790 1734 1788
f 1735 1789 1733
f 1735 1791 1789
f 1790 1736 1734
f 1792 1736 1790
f 1737 1791 1735
f 1737 1793 1791
f 1792 1738 1736
f 1794 1738 1792
f 1739 1793 1737
f 1739 1795 1793
f 1794 1740 1738
f 1796 1740 1794
f 1741 1795 1739
f 1741 1797 1795
f 1796 1742 1740
f 1798 1742 1796
f 1743 1797 1741
f 1743 1799 1797
f 1798 1744 1742
f 1800 1744 1798
f 1801 1799 1743
f 1801 1743 1745
f 1802 1745 1746
f 1802 1801 1745
f 1803 1746 1747
f 1803 1802 1746
f 1804 1747 1748
f 1804 1803 1747
f 1805 1748 1749
f 1805 1804 1748
f 1806 1749 1750
f 1806 1805 1749
f 1807 1750 1751
f 1807 1806 1750
f 1808 1751 1752
f 1808 1807 1751
f 1809 1752 1753
f 1809 1808 1752
f 1810 1753 1754
f 1810 1809 1753
f 1811 1754 1755
f 1811 1810 1754
f 1812 1755 1756
f 1812 1811 1755
f 1813 1756 1757
f 1813 1812 1756
f 1814 1757 1758
f 1814 1813 1757
f 1815 1758 1759
f 1815 1814 1758
f 1816 1759 1760
f 1816 1815 1759
f 1760 1744 1800
f 1760 1800 1816
f 1818 1817 1761
f 1818 1761 1762
f 1761 1819 1763
f 1817 1819 1761
f 1763 1820 1764
f 1819 1820 1763
f 1764 1821 1765
f 1820 1821 1764
f 1765 1822 1766
f 1821 1822 1765
f 1766 1823 1767
f 1822 1823 1766
f 1767 1824 1768
f 1823 1824 1767
f 1768 1825 1769
f 1824 1825 1768
f 1769 1826 1770
f 1825 1826 1769
f 1770 1827 1771
f 1826 1827 1770
f 1771 1828 1772
f 1827 1828 1771
f 1772 1829 1773
f 1828 1829 1772
f 1773 1830 1774
f 1829 1830 1773
f 1774 1831 1775
f 1830 1831 1774
f 1775 1832 1776
f 1831 1832 1775
f 1776 1833 1777
f 1832 1833 1776
f 1778 1777 1833
f 1778 1833 1834
f 1779 1818 1762
f 1779 1835 1818
f 1834 1780 1778
f 1836 1780 1834
f 1781 1835 1779
f 1781 1837 1835
f 1836 1782 1780
f 1838 1782 1836
f 1783 1837 1781
f 1783 1839 1837
f 1838 1784 1782
f 1840 1784 1838
f 1785 1839 1783
f 1785 1841 1839
f 1840 1786 1784
f 1842 1786 1840
f 1787 1841 1785
f 1787 1843 1841
f 1842 1788 1786
f 1844 1788 1842
f 1789 1843 1787
f 1789 1845 1843
f 1844 1790 1788
f 1846 1790 1844
f 1791 1845 1789
f 1791 1847 1845
f 1846 1792 1790
f 1848 1792 1846
f 1793 1847 1791
f 1793 1849 1847
f 1848 1794 1792
f 1850 1794 1848
f 1795 1849 1793
f 1795 1851 1849
f 1850 1796 1794
f 1852 1796 1850
f 1797 1851 1795
f 1797 1853 1851
f 1852 1798 1796
f 1854 1798 1852
f 1799 1853 1797
f 1799 1855 1853
f 1854 1800 1798
f 1856 1800 1854
f 1857 1855 1799
f 1857 1799 1801
f 1858 1801 1802
f 1858 1857 1801
f 1859 1802 1803
f 1859 1858 1802
f 1860 1803 1804
f 1860 1859 1803
f 1861 1804 1805
f 1861 1860 1804
f 1862 1805 1806
f 1862 1861 1805
f 1863 1806 1807
f 1863 1862 1806
f 1864 1807 1808
f 1864 1863 1807
f 1865 1808 1809
f 1865 1864 1808
f 1866 1809 1810
f 1866 1865 1809
f 1867 1810 1811
f 1867 1866 1810
f 1868 1811 1812
f 1868 1867 1811
f 1869 1812 1813
f 1869 1868 1812
f 1870 1813 1814
f 1870 1869 1813
f 1871 1814 1815
f 1871 1870 1814
f 1872 1815 1816
f 1872 1871 1815
f 1816 1800 1856
f 1816 1856 1872
f 1874 1873 1817
f 1874 1817 1818
f 1817 1875 1819
f 1873 1875 1817
f 1819 1876 1820
f 1875 1876 1819
f 1820 1877 1821
f 1876 1877 1820
f 1821 1878 1822
f 1877 1878 1821
f 1822 1879 1823
f 1878 1879 1822
f 1823 1880 1824
f 1879 1880 1823
f 1824 1881 1825
f 1880 1881 1824
f 1825 1882 1826
f 1881 1882 1825
f 1826 1883 1827
f 1882 1883 1826
f 1827 1884 1828
f 1883 1884 1827
f 1828 1885 1829
f 1884 1885 1828
f 1829 1886 1830
f 1885 1886 1829
f 1830 1887 1831
f 1886 1887 1830
f 1831 1888 1832
f 1887 1888 1831
f 1832 1889 1833
f 1888 1889 1832
f 1834 1833 1889
f 1834 1889 1890
f 1835 1874 1818
f 1835 1891 1874
f 1890 1836 1834
f 1892 1836 1890
f 1837 1891 1835
f 1837 1893 1891
f 1892 1838 1836
f 1894 1838 1892
f 1839 1893 1837
f 1839 1895 1893
f 1894 1840 1838
f 1896 1840 1894
f 1841 1895 1839
f 1841 1897 1895
f 1896 1842 1840
f 1898 1842 1896
f 1843 1897 1841
f 1843 1899 1897
f 1898 1844 1842
f 1900 1844 1898
f 1845 1899 1843
f 1845 1901 1899
f 1900 1846 1844
f 1902 1846 1900
f 1847 1901 1845
f 1847 1903 1901
f 1902 1848 1846
f 1904 1848 1902
f 1849 1903 1847
f 1849 1905 1903
f 1904 1850 1848
f 1906 1850 1904
f 1851 1905 1849
f 1851 1907 1905
f 1906 1852 1850
f 1908 1852 1906
f 1853 1907 1851
f 1853 1909 1907
f 1908 1854 1852
f 1910 1854 1908
f 1855 1909 1853
f 1855 1911 1909
f 1910 1856 1854
f 1912 1856 1910
f 1913 1911 1855
f 1913 1855 1857
f 1914 1857 1858
f 1914 1913 1857
f 1915 1858 1859
f 1915 1914 1858
f 1916 1859 1860
f 1916 1915 1859
f 1917 1860 1861
f 1917 1916 1860
f 1918 1861 1862
f 1918 1917 1861
f 1919 1862 1863
f 1919 1918 1862
f 1920 1863 1864
f 1920 1919 1863
f 1921 1864 1865
f 1921 1920 1864
f 1922 1865 1866
f 1922 1921 1865
f 1923 1866 1867
f 1923 1922 1866
f 1924 1867 1868
f 1924 1923 1867
f 1925 1868 1869
f 1925 1924 1868
f 1926 1869 1870
f 1926 1925 1869
f 1927 1870 1871
f 1927 1926 1870
f 1928 1871 1872
f 1928 1927 1871
f 1872 1856 1912
f 1872 1912 1928
f 1930 1929 1873
f 1930 1873 1874
f 1873 1931 1875
f 1929 1931 1873
f 1875 1932 1876
f 1931 1932 1875
f 1876 1933 1877
f 1932 1933 1876
f 1877 1934 1878
f 1933 1934 1877
f 1878 1935 1879
f 1934 1935 1878
f 1879 1936 1880
f 1935 1936 1879
f 1880 1937 1881
f 1936 1937 1880
f 1881 1938 1882
f 1937 1938 1881
f 1882 1939 1883
f 1938 1939 1882
f 1883 1940 1884
f 1939 1940 1883
f 1884 1941 1885
f 1940 1941 1884
f 1885 1942 1886
f 1941 1942 1885
f 1886 1943 1887
f 1942 1943 1886
f 1887 1944 1888
f 1943 1944 1887
f 1888 1945 1889
f 1944 1945 1888
f 1890 1889 1945
f 1890 1945 1946
f 1891 1930 1874
f 1891 1947 1930
f 1946 1892 1890
f 1948 1892 1946
f 1893 1947 1891
f 1893 1949 1947
f 1948 1894 1892
f 1950 1894 1948
f 1895 1949 1893
f 1895 1951 1949
f 1950 1896 1894
f 1952 1896 1950
f 1897 1951 1895
f 1897 1953 1951
f 1952 1898 1896
f 1954 1898 1952
f 1899 1953 1897
f 1899 1955 1953
f 1954 1900 1898
f 1956 1900 1954
f 1901 1955 1899
f 1901 1957 1955
f 1956 1902 1900
f 1958 1902 1956
f 1903 1957 1901
f 1903 1959 1957
f 1958 1904 1902
f 1960 1904 1958
f 1905 1959 1903
f 1905 1961 1959
f 1960 1906 1904
f 1962 1906 1960
f 1907 1961 1905
f 1907 1963 1961
f 1962 1908 1906
f 1964 1908 1962
f 1909 1963 1907
f 1909 1965 1963
f 1964 1910 1908
f 1966 1910 1964
f 1911 1965 1909
f 1911 1967 1965
f 1966 1912 1910
f 1968 1912 1966
f 1969 1967 1911
f 1969 1911 1913
f 1970 1913 1914
f 1970 1969 1913
f 1971 1914 1915
f 1971 1970 1914
f 1972 1915 1916
f 1972 1971 1915
f 1973 1916 1917
f 1973 1972 1916
f 1974 1917 1918
f 1974 1973 1917
f 1975 1918 1919
f 1975 1974 1918
f 1976 1919 1920
f 1976 1975 1919
f 1977 1920 1921
f 1977 1976 1920
f 1978 1921 1922
f 1978 1977 1921
f 1979 1922 1923
f 1979 1978 1922
f 1980 1923 1924
f 1980 1979 1923
f 1981 1924 1925
f 1981 1980 1924
f 1982 1925 1926
f 1982 1981 1925
f 1983 1926 1927
f 1983 1982 1926
f 1984 1927 1928
f 1984 1983 1927
f 1928 1912 1968
f 1928 1968 1984
f 1986 1985 1929
f 1986 1929 1930
f 1929 1987 1931
f 1985 1987 1929
f 1931 1988 1932
f 1987 1988 1931
f 1932 1989 1933
f 1988 1989 1932
f 1933 1990 1934
f 1989 1990 1933
f 1934 1991 1935
f 1990 1991 1934
f 1935 1992 1936
f 1991 1992 1935
f 1936 1993 1937
f 1992 1993 1936
f 1937 1994 1938
f 1993 1994 1937
f 1938 1995 1939
f 1994 1995 1938
f 1939 1996 1940
f 1995 1996 1939
f 1940 1997 1941
f 1996 1997 1940
f 1941 1998 1942
f 1997 1998 1941
f 1942 1999 1943
f 1998 1999 1942
f 1943 2000 1944
f 1999 2000 1943
f 1944 2001 1945
f 2000 2001 1944
f 1946 1945 2001
f 1946 2001 2002
f 1947 1986 1930
f 1947 2003 1986
f 2002 1948 1946
f 2004 1948 2002
f 1949 2003 1947
f 1949 2005 2003
f 2004 1950 1948
f 2006 1950 2004
f 1951 2005 1949
f 1951 2007 2005
f 2006 1952 1950
f 2008 1952 2006
f 1953 2007 1951
f 1953 2009 2007
f 2008 1954 1952
f 2010 1954 2008
f 1955 2009 1953
f 1955 2011 2009
f 2010 1956 1954
f 2012 1956 2010
f 1957 2011 1955
f 1957 2013 2011
f 2012 1958 1956
f 2014 1958 2012
f 1959 2013 1957
f 1959 2015 2013
f 2014 1960 1958
f 2016 1960 2014
f 1961 2015 1959
f 1961 2017 2015
f 2016 1962 1960
f 2018 1962 2016
f 1963 2017 1961
f 1963 2019 2017
f 2018 1964 1962
f 2020 1964 2018
f 1965 2019 1963
f 1965 2021 2019
f 2020 1966 1964
f 2022 1966 2020
f 1967 2021 1965
f 1967 2023 2021
f 2022 1968 1966
f 2024 1968 2022
f 2025 2023 1967
f 2025 1967 1969
f 2026 1969 1970
f 2026 2025 1969
f 2027 1970 1971
f 2027 2026 1970
f 2028 1971 1972
f 2028 2027 1971
f 2029 1972 1973
f 2029 2028 1972
f 2030 1973 1974
f 2030 2029 1973
f 2031 1974 1975
f 2031 2030 1974
f 2032 1975 1976
f 2032 2031 1975
f 2033 1976 1977
f 2033 2032 1976
f 2034 1977 1978
f 2034 2033 1977
f 2035 1978 1979
f 2035 2034 1978
f 2036 1979 1980
f 2036 2035 1979
f 2037 1980 1981
f 2037 2036 1980
f 2038 1981 1982
f 2038 2037 1981
f 2039 1982 1983
f 2039 2038 1982
f 2040 1983 1984
f 2040 2039 1983
f 1984 1968 2024
f 1984 2024 2040
f 2042 2041 1985
f 2042 1985 1986
f 1985 2043 1987
f 2041 2043 1985
f 1987 2044 1988
f 2043 2044 1987
f 1988 2045 1989
f 2044 2045 1988
f 1989 2046 1990
f 2045 2046 1989
f 1990 2047 1991
f 2046 2047 1990
f 1991 2048 1992
f 2047 2048 1991
f 1992 2049 1993
f 2048 2049 1992
f 1993 2050 1994
f 2049 2050 1993
f 1994 2051 1995
f 2050 2051 1994
f 1995 2052 1996
f 2051 2052 1995
f 1996 2053 1997
f 2052 2053 1996
f 1997 2054 1998
f 2053 2054 1997
f 1998 2055 1999
f 2054 2055 1998
f 1999 2056 2000
f 2055 2056 1999
f 2000 2057 2001
f 2056 2057 2000
f 2002 2001 2057
f 2002 2057 2058
f 2003 2042 1986
f 2003 2059 2042
f 2058 2004 2002
f 2060 2004 2058
f 2005 2059 2003
f 2005 2061 2059
f 2060 2006 2004
f 2062 2006 2060
f 2007 2061 2005
f 2007 2063 2061
f 2062 2008 2006
f 2064 2008 2062
f 2009 2063 2007
f 2009 2065 2063
f 2064 2010 2008
f 2066 2010 2064
f 2011 2065 2009
f 2011 2067 2065
f 2066 2012 2010
f 2068 2012 2066
f 2013 2067 2011
f 2013 2069 2067
f 2068 2014 2012
f 2070 2014 2068
f 2015 2069 2013
f 2015 2071 2069
f 2070 2016 2014
f 2072 2016 2070
f 2017 2071 2015
f 2017 2073 2071
f 2072 2018 2016
f 2074 2018 2072
f 2019 2073 2017
f 2019 2075 2073
f 2074 2020 2018
f 2076 2020 2074
f 2021 2075 2019
f 2021 2077 2075
f 2076 2022 2020
f 2078 2022 2076
f 2023 2077 2021
f 2023 2079 2077
f 2078 2024 2022
f 2080 2024 2078
f 2081 2079 2023
f 2081 2023 2025
f 2082 2025 2026
f 2082 2081 2025
f 2083 2026 2027
f 2083 2082 2026
f 2084 2027 2028
f 2084 2083 2027
f 2085 2028 2029
f 2085 2084 2028
f 2086 2029 2030
f 2086 2085 2029
f 2087 2030 2031
f 2087 2086 2030
f 2088 2031 2032
f 2088 2087 2031
f 2089 2032 2033
f 2089 2088 2032
f 2090 2033 2034
f 2090 2089 2033
f 2091 2034 2035
f 2091 2090 2034
f 2092 2035 2036
f 2092 2091 2035
f 2093 2036 2037
f 2093 2092 2036
f 2094 2037 2038
f 2094 2093 2037
f 2095 2038 2039
f 2095 2094 2038
f 2096 2039 2040
f 2096 2095 2039
f 2040 2024 2080
f 2040 2080 2096
f 2098 2097 2041
f 2098 2041 2042
f 2041 2099 2043
f 2097 2099 2041
f 2043 2100 2044
f 2099 2100 2043
f 2044 2101 2045
f 2100 2101 2044
f 2045 2102 2046
f 2101 2102 2045
f 2046 2103 2047
f 2102 2103 2046
f 2047 2104 2048
f 2103 2104 2047
f 2048 2105 2049
f 2104 2105 2048
f 2049 2106 2050
f 2105 2106 2049
f 2050 2107 2051
f 2106 2107 2050
f 2051 2108 2052
f 2107 2108 2051
f 2052 2109 2053
f 2108 2109 2052
f 2053 2110 2054
f 2109 2110 2053
f 2054 2111 2055
f 2110 2111 2054
f 2055 2112 2056
f 2111 2112 2055
f 2056 2113 2057
f 2112 2113 2056
f 2058 2057 2113
f 2058 2113 2114
f 2059 2098 2042
f 2059 2115 2098
f 2114 2060 2058
f 2116 2060 2114
f 2061 2115 2059
f 2061 2117 2115
f 2116 2062 2060
f 2118 2062 2116
f 2063 2117 2061
f 2063 2119 2117
f 2118 2064 2062
f 2120 2064 2118
f 2065 2119 2063
f 2065 2121 2119
f 2120 2066 2064
f 2122 2066 2120
f 2067 2121 2065
f 2067 2123 2121
f 2122 2068 2066
f 2124 2068 2122
f 2069 2123 2067
f 2069 2125 2123
f 2124 2070 2068
f 2126 2070 2124
f 2071 2125 2069
f 2071 2127 2125
f 2126 2072 2070
f 2128 2072 2126
f 2073 2127 2071
f 2073 2129 2127
f 2128 2074 2072
f 2130 2074 2128
f 2075 2129 2073
f 2075 2131 2129
f 2130 2076 2074
f 2132 2076 2130
f 2077 2131 2075
f 2077 2133 2131
f 2132 2078 2076
f 2134 2078 2132
f 2079 2133 2077
f 2079 2135 2133
f 2134 2080 2078
f 2136 2080 2134
f 2137 2135 2079
f 2137 2079 2081
f 2138 2081 2082
f 2138 2137 2081
f 2139 2082 2083
f 2139 2138 2082
f 2140 2083 2084
f 2140 2139 2083
f 2141 2084 2085
f 2141 2140 2084
f 2142 2085 2086
f 2142 2141 2085
f 2143 2086 2087
f 2143 2142 2086
f 2144 2087 2088
f 2144 2143 2087
f 2145 2088 2089
f 2145 2144 2088
f 2146 2089 2090
f 2146 2145 2089
f 2147 2090 2091
f 2147 2146 2090
f 2148 2091 2092
f 2148 2147 2091
f 2149 2092 2093
f 2149 2148 2092
f 2150 2093 2094
f 2150 2149 2093
f 2151 2094 2095
f 2151 2150 2094
f 2152 2095 2096
f 2152 2151 2095
f 2096 2080 2136
f 2096 2136 2152
f 2154 2153 2097
f 2154 2097 2098
f 2097 2155 2099
f 2153 2155 2097
f 2099 2156 2100
f 2155 2156 2099
f 2100 2157 2101
f 2156 2157 2100
f 2101 2158 2102
f 2157 2158 2101
f 2102 2159 2103
f 2158 2159 2102
f 2103 2160 2104
f 2159 2160 2103
f 2104 2161 2105
f 2160 2161 2104
f 2105 2162 2106
f 2161 2162 2105
f 2106 2163 2107
f 2162 2163 2106
f 2107 2164 2108
f 2163 2164 2107
f 2108 2165 2109
f 2164 2165 2108
f 2109 2166 2110
f 2165 2166 2109
f 2110 2167 2111
f 2166 2167 2110
f 2111 2168 2112
f 2167 2168 2111
f 2112 2169 2113
f 2168 2169 2112
f 2114 2113 2169
f 2114 2169 2170
f 2115 2154 2098
f 2115 2171 2154
f 2170 2116 2114
f 2172 2116 2170
f 2117 2171 2115
f 2117 2173 2171
f 2172 2118 2116
f 2174 2118 2172
f 2119 2173 2117
f 2119 2175 2173
f 2174 2120 2118
f 2176 2120 2174
f 2121 2175 2119
f 2121 2177 2175
f 2176 2122 2120
f 2178 2122 2176
f 2123 2177 2121
f 2123 2179 2177
f 2178 2124 2122
f 2180 2124 2178
f 2125 2179 2123
f 2125 2181 2179
f 2180 2126 2124
f 2182 2126 2180
f 2127 2181 2125
f 2127 2183 2181
f 2182 2128 2126
f 2184 2128 2182
f 2129 2183 2127
f 2129 2185 2183
f 2184 2130 2128
f 2186 2130 2184
f 2131 2185 2129
f 2131 2187 2185
f 2186 2132 2130
f 2188 2132 2186
f 2133 2187 2131
f 2133 2189 2187
f 2188 2134 2132
f 2190 2134 2188
f 2135 2189 2133
f 2135 2191 2189
f 2190 2136 2134
f 2192 2136 2190
f 2193 2191 2135
f 2193 2135 2137
f 2194 2137 2138
f 2194 2193 2137
f 2195 2138 2139
f 2195 2194 2138
f 2196 2139 2140
f 2196 2195 2139
f 2197 2140 2141
f 2197 2196 2140
f 2198 2141 2142
f 2198 2197 2141
f 2199 2142 2143
f 2199 2198 2142
f 2200 2143 2144
f 2200 2199 2143
f 2201 2144 2145
f 2201 2200 2144
f 2202 2145 2146
f 2202 2201 2145
f 2203 2146 2147
f 2203 2202 2146
f 2204 2147 2148
f 2204 2203 2147
f 2205 2148 2149
f 2205 2204 2148
f 2206 2149 2150
f 2206 2205 2149
f 2207 2150 2151
f 2207 2206 2150
f 2208 2151 2152
f 2208 2207 2151
f 2152 2136 2192
f 2152 2192 2208
f 2210 2209 2153
f 2210 2153 2154
f 2153 2211 2155
f 2209 2211 2153
f 2155 2212 2156
f 2211 2212 2155
f 2156 2213 2157
f 2212 2213 2156
f 2157 2214 2158
f 2213 2214 2157
f 2158 2215 2159
f 2214 2215 2158
f 2159 2216 2160
f 2215 2216 2159
f 2160 2217 2161
f 2216 2217 2160
f 2161 2218 2162
f 2217 2218 2161
f 2162 2219 2163
f 2218 2219 2162
f 2163 2220 2164
f 2219 2220 2163
f 2164 2221 2165
f 2220 2221 2164
f 2165 2222 2166
f 2221 2222 2165
f 2166 2223 2167
f 2222 2223 2166
f 2167 2224 2168
f 2223 2224 2167
f 2168 2225 2169
f 2224 2225 2168
f 2170 2169 2225
f 2170 2225 2226
f 2171 2210 2154
f 2171 2227 2210
f 2226 2172 2170
f 2228 2172 2226
f 2173 2227 2171
f 2173 2229 2227
f 2228 2174 2172
f 2230 2174 2228
f 2175 2229 2173
f 2175 2231 2229
f 2230 2176 2174
f 2232 2176 2230
f 2177 2231 2175
f 2177 2233 2231
f 2232 2178 2176
f 2234 2178 2232
f 2179 2233 2177
f 2179 2235 2233
f 2234 2180 2178
f 2236 2180 2234
f 2181 2235 2179
f 2181 2237 2235
f 2236 2182 2180
f 2238 2182 2236
f 2183 2237 2181
f 2183 2239 2237
f 2238 2184 2182
f 2240 2184 2238
f 2185 2239 2183
f 2185 2241 2239
f 2240 2186 2184
f 2242 2186 2240
f 2187 2241 2185
f 2187 2243 2241
f 2242 2188 2186
f 2244 2188 2242
f 2189 2243 2187
f 2189 2245 2243
f 2244 2190 2188
f 2246 2190 2244
f 2191 2245 2189
f 2191 2247 2245
f 2246 2192 2190
f 2248 2192 2246
f 2249 2247 2191
f 2249 2191 2193
f 2250 2193 2194
f 2250 2249 2193
f 2251 2194 2195
f 2251 2250 2194
f 2252 2195 2196
f 2252 2251 2195
f 2253 2196 2197
f 2253 2252 2196
f 2254 2197 2198
f 2254 2253 2197
f 2255 2198 2199
f 2255 2254 2198
f 2256 2199 2200
f 2256 2255 2199
f 2257 2200 2201
f 2257 2256 2200
f 2258 2201 2202
f 2258 2257 2201
f 2259 2202 2203
f 2259 2258 2202
f 2260 2203 2204
f 2260 2259 2203
f 2261 2204 2205
f 2261 2260 2204
f 2262 2205 2206
f 2262 2261 2205
f 2263 2206 2207
f 2263 2262 2206
f 2264 2207 2208
f 2264 2263 2207
f 2208 2192 2248
f 2208 2248 2264
f 2266 2265 2209
f 2266 2209 2210
f 2209 2267 2211
f 2265 2267 2209
f 2211 2268 2212
f 2267 2268 2211
f 2212 2269 2213
f 2268 2269 2212
f 2213 2270 2214
f 2269 2270 2213
f 2214 2271 2215
f 2270 2271 2214
f 2215 2272 2216
f 2271 2272 2215
f 2216 2273 2217
f 2272 2273 2216
f 2217 2274 2218
f 2273 2274 2217
f 2218 2275 2219
f 2274 2275 2218
f 2219 2276 2220
f 2275 2276 2219
f 2220 2277 2221
f 2276 2277 2220
f 2221 2278 2222
f 2277 2278 2221
f 2222 2279 2223
f 2278 2279 2222
f 2223 2280 2224
f 2279 2280 2223
f 2224 2281 2225
f 2280 2281 2224
f 2226 2225 2281
f 2226 2281 2282
f 2227 2266 2210
f 2227 2283 2266
f 2282 2228 2226
f 2284 2228 2282
f 2229 2283 2227
f 2229 2285 2283
f 2284 2230 2228
f 2286 2230 2284
f 2231 2285 2229
f 2231 2287 2285
f 2286 2232 2230
f 2288 2232 2286
f 2233 2287 2231
f 2233 2289 2287
f 2288 2234 2232
f 2290 2234 2288
f 2235 2289 2233
f 2235 2291 2289
f 2290 2236 2234
f 2292 2236 2290
f 2237 2291 2235
f 2237 2293 2291
f 2292 2238 2236
f 2294 2238 2292
f 2239 2293 2237
f 2239 2295 2293
f 2294 2240 2238
f 2296 2240 2294
f 2241 2295 2239
f 2241 2297 2295
f 2296 2242 2240
f 2298 2242 2296
f 2243 2297 2241
f 2243 2299 2297
f 2298 2244 2242
f 2300 2244 2298
f 2245 2299 2243
f 2245 2301 2299
f 2300 2246 2244
f 2302 2246 2300
f 2247 2301 2245
f 2247 2303 2301
f 2302 2248 2246
f 2304 2248 2302
f 2305 2303 2247
f 2305 2247 2249
f 2306 2249 2250
f 2306 2305 2249
f 2307 2250 2251
f 2307 2306 2250
f 2308 2251 2252
f 2308 2307 2251
f 2309 2252 2253
f 2309 2308 2252
f 2310 2253 2254
f 2310 2309 2253
f 2311 2254 2255
f 2311 2310 2254
f 2312 2255 2256
f 2312 2311 2255
f 2313 2256 2257
f 2313 2312 2256
f 2314 2257 2258
f 2314 2313 2257
f 2315 2258 2259
f 2315 2314 2258
f 2316 2259 2260
f 2316 2315 2259
f 2317 2260 2261
f 2317 2316 2260
f 2318 2261 2262
f 2318 2317 2261
f 2319 2262 2263
f 2319 2318 2262
f 2320 2263 2264
f 2320 2319 2263
f 2264 2248 2304
f 2264 2304 2320
f 2322 2321 2265
f 2322 2265 2266
f 2265 2323 2267
f 2321 2323 2265
f 2267 2324 2268
f 2323 2324 2267
f 2268 2325 2269
f 2324 2325 2268
f 2269 2326 2270
f 2325 2326 2269
f 2270 2327 2271
f 2326 2327 2270
f 2271 2328 2272
f 2327 2328 2271
f 2272 2329 2273
f 2328 2329 2272
f 2273 2330 2274
f 2329 2330 2273
f 2274 2331 2275
f 2330 2331 2274
f 2275 2332 2276
f 2331 2332 2275
f 2276 2333 2277
f 2332 2333 2276
f 2277 2334 2278
f 2333 2334 2277
f 2278 2335 2279
f 2334 2335 2278
f 2279 2336 2280
f 2335 2336 2279
f 2280 2337 2281
f 2336 2337 2280
f 2282 2281 2337
f 2282 2337 2338
f 2283 2322 2266
f 2283 2339 2322
f 2338 2284 2282
f 2340 2284 2338
f 2285 2339 2283
f 2285 2341 2339
f 2340 2286 2284
f 2342 2286 2340
f 2287 2341 2285
f 2287 2343 2341
f 2342 2288 2286
f 2344 2288 2342
f 2289 2343 2287
f 2289 2345 2343
f 2344 2290 2288
f 2346 2290 2344
f 2291 2345 2289
f 2291 2347 2345
f 2346 2292 2290
f 2348 2292 2346
f 2293 2347 2291
f 2293 2349 2347
f 2348 2294 2292
f 2350 2294 2348
f 2295 2349 2293
f 2295 2351 2349
f 2350 2296 2294
f 2352 2296 2350
f 2297 2351 2295
f 2297 2353 2351
f 2352 2298 2296
f 2354 2298 2352
f 2299 2353 2297
f 2299 2355 2353
f 2354 2300 2298
f 2356 2300 2354
f 2301 2355 2299
f 2301 2357 2355
f 2356 2302 2300
f 2358 2302 2356
f 2303 2357 2301
f 2303 2359 2357
f 2358 2304 2302
f 2360 2304 2358
f 2361 2359 2303
f 2361 2303 2305
f 2362 2305 2306
f 2362 2361 2305
f 2363 2306 2307
f 2363 2362 2306
f 2364 2307 2308
f 2364 2363 2307
f 2365 2308 2309
f 2365 2364 2308
f 2366 2309 2310
f 2366 2365 2309
f 2367 2310 2311
f 2367 2366 2310
f 2368 2311 2312
f 2368 2367 2311
f 2369 2312 2313
f 2369 2368 2312
f 2370 2313 2314
f 2370 2369 2313
f 2371 2314 2315
f 2371 2370 2314
f 2372 2315 2316
f 2372 2371 2315
f 2373 2316 2317
f 2373 2372 2316
f 2374 2317 2318
f 2374 2373 2317
f 2375 2318 2319
f 2375 2374 2318
f 2376 2319 2320
f 2376 2375 2319
f 2320 2304 2360
f 2320 2360 2376
f 2378 2377 2321
f 2378 2321 2322
f 2321 2379 2323
f 2377 2379 2321
f 2323 2380 2324
f 2379 2380 2323
f 2324 2381 2325
f 2380 2381 2324
f 2325 2382 2326
f 2381 2382 2325
f 2326 2383 2327
f 2382 2383 2326
f 2327 2384 2328
f 2383 2384 2327
f 2328 2385 2329
f 2384 2385 2328
f 2329 2386 2330
f 2385 2386 2329
f 2330 2387 2331
f 2386 2387 2330
f 2331 2388 2332
f 2387 2388 2331
f 2332 2389 2333
f 2388 2389 2332
f 2333 2390 2334
f 2389 2390 2333
f 2334 2391 2335
f 2390 2391 2334
f 2335 2392 2336
f 2391 2392 2335
f 2336 2393 2337
f 2392 2393 2336
f 2338 2337 2393
f 2338 2393 2394
f 2339 2378 2322
f 2339 2395 2378
f 2394 2340 2338
f 2396 2340 2394
f 2341 2395 2339
f 2341 2397 2395
f 2396 2342 2340
f 2398 2342 2396
f 2343 2397 2341
f 2343 2399 2397
f 2398 2344 2342
f 2400 2344 2398
f 2345 2399 2343
f 2345 2401 2399
f 2400 2346 2344
f 2402 2346 2400
f 2347 2401 2345
f 2347 2403 2401
f 2402 2348 2346
f 2404 2348 2402
f 2349 2403 2347
f 2349 2405 2403
f 2404 2350 2348
f 2406 2350 2404
f 2351 2405 2349
f 2351 2407 2405
f 2406 2352 2350
f 2408 2352 2406
f 2353 2407 2351
f 2353 2409 2407
f 2408 2354 2352
f 2410 2354 2408
f 2355 2409 2353
f 2355 2411 2409
f 2410 2356 2354
f 2412 2356 2410
f 2357 2411 2355
f 2357 2413 2411
f 2412 2358 2356
f 2414 2358 2412
f 2359 2413 2357
f 2359 2415 2413
f 2414 2360 2358
f 2416 2360 2414
f 2417 2415 2359
f 2417 2359 2361
f 2418 2361 2362
f 2418 2417 2361
f 2419 2362 2363
f 2419 2418 2362
f 2420 2363 2364
f 2420 2419 2363
f 2421 2364 2365
f 2421 2420 2364
f 2422 2365 2366
f 2422 2421 2365
f 2423 2366 2367
f 2423 2422 2366
f 2424 2367 2368
f 2424 2423 2367
f 2425 2368 2369
f 2425 2424 2368
f 2426 2369 2370
f 2426 2425 2369
f 2427 2370 2371
f 2427 2426 2370
f 2428 2371 2372
f 2428 2427 2371
f 2429 2372 2373
f 2429 2428 2372
f 2430 2373 2374
f 2430 2429 2373
f 2431 2374 2375
f 2431 2430 2374
f 2432 2375 2376
f 2432 2431 2375
f 2376 2360 2416
f 2376 2416 2432
f 2434 2433 2377
f 2434 2377 2378
f 2377 2435 2379
f 2433 2435 2377
f 2379 2436 2380
f 2435 2436 2379
f 2380 2437 2381
f 2436 2437 2380
f 2381 2438 2382
f 2437 2438 2381
f 2382 2439 2383
f 2438 2439 2382
f 2383 2440 2384
f 2439 2440 2383
f 2384 2441 2385
f 2440 2441 2384
f 2385 2442 2386
f 2441 2442 2385
f 2386 2443 2387
f 2442 2443 2386
f 2387 2444 2388
f 2443 2444 2387
f 2388 2445 2389
f 2444 2445 2388
f 2389 2446 2390
f 2445 2446 2389
f 2390 2447 2391
f 2446 2447 2390
f 2391 2448 2392
f 2447 2448 2391
f 2392 2449 2393
f 2448 2449 2392
f 2394 2393 2449
f 2394 2449 2450
f 2395 2434 2378
f 2395 2451 2434
f 2450 2396 2394
f 2452 2396 2450
f 2397 2451 2395
f 2397 2453 2451
f 2452 2398 2396
f 2454 2398 2452
f 2399 2453 2397
f 2399 2455 2453
f 2454 2400 2398
f 2456 2400 2454
f 2401 2455 2399
f 2401 2457 2455
f 2456 2402 2400
f 2458 2402 2456
f 2403 2457 2401
f 2403 2459 2457
f 2458 2404 2402
f 2460 2404 2458
f 2405 2459 2403
f 2405 2461 2459
f 2460 2406 2404
f 2462 2406 2460
f 2407 2461 2405
f 2407 2463 2461
f 2462 2408 2406
f 2464 2408 2462
f 2409 2463 2407
f 2409 2465 2463
f 2464 2410 2408
f 2466 2410 2464
f 2411 2465 2409
f 2411 2467 2465
f 2466 2412 2410
f 2468 2412 2466
f 2413 2467 2411
f 2413 2469 2467
f 2468 2414 2412
f 2470 2414 2468
f 2415 2469 2413
f 2415 2471 2469
f 2470 2416 2414
f 2472 2416 2470
f 2473 2471 2415
f 2473 2415 2417
f 2474 2417 2418
f 2474 2473 2417
f 2475 2418 2419
f 2475 2474 2418
f 2476 2419 2420
f 2476 2475 2419
f 2477 2420 2421
f 2477 2476 2420
f 2478 2421 2422
f 2478 2477 2421
f 2479 2422 2423
f 2479 2478 2422
f 2480 2423 2424
f 2480 2479 2423
f 2481 2424 2425
f 2481 2480 2424
f 2482 2425 2426
f 2482 2481 2425
f 2483 2426 2427
f 2483 2482 2426
f 2484 2427 2428
f 2484 2483 2427
f 2485 2428 2429
f 2485 2484 2428
f 2486 2429 2430
f 2486 2485 2429
f 2487 2430 2431
f 2487 2486 2430
f 2488 2431 2432
f 2488 2487 2431
f 2432 2416 2472
f 2432 2472 2488
f 2434 2489 2433
f 2433 2489 2490
f 2491 2433 2490
f 2435 2433 2491
f 2435 2492 2436
f 2491 2492 2435
f 2436 2493 2437
f 2492 2493 2436
f 2437 2494 2438
f 2493 2494 2437
f 2438 2495 2439
f 2494 2495 2438
f 2439 2496 2440
f 2495 2496 2439
f 2440 2497 2441
f 2496 2497 2440
f 2441 2498 2442
f 2497 2498 2441
f 2442 2499 2443
f 2498 2499 2442
f 2443 2500 2444
f 2499 2500 2443
f 2444 2501 2445
f 2500 2501 2444
f 2445 2502 2446
f 2501 2502 2445
f 2446 2503 2447
f 2502 2503 2446
f 2447 2504 2448
f 2503 2504 2447
f 2504 2506 2505
f 2449 2504 2505
f 2448 2504 2449
f 2505 2450 2449
f 2508 2507 2489
f 2434 2508 2489
f 2451 2508 2434
f 2489 2507 2490
f 2506 2509 2505
f 2450 2505 2509
f 2510 2450 2509
f 2452 2450 2510
f 2453 2508 2451
f 2453 2511 2508
f 2510 2454 2452
f 2512 2454 2510
f 2455 2511 2453
f 2455 2513 2511
f 2512 2456 2454
f 2514 2456 2512
f 2457 2513 2455
f 2457 2515 2513
f 2514 2458 2456
f 2516 2458 2514
f 2459 2515 2457
f 2459 2517 2515
f 2516 2460 2458
f 2518 2460 2516
f 2461 2517 2459
f 2461 2519 2517
f 2518 2462 2460
f 2520 2462 2518
f 2463 2519 2461
f 2463 2521 2519
f 2520 2464 2462
f 2522 2464 2520
f 2465 2521 2463
f 2465 2523 2521
f 2522 2466 2464
f 2524 2466 2522
f 2467 2523 2465
f 2467 2525 2523
f 2524 2468 2466
f 2526 2468 2524
f 2469 2525 2467
f 2469 2527 2525
f 2526 2470 2468
f 2528 2470 2526
f 2471 2530 2529
f 2527 2471 2529
f 2469 2471 2527
f 2530 2531 2529
f 2534 2533 2532
f 2528 2534 2532
f 2472 2528 2532
f 2470 2528 2472
f 2473 2530 2471
f 2535 2531 2530
f 2473 2535 2530
f 2474 2535 2473
f 2536 2474 2475
f 2536 2535 2474
f 2537 2475 2476
f 2537 2536 2475
f 2538 2476 2477
f 2538 2537 2476
f 2539 2477 2478
f 2539 2538 2477
f 2540 2478 2479
f 2540 2539 2478
f 2541 2479 2480
f 2541 2540 2479
f 2542 2480 2481
f 2542 2541 2480
f 2543 2481 2482
f 2543 2542 2481
f 2544 2482 2483
f 2544 2543 2482
f 2545 2483 2484
f 2545 2544 2483
f 2546 2484 2485
f 2546 2545 2484
f 2547 2485 2486
f 2547 2546 2485
f 2548 2486 2487
f 2548 2547 2486
f 2488 2532 2533
f 2548 2488 2533
f 2487 2488 2548
f 2532 2488 2472
f 2490 2549 2491
f 2550 2492 2491
f 2550 2491 2549
f 2551 2493 2492
f 2551 2492 2550
f 2552 2494 2493
f 2552 2493 2551
f 2553 2495 2494
f 2553 2494 2552
f 2554 2496 2495
f 2554 2495 2553
f 2555 2497 2496
f 2555 2496 2554
f 2556 2498 2497
f 2556 2497 2555
f 2557 2499 2498
f 2557 2498 2556
f 2558 2500 2499
f 2558 2499 2557
f 2559 2501 2500
f 2559 2500 2558
f 2560 2502 2501
f 2560 2501 2559
f 2561 2503 2502
f 2561 2502 2560
f 2562 2504 2503
f 2562 2503 2561
f 2562 2506 2504
f 2508 2563 2507
f 2549 2490 2507
f 2563 2549 2507
f 2564 2549 2563
f 2549 2565 2550
f 2549 2564 2565
f 2550 2566 2551
f 2550 2565 2566
f 2551 2567 2552
f 2551 2566 2567
f 2552 2568 2553
f 2552 2567 2568
f 2553 2569 2554
f 2553 2568 2569
f 2554 2570 2555
f 2554 2569 2570
f 2555 2571 2556
f 2555 2570 2571
f 2556 2572 2557
f 2556 2571 2572
f 2557 2573 2558
f 2557 2572 2573
f 2558 2574 2559
f 2558 2573 2574
f 2559 2575 2560
f 2559 2574 2575
f 2560 2576 2561
f 2560 2575 2576
f 2561 2577 2562
f 2561 2576 2577
f 2578 2509 2506
f 2562 2578 2506
f 2577 2578 2562
f 2578 2510 2509
f 2511 2579 2563
f 2511 2563 2508
f 2563 2580 2564
f 2563 2579 2580
f 2564 2581 2565
f 2564 2580 2581
f 2565 2582 2566
f 2565 2581 2582
f 2566 2583 2567
f 2566 2582 2583
f 2567 2584 2568
f 2567 2583 2584
f 2568 2585 2569
f 2568 2584 2585
f 2569 2586 2570
f 2569 2585 2586
f 2570 2587 2571
f 2570 2586 2587
f 2571 2588 2572
f 2571 2587 2588
f 2572 2589 2573
f 2572 2588 2589
f 2573 2590 2574
f 2573 2589 2590
f 2574 2591 2575
f 2574 2590 2591
f 2575 2592 2576
f 2575 2591 2592
f 2576 2593 2577
f 2576 2592 2593
f 2577 2594 2578
f 2577 2593 2594
f 2594 2512 2510
f 2594 2510 2578
f 2513 2595 2579
f 2513 2579 2511
f 2579 2596 2580
f 2579 2595 2596
f 2580 2597 2581
f 2580 2596 2597
f 2581 2598 2582
f 2581 2597 2598
f 2582 2599 2583
f 2582 2598 2599
f 2583 2600 2584
f 2583 2599 2600
f 2584 2601 2585
f 2584 2600 2601
f 2585 2602 2586
f 2585 2601 2602
f 2586 2603 2587
f 2586 2602 2603
f 2587 2604 2588
f 2587 2603 2604
f 2588 2605 2589
f 2588 2604 2605
f 2589 2606 2590
f 2589 2605 2606
f 2590 2607 2591
f 2590 2606 2607
f 2591 2608 2592
f 2591 2607 2608
f 2592 2609 2593
f 2592 2608 2609
f 2593 2610 2594
f 2593 2609 2610
f 2610 2514 2512
f 2610 2512 2594
f 2515 2611 2595
f 2515 2595 2513
f 2595 2612 2596
f 2595 2611 2612
f 2596 2613 2597
f 2596 2612 2613
f 2597 2614 2598
f 2597 2613 2614
f 2598 2615 2599
f 2598 2614 2615
f 2599 2616 2600
f 2599 2615 2616
f 2600 2617 2601
f 2600 2616 2617
f 2601 2618 2602
f 2601 2617 2618
f 2602 2619 2603
f 2602 2618 2619
f 2603 2620 2604
f 2603 2619 2620
f 2604 2621 2605
f 2604 2620 2621
f 2605 2622 2606
f 2605 2621 2622
f 2606 2623 2607
f 2606 2622 2623
f 2607 2624 2608
f 2607 2623 2624
f 2608 2625 2609
f 2608 2624 2625
f 2609 2626 2610
f 2609 2625 2626
f 2626 2516 2514
f 2626 2514 2610
f 2517 2627 2611
f 2517 2611 2515
f 2611 2628 2612
f 2611 2627 2628
f 2612 2629 2613
f 2612 2628 2629
f 2613 2630 2614
f 2613 2629 2630
f 2614 2631 2615
f 2614 2630 2631
f 2615 2632 2616
f 2615 2631 2632
f 2616 2633 2617
f 2616 2632 2633
f 2617 2634 2618
f 2617 2633 2634
f 2618 2635 2619
f 2618 2634 2635
f 2619 2636 2620
f 2619 2635 2636
f 2620 2637 2621
f 2620 2636 2637
f 2621 2638 2622
f 2621 2637 2638
f 2622 2639 2623
f 2622 2638 2639
f 2623 2640 2624
f 2623 2639 2640
f 2624 2641 2625
f 2624 2640 2641
f 2625 2642 2626
f 2625 2641 2642
f 2642 2518 2516
f 2642 2516 2626
f 2519 2643 2627
f 2519 2627 2517
f 2627 2644 2628
f 2627 2643 2644
f 2628 2645 2629
f 2628 2644 2645
f 2629 2646 2630
f 2629 2645 2646
f 2630 2647 2631
f 2630 2646 2647
f 2631 2648 2632
f 2631 2647 2648
f 2632 2649 2633
f 2632 2648 2649
f 2633 2650 2634
f 2633 2649 2650
f 2634 2651 2635
f 2634 2650 2651
f 2635 2652 2636
f 2635 2651 2652
f 2636 2653 2637
f 2636 2652 2653
f 2637 2654 2638
f 2637 2653 2654
f 2638 2655 2639
f 2638 2654 2655
f 2639 2656 2640
f 2639 2655 2656
f 2640 2657 2641
f 2640 2656 2657
f 2641 2658 2642
f 2641 2657 2658
f 2658 2520 2518
f 2658 2518 2642
f 2521 2659 2643
f 2521 2643 2519
f 2643 2660 2644
f 2643 2659 2660
f 2644 2661 2645
f 2644 2660 2661
f 2645 2662 2646
f 2645 2661 2662
f 2646 2663 2647
f 2646 2662 2663
f 2647 2664 2648
f 2647 2663 2664
f 2648 2665 2649
f 2648 2664 2665
f 2649 2666 2650
f 2649 2665 2666
f 2650 2667 2651
f 2650 2666 2667
f 2651 2668 2652
f 2651 2667 2668
f 2652 2669 2653
f 2652 2668 2669
f 2653 2670 2654
f 2653 2669 2670
f 2654 2671 2655
f 2654 2670 2671
f 2655 2672 2656
f 2655 2671 2672
f 2656 2673 2657
f 2656 2672 2673
f 2657 2674 2658
f 2657 2673 2674
f 2674 2522 2520
f 2674 2520 2658
f 2523 2675 2659
f 2523 2659 2521
f 2659 2676 2660
f 2659 2675 2676
f 2660 2677 2661
f 2660 2676 2677
f 2661 2678 2662
f 2661 2677 2678
f 2662 2679 2663
f 2662 2678 2679
f 2663 2680 2664
f 2663 2679 2680
f 2664 2681 2665
f 2664 2680 2681
f 2665 2682 2666
f 2665 2681 2682
f 2666 2683 2667
f 2666 2682 2683
f 2667 2684 2668
f 2667 2683 2684
f 2668 2685 2669
f 2668 2684 2685
f 2669 2686 2670
f 2669 2685 2686
f 2670 2687 2671
f 2670 2686 2687
f 2671 2688 2672
f 2671 2687 2688
f 2672 2689 2673
f 2672 2688 2689
f 2673 2690 2674
f 2673 2689 2690
f 2690 2524 2522
f 2690 2522 2674
f 2525 2691 2675
f 2525 2675 2523
f 2675 2692 2676
f 2675 2691 2692
f 2676 2693 2677
f 2676 2692 2693
f 2677 2694 2678
f 2677 2693 2694
f 2678 2695 2679
f 2678 2694 2695
f 2679 2696 2680
f 2679 2695 2696
f 2680 2697 2681
f 2680 2696 2697
f 2681 2698 2682
f 2681 2697 2698
f 2682 2699 2683
f 2682 2698 2699
f 2683 2700 2684
f 2683 2699 2700
f 2684 2701 2685
f 2684 2700 2701
f 2685 2702 2686
f 2685 2701 2702
f 2686 2703 2687
f 2686 2702 2703
f 2687 2704 2688
f 2687 2703 2704
f 2688 2705 2689
f 2688 2704 2705
f 2689 2706 2690
f 2689 2705 2706
f 2706 2526 2524
f 2706 2524 2690
f 2527 2707 2691
f 2527 2691 2525
f 2691 2708 2692
f 2691 2707 2708
f 2692 2709 2693
f 2692 2708 2709
f 2693 2710 2694
f 2693 2709 2710
f 2694 2711 2695
f 2694 2710 2711
f 2695 2712 2696
f 2695 2711 2712
f 2696 2713 2697
f 2696 2712 2713
f 2697 2714 2698
f 2697 2713 2714
f 2698 2715 2699
f 2698 2714 2715
f 2699 2716 2700
f 2699 2715 2716
f 2700 2717 2701
f 2700 2716 2717
f 2701 2718 2702
f 2701 2717 2718
f 2702 2719 2703
f 2702 2718 2719
f 2703 2720 2704
f 2703 2719 2720
f 2704 2721 2705
f 2704 2720 2721
f 2705 2722 2706
f 2705 2721 2722
f 2722 2528 2526
f 2722 2526 2706
f 2529 2707 2527
f 2707 2529 2531
f 2723 2707 2531
f 2708 2707 2723
f 2708 2724 2709
f 2708 2723 2724
f 2709 2725 2710
f 2709 2724 2725
f 2710 2726 2711
f 2710 2725 2726
f 2711 2727 2712
f 2711 2726 2727
f 2712 2728 2713
f 2712 2727 2728
f 2713 2729 2714
f 2713 2728 2729
f 2714 2730 2715
f 2714 2729 2730
f 2715 2731 2716
f 2715 2730 2731
f 2716 2732 2717
f 2716 2731 2732
f 2717 2733 2718
f 2717 2732 2733
f 2718 2734 2719
f 2718 2733 2734
f 2719 2735 2720
f 2719 2734 2735
f 2720 2736 2721
f 2720 2735 2736
f 2736 2533 2534
f 2722 2736 2534
f 2721 2736 2722
f 2722 2534 2528
f 2535 2723 2531
f 2723 2535 2536
f 2723 2536 2724
f 2724 2536 2537
f 2724 2537 2725
f 2725 2537 2538
f 2725 2538 2726
f 2726 2538 2539
f 2726 2539 2727
f 2727 2539 2540
f 2727 2540 2728
f 2728 2540 2541
f 2728 2541 2729
f 2729 2541 2542
f 2729 2542 2730
f 2730 2542 2543
f 2730 2543 2731
f 2731 2543 2544
f 2731 2544 2732
f 2732 2544 2545
f 2732 2545 2733
f 2733 2545 2546
f 2733 2546 2734
f 2734 2546 2547
f 2734 2547 2735
f 2735 2547 2548
f 2735 2548 2736
f 2736 2548 2533

