# https://github.com/mikedh/trimesh
v -0.06530639 -0.04153171 -0.02004828
v -0.06527170 -0.04160461 -0.02004828
v -0.06527170 -0.04153171 -0.02013556
v -0.06558489 -0.04153171 -0.01793793
v -0.06527170 -0.04218718 -0.01793793
v -0.06558489 -0.04153171 -0.01582759
v -0.06527170 -0.04218718 -0.01582759
v -0.06558489 -0.04153171 -0.01371724
v -0.06527170 -0.04218718 -0.01371724
v -0.06558489 -0.04153171 -0.01160690
v -0.06527170 -0.04218718 -0.01160690
v -0.06558489 -0.04153171 -0.00949655
v -0.06527170 -0.04218718 -0.00949655
v -0.06558489 -0.04153171 -0.00738621
v -0.06527170 -0.04218718 -0.00738621
v -0.06558489 -0.04153171 -0.00527586
v -0.06527170 -0.04218718 -0.00527586
v -0.06558489 -0.04153171 -0.00316552
v -0.06527170 -0.04218718 -0.00316552
v -0.06558489 -0.04153171 -0.00105517
v -0.06527170 -0.04218718 -0.00105517
v -0.06558489 -0.04153171 0.00105517
v -0.06527170 -0.04218718 0.00105517
v -0.06558489 -0.04153171 0.00316552
v -0.06527170 -0.04218718 0.00316552
v -0.06558489 -0.04153171 0.00527586
v -0.06527170 -0.04218718 0.00527586
v -0.06558489 -0.04153171 0.00738621
v -0.06527170 -0.04218718 0.00738621
v -0.06558489 -0.04153171 0.00949655
v -0.06527170 -0.04218718 0.00949655
v -0.06558489 -0.04153171 0.01160690
v -0.06527170 -0.04218718 0.01160690
v -0.06558489 -0.04153171 0.01371724
v -0.06527170 -0.04218718 0.01371724
v -0.06558489 -0.04153171 0.01582759
v -0.06527170 -0.04218718 0.01582759
v -0.06558489 -0.04153171 0.01793793
v -0.06527170 -0.04218718 0.01793793
v -0.06530639 -0.04153171 0.02004828
v -0.06527170 -0.04160461 0.02004828
v -0.06527170 -0.04153171 0.02013556
v -0.06572975 -0.03901463 -0.02004828
v -0.06527170 -0.03901463 -0.02119129
v -0.06599999 -0.03901463 -0.01793793
v -0.06599999 -0.03901463 -0.01582759
v -0.06599999 -0.03901463 -0.01371724
v -0.06599999 -0.03901463 -0.01160690
v -0.06599999 -0.03901463 -0.00949655
v -0.06599999 -0.03901463 -0.00738621
v -0.06599999 -0.03901463 -0.00527586
v -0.06599999 -0.03901463 -0.00316552
v -0.06599999 -0.03901463 -0.00105517
v -0.06599999 -0.03901463 0.00105517
v -0.06599999 -0.03901463 0.00316552
v -0.06599999 -0.03901463 0.00527586
v -0.06599999 -0.03901463 0.00738621
v -0.06599999 -0.03901463 0.00949655
v -0.06599999 -0.03901463 0.01160690
v -0.06599999 -0.03901463 0.01371724
v -0.06599999 -0.03901463 0.01582759
v -0.06599999 -0.03901463 0.01793793
v -0.06572975 -0.03901463 0.02004828
v -0.06527170 -0.03901463 0.02119129
v -0.06572976 -0.03649756 -0.02004828
v -0.06527170 -0.03649756 -0.02119133
v -0.06600000 -0.03649756 -0.01793793
v -0.06600000 -0.03649756 -0.01582759
v -0.06600000 -0.03649756 -0.01371724
v -0.06600000 -0.03649756 -0.01160690
v -0.06600000 -0.03649756 -0.00949655
v -0.06600000 -0.03649756 -0.00738621
v -0.06600000 -0.03649756 -0.00527586
v -0.06600000 -0.03649756 -0.00316552
v -0.06600000 -0.03649756 -0.00105517
v -0.06600000 -0.03649756 0.00105517
v -0.06600000 -0.03649756 0.00316552
v -0.06600000 -0.03649756 0.00527586
v -0.06600000 -0.03649756 0.00738621
v -0.06600000 -0.03649756 0.00949655
v -0.06600000 -0.03649756 0.01160690
v -0.06600000 -0.03649756 0.01371724
v -0.06600000 -0.03649756 0.01582759
v -0.06600000 -0.03649756 0.01793793
v -0.06572976 -0.03649756 0.02004828
v -0.06527170 -0.03649756 0.02119133
v -0.06572976 -0.03398049 -0.02004828
v -0.06527170 -0.03398049 -0.02119133
v -0.06600000 -0.03398049 -0.01793793
v -0.06600000 -0.03398049 -0.01582759
v -0.06600000 -0.03398049 -0.01371724
v -0.06600000 -0.03398049 -0.01160690
v -0.06600000 -0.03398049 -0.00949655
v -0.06600000 -0.03398049 -0.00738621
v -0.06600000 -0.03398049 -0.00527586
v -0.06600000 -0.03398049 -0.00316552
v -0.06600000 -0.03398049 -0.00105517
v -0.06600000 -0.03398049 0.00105517
v -0.06600000 -0.03398049 0.00316552
v -0.06600000 -0.03398049 0.00527586
v -0.06600000 -0.03398049 0.00738621
v -0.06600000 -0.03398049 0.00949655
v -0.06600000 -0.03398049 0.01160690
v -0.06600000 -0.03398049 0.01371724
v -0.06600000 -0.03398049 0.01582759
v -0.06600000 -0.03398049 0.01793793
v -0.06572976 -0.03398049 0.02004828
v -0.06527170 -0.03398049 0.02119133
v -0.06572976 -0.03146341 -0.02004828
v -0.06527170 -0.03146341 -0.02119133
v -0.06600000 -0.03146341 -0.01793793
v -0.06600000 -0.03146341 -0.01582759
v -0.06600000 -0.03146341 -0.01371724
v -0.06600000 -0.03146341 -0.01160690
v -0.06600000 -0.03146341 -0.00949655
v -0.06600000 -0.03146341 -0.00738621
v -0.06600000 -0.03146341 -0.00527586
v -0.06600000 -0.03146341 -0.00316552
v -0.06600000 -0.03146341 -0.00105517
v -0.06600000 -0.03146341 0.00105517
v -0.06600000 -0.03146341 0.00316552
v -0.06600000 -0.03146341 0.00527586
v -0.06600000 -0.03146341 0.00738621
v -0.06600000 -0.03146341 0.00949655
v -0.06600000 -0.03146341 0.01160690
v -0.06600000 -0.03146341 0.01371724
v -0.06600000 -0.03146341 0.01582759
v -0.06600000 -0.03146341 0.01793793
v -0.06572976 -0.03146341 0.02004828
v -0.06527170 -0.03146341 0.02119133
v -0.06572976 -0.02894634 -0.02004828
v -0.06527170 -0.02894634 -0.02119133
v -0.06600000 -0.02894634 -0.01793793
v -0.06600000 -0.02894634 -0.01582759
v -0.06600000 -0.02894634 -0.01371724
v -0.06600000 -0.02894634 -0.01160690
v -0.06600000 -0.02894634 -0.00949655
v -0.06600000 -0.02894634 -0.00738621
v -0.06600000 -0.02894634 -0.00527586
v -0.06600000 -0.02894634 -0.00316552
v -0.06600000 -0.02894634 -0.00105517
v -0.06600000 -0.02894634 0.00105517
v -0.06600000 -0.02894634 0.00316552
v -0.06600000 -0.02894634 0.00527586
v -0.06600000 -0.02894634 0.00738621
v -0.06600000 -0.02894634 0.00949655
v -0.06600000 -0.02894634 0.01160690
v -0.06600000 -0.02894634 0.01371724
v -0.06600000 -0.02894634 0.01582759
v -0.06600000 -0.02894634 0.01793793
v -0.06572976 -0.02894634 0.02004828
v -0.06527170 -0.02894634 0.02119133
v -0.06572976 -0.02642927 -0.02004828
v -0.06527170 -0.02642927 -0.02119133
v -0.06600000 -0.02642927 -0.01793793
v -0.06600000 -0.02642927 -0.01582759
v -0.06600000 -0.02642927 -0.01371724
v -0.06600000 -0.02642927 -0.01160690
v -0.06600000 -0.02642927 -0.00949655
v -0.06600000 -0.02642927 -0.00738621
v -0.06600000 -0.02642927 -0.00527586
v -0.06600000 -0.02642927 -0.00316552
v -0.06600000 -0.02642927 -0.00105517
v -0.06600000 -0.02642927 0.00105517
v -0.06600000 -0.02642927 0.00316552
v -0.06600000 -0.02642927 0.00527586
v -0.06600000 -0.02642927 0.00738621
v -0.06600000 -0.02642927 0.00949655
v -0.06600000 -0.02642927 0.01160690
v -0.06600000 -0.02642927 0.01371724
v -0.06600000 -0.02642927 0.01582759
v -0.06600000 -0.02642927 0.01793793
v -0.06572976 -0.02642927 0.02004828
v -0.06527170 -0.02642927 0.02119133
v -0.06572976 -0.02391220 -0.02004828
v -0.06527170 -0.02391220 -0.02119133
v -0.06600000 -0.02391220 -0.01793793
v -0.06600000 -0.02391220 -0.01582759
v -0.06600000 -0.02391220 -0.01371724
v -0.06600000 -0.02391220 -0.01160690
v -0.06600000 -0.02391220 -0.00949655
v -0.06600000 -0.02391220 -0.00738621
v -0.06600000 -0.02391220 -0.00527586
v -0.06600000 -0.02391220 -0.00316552
v -0.06600000 -0.02391220 -0.00105517
v -0.06600000 -0.02391220 0.00105517
v -0.06600000 -0.02391220 0.00316552
v -0.06600000 -0.02391220 0.00527586
v -0.06600000 -0.02391220 0.00738621
v -0.06600000 -0.02391220 0.00949655
v -0.06600000 -0.02391220 0.01160690
v -0.06600000 -0.02391220 0.01371724
v -0.06600000 -0.02391220 0.01582759
v -0.06600000 -0.02391220 0.01793793
v -0.06572976 -0.02391220 0.02004828
v -0.06527170 -0.02391220 0.02119133
v -0.06572976 -0.02139512 -0.02004828
v -0.06527170 -0.02139512 -0.02119133
v -0.06600000 -0.02139512 -0.01793793
v -0.06600000 -0.02139512 -0.01582759
v -0.06600000 -0.02139512 -0.01371724
v -0.06600000 -0.02139512 -0.01160690
v -0.06600000 -0.02139512 -0.00949655
v -0.06600000 -0.02139512 -0.00738621
v -0.06600000 -0.02139512 -0.00527586
v -0.06600000 -0.02139512 -0.00316552
v -0.06600000 -0.02139512 -0.00105517
v -0.06600000 -0.02139512 0.00105517
v -0.06600000 -0.02139512 0.00316552
v -0.06600000 -0.02139512 0.00527586
v -0.06600000 -0.02139512 0.00738621
v -0.06600000 -0.02139512 0.00949655
v -0.06600000 -0.02139512 0.01160690
v -0.06600000 -0.02139512 0.01371724
v -0.06600000 -0.02139512 0.01582759
v -0.06600000 -0.02139512 0.01793793
v -0.06572976 -0.02139512 0.02004828
v -0.06527170 -0.02139512 0.02119133
v -0.06572976 -0.01887805 -0.02004828
v -0.06527170 -0.01887805 -0.02119133
v -0.06600000 -0.01887805 -0.01793793
v -0.06600000 -0.01887805 -0.01582759
v -0.06600000 -0.01887805 -0.01371724
v -0.06600000 -0.01887805 -0.01160690
v -0.06600000 -0.01887805 -0.00949655
v -0.06600000 -0.01887805 -0.00738621
v -0.06600000 -0.01887805 -0.00527586
v -0.06600000 -0.01887805 -0.00316552
v -0.06600000 -0.01887805 -0.00105517
v -0.06600000 -0.01887805 0.00105517
v -0.06600000 -0.01887805 0.00316552
v -0.06600000 -0.01887805 0.00527586
v -0.06600000 -0.01887805 0.00738621
v -0.06600000 -0.01887805 0.00949655
v -0.06600000 -0.01887805 0.01160690
v -0.06600000 -0.01887805 0.01371724
v -0.06600000 -0.01887805 0.01582759
v -0.06600000 -0.01887805 0.01793793
v -0.06572976 -0.01887805 0.02004828
v -0.06527170 -0.01887805 0.02119133
v -0.06572976 -0.01636098 -0.02004828
v -0.06527170 -0.01636098 -0.02119133
v -0.06600000 -0.01636098 -0.01793793
v -0.06600000 -0.01636098 -0.01582759
v -0.06600000 -0.01636098 -0.01371724
v -0.06600000 -0.01636098 -0.01160690
v -0.06600000 -0.01636098 -0.00949655
v -0.06600000 -0.01636098 -0.00738621
v -0.06600000 -0.01636098 -0.00527586
v -0.06600000 -0.01636098 -0.00316552
v -0.06600000 -0.01636098 -0.00105517
v -0.06600000 -0.01636098 0.00105517
v -0.06600000 -0.01636098 0.00316552
v -0.06600000 -0.01636098 0.00527586
v -0.06600000 -0.01636098 0.00738621
v -0.06600000 -0.01636098 0.00949655
v -0.06600000 -0.01636098 0.01160690
v -0.06600000 -0.01636098 0.01371724
v -0.06600000 -0.01636098 0.01582759
v -0.06600000 -0.01636098 0.01793793
v -0.06572976 -0.01636098 0.02004828
v -0.06527170 -0.01636098 0.02119133
v -0.06572976 -0.01384390 -0.02004828
v -0.06527170 -0.01384390 -0.02119133
v -0.06600000 -0.01384390 -0.01793793
v -0.06600000 -0.01384390 -0.01582759
v -0.06600000 -0.01384390 -0.01371724
v -0.06600000 -0.01384390 -0.01160690
v -0.06600000 -0.01384390 -0.00949655
v -0.06600000 -0.01384390 -0.00738621
v -0.06600000 -0.01384390 -0.00527586
v -0.06600000 -0.01384390 -0.00316552
v -0.06600000 -0.01384390 -0.00105517
v -0.06600000 -0.01384390 0.00105517
v -0.06600000 -0.01384390 0.00316552
v -0.06600000 -0.01384390 0.00527586
v -0.06600000 -0.01384390 0.00738621
v -0.06600000 -0.01384390 0.00949655
v -0.06600000 -0.01384390 0.01160690
v -0.06600000 -0.01384390 0.01371724
v -0.06600000 -0.01384390 0.01582759
v -0.06600000 -0.01384390 0.01793793
v -0.06572976 -0.01384390 0.02004828
v -0.06527170 -0.01384390 0.02119133
v -0.06572976 -0.01132683 -0.02004828
v -0.06527170 -0.01132683 -0.02119133
v -0.06600000 -0.01132683 -0.01793793
v -0.06600000 -0.01132683 -0.01582759
v -0.06600000 -0.01132683 -0.01371724
v -0.06600000 -0.01132683 -0.01160690
v -0.06600000 -0.01132683 -0.00949655
v -0.06600000 -0.01132683 -0.00738621
v -0.06600000 -0.01132683 -0.00527586
v -0.06600000 -0.01132683 -0.00316552
v -0.06600000 -0.01132683 -0.00105517
v -0.06600000 -0.01132683 0.00105517
v -0.06600000 -0.01132683 0.00316552
v -0.06600000 -0.01132683 0.00527586
v -0.06600000 -0.01132683 0.00738621
v -0.06600000 -0.01132683 0.00949655
v -0.06600000 -0.01132683 0.01160690
v -0.06600000 -0.01132683 0.01371724
v -0.06600000 -0.01132683 0.01582759
v -0.06600000 -0.01132683 0.01793793
v -0.06572976 -0.01132683 0.02004828
v -0.06527170 -0.01132683 0.02119133
v -0.06572976 -0.00880976 -0.02004828
v -0.06527170 -0.00880976 -0.02119133
v -0.06600000 -0.00880976 -0.01793793
v -0.06600000 -0.00880976 -0.01582759
v -0.06600000 -0.00880976 -0.01371724
v -0.06600000 -0.00880976 -0.01160690
v -0.06600000 -0.00880976 -0.00949655
v -0.06600000 -0.00880976 -0.00738621
v -0.06600000 -0.00880976 -0.00527586
v -0.06600000 -0.00880976 -0.00316552
v -0.06600000 -0.00880976 -0.00105517
v -0.06600000 -0.00880976 0.00105517
v -0.06600000 -0.00880976 0.00316552
v -0.06600000 -0.00880976 0.00527586
v -0.06600000 -0.00880976 0.00738621
v -0.06600000 -0.00880976 0.00949655
v -0.06600000 -0.00880976 0.01160690
v -0.06600000 -0.00880976 0.01371724
v -0.06600000 -0.00880976 0.01582759
v -0.06600000 -0.00880976 0.01793793
v -0.06572976 -0.00880976 0.02004828
v -0.06527170 -0.00880976 0.02119133
v -0.06572976 -0.00629268 -0.02004828
v -0.06527170 -0.00629268 -0.02119133
v -0.06600000 -0.00629268 -0.01793793
v -0.06600000 -0.00629268 -0.01582759
v -0.06600000 -0.00629268 -0.01371724
v -0.06600000 -0.00629268 -0.01160690
v -0.06600000 -0.00629268 -0.00949655
v -0.06600000 -0.00629268 -0.00738621
v -0.06600000 -0.00629268 -0.00527586
v -0.06600000 -0.00629268 -0.00316552
v -0.06600000 -0.00629268 -0.00105517
v -0.06600000 -0.00629268 0.00105517
v -0.06600000 -0.00629268 0.00316552
v -0.06600000 -0.00629268 0.00527586
v -0.06600000 -0.00629268 0.00738621
v -0.06600000 -0.00629268 0.00949655
v -0.06600000 -0.00629268 0.01160690
v -0.06600000 -0.00629268 0.01371724
v -0.06600000 -0.00629268 0.01582759
v -0.06600000 -0.00629268 0.01793793
v -0.06572976 -0.00629268 0.02004828
v -0.06527170 -0.00629268 0.02119133
v -0.06572976 -0.00377561 -0.02004828
v -0.06527170 -0.00377561 -0.02119133
v -0.06600000 -0.00377561 -0.01793793
v -0.06600000 -0.00377561 -0.01582759
v -0.06600000 -0.00377561 -0.01371724
v -0.06600000 -0.00377561 -0.01160690
v -0.06600000 -0.00377561 -0.00949655
v -0.06600000 -0.00377561 -0.00738621
v -0.06600000 -0.00377561 -0.00527586
v -0.06600000 -0.00377561 -0.00316552
v -0.06600000 -0.00377561 -0.00105517
v -0.06600000 -0.00377561 0.00105517
v -0.06600000 -0.00377561 0.00316552
v -0.06600000 -0.00377561 0.00527586
v -0.06600000 -0.00377561 0.00738621
v -0.06600000 -0.00377561 0.00949655
v -0.06600000 -0.00377561 0.01160690
v -0.06600000 -0.00377561 0.01371724
v -0.06600000 -0.00377561 0.01582759
v -0.06600000 -0.00377561 0.01793793
v -0.06572976 -0.00377561 0.02004828
v -0.06527170 -0.00377561 0.02119133
v -0.06572976 -0.00125854 -0.02004828
v -0.06527170 -0.00125854 -0.02119133
v -0.06600000 -0.00125854 -0.01793793
v -0.06600000 -0.00125854 -0.01582759
v -0.06600000 -0.00125854 -0.01371724
v -0.06600000 -0.00125854 -0.01160690
v -0.06600000 -0.00125854 -0.00949655
v -0.06600000 -0.00125854 -0.00738621
v -0.06600000 -0.00125854 -0.00527586
v -0.06600000 -0.00125854 -0.00316552
v -0.06600000 -0.00125854 -0.00105517
v -0.06600000 -0.00125854 0.00105517
v -0.06600000 -0.00125854 0.00316552
v -0.06600000 -0.00125854 0.00527586
v -0.06600000 -0.00125854 0.00738621
v -0.06600000 -0.00125854 0.00949655
v -0.06600000 -0.00125854 0.01160690
v -0.06600000 -0.00125854 0.01371724
v -0.06600000 -0.00125854 0.01582759
v -0.06600000 -0.00125854 0.01793793
v -0.06572976 -0.00125854 0.02004828
v -0.06527170 -0.00125854 0.02119133
v -0.06572976 0.00125854 -0.02004828
v -0.06527170 0.00125854 -0.02119133
v -0.06600000 0.00125854 -0.01793793
v -0.06600000 0.00125854 -0.01582759
v -0.06600000 0.00125854 -0.01371724
v -0.06600000 0.00125854 -0.01160690
v -0.06600000 0.00125854 -0.00949655
v -0.06600000 0.00125854 -0.00738621
v -0.06600000 0.00125854 -0.00527586
v -0.06600000 0.00125854 -0.00316552
v -0.06600000 0.00125854 -0.00105517
v -0.06600000 0.00125854 0.00105517
v -0.06600000 0.00125854 0.00316552
v -0.06600000 0.00125854 0.00527586
v -0.06600000 0.00125854 0.00738621
v -0.06600000 0.00125854 0.00949655
v -0.06600000 0.00125854 0.01160690
v -0.06600000 0.00125854 0.01371724
v -0.06600000 0.00125854 0.01582759
v -0.06600000 0.00125854 0.01793793
v -0.06572976 0.00125854 0.02004828
v -0.06527170 0.00125854 0.02119133
v -0.06572976 0.00377561 -0.02004828
v -0.06527170 0.00377561 -0.02119133
v -0.06600000 0.00377561 -0.01793793
v -0.06600000 0.00377561 -0.01582759
v -0.06600000 0.00377561 -0.01371724
v -0.06600000 0.00377561 -0.01160690
v -0.06600000 0.00377561 -0.00949655
v -0.06600000 0.00377561 -0.00738621
v -0.06600000 0.00377561 -0.00527586
v -0.06600000 0.00377561 -0.00316552
v -0.06600000 0.00377561 -0.00105517
v -0.06600000 0.00377561 0.00105517
v -0.06600000 0.00377561 0.00316552
v -0.06600000 0.00377561 0.00527586
v -0.06600000 0.00377561 0.00738621
v -0.06600000 0.00377561 0.00949655
v -0.06600000 0.00377561 0.01160690
v -0.06600000 0.00377561 0.01371724
v -0.06600000 0.00377561 0.01582759
v -0.06600000 0.00377561 0.01793793
v -0.06572976 0.00377561 0.02004828
v -0.06527170 0.00377561 0.02119133
v -0.06572976 0.00629268 -0.02004828
v -0.06527170 0.00629268 -0.02119133
v -0.06600000 0.00629268 -0.01793793
v -0.06600000 0.00629268 -0.01582759
v -0.06600000 0.00629268 -0.01371724
v -0.06600000 0.00629268 -0.01160690
v -0.06600000 0.00629268 -0.00949655
v -0.06600000 0.00629268 -0.00738621
v -0.06600000 0.00629268 -0.00527586
v -0.06600000 0.00629268 -0.00316552
v -0.06600000 0.00629268 -0.00105517
v -0.06600000 0.00629268 0.00105517
v -0.06600000 0.00629268 0.00316552
v -0.06600000 0.00629268 0.00527586
v -0.06600000 0.00629268 0.00738621
v -0.06600000 0.00629268 0.00949655
v -0.06600000 0.00629268 0.01160690
v -0.06600000 0.00629268 0.01371724
v -0.06600000 0.00629268 0.01582759
v -0.06600000 0.00629268 0.01793793
v -0.06572976 0.00629268 0.02004828
v -0.06527170 0.00629268 0.02119133
v -0.06572976 0.00880976 -0.02004828
v -0.06527170 0.00880976 -0.02119133
v -0.06600000 0.00880976 -0.01793793
v -0.06600000 0.00880976 -0.01582759
v -0.06600000 0.00880976 -0.01371724
v -0.06600000 0.00880976 -0.01160690
v -0.06600000 0.00880976 -0.00949655
v -0.06600000 0.00880976 -0.00738621
v -0.06600000 0.00880976 -0.00527586
v -0.06600000 0.00880976 -0.00316552
v -0.06600000 0.00880976 -0.00105517
v -0.06600000 0.00880976 0.00105517
v -0.06600000 0.00880976 0.00316552
v -0.06600000 0.00880976 0.00527586
v -0.06600000 0.00880976 0.00738621
v -0.06600000 0.00880976 0.00949655
v -0.06600000 0.00880976 0.01160690
v -0.06600000 0.00880976 0.01371724
v -0.06600000 0.00880976 0.01582759
v -0.06600000 0.00880976 0.01793793
v -0.06572976 0.00880976 0.02004828
v -0.06527170 0.00880976 0.02119133
v -0.06572976 0.01132683 -0.02004828
v -0.06527170 0.01132683 -0.02119133
v -0.06600000 0.01132683 -0.01793793
v -0.06600000 0.01132683 -0.01582759
v -0.06600000 0.01132683 -0.01371724
v -0.06600000 0.01132683 -0.01160690
v -0.06600000 0.01132683 -0.00949655
v -0.06600000 0.01132683 -0.00738621
v -0.06600000 0.01132683 -0.00527586
v -0.06600000 0.01132683 -0.00316552
v -0.06600000 0.01132683 -0.00105517
v -0.06600000 0.01132683 0.00105517
v -0.06600000 0.01132683 0.00316552
v -0.06600000 0.01132683 0.00527586
v -0.06600000 0.01132683 0.00738621
v -0.06600000 0.01132683 0.00949655
v -0.06600000 0.01132683 0.01160690
v -0.06600000 0.01132683 0.01371724
v -0.06600000 0.01132683 0.01582759
v -0.06600000 0.01132683 0.01793793
v -0.06572976 0.01132683 0.02004828
v -0.06527170 0.01132683 0.02119133
v -0.06572976 0.01384390 -0.02004828
v -0.06527170 0.01384390 -0.02119133
v -0.06600000 0.01384390 -0.01793793
v -0.06600000 0.01384390 -0.01582759
v -0.06600000 0.01384390 -0.01371724
v -0.06600000 0.01384390 -0.01160690
v -0.06600000 0.01384390 -0.00949655
v -0.06600000 0.01384390 -0.00738621
v -0.06600000 0.01384390 -0.00527586
v -0.06600000 0.01384390 -0.00316552
v -0.06600000 0.01384390 -0.00105517
v -0.06600000 0.01384390 0.00105517
v -0.06600000 0.01384390 0.00316552
v -0.06600000 0.01384390 0.00527586
v -0.06600000 0.01384390 0.00738621
v -0.06600000 0.01384390 0.00949655
v -0.06600000 0.01384390 0.01160690
v -0.06600000 0.01384390 0.01371724
v -0.06600000 0.01384390 0.01582759
v -0.06600000 0.01384390 0.01793793
v -0.06572976 0.01384390 0.02004828
v -0.06527170 0.01384390 0.02119133
v -0.06572976 0.01636098 -0.02004828
v -0.06527170 0.01636098 -0.02119133
v -0.06600000 0.01636098 -0.01793793
v -0.06600000 0.01636098 -0.01582759
v -0.06600000 0.01636098 -0.01371724
v -0.06600000 0.01636098 -0.01160690
v -0.06600000 0.01636098 -0.00949655
v -0.06600000 0.01636098 -0.00738621
v -0.06600000 0.01636098 -0.00527586
v -0.06600000 0.01636098 -0.00316552
v -0.06600000 0.01636098 -0.00105517
v -0.06600000 0.01636098 0.00105517
v -0.06600000 0.01636098 0.00316552
v -0.06600000 0.01636098 0.00527586
v -0.06600000 0.01636098 0.00738621
v -0.06600000 0.01636098 0.00949655
v -0.06600000 0.01636098 0.01160690
v -0.06600000 0.01636098 0.01371724
v -0.06600000 0.01636098 0.01582759
v -0.06600000 0.01636098 0.01793793
v -0.06572976 0.01636098 0.02004828
v -0.06527170 0.01636098 0.02119133
v -0.06572976 0.01887805 -0.02004828
v -0.06527170 0.01887805 -0.02119133
v -0.06600000 0.01887805 -0.01793793
v -0.06600000 0.01887805 -0.01582759
v -0.06600000 0.01887805 -0.01371724
v -0.06600000 0.01887805 -0.01160690
v -0.06600000 0.01887805 -0.00949655
v -0.06600000 0.01887805 -0.00738621
v -0.06600000 0.01887805 -0.00527586
v -0.06600000 0.01887805 -0.00316552
v -0.06600000 0.01887805 -0.00105517
v -0.06600000 0.01887805 0.00105517
v -0.06600000 0.01887805 0.00316552
v -0.06600000 0.01887805 0.00527586
v -0.06600000 0.01887805 0.00738621
v -0.06600000 0.01887805 0.00949655
v -0.06600000 0.01887805 0.01160690
v -0.06600000 0.01887805 0.01371724
v -0.06600000 0.01887805 0.01582759
v -0.06600000 0.01887805 0.01793793
v -0.06572976 0.01887805 0.02004828
v -0.06527170 0.01887805 0.02119133
v -0.06572976 0.02139512 -0.02004828
v -0.06527170 0.02139512 -0.02119133
v -0.06600000 0.02139512 -0.01793793
v -0.06600000 0.02139512 -0.01582759
v -0.06600000 0.02139512 -0.01371724
v -0.06600000 0.02139512 -0.01160690
v -0.06600000 0.02139512 -0.00949655
v -0.06600000 0.02139512 -0.00738621
v -0.06600000 0.02139512 -0.00527586
v -0.06600000 0.02139512 -0.00316552
v -0.06600000 0.02139512 -0.00105517
v -0.06600000 0.02139512 0.00105517
v -0.06600000 0.02139512 0.00316552
v -0.06600000 0.02139512 0.00527586
v -0.06600000 0.02139512 0.00738621
v -0.06600000 0.02139512 0.00949655
v -0.06600000 0.02139512 0.01160690
v -0.06600000 0.02139512 0.01371724
v -0.06600000 0.02139512 0.01582759
v -0.06600000 0.02139512 0.01793793
v -0.06572976 0.02139512 0.02004828
v -0.06527170 0.02139512 0.02119133
v -0.06572976 0.02391220 -0.02004828
v -0.06527170 0.02391220 -0.02119133
v -0.06600000 0.02391220 -0.01793793
v -0.06600000 0.02391220 -0.01582759
v -0.06600000 0.02391220 -0.01371724
v -0.06600000 0.02391220 -0.01160690
v -0.06600000 0.02391220 -0.00949655
v -0.06600000 0.02391220 -0.00738621
v -0.06600000 0.02391220 -0.00527586
v -0.06600000 0.02391220 -0.00316552
v -0.06600000 0.02391220 -0.00105517
v -0.06600000 0.02391220 0.00105517
v -0.06600000 0.02391220 0.00316552
v -0.06600000 0.02391220 0.00527586
v -0.06600000 0.02391220 0.00738621
v -0.06600000 0.02391220 0.00949655
v -0.06600000 0.02391220 0.01160690
v -0.06600000 0.02391220 0.01371724
v -0.06600000 0.02391220 0.01582759
v -0.06600000 0.02391220 0.01793793
v -0.06572976 0.02391220 0.02004828
v -0.06527170 0.02391220 0.02119133
v -0.06572976 0.02642927 -0.02004828
v -0.06527170 0.02642927 -0.02119133
v -0.06600000 0.02642927 -0.01793793
v -0.06600000 0.02642927 -0.01582759
v -0.06600000 0.02642927 -0.01371724
v -0.06600000 0.02642927 -0.01160690
v -0.06600000 0.02642927 -0.00949655
v -0.06600000 0.02642927 -0.00738621
v -0.06600000 0.02642927 -0.00527586
v -0.06600000 0.02642927 -0.00316552
v -0.06600000 0.02642927 -0.00105517
v -0.06600000 0.02642927 0.00105517
v -0.06600000 0.02642927 0.00316552
v -0.06600000 0.02642927 0.00527586
v -0.06600000 0.02642927 0.00738621
v -0.06600000 0.02642927 0.00949655
v -0.06600000 0.02642927 0.01160690
v -0.06600000 0.02642927 0.01371724
v -0.06600000 0.02642927 0.01582759
v -0.06600000 0.02642927 0.01793793
v -0.06572976 0.02642927 0.02004828
v -0.06527170 0.02642927 0.02119133
v -0.06572976 0.02894634 -0.02004828
v -0.06527170 0.02894634 -0.02119133
v -0.06600000 0.02894634 -0.01793793
v -0.06600000 0.02894634 -0.01582759
v -0.06600000 0.02894634 -0.01371724
v -0.06600000 0.02894634 -0.01160690
v -0.06600000 0.02894634 -0.00949655
v -0.06600000 0.02894634 -0.00738621
v -0.06600000 0.02894634 -0.00527586
v -0.06600000 0.02894634 -0.00316552
v -0.06600000 0.02894634 -0.00105517
v -0.06600000 0.02894634 0.00105517
v -0.06600000 0.02894634 0.00316552
v -0.06600000 0.02894634 0.00527586
v -0.06600000 0.02894634 0.00738621
v -0.06600000 0.02894634 0.00949655
v -0.06600000 0.02894634 0.01160690
v -0.06600000 0.02894634 0.01371724
v -0.06600000 0.02894634 0.01582759
v -0.06600000 0.02894634 0.01793793
v -0.06572976 0.02894634 0.02004828
v -0.06527170 0.02894634 0.02119133
v -0.06572976 0.03146341 -0.02004828
v -0.06527170 0.03146341 -0.02119133
v -0.06600000 0.03146341 -0.01793793
v -0.06600000 0.03146341 -0.01582759
v -0.06600000 0.03146341 -0.01371724
v -0.06600000 0.03146341 -0.01160690
v -0.06600000 0.03146341 -0.00949655
v -0.06600000 0.03146341 -0.00738621
v -0.06600000 0.03146341 -0.00527586
v -0.06600000 0.03146341 -0.00316552
v -0.06600000 0.03146341 -0.00105517
v -0.06600000 0.03146341 0.00105517
v -0.06600000 0.03146341 0.00316552
v -0.06600000 0.03146341 0.00527586
v -0.06600000 0.03146341 0.00738621
v -0.06600000 0.03146341 0.00949655
v -0.06600000 0.03146341 0.01160690
v -0.06600000 0.03146341 0.01371724
v -0.06600000 0.03146341 0.01582759
v -0.06600000 0.03146341 0.01793793
v -0.06572976 0.03146341 0.02004828
v -0.06527170 0.03146341 0.02119133
v -0.06572976 0.03398049 -0.02004828
v -0.06527170 0.03398049 -0.02119133
v -0.06600000 0.03398049 -0.01793793
v -0.06600000 0.03398049 -0.01582759
v -0.06600000 0.03398049 -0.01371724
v -0.06600000 0.03398049 -0.01160690
v -0.06600000 0.03398049 -0.00949655
v -0.06600000 0.03398049 -0.00738621
v -0.06600000 0.03398049 -0.00527586
v -0.06600000 0.03398049 -0.00316552
v -0.06600000 0.03398049 -0.00105517
v -0.06600000 0.03398049 0.00105517
v -0.06600000 0.03398049 0.00316552
v -0.06600000 0.03398049 0.00527586
v -0.06600000 0.03398049 0.00738621
v -0.06600000 0.03398049 0.00949655
v -0.06600000 0.03398049 0.01160690
v -0.06600000 0.03398049 0.01371724
v -0.06600000 0.03398049 0.01582759
v -0.06600000 0.03398049 0.01793793
v -0.06572976 0.03398049 0.02004828
v -0.06527170 0.03398049 0.02119133
v -0.06572976 0.03649756 -0.02004828
v -0.06527170 0.03649756 -0.02119133
v -0.06600000 0.03649756 -0.01793793
v -0.06600000 0.03649756 -0.01582759
v -0.06600000 0.03649756 -0.01371724
v -0.06600000 0.03649756 -0.01160690
v -0.06600000 0.03649756 -0.00949655
v -0.06600000 0.03649756 -0.00738621
v -0.06600000 0.03649756 -0.00527586
v -0.06600000 0.03649756 -0.00316552
v -0.06600000 0.03649756 -0.00105517
v -0.06600000 0.03649756 0.00105517
v -0.06600000 0.03649756 0.00316552
v -0.06600000 0.03649756 0.00527586
v -0.06600000 0.03649756 0.00738621
v -0.06600000 0.03649756 0.00949655
v -0.06600000 0.03649756 0.01160690
v -0.06600000 0.03649756 0.01371724
v -0.06600000 0.03649756 0.01582759
v -0.06600000 0.03649756 0.01793793
v -0.06572976 0.03649756 0.02004828
v -0.06527170 0.03649756 0.02119133
v -0.06572975 0.03901463 -0.02004828
v -0.06527170 0.03901463 -0.02119129
v -0.06599999 0.03901463 -0.01793793
v -0.06599999 0.03901463 -0.01582759
v -0.06599999 0.03901463 -0.01371724
v -0.06599999 0.03901463 -0.01160690
v -0.06599999 0.03901463 -0.00949655
v -0.06599999 0.03901463 -0.00738621
v -0.06599999 0.03901463 -0.00527586
v -0.06599999 0.03901463 -0.00316552
v -0.06599999 0.03901463 -0.00105517
v -0.06599999 0.03901463 0.00105517
v -0.06599999 0.03901463 0.00316552
v -0.06599999 0.03901463 0.00527586
v -0.06599999 0.03901463 0.00738621
v -0.06599999 0.03901463 0.00949655
v -0.06599999 0.03901463 0.01160690
v -0.06599999 0.03901463 0.01371724
v -0.06599999 0.03901463 0.01582759
v -0.06599999 0.03901463 0.01793793
v -0.06572975 0.03901463 0.02004828
v -0.06527170 0.03901463 0.02119129
v -0.06530639 0.04153171 -0.02004828
v -0.06527170 0.04153171 -0.02013556
v -0.06558489 0.04153171 -0.01793793
v -0.06558489 0.04153171 -0.01582759
v -0.06558489 0.04153171 -0.01371724
v -0.06558489 0.04153171 -0.01160690
v -0.06558489 0.04153171 -0.00949655
v -0.06558489 0.04153171 -0.00738621
v -0.06558489 0.04153171 -0.00527586
v -0.06558489 0.04153171 -0.00316552
v -0.06558489 0.04153171 -0.00105517
v -0.06558489 0.04153171 0.00105517
v -0.06558489 0.04153171 0.00316552
v -0.06558489 0.04153171 0.00527586
v -0.06558489 0.04153171 0.00738621
v -0.06558489 0.04153171 0.00949655
v -0.06558489 0.04153171 0.01160690
v -0.06558489 0.04153171 0.01371724
v -0.06558489 0.04153171 0.01582759
v -0.06558489 0.04153171 0.01793793
v -0.06530639 0.04153171 0.02004828
v -0.06527170 0.04153171 0.02013556
v -0.06527170 0.04160461 -0.02004828
v -0.06527170 0.04218718 -0.01793793
v -0.06527170 0.04218718 -0.01582759
v -0.06527170 0.04218718 -0.01371724
v -0.06527170 0.04218718 -0.01160690
v -0.06527170 0.04218718 -0.00949655
v -0.06527170 0.04218718 -0.00738621
v -0.06527170 0.04218718 -0.00527586
v -0.06527170 0.04218718 -0.00316552
v -0.06527170 0.04218718 -0.00105517
v -0.06527170 0.04218718 0.00105517
v -0.06527170 0.04218718 0.00316552
v -0.06527170 0.04218718 0.00527586
v -0.06527170 0.04218718 0.00738621
v -0.06527170 0.04218718 0.00949655
v -0.06527170 0.04218718 0.01160690
v -0.06527170 0.04218718 0.01371724
v -0.06527170 0.04218718 0.01582759
v -0.06527170 0.04218718 0.01793793
v -0.06527170 0.04160461 0.02004828
v -0.06378810 -0.04404878 -0.02004828
v -0.06260755 -0.04516091 -0.02004828
v -0.06260755 -0.04404878 -0.02215652
v -0.06414581 -0.04404878 -0.01793793
v -0.06260755 -0.04549791 -0.01793793
v -0.06414581 -0.04404878 -0.01582759
v -0.06260755 -0.04549791 -0.01582759
v -0.06414581 -0.04404878 -0.01371724
v -0.06260755 -0.04549791 -0.01371724
v -0.06414581 -0.04404878 -0.01160690
v -0.06260755 -0.04549791 -0.01160690
v -0.06414581 -0.04404878 -0.00949655
v -0.06260755 -0.04549791 -0.00949655
v -0.06414581 -0.04404878 -0.00738621
v -0.06260755 -0.04549791 -0.00738621
v -0.06414581 -0.04404878 -0.00527586
v -0.06260755 -0.04549791 -0.00527586
v -0.06414581 -0.04404878 -0.00316552
v -0.06260755 -0.04549791 -0.00316552
v -0.06414581 -0.04404878 -0.00105517
v -0.06260755 -0.04549791 -0.00105517
v -0.06414581 -0.04404878 0.00105517
v -0.06260755 -0.04549791 0.00105517
v -0.06414581 -0.04404878 0.00316552
v -0.06260755 -0.04549791 0.00316552
v -0.06414581 -0.04404878 0.00527586
v -0.06260755 -0.04549791 0.00527586
v -0.06414581 -0.04404878 0.00738621
v -0.06260755 -0.04549791 0.00738621
v -0.06414581 -0.04404878 0.00949655
v -0.06260755 -0.04549791 0.00949655
v -0.06414581 -0.04404878 0.01160690
v -0.06260755 -0.04549791 0.01160690
v -0.06414581 -0.04404878 0.01371724
v -0.06260755 -0.04549791 0.01371724
v -0.06414581 -0.04404878 0.01582759
v -0.06260755 -0.04549791 0.01582759
v -0.06414581 -0.04404878 0.01793793
v -0.06260755 -0.04549791 0.01793793
v -0.06378810 -0.04404878 0.02004828
v -0.06260755 -0.04516091 0.02004828
v -0.06260755 -0.04404878 0.02215652
v -0.06429459 -0.04153171 -0.02215862
v -0.06260755 -0.04404711 -0.02215862
v -0.06260755 -0.04153171 -0.02400971
v -0.06429459 -0.04153171 0.02215862
v -0.06260755 -0.04404711 0.02215862
v -0.06260755 -0.04153171 0.02400971
v -0.06292932 -0.03901463 -0.02426897
v -0.06260755 -0.04039320 -0.02426897
v -0.06260755 -0.03901463 -0.02452934
v -0.06480903 -0.03901463 -0.02215862
v -0.06480903 -0.03901463 0.02215862
v -0.06260755 -0.04039320 0.02426897
v -0.06292932 -0.03901463 0.02426897
v -0.06260755 -0.03901463 0.02452934
v -0.06292934 -0.03649756 -0.02426897
v -0.06260755 -0.03649756 -0.02452935
v -0.06480905 -0.03649756 -0.02215862
v -0.06480905 -0.03649756 0.02215862
v -0.06292934 -0.03649756 0.02426897
v -0.06260755 -0.03649756 0.02452935
v -0.06292934 -0.03398049 -0.02426897
v -0.06260755 -0.03398049 -0.02452935
v -0.06480905 -0.03398049 -0.02215862
v -0.06480905 -0.03398049 0.02215862
v -0.06292934 -0.03398049 0.02426897
v -0.06260755 -0.03398049 0.02452935
v -0.06292934 -0.03146341 -0.02426897
v -0.06260755 -0.03146341 -0.02452935
v -0.06480905 -0.03146341 -0.02215862
v -0.06480905 -0.03146341 0.02215862
v -0.06292934 -0.03146341 0.02426897
v -0.06260755 -0.03146341 0.02452935
v -0.06292934 -0.02894634 -0.02426897
v -0.06260755 -0.02894634 -0.02452935
v -0.06480905 -0.02894634 -0.02215862
v -0.06480905 -0.02894634 0.02215862
v -0.06292934 -0.02894634 0.02426897
v -0.06260755 -0.02894634 0.02452935
v -0.06292934 -0.02642927 -0.02426897
v -0.06260755 -0.02642927 -0.02452935
v -0.06480905 -0.02642927 -0.02215862
v -0.06480905 -0.02642927 0.02215862
v -0.06292934 -0.02642927 0.02426897
v -0.06260755 -0.02642927 0.02452935
v -0.06292934 -0.02391220 -0.02426897
v -0.06260755 -0.02391220 -0.02452935
v -0.06480905 -0.02391220 -0.02215862
v -0.06480905 -0.02391220 0.02215862
v -0.06292934 -0.02391220 0.02426897
v -0.06260755 -0.02391220 0.02452935
v -0.06292934 -0.02139512 -0.02426897
v -0.06260755 -0.02139512 -0.02452935
v -0.06480905 -0.02139512 -0.02215862
v -0.06480905 -0.02139512 0.02215862
v -0.06292934 -0.02139512 0.02426897
v -0.06260755 -0.02139512 0.02452935
v -0.06292934 -0.01887805 -0.02426897
v -0.06260755 -0.01887805 -0.02452935
v -0.06480905 -0.01887805 -0.02215862
v -0.06480905 -0.01887805 0.02215862
v -0.06292934 -0.01887805 0.02426897
v -0.06260755 -0.01887805 0.02452935
v -0.06292934 -0.01636098 -0.02426897
v -0.06260755 -0.01636098 -0.02452935
v -0.06480905 -0.01636098 -0.02215862
v -0.06480905 -0.01636098 0.02215862
v -0.06292934 -0.01636098 0.02426897
v -0.06260755 -0.01636098 0.02452935
v -0.06292934 -0.01384390 -0.02426897
v -0.06260755 -0.01384390 -0.02452935
v -0.06480905 -0.01384390 -0.02215862
v -0.06480905 -0.01384390 0.02215862
v -0.06292934 -0.01384390 0.02426897
v -0.06260755 -0.01384390 0.02452935
v -0.06292934 -0.01132683 -0.02426897
v -0.06260755 -0.01132683 -0.02452935
v -0.06480905 -0.01132683 -0.02215862
v -0.06480905 -0.01132683 0.02215862
v -0.06292934 -0.01132683 0.02426897
v -0.06260755 -0.01132683 0.02452935
v -0.06292934 -0.00880976 -0.02426897
v -0.06260755 -0.00880976 -0.02452935
v -0.06480905 -0.00880976 -0.02215862
v -0.06480905 -0.00880976 0.02215862
v -0.06292934 -0.00880976 0.02426897
v -0.06260755 -0.00880976 0.02452935
v -0.06292934 -0.00629268 -0.02426897
v -0.06260755 -0.00629268 -0.02452935
v -0.06480905 -0.00629268 -0.02215862
v -0.06480905 -0.00629268 0.02215862
v -0.06292934 -0.00629268 0.02426897
v -0.06260755 -0.00629268 0.02452935
v -0.06292934 -0.00377561 -0.02426897
v -0.06260755 -0.00377561 -0.02452935
v -0.06480905 -0.00377561 -0.02215862
v -0.06480905 -0.00377561 0.02215862
v -0.06292934 -0.00377561 0.02426897
v -0.06260755 -0.00377561 0.02452935
v -0.06292934 -0.00125854 -0.02426897
v -0.06260755 -0.00125854 -0.02452935
v -0.06480905 -0.00125854 -0.02215862
v -0.06480905 -0.00125854 0.02215862
v -0.06292934 -0.00125854 0.02426897
v -0.06260755 -0.00125854 0.02452935
v -0.06292934 0.00125854 -0.02426897
v -0.06260755 0.00125854 -0.02452935
v -0.06480905 0.00125854 -0.02215862
v -0.06480905 0.00125854 0.02215862
v -0.06292934 0.00125854 0.02426897
v -0.06260755 0.00125854 0.02452935
v -0.06292934 0.00377561 -0.02426897
v -0.06260755 0.00377561 -0.02452935
v -0.06480905 0.00377561 -0.02215862
v -0.06480905 0.00377561 0.02215862
v -0.06292934 0.00377561 0.02426897
v -0.06260755 0.00377561 0.02452935
v -0.06292934 0.00629268 -0.02426897
v -0.06260755 0.00629268 -0.02452935
v -0.06480905 0.00629268 -0.02215862
v -0.06480905 0.00629268 0.02215862
v -0.06292934 0.00629268 0.02426897
v -0.06260755 0.00629268 0.02452935
v -0.06292934 0.00880976 -0.02426897
v -0.06260755 0.00880976 -0.02452935
v -0.06480905 0.00880976 -0.02215862
v -0.06480905 0.00880976 0.02215862
v -0.06292934 0.00880976 0.02426897
v -0.06260755 0.00880976 0.02452935
v -0.06292934 0.01132683 -0.02426897
v -0.06260755 0.01132683 -0.02452935
v -0.06480905 0.01132683 -0.02215862
v -0.06480905 0.01132683 0.02215862
v -0.06292934 0.01132683 0.02426897
v -0.06260755 0.01132683 0.02452935
v -0.06292934 0.01384390 -0.02426897
v -0.06260755 0.01384390 -0.02452935
v -0.06480905 0.01384390 -0.02215862
v -0.06480905 0.01384390 0.02215862
v -0.06292934 0.01384390 0.02426897
v -0.06260755 0.01384390 0.02452935
v -0.06292934 0.01636098 -0.02426897
v -0.06260755 0.01636098 -0.02452935
v -0.06480905 0.01636098 -0.02215862
v -0.06480905 0.01636098 0.02215862
v -0.06292934 0.01636098 0.02426897
v -0.06260755 0.01636098 0.02452935
v -0.06292934 0.01887805 -0.02426897
v -0.06260755 0.01887805 -0.02452935
v -0.06480905 0.01887805 -0.02215862
v -0.06480905 0.01887805 0.02215862
v -0.06292934 0.01887805 0.02426897
v -0.06260755 0.01887805 0.02452935
v -0.06292934 0.02139512 -0.02426897
v -0.06260755 0.02139512 -0.02452935
v -0.06480905 0.02139512 -0.02215862
v -0.06480905 0.02139512 0.02215862
v -0.06292934 0.02139512 0.02426897
v -0.06260755 0.02139512 0.02452935
v -0.06292934 0.02391220 -0.02426897
v -0.06260755 0.02391220 -0.02452935
v -0.06480905 0.02391220 -0.02215862
v -0.06480905 0.02391220 0.02215862
v -0.06292934 0.02391220 0.02426897
v -0.06260755 0.02391220 0.02452935
v -0.06292934 0.02642927 -0.02426897
v -0.06260755 0.02642927 -0.02452935
v -0.06480905 0.02642927 -0.02215862
v -0.06480905 0.02642927 0.02215862
v -0.06292934 0.02642927 0.02426897
v -0.06260755 0.02642927 0.02452935
v -0.06292934 0.02894634 -0.02426897
v -0.06260755 0.02894634 -0.02452935
v -0.06480905 0.02894634 -0.02215862
v -0.06480905 0.02894634 0.02215862
v -0.06292934 0.02894634 0.02426897
v -0.06260755 0.02894634 0.02452935
v -0.06292934 0.03146341 -0.02426897
v -0.06260755 0.03146341 -0.02452935
v -0.06480905 0.03146341 -0.02215862
v -0.06480905 0.03146341 0.02215862
v -0.06292934 0.03146341 0.02426897
v -0.06260755 0.03146341 0.02452935
v -0.06292934 0.03398049 -0.02426897
v -0.06260755 0.03398049 -0.02452935
v -0.06480905 0.03398049 -0.02215862
v -0.06480905 0.03398049 0.02215862
v -0.06292934 0.03398049 0.02426897
v -0.06260755 0.03398049 0.02452935
v -0.06292934 0.03649756 -0.02426897
v -0.06260755 0.03649756 -0.02452935
v -0.06480905 0.03649756 -0.02215862
v -0.06480905 0.03649756 0.02215862
v -0.06292934 0.03649756 0.02426897
v -0.06260755 0.03649756 0.02452935
v -0.06292932 0.03901463 -0.02426897
v -0.06260755 0.03901463 -0.02452934
v -0.06480903 0.03901463 -0.02215862
v -0.06480903 0.03901463 0.02215862
v -0.06292932 0.03901463 0.02426897
v -0.06260755 0.03901463 0.02452934
v -0.06260755 0.04039320 -0.02426897
v -0.06260755 0.04153171 -0.02400971
v -0.06429459 0.04153171 -0.02215862
v -0.06429459 0.04153171 0.02215862
v -0.06260755 0.04153171 0.02400971
v -0.06260755 0.04039320 0.02426897
v -0.06260755 0.04404711 -0.02215862
v -0.06378810 0.04404878 -0.02004828
v -0.06260755 0.04404878 -0.02215652
v -0.06414581 0.04404878 -0.01793793
v -0.06414581 0.04404878 -0.01582759
v -0.06414581 0.04404878 -0.01371724
v -0.06414581 0.04404878 -0.01160690
v -0.06414581 0.04404878 -0.00949655
v -0.06414581 0.04404878 -0.00738621
v -0.06414581 0.04404878 -0.00527586
v -0.06414581 0.04404878 -0.00316552
v -0.06414581 0.04404878 -0.00105517
v -0.06414581 0.04404878 0.00105517
v -0.06414581 0.04404878 0.00316552
v -0.06414581 0.04404878 0.00527586
v -0.06414581 0.04404878 0.00738621
v -0.06414581 0.04404878 0.00949655
v -0.06414581 0.04404878 0.01160690
v -0.06414581 0.04404878 0.01371724
v -0.06414581 0.04404878 0.01582759
v -0.06414581 0.04404878 0.01793793
v -0.06378810 0.04404878 0.02004828
v -0.06260755 0.04404878 0.02215652
v -0.06260755 0.04404711 0.02215862
v -0.06260755 0.04516091 -0.02004828
v -0.06260755 0.04549791 -0.01793793
v -0.06260755 0.04549791 -0.01582759
v -0.06260755 0.04549791 -0.01371724
v -0.06260755 0.04549791 -0.01160690
v -0.06260755 0.04549791 -0.00949655
v -0.06260755 0.04549791 -0.00738621
v -0.06260755 0.04549791 -0.00527586
v -0.06260755 0.04549791 -0.00316552
v -0.06260755 0.04549791 -0.00105517
v -0.06260755 0.04549791 0.00105517
v -0.06260755 0.04549791 0.00316552
v -0.06260755 0.04549791 0.00527586
v -0.06260755 0.04549791 0.00738621
v -0.06260755 0.04549791 0.00949655
v -0.06260755 0.04549791 0.01160690
v -0.06260755 0.04549791 0.01371724
v -0.06260755 0.04549791 0.01582759
v -0.06260755 0.04549791 0.01793793
v -0.06260755 0.04516091 0.02004828
v -0.06042316 -0.04656585 -0.01793793
v -0.05994340 -0.04675900 -0.01793793
v -0.05994340 -0.04656585 -0.01944460
v -0.06042316 -0.04656585 -0.01582759
v -0.05994340 -0.04675900 -0.01582759
v -0.06042316 -0.04656585 -0.01371724
v -0.05994340 -0.04675900 -0.01371724
v -0.06042316 -0.04656585 -0.01160690
v -0.05994340 -0.04675900 -0.01160690
v -0.06042316 -0.04656585 -0.00949655
v -0.05994340 -0.04675900 -0.00949655
v -0.06042316 -0.04656585 -0.00738621
v -0.05994340 -0.04675900 -0.00738621
v -0.06042316 -0.04656585 -0.00527586
v -0.05994340 -0.04675900 -0.00527586
v -0.06042316 -0.04656585 -0.00316552
v -0.05994340 -0.04675900 -0.00316552
v -0.06042316 -0.04656585 -0.00105517
v -0.05994340 -0.04675900 -0.00105517
v -0.06042316 -0.04656585 0.00105517
v -0.05994340 -0.04675900 0.00105517
v -0.06042316 -0.04656585 0.00316552
v -0.05994340 -0.04675900 0.00316552
v -0.06042316 -0.04656585 0.00527586
v -0.05994340 -0.04675900 0.00527586
v -0.06042316 -0.04656585 0.00738621
v -0.05994340 -0.04675900 0.00738621
v -0.06042316 -0.04656585 0.00949655
v -0.05994340 -0.04675900 0.00949655
v -0.06042316 -0.04656585 0.01160690
v -0.05994340 -0.04675900 0.01160690
v -0.06042316 -0.04656585 0.01371724
v -0.05994340 -0.04675900 0.01371724
v -0.06042316 -0.04656585 0.01582759
v -0.05994340 -0.04675900 0.01582759
v -0.06042316 -0.04656585 0.01793793
v -0.05994340 -0.04675900 0.01793793
v -0.05994340 -0.04656585 0.01944460
v -0.06260560 -0.04404878 -0.02215862
v -0.05994340 -0.04551044 -0.02215862
v -0.05994340 -0.04404878 -0.02386265
v -0.05994340 -0.04648285 -0.02004828
v -0.05994340 -0.04648285 0.02004828
v -0.06260560 -0.04404878 0.02215862
v -0.05994340 -0.04551044 0.02215862
v -0.05994340 -0.04404878 0.02386265
v -0.06218568 -0.04153171 -0.02426897
v -0.05994340 -0.04348205 -0.02426897
v -0.05994340 -0.04153171 -0.02532348
v -0.06218568 -0.04153171 0.02426897
v -0.05994340 -0.04348205 0.02426897
v -0.05994340 -0.04153171 0.02532348
v -0.05994340 -0.03901463 -0.02575635
v -0.05994340 -0.03901463 0.02575635
v -0.05994340 -0.03649756 -0.02575636
v -0.05994340 -0.03649756 0.02575636
v -0.05994340 -0.03398049 -0.02575636
v -0.05994340 -0.03398049 0.02575636
v -0.05994340 -0.03146341 -0.02575636
v -0.05994340 -0.03146341 0.02575636
v -0.05994340 -0.02894634 -0.02575636
v -0.05994340 -0.02894634 0.02575636
v -0.05994340 -0.02642927 -0.02575636
v -0.05994340 -0.02642927 0.02575636
v -0.05994340 -0.02391220 -0.02575636
v -0.05994340 -0.02391220 0.02575636
v -0.05994340 -0.02139512 -0.02575636
v -0.05994340 -0.02139512 0.02575636
v -0.05994340 -0.01887805 -0.02575636
v -0.05994340 -0.01887805 0.02575636
v -0.05994340 -0.01636098 -0.02575636
v -0.05994340 -0.01636098 0.02575636
v -0.05994340 -0.01384390 -0.02575636
v -0.05994340 -0.01384390 0.02575636
v -0.05994340 -0.01132683 -0.02575636
v -0.05994340 -0.01132683 0.02575636
v -0.05994340 -0.00880976 -0.02575636
v -0.05994340 -0.00880976 0.02575636
v -0.05994340 -0.00629268 -0.02575636
v -0.05994340 -0.00629268 0.02575636
v -0.05994340 -0.00377561 -0.02575636
v -0.05994340 -0.00377561 0.02575636
v -0.05994340 -0.00125854 -0.02575636
v -0.05994340 -0.00125854 0.02575636
v -0.05994340 0.00125854 -0.02575636
v -0.05994340 0.00125854 0.02575636
v -0.05994340 0.00377561 -0.02575636
v -0.05994340 0.00377561 0.02575636
v -0.05994340 0.00629268 -0.02575636
v -0.05994340 0.00629268 0.02575636
v -0.05994340 0.00880976 -0.02575636
v -0.05994340 0.00880976 0.02575636
v -0.05994340 0.01132683 -0.02575636
v -0.05994340 0.01132683 0.02575636
v -0.05994340 0.01384390 -0.02575636
v -0.05994340 0.01384390 0.02575636
v -0.05994340 0.01636098 -0.02575636
v -0.05994340 0.01636098 0.02575636
v -0.05994340 0.01887805 -0.02575636
v -0.05994340 0.01887805 0.02575636
v -0.05994340 0.02139512 -0.02575636
v -0.05994340 0.02139512 0.02575636
v -0.05994340 0.02391220 -0.02575636
v -0.05994340 0.02391220 0.02575636
v -0.05994340 0.02642927 -0.02575636
v -0.05994340 0.02642927 0.02575636
v -0.05994340 0.02894634 -0.02575636
v -0.05994340 0.02894634 0.02575636
v -0.05994340 0.03146341 -0.02575636
v -0.05994340 0.03146341 0.02575636
v -0.05994340 0.03398049 -0.02575636
v -0.05994340 0.03398049 0.02575636
v -0.05994340 0.03649756 -0.02575636
v -0.05994340 0.03649756 0.02575636
v -0.05994340 0.03901463 -0.02575635
v -0.05994340 0.03901463 0.02575635
v -0.06218568 0.04153171 -0.02426897
v -0.05994340 0.04153171 -0.02532348
v -0.06218568 0.04153171 0.02426897
v -0.05994340 0.04153171 0.02532348
v -0.05994340 0.04348205 -0.02426897
v -0.06260560 0.04404878 -0.02215862
v -0.05994340 0.04404878 -0.02386265
v -0.06260560 0.04404878 0.02215862
v -0.05994340 0.04404878 0.02386265
v -0.05994340 0.04348205 0.02426897
v -0.05994340 0.04551044 -0.02215862
v -0.05994340 0.04648286 -0.02004828
v -0.06042316 0.04656585 -0.01793793
v -0.05994340 0.04656585 -0.01944460
v -0.06042316 0.04656585 -0.01582759
v -0.06042316 0.04656585 -0.01371724
v -0.06042316 0.04656585 -0.01160690
v -0.06042316 0.04656585 -0.00949655
v -0.06042316 0.04656585 -0.00738621
v -0.06042316 0.04656585 -0.00527586
v -0.06042316 0.04656585 -0.00316552
v -0.06042316 0.04656585 -0.00105517
v -0.06042316 0.04656585 0.00105517
v -0.06042316 0.04656585 0.00316552
v -0.06042316 0.04656585 0.00527586
v -0.06042316 0.04656585 0.00738621
v -0.06042316 0.04656585 0.00949655
v -0.06042316 0.04656585 0.01160690
v -0.06042316 0.04656585 0.01371724
v -0.06042316 0.04656585 0.01582759
v -0.06042316 0.04656585 0.01793793
v -0.05994340 0.04656585 0.01944460
v -0.05994340 0.04648286 0.02004828
v -0.05994340 0.04551044 0.02215862
v -0.05994340 0.04675900 -0.01793793
v -0.05994340 0.04675900 -0.01582759
v -0.05994340 0.04675900 -0.01371724
v -0.05994340 0.04675900 -0.01160690
v -0.05994340 0.04675900 -0.00949655
v -0.05994340 0.04675900 -0.00738621
v -0.05994340 0.04675900 -0.00527586
v -0.05994340 0.04675900 -0.00316552
v -0.05994340 0.04675900 -0.00105517
v -0.05994340 0.04675900 0.00105517
v -0.05994340 0.04675900 0.00316552
v -0.05994340 0.04675900 0.00527586
v -0.05994340 0.04675900 0.00738621
v -0.05994340 0.04675900 0.00949655
v -0.05994340 0.04675900 0.01160690
v -0.05994340 0.04675900 0.01371724
v -0.05994340 0.04675900 0.01582759
v -0.05994340 0.04675900 0.01793793
v -0.05909540 -0.04656585 -0.02004828
v -0.05727925 -0.04673203 -0.02004828
v -0.05727925 -0.04656585 -0.02047762
v -0.05727925 -0.04700000 -0.01793793
v -0.05727925 -0.04700000 -0.01582759
v -0.05727925 -0.04700000 -0.01371724
v -0.05727925 -0.04700000 -0.01160690
v -0.05727925 -0.04700000 -0.00949655
v -0.05727925 -0.04700000 -0.00738621
v -0.05727925 -0.04700000 -0.00527586
v -0.05727925 -0.04700000 -0.00316552
v -0.05727925 -0.04700000 -0.00105517
v -0.05727925 -0.04700000 0.00105517
v -0.05727925 -0.04700000 0.00316552
v -0.05727925 -0.04700000 0.00527586
v -0.05727925 -0.04700000 0.00738621
v -0.05727925 -0.04700000 0.00949655
v -0.05727925 -0.04700000 0.01160690
v -0.05727925 -0.04700000 0.01371724
v -0.05727925 -0.04700000 0.01582759
v -0.05727925 -0.04700000 0.01793793
v -0.05909540 -0.04656585 0.02004828
v -0.05727925 -0.04673203 0.02004828
v -0.05727925 -0.04656585 0.02047762
v -0.05727925 -0.04580388 -0.02215862
v -0.05727925 -0.04404878 -0.02420008
v -0.05727925 -0.04580388 0.02215862
v -0.05727925 -0.04404878 0.02420008
v -0.05727925 -0.04395260 -0.02426897
v -0.05727925 -0.04153171 -0.02558135
v -0.05727925 -0.04395260 0.02426897
v -0.05727925 -0.04153171 0.02558135
v -0.05727925 -0.03901463 -0.02599999
v -0.05727925 -0.03901463 0.02599999
v -0.05727925 -0.03649756 -0.02600000
v -0.05727925 -0.03649756 0.02600000
v -0.05727925 -0.03398049 -0.02600000
v -0.05727925 -0.03398049 0.02600000
v -0.05727925 -0.03146341 -0.02600000
v -0.05727925 -0.03146341 0.02600000
v -0.05727925 -0.02894634 -0.02600000
v -0.05727925 -0.02894634 0.02600000
v -0.05727925 -0.02642927 -0.02600000
v -0.05727925 -0.02642927 0.02600000
v -0.05727925 -0.02391220 -0.02600000
v -0.05727925 -0.02391220 0.02600000
v -0.05727925 -0.02139512 -0.02600000
v -0.05727925 -0.02139512 0.02600000
v -0.05727925 -0.01887805 -0.02600000
v -0.05727925 -0.01887805 0.02600000
v -0.05727925 -0.01636098 -0.02600000
v -0.05727925 -0.01636098 0.02600000
v -0.05727925 -0.01384390 -0.02600000
v -0.05727925 -0.01384390 0.02600000
v -0.05727925 -0.01132683 -0.02600000
v -0.05727925 -0.01132683 0.02600000
v -0.05727925 -0.00880976 -0.02600000
v -0.05727925 -0.00880976 0.02600000
v -0.05727925 -0.00629268 -0.02600000
v -0.05727925 -0.00629268 0.02600000
v -0.05727925 -0.00377561 -0.02600000
v -0.05727925 -0.00377561 0.02600000
v -0.05727925 -0.00125854 -0.02600000
v -0.05727925 -0.00125854 0.02600000
v -0.05727925 0.00125854 -0.02600000
v -0.05727925 0.00125854 0.02600000
v -0.05727925 0.00377561 -0.02600000
v -0.05727925 0.00377561 0.02600000
v -0.05727925 0.00629268 -0.02600000
v -0.05727925 0.00629268 0.02600000
v -0.05727925 0.00880976 -0.02600000
v -0.05727925 0.00880976 0.02600000
v -0.05727925 0.01132683 -0.02600000
v -0.05727925 0.01132683 0.02600000
v -0.05727925 0.01384390 -0.02600000
v -0.05727925 0.01384390 0.02600000
v -0.05727925 0.01636098 -0.02600000
v -0.05727925 0.01636098 0.02600000
v -0.05727925 0.01887805 -0.02600000
v -0.05727925 0.01887805 0.02600000
v -0.05727925 0.02139512 -0.02600000
v -0.05727925 0.02139512 0.02600000
v -0.05727925 0.02391220 -0.02600000
v -0.05727925 0.02391220 0.02600000
v -0.05727925 0.02642927 -0.02600000
v -0.05727925 0.02642927 0.02600000
v -0.05727925 0.02894634 -0.02600000
v -0.05727925 0.02894634 0.02600000
v -0.05727925 0.03146341 -0.02600000
v -0.05727925 0.03146341 0.02600000
v -0.05727925 0.03398049 -0.02600000
v -0.05727925 0.03398049 0.02600000
v -0.05727925 0.03649756 -0.02600000
v -0.05727925 0.03649756 0.02600000
v -0.05727925 0.03901463 -0.02599999
v -0.05727925 0.03901463 0.02599999
v -0.05727925 0.04153171 -0.02558135
v -0.05727925 0.04153171 0.02558135
v -0.05727925 0.04395260 -0.02426897
v -0.05727925 0.04404878 -0.02420008
v -0.05727925 0.04404878 0.02420008
v -0.05727925 0.04395260 0.02426897
v -0.05727925 0.04580388 -0.02215862
v -0.05909540 0.04656585 -0.02004828
v -0.05727925 0.04656585 -0.02047762
v -0.05909540 0.04656585 0.02004828
v -0.05727925 0.04656585 0.02047762
v -0.05727925 0.04580388 0.02215862
v -0.05727925 0.04673202 -0.02004828
v -0.05727925 0.04700000 -0.01793793
v -0.05727925 0.04700000 -0.01582759
v -0.05727925 0.04700000 -0.01371724
v -0.05727925 0.04700000 -0.01160690
v -0.05727925 0.04700000 -0.00949655
v -0.05727925 0.04700000 -0.00738621
v -0.05727925 0.04700000 -0.00527586
v -0.05727925 0.04700000 -0.00316552
v -0.05727925 0.04700000 -0.00105517
v -0.05727925 0.04700000 0.00105517
v -0.05727925 0.04700000 0.00316552
v -0.05727925 0.04700000 0.00527586
v -0.05727925 0.04700000 0.00738621
v -0.05727925 0.04700000 0.00949655
v -0.05727925 0.04700000 0.01160690
v -0.05727925 0.04700000 0.01371724
v -0.05727925 0.04700000 0.01582759
v -0.05727925 0.04700000 0.01793793
v -0.05727925 0.04673202 0.02004828
v -0.05461509 -0.04673203 -0.02004828
v -0.05461509 -0.04656585 -0.02047762
v -0.05461509 -0.04700000 -0.01793793
v -0.05461509 -0.04700000 -0.01582759
v -0.05461509 -0.04700000 -0.01371724
v -0.05461509 -0.04700000 -0.01160690
v -0.05461509 -0.04700000 -0.00949655
v -0.05461509 -0.04700000 -0.00738621
v -0.05461509 -0.04700000 -0.00527586
v -0.05461509 -0.04700000 -0.00316552
v -0.05461509 -0.04700000 -0.00105517
v -0.05461509 -0.04700000 0.00105517
v -0.05461509 -0.04700000 0.00316552
v -0.05461509 -0.04700000 0.00527586
v -0.05461509 -0.04700000 0.00738621
v -0.05461509 -0.04700000 0.00949655
v -0.05461509 -0.04700000 0.01160690
v -0.05461509 -0.04700000 0.01371724
v -0.05461509 -0.04700000 0.01582759
v -0.05461509 -0.04700000 0.01793793
v -0.05461509 -0.04673203 0.02004828
v -0.05461509 -0.04656585 0.02047762
v -0.05461509 -0.04580388 -0.02215862
v -0.05461509 -0.04404878 -0.02420008
v -0.05461509 -0.04580388 0.02215862
v -0.05461509 -0.04404878 0.02420008
v -0.05461509 -0.04395260 -0.02426897
v -0.05461509 -0.04153171 -0.02558135
v -0.05461509 -0.04395260 0.02426897
v -0.05461509 -0.04153171 0.02558135
v -0.05461509 -0.03901463 -0.02599999
v -0.05461509 -0.03901463 0.02599999
v -0.05461509 -0.03649756 -0.02600000
v -0.05461509 -0.03649756 0.02600000
v -0.05461509 -0.03398049 -0.02600000
v -0.05461509 -0.03398049 0.02600000
v -0.05461509 -0.03146341 -0.02600000
v -0.05461509 -0.03146341 0.02600000
v -0.05461509 -0.02894634 -0.02600000
v -0.05461509 -0.02894634 0.02600000
v -0.05461509 -0.02642927 -0.02600000
v -0.05461509 -0.02642927 0.02600000
v -0.05461509 -0.02391220 -0.02600000
v -0.05461509 -0.02391220 0.02600000
v -0.05461509 -0.02139512 -0.02600000
v -0.05461509 -0.02139512 0.02600000
v -0.05461509 -0.01887805 -0.02600000
v -0.05461509 -0.01887805 0.02600000
v -0.05461509 -0.01636098 -0.02600000
v -0.05461509 -0.01636098 0.02600000
v -0.05461509 -0.01384390 -0.02600000
v -0.05461509 -0.01384390 0.02600000
v -0.05461509 -0.01132683 -0.02600000
v -0.05461509 -0.01132683 0.02600000
v -0.05461509 -0.00880976 -0.02600000
v -0.05461509 -0.00880976 0.02600000
v -0.05461509 -0.00629268 -0.02600000
v -0.05461509 -0.00629268 0.02600000
v -0.05461509 -0.00377561 -0.02600000
v -0.05461509 -0.00377561 0.02600000
v -0.05461509 -0.00125854 -0.02600000
v -0.05461509 -0.00125854 0.02600000
v -0.05461509 0.00125854 -0.02600000
v -0.05461509 0.00125854 0.02600000
v -0.05461509 0.00377561 -0.02600000
v -0.05461509 0.00377561 0.02600000
v -0.05461509 0.00629268 -0.02600000
v -0.05461509 0.00629268 0.02600000
v -0.05461509 0.00880976 -0.02600000
v -0.05461509 0.00880976 0.02600000
v -0.05461509 0.01132683 -0.02600000
v -0.05461509 0.01132683 0.02600000
v -0.05461509 0.01384390 -0.02600000
v -0.05461509 0.01384390 0.02600000
v -0.05461509 0.01636098 -0.02600000
v -0.05461509 0.01636098 0.02600000
v -0.05461509 0.01887805 -0.02600000
v -0.05461509 0.01887805 0.02600000
v -0.05461509 0.02139512 -0.02600000
v -0.05461509 0.02139512 0.02600000
v -0.05461509 0.02391220 -0.02600000
v -0.05461509 0.02391220 0.02600000
v -0.05461509 0.02642927 -0.02600000
v -0.05461509 0.02642927 0.02600000
v -0.05461509 0.02894634 -0.02600000
v -0.05461509 0.02894634 0.02600000
v -0.05461509 0.03146341 -0.02600000
v -0.05461509 0.03146341 0.02600000
v -0.05461509 0.03398049 -0.02600000
v -0.05461509 0.03398049 0.02600000
v -0.05461509 0.03649756 -0.02600000
v -0.05461509 0.03649756 0.02600000
v -0.05461509 0.03901463 -0.02599999
v -0.05461509 0.03901463 0.02599999
v -0.05461509 0.04153171 -0.02558135
v -0.05461509 0.04153171 0.02558135
v -0.05461509 0.04395260 -0.02426897
v -0.05461509 0.04404878 -0.02420008
v -0.05461509 0.04404878 0.02420008
v -0.05461509 0.04395260 0.02426897
v -0.05461509 0.04580388 -0.02215862
v -0.05461509 0.04656585 -0.02047762
v -0.05461509 0.04656585 0.02047762
v -0.05461509 0.04580388 0.02215862
v -0.05461509 0.04673202 -0.02004828
v -0.05461509 0.04700000 -0.01793793
v -0.05461509 0.04700000 -0.01582759
v -0.05461509 0.04700000 -0.01371724
v -0.05461509 0.04700000 -0.01160690
v -0.05461509 0.04700000 -0.00949655
v -0.05461509 0.04700000 -0.00738621
v -0.05461509 0.04700000 -0.00527586
v -0.05461509 0.04700000 -0.00316552
v -0.05461509 0.04700000 -0.00105517
v -0.05461509 0.04700000 0.00105517
v -0.05461509 0.04700000 0.00316552
v -0.05461509 0.04700000 0.00527586
v -0.05461509 0.04700000 0.00738621
v -0.05461509 0.04700000 0.00949655
v -0.05461509 0.04700000 0.01160690
v -0.05461509 0.04700000 0.01371724
v -0.05461509 0.04700000 0.01582759
v -0.05461509 0.04700000 0.01793793
v -0.05461509 0.04673202 0.02004828
v -0.05195094 -0.04673203 -0.02004828
v -0.05195094 -0.04656585 -0.02047762
v -0.05195094 -0.04700000 -0.01793793
v -0.05195094 -0.04700000 -0.01582759
v -0.05195094 -0.04700000 -0.01371724
v -0.05195094 -0.04700000 -0.01160690
v -0.05195094 -0.04700000 -0.00949655
v -0.05195094 -0.04700000 -0.00738621
v -0.05195094 -0.04700000 -0.00527586
v -0.05195094 -0.04700000 -0.00316552
v -0.05195094 -0.04700000 -0.00105517
v -0.05195094 -0.04700000 0.00105517
v -0.05195094 -0.04700000 0.00316552
v -0.05195094 -0.04700000 0.00527586
v -0.05195094 -0.04700000 0.00738621
v -0.05195094 -0.04700000 0.00949655
v -0.05195094 -0.04700000 0.01160690
v -0.05195094 -0.04700000 0.01371724
v -0.05195094 -0.04700000 0.01582759
v -0.05195094 -0.04700000 0.01793793
v -0.05195094 -0.04673203 0.02004828
v -0.05195094 -0.04656585 0.02047762
v -0.05195094 -0.04580388 -0.02215862
v -0.05195094 -0.04404878 -0.02420008
v -0.05195094 -0.04580388 0.02215862
v -0.05195094 -0.04404878 0.02420008
v -0.05195094 -0.04395260 -0.02426897
v -0.05195094 -0.04153171 -0.02558135
v -0.05195094 -0.04395260 0.02426897
v -0.05195094 -0.04153171 0.02558135
v -0.05195094 -0.03901463 -0.02599999
v -0.05195094 -0.03901463 0.02599999
v -0.05195094 -0.03649756 -0.02600000
v -0.05195094 -0.03649756 0.02600000
v -0.05195094 -0.03398049 -0.02600000
v -0.05195094 -0.03398049 0.02600000
v -0.05195094 -0.03146341 -0.02600000
v -0.05195094 -0.03146341 0.02600000
v -0.05195094 -0.02894634 -0.02600000
v -0.05195094 -0.02894634 0.02600000
v -0.05195094 -0.02642927 -0.02600000
v -0.05195094 -0.02642927 0.02600000
v -0.05195094 -0.02391220 -0.02600000
v -0.05195094 -0.02391220 0.02600000
v -0.05195094 -0.02139512 -0.02600000
v -0.05195094 -0.02139512 0.02600000
v -0.05195094 -0.01887805 -0.02600000
v -0.05195094 -0.01887805 0.02600000
v -0.05195094 -0.01636098 -0.02600000
v -0.05195094 -0.01636098 0.02600000
v -0.05195094 -0.01384390 -0.02600000
v -0.05195094 -0.01384390 0.02600000
v -0.05195094 -0.01132683 -0.02600000
v -0.05195094 -0.01132683 0.02600000
v -0.05195094 -0.00880976 -0.02600000
v -0.05195094 -0.00880976 0.02600000
v -0.05195094 -0.00629268 -0.02600000
v -0.05195094 -0.00629268 0.02600000
v -0.05195094 -0.00377561 -0.02600000
v -0.05195094 -0.00377561 0.02600000
v -0.05195094 -0.00125854 -0.02600000
v -0.05195094 -0.00125854 0.02600000
v -0.05195094 0.00125854 -0.02600000
v -0.05195094 0.00125854 0.02600000
v -0.05195094 0.00377561 -0.02600000
v -0.05195094 0.00377561 0.02600000
v -0.05195094 0.00629268 -0.02600000
v -0.05195094 0.00629268 0.02600000
v -0.05195094 0.00880976 -0.02600000
v -0.05195094 0.00880976 0.02600000
v -0.05195094 0.01132683 -0.02600000
v -0.05195094 0.01132683 0.02600000
v -0.05195094 0.01384390 -0.02600000
v -0.05195094 0.01384390 0.02600000
v -0.05195094 0.01636098 -0.02600000
v -0.05195094 0.01636098 0.02600000
v -0.05195094 0.01887805 -0.02600000
v -0.05195094 0.01887805 0.02600000
v -0.05195094 0.02139512 -0.02600000
v -0.05195094 0.02139512 0.02600000
v -0.05195094 0.02391220 -0.02600000
v -0.05195094 0.02391220 0.02600000
v -0.05195094 0.02642927 -0.02600000
v -0.05195094 0.02642927 0.02600000
v -0.05195094 0.02894634 -0.02600000
v -0.05195094 0.02894634 0.02600000
v -0.05195094 0.03146341 -0.02600000
v -0.05195094 0.03146341 0.02600000
v -0.05195094 0.03398049 -0.02600000
v -0.05195094 0.03398049 0.02600000
v -0.05195094 0.03649756 -0.02600000
v -0.05195094 0.03649756 0.02600000
v -0.05195094 0.03901463 -0.02599999
v -0.05195094 0.03901463 0.02599999
v -0.05195094 0.04153171 -0.02558135
v -0.05195094 0.04153171 0.02558135
v -0.05195094 0.04395260 -0.02426897
v -0.05195094 0.04404878 -0.02420008
v -0.05195094 0.04404878 0.02420008
v -0.05195094 0.04395260 0.02426897
v -0.05195094 0.04580388 -0.02215862
v -0.05195094 0.04656585 -0.02047762
v -0.05195094 0.04656585 0.02047762
v -0.05195094 0.04580388 0.02215862
v -0.05195094 0.04673202 -0.02004828
v -0.05195094 0.04700000 -0.01793793
v -0.05195094 0.04700000 -0.01582759
v -0.05195094 0.04700000 -0.01371724
v -0.05195094 0.04700000 -0.01160690
v -0.05195094 0.04700000 -0.00949655
v -0.05195094 0.04700000 -0.00738621
v -0.05195094 0.04700000 -0.00527586
v -0.05195094 0.04700000 -0.00316552
v -0.05195094 0.04700000 -0.00105517
v -0.05195094 0.04700000 0.00105517
v -0.05195094 0.04700000 0.00316552
v -0.05195094 0.04700000 0.00527586
v -0.05195094 0.04700000 0.00738621
v -0.05195094 0.04700000 0.00949655
v -0.05195094 0.04700000 0.01160690
v -0.05195094 0.04700000 0.01371724
v -0.05195094 0.04700000 0.01582759
v -0.05195094 0.04700000 0.01793793
v -0.05195094 0.04673202 0.02004828
v -0.04928679 -0.04673203 -0.02004828
v -0.04928679 -0.04656585 -0.02047762
v -0.04928679 -0.04700000 -0.01793793
v -0.04928679 -0.04700000 -0.01582759
v -0.04928679 -0.04700000 -0.01371724
v -0.04928679 -0.04700000 -0.01160690
v -0.04928679 -0.04700000 -0.00949655
v -0.04928679 -0.04700000 -0.00738621
v -0.04928679 -0.04700000 -0.00527586
v -0.04928679 -0.04700000 -0.00316552
v -0.04928679 -0.04700000 -0.00105517
v -0.04928679 -0.04700000 0.00105517
v -0.04928679 -0.04700000 0.00316552
v -0.04928679 -0.04700000 0.00527586
v -0.04928679 -0.04700000 0.00738621
v -0.04928679 -0.04700000 0.00949655
v -0.04928679 -0.04700000 0.01160690
v -0.04928679 -0.04700000 0.01371724
v -0.04928679 -0.04700000 0.01582759
v -0.04928679 -0.04700000 0.01793793
v -0.04928679 -0.04673203 0.02004828
v -0.04928679 -0.04656585 0.02047762
v -0.04928679 -0.04580388 -0.02215862
v -0.04928679 -0.04404878 -0.02420008
v -0.04928679 -0.04580388 0.02215862
v -0.04928679 -0.04404878 0.02420008
v -0.04928679 -0.04395260 -0.02426897
v -0.04928679 -0.04153171 -0.02558135
v -0.04928679 -0.04395260 0.02426897
v -0.04928679 -0.04153171 0.02558135
v -0.04928679 -0.03901463 -0.02599999
v -0.04928679 -0.03901463 0.02599999
v -0.04928679 -0.03649756 -0.02600000
v -0.04928679 -0.03649756 0.02600000
v -0.04928679 -0.03398049 -0.02600000
v -0.04928679 -0.03398049 0.02600000
v -0.04928679 -0.03146341 -0.02600000
v -0.04928679 -0.03146341 0.02600000
v -0.04928679 -0.02894634 -0.02600000
v -0.04928679 -0.02894634 0.02600000
v -0.04928679 -0.02642927 -0.02600000
v -0.04928679 -0.02642927 0.02600000
v -0.04928679 -0.02391220 -0.02600000
v -0.04928679 -0.02391220 0.02600000
v -0.04928679 -0.02139512 -0.02600000
v -0.04928679 -0.02139512 0.02600000
v -0.04928679 -0.01887805 -0.02600000
v -0.04928679 -0.01887805 0.02600000
v -0.04928679 -0.01636098 -0.02600000
v -0.04928679 -0.01636098 0.02600000
v -0.04928679 -0.01384390 -0.02600000
v -0.04928679 -0.01384390 0.02600000
v -0.04928679 -0.01132683 -0.02600000
v -0.04928679 -0.01132683 0.02600000
v -0.04928679 -0.00880976 -0.02600000
v -0.04928679 -0.00880976 0.02600000
v -0.04928679 -0.00629268 -0.02600000
v -0.04928679 -0.00629268 0.02600000
v -0.04928679 -0.00377561 -0.02600000
v -0.04928679 -0.00377561 0.02600000
v -0.04928679 -0.00125854 -0.02600000
v -0.04928679 -0.00125854 0.02600000
v -0.04928679 0.00125854 -0.02600000
v -0.04928679 0.00125854 0.02600000
v -0.04928679 0.00377561 -0.02600000
v -0.04928679 0.00377561 0.02600000
v -0.04928679 0.00629268 -0.02600000
v -0.04928679 0.00629268 0.02600000
v -0.04928679 0.00880976 -0.02600000
v -0.04928679 0.00880976 0.02600000
v -0.04928679 0.01132683 -0.02600000
v -0.04928679 0.01132683 0.02600000
v -0.04928679 0.01384390 -0.02600000
v -0.04928679 0.01384390 0.02600000
v -0.04928679 0.01636098 -0.02600000
v -0.04928679 0.01636098 0.02600000
v -0.04928679 0.01887805 -0.02600000
v -0.04928679 0.01887805 0.02600000
v -0.04928679 0.02139512 -0.02600000
v -0.04928679 0.02139512 0.02600000
v -0.04928679 0.02391220 -0.02600000
v -0.04928679 0.02391220 0.02600000
v -0.04928679 0.02642927 -0.02600000
v -0.04928679 0.02642927 0.02600000
v -0.04928679 0.02894634 -0.02600000
v -0.04928679 0.02894634 0.02600000
v -0.04928679 0.03146341 -0.02600000
v -0.04928679 0.03146341 0.02600000
v -0.04928679 0.03398049 -0.02600000
v -0.04928679 0.03398049 0.02600000
v -0.04928679 0.03649756 -0.02600000
v -0.04928679 0.03649756 0.02600000
v -0.04928679 0.03901463 -0.02599999
v -0.04928679 0.03901463 0.02599999
v -0.04928679 0.04153171 -0.02558135
v -0.04928679 0.04153171 0.02558135
v -0.04928679 0.04395260 -0.02426897
v -0.04928679 0.04404878 -0.02420008
v -0.04928679 0.04404878 0.02420008
v -0.04928679 0.04395260 0.02426897
v -0.04928679 0.04580388 -0.02215862
v -0.04928679 0.04656585 -0.02047762
v -0.04928679 0.04656585 0.02047762
v -0.04928679 0.04580388 0.02215862
v -0.04928679 0.04673202 -0.02004828
v -0.04928679 0.04700000 -0.01793793
v -0.04928679 0.04700000 -0.01582759
v -0.04928679 0.04700000 -0.01371724
v -0.04928679 0.04700000 -0.01160690
v -0.04928679 0.04700000 -0.00949655
v -0.04928679 0.04700000 -0.00738621
v -0.04928679 0.04700000 -0.00527586
v -0.04928679 0.04700000 -0.00316552
v -0.04928679 0.04700000 -0.00105517
v -0.04928679 0.04700000 0.00105517
v -0.04928679 0.04700000 0.00316552
v -0.04928679 0.04700000 0.00527586
v -0.04928679 0.04700000 0.00738621
v -0.04928679 0.04700000 0.00949655
v -0.04928679 0.04700000 0.01160690
v -0.04928679 0.04700000 0.01371724
v -0.04928679 0.04700000 0.01582759
v -0.04928679 0.04700000 0.01793793
v -0.04928679 0.04673202 0.02004828
v -0.04662264 -0.04673203 -0.02004828
v -0.04662264 -0.04656585 -0.02047762
v -0.04662264 -0.04700000 -0.01793793
v -0.04662264 -0.04700000 -0.01582759
v -0.04662264 -0.04700000 -0.01371724
v -0.04662264 -0.04700000 -0.01160690
v -0.04662264 -0.04700000 -0.00949655
v -0.04662264 -0.04700000 -0.00738621
v -0.04662264 -0.04700000 -0.00527586
v -0.04662264 -0.04700000 -0.00316552
v -0.04662264 -0.04700000 -0.00105517
v -0.04662264 -0.04700000 0.00105517
v -0.04662264 -0.04700000 0.00316552
v -0.04662264 -0.04700000 0.00527586
v -0.04662264 -0.04700000 0.00738621
v -0.04662264 -0.04700000 0.00949655
v -0.04662264 -0.04700000 0.01160690
v -0.04662264 -0.04700000 0.01371724
v -0.04662264 -0.04700000 0.01582759
v -0.04662264 -0.04700000 0.01793793
v -0.04662264 -0.04673203 0.02004828
v -0.04662264 -0.04656585 0.02047762
v -0.04662264 -0.04580388 -0.02215862
v -0.04662264 -0.04404878 -0.02420008
v -0.04662264 -0.04580388 0.02215862
v -0.04662264 -0.04404878 0.02420008
v -0.04662264 -0.04395260 -0.02426897
v -0.04662264 -0.04153171 -0.02558135
v -0.04662264 -0.04395260 0.02426897
v -0.04662264 -0.04153171 0.02558135
v -0.04662264 -0.03901463 -0.02599999
v -0.04662264 -0.03901463 0.02599999
v -0.04662264 -0.03649756 -0.02600000
v -0.04662264 -0.03649756 0.02600000
v -0.04662264 -0.03398049 -0.02600000
v -0.04662264 -0.03398049 0.02600000
v -0.04662264 -0.03146341 -0.02600000
v -0.04662264 -0.03146341 0.02600000
v -0.04662264 -0.02894634 -0.02600000
v -0.04662264 -0.02894634 0.02600000
v -0.04662264 -0.02642927 -0.02600000
v -0.04662264 -0.02642927 0.02600000
v -0.04662264 -0.02391220 -0.02600000
v -0.04662264 -0.02391220 0.02600000
v -0.04662264 -0.02139512 -0.02600000
v -0.04662264 -0.02139512 0.02600000
v -0.04662264 -0.01887805 -0.02600000
v -0.04662264 -0.01887805 0.02600000
v -0.04662264 -0.01636098 -0.02600000
v -0.04662264 -0.01636098 0.02600000
v -0.04662264 -0.01384390 -0.02600000
v -0.04662264 -0.01384390 0.02600000
v -0.04662264 -0.01132683 -0.02600000
v -0.04662264 -0.01132683 0.02600000
v -0.04662264 -0.00880976 -0.02600000
v -0.04662264 -0.00880976 0.02600000
v -0.04662264 -0.00629268 -0.02600000
v -0.04662264 -0.00629268 0.02600000
v -0.04662264 -0.00377561 -0.02600000
v -0.04662264 -0.00377561 0.02600000
v -0.04662264 -0.00125854 -0.02600000
v -0.04662264 -0.00125854 0.02600000
v -0.04662264 0.00125854 -0.02600000
v -0.04662264 0.00125854 0.02600000
v -0.04662264 0.00377561 -0.02600000
v -0.04662264 0.00377561 0.02600000
v -0.04662264 0.00629268 -0.02600000
v -0.04662264 0.00629268 0.02600000
v -0.04662264 0.00880976 -0.02600000
v -0.04662264 0.00880976 0.02600000
v -0.04662264 0.01132683 -0.02600000
v -0.04662264 0.01132683 0.02600000
v -0.04662264 0.01384390 -0.02600000
v -0.04662264 0.01384390 0.02600000
v -0.04662264 0.01636098 -0.02600000
v -0.04662264 0.01636098 0.02600000
v -0.04662264 0.01887805 -0.02600000
v -0.04662264 0.01887805 0.02600000
v -0.04662264 0.02139512 -0.02600000
v -0.04662264 0.02139512 0.02600000
v -0.04662264 0.02391220 -0.02600000
v -0.04662264 0.02391220 0.02600000
v -0.04662264 0.02642927 -0.02600000
v -0.04662264 0.02642927 0.02600000
v -0.04662264 0.02894634 -0.02600000
v -0.04662264 0.02894634 0.02600000
v -0.04662264 0.03146341 -0.02600000
v -0.04662264 0.03146341 0.02600000
v -0.04662264 0.03398049 -0.02600000
v -0.04662264 0.03398049 0.02600000
v -0.04662264 0.03649756 -0.02600000
v -0.04662264 0.03649756 0.02600000
v -0.04662264 0.03901463 -0.02599999
v -0.04662264 0.03901463 0.02599999
v -0.04662264 0.04153171 -0.02558135
v -0.04662264 0.04153171 0.02558135
v -0.04662264 0.04395260 -0.02426897
v -0.04662264 0.04404878 -0.02420008
v -0.04662264 0.04404878 0.02420008
v -0.04662264 0.04395260 0.02426897
v -0.04662264 0.04580388 -0.02215862
v -0.04662264 0.04656585 -0.02047762
v -0.04662264 0.04656585 0.02047762
v -0.04662264 0.04580388 0.02215862
v -0.04662264 0.04673202 -0.02004828
v -0.04662264 0.04700000 -0.01793793
v -0.04662264 0.04700000 -0.01582759
v -0.04662264 0.04700000 -0.01371724
v -0.04662264 0.04700000 -0.01160690
v -0.04662264 0.04700000 -0.00949655
v -0.04662264 0.04700000 -0.00738621
v -0.04662264 0.04700000 -0.00527586
v -0.04662264 0.04700000 -0.00316552
v -0.04662264 0.04700000 -0.00105517
v -0.04662264 0.04700000 0.00105517
v -0.04662264 0.04700000 0.00316552
v -0.04662264 0.04700000 0.00527586
v -0.04662264 0.04700000 0.00738621
v -0.04662264 0.04700000 0.00949655
v -0.04662264 0.04700000 0.01160690
v -0.04662264 0.04700000 0.01371724
v -0.04662264 0.04700000 0.01582759
v -0.04662264 0.04700000 0.01793793
v -0.04662264 0.04673202 0.02004828
v -0.04395849 -0.04673203 -0.02004828
v -0.04395849 -0.04656585 -0.02047762
v -0.04395849 -0.04700000 -0.01793793
v -0.04395849 -0.04700000 -0.01582759
v -0.04395849 -0.04700000 -0.01371724
v -0.04395849 -0.04700000 -0.01160690
v -0.04395849 -0.04700000 -0.00949655
v -0.04395849 -0.04700000 -0.00738621
v -0.04395849 -0.04700000 -0.00527586
v -0.04395849 -0.04700000 -0.00316552
v -0.04395849 -0.04700000 -0.00105517
v -0.04395849 -0.04700000 0.00105517
v -0.04395849 -0.04700000 0.00316552
v -0.04395849 -0.04700000 0.00527586
v -0.04395849 -0.04700000 0.00738621
v -0.04395849 -0.04700000 0.00949655
v -0.04395849 -0.04700000 0.01160690
v -0.04395849 -0.04700000 0.01371724
v -0.04395849 -0.04700000 0.01582759
v -0.04395849 -0.04700000 0.01793793
v -0.04395849 -0.04673203 0.02004828
v -0.04395849 -0.04656585 0.02047762
v -0.04395849 -0.04580388 -0.02215862
v -0.04395849 -0.04404878 -0.02420008
v -0.04395849 -0.04580388 0.02215862
v -0.04395849 -0.04404878 0.02420008
v -0.04395849 -0.04395260 -0.02426897
v -0.04395849 -0.04153171 -0.02558135
v -0.04395849 -0.04395260 0.02426897
v -0.04395849 -0.04153171 0.02558135
v -0.04395849 -0.03901463 -0.02599999
v -0.04395849 -0.03901463 0.02599999
v -0.04395849 -0.03649756 -0.02600000
v -0.04395849 -0.03649756 0.02600000
v -0.04395849 -0.03398049 -0.02600000
v -0.04395849 -0.03398049 0.02600000
v -0.04395849 -0.03146341 -0.02600000
v -0.04395849 -0.03146341 0.02600000
v -0.04395849 -0.02894634 -0.02600000
v -0.04395849 -0.02894634 0.02600000
v -0.04395849 -0.02642927 -0.02600000
v -0.04395849 -0.02642927 0.02600000
v -0.04395849 -0.02391220 -0.02600000
v -0.04395849 -0.02391220 0.02600000
v -0.04395849 -0.02139512 -0.02600000
v -0.04395849 -0.02139512 0.02600000
v -0.04395849 -0.01887805 -0.02600000
v -0.04395849 -0.01887805 0.02600000
v -0.04395849 -0.01636098 -0.02600000
v -0.04395849 -0.01636098 0.02600000
v -0.04395849 -0.01384390 -0.02600000
v -0.04395849 -0.01384390 0.02600000
v -0.04395849 -0.01132683 -0.02600000
v -0.04395849 -0.01132683 0.02600000
v -0.04395849 -0.00880976 -0.02600000
v -0.04395849 -0.00880976 0.02600000
v -0.04395849 -0.00629268 -0.02600000
v -0.04395849 -0.00629268 0.02600000
v -0.04395849 -0.00377561 -0.02600000
v -0.04395849 -0.00377561 0.02600000
v -0.04395849 -0.00125854 -0.02600000
v -0.04395849 -0.00125854 0.02600000
v -0.04395849 0.00125854 -0.02600000
v -0.04395849 0.00125854 0.02600000
v -0.04395849 0.00377561 -0.02600000
v -0.04395849 0.00377561 0.02600000
v -0.04395849 0.00629268 -0.02600000
v -0.04395849 0.00629268 0.02600000
v -0.04395849 0.00880976 -0.02600000
v -0.04395849 0.00880976 0.02600000
v -0.04395849 0.01132683 -0.02600000
v -0.04395849 0.01132683 0.02600000
v -0.04395849 0.01384390 -0.02600000
v -0.04395849 0.01384390 0.02600000
v -0.04395849 0.01636098 -0.02600000
v -0.04395849 0.01636098 0.02600000
v -0.04395849 0.01887805 -0.02600000
v -0.04395849 0.01887805 0.02600000
v -0.04395849 0.02139512 -0.02600000
v -0.04395849 0.02139512 0.02600000
v -0.04395849 0.02391220 -0.02600000
v -0.04395849 0.02391220 0.02600000
v -0.04395849 0.02642927 -0.02600000
v -0.04395849 0.02642927 0.02600000
v -0.04395849 0.02894634 -0.02600000
v -0.04395849 0.02894634 0.02600000
v -0.04395849 0.03146341 -0.02600000
v -0.04395849 0.03146341 0.02600000
v -0.04395849 0.03398049 -0.02600000
v -0.04395849 0.03398049 0.02600000
v -0.04395849 0.03649756 -0.02600000
v -0.04395849 0.03649756 0.02600000
v -0.04395849 0.03901463 -0.02599999
v -0.04395849 0.03901463 0.02599999
v -0.04395849 0.04153171 -0.02558135
v -0.04395849 0.04153171 0.02558135
v -0.04395849 0.04395260 -0.02426897
v -0.04395849 0.04404878 -0.02420008
v -0.04395849 0.04404878 0.02420008
v -0.04395849 0.04395260 0.02426897
v -0.04395849 0.04580388 -0.02215862
v -0.04395849 0.04656585 -0.02047762
v -0.04395849 0.04656585 0.02047762
v -0.04395849 0.04580388 0.02215862
v -0.04395849 0.04673202 -0.02004828
v -0.04395849 0.04700000 -0.01793793
v -0.04395849 0.04700000 -0.01582759
v -0.04395849 0.04700000 -0.01371724
v -0.04395849 0.04700000 -0.01160690
v -0.04395849 0.04700000 -0.00949655
v -0.04395849 0.04700000 -0.00738621
v -0.04395849 0.04700000 -0.00527586
v -0.04395849 0.04700000 -0.00316552
v -0.04395849 0.04700000 -0.00105517
v -0.04395849 0.04700000 0.00105517
v -0.04395849 0.04700000 0.00316552
v -0.04395849 0.04700000 0.00527586
v -0.04395849 0.04700000 0.00738621
v -0.04395849 0.04700000 0.00949655
v -0.04395849 0.04700000 0.01160690
v -0.04395849 0.04700000 0.01371724
v -0.04395849 0.04700000 0.01582759
v -0.04395849 0.04700000 0.01793793
v -0.04395849 0.04673202 0.02004828
v -0.04129434 -0.04673203 -0.02004828
v -0.04129434 -0.04656585 -0.02047762
v -0.04129434 -0.04700000 -0.01793793
v -0.04129434 -0.04700000 -0.01582759
v -0.04129434 -0.04700000 -0.01371724
v -0.04129434 -0.04700000 -0.01160690
v -0.04129434 -0.04700000 -0.00949655
v -0.04129434 -0.04700000 -0.00738621
v -0.04129434 -0.04700000 -0.00527586
v -0.04129434 -0.04700000 -0.00316552
v -0.04129434 -0.04700000 -0.00105517
v -0.04129434 -0.04700000 0.00105517
v -0.04129434 -0.04700000 0.00316552
v -0.04129434 -0.04700000 0.00527586
v -0.04129434 -0.04700000 0.00738621
v -0.04129434 -0.04700000 0.00949655
v -0.04129434 -0.04700000 0.01160690
v -0.04129434 -0.04700000 0.01371724
v -0.04129434 -0.04700000 0.01582759
v -0.04129434 -0.04700000 0.01793793
v -0.04129434 -0.04673203 0.02004828
v -0.04129434 -0.04656585 0.02047762
v -0.04129434 -0.04580388 -0.02215862
v -0.04129434 -0.04404878 -0.02420008
v -0.04129434 -0.04580388 0.02215862
v -0.04129434 -0.04404878 0.02420008
v -0.04129434 -0.04395260 -0.02426897
v -0.04129434 -0.04153171 -0.02558135
v -0.04129434 -0.04395260 0.02426897
v -0.04129434 -0.04153171 0.02558135
v -0.04129434 -0.03901463 -0.02599999
v -0.04129434 -0.03901463 0.02599999
v -0.04129434 -0.03649756 -0.02600000
v -0.04129434 -0.03649756 0.02600000
v -0.04129434 -0.03398049 -0.02600000
v -0.04129434 -0.03398049 0.02600000
v -0.04129434 -0.03146341 -0.02600000
v -0.04129434 -0.03146341 0.02600000
v -0.04129434 -0.02894634 -0.02600000
v -0.04129434 -0.02894634 0.02600000
v -0.04129434 -0.02642927 -0.02600000
v -0.04129434 -0.02642927 0.02600000
v -0.04129434 -0.02391220 -0.02600000
v -0.04129434 -0.02391220 0.02600000
v -0.04129434 -0.02139512 -0.02600000
v -0.04129434 -0.02139512 0.02600000
v -0.04129434 -0.01887805 -0.02600000
v -0.04129434 -0.01887805 0.02600000
v -0.04129434 -0.01636098 -0.02600000
v -0.04129434 -0.01636098 0.02600000
v -0.04129434 -0.01384390 -0.02600000
v -0.04129434 -0.01384390 0.02600000
v -0.04129434 -0.01132683 -0.02600000
v -0.04129434 -0.01132683 0.02600000
v -0.04129434 -0.00880976 -0.02600000
v -0.04129434 -0.00880976 0.02600000
v -0.04129434 -0.00629268 -0.02600000
v -0.04129434 -0.00629268 0.02600000
v -0.04129434 -0.00377561 -0.02600000
v -0.04129434 -0.00377561 0.02600000
v -0.04129434 -0.00125854 -0.02600000
v -0.04129434 -0.00125854 0.02600000
v -0.04129434 0.00125854 -0.02600000
v -0.04129434 0.00125854 0.02600000
v -0.04129434 0.00377561 -0.02600000
v -0.04129434 0.00377561 0.02600000
v -0.04129434 0.00629268 -0.02600000
v -0.04129434 0.00629268 0.02600000
v -0.04129434 0.00880976 -0.02600000
v -0.04129434 0.00880976 0.02600000
v -0.04129434 0.01132683 -0.02600000
v -0.04129434 0.01132683 0.02600000
v -0.04129434 0.01384390 -0.02600000
v -0.04129434 0.01384390 0.02600000
v -0.04129434 0.01636098 -0.02600000
v -0.04129434 0.01636098 0.02600000
v -0.04129434 0.01887805 -0.02600000
v -0.04129434 0.01887805 0.02600000
v -0.04129434 0.02139512 -0.02600000
v -0.04129434 0.02139512 0.02600000
v -0.04129434 0.02391220 -0.02600000
v -0.04129434 0.02391220 0.02600000
v -0.04129434 0.02642927 -0.02600000
v -0.04129434 0.02642927 0.02600000
v -0.04129434 0.02894634 -0.02600000
v -0.04129434 0.02894634 0.02600000
v -0.04129434 0.03146341 -0.02600000
v -0.04129434 0.03146341 0.02600000
v -0.04129434 0.03398049 -0.02600000
v -0.04129434 0.03398049 0.02600000
v -0.04129434 0.03649756 -0.02600000
v -0.04129434 0.03649756 0.02600000
v -0.04129434 0.03901463 -0.02599999
v -0.04129434 0.03901463 0.02599999
v -0.04129434 0.04153171 -0.02558135
v -0.04129434 0.04153171 0.02558135
v -0.04129434 0.04395260 -0.02426897
v -0.04129434 0.04404878 -0.02420008
v -0.04129434 0.04404878 0.02420008
v -0.04129434 0.04395260 0.02426897
v -0.04129434 0.04580388 -0.02215862
v -0.04129434 0.04656585 -0.02047762
v -0.04129434 0.04656585 0.02047762
v -0.04129434 0.04580388 0.02215862
v -0.04129434 0.04673202 -0.02004828
v -0.04129434 0.04700000 -0.01793793
v -0.04129434 0.04700000 -0.01582759
v -0.04129434 0.04700000 -0.01371724
v -0.04129434 0.04700000 -0.01160690
v -0.04129434 0.04700000 -0.00949655
v -0.04129434 0.04700000 -0.00738621
v -0.04129434 0.04700000 -0.00527586
v -0.04129434 0.04700000 -0.00316552
v -0.04129434 0.04700000 -0.00105517
v -0.04129434 0.04700000 0.00105517
v -0.04129434 0.04700000 0.00316552
v -0.04129434 0.04700000 0.00527586
v -0.04129434 0.04700000 0.00738621
v -0.04129434 0.04700000 0.00949655
v -0.04129434 0.04700000 0.01160690
v -0.04129434 0.04700000 0.01371724
v -0.04129434 0.04700000 0.01582759
v -0.04129434 0.04700000 0.01793793
v -0.04129434 0.04673202 0.02004828
v -0.03863019 -0.04673203 -0.02004828
v -0.03863019 -0.04656585 -0.02047762
v -0.03863019 -0.04700000 -0.01793793
v -0.03863019 -0.04700000 -0.01582759
v -0.03863019 -0.04700000 -0.01371724
v -0.03863019 -0.04700000 -0.01160690
v -0.03863019 -0.04700000 -0.00949655
v -0.03863019 -0.04700000 -0.00738621
v -0.03863019 -0.04700000 -0.00527586
v -0.03863019 -0.04700000 -0.00316552
v -0.03863019 -0.04700000 -0.00105517
v -0.03863019 -0.04700000 0.00105517
v -0.03863019 -0.04700000 0.00316552
v -0.03863019 -0.04700000 0.00527586
v -0.03863019 -0.04700000 0.00738621
v -0.03863019 -0.04700000 0.00949655
v -0.03863019 -0.04700000 0.01160690
v -0.03863019 -0.04700000 0.01371724
v -0.03863019 -0.04700000 0.01582759
v -0.03863019 -0.04700000 0.01793793
v -0.03863019 -0.04673203 0.02004828
v -0.03863019 -0.04656585 0.02047762
v -0.03863019 -0.04580388 -0.02215862
v -0.03863019 -0.04404878 -0.02420008
v -0.03863019 -0.04580388 0.02215862
v -0.03863019 -0.04404878 0.02420008
v -0.03863019 -0.04395260 -0.02426897
v -0.03863019 -0.04153171 -0.02558135
v -0.03863019 -0.04395260 0.02426897
v -0.03863019 -0.04153171 0.02558135
v -0.03863019 -0.03901463 -0.02599999
v -0.03863019 -0.03901463 0.02599999
v -0.03863019 -0.03649756 -0.02600000
v -0.03863019 -0.03649756 0.02600000
v -0.03863019 -0.03398049 -0.02600000
v -0.03863019 -0.03398049 0.02600000
v -0.03863019 -0.03146341 -0.02600000
v -0.03863019 -0.03146341 0.02600000
v -0.03863019 -0.02894634 -0.02600000
v -0.03863019 -0.02894634 0.02600000
v -0.03863019 -0.02642927 -0.02600000
v -0.03863019 -0.02642927 0.02600000
v -0.03863019 -0.02391220 -0.02600000
v -0.03863019 -0.02391220 0.02600000
v -0.03863019 -0.02139512 -0.02600000
v -0.03863019 -0.02139512 0.02600000
v -0.03863019 -0.01887805 -0.02600000
v -0.03863019 -0.01887805 0.02600000
v -0.03863019 -0.01636098 -0.02600000
v -0.03863019 -0.01636098 0.02600000
v -0.03863019 -0.01384390 -0.02600000
v -0.03863019 -0.01384390 0.02600000
v -0.03863019 -0.01132683 -0.02600000
v -0.03863019 -0.01132683 0.02600000
v -0.03863019 -0.00880976 -0.02600000
v -0.03863019 -0.00880976 0.02600000
v -0.03863019 -0.00629268 -0.02600000
v -0.03863019 -0.00629268 0.02600000
v -0.03863019 -0.00377561 -0.02600000
v -0.03863019 -0.00377561 0.02600000
v -0.03863019 -0.00125854 -0.02600000
v -0.03863019 -0.00125854 0.02600000
v -0.03863019 0.00125854 -0.02600000
v -0.03863019 0.00125854 0.02600000
v -0.03863019 0.00377561 -0.02600000
v -0.03863019 0.00377561 0.02600000
v -0.03863019 0.00629268 -0.02600000
v -0.03863019 0.00629268 0.02600000
v -0.03863019 0.00880976 -0.02600000
v -0.03863019 0.00880976 0.02600000
v -0.03863019 0.01132683 -0.02600000
v -0.03863019 0.01132683 0.02600000
v -0.03863019 0.01384390 -0.02600000
v -0.03863019 0.01384390 0.02600000
v -0.03863019 0.01636098 -0.02600000
v -0.03863019 0.01636098 0.02600000
v -0.03863019 0.01887805 -0.02600000
v -0.03863019 0.01887805 0.02600000
v -0.03863019 0.02139512 -0.02600000
v -0.03863019 0.02139512 0.02600000
v -0.03863019 0.02391220 -0.02600000
v -0.03863019 0.02391220 0.02600000
v -0.03863019 0.02642927 -0.02600000
v -0.03863019 0.02642927 0.02600000
v -0.03863019 0.02894634 -0.02600000
v -0.03863019 0.02894634 0.02600000
v -0.03863019 0.03146341 -0.02600000
v -0.03863019 0.03146341 0.02600000
v -0.03863019 0.03398049 -0.02600000
v -0.03863019 0.03398049 0.02600000
v -0.03863019 0.03649756 -0.02600000
v -0.03863019 0.03649756 0.02600000
v -0.03863019 0.03901463 -0.02599999
v -0.03863019 0.03901463 0.02599999
v -0.03863019 0.04153171 -0.02558135
v -0.03863019 0.04153171 0.02558135
v -0.03863019 0.04395260 -0.02426897
v -0.03863019 0.04404878 -0.02420008
v -0.03863019 0.04404878 0.02420008
v -0.03863019 0.04395260 0.02426897
v -0.03863019 0.04580388 -0.02215862
v -0.03863019 0.04656585 -0.02047762
v -0.03863019 0.04656585 0.02047762
v -0.03863019 0.04580388 0.02215862
v -0.03863019 0.04673202 -0.02004828
v -0.03863019 0.04700000 -0.01793793
v -0.03863019 0.04700000 -0.01582759
v -0.03863019 0.04700000 -0.01371724
v -0.03863019 0.04700000 -0.01160690
v -0.03863019 0.04700000 -0.00949655
v -0.03863019 0.04700000 -0.00738621
v -0.03863019 0.04700000 -0.00527586
v -0.03863019 0.04700000 -0.00316552
v -0.03863019 0.04700000 -0.00105517
v -0.03863019 0.04700000 0.00105517
v -0.03863019 0.04700000 0.00316552
v -0.03863019 0.04700000 0.00527586
v -0.03863019 0.04700000 0.00738621
v -0.03863019 0.04700000 0.00949655
v -0.03863019 0.04700000 0.01160690
v -0.03863019 0.04700000 0.01371724
v -0.03863019 0.04700000 0.01582759
v -0.03863019 0.04700000 0.01793793
v -0.03863019 0.04673202 0.02004828
v -0.03596604 -0.04673203 -0.02004828
v -0.03596604 -0.04656585 -0.02047762
v -0.03596604 -0.04700000 -0.01793793
v -0.03596604 -0.04700000 -0.01582759
v -0.03596604 -0.04700000 -0.01371724
v -0.03596604 -0.04700000 -0.01160690
v -0.03596604 -0.04700000 -0.00949655
v -0.03596604 -0.04700000 -0.00738621
v -0.03596604 -0.04700000 -0.00527586
v -0.03596604 -0.04700000 -0.00316552
v -0.03596604 -0.04700000 -0.00105517
v -0.03596604 -0.04700000 0.00105517
v -0.03596604 -0.04700000 0.00316552
v -0.03596604 -0.04700000 0.00527586
v -0.03596604 -0.04700000 0.00738621
v -0.03596604 -0.04700000 0.00949655
v -0.03596604 -0.04700000 0.01160690
v -0.03596604 -0.04700000 0.01371724
v -0.03596604 -0.04700000 0.01582759
v -0.03596604 -0.04700000 0.01793793
v -0.03596604 -0.04673203 0.02004828
v -0.03596604 -0.04656585 0.02047762
v -0.03596604 -0.04580388 -0.02215862
v -0.03596604 -0.04404878 -0.02420008
v -0.03596604 -0.04580388 0.02215862
v -0.03596604 -0.04404878 0.02420008
v -0.03596604 -0.04395260 -0.02426897
v -0.03596604 -0.04153171 -0.02558135
v -0.03596604 -0.04395260 0.02426897
v -0.03596604 -0.04153171 0.02558135
v -0.03596604 -0.03901463 -0.02599999
v -0.03596604 -0.03901463 0.02599999
v -0.03596604 -0.03649756 -0.02600000
v -0.03596604 -0.03649756 0.02600000
v -0.03596604 -0.03398049 -0.02600000
v -0.03596604 -0.03398049 0.02600000
v -0.03596604 -0.03146341 -0.02600000
v -0.03596604 -0.03146341 0.02600000
v -0.03596604 -0.02894634 -0.02600000
v -0.03596604 -0.02894634 0.02600000
v -0.03596604 -0.02642927 -0.02600000
v -0.03596604 -0.02642927 0.02600000
v -0.03596604 -0.02391220 -0.02600000
v -0.03596604 -0.02391220 0.02600000
v -0.03596604 -0.02139512 -0.02600000
v -0.03596604 -0.02139512 0.02600000
v -0.03596604 -0.01887805 -0.02600000
v -0.03596604 -0.01887805 0.02600000
v -0.03596604 -0.01636098 -0.02600000
v -0.03596604 -0.01636098 0.02600000
v -0.03596604 -0.01384390 -0.02600000
v -0.03596604 -0.01384390 0.02600000
v -0.03596604 -0.01132683 -0.02600000
v -0.03596604 -0.01132683 0.02600000
v -0.03596604 -0.00880976 -0.02600000
v -0.03596604 -0.00880976 0.02600000
v -0.03596604 -0.00629268 -0.02600000
v -0.03596604 -0.00629268 0.02600000
v -0.03596604 -0.00377561 -0.02600000
v -0.03596604 -0.00377561 0.02600000
v -0.03596604 -0.00125854 -0.02600000
v -0.03596604 -0.00125854 0.02600000
v -0.03596604 0.00125854 -0.02600000
v -0.03596604 0.00125854 0.02600000
v -0.03596604 0.00377561 -0.02600000
v -0.03596604 0.00377561 0.02600000
v -0.03596604 0.00629268 -0.02600000
v -0.03596604 0.00629268 0.02600000
v -0.03596604 0.00880976 -0.02600000
v -0.03596604 0.00880976 0.02600000
v -0.03596604 0.01132683 -0.02600000
v -0.03596604 0.01132683 0.02600000
v -0.03596604 0.01384390 -0.02600000
v -0.03596604 0.01384390 0.02600000
v -0.03596604 0.01636098 -0.02600000
v -0.03596604 0.01636098 0.02600000
v -0.03596604 0.01887805 -0.02600000
v -0.03596604 0.01887805 0.02600000
v -0.03596604 0.02139512 -0.02600000
v -0.03596604 0.02139512 0.02600000
v -0.03596604 0.02391220 -0.02600000
v -0.03596604 0.02391220 0.02600000
v -0.03596604 0.02642927 -0.02600000
v -0.03596604 0.02642927 0.02600000
v -0.03596604 0.02894634 -0.02600000
v -0.03596604 0.02894634 0.02600000
v -0.03596604 0.03146341 -0.02600000
v -0.03596604 0.03146341 0.02600000
v -0.03596604 0.03398049 -0.02600000
v -0.03596604 0.03398049 0.02600000
v -0.03596604 0.03649756 -0.02600000
v -0.03596604 0.03649756 0.02600000
v -0.03596604 0.03901463 -0.02599999
v -0.03596604 0.03901463 0.02599999
v -0.03596604 0.04153171 -0.02558135
v -0.03596604 0.04153171 0.02558135
v -0.03596604 0.04395260 -0.02426897
v -0.03596604 0.04404878 -0.02420008
v -0.03596604 0.04404878 0.02420008
v -0.03596604 0.04395260 0.02426897
v -0.03596604 0.04580388 -0.02215862
v -0.03596604 0.04656585 -0.02047762
v -0.03596604 0.04656585 0.02047762
v -0.03596604 0.04580388 0.02215862
v -0.03596604 0.04673202 -0.02004828
v -0.03596604 0.04700000 -0.01793793
v -0.03596604 0.04700000 -0.01582759
v -0.03596604 0.04700000 -0.01371724
v -0.03596604 0.04700000 -0.01160690
v -0.03596604 0.04700000 -0.00949655
v -0.03596604 0.04700000 -0.00738621
v -0.03596604 0.04700000 -0.00527586
v -0.03596604 0.04700000 -0.00316552
v -0.03596604 0.04700000 -0.00105517
v -0.03596604 0.04700000 0.00105517
v -0.03596604 0.04700000 0.00316552
v -0.03596604 0.04700000 0.00527586
v -0.03596604 0.04700000 0.00738621
v -0.03596604 0.04700000 0.00949655
v -0.03596604 0.04700000 0.01160690
v -0.03596604 0.04700000 0.01371724
v -0.03596604 0.04700000 0.01582759
v -0.03596604 0.04700000 0.01793793
v -0.03596604 0.04673202 0.02004828
v -0.03330189 -0.04673203 -0.02004828
v -0.03330189 -0.04656585 -0.02047762
v -0.03330189 -0.04700000 -0.01793793
v -0.03330189 -0.04700000 -0.01582759
v -0.03330189 -0.04700000 -0.01371724
v -0.03330189 -0.04700000 -0.01160690
v -0.03330189 -0.04700000 -0.00949655
v -0.03330189 -0.04700000 -0.00738621
v -0.03330189 -0.04700000 -0.00527586
v -0.03330189 -0.04700000 -0.00316552
v -0.03330189 -0.04700000 -0.00105517
v -0.03330189 -0.04700000 0.00105517
v -0.03330189 -0.04700000 0.00316552
v -0.03330189 -0.04700000 0.00527586
v -0.03330189 -0.04700000 0.00738621
v -0.03330189 -0.04700000 0.00949655
v -0.03330189 -0.04700000 0.01160690
v -0.03330189 -0.04700000 0.01371724
v -0.03330189 -0.04700000 0.01582759
v -0.03330189 -0.04700000 0.01793793
v -0.03330189 -0.04673203 0.02004828
v -0.03330189 -0.04656585 0.02047762
v -0.03330189 -0.04580388 -0.02215862
v -0.03330189 -0.04404878 -0.02420008
v -0.03330189 -0.04580388 0.02215862
v -0.03330189 -0.04404878 0.02420008
v -0.03330189 -0.04395260 -0.02426897
v -0.03330189 -0.04153171 -0.02558135
v -0.03330189 -0.04395260 0.02426897
v -0.03330189 -0.04153171 0.02558135
v -0.03330189 -0.03901463 -0.02599999
v -0.03330189 -0.03901463 0.02599999
v -0.03330189 -0.03649756 -0.02600000
v -0.03330189 -0.03649756 0.02600000
v -0.03330189 -0.03398049 -0.02600000
v -0.03330189 -0.03398049 0.02600000
v -0.03330189 -0.03146341 -0.02600000
v -0.03330189 -0.03146341 0.02600000
v -0.03330189 -0.02894634 -0.02600000
v -0.03330189 -0.02894634 0.02600000
v -0.03330189 -0.02642927 -0.02600000
v -0.03330189 -0.02642927 0.02600000
v -0.03330189 -0.02391220 -0.02600000
v -0.03330189 -0.02391220 0.02600000
v -0.03330189 -0.02139512 -0.02600000
v -0.03330189 -0.02139512 0.02600000
v -0.03330189 -0.01887805 -0.02600000
v -0.03330189 -0.01887805 0.02600000
v -0.03330189 -0.01636098 -0.02600000
v -0.03330189 -0.01636098 0.02600000
v -0.03330189 -0.01384390 -0.02600000
v -0.03330189 -0.01384390 0.02600000
v -0.03330189 -0.01132683 -0.02600000
v -0.03330189 -0.01132683 0.02600000
v -0.03330189 -0.00880976 -0.02600000
v -0.03330189 -0.00880976 0.02600000
v -0.03330189 -0.00629268 -0.02600000
v -0.03330189 -0.00629268 0.02600000
v -0.03330189 -0.00377561 -0.02600000
v -0.03330189 -0.00377561 0.02600000
v -0.03330189 -0.00125854 -0.02600000
v -0.03330189 -0.00125854 0.02600000
v -0.03330189 0.00125854 -0.02600000
v -0.03330189 0.00125854 0.02600000
v -0.03330189 0.00377561 -0.02600000
v -0.03330189 0.00377561 0.02600000
v -0.03330189 0.00629268 -0.02600000
v -0.03330189 0.00629268 0.02600000
v -0.03330189 0.00880976 -0.02600000
v -0.03330189 0.00880976 0.02600000
v -0.03330189 0.01132683 -0.02600000
v -0.03330189 0.01132683 0.02600000
v -0.03330189 0.01384390 -0.02600000
v -0.03330189 0.01384390 0.02600000
v -0.03330189 0.01636098 -0.02600000
v -0.03330189 0.01636098 0.02600000
v -0.03330189 0.01887805 -0.02600000
v -0.03330189 0.01887805 0.02600000
v -0.03330189 0.02139512 -0.02600000
v -0.03330189 0.02139512 0.02600000
v -0.03330189 0.02391220 -0.02600000
v -0.03330189 0.02391220 0.02600000
v -0.03330189 0.02642927 -0.02600000
v -0.03330189 0.02642927 0.02600000
v -0.03330189 0.02894634 -0.02600000
v -0.03330189 0.02894634 0.02600000
v -0.03330189 0.03146341 -0.02600000
v -0.03330189 0.03146341 0.02600000
v -0.03330189 0.03398049 -0.02600000
v -0.03330189 0.03398049 0.02600000
v -0.03330189 0.03649756 -0.02600000
v -0.03330189 0.03649756 0.02600000
v -0.03330189 0.03901463 -0.02599999
v -0.03330189 0.03901463 0.02599999
v -0.03330189 0.04153171 -0.02558135
v -0.03330189 0.04153171 0.02558135
v -0.03330189 0.04395260 -0.02426897
v -0.03330189 0.04404878 -0.02420008
v -0.03330189 0.04404878 0.02420008
v -0.03330189 0.04395260 0.02426897
v -0.03330189 0.04580388 -0.02215862
v -0.03330189 0.04656585 -0.02047762
v -0.03330189 0.04656585 0.02047762
v -0.03330189 0.04580388 0.02215862
v -0.03330189 0.04673202 -0.02004828
v -0.03330189 0.04700000 -0.01793793
v -0.03330189 0.04700000 -0.01582759
v -0.03330189 0.04700000 -0.01371724
v -0.03330189 0.04700000 -0.01160690
v -0.03330189 0.04700000 -0.00949655
v -0.03330189 0.04700000 -0.00738621
v -0.03330189 0.04700000 -0.00527586
v -0.03330189 0.04700000 -0.00316552
v -0.03330189 0.04700000 -0.00105517
v -0.03330189 0.04700000 0.00105517
v -0.03330189 0.04700000 0.00316552
v -0.03330189 0.04700000 0.00527586
v -0.03330189 0.04700000 0.00738621
v -0.03330189 0.04700000 0.00949655
v -0.03330189 0.04700000 0.01160690
v -0.03330189 0.04700000 0.01371724
v -0.03330189 0.04700000 0.01582759
v -0.03330189 0.04700000 0.01793793
v -0.03330189 0.04673202 0.02004828
v -0.03063774 -0.04673203 -0.02004828
v -0.03063774 -0.04656585 -0.02047762
v -0.03063774 -0.04700000 -0.01793793
v -0.03063774 -0.04700000 -0.01582759
v -0.03063774 -0.04700000 -0.01371724
v -0.03063774 -0.04700000 -0.01160690
v -0.03063774 -0.04700000 -0.00949655
v -0.03063774 -0.04700000 -0.00738621
v -0.03063774 -0.04700000 -0.00527586
v -0.03063774 -0.04700000 -0.00316552
v -0.03063774 -0.04700000 -0.00105517
v -0.03063774 -0.04700000 0.00105517
v -0.03063774 -0.04700000 0.00316552
v -0.03063774 -0.04700000 0.00527586
v -0.03063774 -0.04700000 0.00738621
v -0.03063774 -0.04700000 0.00949655
v -0.03063774 -0.04700000 0.01160690
v -0.03063774 -0.04700000 0.01371724
v -0.03063774 -0.04700000 0.01582759
v -0.03063774 -0.04700000 0.01793793
v -0.03063774 -0.04673203 0.02004828
v -0.03063774 -0.04656585 0.02047762
v -0.03063774 -0.04580388 -0.02215862
v -0.03063774 -0.04404878 -0.02420008
v -0.03063774 -0.04580388 0.02215862
v -0.03063774 -0.04404878 0.02420008
v -0.03063774 -0.04395260 -0.02426897
v -0.03063774 -0.04153171 -0.02558135
v -0.03063774 -0.04395260 0.02426897
v -0.03063774 -0.04153171 0.02558135
v -0.03063774 -0.03901463 -0.02599999
v -0.03063774 -0.03901463 0.02599999
v -0.03063774 -0.03649756 -0.02600000
v -0.03063774 -0.03649756 0.02600000
v -0.03063774 -0.03398049 -0.02600000
v -0.03063774 -0.03398049 0.02600000
v -0.03063774 -0.03146341 -0.02600000
v -0.03063774 -0.03146341 0.02600000
v -0.03063774 -0.02894634 -0.02600000
v -0.03063774 -0.02894634 0.02600000
v -0.03063774 -0.02642927 -0.02600000
v -0.03063774 -0.02642927 0.02600000
v -0.03063774 -0.02391220 -0.02600000
v -0.03063774 -0.02391220 0.02600000
v -0.03063774 -0.02139512 -0.02600000
v -0.03063774 -0.02139512 0.02600000
v -0.03063774 -0.01887805 -0.02600000
v -0.03063774 -0.01887805 0.02600000
v -0.03063774 -0.01636098 -0.02600000
v -0.03063774 -0.01636098 0.02600000
v -0.03063774 -0.01384390 -0.02600000
v -0.03063774 -0.01384390 0.02600000
v -0.03063774 -0.01132683 -0.02600000
v -0.03063774 -0.01132683 0.02600000
v -0.03063774 -0.00880976 -0.02600000
v -0.03063774 -0.00880976 0.02600000
v -0.03063774 -0.00629268 -0.02600000
v -0.03063774 -0.00629268 0.02600000
v -0.03063774 -0.00377561 -0.02600000
v -0.03063774 -0.00377561 0.02600000
v -0.03063774 -0.00125854 -0.02600000
v -0.03063774 -0.00125854 0.02600000
v -0.03063774 0.00125854 -0.02600000
v -0.03063774 0.00125854 0.02600000
v -0.03063774 0.00377561 -0.02600000
v -0.03063774 0.00377561 0.02600000
v -0.03063774 0.00629268 -0.02600000
v -0.03063774 0.00629268 0.02600000
v -0.03063774 0.00880976 -0.02600000
v -0.03063774 0.00880976 0.02600000
v -0.03063774 0.01132683 -0.02600000
v -0.03063774 0.01132683 0.02600000
v -0.03063774 0.01384390 -0.02600000
v -0.03063774 0.01384390 0.02600000
v -0.03063774 0.01636098 -0.02600000
v -0.03063774 0.01636098 0.02600000
v -0.03063774 0.01887805 -0.02600000
v -0.03063774 0.01887805 0.02600000
v -0.03063774 0.02139512 -0.02600000
v -0.03063774 0.02139512 0.02600000
v -0.03063774 0.02391220 -0.02600000
v -0.03063774 0.02391220 0.02600000
v -0.03063774 0.02642927 -0.02600000
v -0.03063774 0.02642927 0.02600000
v -0.03063774 0.02894634 -0.02600000
v -0.03063774 0.02894634 0.02600000
v -0.03063774 0.03146341 -0.02600000
v -0.03063774 0.03146341 0.02600000
v -0.03063774 0.03398049 -0.02600000
v -0.03063774 0.03398049 0.02600000
v -0.03063774 0.03649756 -0.02600000
v -0.03063774 0.03649756 0.02600000
v -0.03063774 0.03901463 -0.02599999
v -0.03063774 0.03901463 0.02599999
v -0.03063774 0.04153171 -0.02558135
v -0.03063774 0.04153171 0.02558135
v -0.03063774 0.04395260 -0.02426897
v -0.03063774 0.04404878 -0.02420008
v -0.03063774 0.04404878 0.02420008
v -0.03063774 0.04395260 0.02426897
v -0.03063774 0.04580388 -0.02215862
v -0.03063774 0.04656585 -0.02047762
v -0.03063774 0.04656585 0.02047762
v -0.03063774 0.04580388 0.02215862
v -0.03063774 0.04673202 -0.02004828
v -0.03063774 0.04700000 -0.01793793
v -0.03063774 0.04700000 -0.01582759
v -0.03063774 0.04700000 -0.01371724
v -0.03063774 0.04700000 -0.01160690
v -0.03063774 0.04700000 -0.00949655
v -0.03063774 0.04700000 -0.00738621
v -0.03063774 0.04700000 -0.00527586
v -0.03063774 0.04700000 -0.00316552
v -0.03063774 0.04700000 -0.00105517
v -0.03063774 0.04700000 0.00105517
v -0.03063774 0.04700000 0.00316552
v -0.03063774 0.04700000 0.00527586
v -0.03063774 0.04700000 0.00738621
v -0.03063774 0.04700000 0.00949655
v -0.03063774 0.04700000 0.01160690
v -0.03063774 0.04700000 0.01371724
v -0.03063774 0.04700000 0.01582759
v -0.03063774 0.04700000 0.01793793
v -0.03063774 0.04673202 0.02004828
v -0.02797358 -0.04673203 -0.02004828
v -0.02797358 -0.04656585 -0.02047762
v -0.02797358 -0.04700000 -0.01793793
v -0.02797358 -0.04700000 -0.01582759
v -0.02797358 -0.04700000 -0.01371724
v -0.02797358 -0.04700000 -0.01160690
v -0.02797358 -0.04700000 -0.00949655
v -0.02797358 -0.04700000 -0.00738621
v -0.02797358 -0.04700000 -0.00527586
v -0.02797358 -0.04700000 -0.00316552
v -0.02797358 -0.04700000 -0.00105517
v -0.02797358 -0.04700000 0.00105517
v -0.02797358 -0.04700000 0.00316552
v -0.02797358 -0.04700000 0.00527586
v -0.02797358 -0.04700000 0.00738621
v -0.02797358 -0.04700000 0.00949655
v -0.02797358 -0.04700000 0.01160690
v -0.02797358 -0.04700000 0.01371724
v -0.02797358 -0.04700000 0.01582759
v -0.02797358 -0.04700000 0.01793793
v -0.02797358 -0.04673203 0.02004828
v -0.02797358 -0.04656585 0.02047762
v -0.02797358 -0.04580388 -0.02215862
v -0.02797358 -0.04404878 -0.02420008
v -0.02797358 -0.04580388 0.02215862
v -0.02797358 -0.04404878 0.02420008
v -0.02797358 -0.04395260 -0.02426897
v -0.02797358 -0.04153171 -0.02558135
v -0.02797358 -0.04395260 0.02426897
v -0.02797358 -0.04153171 0.02558135
v -0.02797358 -0.03901463 -0.02599999
v -0.02797358 -0.03901463 0.02599999
v -0.02797358 -0.03649756 -0.02600000
v -0.02797358 -0.03649756 0.02600000
v -0.02797358 -0.03398049 -0.02600000
v -0.02797358 -0.03398049 0.02600000
v -0.02797358 -0.03146341 -0.02600000
v -0.02797358 -0.03146341 0.02600000
v -0.02797358 -0.02894634 -0.02600000
v -0.02797358 -0.02894634 0.02600000
v -0.02797358 -0.02642927 -0.02600000
v -0.02797358 -0.02642927 0.02600000
v -0.02797358 -0.02391220 -0.02600000
v -0.02797358 -0.02391220 0.02600000
v -0.02797358 -0.02139512 -0.02600000
v -0.02797358 -0.02139512 0.02600000
v -0.02797358 -0.01887805 -0.02600000
v -0.02797358 -0.01887805 0.02600000
v -0.02797358 -0.01636098 -0.02600000
v -0.02797358 -0.01636098 0.02600000
v -0.02797358 -0.01384390 -0.02600000
v -0.02797358 -0.01384390 0.02600000
v -0.02797358 -0.01132683 -0.02600000
v -0.02797358 -0.01132683 0.02600000
v -0.02797358 -0.00880976 -0.02600000
v -0.02797358 -0.00880976 0.02600000
v -0.02797358 -0.00629268 -0.02600000
v -0.02797358 -0.00629268 0.02600000
v -0.02797358 -0.00377561 -0.02600000
v -0.02797358 -0.00377561 0.02600000
v -0.02797358 -0.00125854 -0.02600000
v -0.02797358 -0.00125854 0.02600000
v -0.02797358 0.00125854 -0.02600000
v -0.02797358 0.00125854 0.02600000
v -0.02797358 0.00377561 -0.02600000
v -0.02797358 0.00377561 0.02600000
v -0.02797358 0.00629268 -0.02600000
v -0.02797358 0.00629268 0.02600000
v -0.02797358 0.00880976 -0.02600000
v -0.02797358 0.00880976 0.02600000
v -0.02797358 0.01132683 -0.02600000
v -0.02797358 0.01132683 0.02600000
v -0.02797358 0.01384390 -0.02600000
v -0.02797358 0.01384390 0.02600000
v -0.02797358 0.01636098 -0.02600000
v -0.02797358 0.01636098 0.02600000
v -0.02797358 0.01887805 -0.02600000
v -0.02797358 0.01887805 0.02600000
v -0.02797358 0.02139512 -0.02600000
v -0.02797358 0.02139512 0.02600000
v -0.02797358 0.02391220 -0.02600000
v -0.02797358 0.02391220 0.02600000
v -0.02797358 0.02642927 -0.02600000
v -0.02797358 0.02642927 0.02600000
v -0.02797358 0.02894634 -0.02600000
v -0.02797358 0.02894634 0.02600000
v -0.02797358 0.03146341 -0.02600000
v -0.02797358 0.03146341 0.02600000
v -0.02797358 0.03398049 -0.02600000
v -0.02797358 0.03398049 0.02600000
v -0.02797358 0.03649756 -0.02600000
v -0.02797358 0.03649756 0.02600000
v -0.02797358 0.03901463 -0.02599999
v -0.02797358 0.03901463 0.02599999
v -0.02797358 0.04153171 -0.02558135
v -0.02797358 0.04153171 0.02558135
v -0.02797358 0.04395260 -0.02426897
v -0.02797358 0.04404878 -0.02420008
v -0.02797358 0.04404878 0.02420008
v -0.02797358 0.04395260 0.02426897
v -0.02797358 0.04580388 -0.02215862
v -0.02797358 0.04656585 -0.02047762
v -0.02797358 0.04656585 0.02047762
v -0.02797358 0.04580388 0.02215862
v -0.02797358 0.04673202 -0.02004828
v -0.02797358 0.04700000 -0.01793793
v -0.02797358 0.04700000 -0.01582759
v -0.02797358 0.04700000 -0.01371724
v -0.02797358 0.04700000 -0.01160690
v -0.02797358 0.04700000 -0.00949655
v -0.02797358 0.04700000 -0.00738621
v -0.02797358 0.04700000 -0.00527586
v -0.02797358 0.04700000 -0.00316552
v -0.02797358 0.04700000 -0.00105517
v -0.02797358 0.04700000 0.00105517
v -0.02797358 0.04700000 0.00316552
v -0.02797358 0.04700000 0.00527586
v -0.02797358 0.04700000 0.00738621
v -0.02797358 0.04700000 0.00949655
v -0.02797358 0.04700000 0.01160690
v -0.02797358 0.04700000 0.01371724
v -0.02797358 0.04700000 0.01582759
v -0.02797358 0.04700000 0.01793793
v -0.02797358 0.04673202 0.02004828
v -0.02530943 -0.04673203 -0.02004828
v -0.02530943 -0.04656585 -0.02047762
v -0.02530943 -0.04700000 -0.01793793
v -0.02530943 -0.04700000 -0.01582759
v -0.02530943 -0.04700000 -0.01371724
v -0.02530943 -0.04700000 -0.01160690
v -0.02530943 -0.04700000 -0.00949655
v -0.02530943 -0.04700000 -0.00738621
v -0.02530943 -0.04700000 -0.00527586
v -0.02530943 -0.04700000 -0.00316552
v -0.02530943 -0.04700000 -0.00105517
v -0.02530943 -0.04700000 0.00105517
v -0.02530943 -0.04700000 0.00316552
v -0.02530943 -0.04700000 0.00527586
v -0.02530943 -0.04700000 0.00738621
v -0.02530943 -0.04700000 0.00949655
v -0.02530943 -0.04700000 0.01160690
v -0.02530943 -0.04700000 0.01371724
v -0.02530943 -0.04700000 0.01582759
v -0.02530943 -0.04700000 0.01793793
v -0.02530943 -0.04673203 0.02004828
v -0.02530943 -0.04656585 0.02047762
v -0.02530943 -0.04580388 -0.02215862
v -0.02530943 -0.04404878 -0.02420008
v -0.02530943 -0.04580388 0.02215862
v -0.02530943 -0.04404878 0.02420008
v -0.02530943 -0.04395260 -0.02426897
v -0.02530943 -0.04153171 -0.02558135
v -0.02530943 -0.04395260 0.02426897
v -0.02530943 -0.04153171 0.02558135
v -0.02530943 -0.03901463 -0.02599999
v -0.02530943 -0.03901463 0.02599999
v -0.02530943 -0.03649756 -0.02600000
v -0.02530943 -0.03649756 0.02600000
v -0.02530943 -0.03398049 -0.02600000
v -0.02530943 -0.03398049 0.02600000
v -0.02530943 -0.03146341 -0.02600000
v -0.02530943 -0.03146341 0.02600000
v -0.02530943 -0.02894634 -0.02600000
v -0.02530943 -0.02894634 0.02600000
v -0.02530943 -0.02642927 -0.02600000
v -0.02530943 -0.02642927 0.02600000
v -0.02530943 -0.02391220 -0.02600000
v -0.02530943 -0.02391220 0.02600000
v -0.02530943 -0.02139512 -0.02600000
v -0.02530943 -0.02139512 0.02600000
v -0.02530943 -0.01887805 -0.02600000
v -0.02530943 -0.01887805 0.02600000
v -0.02530943 -0.01636098 -0.02600000
v -0.02530943 -0.01636098 0.02600000
v -0.02530943 -0.01384390 -0.02600000
v -0.02530943 -0.01384390 0.02600000
v -0.02530943 -0.01132683 -0.02600000
v -0.02530943 -0.01132683 0.02600000
v -0.02530943 -0.00880976 -0.02600000
v -0.02530943 -0.00880976 0.02600000
v -0.02530943 -0.00629268 -0.02600000
v -0.02530943 -0.00629268 0.02600000
v -0.02530943 -0.00377561 -0.02600000
v -0.02530943 -0.00377561 0.02600000
v -0.02530943 -0.00125854 -0.02600000
v -0.02530943 -0.00125854 0.02600000
v -0.02530943 0.00125854 -0.02600000
v -0.02530943 0.00125854 0.02600000
v -0.02530943 0.00377561 -0.02600000
v -0.02530943 0.00377561 0.02600000
v -0.02530943 0.00629268 -0.02600000
v -0.02530943 0.00629268 0.02600000
v -0.02530943 0.00880976 -0.02600000
v -0.02530943 0.00880976 0.02600000
v -0.02530943 0.01132683 -0.02600000
v -0.02530943 0.01132683 0.02600000
v -0.02530943 0.01384390 -0.02600000
v -0.02530943 0.01384390 0.02600000
v -0.02530943 0.01636098 -0.02600000
v -0.02530943 0.01636098 0.02600000
v -0.02530943 0.01887805 -0.02600000
v -0.02530943 0.01887805 0.02600000
v -0.02530943 0.02139512 -0.02600000
v -0.02530943 0.02139512 0.02600000
v -0.02530943 0.02391220 -0.02600000
v -0.02530943 0.02391220 0.02600000
v -0.02530943 0.02642927 -0.02600000
v -0.02530943 0.02642927 0.02600000
v -0.02530943 0.02894634 -0.02600000
v -0.02530943 0.02894634 0.02600000
v -0.02530943 0.03146341 -0.02600000
v -0.02530943 0.03146341 0.02600000
v -0.02530943 0.03398049 -0.02600000
v -0.02530943 0.03398049 0.02600000
v -0.02530943 0.03649756 -0.02600000
v -0.02530943 0.03649756 0.02600000
v -0.02530943 0.03901463 -0.02599999
v -0.02530943 0.03901463 0.02599999
v -0.02530943 0.04153171 -0.02558135
v -0.02530943 0.04153171 0.02558135
v -0.02530943 0.04395260 -0.02426897
v -0.02530943 0.04404878 -0.02420008
v -0.02530943 0.04404878 0.02420008
v -0.02530943 0.04395260 0.02426897
v -0.02530943 0.04580388 -0.02215862
v -0.02530943 0.04656585 -0.02047762
v -0.02530943 0.04656585 0.02047762
v -0.02530943 0.04580388 0.02215862
v -0.02530943 0.04673202 -0.02004828
v -0.02530943 0.04700000 -0.01793793
v -0.02530943 0.04700000 -0.01582759
v -0.02530943 0.04700000 -0.01371724
v -0.02530943 0.04700000 -0.01160690
v -0.02530943 0.04700000 -0.00949655
v -0.02530943 0.04700000 -0.00738621
v -0.02530943 0.04700000 -0.00527586
v -0.02530943 0.04700000 -0.00316552
v -0.02530943 0.04700000 -0.00105517
v -0.02530943 0.04700000 0.00105517
v -0.02530943 0.04700000 0.00316552
v -0.02530943 0.04700000 0.00527586
v -0.02530943 0.04700000 0.00738621
v -0.02530943 0.04700000 0.00949655
v -0.02530943 0.04700000 0.01160690
v -0.02530943 0.04700000 0.01371724
v -0.02530943 0.04700000 0.01582759
v -0.02530943 0.04700000 0.01793793
v -0.02530943 0.04673202 0.02004828
v -0.02264528 -0.04673203 -0.02004828
v -0.02264528 -0.04656585 -0.02047762
v -0.02264528 -0.04700000 -0.01793793
v -0.02264528 -0.04700000 -0.01582759
v -0.02264528 -0.04700000 -0.01371724
v -0.02264528 -0.04700000 -0.01160690
v -0.02264528 -0.04700000 -0.00949655
v -0.02264528 -0.04700000 -0.00738621
v -0.02264528 -0.04700000 -0.00527586
v -0.02264528 -0.04700000 -0.00316552
v -0.02264528 -0.04700000 -0.00105517
v -0.02264528 -0.04700000 0.00105517
v -0.02264528 -0.04700000 0.00316552
v -0.02264528 -0.04700000 0.00527586
v -0.02264528 -0.04700000 0.00738621
v -0.02264528 -0.04700000 0.00949655
v -0.02264528 -0.04700000 0.01160690
v -0.02264528 -0.04700000 0.01371724
v -0.02264528 -0.04700000 0.01582759
v -0.02264528 -0.04700000 0.01793793
v -0.02264528 -0.04673203 0.02004828
v -0.02264528 -0.04656585 0.02047762
v -0.02264528 -0.04580388 -0.02215862
v -0.02264528 -0.04404878 -0.02420008
v -0.02264528 -0.04580388 0.02215862
v -0.02264528 -0.04404878 0.02420008
v -0.02264528 -0.04395260 -0.02426897
v -0.02264528 -0.04153171 -0.02558135
v -0.02264528 -0.04395260 0.02426897
v -0.02264528 -0.04153171 0.02558135
v -0.02264528 -0.03901463 -0.02599999
v -0.02264528 -0.03901463 0.02599999
v -0.02264528 -0.03649756 -0.02600000
v -0.02264528 -0.03649756 0.02600000
v -0.02264528 -0.03398049 -0.02600000
v -0.02264528 -0.03398049 0.02600000
v -0.02264528 -0.03146341 -0.02600000
v -0.02264528 -0.03146341 0.02600000
v -0.02264528 -0.02894634 -0.02600000
v -0.02264528 -0.02894634 0.02600000
v -0.02264528 -0.02642927 -0.02600000
v -0.02264528 -0.02642927 0.02600000
v -0.02264528 -0.02391220 -0.02600000
v -0.02264528 -0.02391220 0.02600000
v -0.02264528 -0.02139512 -0.02600000
v -0.02264528 -0.02139512 0.02600000
v -0.02264528 -0.01887805 -0.02600000
v -0.02264528 -0.01887805 0.02600000
v -0.02264528 -0.01636098 -0.02600000
v -0.02264528 -0.01636098 0.02600000
v -0.02264528 -0.01384390 -0.02600000
v -0.02264528 -0.01384390 0.02600000
v -0.02264528 -0.01132683 -0.02600000
v -0.02264528 -0.01132683 0.02600000
v -0.02264528 -0.00880976 -0.02600000
v -0.02264528 -0.00880976 0.02600000
v -0.02264528 -0.00629268 -0.02600000
v -0.02264528 -0.00629268 0.02600000
v -0.02264528 -0.00377561 -0.02600000
v -0.02264528 -0.00377561 0.02600000
v -0.02264528 -0.00125854 -0.02600000
v -0.02264528 -0.00125854 0.02600000
v -0.02264528 0.00125854 -0.02600000
v -0.02264528 0.00125854 0.02600000
v -0.02264528 0.00377561 -0.02600000
v -0.02264528 0.00377561 0.02600000
v -0.02264528 0.00629268 -0.02600000
v -0.02264528 0.00629268 0.02600000
v -0.02264528 0.00880976 -0.02600000
v -0.02264528 0.00880976 0.02600000
v -0.02264528 0.01132683 -0.02600000
v -0.02264528 0.01132683 0.02600000
v -0.02264528 0.01384390 -0.02600000
v -0.02264528 0.01384390 0.02600000
v -0.02264528 0.01636098 -0.02600000
v -0.02264528 0.01636098 0.02600000
v -0.02264528 0.01887805 -0.02600000
v -0.02264528 0.01887805 0.02600000
v -0.02264528 0.02139512 -0.02600000
v -0.02264528 0.02139512 0.02600000
v -0.02264528 0.02391220 -0.02600000
v -0.02264528 0.02391220 0.02600000
v -0.02264528 0.02642927 -0.02600000
v -0.02264528 0.02642927 0.02600000
v -0.02264528 0.02894634 -0.02600000
v -0.02264528 0.02894634 0.02600000
v -0.02264528 0.03146341 -0.02600000
v -0.02264528 0.03146341 0.02600000
v -0.02264528 0.03398049 -0.02600000
v -0.02264528 0.03398049 0.02600000
v -0.02264528 0.03649756 -0.02600000
v -0.02264528 0.03649756 0.02600000
v -0.02264528 0.03901463 -0.02599999
v -0.02264528 0.03901463 0.02599999
v -0.02264528 0.04153171 -0.02558135
v -0.02264528 0.04153171 0.02558135
v -0.02264528 0.04395260 -0.02426897
v -0.02264528 0.04404878 -0.02420008
v -0.02264528 0.04404878 0.02420008
v -0.02264528 0.04395260 0.02426897
v -0.02264528 0.04580388 -0.02215862
v -0.02264528 0.04656585 -0.02047762
v -0.02264528 0.04656585 0.02047762
v -0.02264528 0.04580388 0.02215862
v -0.02264528 0.04673202 -0.02004828
v -0.02264528 0.04700000 -0.01793793
v -0.02264528 0.04700000 -0.01582759
v -0.02264528 0.04700000 -0.01371724
v -0.02264528 0.04700000 -0.01160690
v -0.02264528 0.04700000 -0.00949655
v -0.02264528 0.04700000 -0.00738621
v -0.02264528 0.04700000 -0.00527586
v -0.02264528 0.04700000 -0.00316552
v -0.02264528 0.04700000 -0.00105517
v -0.02264528 0.04700000 0.00105517
v -0.02264528 0.04700000 0.00316552
v -0.02264528 0.04700000 0.00527586
v -0.02264528 0.04700000 0.00738621
v -0.02264528 0.04700000 0.00949655
v -0.02264528 0.04700000 0.01160690
v -0.02264528 0.04700000 0.01371724
v -0.02264528 0.04700000 0.01582759
v -0.02264528 0.04700000 0.01793793
v -0.02264528 0.04673202 0.02004828
v -0.01998113 -0.04673203 -0.02004828
v -0.01998113 -0.04656585 -0.02047762
v -0.01998113 -0.04700000 -0.01793793
v -0.01998113 -0.04700000 -0.01582759
v -0.01998113 -0.04700000 -0.01371724
v -0.01998113 -0.04700000 -0.01160690
v -0.01998113 -0.04700000 -0.00949655
v -0.01998113 -0.04700000 -0.00738621
v -0.01998113 -0.04700000 -0.00527586
v -0.01998113 -0.04700000 -0.00316552
v -0.01998113 -0.04700000 -0.00105517
v -0.01998113 -0.04700000 0.00105517
v -0.01998113 -0.04700000 0.00316552
v -0.01998113 -0.04700000 0.00527586
v -0.01998113 -0.04700000 0.00738621
v -0.01998113 -0.04700000 0.00949655
v -0.01998113 -0.04700000 0.01160690
v -0.01998113 -0.04700000 0.01371724
v -0.01998113 -0.04700000 0.01582759
v -0.01998113 -0.04700000 0.01793793
v -0.01998113 -0.04673203 0.02004828
v -0.01998113 -0.04656585 0.02047762
v -0.01998113 -0.04580388 -0.02215862
v -0.01998113 -0.04404878 -0.02420008
v -0.01998113 -0.04580388 0.02215862
v -0.01998113 -0.04404878 0.02420008
v -0.01998113 -0.04395260 -0.02426897
v -0.01998113 -0.04153171 -0.02558135
v -0.01998113 -0.04395260 0.02426897
v -0.01998113 -0.04153171 0.02558135
v -0.01998113 -0.03901463 -0.02599999
v -0.01998113 -0.03901463 0.02599999
v -0.01998113 -0.03649756 -0.02600000
v -0.01998113 -0.03649756 0.02600000
v -0.01998113 -0.03398049 -0.02600000
v -0.01998113 -0.03398049 0.02600000
v -0.01998113 -0.03146341 -0.02600000
v -0.01998113 -0.03146341 0.02600000
v -0.01998113 -0.02894634 -0.02600000
v -0.01998113 -0.02894634 0.02600000
v -0.01998113 -0.02642927 -0.02600000
v -0.01998113 -0.02642927 0.02600000
v -0.01998113 -0.02391220 -0.02600000
v -0.01998113 -0.02391220 0.02600000
v -0.01998113 -0.02139512 -0.02600000
v -0.01998113 -0.02139512 0.02600000
v -0.01998113 -0.01887805 -0.02600000
v -0.01998113 -0.01887805 0.02600000
v -0.01998113 -0.01636098 -0.02600000
v -0.01998113 -0.01636098 0.02600000
v -0.01998113 -0.01384390 -0.02600000
v -0.01998113 -0.01384390 0.02600000
v -0.01998113 -0.01132683 -0.02600000
v -0.01998113 -0.01132683 0.02600000
v -0.01998113 -0.00880976 -0.02600000
v -0.01998113 -0.00880976 0.02600000
v -0.01998113 -0.00629268 -0.02600000
v -0.01998113 -0.00629268 0.02600000
v -0.01998113 -0.00377561 -0.02600000
v -0.01998113 -0.00377561 0.02600000
v -0.01998113 -0.00125854 -0.02600000
v -0.01998113 -0.00125854 0.02600000
v -0.01998113 0.00125854 -0.02600000
v -0.01998113 0.00125854 0.02600000
v -0.01998113 0.00377561 -0.02600000
v -0.01998113 0.00377561 0.02600000
v -0.01998113 0.00629268 -0.02600000
v -0.01998113 0.00629268 0.02600000
v -0.01998113 0.00880976 -0.02600000
v -0.01998113 0.00880976 0.02600000
v -0.01998113 0.01132683 -0.02600000
v -0.01998113 0.01132683 0.02600000
v -0.01998113 0.01384390 -0.02600000
v -0.01998113 0.01384390 0.02600000
v -0.01998113 0.01636098 -0.02600000
v -0.01998113 0.01636098 0.02600000
v -0.01998113 0.01887805 -0.02600000
v -0.01998113 0.01887805 0.02600000
v -0.01998113 0.02139512 -0.02600000
v -0.01998113 0.02139512 0.02600000
v -0.01998113 0.02391220 -0.02600000
v -0.01998113 0.02391220 0.02600000
v -0.01998113 0.02642927 -0.02600000
v -0.01998113 0.02642927 0.02600000
v -0.01998113 0.02894634 -0.02600000
v -0.01998113 0.02894634 0.02600000
v -0.01998113 0.03146341 -0.02600000
v -0.01998113 0.03146341 0.02600000
v -0.01998113 0.03398049 -0.02600000
v -0.01998113 0.03398049 0.02600000
v -0.01998113 0.03649756 -0.02600000
v -0.01998113 0.03649756 0.02600000
v -0.01998113 0.03901463 -0.02599999
v -0.01998113 0.03901463 0.02599999
v -0.01998113 0.04153171 -0.02558135
v -0.01998113 0.04153171 0.02558135
v -0.01998113 0.04395260 -0.02426897
v -0.01998113 0.04404878 -0.02420008
v -0.01998113 0.04404878 0.02420008
v -0.01998113 0.04395260 0.02426897
v -0.01998113 0.04580388 -0.02215862
v -0.01998113 0.04656585 -0.02047762
v -0.01998113 0.04656585 0.02047762
v -0.01998113 0.04580388 0.02215862
v -0.01998113 0.04673202 -0.02004828
v -0.01998113 0.04700000 -0.01793793
v -0.01998113 0.04700000 -0.01582759
v -0.01998113 0.04700000 -0.01371724
v -0.01998113 0.04700000 -0.01160690
v -0.01998113 0.04700000 -0.00949655
v -0.01998113 0.04700000 -0.00738621
v -0.01998113 0.04700000 -0.00527586
v -0.01998113 0.04700000 -0.00316552
v -0.01998113 0.04700000 -0.00105517
v -0.01998113 0.04700000 0.00105517
v -0.01998113 0.04700000 0.00316552
v -0.01998113 0.04700000 0.00527586
v -0.01998113 0.04700000 0.00738621
v -0.01998113 0.04700000 0.00949655
v -0.01998113 0.04700000 0.01160690
v -0.01998113 0.04700000 0.01371724
v -0.01998113 0.04700000 0.01582759
v -0.01998113 0.04700000 0.01793793
v -0.01998113 0.04673202 0.02004828
v -0.01731698 -0.04673203 -0.02004828
v -0.01731698 -0.04656585 -0.02047762
v -0.01731698 -0.04700000 -0.01793793
v -0.01731698 -0.04700000 -0.01582759
v -0.01731698 -0.04700000 -0.01371724
v -0.01731698 -0.04700000 -0.01160690
v -0.01731698 -0.04700000 -0.00949655
v -0.01731698 -0.04700000 -0.00738621
v -0.01731698 -0.04700000 -0.00527586
v -0.01731698 -0.04700000 -0.00316552
v -0.01731698 -0.04700000 -0.00105517
v -0.01731698 -0.04700000 0.00105517
v -0.01731698 -0.04700000 0.00316552
v -0.01731698 -0.04700000 0.00527586
v -0.01731698 -0.04700000 0.00738621
v -0.01731698 -0.04700000 0.00949655
v -0.01731698 -0.04700000 0.01160690
v -0.01731698 -0.04700000 0.01371724
v -0.01731698 -0.04700000 0.01582759
v -0.01731698 -0.04700000 0.01793793
v -0.01731698 -0.04673203 0.02004828
v -0.01731698 -0.04656585 0.02047762
v -0.01731698 -0.04580388 -0.02215862
v -0.01731698 -0.04404878 -0.02420008
v -0.01731698 -0.04580388 0.02215862
v -0.01731698 -0.04404878 0.02420008
v -0.01731698 -0.04395260 -0.02426897
v -0.01731698 -0.04153171 -0.02558135
v -0.01731698 -0.04395260 0.02426897
v -0.01731698 -0.04153171 0.02558135
v -0.01731698 -0.03901463 -0.02599999
v -0.01731698 -0.03901463 0.02599999
v -0.01731698 -0.03649756 -0.02600000
v -0.01731698 -0.03649756 0.02600000
v -0.01731698 -0.03398049 -0.02600000
v -0.01731698 -0.03398049 0.02600000
v -0.01731698 -0.03146341 -0.02600000
v -0.01731698 -0.03146341 0.02600000
v -0.01731698 -0.02894634 -0.02600000
v -0.01731698 -0.02894634 0.02600000
v -0.01731698 -0.02642927 -0.02600000
v -0.01731698 -0.02642927 0.02600000
v -0.01731698 -0.02391220 -0.02600000
v -0.01731698 -0.02391220 0.02600000
v -0.01731698 -0.02139512 -0.02600000
v -0.01731698 -0.02139512 0.02600000
v -0.01731698 -0.01887805 -0.02600000
v -0.01731698 -0.01887805 0.02600000
v -0.01731698 -0.01636098 -0.02600000
v -0.01731698 -0.01636098 0.02600000
v -0.01731698 -0.01384390 -0.02600000
v -0.01731698 -0.01384390 0.02600000
v -0.01731698 -0.01132683 -0.02600000
v -0.01731698 -0.01132683 0.02600000
v -0.01731698 -0.00880976 -0.02600000
v -0.01731698 -0.00880976 0.02600000
v -0.01731698 -0.00629268 -0.02600000
v -0.01731698 -0.00629268 0.02600000
v -0.01731698 -0.00377561 -0.02600000
v -0.01731698 -0.00377561 0.02600000
v -0.01731698 -0.00125854 -0.02600000
v -0.01731698 -0.00125854 0.02600000
v -0.01731698 0.00125854 -0.02600000
v -0.01731698 0.00125854 0.02600000
v -0.01731698 0.00377561 -0.02600000
v -0.01731698 0.00377561 0.02600000
v -0.01731698 0.00629268 -0.02600000
v -0.01731698 0.00629268 0.02600000
v -0.01731698 0.00880976 -0.02600000
v -0.01731698 0.00880976 0.02600000
v -0.01731698 0.01132683 -0.02600000
v -0.01731698 0.01132683 0.02600000
v -0.01731698 0.01384390 -0.02600000
v -0.01731698 0.01384390 0.02600000
v -0.01731698 0.01636098 -0.02600000
v -0.01731698 0.01636098 0.02600000
v -0.01731698 0.01887805 -0.02600000
v -0.01731698 0.01887805 0.02600000
v -0.01731698 0.02139512 -0.02600000
v -0.01731698 0.02139512 0.02600000
v -0.01731698 0.02391220 -0.02600000
v -0.01731698 0.02391220 0.02600000
v -0.01731698 0.02642927 -0.02600000
v -0.01731698 0.02642927 0.02600000
v -0.01731698 0.02894634 -0.02600000
v -0.01731698 0.02894634 0.02600000
v -0.01731698 0.03146341 -0.02600000
v -0.01731698 0.03146341 0.02600000
v -0.01731698 0.03398049 -0.02600000
v -0.01731698 0.03398049 0.02600000
v -0.01731698 0.03649756 -0.02600000
v -0.01731698 0.03649756 0.02600000
v -0.01731698 0.03901463 -0.02599999
v -0.01731698 0.03901463 0.02599999
v -0.01731698 0.04153171 -0.02558135
v -0.01731698 0.04153171 0.02558135
v -0.01731698 0.04395260 -0.02426897
v -0.01731698 0.04404878 -0.02420008
v -0.01731698 0.04404878 0.02420008
v -0.01731698 0.04395260 0.02426897
v -0.01731698 0.04580388 -0.02215862
v -0.01731698 0.04656585 -0.02047762
v -0.01731698 0.04656585 0.02047762
v -0.01731698 0.04580388 0.02215862
v -0.01731698 0.04673202 -0.02004828
v -0.01731698 0.04700000 -0.01793793
v -0.01731698 0.04700000 -0.01582759
v -0.01731698 0.04700000 -0.01371724
v -0.01731698 0.04700000 -0.01160690
v -0.01731698 0.04700000 -0.00949655
v -0.01731698 0.04700000 -0.00738621
v -0.01731698 0.04700000 -0.00527586
v -0.01731698 0.04700000 -0.00316552
v -0.01731698 0.04700000 -0.00105517
v -0.01731698 0.04700000 0.00105517
v -0.01731698 0.04700000 0.00316552
v -0.01731698 0.04700000 0.00527586
v -0.01731698 0.04700000 0.00738621
v -0.01731698 0.04700000 0.00949655
v -0.01731698 0.04700000 0.01160690
v -0.01731698 0.04700000 0.01371724
v -0.01731698 0.04700000 0.01582759
v -0.01731698 0.04700000 0.01793793
v -0.01731698 0.04673202 0.02004828
v -0.01465283 -0.04673203 -0.02004828
v -0.01465283 -0.04656585 -0.02047762
v -0.01465283 -0.04700000 -0.01793793
v -0.01465283 -0.04700000 -0.01582759
v -0.01465283 -0.04700000 -0.01371724
v -0.01465283 -0.04700000 -0.01160690
v -0.01465283 -0.04700000 -0.00949655
v -0.01465283 -0.04700000 -0.00738621
v -0.01465283 -0.04700000 -0.00527586
v -0.01465283 -0.04700000 -0.00316552
v -0.01465283 -0.04700000 -0.00105517
v -0.01465283 -0.04700000 0.00105517
v -0.01465283 -0.04700000 0.00316552
v -0.01465283 -0.04700000 0.00527586
v -0.01465283 -0.04700000 0.00738621
v -0.01465283 -0.04700000 0.00949655
v -0.01465283 -0.04700000 0.01160690
v -0.01465283 -0.04700000 0.01371724
v -0.01465283 -0.04700000 0.01582759
v -0.01465283 -0.04700000 0.01793793
v -0.01465283 -0.04673203 0.02004828
v -0.01465283 -0.04656585 0.02047762
v -0.01465283 -0.04580388 -0.02215862
v -0.01465283 -0.04404878 -0.02420008
v -0.01465283 -0.04580388 0.02215862
v -0.01465283 -0.04404878 0.02420008
v -0.01465283 -0.04395260 -0.02426897
v -0.01465283 -0.04153171 -0.02558135
v -0.01465283 -0.04395260 0.02426897
v -0.01465283 -0.04153171 0.02558135
v -0.01465283 -0.03901463 -0.02599999
v -0.01465283 -0.03901463 0.02599999
v -0.01465283 -0.03649756 -0.02600000
v -0.01465283 -0.03649756 0.02600000
v -0.01465283 -0.03398049 -0.02600000
v -0.01465283 -0.03398049 0.02600000
v -0.01465283 -0.03146341 -0.02600000
v -0.01465283 -0.03146341 0.02600000
v -0.01465283 -0.02894634 -0.02600000
v -0.01465283 -0.02894634 0.02600000
v -0.01465283 -0.02642927 -0.02600000
v -0.01465283 -0.02642927 0.02600000
v -0.01465283 -0.02391220 -0.02600000
v -0.01465283 -0.02391220 0.02600000
v -0.01465283 -0.02139512 -0.02600000
v -0.01465283 -0.02139512 0.02600000
v -0.01465283 -0.01887805 -0.02600000
v -0.01465283 -0.01887805 0.02600000
v -0.01465283 -0.01636098 -0.02600000
v -0.01465283 -0.01636098 0.02600000
v -0.01465283 -0.01384390 -0.02600000
v -0.01465283 -0.01384390 0.02600000
v -0.01465283 -0.01132683 -0.02600000
v -0.01465283 -0.01132683 0.02600000
v -0.01465283 -0.00880976 -0.02600000
v -0.01465283 -0.00880976 0.02600000
v -0.01465283 -0.00629268 -0.02600000
v -0.01465283 -0.00629268 0.02600000
v -0.01465283 -0.00377561 -0.02600000
v -0.01465283 -0.00377561 0.02600000
v -0.01465283 -0.00125854 -0.02600000
v -0.01465283 -0.00125854 0.02600000
v -0.01465283 0.00125854 -0.02600000
v -0.01465283 0.00125854 0.02600000
v -0.01465283 0.00377561 -0.02600000
v -0.01465283 0.00377561 0.02600000
v -0.01465283 0.00629268 -0.02600000
v -0.01465283 0.00629268 0.02600000
v -0.01465283 0.00880976 -0.02600000
v -0.01465283 0.00880976 0.02600000
v -0.01465283 0.01132683 -0.02600000
v -0.01465283 0.01132683 0.02600000
v -0.01465283 0.01384390 -0.02600000
v -0.01465283 0.01384390 0.02600000
v -0.01465283 0.01636098 -0.02600000
v -0.01465283 0.01636098 0.02600000
v -0.01465283 0.01887805 -0.02600000
v -0.01465283 0.01887805 0.02600000
v -0.01465283 0.02139512 -0.02600000
v -0.01465283 0.02139512 0.02600000
v -0.01465283 0.02391220 -0.02600000
v -0.01465283 0.02391220 0.02600000
v -0.01465283 0.02642927 -0.02600000
v -0.01465283 0.02642927 0.02600000
v -0.01465283 0.02894634 -0.02600000
v -0.01465283 0.02894634 0.02600000
v -0.01465283 0.03146341 -0.02600000
v -0.01465283 0.03146341 0.02600000
v -0.01465283 0.03398049 -0.02600000
v -0.01465283 0.03398049 0.02600000
v -0.01465283 0.03649756 -0.02600000
v -0.01465283 0.03649756 0.02600000
v -0.01465283 0.03901463 -0.02599999
v -0.01465283 0.03901463 0.02599999
v -0.01465283 0.04153171 -0.02558135
v -0.01465283 0.04153171 0.02558135
v -0.01465283 0.04395260 -0.02426897
v -0.01465283 0.04404878 -0.02420008
v -0.01465283 0.04404878 0.02420008
v -0.01465283 0.04395260 0.02426897
v -0.01465283 0.04580388 -0.02215862
v -0.01465283 0.04656585 -0.02047762
v -0.01465283 0.04656585 0.02047762
v -0.01465283 0.04580388 0.02215862
v -0.01465283 0.04673202 -0.02004828
v -0.01465283 0.04700000 -0.01793793
v -0.01465283 0.04700000 -0.01582759
v -0.01465283 0.04700000 -0.01371724
v -0.01465283 0.04700000 -0.01160690
v -0.01465283 0.04700000 -0.00949655
v -0.01465283 0.04700000 -0.00738621
v -0.01465283 0.04700000 -0.00527586
v -0.01465283 0.04700000 -0.00316552
v -0.01465283 0.04700000 -0.00105517
v -0.01465283 0.04700000 0.00105517
v -0.01465283 0.04700000 0.00316552
v -0.01465283 0.04700000 0.00527586
v -0.01465283 0.04700000 0.00738621
v -0.01465283 0.04700000 0.00949655
v -0.01465283 0.04700000 0.01160690
v -0.01465283 0.04700000 0.01371724
v -0.01465283 0.04700000 0.01582759
v -0.01465283 0.04700000 0.01793793
v -0.01465283 0.04673202 0.02004828
v -0.01198868 -0.04673203 -0.02004828
v -0.01198868 -0.04656585 -0.02047762
v -0.01198868 -0.04700000 -0.01793793
v -0.01198868 -0.04700000 -0.01582759
v -0.01198868 -0.04700000 -0.01371724
v -0.01198868 -0.04700000 -0.01160690
v -0.01198868 -0.04700000 -0.00949655
v -0.01198868 -0.04700000 -0.00738621
v -0.01198868 -0.04700000 -0.00527586
v -0.01198868 -0.04700000 -0.00316552
v -0.01198868 -0.04700000 -0.00105517
v -0.01198868 -0.04700000 0.00105517
v -0.01198868 -0.04700000 0.00316552
v -0.01198868 -0.04700000 0.00527586
v -0.01198868 -0.04700000 0.00738621
v -0.01198868 -0.04700000 0.00949655
v -0.01198868 -0.04700000 0.01160690
v -0.01198868 -0.04700000 0.01371724
v -0.01198868 -0.04700000 0.01582759
v -0.01198868 -0.04700000 0.01793793
v -0.01198868 -0.04673203 0.02004828
v -0.01198868 -0.04656585 0.02047762
v -0.01198868 -0.04580388 -0.02215862
v -0.01198868 -0.04404878 -0.02420008
v -0.01198868 -0.04580388 0.02215862
v -0.01198868 -0.04404878 0.02420008
v -0.01198868 -0.04395260 -0.02426897
v -0.01198868 -0.04153171 -0.02558135
v -0.01198868 -0.04395260 0.02426897
v -0.01198868 -0.04153171 0.02558135
v -0.01198868 -0.03901463 -0.02599999
v -0.01198868 -0.03901463 0.02599999
v -0.01198868 -0.03649756 -0.02600000
v -0.01198868 -0.03649756 0.02600000
v -0.01198868 -0.03398049 -0.02600000
v -0.01198868 -0.03398049 0.02600000
v -0.01198868 -0.03146341 -0.02600000
v -0.01198868 -0.03146341 0.02600000
v -0.01198868 -0.02894634 -0.02600000
v -0.01198868 -0.02894634 0.02600000
v -0.01198868 -0.02642927 -0.02600000
v -0.01198868 -0.02642927 0.02600000
v -0.01198868 -0.02391220 -0.02600000
v -0.01198868 -0.02391220 0.02600000
v -0.01198868 -0.02139512 -0.02600000
v -0.01198868 -0.02139512 0.02600000
v -0.01198868 -0.01887805 -0.02600000
v -0.01198868 -0.01887805 0.02600000
v -0.01198868 -0.01636098 -0.02600000
v -0.01198868 -0.01636098 0.02600000
v -0.01198868 -0.01384390 -0.02600000
v -0.01198868 -0.01384390 0.02600000
v -0.01198868 -0.01132683 -0.02600000
v -0.01198868 -0.01132683 0.02600000
v -0.01198868 -0.00880976 -0.02600000
v -0.01198868 -0.00880976 0.02600000
v -0.01198868 -0.00629268 -0.02600000
v -0.01198868 -0.00629268 0.02600000
v -0.01198868 -0.00377561 -0.02600000
v -0.01198868 -0.00377561 0.02600000
v -0.01198868 -0.00125854 -0.02600000
v -0.01198868 -0.00125854 0.02600000
v -0.01198868 0.00125854 -0.02600000
v -0.01198868 0.00125854 0.02600000
v -0.01198868 0.00377561 -0.02600000
v -0.01198868 0.00377561 0.02600000
v -0.01198868 0.00629268 -0.02600000
v -0.01198868 0.00629268 0.02600000
v -0.01198868 0.00880976 -0.02600000
v -0.01198868 0.00880976 0.02600000
v -0.01198868 0.01132683 -0.02600000
v -0.01198868 0.01132683 0.02600000
v -0.01198868 0.01384390 -0.02600000
v -0.01198868 0.01384390 0.02600000
v -0.01198868 0.01636098 -0.02600000
v -0.01198868 0.01636098 0.02600000
v -0.01198868 0.01887805 -0.02600000
v -0.01198868 0.01887805 0.02600000
v -0.01198868 0.02139512 -0.02600000
v -0.01198868 0.02139512 0.02600000
v -0.01198868 0.02391220 -0.02600000
v -0.01198868 0.02391220 0.02600000
v -0.01198868 0.02642927 -0.02600000
v -0.01198868 0.02642927 0.02600000
v -0.01198868 0.02894634 -0.02600000
v -0.01198868 0.02894634 0.02600000
v -0.01198868 0.03146341 -0.02600000
v -0.01198868 0.03146341 0.02600000
v -0.01198868 0.03398049 -0.02600000
v -0.01198868 0.03398049 0.02600000
v -0.01198868 0.03649756 -0.02600000
v -0.01198868 0.03649756 0.02600000
v -0.01198868 0.03901463 -0.02599999
v -0.01198868 0.03901463 0.02599999
v -0.01198868 0.04153171 -0.02558135
v -0.01198868 0.04153171 0.02558135
v -0.01198868 0.04395260 -0.02426897
v -0.01198868 0.04404878 -0.02420008
v -0.01198868 0.04404878 0.02420008
v -0.01198868 0.04395260 0.02426897
v -0.01198868 0.04580388 -0.02215862
v -0.01198868 0.04656585 -0.02047762
v -0.01198868 0.04656585 0.02047762
v -0.01198868 0.04580388 0.02215862
v -0.01198868 0.04673202 -0.02004828
v -0.01198868 0.04700000 -0.01793793
v -0.01198868 0.04700000 -0.01582759
v -0.01198868 0.04700000 -0.01371724
v -0.01198868 0.04700000 -0.01160690
v -0.01198868 0.04700000 -0.00949655
v -0.01198868 0.04700000 -0.00738621
v -0.01198868 0.04700000 -0.00527586
v -0.01198868 0.04700000 -0.00316552
v -0.01198868 0.04700000 -0.00105517
v -0.01198868 0.04700000 0.00105517
v -0.01198868 0.04700000 0.00316552
v -0.01198868 0.04700000 0.00527586
v -0.01198868 0.04700000 0.00738621
v -0.01198868 0.04700000 0.00949655
v -0.01198868 0.04700000 0.01160690
v -0.01198868 0.04700000 0.01371724
v -0.01198868 0.04700000 0.01582759
v -0.01198868 0.04700000 0.01793793
v -0.01198868 0.04673202 0.02004828
v -0.00932453 -0.04673203 -0.02004828
v -0.00932453 -0.04656585 -0.02047762
v -0.00932453 -0.04700000 -0.01793793
v -0.00932453 -0.04700000 -0.01582759
v -0.00932453 -0.04700000 -0.01371724
v -0.00932453 -0.04700000 -0.01160690
v -0.00932453 -0.04700000 -0.00949655
v -0.00932453 -0.04700000 -0.00738621
v -0.00932453 -0.04700000 -0.00527586
v -0.00932453 -0.04700000 -0.00316552
v -0.00932453 -0.04700000 -0.00105517
v -0.00932453 -0.04700000 0.00105517
v -0.00932453 -0.04700000 0.00316552
v -0.00932453 -0.04700000 0.00527586
v -0.00932453 -0.04700000 0.00738621
v -0.00932453 -0.04700000 0.00949655
v -0.00932453 -0.04700000 0.01160690
v -0.00932453 -0.04700000 0.01371724
v -0.00932453 -0.04700000 0.01582759
v -0.00932453 -0.04700000 0.01793793
v -0.00932453 -0.04673203 0.02004828
v -0.00932453 -0.04656585 0.02047762
v -0.00932453 -0.04580388 -0.02215862
v -0.00932453 -0.04404878 -0.02420008
v -0.00932453 -0.04580388 0.02215862
v -0.00932453 -0.04404878 0.02420008
v -0.00932453 -0.04395260 -0.02426897
v -0.00932453 -0.04153171 -0.02558135
v -0.00932453 -0.04395260 0.02426897
v -0.00932453 -0.04153171 0.02558135
v -0.00932453 -0.03901463 -0.02599999
v -0.00932453 -0.03901463 0.02599999
v -0.00932453 -0.03649756 -0.02600000
v -0.00932453 -0.03649756 0.02600000
v -0.00932453 -0.03398049 -0.02600000
v -0.00932453 -0.03398049 0.02600000
v -0.00932453 -0.03146341 -0.02600000
v -0.00932453 -0.03146341 0.02600000
v -0.00932453 -0.02894634 -0.02600000
v -0.00932453 -0.02894634 0.02600000
v -0.00932453 -0.02642927 -0.02600000
v -0.00932453 -0.02642927 0.02600000
v -0.00932453 -0.02391220 -0.02600000
v -0.00932453 -0.02391220 0.02600000
v -0.00932453 -0.02139512 -0.02600000
v -0.00932453 -0.02139512 0.02600000
v -0.00932453 -0.01887805 -0.02600000
v -0.00932453 -0.01887805 0.02600000
v -0.00932453 -0.01636098 -0.02600000
v -0.00932453 -0.01636098 0.02600000
v -0.00932453 -0.01384390 -0.02600000
v -0.00932453 -0.01384390 0.02600000
v -0.00932453 -0.01132683 -0.02600000
v -0.00932453 -0.01132683 0.02600000
v -0.00932453 -0.00880976 -0.02600000
v -0.00932453 -0.00880976 0.02600000
v -0.00932453 -0.00629268 -0.02600000
v -0.00932453 -0.00629268 0.02600000
v -0.00932453 -0.00377561 -0.02600000
v -0.00932453 -0.00377561 0.02600000
v -0.00932453 -0.00125854 -0.02600000
v -0.00932453 -0.00125854 0.02600000
v -0.00932453 0.00125854 -0.02600000
v -0.00932453 0.00125854 0.02600000
v -0.00932453 0.00377561 -0.02600000
v -0.00932453 0.00377561 0.02600000
v -0.00932453 0.00629268 -0.02600000
v -0.00932453 0.00629268 0.02600000
v -0.00932453 0.00880976 -0.02600000
v -0.00932453 0.00880976 0.02600000
v -0.00932453 0.01132683 -0.02600000
v -0.00932453 0.01132683 0.02600000
v -0.00932453 0.01384390 -0.02600000
v -0.00932453 0.01384390 0.02600000
v -0.00932453 0.01636098 -0.02600000
v -0.00932453 0.01636098 0.02600000
v -0.00932453 0.01887805 -0.02600000
v -0.00932453 0.01887805 0.02600000
v -0.00932453 0.02139512 -0.02600000
v -0.00932453 0.02139512 0.02600000
v -0.00932453 0.02391220 -0.02600000
v -0.00932453 0.02391220 0.02600000
v -0.00932453 0.02642927 -0.02600000
v -0.00932453 0.02642927 0.02600000
v -0.00932453 0.02894634 -0.02600000
v -0.00932453 0.02894634 0.02600000
v -0.00932453 0.03146341 -0.02600000
v -0.00932453 0.03146341 0.02600000
v -0.00932453 0.03398049 -0.02600000
v -0.00932453 0.03398049 0.02600000
v -0.00932453 0.03649756 -0.02600000
v -0.00932453 0.03649756 0.02600000
v -0.00932453 0.03901463 -0.02599999
v -0.00932453 0.03901463 0.02599999
v -0.00932453 0.04153171 -0.02558135
v -0.00932453 0.04153171 0.02558135
v -0.00932453 0.04395260 -0.02426897
v -0.00932453 0.04404878 -0.02420008
v -0.00932453 0.04404878 0.02420008
v -0.00932453 0.04395260 0.02426897
v -0.00932453 0.04580388 -0.02215862
v -0.00932453 0.04656585 -0.02047762
v -0.00932453 0.04656585 0.02047762
v -0.00932453 0.04580388 0.02215862
v -0.00932453 0.04673202 -0.02004828
v -0.00932453 0.04700000 -0.01793793
v -0.00932453 0.04700000 -0.01582759
v -0.00932453 0.04700000 -0.01371724
v -0.00932453 0.04700000 -0.01160690
v -0.00932453 0.04700000 -0.00949655
v -0.00932453 0.04700000 -0.00738621
v -0.00932453 0.04700000 -0.00527586
v -0.00932453 0.04700000 -0.00316552
v -0.00932453 0.04700000 -0.00105517
v -0.00932453 0.04700000 0.00105517
v -0.00932453 0.04700000 0.00316552
v -0.00932453 0.04700000 0.00527586
v -0.00932453 0.04700000 0.00738621
v -0.00932453 0.04700000 0.00949655
v -0.00932453 0.04700000 0.01160690
v -0.00932453 0.04700000 0.01371724
v -0.00932453 0.04700000 0.01582759
v -0.00932453 0.04700000 0.01793793
v -0.00932453 0.04673202 0.02004828
v -0.00666038 -0.04673203 -0.02004828
v -0.00666038 -0.04656585 -0.02047762
v -0.00666038 -0.04700000 -0.01793793
v -0.00666038 -0.04700000 -0.01582759
v -0.00666038 -0.04700000 -0.01371724
v -0.00666038 -0.04700000 -0.01160690
v -0.00666038 -0.04700000 -0.00949655
v -0.00666038 -0.04700000 -0.00738621
v -0.00666038 -0.04700000 -0.00527586
v -0.00666038 -0.04700000 -0.00316552
v -0.00666038 -0.04700000 -0.00105517
v -0.00666038 -0.04700000 0.00105517
v -0.00666038 -0.04700000 0.00316552
v -0.00666038 -0.04700000 0.00527586
v -0.00666038 -0.04700000 0.00738621
v -0.00666038 -0.04700000 0.00949655
v -0.00666038 -0.04700000 0.01160690
v -0.00666038 -0.04700000 0.01371724
v -0.00666038 -0.04700000 0.01582759
v -0.00666038 -0.04700000 0.01793793
v -0.00666038 -0.04673203 0.02004828
v -0.00666038 -0.04656585 0.02047762
v -0.00666038 -0.04580388 -0.02215862
v -0.00666038 -0.04404878 -0.02420008
v -0.00666038 -0.04580388 0.02215862
v -0.00666038 -0.04404878 0.02420008
v -0.00666038 -0.04395260 -0.02426897
v -0.00666038 -0.04153171 -0.02558135
v -0.00666038 -0.04395260 0.02426897
v -0.00666038 -0.04153171 0.02558135
v -0.00666038 -0.03901463 -0.02599999
v -0.00666038 -0.03901463 0.02599999
v -0.00666038 -0.03649756 -0.02600000
v -0.00666038 -0.03649756 0.02600000
v -0.00666038 -0.03398049 -0.02600000
v -0.00666038 -0.03398049 0.02600000
v -0.00666038 -0.03146341 -0.02600000
v -0.00666038 -0.03146341 0.02600000
v -0.00666038 -0.02894634 -0.02600000
v -0.00666038 -0.02894634 0.02600000
v -0.00666038 -0.02642927 -0.02600000
v -0.00666038 -0.02642927 0.02600000
v -0.00666038 -0.02391220 -0.02600000
v -0.00666038 -0.02391220 0.02600000
v -0.00666038 -0.02139512 -0.02600000
v -0.00666038 -0.02139512 0.02600000
v -0.00666038 -0.01887805 -0.02600000
v -0.00666038 -0.01887805 0.02600000
v -0.00666038 -0.01636098 -0.02600000
v -0.00666038 -0.01636098 0.02600000
v -0.00666038 -0.01384390 -0.02600000
v -0.00666038 -0.01384390 0.02600000
v -0.00666038 -0.01132683 -0.02600000
v -0.00666038 -0.01132683 0.02600000
v -0.00666038 -0.00880976 -0.02600000
v -0.00666038 -0.00880976 0.02600000
v -0.00666038 -0.00629268 -0.02600000
v -0.00666038 -0.00629268 0.02600000
v -0.00666038 -0.00377561 -0.02600000
v -0.00666038 -0.00377561 0.02600000
v -0.00666038 -0.00125854 -0.02600000
v -0.00666038 -0.00125854 0.02600000
v -0.00666038 0.00125854 -0.02600000
v -0.00666038 0.00125854 0.02600000
v -0.00666038 0.00377561 -0.02600000
v -0.00666038 0.00377561 0.02600000
v -0.00666038 0.00629268 -0.02600000
v -0.00666038 0.00629268 0.02600000
v -0.00666038 0.00880976 -0.02600000
v -0.00666038 0.00880976 0.02600000
v -0.00666038 0.01132683 -0.02600000
v -0.00666038 0.01132683 0.02600000
v -0.00666038 0.01384390 -0.02600000
v -0.00666038 0.01384390 0.02600000
v -0.00666038 0.01636098 -0.02600000
v -0.00666038 0.01636098 0.02600000
v -0.00666038 0.01887805 -0.02600000
v -0.00666038 0.01887805 0.02600000
v -0.00666038 0.02139512 -0.02600000
v -0.00666038 0.02139512 0.02600000
v -0.00666038 0.02391220 -0.02600000
v -0.00666038 0.02391220 0.02600000
v -0.00666038 0.02642927 -0.02600000
v -0.00666038 0.02642927 0.02600000
v -0.00666038 0.02894634 -0.02600000
v -0.00666038 0.02894634 0.02600000
v -0.00666038 0.03146341 -0.02600000
v -0.00666038 0.03146341 0.02600000
v -0.00666038 0.03398049 -0.02600000
v -0.00666038 0.03398049 0.02600000
v -0.00666038 0.03649756 -0.02600000
v -0.00666038 0.03649756 0.02600000
v -0.00666038 0.03901463 -0.02599999
v -0.00666038 0.03901463 0.02599999
v -0.00666038 0.04153171 -0.02558135
v -0.00666038 0.04153171 0.02558135
v -0.00666038 0.04395260 -0.02426897
v -0.00666038 0.04404878 -0.02420008
v -0.00666038 0.04404878 0.02420008
v -0.00666038 0.04395260 0.02426897
v -0.00666038 0.04580388 -0.02215862
v -0.00666038 0.04656585 -0.02047762
v -0.00666038 0.04656585 0.02047762
v -0.00666038 0.04580388 0.02215862
v -0.00666038 0.04673202 -0.02004828
v -0.00666038 0.04700000 -0.01793793
v -0.00666038 0.04700000 -0.01582759
v -0.00666038 0.04700000 -0.01371724
v -0.00666038 0.04700000 -0.01160690
v -0.00666038 0.04700000 -0.00949655
v -0.00666038 0.04700000 -0.00738621
v -0.00666038 0.04700000 -0.00527586
v -0.00666038 0.04700000 -0.00316552
v -0.00666038 0.04700000 -0.00105517
v -0.00666038 0.04700000 0.00105517
v -0.00666038 0.04700000 0.00316552
v -0.00666038 0.04700000 0.00527586
v -0.00666038 0.04700000 0.00738621
v -0.00666038 0.04700000 0.00949655
v -0.00666038 0.04700000 0.01160690
v -0.00666038 0.04700000 0.01371724
v -0.00666038 0.04700000 0.01582759
v -0.00666038 0.04700000 0.01793793
v -0.00666038 0.04673202 0.02004828
v -0.00399623 -0.04673203 -0.02004828
v -0.00399623 -0.04656585 -0.02047762
v -0.00399623 -0.04700000 -0.01793793
v -0.00399623 -0.04700000 -0.01582759
v -0.00399623 -0.04700000 -0.01371724
v -0.00399623 -0.04700000 -0.01160690
v -0.00399623 -0.04700000 -0.00949655
v -0.00399623 -0.04700000 -0.00738621
v -0.00399623 -0.04700000 -0.00527586
v -0.00399623 -0.04700000 -0.00316552
v -0.00399623 -0.04700000 -0.00105517
v -0.00399623 -0.04700000 0.00105517
v -0.00399623 -0.04700000 0.00316552
v -0.00399623 -0.04700000 0.00527586
v -0.00399623 -0.04700000 0.00738621
v -0.00399623 -0.04700000 0.00949655
v -0.00399623 -0.04700000 0.01160690
v -0.00399623 -0.04700000 0.01371724
v -0.00399623 -0.04700000 0.01582759
v -0.00399623 -0.04700000 0.01793793
v -0.00399623 -0.04673203 0.02004828
v -0.00399623 -0.04656585 0.02047762
v -0.00399623 -0.04580388 -0.02215862
v -0.00399623 -0.04404878 -0.02420008
v -0.00399623 -0.04580388 0.02215862
v -0.00399623 -0.04404878 0.02420008
v -0.00399623 -0.04395260 -0.02426897
v -0.00399623 -0.04153171 -0.02558135
v -0.00399623 -0.04395260 0.02426897
v -0.00399623 -0.04153171 0.02558135
v -0.00399623 -0.03901463 -0.02599999
v -0.00399623 -0.03901463 0.02599999
v -0.00399623 -0.03649756 -0.02600000
v -0.00399623 -0.03649756 0.02600000
v -0.00399623 -0.03398049 -0.02600000
v -0.00399623 -0.03398049 0.02600000
v -0.00399623 -0.03146341 -0.02600000
v -0.00399623 -0.03146341 0.02600000
v -0.00399623 -0.02894634 -0.02600000
v -0.00399623 -0.02894634 0.02600000
v -0.00399623 -0.02642927 -0.02600000
v -0.00399623 -0.02642927 0.02600000
v -0.00399623 -0.02391220 -0.02600000
v -0.00399623 -0.02391220 0.02600000
v -0.00399623 -0.02139512 -0.02600000
v -0.00399623 -0.02139512 0.02600000
v -0.00399623 -0.01887805 -0.02600000
v -0.00399623 -0.01887805 0.02600000
v -0.00399623 -0.01636098 -0.02600000
v -0.00399623 -0.01636098 0.02600000
v -0.00399623 -0.01384390 -0.02600000
v -0.00399623 -0.01384390 0.02600000
v -0.00399623 -0.01132683 -0.02600000
v -0.00399623 -0.01132683 0.02600000
v -0.00399623 -0.00880976 -0.02600000
v -0.00399623 -0.00880976 0.02600000
v -0.00399623 -0.00629268 -0.02600000
v -0.00399623 -0.00629268 0.02600000
v -0.00399623 -0.00377561 -0.02600000
v -0.00399623 -0.00377561 0.02600000
v -0.00399623 -0.00125854 -0.02600000
v -0.00399623 -0.00125854 0.02600000
v -0.00399623 0.00125854 -0.02600000
v -0.00399623 0.00125854 0.02600000
v -0.00399623 0.00377561 -0.02600000
v -0.00399623 0.00377561 0.02600000
v -0.00399623 0.00629268 -0.02600000
v -0.00399623 0.00629268 0.02600000
v -0.00399623 0.00880976 -0.02600000
v -0.00399623 0.00880976 0.02600000
v -0.00399623 0.01132683 -0.02600000
v -0.00399623 0.01132683 0.02600000
v -0.00399623 0.01384390 -0.02600000
v -0.00399623 0.01384390 0.02600000
v -0.00399623 0.01636098 -0.02600000
v -0.00399623 0.01636098 0.02600000
v -0.00399623 0.01887805 -0.02600000
v -0.00399623 0.01887805 0.02600000
v -0.00399623 0.02139512 -0.02600000
v -0.00399623 0.02139512 0.02600000
v -0.00399623 0.02391220 -0.02600000
v -0.00399623 0.02391220 0.02600000
v -0.00399623 0.02642927 -0.02600000
v -0.00399623 0.02642927 0.02600000
v -0.00399623 0.02894634 -0.02600000
v -0.00399623 0.02894634 0.02600000
v -0.00399623 0.03146341 -0.02600000
v -0.00399623 0.03146341 0.02600000
v -0.00399623 0.03398049 -0.02600000
v -0.00399623 0.03398049 0.02600000
v -0.00399623 0.03649756 -0.02600000
v -0.00399623 0.03649756 0.02600000
v -0.00399623 0.03901463 -0.02599999
v -0.00399623 0.03901463 0.02599999
v -0.00399623 0.04153171 -0.02558135
v -0.00399623 0.04153171 0.02558135
v -0.00399623 0.04395260 -0.02426897
v -0.00399623 0.04404878 -0.02420008
v -0.00399623 0.04404878 0.02420008
v -0.00399623 0.04395260 0.02426897
v -0.00399623 0.04580388 -0.02215862
v -0.00399623 0.04656585 -0.02047762
v -0.00399623 0.04656585 0.02047762
v -0.00399623 0.04580388 0.02215862
v -0.00399623 0.04673202 -0.02004828
v -0.00399623 0.04700000 -0.01793793
v -0.00399623 0.04700000 -0.01582759
v -0.00399623 0.04700000 -0.01371724
v -0.00399623 0.04700000 -0.01160690
v -0.00399623 0.04700000 -0.00949655
v -0.00399623 0.04700000 -0.00738621
v -0.00399623 0.04700000 -0.00527586
v -0.00399623 0.04700000 -0.00316552
v -0.00399623 0.04700000 -0.00105517
v -0.00399623 0.04700000 0.00105517
v -0.00399623 0.04700000 0.00316552
v -0.00399623 0.04700000 0.00527586
v -0.00399623 0.04700000 0.00738621
v -0.00399623 0.04700000 0.00949655
v -0.00399623 0.04700000 0.01160690
v -0.00399623 0.04700000 0.01371724
v -0.00399623 0.04700000 0.01582759
v -0.00399623 0.04700000 0.01793793
v -0.00399623 0.04673202 0.02004828
v -0.00133208 -0.04673203 -0.02004828
v -0.00133208 -0.04656585 -0.02047762
v -0.00133208 -0.04700000 -0.01793793
v -0.00133208 -0.04700000 -0.01582759
v -0.00133208 -0.04700000 -0.01371724
v -0.00133208 -0.04700000 -0.01160690
v -0.00133208 -0.04700000 -0.00949655
v -0.00133208 -0.04700000 -0.00738621
v -0.00133208 -0.04700000 -0.00527586
v -0.00133208 -0.04700000 -0.00316552
v -0.00133208 -0.04700000 -0.00105517
v -0.00133208 -0.04700000 0.00105517
v -0.00133208 -0.04700000 0.00316552
v -0.00133208 -0.04700000 0.00527586
v -0.00133208 -0.04700000 0.00738621
v -0.00133208 -0.04700000 0.00949655
v -0.00133208 -0.04700000 0.01160690
v -0.00133208 -0.04700000 0.01371724
v -0.00133208 -0.04700000 0.01582759
v -0.00133208 -0.04700000 0.01793793
v -0.00133208 -0.04673203 0.02004828
v -0.00133208 -0.04656585 0.02047762
v -0.00133208 -0.04580388 -0.02215862
v -0.00133208 -0.04404878 -0.02420008
v -0.00133208 -0.04580388 0.02215862
v -0.00133208 -0.04404878 0.02420008
v -0.00133208 -0.04395260 -0.02426897
v -0.00133208 -0.04153171 -0.02558135
v -0.00133208 -0.04395260 0.02426897
v -0.00133208 -0.04153171 0.02558135
v -0.00133208 -0.03901463 -0.02599999
v -0.00133208 -0.03901463 0.02599999
v -0.00133208 -0.03649756 -0.02600000
v -0.00133208 -0.03649756 0.02600000
v -0.00133208 -0.03398049 -0.02600000
v -0.00133208 -0.03398049 0.02600000
v -0.00133208 -0.03146341 -0.02600000
v -0.00133208 -0.03146341 0.02600000
v -0.00133208 -0.02894634 -0.02600000
v -0.00133208 -0.02894634 0.02600000
v -0.00133208 -0.02642927 -0.02600000
v -0.00133208 -0.02642927 0.02600000
v -0.00133208 -0.02391220 -0.02600000
v -0.00133208 -0.02391220 0.02600000
v -0.00133208 -0.02139512 -0.02600000
v -0.00133208 -0.02139512 0.02600000
v -0.00133208 -0.01887805 -0.02600000
v -0.00133208 -0.01887805 0.02600000
v -0.00133208 -0.01636098 -0.02600000
v -0.00133208 -0.01636098 0.02600000
v -0.00133208 -0.01384390 -0.02600000
v -0.00133208 -0.01384390 0.02600000
v -0.00133208 -0.01132683 -0.02600000
v -0.00133208 -0.01132683 0.02600000
v -0.00133208 -0.00880976 -0.02600000
v -0.00133208 -0.00880976 0.02600000
v -0.00133208 -0.00629268 -0.02600000
v -0.00133208 -0.00629268 0.02600000
v -0.00133208 -0.00377561 -0.02600000
v -0.00133208 -0.00377561 0.02600000
v -0.00133208 -0.00125854 -0.02600000
v -0.00133208 -0.00125854 0.02600000
v -0.00133208 0.00125854 -0.02600000
v -0.00133208 0.00125854 0.02600000
v -0.00133208 0.00377561 -0.02600000
v -0.00133208 0.00377561 0.02600000
v -0.00133208 0.00629268 -0.02600000
v -0.00133208 0.00629268 0.02600000
v -0.00133208 0.00880976 -0.02600000
v -0.00133208 0.00880976 0.02600000
v -0.00133208 0.01132683 -0.02600000
v -0.00133208 0.01132683 0.02600000
v -0.00133208 0.01384390 -0.02600000
v -0.00133208 0.01384390 0.02600000
v -0.00133208 0.01636098 -0.02600000
v -0.00133208 0.01636098 0.02600000
v -0.00133208 0.01887805 -0.02600000
v -0.00133208 0.01887805 0.02600000
v -0.00133208 0.02139512 -0.02600000
v -0.00133208 0.02139512 0.02600000
v -0.00133208 0.02391220 -0.02600000
v -0.00133208 0.02391220 0.02600000
v -0.00133208 0.02642927 -0.02600000
v -0.00133208 0.02642927 0.02600000
v -0.00133208 0.02894634 -0.02600000
v -0.00133208 0.02894634 0.02600000
v -0.00133208 0.03146341 -0.02600000
v -0.00133208 0.03146341 0.02600000
v -0.00133208 0.03398049 -0.02600000
v -0.00133208 0.03398049 0.02600000
v -0.00133208 0.03649756 -0.02600000
v -0.00133208 0.03649756 0.02600000
v -0.00133208 0.03901463 -0.02599999
v -0.00133208 0.03901463 0.02599999
v -0.00133208 0.04153171 -0.02558135
v -0.00133208 0.04153171 0.02558135
v -0.00133208 0.04395260 -0.02426897
v -0.00133208 0.04404878 -0.02420008
v -0.00133208 0.04404878 0.02420008
v -0.00133208 0.04395260 0.02426897
v -0.00133208 0.04580388 -0.02215862
v -0.00133208 0.04656585 -0.02047762
v -0.00133208 0.04656585 0.02047762
v -0.00133208 0.04580388 0.02215862
v -0.00133208 0.04673202 -0.02004828
v -0.00133208 0.04700000 -0.01793793
v -0.00133208 0.04700000 -0.01582759
v -0.00133208 0.04700000 -0.01371724
v -0.00133208 0.04700000 -0.01160690
v -0.00133208 0.04700000 -0.00949655
v -0.00133208 0.04700000 -0.00738621
v -0.00133208 0.04700000 -0.00527586
v -0.00133208 0.04700000 -0.00316552
v -0.00133208 0.04700000 -0.00105517
v -0.00133208 0.04700000 0.00105517
v -0.00133208 0.04700000 0.00316552
v -0.00133208 0.04700000 0.00527586
v -0.00133208 0.04700000 0.00738621
v -0.00133208 0.04700000 0.00949655
v -0.00133208 0.04700000 0.01160690
v -0.00133208 0.04700000 0.01371724
v -0.00133208 0.04700000 0.01582759
v -0.00133208 0.04700000 0.01793793
v -0.00133208 0.04673202 0.02004828
v 0.00133208 -0.04673203 -0.02004828
v 0.00133208 -0.04656585 -0.02047762
v 0.00133208 -0.04700000 -0.01793793
v 0.00133208 -0.04700000 -0.01582759
v 0.00133208 -0.04700000 -0.01371724
v 0.00133208 -0.04700000 -0.01160690
v 0.00133208 -0.04700000 -0.00949655
v 0.00133208 -0.04700000 -0.00738621
v 0.00133208 -0.04700000 -0.00527586
v 0.00133208 -0.04700000 -0.00316552
v 0.00133208 -0.04700000 -0.00105517
v 0.00133208 -0.04700000 0.00105517
v 0.00133208 -0.04700000 0.00316552
v 0.00133208 -0.04700000 0.00527586
v 0.00133208 -0.04700000 0.00738621
v 0.00133208 -0.04700000 0.00949655
v 0.00133208 -0.04700000 0.01160690
v 0.00133208 -0.04700000 0.01371724
v 0.00133208 -0.04700000 0.01582759
v 0.00133208 -0.04700000 0.01793793
v 0.00133208 -0.04673203 0.02004828
v 0.00133208 -0.04656585 0.02047762
v 0.00133208 -0.04580388 -0.02215862
v 0.00133208 -0.04404878 -0.02420008
v 0.00133208 -0.04580388 0.02215862
v 0.00133208 -0.04404878 0.02420008
v 0.00133208 -0.04395260 -0.02426897
v 0.00133208 -0.04153171 -0.02558135
v 0.00133208 -0.04395260 0.02426897
v 0.00133208 -0.04153171 0.02558135
v 0.00133208 -0.03901463 -0.02599999
v 0.00133208 -0.03901463 0.02599999
v 0.00133208 -0.03649756 -0.02600000
v 0.00133208 -0.03649756 0.02600000
v 0.00133208 -0.03398049 -0.02600000
v 0.00133208 -0.03398049 0.02600000
v 0.00133208 -0.03146341 -0.02600000
v 0.00133208 -0.03146341 0.02600000
v 0.00133208 -0.02894634 -0.02600000
v 0.00133208 -0.02894634 0.02600000
v 0.00133208 -0.02642927 -0.02600000
v 0.00133208 -0.02642927 0.02600000
v 0.00133208 -0.02391220 -0.02600000
v 0.00133208 -0.02391220 0.02600000
v 0.00133208 -0.02139512 -0.02600000
v 0.00133208 -0.02139512 0.02600000
v 0.00133208 -0.01887805 -0.02600000
v 0.00133208 -0.01887805 0.02600000
v 0.00133208 -0.01636098 -0.02600000
v 0.00133208 -0.01636098 0.02600000
v 0.00133208 -0.01384390 -0.02600000
v 0.00133208 -0.01384390 0.02600000
v 0.00133208 -0.01132683 -0.02600000
v 0.00133208 -0.01132683 0.02600000
v 0.00133208 -0.00880976 -0.02600000
v 0.00133208 -0.00880976 0.02600000
v 0.00133208 -0.00629268 -0.02600000
v 0.00133208 -0.00629268 0.02600000
v 0.00133208 -0.00377561 -0.02600000
v 0.00133208 -0.00377561 0.02600000
v 0.00133208 -0.00125854 -0.02600000
v 0.00133208 -0.00125854 0.02600000
v 0.00133208 0.00125854 -0.02600000
v 0.00133208 0.00125854 0.02600000
v 0.00133208 0.00377561 -0.02600000
v 0.00133208 0.00377561 0.02600000
v 0.00133208 0.00629268 -0.02600000
v 0.00133208 0.00629268 0.02600000
v 0.00133208 0.00880976 -0.02600000
v 0.00133208 0.00880976 0.02600000
v 0.00133208 0.01132683 -0.02600000
v 0.00133208 0.01132683 0.02600000
v 0.00133208 0.01384390 -0.02600000
v 0.00133208 0.01384390 0.02600000
v 0.00133208 0.01636098 -0.02600000
v 0.00133208 0.01636098 0.02600000
v 0.00133208 0.01887805 -0.02600000
v 0.00133208 0.01887805 0.02600000
v 0.00133208 0.02139512 -0.02600000
v 0.00133208 0.02139512 0.02600000
v 0.00133208 0.02391220 -0.02600000
v 0.00133208 0.02391220 0.02600000
v 0.00133208 0.02642927 -0.02600000
v 0.00133208 0.02642927 0.02600000
v 0.00133208 0.02894634 -0.02600000
v 0.00133208 0.02894634 0.02600000
v 0.00133208 0.03146341 -0.02600000
v 0.00133208 0.03146341 0.02600000
v 0.00133208 0.03398049 -0.02600000
v 0.00133208 0.03398049 0.02600000
v 0.00133208 0.03649756 -0.02600000
v 0.00133208 0.03649756 0.02600000
v 0.00133208 0.03901463 -0.02599999
v 0.00133208 0.03901463 0.02599999
v 0.00133208 0.04153171 -0.02558135
v 0.00133208 0.04153171 0.02558135
v 0.00133208 0.04395260 -0.02426897
v 0.00133208 0.04404878 -0.02420008
v 0.00133208 0.04404878 0.02420008
v 0.00133208 0.04395260 0.02426897
v 0.00133208 0.04580388 -0.02215862
v 0.00133208 0.04656585 -0.02047762
v 0.00133208 0.04656585 0.02047762
v 0.00133208 0.04580388 0.02215862
v 0.00133208 0.04673202 -0.02004828
v 0.00133208 0.04700000 -0.01793793
v 0.00133208 0.04700000 -0.01582759
v 0.00133208 0.04700000 -0.01371724
v 0.00133208 0.04700000 -0.01160690
v 0.00133208 0.04700000 -0.00949655
v 0.00133208 0.04700000 -0.00738621
v 0.00133208 0.04700000 -0.00527586
v 0.00133208 0.04700000 -0.00316552
v 0.00133208 0.04700000 -0.00105517
v 0.00133208 0.04700000 0.00105517
v 0.00133208 0.04700000 0.00316552
v 0.00133208 0.04700000 0.00527586
v 0.00133208 0.04700000 0.00738621
v 0.00133208 0.04700000 0.00949655
v 0.00133208 0.04700000 0.01160690
v 0.00133208 0.04700000 0.01371724
v 0.00133208 0.04700000 0.01582759
v 0.00133208 0.04700000 0.01793793
v 0.00133208 0.04673202 0.02004828
v 0.00399623 -0.04673203 -0.02004828
v 0.00399623 -0.04656585 -0.02047762
v 0.00399623 -0.04700000 -0.01793793
v 0.00399623 -0.04700000 -0.01582759
v 0.00399623 -0.04700000 -0.01371724
v 0.00399623 -0.04700000 -0.01160690
v 0.00399623 -0.04700000 -0.00949655
v 0.00399623 -0.04700000 -0.00738621
v 0.00399623 -0.04700000 -0.00527586
v 0.00399623 -0.04700000 -0.00316552
v 0.00399623 -0.04700000 -0.00105517
v 0.00399623 -0.04700000 0.00105517
v 0.00399623 -0.04700000 0.00316552
v 0.00399623 -0.04700000 0.00527586
v 0.00399623 -0.04700000 0.00738621
v 0.00399623 -0.04700000 0.00949655
v 0.00399623 -0.04700000 0.01160690
v 0.00399623 -0.04700000 0.01371724
v 0.00399623 -0.04700000 0.01582759
v 0.00399623 -0.04700000 0.01793793
v 0.00399623 -0.04673203 0.02004828
v 0.00399623 -0.04656585 0.02047762
v 0.00399623 -0.04580388 -0.02215862
v 0.00399623 -0.04404878 -0.02420008
v 0.00399623 -0.04580388 0.02215862
v 0.00399623 -0.04404878 0.02420008
v 0.00399623 -0.04395260 -0.02426897
v 0.00399623 -0.04153171 -0.02558135
v 0.00399623 -0.04395260 0.02426897
v 0.00399623 -0.04153171 0.02558135
v 0.00399623 -0.03901463 -0.02599999
v 0.00399623 -0.03901463 0.02599999
v 0.00399623 -0.03649756 -0.02600000
v 0.00399623 -0.03649756 0.02600000
v 0.00399623 -0.03398049 -0.02600000
v 0.00399623 -0.03398049 0.02600000
v 0.00399623 -0.03146341 -0.02600000
v 0.00399623 -0.03146341 0.02600000
v 0.00399623 -0.02894634 -0.02600000
v 0.00399623 -0.02894634 0.02600000
v 0.00399623 -0.02642927 -0.02600000
v 0.00399623 -0.02642927 0.02600000
v 0.00399623 -0.02391220 -0.02600000
v 0.00399623 -0.02391220 0.02600000
v 0.00399623 -0.02139512 -0.02600000
v 0.00399623 -0.02139512 0.02600000
v 0.00399623 -0.01887805 -0.02600000
v 0.00399623 -0.01887805 0.02600000
v 0.00399623 -0.01636098 -0.02600000
v 0.00399623 -0.01636098 0.02600000
v 0.00399623 -0.01384390 -0.02600000
v 0.00399623 -0.01384390 0.02600000
v 0.00399623 -0.01132683 -0.02600000
v 0.00399623 -0.01132683 0.02600000
v 0.00399623 -0.00880976 -0.02600000
v 0.00399623 -0.00880976 0.02600000
v 0.00399623 -0.00629268 -0.02600000
v 0.00399623 -0.00629268 0.02600000
v 0.00399623 -0.00377561 -0.02600000
v 0.00399623 -0.00377561 0.02600000
v 0.00399623 -0.00125854 -0.02600000
v 0.00399623 -0.00125854 0.02600000
v 0.00399623 0.00125854 -0.02600000
v 0.00399623 0.00125854 0.02600000
v 0.00399623 0.00377561 -0.02600000
v 0.00399623 0.00377561 0.02600000
v 0.00399623 0.00629268 -0.02600000
v 0.00399623 0.00629268 0.02600000
v 0.00399623 0.00880976 -0.02600000
v 0.00399623 0.00880976 0.02600000
v 0.00399623 0.01132683 -0.02600000
v 0.00399623 0.01132683 0.02600000
v 0.00399623 0.01384390 -0.02600000
v 0.00399623 0.01384390 0.02600000
v 0.00399623 0.01636098 -0.02600000
v 0.00399623 0.01636098 0.02600000
v 0.00399623 0.01887805 -0.02600000
v 0.00399623 0.01887805 0.02600000
v 0.00399623 0.02139512 -0.02600000
v 0.00399623 0.02139512 0.02600000
v 0.00399623 0.02391220 -0.02600000
v 0.00399623 0.02391220 0.02600000
v 0.00399623 0.02642927 -0.02600000
v 0.00399623 0.02642927 0.02600000
v 0.00399623 0.02894634 -0.02600000
v 0.00399623 0.02894634 0.02600000
v 0.00399623 0.03146341 -0.02600000
v 0.00399623 0.03146341 0.02600000
v 0.00399623 0.03398049 -0.02600000
v 0.00399623 0.03398049 0.02600000
v 0.00399623 0.03649756 -0.02600000
v 0.00399623 0.03649756 0.02600000
v 0.00399623 0.03901463 -0.02599999
v 0.00399623 0.03901463 0.02599999
v 0.00399623 0.04153171 -0.02558135
v 0.00399623 0.04153171 0.02558135
v 0.00399623 0.04395260 -0.02426897
v 0.00399623 0.04404878 -0.02420008
v 0.00399623 0.04404878 0.02420008
v 0.00399623 0.04395260 0.02426897
v 0.00399623 0.04580388 -0.02215862
v 0.00399623 0.04656585 -0.02047762
v 0.00399623 0.04656585 0.02047762
v 0.00399623 0.04580388 0.02215862
v 0.00399623 0.04673202 -0.02004828
v 0.00399623 0.04700000 -0.01793793
v 0.00399623 0.04700000 -0.01582759
v 0.00399623 0.04700000 -0.01371724
v 0.00399623 0.04700000 -0.01160690
v 0.00399623 0.04700000 -0.00949655
v 0.00399623 0.04700000 -0.00738621
v 0.00399623 0.04700000 -0.00527586
v 0.00399623 0.04700000 -0.00316552
v 0.00399623 0.04700000 -0.00105517
v 0.00399623 0.04700000 0.00105517
v 0.00399623 0.04700000 0.00316552
v 0.00399623 0.04700000 0.00527586
v 0.00399623 0.04700000 0.00738621
v 0.00399623 0.04700000 0.00949655
v 0.00399623 0.04700000 0.01160690
v 0.00399623 0.04700000 0.01371724
v 0.00399623 0.04700000 0.01582759
v 0.00399623 0.04700000 0.01793793
v 0.00399623 0.04673202 0.02004828
v 0.00666038 -0.04673203 -0.02004828
v 0.00666038 -0.04656585 -0.02047762
v 0.00666038 -0.04700000 -0.01793793
v 0.00666038 -0.04700000 -0.01582759
v 0.00666038 -0.04700000 -0.01371724
v 0.00666038 -0.04700000 -0.01160690
v 0.00666038 -0.04700000 -0.00949655
v 0.00666038 -0.04700000 -0.00738621
v 0.00666038 -0.04700000 -0.00527586
v 0.00666038 -0.04700000 -0.00316552
v 0.00666038 -0.04700000 -0.00105517
v 0.00666038 -0.04700000 0.00105517
v 0.00666038 -0.04700000 0.00316552
v 0.00666038 -0.04700000 0.00527586
v 0.00666038 -0.04700000 0.00738621
v 0.00666038 -0.04700000 0.00949655
v 0.00666038 -0.04700000 0.01160690
v 0.00666038 -0.04700000 0.01371724
v 0.00666038 -0.04700000 0.01582759
v 0.00666038 -0.04700000 0.01793793
v 0.00666038 -0.04673203 0.02004828
v 0.00666038 -0.04656585 0.02047762
v 0.00666038 -0.04580388 -0.02215862
v 0.00666038 -0.04404878 -0.02420008
v 0.00666038 -0.04580388 0.02215862
v 0.00666038 -0.04404878 0.02420008
v 0.00666038 -0.04395260 -0.02426897
v 0.00666038 -0.04153171 -0.02558135
v 0.00666038 -0.04395260 0.02426897
v 0.00666038 -0.04153171 0.02558135
v 0.00666038 -0.03901463 -0.02599999
v 0.00666038 -0.03901463 0.02599999
v 0.00666038 -0.03649756 -0.02600000
v 0.00666038 -0.03649756 0.02600000
v 0.00666038 -0.03398049 -0.02600000
v 0.00666038 -0.03398049 0.02600000
v 0.00666038 -0.03146341 -0.02600000
v 0.00666038 -0.03146341 0.02600000
v 0.00666038 -0.02894634 -0.02600000
v 0.00666038 -0.02894634 0.02600000
v 0.00666038 -0.02642927 -0.02600000
v 0.00666038 -0.02642927 0.02600000
v 0.00666038 -0.02391220 -0.02600000
v 0.00666038 -0.02391220 0.02600000
v 0.00666038 -0.02139512 -0.02600000
v 0.00666038 -0.02139512 0.02600000
v 0.00666038 -0.01887805 -0.02600000
v 0.00666038 -0.01887805 0.02600000
v 0.00666038 -0.01636098 -0.02600000
v 0.00666038 -0.01636098 0.02600000
v 0.00666038 -0.01384390 -0.02600000
v 0.00666038 -0.01384390 0.02600000
v 0.00666038 -0.01132683 -0.02600000
v 0.00666038 -0.01132683 0.02600000
v 0.00666038 -0.00880976 -0.02600000
v 0.00666038 -0.00880976 0.02600000
v 0.00666038 -0.00629268 -0.02600000
v 0.00666038 -0.00629268 0.02600000
v 0.00666038 -0.00377561 -0.02600000
v 0.00666038 -0.00377561 0.02600000
v 0.00666038 -0.00125854 -0.02600000
v 0.00666038 -0.00125854 0.02600000
v 0.00666038 0.00125854 -0.02600000
v 0.00666038 0.00125854 0.02600000
v 0.00666038 0.00377561 -0.02600000
v 0.00666038 0.00377561 0.02600000
v 0.00666038 0.00629268 -0.02600000
v 0.00666038 0.00629268 0.02600000
v 0.00666038 0.00880976 -0.02600000
v 0.00666038 0.00880976 0.02600000
v 0.00666038 0.01132683 -0.02600000
v 0.00666038 0.01132683 0.02600000
v 0.00666038 0.01384390 -0.02600000
v 0.00666038 0.01384390 0.02600000
v 0.00666038 0.01636098 -0.02600000
v 0.00666038 0.01636098 0.02600000
v 0.00666038 0.01887805 -0.02600000
v 0.00666038 0.01887805 0.02600000
v 0.00666038 0.02139512 -0.02600000
v 0.00666038 0.02139512 0.02600000
v 0.00666038 0.02391220 -0.02600000
v 0.00666038 0.02391220 0.02600000
v 0.00666038 0.02642927 -0.02600000
v 0.00666038 0.02642927 0.02600000
v 0.00666038 0.02894634 -0.02600000
v 0.00666038 0.02894634 0.02600000
v 0.00666038 0.03146341 -0.02600000
v 0.00666038 0.03146341 0.02600000
v 0.00666038 0.03398049 -0.02600000
v 0.00666038 0.03398049 0.02600000
v 0.00666038 0.03649756 -0.02600000
v 0.00666038 0.03649756 0.02600000
v 0.00666038 0.03901463 -0.02599999
v 0.00666038 0.03901463 0.02599999
v 0.00666038 0.04153171 -0.02558135
v 0.00666038 0.04153171 0.02558135
v 0.00666038 0.04395260 -0.02426897
v 0.00666038 0.04404878 -0.02420008
v 0.00666038 0.04404878 0.02420008
v 0.00666038 0.04395260 0.02426897
v 0.00666038 0.04580388 -0.02215862
v 0.00666038 0.04656585 -0.02047762
v 0.00666038 0.04656585 0.02047762
v 0.00666038 0.04580388 0.02215862
v 0.00666038 0.04673202 -0.02004828
v 0.00666038 0.04700000 -0.01793793
v 0.00666038 0.04700000 -0.01582759
v 0.00666038 0.04700000 -0.01371724
v 0.00666038 0.04700000 -0.01160690
v 0.00666038 0.04700000 -0.00949655
v 0.00666038 0.04700000 -0.00738621
v 0.00666038 0.04700000 -0.00527586
v 0.00666038 0.04700000 -0.00316552
v 0.00666038 0.04700000 -0.00105517
v 0.00666038 0.04700000 0.00105517
v 0.00666038 0.04700000 0.00316552
v 0.00666038 0.04700000 0.00527586
v 0.00666038 0.04700000 0.00738621
v 0.00666038 0.04700000 0.00949655
v 0.00666038 0.04700000 0.01160690
v 0.00666038 0.04700000 0.01371724
v 0.00666038 0.04700000 0.01582759
v 0.00666038 0.04700000 0.01793793
v 0.00666038 0.04673202 0.02004828
v 0.00932453 -0.04673203 -0.02004828
v 0.00932453 -0.04656585 -0.02047762
v 0.00932453 -0.04700000 -0.01793793
v 0.00932453 -0.04700000 -0.01582759
v 0.00932453 -0.04700000 -0.01371724
v 0.00932453 -0.04700000 -0.01160690
v 0.00932453 -0.04700000 -0.00949655
v 0.00932453 -0.04700000 -0.00738621
v 0.00932453 -0.04700000 -0.00527586
v 0.00932453 -0.04700000 -0.00316552
v 0.00932453 -0.04700000 -0.00105517
v 0.00932453 -0.04700000 0.00105517
v 0.00932453 -0.04700000 0.00316552
v 0.00932453 -0.04700000 0.00527586
v 0.00932453 -0.04700000 0.00738621
v 0.00932453 -0.04700000 0.00949655
v 0.00932453 -0.04700000 0.01160690
v 0.00932453 -0.04700000 0.01371724
v 0.00932453 -0.04700000 0.01582759
v 0.00932453 -0.04700000 0.01793793
v 0.00932453 -0.04673203 0.02004828
v 0.00932453 -0.04656585 0.02047762
v 0.00932453 -0.04580388 -0.02215862
v 0.00932453 -0.04404878 -0.02420008
v 0.00932453 -0.04580388 0.02215862
v 0.00932453 -0.04404878 0.02420008
v 0.00932453 -0.04395260 -0.02426897
v 0.00932453 -0.04153171 -0.02558135
v 0.00932453 -0.04395260 0.02426897
v 0.00932453 -0.04153171 0.02558135
v 0.00932453 -0.03901463 -0.02599999
v 0.00932453 -0.03901463 0.02599999
v 0.00932453 -0.03649756 -0.02600000
v 0.00932453 -0.03649756 0.02600000
v 0.00932453 -0.03398049 -0.02600000
v 0.00932453 -0.03398049 0.02600000
v 0.00932453 -0.03146341 -0.02600000
v 0.00932453 -0.03146341 0.02600000
v 0.00932453 -0.02894634 -0.02600000
v 0.00932453 -0.02894634 0.02600000
v 0.00932453 -0.02642927 -0.02600000
v 0.00932453 -0.02642927 0.02600000
v 0.00932453 -0.02391220 -0.02600000
v 0.00932453 -0.02391220 0.02600000
v 0.00932453 -0.02139512 -0.02600000
v 0.00932453 -0.02139512 0.02600000
v 0.00932453 -0.01887805 -0.02600000
v 0.00932453 -0.01887805 0.02600000
v 0.00932453 -0.01636098 -0.02600000
v 0.00932453 -0.01636098 0.02600000
v 0.00932453 -0.01384390 -0.02600000
v 0.00932453 -0.01384390 0.02600000
v 0.00932453 -0.01132683 -0.02600000
v 0.00932453 -0.01132683 0.02600000
v 0.00932453 -0.00880976 -0.02600000
v 0.00932453 -0.00880976 0.02600000
v 0.00932453 -0.00629268 -0.02600000
v 0.00932453 -0.00629268 0.02600000
v 0.00932453 -0.00377561 -0.02600000
v 0.00932453 -0.00377561 0.02600000
v 0.00932453 -0.00125854 -0.02600000
v 0.00932453 -0.00125854 0.02600000
v 0.00932453 0.00125854 -0.02600000
v 0.00932453 0.00125854 0.02600000
v 0.00932453 0.00377561 -0.02600000
v 0.00932453 0.00377561 0.02600000
v 0.00932453 0.00629268 -0.02600000
v 0.00932453 0.00629268 0.02600000
v 0.00932453 0.00880976 -0.02600000
v 0.00932453 0.00880976 0.02600000
v 0.00932453 0.01132683 -0.02600000
v 0.00932453 0.01132683 0.02600000
v 0.00932453 0.01384390 -0.02600000
v 0.00932453 0.01384390 0.02600000
v 0.00932453 0.01636098 -0.02600000
v 0.00932453 0.01636098 0.02600000
v 0.00932453 0.01887805 -0.02600000
v 0.00932453 0.01887805 0.02600000
v 0.00932453 0.02139512 -0.02600000
v 0.00932453 0.02139512 0.02600000
v 0.00932453 0.02391220 -0.02600000
v 0.00932453 0.02391220 0.02600000
v 0.00932453 0.02642927 -0.02600000
v 0.00932453 0.02642927 0.02600000
v 0.00932453 0.02894634 -0.02600000
v 0.00932453 0.02894634 0.02600000
v 0.00932453 0.03146341 -0.02600000
v 0.00932453 0.03146341 0.02600000
v 0.00932453 0.03398049 -0.02600000
v 0.00932453 0.03398049 0.02600000
v 0.00932453 0.03649756 -0.02600000
v 0.00932453 0.03649756 0.02600000
v 0.00932453 0.03901463 -0.02599999
v 0.00932453 0.03901463 0.02599999
v 0.00932453 0.04153171 -0.02558135
v 0.00932453 0.04153171 0.02558135
v 0.00932453 0.04395260 -0.02426897
v 0.00932453 0.04404878 -0.02420008
v 0.00932453 0.04404878 0.02420008
v 0.00932453 0.04395260 0.02426897
v 0.00932453 0.04580388 -0.02215862
v 0.00932453 0.04656585 -0.02047762
v 0.00932453 0.04656585 0.02047762
v 0.00932453 0.04580388 0.02215862
v 0.00932453 0.04673202 -0.02004828
v 0.00932453 0.04700000 -0.01793793
v 0.00932453 0.04700000 -0.01582759
v 0.00932453 0.04700000 -0.01371724
v 0.00932453 0.04700000 -0.01160690
v 0.00932453 0.04700000 -0.00949655
v 0.00932453 0.04700000 -0.00738621
v 0.00932453 0.04700000 -0.00527586
v 0.00932453 0.04700000 -0.00316552
v 0.00932453 0.04700000 -0.00105517
v 0.00932453 0.04700000 0.00105517
v 0.00932453 0.04700000 0.00316552
v 0.00932453 0.04700000 0.00527586
v 0.00932453 0.04700000 0.00738621
v 0.00932453 0.04700000 0.00949655
v 0.00932453 0.04700000 0.01160690
v 0.00932453 0.04700000 0.01371724
v 0.00932453 0.04700000 0.01582759
v 0.00932453 0.04700000 0.01793793
v 0.00932453 0.04673202 0.02004828
v 0.01198868 -0.04673203 -0.02004828
v 0.01198868 -0.04656585 -0.02047762
v 0.01198868 -0.04700000 -0.01793793
v 0.01198868 -0.04700000 -0.01582759
v 0.01198868 -0.04700000 -0.01371724
v 0.01198868 -0.04700000 -0.01160690
v 0.01198868 -0.04700000 -0.00949655
v 0.01198868 -0.04700000 -0.00738621
v 0.01198868 -0.04700000 -0.00527586
v 0.01198868 -0.04700000 -0.00316552
v 0.01198868 -0.04700000 -0.00105517
v 0.01198868 -0.04700000 0.00105517
v 0.01198868 -0.04700000 0.00316552
v 0.01198868 -0.04700000 0.00527586
v 0.01198868 -0.04700000 0.00738621
v 0.01198868 -0.04700000 0.00949655
v 0.01198868 -0.04700000 0.01160690
v 0.01198868 -0.04700000 0.01371724
v 0.01198868 -0.04700000 0.01582759
v 0.01198868 -0.04700000 0.01793793
v 0.01198868 -0.04673203 0.02004828
v 0.01198868 -0.04656585 0.02047762
v 0.01198868 -0.04580388 -0.02215862
v 0.01198868 -0.04404878 -0.02420008
v 0.01198868 -0.04580388 0.02215862
v 0.01198868 -0.04404878 0.02420008
v 0.01198868 -0.04395260 -0.02426897
v 0.01198868 -0.04153171 -0.02558135
v 0.01198868 -0.04395260 0.02426897
v 0.01198868 -0.04153171 0.02558135
v 0.01198868 -0.03901463 -0.02599999
v 0.01198868 -0.03901463 0.02599999
v 0.01198868 -0.03649756 -0.02600000
v 0.01198868 -0.03649756 0.02600000
v 0.01198868 -0.03398049 -0.02600000
v 0.01198868 -0.03398049 0.02600000
v 0.01198868 -0.03146341 -0.02600000
v 0.01198868 -0.03146341 0.02600000
v 0.01198868 -0.02894634 -0.02600000
v 0.01198868 -0.02894634 0.02600000
v 0.01198868 -0.02642927 -0.02600000
v 0.01198868 -0.02642927 0.02600000
v 0.01198868 -0.02391220 -0.02600000
v 0.01198868 -0.02391220 0.02600000
v 0.01198868 -0.02139512 -0.02600000
v 0.01198868 -0.02139512 0.02600000
v 0.01198868 -0.01887805 -0.02600000
v 0.01198868 -0.01887805 0.02600000
v 0.01198868 -0.01636098 -0.02600000
v 0.01198868 -0.01636098 0.02600000
v 0.01198868 -0.01384390 -0.02600000
v 0.01198868 -0.01384390 0.02600000
v 0.01198868 -0.01132683 -0.02600000
v 0.01198868 -0.01132683 0.02600000
v 0.01198868 -0.00880976 -0.02600000
v 0.01198868 -0.00880976 0.02600000
v 0.01198868 -0.00629268 -0.02600000
v 0.01198868 -0.00629268 0.02600000
v 0.01198868 -0.00377561 -0.02600000
v 0.01198868 -0.00377561 0.02600000
v 0.01198868 -0.00125854 -0.02600000
v 0.01198868 -0.00125854 0.02600000
v 0.01198868 0.00125854 -0.02600000
v 0.01198868 0.00125854 0.02600000
v 0.01198868 0.00377561 -0.02600000
v 0.01198868 0.00377561 0.02600000
v 0.01198868 0.00629268 -0.02600000
v 0.01198868 0.00629268 0.02600000
v 0.01198868 0.00880976 -0.02600000
v 0.01198868 0.00880976 0.02600000
v 0.01198868 0.01132683 -0.02600000
v 0.01198868 0.01132683 0.02600000
v 0.01198868 0.01384390 -0.02600000
v 0.01198868 0.01384390 0.02600000
v 0.01198868 0.01636098 -0.02600000
v 0.01198868 0.01636098 0.02600000
v 0.01198868 0.01887805 -0.02600000
v 0.01198868 0.01887805 0.02600000
v 0.01198868 0.02139512 -0.02600000
v 0.01198868 0.02139512 0.02600000
v 0.01198868 0.02391220 -0.02600000
v 0.01198868 0.02391220 0.02600000
v 0.01198868 0.02642927 -0.02600000
v 0.01198868 0.02642927 0.02600000
v 0.01198868 0.02894634 -0.02600000
v 0.01198868 0.02894634 0.02600000
v 0.01198868 0.03146341 -0.02600000
v 0.01198868 0.03146341 0.02600000
v 0.01198868 0.03398049 -0.02600000
v 0.01198868 0.03398049 0.02600000
v 0.01198868 0.03649756 -0.02600000
v 0.01198868 0.03649756 0.02600000
v 0.01198868 0.03901463 -0.02599999
v 0.01198868 0.03901463 0.02599999
v 0.01198868 0.04153171 -0.02558135
v 0.01198868 0.04153171 0.02558135
v 0.01198868 0.04395260 -0.02426897
v 0.01198868 0.04404878 -0.02420008
v 0.01198868 0.04404878 0.02420008
v 0.01198868 0.04395260 0.02426897
v 0.01198868 0.04580388 -0.02215862
v 0.01198868 0.04656585 -0.02047762
v 0.01198868 0.04656585 0.02047762
v 0.01198868 0.04580388 0.02215862
v 0.01198868 0.04673202 -0.02004828
v 0.01198868 0.04700000 -0.01793793
v 0.01198868 0.04700000 -0.01582759
v 0.01198868 0.04700000 -0.01371724
v 0.01198868 0.04700000 -0.01160690
v 0.01198868 0.04700000 -0.00949655
v 0.01198868 0.04700000 -0.00738621
v 0.01198868 0.04700000 -0.00527586
v 0.01198868 0.04700000 -0.00316552
v 0.01198868 0.04700000 -0.00105517
v 0.01198868 0.04700000 0.00105517
v 0.01198868 0.04700000 0.00316552
v 0.01198868 0.04700000 0.00527586
v 0.01198868 0.04700000 0.00738621
v 0.01198868 0.04700000 0.00949655
v 0.01198868 0.04700000 0.01160690
v 0.01198868 0.04700000 0.01371724
v 0.01198868 0.04700000 0.01582759
v 0.01198868 0.04700000 0.01793793
v 0.01198868 0.04673202 0.02004828
v 0.01465283 -0.04673203 -0.02004828
v 0.01465283 -0.04656585 -0.02047762
v 0.01465283 -0.04700000 -0.01793793
v 0.01465283 -0.04700000 -0.01582759
v 0.01465283 -0.04700000 -0.01371724
v 0.01465283 -0.04700000 -0.01160690
v 0.01465283 -0.04700000 -0.00949655
v 0.01465283 -0.04700000 -0.00738621
v 0.01465283 -0.04700000 -0.00527586
v 0.01465283 -0.04700000 -0.00316552
v 0.01465283 -0.04700000 -0.00105517
v 0.01465283 -0.04700000 0.00105517
v 0.01465283 -0.04700000 0.00316552
v 0.01465283 -0.04700000 0.00527586
v 0.01465283 -0.04700000 0.00738621
v 0.01465283 -0.04700000 0.00949655
v 0.01465283 -0.04700000 0.01160690
v 0.01465283 -0.04700000 0.01371724
v 0.01465283 -0.04700000 0.01582759
v 0.01465283 -0.04700000 0.01793793
v 0.01465283 -0.04673203 0.02004828
v 0.01465283 -0.04656585 0.02047762
v 0.01465283 -0.04580388 -0.02215862
v 0.01465283 -0.04404878 -0.02420008
v 0.01465283 -0.04580388 0.02215862
v 0.01465283 -0.04404878 0.02420008
v 0.01465283 -0.04395260 -0.02426897
v 0.01465283 -0.04153171 -0.02558135
v 0.01465283 -0.04395260 0.02426897
v 0.01465283 -0.04153171 0.02558135
v 0.01465283 -0.03901463 -0.02599999
v 0.01465283 -0.03901463 0.02599999
v 0.01465283 -0.03649756 -0.02600000
v 0.01465283 -0.03649756 0.02600000
v 0.01465283 -0.03398049 -0.02600000
v 0.01465283 -0.03398049 0.02600000
v 0.01465283 -0.03146341 -0.02600000
v 0.01465283 -0.03146341 0.02600000
v 0.01465283 -0.02894634 -0.02600000
v 0.01465283 -0.02894634 0.02600000
v 0.01465283 -0.02642927 -0.02600000
v 0.01465283 -0.02642927 0.02600000
v 0.01465283 -0.02391220 -0.02600000
v 0.01465283 -0.02391220 0.02600000
v 0.01465283 -0.02139512 -0.02600000
v 0.01465283 -0.02139512 0.02600000
v 0.01465283 -0.01887805 -0.02600000
v 0.01465283 -0.01887805 0.02600000
v 0.01465283 -0.01636098 -0.02600000
v 0.01465283 -0.01636098 0.02600000
v 0.01465283 -0.01384390 -0.02600000
v 0.01465283 -0.01384390 0.02600000
v 0.01465283 -0.01132683 -0.02600000
v 0.01465283 -0.01132683 0.02600000
v 0.01465283 -0.00880976 -0.02600000
v 0.01465283 -0.00880976 0.02600000
v 0.01465283 -0.00629268 -0.02600000
v 0.01465283 -0.00629268 0.02600000
v 0.01465283 -0.00377561 -0.02600000
v 0.01465283 -0.00377561 0.02600000
v 0.01465283 -0.00125854 -0.02600000
v 0.01465283 -0.00125854 0.02600000
v 0.01465283 0.00125854 -0.02600000
v 0.01465283 0.00125854 0.02600000
v 0.01465283 0.00377561 -0.02600000
v 0.01465283 0.00377561 0.02600000
v 0.01465283 0.00629268 -0.02600000
v 0.01465283 0.00629268 0.02600000
v 0.01465283 0.00880976 -0.02600000
v 0.01465283 0.00880976 0.02600000
v 0.01465283 0.01132683 -0.02600000
v 0.01465283 0.01132683 0.02600000
v 0.01465283 0.01384390 -0.02600000
v 0.01465283 0.01384390 0.02600000
v 0.01465283 0.01636098 -0.02600000
v 0.01465283 0.01636098 0.02600000
v 0.01465283 0.01887805 -0.02600000
v 0.01465283 0.01887805 0.02600000
v 0.01465283 0.02139512 -0.02600000
v 0.01465283 0.02139512 0.02600000
v 0.01465283 0.02391220 -0.02600000
v 0.01465283 0.02391220 0.02600000
v 0.01465283 0.02642927 -0.02600000
v 0.01465283 0.02642927 0.02600000
v 0.01465283 0.02894634 -0.02600000
v 0.01465283 0.02894634 0.02600000
v 0.01465283 0.03146341 -0.02600000
v 0.01465283 0.03146341 0.02600000
v 0.01465283 0.03398049 -0.02600000
v 0.01465283 0.03398049 0.02600000
v 0.01465283 0.03649756 -0.02600000
v 0.01465283 0.03649756 0.02600000
v 0.01465283 0.03901463 -0.02599999
v 0.01465283 0.03901463 0.02599999
v 0.01465283 0.04153171 -0.02558135
v 0.01465283 0.04153171 0.02558135
v 0.01465283 0.04395260 -0.02426897
v 0.01465283 0.04404878 -0.02420008
v 0.01465283 0.04404878 0.02420008
v 0.01465283 0.04395260 0.02426897
v 0.01465283 0.04580388 -0.02215862
v 0.01465283 0.04656585 -0.02047762
v 0.01465283 0.04656585 0.02047762
v 0.01465283 0.04580388 0.02215862
v 0.01465283 0.04673202 -0.02004828
v 0.01465283 0.04700000 -0.01793793
v 0.01465283 0.04700000 -0.01582759
v 0.01465283 0.04700000 -0.01371724
v 0.01465283 0.04700000 -0.01160690
v 0.01465283 0.04700000 -0.00949655
v 0.01465283 0.04700000 -0.00738621
v 0.01465283 0.04700000 -0.00527586
v 0.01465283 0.04700000 -0.00316552
v 0.01465283 0.04700000 -0.00105517
v 0.01465283 0.04700000 0.00105517
v 0.01465283 0.04700000 0.00316552
v 0.01465283 0.04700000 0.00527586
v 0.01465283 0.04700000 0.00738621
v 0.01465283 0.04700000 0.00949655
v 0.01465283 0.04700000 0.01160690
v 0.01465283 0.04700000 0.01371724
v 0.01465283 0.04700000 0.01582759
v 0.01465283 0.04700000 0.01793793
v 0.01465283 0.04673202 0.02004828
v 0.01731698 -0.04673203 -0.02004828
v 0.01731698 -0.04656585 -0.02047762
v 0.01731698 -0.04700000 -0.01793793
v 0.01731698 -0.04700000 -0.01582759
v 0.01731698 -0.04700000 -0.01371724
v 0.01731698 -0.04700000 -0.01160690
v 0.01731698 -0.04700000 -0.00949655
v 0.01731698 -0.04700000 -0.00738621
v 0.01731698 -0.04700000 -0.00527586
v 0.01731698 -0.04700000 -0.00316552
v 0.01731698 -0.04700000 -0.00105517
v 0.01731698 -0.04700000 0.00105517
v 0.01731698 -0.04700000 0.00316552
v 0.01731698 -0.04700000 0.00527586
v 0.01731698 -0.04700000 0.00738621
v 0.01731698 -0.04700000 0.00949655
v 0.01731698 -0.04700000 0.01160690
v 0.01731698 -0.04700000 0.01371724
v 0.01731698 -0.04700000 0.01582759
v 0.01731698 -0.04700000 0.01793793
v 0.01731698 -0.04673203 0.02004828
v 0.01731698 -0.04656585 0.02047762
v 0.01731698 -0.04580388 -0.02215862
v 0.01731698 -0.04404878 -0.02420008
v 0.01731698 -0.04580388 0.02215862
v 0.01731698 -0.04404878 0.02420008
v 0.01731698 -0.04395260 -0.02426897
v 0.01731698 -0.04153171 -0.02558135
v 0.01731698 -0.04395260 0.02426897
v 0.01731698 -0.04153171 0.02558135
v 0.01731698 -0.03901463 -0.02599999
v 0.01731698 -0.03901463 0.02599999
v 0.01731698 -0.03649756 -0.02600000
v 0.01731698 -0.03649756 0.02600000
v 0.01731698 -0.03398049 -0.02600000
v 0.01731698 -0.03398049 0.02600000
v 0.01731698 -0.03146341 -0.02600000
v 0.01731698 -0.03146341 0.02600000
v 0.01731698 -0.02894634 -0.02600000
v 0.01731698 -0.02894634 0.02600000
v 0.01731698 -0.02642927 -0.02600000
v 0.01731698 -0.02642927 0.02600000
v 0.01731698 -0.02391220 -0.02600000
v 0.01731698 -0.02391220 0.02600000
v 0.01731698 -0.02139512 -0.02600000
v 0.01731698 -0.02139512 0.02600000
v 0.01731698 -0.01887805 -0.02600000
v 0.01731698 -0.01887805 0.02600000
v 0.01731698 -0.01636098 -0.02600000
v 0.01731698 -0.01636098 0.02600000
v 0.01731698 -0.01384390 -0.02600000
v 0.01731698 -0.01384390 0.02600000
v 0.01731698 -0.01132683 -0.02600000
v 0.01731698 -0.01132683 0.02600000
v 0.01731698 -0.00880976 -0.02600000
v 0.01731698 -0.00880976 0.02600000
v 0.01731698 -0.00629268 -0.02600000
v 0.01731698 -0.00629268 0.02600000
v 0.01731698 -0.00377561 -0.02600000
v 0.01731698 -0.00377561 0.02600000
v 0.01731698 -0.00125854 -0.02600000
v 0.01731698 -0.00125854 0.02600000
v 0.01731698 0.00125854 -0.02600000
v 0.01731698 0.00125854 0.02600000
v 0.01731698 0.00377561 -0.02600000
v 0.01731698 0.00377561 0.02600000
v 0.01731698 0.00629268 -0.02600000
v 0.01731698 0.00629268 0.02600000
v 0.01731698 0.00880976 -0.02600000
v 0.01731698 0.00880976 0.02600000
v 0.01731698 0.01132683 -0.02600000
v 0.01731698 0.01132683 0.02600000
v 0.01731698 0.01384390 -0.02600000
v 0.01731698 0.01384390 0.02600000
v 0.01731698 0.01636098 -0.02600000
v 0.01731698 0.01636098 0.02600000
v 0.01731698 0.01887805 -0.02600000
v 0.01731698 0.01887805 0.02600000
v 0.01731698 0.02139512 -0.02600000
v 0.01731698 0.02139512 0.02600000
v 0.01731698 0.02391220 -0.02600000
v 0.01731698 0.02391220 0.02600000
v 0.01731698 0.02642927 -0.02600000
v 0.01731698 0.02642927 0.02600000
v 0.01731698 0.02894634 -0.02600000
v 0.01731698 0.02894634 0.02600000
v 0.01731698 0.03146341 -0.02600000
v 0.01731698 0.03146341 0.02600000
v 0.01731698 0.03398049 -0.02600000
v 0.01731698 0.03398049 0.02600000
v 0.01731698 0.03649756 -0.02600000
v 0.01731698 0.03649756 0.02600000
v 0.01731698 0.03901463 -0.02599999
v 0.01731698 0.03901463 0.02599999
v 0.01731698 0.04153171 -0.02558135
v 0.01731698 0.04153171 0.02558135
v 0.01731698 0.04395260 -0.02426897
v 0.01731698 0.04404878 -0.02420008
v 0.01731698 0.04404878 0.02420008
v 0.01731698 0.04395260 0.02426897
v 0.01731698 0.04580388 -0.02215862
v 0.01731698 0.04656585 -0.02047762
v 0.01731698 0.04656585 0.02047762
v 0.01731698 0.04580388 0.02215862
v 0.01731698 0.04673202 -0.02004828
v 0.01731698 0.04700000 -0.01793793
v 0.01731698 0.04700000 -0.01582759
v 0.01731698 0.04700000 -0.01371724
v 0.01731698 0.04700000 -0.01160690
v 0.01731698 0.04700000 -0.00949655
v 0.01731698 0.04700000 -0.00738621
v 0.01731698 0.04700000 -0.00527586
v 0.01731698 0.04700000 -0.00316552
v 0.01731698 0.04700000 -0.00105517
v 0.01731698 0.04700000 0.00105517
v 0.01731698 0.04700000 0.00316552
v 0.01731698 0.04700000 0.00527586
v 0.01731698 0.04700000 0.00738621
v 0.01731698 0.04700000 0.00949655
v 0.01731698 0.04700000 0.01160690
v 0.01731698 0.04700000 0.01371724
v 0.01731698 0.04700000 0.01582759
v 0.01731698 0.04700000 0.01793793
v 0.01731698 0.04673202 0.02004828
v 0.01998113 -0.04673203 -0.02004828
v 0.01998113 -0.04656585 -0.02047762
v 0.01998113 -0.04700000 -0.01793793
v 0.01998113 -0.04700000 -0.01582759
v 0.01998113 -0.04700000 -0.01371724
v 0.01998113 -0.04700000 -0.01160690
v 0.01998113 -0.04700000 -0.00949655
v 0.01998113 -0.04700000 -0.00738621
v 0.01998113 -0.04700000 -0.00527586
v 0.01998113 -0.04700000 -0.00316552
v 0.01998113 -0.04700000 -0.00105517
v 0.01998113 -0.04700000 0.00105517
v 0.01998113 -0.04700000 0.00316552
v 0.01998113 -0.04700000 0.00527586
v 0.01998113 -0.04700000 0.00738621
v 0.01998113 -0.04700000 0.00949655
v 0.01998113 -0.04700000 0.01160690
v 0.01998113 -0.04700000 0.01371724
v 0.01998113 -0.04700000 0.01582759
v 0.01998113 -0.04700000 0.01793793
v 0.01998113 -0.04673203 0.02004828
v 0.01998113 -0.04656585 0.02047762
v 0.01998113 -0.04580388 -0.02215862
v 0.01998113 -0.04404878 -0.02420008
v 0.01998113 -0.04580388 0.02215862
v 0.01998113 -0.04404878 0.02420008
v 0.01998113 -0.04395260 -0.02426897
v 0.01998113 -0.04153171 -0.02558135
v 0.01998113 -0.04395260 0.02426897
v 0.01998113 -0.04153171 0.02558135
v 0.01998113 -0.03901463 -0.02599999
v 0.01998113 -0.03901463 0.02599999
v 0.01998113 -0.03649756 -0.02600000
v 0.01998113 -0.03649756 0.02600000
v 0.01998113 -0.03398049 -0.02600000
v 0.01998113 -0.03398049 0.02600000
v 0.01998113 -0.03146341 -0.02600000
v 0.01998113 -0.03146341 0.02600000
v 0.01998113 -0.02894634 -0.02600000
v 0.01998113 -0.02894634 0.02600000
v 0.01998113 -0.02642927 -0.02600000
v 0.01998113 -0.02642927 0.02600000
v 0.01998113 -0.02391220 -0.02600000
v 0.01998113 -0.02391220 0.02600000
v 0.01998113 -0.02139512 -0.02600000
v 0.01998113 -0.02139512 0.02600000
v 0.01998113 -0.01887805 -0.02600000
v 0.01998113 -0.01887805 0.02600000
v 0.01998113 -0.01636098 -0.02600000
v 0.01998113 -0.01636098 0.02600000
v 0.01998113 -0.01384390 -0.02600000
v 0.01998113 -0.01384390 0.02600000
v 0.01998113 -0.01132683 -0.02600000
v 0.01998113 -0.01132683 0.02600000
v 0.01998113 -0.00880976 -0.02600000
v 0.01998113 -0.00880976 0.02600000
v 0.01998113 -0.00629268 -0.02600000
v 0.01998113 -0.00629268 0.02600000
v 0.01998113 -0.00377561 -0.02600000
v 0.01998113 -0.00377561 0.02600000
v 0.01998113 -0.00125854 -0.02600000
v 0.01998113 -0.00125854 0.02600000
v 0.01998113 0.00125854 -0.02600000
v 0.01998113 0.00125854 0.02600000
v 0.01998113 0.00377561 -0.02600000
v 0.01998113 0.00377561 0.02600000
v 0.01998113 0.00629268 -0.02600000
v 0.01998113 0.00629268 0.02600000
v 0.01998113 0.00880976 -0.02600000
v 0.01998113 0.00880976 0.02600000
v 0.01998113 0.01132683 -0.02600000
v 0.01998113 0.01132683 0.02600000
v 0.01998113 0.01384390 -0.02600000
v 0.01998113 0.01384390 0.02600000
v 0.01998113 0.01636098 -0.02600000
v 0.01998113 0.01636098 0.02600000
v 0.01998113 0.01887805 -0.02600000
v 0.01998113 0.01887805 0.02600000
v 0.01998113 0.02139512 -0.02600000
v 0.01998113 0.02139512 0.02600000
v 0.01998113 0.02391220 -0.02600000
v 0.01998113 0.02391220 0.02600000
v 0.01998113 0.02642927 -0.02600000
v 0.01998113 0.02642927 0.02600000
v 0.01998113 0.02894634 -0.02600000
v 0.01998113 0.02894634 0.02600000
v 0.01998113 0.03146341 -0.02600000
v 0.01998113 0.03146341 0.02600000
v 0.01998113 0.03398049 -0.02600000
v 0.01998113 0.03398049 0.02600000
v 0.01998113 0.03649756 -0.02600000
v 0.01998113 0.03649756 0.02600000
v 0.01998113 0.03901463 -0.02599999
v 0.01998113 0.03901463 0.02599999
v 0.01998113 0.04153171 -0.02558135
v 0.01998113 0.04153171 0.02558135
v 0.01998113 0.04395260 -0.02426897
v 0.01998113 0.04404878 -0.02420008
v 0.01998113 0.04404878 0.02420008
v 0.01998113 0.04395260 0.02426897
v 0.01998113 0.04580388 -0.02215862
v 0.01998113 0.04656585 -0.02047762
v 0.01998113 0.04656585 0.02047762
v 0.01998113 0.04580388 0.02215862
v 0.01998113 0.04673202 -0.02004828
v 0.01998113 0.04700000 -0.01793793
v 0.01998113 0.04700000 -0.01582759
v 0.01998113 0.04700000 -0.01371724
v 0.01998113 0.04700000 -0.01160690
v 0.01998113 0.04700000 -0.00949655
v 0.01998113 0.04700000 -0.00738621
v 0.01998113 0.04700000 -0.00527586
v 0.01998113 0.04700000 -0.00316552
v 0.01998113 0.04700000 -0.00105517
v 0.01998113 0.04700000 0.00105517
v 0.01998113 0.04700000 0.00316552
v 0.01998113 0.04700000 0.00527586
v 0.01998113 0.04700000 0.00738621
v 0.01998113 0.04700000 0.00949655
v 0.01998113 0.04700000 0.01160690
v 0.01998113 0.04700000 0.01371724
v 0.01998113 0.04700000 0.01582759
v 0.01998113 0.04700000 0.01793793
v 0.01998113 0.04673202 0.02004828
v 0.02264528 -0.04673203 -0.02004828
v 0.02264528 -0.04656585 -0.02047762
v 0.02264528 -0.04700000 -0.01793793
v 0.02264528 -0.04700000 -0.01582759
v 0.02264528 -0.04700000 -0.01371724
v 0.02264528 -0.04700000 -0.01160690
v 0.02264528 -0.04700000 -0.00949655
v 0.02264528 -0.04700000 -0.00738621
v 0.02264528 -0.04700000 -0.00527586
v 0.02264528 -0.04700000 -0.00316552
v 0.02264528 -0.04700000 -0.00105517
v 0.02264528 -0.04700000 0.00105517
v 0.02264528 -0.04700000 0.00316552
v 0.02264528 -0.04700000 0.00527586
v 0.02264528 -0.04700000 0.00738621
v 0.02264528 -0.04700000 0.00949655
v 0.02264528 -0.04700000 0.01160690
v 0.02264528 -0.04700000 0.01371724
v 0.02264528 -0.04700000 0.01582759
v 0.02264528 -0.04700000 0.01793793
v 0.02264528 -0.04673203 0.02004828
v 0.02264528 -0.04656585 0.02047762
v 0.02264528 -0.04580388 -0.02215862
v 0.02264528 -0.04404878 -0.02420008
v 0.02264528 -0.04580388 0.02215862
v 0.02264528 -0.04404878 0.02420008
v 0.02264528 -0.04395260 -0.02426897
v 0.02264528 -0.04153171 -0.02558135
v 0.02264528 -0.04395260 0.02426897
v 0.02264528 -0.04153171 0.02558135
v 0.02264528 -0.03901463 -0.02599999
v 0.02264528 -0.03901463 0.02599999
v 0.02264528 -0.03649756 -0.02600000
v 0.02264528 -0.03649756 0.02600000
v 0.02264528 -0.03398049 -0.02600000
v 0.02264528 -0.03398049 0.02600000
v 0.02264528 -0.03146341 -0.02600000
v 0.02264528 -0.03146341 0.02600000
v 0.02264528 -0.02894634 -0.02600000
v 0.02264528 -0.02894634 0.02600000
v 0.02264528 -0.02642927 -0.02600000
v 0.02264528 -0.02642927 0.02600000
v 0.02264528 -0.02391220 -0.02600000
v 0.02264528 -0.02391220 0.02600000
v 0.02264528 -0.02139512 -0.02600000
v 0.02264528 -0.02139512 0.02600000
v 0.02264528 -0.01887805 -0.02600000
v 0.02264528 -0.01887805 0.02600000
v 0.02264528 -0.01636098 -0.02600000
v 0.02264528 -0.01636098 0.02600000
v 0.02264528 -0.01384390 -0.02600000
v 0.02264528 -0.01384390 0.02600000
v 0.02264528 -0.01132683 -0.02600000
v 0.02264528 -0.01132683 0.02600000
v 0.02264528 -0.00880976 -0.02600000
v 0.02264528 -0.00880976 0.02600000
v 0.02264528 -0.00629268 -0.02600000
v 0.02264528 -0.00629268 0.02600000
v 0.02264528 -0.00377561 -0.02600000
v 0.02264528 -0.00377561 0.02600000
v 0.02264528 -0.00125854 -0.02600000
v 0.02264528 -0.00125854 0.02600000
v 0.02264528 0.00125854 -0.02600000
v 0.02264528 0.00125854 0.02600000
v 0.02264528 0.00377561 -0.02600000
v 0.02264528 0.00377561 0.02600000
v 0.02264528 0.00629268 -0.02600000
v 0.02264528 0.00629268 0.02600000
v 0.02264528 0.00880976 -0.02600000
v 0.02264528 0.00880976 0.02600000
v 0.02264528 0.01132683 -0.02600000
v 0.02264528 0.01132683 0.02600000
v 0.02264528 0.01384390 -0.02600000
v 0.02264528 0.01384390 0.02600000
v 0.02264528 0.01636098 -0.02600000
v 0.02264528 0.01636098 0.02600000
v 0.02264528 0.01887805 -0.02600000
v 0.02264528 0.01887805 0.02600000
v 0.02264528 0.02139512 -0.02600000
v 0.02264528 0.02139512 0.02600000
v 0.02264528 0.02391220 -0.02600000
v 0.02264528 0.02391220 0.02600000
v 0.02264528 0.02642927 -0.02600000
v 0.02264528 0.02642927 0.02600000
v 0.02264528 0.02894634 -0.02600000
v 0.02264528 0.02894634 0.02600000
v 0.02264528 0.03146341 -0.02600000
v 0.02264528 0.03146341 0.02600000
v 0.02264528 0.03398049 -0.02600000
v 0.02264528 0.03398049 0.02600000
v 0.02264528 0.03649756 -0.02600000
v 0.02264528 0.03649756 0.02600000
v 0.02264528 0.03901463 -0.02599999
v 0.02264528 0.03901463 0.02599999
v 0.02264528 0.04153171 -0.02558135
v 0.02264528 0.04153171 0.02558135
v 0.02264528 0.04395260 -0.02426897
v 0.02264528 0.04404878 -0.02420008
v 0.02264528 0.04404878 0.02420008
v 0.02264528 0.04395260 0.02426897
v 0.02264528 0.04580388 -0.02215862
v 0.02264528 0.04656585 -0.02047762
v 0.02264528 0.04656585 0.02047762
v 0.02264528 0.04580388 0.02215862
v 0.02264528 0.04673202 -0.02004828
v 0.02264528 0.04700000 -0.01793793
v 0.02264528 0.04700000 -0.01582759
v 0.02264528 0.04700000 -0.01371724
v 0.02264528 0.04700000 -0.01160690
v 0.02264528 0.04700000 -0.00949655
v 0.02264528 0.04700000 -0.00738621
v 0.02264528 0.04700000 -0.00527586
v 0.02264528 0.04700000 -0.00316552
v 0.02264528 0.04700000 -0.00105517
v 0.02264528 0.04700000 0.00105517
v 0.02264528 0.04700000 0.00316552
v 0.02264528 0.04700000 0.00527586
v 0.02264528 0.04700000 0.00738621
v 0.02264528 0.04700000 0.00949655
v 0.02264528 0.04700000 0.01160690
v 0.02264528 0.04700000 0.01371724
v 0.02264528 0.04700000 0.01582759
v 0.02264528 0.04700000 0.01793793
v 0.02264528 0.04673202 0.02004828
v 0.02530943 -0.04673203 -0.02004828
v 0.02530943 -0.04656585 -0.02047762
v 0.02530943 -0.04700000 -0.01793793
v 0.02530943 -0.04700000 -0.01582759
v 0.02530943 -0.04700000 -0.01371724
v 0.02530943 -0.04700000 -0.01160690
v 0.02530943 -0.04700000 -0.00949655
v 0.02530943 -0.04700000 -0.00738621
v 0.02530943 -0.04700000 -0.00527586
v 0.02530943 -0.04700000 -0.00316552
v 0.02530943 -0.04700000 -0.00105517
v 0.02530943 -0.04700000 0.00105517
v 0.02530943 -0.04700000 0.00316552
v 0.02530943 -0.04700000 0.00527586
v 0.02530943 -0.04700000 0.00738621
v 0.02530943 -0.04700000 0.00949655
v 0.02530943 -0.04700000 0.01160690
v 0.02530943 -0.04700000 0.01371724
v 0.02530943 -0.04700000 0.01582759
v 0.02530943 -0.04700000 0.01793793
v 0.02530943 -0.04673203 0.02004828
v 0.02530943 -0.04656585 0.02047762
v 0.02530943 -0.04580388 -0.02215862
v 0.02530943 -0.04404878 -0.02420008
v 0.02530943 -0.04580388 0.02215862
v 0.02530943 -0.04404878 0.02420008
v 0.02530943 -0.04395260 -0.02426897
v 0.02530943 -0.04153171 -0.02558135
v 0.02530943 -0.04395260 0.02426897
v 0.02530943 -0.04153171 0.02558135
v 0.02530943 -0.03901463 -0.02599999
v 0.02530943 -0.03901463 0.02599999
v 0.02530943 -0.03649756 -0.02600000
v 0.02530943 -0.03649756 0.02600000
v 0.02530943 -0.03398049 -0.02600000
v 0.02530943 -0.03398049 0.02600000
v 0.02530943 -0.03146341 -0.02600000
v 0.02530943 -0.03146341 0.02600000
v 0.02530943 -0.02894634 -0.02600000
v 0.02530943 -0.02894634 0.02600000
v 0.02530943 -0.02642927 -0.02600000
v 0.02530943 -0.02642927 0.02600000
v 0.02530943 -0.02391220 -0.02600000
v 0.02530943 -0.02391220 0.02600000
v 0.02530943 -0.02139512 -0.02600000
v 0.02530943 -0.02139512 0.02600000
v 0.02530943 -0.01887805 -0.02600000
v 0.02530943 -0.01887805 0.02600000
v 0.02530943 -0.01636098 -0.02600000
v 0.02530943 -0.01636098 0.02600000
v 0.02530943 -0.01384390 -0.02600000
v 0.02530943 -0.01384390 0.02600000
v 0.02530943 -0.01132683 -0.02600000
v 0.02530943 -0.01132683 0.02600000
v 0.02530943 -0.00880976 -0.02600000
v 0.02530943 -0.00880976 0.02600000
v 0.02530943 -0.00629268 -0.02600000
v 0.02530943 -0.00629268 0.02600000
v 0.02530943 -0.00377561 -0.02600000
v 0.02530943 -0.00377561 0.02600000
v 0.02530943 -0.00125854 -0.02600000
v 0.02530943 -0.00125854 0.02600000
v 0.02530943 0.00125854 -0.02600000
v 0.02530943 0.00125854 0.02600000
v 0.02530943 0.00377561 -0.02600000
v 0.02530943 0.00377561 0.02600000
v 0.02530943 0.00629268 -0.02600000
v 0.02530943 0.00629268 0.02600000
v 0.02530943 0.00880976 -0.02600000
v 0.02530943 0.00880976 0.02600000
v 0.02530943 0.01132683 -0.02600000
v 0.02530943 0.01132683 0.02600000
v 0.02530943 0.01384390 -0.02600000
v 0.02530943 0.01384390 0.02600000
v 0.02530943 0.01636098 -0.02600000
v 0.02530943 0.01636098 0.02600000
v 0.02530943 0.01887805 -0.02600000
v 0.02530943 0.01887805 0.02600000
v 0.02530943 0.02139512 -0.02600000
v 0.02530943 0.02139512 0.02600000
v 0.02530943 0.02391220 -0.02600000
v 0.02530943 0.02391220 0.02600000
v 0.02530943 0.02642927 -0.02600000
v 0.02530943 0.02642927 0.02600000
v 0.02530943 0.02894634 -0.02600000
v 0.02530943 0.02894634 0.02600000
v 0.02530943 0.03146341 -0.02600000
v 0.02530943 0.03146341 0.02600000
v 0.02530943 0.03398049 -0.02600000
v 0.02530943 0.03398049 0.02600000
v 0.02530943 0.03649756 -0.02600000
v 0.02530943 0.03649756 0.02600000
v 0.02530943 0.03901463 -0.02599999
v 0.02530943 0.03901463 0.02599999
v 0.02530943 0.04153171 -0.02558135
v 0.02530943 0.04153171 0.02558135
v 0.02530943 0.04395260 -0.02426897
v 0.02530943 0.04404878 -0.02420008
v 0.02530943 0.04404878 0.02420008
v 0.02530943 0.04395260 0.02426897
v 0.02530943 0.04580388 -0.02215862
v 0.02530943 0.04656585 -0.02047762
v 0.02530943 0.04656585 0.02047762
v 0.02530943 0.04580388 0.02215862
v 0.02530943 0.04673202 -0.02004828
v 0.02530943 0.04700000 -0.01793793
v 0.02530943 0.04700000 -0.01582759
v 0.02530943 0.04700000 -0.01371724
v 0.02530943 0.04700000 -0.01160690
v 0.02530943 0.04700000 -0.00949655
v 0.02530943 0.04700000 -0.00738621
v 0.02530943 0.04700000 -0.00527586
v 0.02530943 0.04700000 -0.00316552
v 0.02530943 0.04700000 -0.00105517
v 0.02530943 0.04700000 0.00105517
v 0.02530943 0.04700000 0.00316552
v 0.02530943 0.04700000 0.00527586
v 0.02530943 0.04700000 0.00738621
v 0.02530943 0.04700000 0.00949655
v 0.02530943 0.04700000 0.01160690
v 0.02530943 0.04700000 0.01371724
v 0.02530943 0.04700000 0.01582759
v 0.02530943 0.04700000 0.01793793
v 0.02530943 0.04673202 0.02004828
v 0.02797358 -0.04673203 -0.02004828
v 0.02797358 -0.04656585 -0.02047762
v 0.02797358 -0.04700000 -0.01793793
v 0.02797358 -0.04700000 -0.01582759
v 0.02797358 -0.04700000 -0.01371724
v 0.02797358 -0.04700000 -0.01160690
v 0.02797358 -0.04700000 -0.00949655
v 0.02797358 -0.04700000 -0.00738621
v 0.02797358 -0.04700000 -0.00527586
v 0.02797358 -0.04700000 -0.00316552
v 0.02797358 -0.04700000 -0.00105517
v 0.02797358 -0.04700000 0.00105517
v 0.02797358 -0.04700000 0.00316552
v 0.02797358 -0.04700000 0.00527586
v 0.02797358 -0.04700000 0.00738621
v 0.02797358 -0.04700000 0.00949655
v 0.02797358 -0.04700000 0.01160690
v 0.02797358 -0.04700000 0.01371724
v 0.02797358 -0.04700000 0.01582759
v 0.02797358 -0.04700000 0.01793793
v 0.02797358 -0.04673203 0.02004828
v 0.02797358 -0.04656585 0.02047762
v 0.02797358 -0.04580388 -0.02215862
v 0.02797358 -0.04404878 -0.02420008
v 0.02797358 -0.04580388 0.02215862
v 0.02797358 -0.04404878 0.02420008
v 0.02797358 -0.04395260 -0.02426897
v 0.02797358 -0.04153171 -0.02558135
v 0.02797358 -0.04395260 0.02426897
v 0.02797358 -0.04153171 0.02558135
v 0.02797358 -0.03901463 -0.02599999
v 0.02797358 -0.03901463 0.02599999
v 0.02797358 -0.03649756 -0.02600000
v 0.02797358 -0.03649756 0.02600000
v 0.02797358 -0.03398049 -0.02600000
v 0.02797358 -0.03398049 0.02600000
v 0.02797358 -0.03146341 -0.02600000
v 0.02797358 -0.03146341 0.02600000
v 0.02797358 -0.02894634 -0.02600000
v 0.02797358 -0.02894634 0.02600000
v 0.02797358 -0.02642927 -0.02600000
v 0.02797358 -0.02642927 0.02600000
v 0.02797358 -0.02391220 -0.02600000
v 0.02797358 -0.02391220 0.02600000
v 0.02797358 -0.02139512 -0.02600000
v 0.02797358 -0.02139512 0.02600000
v 0.02797358 -0.01887805 -0.02600000
v 0.02797358 -0.01887805 0.02600000
v 0.02797358 -0.01636098 -0.02600000
v 0.02797358 -0.01636098 0.02600000
v 0.02797358 -0.01384390 -0.02600000
v 0.02797358 -0.01384390 0.02600000
v 0.02797358 -0.01132683 -0.02600000
v 0.02797358 -0.01132683 0.02600000
v 0.02797358 -0.00880976 -0.02600000
v 0.02797358 -0.00880976 0.02600000
v 0.02797358 -0.00629268 -0.02600000
v 0.02797358 -0.00629268 0.02600000
v 0.02797358 -0.00377561 -0.02600000
v 0.02797358 -0.00377561 0.02600000
v 0.02797358 -0.00125854 -0.02600000
v 0.02797358 -0.00125854 0.02600000
v 0.02797358 0.00125854 -0.02600000
v 0.02797358 0.00125854 0.02600000
v 0.02797358 0.00377561 -0.02600000
v 0.02797358 0.00377561 0.02600000
v 0.02797358 0.00629268 -0.02600000
v 0.02797358 0.00629268 0.02600000
v 0.02797358 0.00880976 -0.02600000
v 0.02797358 0.00880976 0.02600000
v 0.02797358 0.01132683 -0.02600000
v 0.02797358 0.01132683 0.02600000
v 0.02797358 0.01384390 -0.02600000
v 0.02797358 0.01384390 0.02600000
v 0.02797358 0.01636098 -0.02600000
v 0.02797358 0.01636098 0.02600000
v 0.02797358 0.01887805 -0.02600000
v 0.02797358 0.01887805 0.02600000
v 0.02797358 0.02139512 -0.02600000
v 0.02797358 0.02139512 0.02600000
v 0.02797358 0.02391220 -0.02600000
v 0.02797358 0.02391220 0.02600000
v 0.02797358 0.02642927 -0.02600000
v 0.02797358 0.02642927 0.02600000
v 0.02797358 0.02894634 -0.02600000
v 0.02797358 0.02894634 0.02600000
v 0.02797358 0.03146341 -0.02600000
v 0.02797358 0.03146341 0.02600000
v 0.02797358 0.03398049 -0.02600000
v 0.02797358 0.03398049 0.02600000
v 0.02797358 0.03649756 -0.02600000
v 0.02797358 0.03649756 0.02600000
v 0.02797358 0.03901463 -0.02599999
v 0.02797358 0.03901463 0.02599999
v 0.02797358 0.04153171 -0.02558135
v 0.02797358 0.04153171 0.02558135
v 0.02797358 0.04395260 -0.02426897
v 0.02797358 0.04404878 -0.02420008
v 0.02797358 0.04404878 0.02420008
v 0.02797358 0.04395260 0.02426897
v 0.02797358 0.04580388 -0.02215862
v 0.02797358 0.04656585 -0.02047762
v 0.02797358 0.04656585 0.02047762
v 0.02797358 0.04580388 0.02215862
v 0.02797358 0.04673202 -0.02004828
v 0.02797358 0.04700000 -0.01793793
v 0.02797358 0.04700000 -0.01582759
v 0.02797358 0.04700000 -0.01371724
v 0.02797358 0.04700000 -0.01160690
v 0.02797358 0.04700000 -0.00949655
v 0.02797358 0.04700000 -0.00738621
v 0.02797358 0.04700000 -0.00527586
v 0.02797358 0.04700000 -0.00316552
v 0.02797358 0.04700000 -0.00105517
v 0.02797358 0.04700000 0.00105517
v 0.02797358 0.04700000 0.00316552
v 0.02797358 0.04700000 0.00527586
v 0.02797358 0.04700000 0.00738621
v 0.02797358 0.04700000 0.00949655
v 0.02797358 0.04700000 0.01160690
v 0.02797358 0.04700000 0.01371724
v 0.02797358 0.04700000 0.01582759
v 0.02797358 0.04700000 0.01793793
v 0.02797358 0.04673202 0.02004828
v 0.03063774 -0.04673203 -0.02004828
v 0.03063774 -0.04656585 -0.02047762
v 0.03063774 -0.04700000 -0.01793793
v 0.03063774 -0.04700000 -0.01582759
v 0.03063774 -0.04700000 -0.01371724
v 0.03063774 -0.04700000 -0.01160690
v 0.03063774 -0.04700000 -0.00949655
v 0.03063774 -0.04700000 -0.00738621
v 0.03063774 -0.04700000 -0.00527586
v 0.03063774 -0.04700000 -0.00316552
v 0.03063774 -0.04700000 -0.00105517
v 0.03063774 -0.04700000 0.00105517
v 0.03063774 -0.04700000 0.00316552
v 0.03063774 -0.04700000 0.00527586
v 0.03063774 -0.04700000 0.00738621
v 0.03063774 -0.04700000 0.00949655
v 0.03063774 -0.04700000 0.01160690
v 0.03063774 -0.04700000 0.01371724
v 0.03063774 -0.04700000 0.01582759
v 0.03063774 -0.04700000 0.01793793
v 0.03063774 -0.04673203 0.02004828
v 0.03063774 -0.04656585 0.02047762
v 0.03063774 -0.04580388 -0.02215862
v 0.03063774 -0.04404878 -0.02420008
v 0.03063774 -0.04580388 0.02215862
v 0.03063774 -0.04404878 0.02420008
v 0.03063774 -0.04395260 -0.02426897
v 0.03063774 -0.04153171 -0.02558135
v 0.03063774 -0.04395260 0.02426897
v 0.03063774 -0.04153171 0.02558135
v 0.03063774 -0.03901463 -0.02599999
v 0.03063774 -0.03901463 0.02599999
v 0.03063774 -0.03649756 -0.02600000
v 0.03063774 -0.03649756 0.02600000
v 0.03063774 -0.03398049 -0.02600000
v 0.03063774 -0.03398049 0.02600000
v 0.03063774 -0.03146341 -0.02600000
v 0.03063774 -0.03146341 0.02600000
v 0.03063774 -0.02894634 -0.02600000
v 0.03063774 -0.02894634 0.02600000
v 0.03063774 -0.02642927 -0.02600000
v 0.03063774 -0.02642927 0.02600000
v 0.03063774 -0.02391220 -0.02600000
v 0.03063774 -0.02391220 0.02600000
v 0.03063774 -0.02139512 -0.02600000
v 0.03063774 -0.02139512 0.02600000
v 0.03063774 -0.01887805 -0.02600000
v 0.03063774 -0.01887805 0.02600000
v 0.03063774 -0.01636098 -0.02600000
v 0.03063774 -0.01636098 0.02600000
v 0.03063774 -0.01384390 -0.02600000
v 0.03063774 -0.01384390 0.02600000
v 0.03063774 -0.01132683 -0.02600000
v 0.03063774 -0.01132683 0.02600000
v 0.03063774 -0.00880976 -0.02600000
v 0.03063774 -0.00880976 0.02600000
v 0.03063774 -0.00629268 -0.02600000
v 0.03063774 -0.00629268 0.02600000
v 0.03063774 -0.00377561 -0.02600000
v 0.03063774 -0.00377561 0.02600000
v 0.03063774 -0.00125854 -0.02600000
v 0.03063774 -0.00125854 0.02600000
v 0.03063774 0.00125854 -0.02600000
v 0.03063774 0.00125854 0.02600000
v 0.03063774 0.00377561 -0.02600000
v 0.03063774 0.00377561 0.02600000
v 0.03063774 0.00629268 -0.02600000
v 0.03063774 0.00629268 0.02600000
v 0.03063774 0.00880976 -0.02600000
v 0.03063774 0.00880976 0.02600000
v 0.03063774 0.01132683 -0.02600000
v 0.03063774 0.01132683 0.02600000
v 0.03063774 0.01384390 -0.02600000
v 0.03063774 0.01384390 0.02600000
v 0.03063774 0.01636098 -0.02600000
v 0.03063774 0.01636098 0.02600000
v 0.03063774 0.01887805 -0.02600000
v 0.03063774 0.01887805 0.02600000
v 0.03063774 0.02139512 -0.02600000
v 0.03063774 0.02139512 0.02600000
v 0.03063774 0.02391220 -0.02600000
v 0.03063774 0.02391220 0.02600000
v 0.03063774 0.02642927 -0.02600000
v 0.03063774 0.02642927 0.02600000
v 0.03063774 0.02894634 -0.02600000
v 0.03063774 0.02894634 0.02600000
v 0.03063774 0.03146341 -0.02600000
v 0.03063774 0.03146341 0.02600000
v 0.03063774 0.03398049 -0.02600000
v 0.03063774 0.03398049 0.02600000
v 0.03063774 0.03649756 -0.02600000
v 0.03063774 0.03649756 0.02600000
v 0.03063774 0.03901463 -0.02599999
v 0.03063774 0.03901463 0.02599999
v 0.03063774 0.04153171 -0.02558135
v 0.03063774 0.04153171 0.02558135
v 0.03063774 0.04395260 -0.02426897
v 0.03063774 0.04404878 -0.02420008
v 0.03063774 0.04404878 0.02420008
v 0.03063774 0.04395260 0.02426897
v 0.03063774 0.04580388 -0.02215862
v 0.03063774 0.04656585 -0.02047762
v 0.03063774 0.04656585 0.02047762
v 0.03063774 0.04580388 0.02215862
v 0.03063774 0.04673202 -0.02004828
v 0.03063774 0.04700000 -0.01793793
v 0.03063774 0.04700000 -0.01582759
v 0.03063774 0.04700000 -0.01371724
v 0.03063774 0.04700000 -0.01160690
v 0.03063774 0.04700000 -0.00949655
v 0.03063774 0.04700000 -0.00738621
v 0.03063774 0.04700000 -0.00527586
v 0.03063774 0.04700000 -0.00316552
v 0.03063774 0.04700000 -0.00105517
v 0.03063774 0.04700000 0.00105517
v 0.03063774 0.04700000 0.00316552
v 0.03063774 0.04700000 0.00527586
v 0.03063774 0.04700000 0.00738621
v 0.03063774 0.04700000 0.00949655
v 0.03063774 0.04700000 0.01160690
v 0.03063774 0.04700000 0.01371724
v 0.03063774 0.04700000 0.01582759
v 0.03063774 0.04700000 0.01793793
v 0.03063774 0.04673202 0.02004828
v 0.03330189 -0.04673203 -0.02004828
v 0.03330189 -0.04656585 -0.02047762
v 0.03330189 -0.04700000 -0.01793793
v 0.03330189 -0.04700000 -0.01582759
v 0.03330189 -0.04700000 -0.01371724
v 0.03330189 -0.04700000 -0.01160690
v 0.03330189 -0.04700000 -0.00949655
v 0.03330189 -0.04700000 -0.00738621
v 0.03330189 -0.04700000 -0.00527586
v 0.03330189 -0.04700000 -0.00316552
v 0.03330189 -0.04700000 -0.00105517
v 0.03330189 -0.04700000 0.00105517
v 0.03330189 -0.04700000 0.00316552
v 0.03330189 -0.04700000 0.00527586
v 0.03330189 -0.04700000 0.00738621
v 0.03330189 -0.04700000 0.00949655
v 0.03330189 -0.04700000 0.01160690
v 0.03330189 -0.04700000 0.01371724
v 0.03330189 -0.04700000 0.01582759
v 0.03330189 -0.04700000 0.01793793
v 0.03330189 -0.04673203 0.02004828
v 0.03330189 -0.04656585 0.02047762
v 0.03330189 -0.04580388 -0.02215862
v 0.03330189 -0.04404878 -0.02420008
v 0.03330189 -0.04580388 0.02215862
v 0.03330189 -0.04404878 0.02420008
v 0.03330189 -0.04395260 -0.02426897
v 0.03330189 -0.04153171 -0.02558135
v 0.03330189 -0.04395260 0.02426897
v 0.03330189 -0.04153171 0.02558135
v 0.03330189 -0.03901463 -0.02599999
v 0.03330189 -0.03901463 0.02599999
v 0.03330189 -0.03649756 -0.02600000
v 0.03330189 -0.03649756 0.02600000
v 0.03330189 -0.03398049 -0.02600000
v 0.03330189 -0.03398049 0.02600000
v 0.03330189 -0.03146341 -0.02600000
v 0.03330189 -0.03146341 0.02600000
v 0.03330189 -0.02894634 -0.02600000
v 0.03330189 -0.02894634 0.02600000
v 0.03330189 -0.02642927 -0.02600000
v 0.03330189 -0.02642927 0.02600000
v 0.03330189 -0.02391220 -0.02600000
v 0.03330189 -0.02391220 0.02600000
v 0.03330189 -0.02139512 -0.02600000
v 0.03330189 -0.02139512 0.02600000
v 0.03330189 -0.01887805 -0.02600000
v 0.03330189 -0.01887805 0.02600000
v 0.03330189 -0.01636098 -0.02600000
v 0.03330189 -0.01636098 0.02600000
v 0.03330189 -0.01384390 -0.02600000
v 0.03330189 -0.01384390 0.02600000
v 0.03330189 -0.01132683 -0.02600000
v 0.03330189 -0.01132683 0.02600000
v 0.03330189 -0.00880976 -0.02600000
v 0.03330189 -0.00880976 0.02600000
v 0.03330189 -0.00629268 -0.02600000
v 0.03330189 -0.00629268 0.02600000
v 0.03330189 -0.00377561 -0.02600000
v 0.03330189 -0.00377561 0.02600000
v 0.03330189 -0.00125854 -0.02600000
v 0.03330189 -0.00125854 0.02600000
v 0.03330189 0.00125854 -0.02600000
v 0.03330189 0.00125854 0.02600000
v 0.03330189 0.00377561 -0.02600000
v 0.03330189 0.00377561 0.02600000
v 0.03330189 0.00629268 -0.02600000
v 0.03330189 0.00629268 0.02600000
v 0.03330189 0.00880976 -0.02600000
v 0.03330189 0.00880976 0.02600000
v 0.03330189 0.01132683 -0.02600000
v 0.03330189 0.01132683 0.02600000
v 0.03330189 0.01384390 -0.02600000
v 0.03330189 0.01384390 0.02600000
v 0.03330189 0.01636098 -0.02600000
v 0.03330189 0.01636098 0.02600000
v 0.03330189 0.01887805 -0.02600000
v 0.03330189 0.01887805 0.02600000
v 0.03330189 0.02139512 -0.02600000
v 0.03330189 0.02139512 0.02600000
v 0.03330189 0.02391220 -0.02600000
v 0.03330189 0.02391220 0.02600000
v 0.03330189 0.02642927 -0.02600000
v 0.03330189 0.02642927 0.02600000
v 0.03330189 0.02894634 -0.02600000
v 0.03330189 0.02894634 0.02600000
v 0.03330189 0.03146341 -0.02600000
v 0.03330189 0.03146341 0.02600000
v 0.03330189 0.03398049 -0.02600000
v 0.03330189 0.03398049 0.02600000
v 0.03330189 0.03649756 -0.02600000
v 0.03330189 0.03649756 0.02600000
v 0.03330189 0.03901463 -0.02599999
v 0.03330189 0.03901463 0.02599999
v 0.03330189 0.04153171 -0.02558135
v 0.03330189 0.04153171 0.02558135
v 0.03330189 0.04395260 -0.02426897
v 0.03330189 0.04404878 -0.02420008
v 0.03330189 0.04404878 0.02420008
v 0.03330189 0.04395260 0.02426897
v 0.03330189 0.04580388 -0.02215862
v 0.03330189 0.04656585 -0.02047762
v 0.03330189 0.04656585 0.02047762
v 0.03330189 0.04580388 0.02215862
v 0.03330189 0.04673202 -0.02004828
v 0.03330189 0.04700000 -0.01793793
v 0.03330189 0.04700000 -0.01582759
v 0.03330189 0.04700000 -0.01371724
v 0.03330189 0.04700000 -0.01160690
v 0.03330189 0.04700000 -0.00949655
v 0.03330189 0.04700000 -0.00738621
v 0.03330189 0.04700000 -0.00527586
v 0.03330189 0.04700000 -0.00316552
v 0.03330189 0.04700000 -0.00105517
v 0.03330189 0.04700000 0.00105517
v 0.03330189 0.04700000 0.00316552
v 0.03330189 0.04700000 0.00527586
v 0.03330189 0.04700000 0.00738621
v 0.03330189 0.04700000 0.00949655
v 0.03330189 0.04700000 0.01160690
v 0.03330189 0.04700000 0.01371724
v 0.03330189 0.04700000 0.01582759
v 0.03330189 0.04700000 0.01793793
v 0.03330189 0.04673202 0.02004828
v 0.03596604 -0.04673203 -0.02004828
v 0.03596604 -0.04656585 -0.02047762
v 0.03596604 -0.04700000 -0.01793793
v 0.03596604 -0.04700000 -0.01582759
v 0.03596604 -0.04700000 -0.01371724
v 0.03596604 -0.04700000 -0.01160690
v 0.03596604 -0.04700000 -0.00949655
v 0.03596604 -0.04700000 -0.00738621
v 0.03596604 -0.04700000 -0.00527586
v 0.03596604 -0.04700000 -0.00316552
v 0.03596604 -0.04700000 -0.00105517
v 0.03596604 -0.04700000 0.00105517
v 0.03596604 -0.04700000 0.00316552
v 0.03596604 -0.04700000 0.00527586
v 0.03596604 -0.04700000 0.00738621
v 0.03596604 -0.04700000 0.00949655
v 0.03596604 -0.04700000 0.01160690
v 0.03596604 -0.04700000 0.01371724
v 0.03596604 -0.04700000 0.01582759
v 0.03596604 -0.04700000 0.01793793
v 0.03596604 -0.04673203 0.02004828
v 0.03596604 -0.04656585 0.02047762
v 0.03596604 -0.04580388 -0.02215862
v 0.03596604 -0.04404878 -0.02420008
v 0.03596604 -0.04580388 0.02215862
v 0.03596604 -0.04404878 0.02420008
v 0.03596604 -0.04395260 -0.02426897
v 0.03596604 -0.04153171 -0.02558135
v 0.03596604 -0.04395260 0.02426897
v 0.03596604 -0.04153171 0.02558135
v 0.03596604 -0.03901463 -0.02599999
v 0.03596604 -0.03901463 0.02599999
v 0.03596604 -0.03649756 -0.02600000
v 0.03596604 -0.03649756 0.02600000
v 0.03596604 -0.03398049 -0.02600000
v 0.03596604 -0.03398049 0.02600000
v 0.03596604 -0.03146341 -0.02600000
v 0.03596604 -0.03146341 0.02600000
v 0.03596604 -0.02894634 -0.02600000
v 0.03596604 -0.02894634 0.02600000
v 0.03596604 -0.02642927 -0.02600000
v 0.03596604 -0.02642927 0.02600000
v 0.03596604 -0.02391220 -0.02600000
v 0.03596604 -0.02391220 0.02600000
v 0.03596604 -0.02139512 -0.02600000
v 0.03596604 -0.02139512 0.02600000
v 0.03596604 -0.01887805 -0.02600000
v 0.03596604 -0.01887805 0.02600000
v 0.03596604 -0.01636098 -0.02600000
v 0.03596604 -0.01636098 0.02600000
v 0.03596604 -0.01384390 -0.02600000
v 0.03596604 -0.01384390 0.02600000
v 0.03596604 -0.01132683 -0.02600000
v 0.03596604 -0.01132683 0.02600000
v 0.03596604 -0.00880976 -0.02600000
v 0.03596604 -0.00880976 0.02600000
v 0.03596604 -0.00629268 -0.02600000
v 0.03596604 -0.00629268 0.02600000
v 0.03596604 -0.00377561 -0.02600000
v 0.03596604 -0.00377561 0.02600000
v 0.03596604 -0.00125854 -0.02600000
v 0.03596604 -0.00125854 0.02600000
v 0.03596604 0.00125854 -0.02600000
v 0.03596604 0.00125854 0.02600000
v 0.03596604 0.00377561 -0.02600000
v 0.03596604 0.00377561 0.02600000
v 0.03596604 0.00629268 -0.02600000
v 0.03596604 0.00629268 0.02600000
v 0.03596604 0.00880976 -0.02600000
v 0.03596604 0.00880976 0.02600000
v 0.03596604 0.01132683 -0.02600000
v 0.03596604 0.01132683 0.02600000
v 0.03596604 0.01384390 -0.02600000
v 0.03596604 0.01384390 0.02600000
v 0.03596604 0.01636098 -0.02600000
v 0.03596604 0.01636098 0.02600000
v 0.03596604 0.01887805 -0.02600000
v 0.03596604 0.01887805 0.02600000
v 0.03596604 0.02139512 -0.02600000
v 0.03596604 0.02139512 0.02600000
v 0.03596604 0.02391220 -0.02600000
v 0.03596604 0.02391220 0.02600000
v 0.03596604 0.02642927 -0.02600000
v 0.03596604 0.02642927 0.02600000
v 0.03596604 0.02894634 -0.02600000
v 0.03596604 0.02894634 0.02600000
v 0.03596604 0.03146341 -0.02600000
v 0.03596604 0.03146341 0.02600000
v 0.03596604 0.03398049 -0.02600000
v 0.03596604 0.03398049 0.02600000
v 0.03596604 0.03649756 -0.02600000
v 0.03596604 0.03649756 0.02600000
v 0.03596604 0.03901463 -0.02599999
v 0.03596604 0.03901463 0.02599999
v 0.03596604 0.04153171 -0.02558135
v 0.03596604 0.04153171 0.02558135
v 0.03596604 0.04395260 -0.02426897
v 0.03596604 0.04404878 -0.02420008
v 0.03596604 0.04404878 0.02420008
v 0.03596604 0.04395260 0.02426897
v 0.03596604 0.04580388 -0.02215862
v 0.03596604 0.04656585 -0.02047762
v 0.03596604 0.04656585 0.02047762
v 0.03596604 0.04580388 0.02215862
v 0.03596604 0.04673202 -0.02004828
v 0.03596604 0.04700000 -0.01793793
v 0.03596604 0.04700000 -0.01582759
v 0.03596604 0.04700000 -0.01371724
v 0.03596604 0.04700000 -0.01160690
v 0.03596604 0.04700000 -0.00949655
v 0.03596604 0.04700000 -0.00738621
v 0.03596604 0.04700000 -0.00527586
v 0.03596604 0.04700000 -0.00316552
v 0.03596604 0.04700000 -0.00105517
v 0.03596604 0.04700000 0.00105517
v 0.03596604 0.04700000 0.00316552
v 0.03596604 0.04700000 0.00527586
v 0.03596604 0.04700000 0.00738621
v 0.03596604 0.04700000 0.00949655
v 0.03596604 0.04700000 0.01160690
v 0.03596604 0.04700000 0.01371724
v 0.03596604 0.04700000 0.01582759
v 0.03596604 0.04700000 0.01793793
v 0.03596604 0.04673202 0.02004828
v 0.03863019 -0.04673203 -0.02004828
v 0.03863019 -0.04656585 -0.02047762
v 0.03863019 -0.04700000 -0.01793793
v 0.03863019 -0.04700000 -0.01582759
v 0.03863019 -0.04700000 -0.01371724
v 0.03863019 -0.04700000 -0.01160690
v 0.03863019 -0.04700000 -0.00949655
v 0.03863019 -0.04700000 -0.00738621
v 0.03863019 -0.04700000 -0.00527586
v 0.03863019 -0.04700000 -0.00316552
v 0.03863019 -0.04700000 -0.00105517
v 0.03863019 -0.04700000 0.00105517
v 0.03863019 -0.04700000 0.00316552
v 0.03863019 -0.04700000 0.00527586
v 0.03863019 -0.04700000 0.00738621
v 0.03863019 -0.04700000 0.00949655
v 0.03863019 -0.04700000 0.01160690
v 0.03863019 -0.04700000 0.01371724
v 0.03863019 -0.04700000 0.01582759
v 0.03863019 -0.04700000 0.01793793
v 0.03863019 -0.04673203 0.02004828
v 0.03863019 -0.04656585 0.02047762
v 0.03863019 -0.04580388 -0.02215862
v 0.03863019 -0.04404878 -0.02420008
v 0.03863019 -0.04580388 0.02215862
v 0.03863019 -0.04404878 0.02420008
v 0.03863019 -0.04395260 -0.02426897
v 0.03863019 -0.04153171 -0.02558135
v 0.03863019 -0.04395260 0.02426897
v 0.03863019 -0.04153171 0.02558135
v 0.03863019 -0.03901463 -0.02599999
v 0.03863019 -0.03901463 0.02599999
v 0.03863019 -0.03649756 -0.02600000
v 0.03863019 -0.03649756 0.02600000
v 0.03863019 -0.03398049 -0.02600000
v 0.03863019 -0.03398049 0.02600000
v 0.03863019 -0.03146341 -0.02600000
v 0.03863019 -0.03146341 0.02600000
v 0.03863019 -0.02894634 -0.02600000
v 0.03863019 -0.02894634 0.02600000
v 0.03863019 -0.02642927 -0.02600000
v 0.03863019 -0.02642927 0.02600000
v 0.03863019 -0.02391220 -0.02600000
v 0.03863019 -0.02391220 0.02600000
v 0.03863019 -0.02139512 -0.02600000
v 0.03863019 -0.02139512 0.02600000
v 0.03863019 -0.01887805 -0.02600000
v 0.03863019 -0.01887805 0.02600000
v 0.03863019 -0.01636098 -0.02600000
v 0.03863019 -0.01636098 0.02600000
v 0.03863019 -0.01384390 -0.02600000
v 0.03863019 -0.01384390 0.02600000
v 0.03863019 -0.01132683 -0.02600000
v 0.03863019 -0.01132683 0.02600000
v 0.03863019 -0.00880976 -0.02600000
v 0.03863019 -0.00880976 0.02600000
v 0.03863019 -0.00629268 -0.02600000
v 0.03863019 -0.00629268 0.02600000
v 0.03863019 -0.00377561 -0.02600000
v 0.03863019 -0.00377561 0.02600000
v 0.03863019 -0.00125854 -0.02600000
v 0.03863019 -0.00125854 0.02600000
v 0.03863019 0.00125854 -0.02600000
v 0.03863019 0.00125854 0.02600000
v 0.03863019 0.00377561 -0.02600000
v 0.03863019 0.00377561 0.02600000
v 0.03863019 0.00629268 -0.02600000
v 0.03863019 0.00629268 0.02600000
v 0.03863019 0.00880976 -0.02600000
v 0.03863019 0.00880976 0.02600000
v 0.03863019 0.01132683 -0.02600000
v 0.03863019 0.01132683 0.02600000
v 0.03863019 0.01384390 -0.02600000
v 0.03863019 0.01384390 0.02600000
v 0.03863019 0.01636098 -0.02600000
v 0.03863019 0.01636098 0.02600000
v 0.03863019 0.01887805 -0.02600000
v 0.03863019 0.01887805 0.02600000
v 0.03863019 0.02139512 -0.02600000
v 0.03863019 0.02139512 0.02600000
v 0.03863019 0.02391220 -0.02600000
v 0.03863019 0.02391220 0.02600000
v 0.03863019 0.02642927 -0.02600000
v 0.03863019 0.02642927 0.02600000
v 0.03863019 0.02894634 -0.02600000
v 0.03863019 0.02894634 0.02600000
v 0.03863019 0.03146341 -0.02600000
v 0.03863019 0.03146341 0.02600000
v 0.03863019 0.03398049 -0.02600000
v 0.03863019 0.03398049 0.02600000
v 0.03863019 0.03649756 -0.02600000
v 0.03863019 0.03649756 0.02600000
v 0.03863019 0.03901463 -0.02599999
v 0.03863019 0.03901463 0.02599999
v 0.03863019 0.04153171 -0.02558135
v 0.03863019 0.04153171 0.02558135
v 0.03863019 0.04395260 -0.02426897
v 0.03863019 0.04404878 -0.02420008
v 0.03863019 0.04404878 0.02420008
v 0.03863019 0.04395260 0.02426897
v 0.03863019 0.04580388 -0.02215862
v 0.03863019 0.04656585 -0.02047762
v 0.03863019 0.04656585 0.02047762
v 0.03863019 0.04580388 0.02215862
v 0.03863019 0.04673202 -0.02004828
v 0.03863019 0.04700000 -0.01793793
v 0.03863019 0.04700000 -0.01582759
v 0.03863019 0.04700000 -0.01371724
v 0.03863019 0.04700000 -0.01160690
v 0.03863019 0.04700000 -0.00949655
v 0.03863019 0.04700000 -0.00738621
v 0.03863019 0.04700000 -0.00527586
v 0.03863019 0.04700000 -0.00316552
v 0.03863019 0.04700000 -0.00105517
v 0.03863019 0.04700000 0.00105517
v 0.03863019 0.04700000 0.00316552
v 0.03863019 0.04700000 0.00527586
v 0.03863019 0.04700000 0.00738621
v 0.03863019 0.04700000 0.00949655
v 0.03863019 0.04700000 0.01160690
v 0.03863019 0.04700000 0.01371724
v 0.03863019 0.04700000 0.01582759
v 0.03863019 0.04700000 0.01793793
v 0.03863019 0.04673202 0.02004828
v 0.04129434 -0.04673203 -0.02004828
v 0.04129434 -0.04656585 -0.02047762
v 0.04129434 -0.04700000 -0.01793793
v 0.04129434 -0.04700000 -0.01582759
v 0.04129434 -0.04700000 -0.01371724
v 0.04129434 -0.04700000 -0.01160690
v 0.04129434 -0.04700000 -0.00949655
v 0.04129434 -0.04700000 -0.00738621
v 0.04129434 -0.04700000 -0.00527586
v 0.04129434 -0.04700000 -0.00316552
v 0.04129434 -0.04700000 -0.00105517
v 0.04129434 -0.04700000 0.00105517
v 0.04129434 -0.04700000 0.00316552
v 0.04129434 -0.04700000 0.00527586
v 0.04129434 -0.04700000 0.00738621
v 0.04129434 -0.04700000 0.00949655
v 0.04129434 -0.04700000 0.01160690
v 0.04129434 -0.04700000 0.01371724
v 0.04129434 -0.04700000 0.01582759
v 0.04129434 -0.04700000 0.01793793
v 0.04129434 -0.04673203 0.02004828
v 0.04129434 -0.04656585 0.02047762
v 0.04129434 -0.04580388 -0.02215862
v 0.04129434 -0.04404878 -0.02420008
v 0.04129434 -0.04580388 0.02215862
v 0.04129434 -0.04404878 0.02420008
v 0.04129434 -0.04395260 -0.02426897
v 0.04129434 -0.04153171 -0.02558135
v 0.04129434 -0.04395260 0.02426897
v 0.04129434 -0.04153171 0.02558135
v 0.04129434 -0.03901463 -0.02599999
v 0.04129434 -0.03901463 0.02599999
v 0.04129434 -0.03649756 -0.02600000
v 0.04129434 -0.03649756 0.02600000
v 0.04129434 -0.03398049 -0.02600000
v 0.04129434 -0.03398049 0.02600000
v 0.04129434 -0.03146341 -0.02600000
v 0.04129434 -0.03146341 0.02600000
v 0.04129434 -0.02894634 -0.02600000
v 0.04129434 -0.02894634 0.02600000
v 0.04129434 -0.02642927 -0.02600000
v 0.04129434 -0.02642927 0.02600000
v 0.04129434 -0.02391220 -0.02600000
v 0.04129434 -0.02391220 0.02600000
v 0.04129434 -0.02139512 -0.02600000
v 0.04129434 -0.02139512 0.02600000
v 0.04129434 -0.01887805 -0.02600000
v 0.04129434 -0.01887805 0.02600000
v 0.04129434 -0.01636098 -0.02600000
v 0.04129434 -0.01636098 0.02600000
v 0.04129434 -0.01384390 -0.02600000
v 0.04129434 -0.01384390 0.02600000
v 0.04129434 -0.01132683 -0.02600000
v 0.04129434 -0.01132683 0.02600000
v 0.04129434 -0.00880976 -0.02600000
v 0.04129434 -0.00880976 0.02600000
v 0.04129434 -0.00629268 -0.02600000
v 0.04129434 -0.00629268 0.02600000
v 0.04129434 -0.00377561 -0.02600000
v 0.04129434 -0.00377561 0.02600000
v 0.04129434 -0.00125854 -0.02600000
v 0.04129434 -0.00125854 0.02600000
v 0.04129434 0.00125854 -0.02600000
v 0.04129434 0.00125854 0.02600000
v 0.04129434 0.00377561 -0.02600000
v 0.04129434 0.00377561 0.02600000
v 0.04129434 0.00629268 -0.02600000
v 0.04129434 0.00629268 0.02600000
v 0.04129434 0.00880976 -0.02600000
v 0.04129434 0.00880976 0.02600000
v 0.04129434 0.01132683 -0.02600000
v 0.04129434 0.01132683 0.02600000
v 0.04129434 0.01384390 -0.02600000
v 0.04129434 0.01384390 0.02600000
v 0.04129434 0.01636098 -0.02600000
v 0.04129434 0.01636098 0.02600000
v 0.04129434 0.01887805 -0.02600000
v 0.04129434 0.01887805 0.02600000
v 0.04129434 0.02139512 -0.02600000
v 0.04129434 0.02139512 0.02600000
v 0.04129434 0.02391220 -0.02600000
v 0.04129434 0.02391220 0.02600000
v 0.04129434 0.02642927 -0.02600000
v 0.04129434 0.02642927 0.02600000
v 0.04129434 0.02894634 -0.02600000
v 0.04129434 0.02894634 0.02600000
v 0.04129434 0.03146341 -0.02600000
v 0.04129434 0.03146341 0.02600000
v 0.04129434 0.03398049 -0.02600000
v 0.04129434 0.03398049 0.02600000
v 0.04129434 0.03649756 -0.02600000
v 0.04129434 0.03649756 0.02600000
v 0.04129434 0.03901463 -0.02599999
v 0.04129434 0.03901463 0.02599999
v 0.04129434 0.04153171 -0.02558135
v 0.04129434 0.04153171 0.02558135
v 0.04129434 0.04395260 -0.02426897
v 0.04129434 0.04404878 -0.02420008
v 0.04129434 0.04404878 0.02420008
v 0.04129434 0.04395260 0.02426897
v 0.04129434 0.04580388 -0.02215862
v 0.04129434 0.04656585 -0.02047762
v 0.04129434 0.04656585 0.02047762
v 0.04129434 0.04580388 0.02215862
v 0.04129434 0.04673202 -0.02004828
v 0.04129434 0.04700000 -0.01793793
v 0.04129434 0.04700000 -0.01582759
v 0.04129434 0.04700000 -0.01371724
v 0.04129434 0.04700000 -0.01160690
v 0.04129434 0.04700000 -0.00949655
v 0.04129434 0.04700000 -0.00738621
v 0.04129434 0.04700000 -0.00527586
v 0.04129434 0.04700000 -0.00316552
v 0.04129434 0.04700000 -0.00105517
v 0.04129434 0.04700000 0.00105517
v 0.04129434 0.04700000 0.00316552
v 0.04129434 0.04700000 0.00527586
v 0.04129434 0.04700000 0.00738621
v 0.04129434 0.04700000 0.00949655
v 0.04129434 0.04700000 0.01160690
v 0.04129434 0.04700000 0.01371724
v 0.04129434 0.04700000 0.01582759
v 0.04129434 0.04700000 0.01793793
v 0.04129434 0.04673202 0.02004828
v 0.04395849 -0.04673203 -0.02004828
v 0.04395849 -0.04656585 -0.02047762
v 0.04395849 -0.04700000 -0.01793793
v 0.04395849 -0.04700000 -0.01582759
v 0.04395849 -0.04700000 -0.01371724
v 0.04395849 -0.04700000 -0.01160690
v 0.04395849 -0.04700000 -0.00949655
v 0.04395849 -0.04700000 -0.00738621
v 0.04395849 -0.04700000 -0.00527586
v 0.04395849 -0.04700000 -0.00316552
v 0.04395849 -0.04700000 -0.00105517
v 0.04395849 -0.04700000 0.00105517
v 0.04395849 -0.04700000 0.00316552
v 0.04395849 -0.04700000 0.00527586
v 0.04395849 -0.04700000 0.00738621
v 0.04395849 -0.04700000 0.00949655
v 0.04395849 -0.04700000 0.01160690
v 0.04395849 -0.04700000 0.01371724
v 0.04395849 -0.04700000 0.01582759
v 0.04395849 -0.04700000 0.01793793
v 0.04395849 -0.04673203 0.02004828
v 0.04395849 -0.04656585 0.02047762
v 0.04395849 -0.04580388 -0.02215862
v 0.04395849 -0.04404878 -0.02420008
v 0.04395849 -0.04580388 0.02215862
v 0.04395849 -0.04404878 0.02420008
v 0.04395849 -0.04395260 -0.02426897
v 0.04395849 -0.04153171 -0.02558135
v 0.04395849 -0.04395260 0.02426897
v 0.04395849 -0.04153171 0.02558135
v 0.04395849 -0.03901463 -0.02599999
v 0.04395849 -0.03901463 0.02599999
v 0.04395849 -0.03649756 -0.02600000
v 0.04395849 -0.03649756 0.02600000
v 0.04395849 -0.03398049 -0.02600000
v 0.04395849 -0.03398049 0.02600000
v 0.04395849 -0.03146341 -0.02600000
v 0.04395849 -0.03146341 0.02600000
v 0.04395849 -0.02894634 -0.02600000
v 0.04395849 -0.02894634 0.02600000
v 0.04395849 -0.02642927 -0.02600000
v 0.04395849 -0.02642927 0.02600000
v 0.04395849 -0.02391220 -0.02600000
v 0.04395849 -0.02391220 0.02600000
v 0.04395849 -0.02139512 -0.02600000
v 0.04395849 -0.02139512 0.02600000
v 0.04395849 -0.01887805 -0.02600000
v 0.04395849 -0.01887805 0.02600000
v 0.04395849 -0.01636098 -0.02600000
v 0.04395849 -0.01636098 0.02600000
v 0.04395849 -0.01384390 -0.02600000
v 0.04395849 -0.01384390 0.02600000
v 0.04395849 -0.01132683 -0.02600000
v 0.04395849 -0.01132683 0.02600000
v 0.04395849 -0.00880976 -0.02600000
v 0.04395849 -0.00880976 0.02600000
v 0.04395849 -0.00629268 -0.02600000
v 0.04395849 -0.00629268 0.02600000
v 0.04395849 -0.00377561 -0.02600000
v 0.04395849 -0.00377561 0.02600000
v 0.04395849 -0.00125854 -0.02600000
v 0.04395849 -0.00125854 0.02600000
v 0.04395849 0.00125854 -0.02600000
v 0.04395849 0.00125854 0.02600000
v 0.04395849 0.00377561 -0.02600000
v 0.04395849 0.00377561 0.02600000
v 0.04395849 0.00629268 -0.02600000
v 0.04395849 0.00629268 0.02600000
v 0.04395849 0.00880976 -0.02600000
v 0.04395849 0.00880976 0.02600000
v 0.04395849 0.01132683 -0.02600000
v 0.04395849 0.01132683 0.02600000
v 0.04395849 0.01384390 -0.02600000
v 0.04395849 0.01384390 0.02600000
v 0.04395849 0.01636098 -0.02600000
v 0.04395849 0.01636098 0.02600000
v 0.04395849 0.01887805 -0.02600000
v 0.04395849 0.01887805 0.02600000
v 0.04395849 0.02139512 -0.02600000
v 0.04395849 0.02139512 0.02600000
v 0.04395849 0.02391220 -0.02600000
v 0.04395849 0.02391220 0.02600000
v 0.04395849 0.02642927 -0.02600000
v 0.04395849 0.02642927 0.02600000
v 0.04395849 0.02894634 -0.02600000
v 0.04395849 0.02894634 0.02600000
v 0.04395849 0.03146341 -0.02600000
v 0.04395849 0.03146341 0.02600000
v 0.04395849 0.03398049 -0.02600000
v 0.04395849 0.03398049 0.02600000
v 0.04395849 0.03649756 -0.02600000
v 0.04395849 0.03649756 0.02600000
v 0.04395849 0.03901463 -0.02599999
v 0.04395849 0.03901463 0.02599999
v 0.04395849 0.04153171 -0.02558135
v 0.04395849 0.04153171 0.02558135
v 0.04395849 0.04395260 -0.02426897
v 0.04395849 0.04404878 -0.02420008
v 0.04395849 0.04404878 0.02420008
v 0.04395849 0.04395260 0.02426897
v 0.04395849 0.04580388 -0.02215862
v 0.04395849 0.04656585 -0.02047762
v 0.04395849 0.04656585 0.02047762
v 0.04395849 0.04580388 0.02215862
v 0.04395849 0.04673202 -0.02004828
v 0.04395849 0.04700000 -0.01793793
v 0.04395849 0.04700000 -0.01582759
v 0.04395849 0.04700000 -0.01371724
v 0.04395849 0.04700000 -0.01160690
v 0.04395849 0.04700000 -0.00949655
v 0.04395849 0.04700000 -0.00738621
v 0.04395849 0.04700000 -0.00527586
v 0.04395849 0.04700000 -0.00316552
v 0.04395849 0.04700000 -0.00105517
v 0.04395849 0.04700000 0.00105517
v 0.04395849 0.04700000 0.00316552
v 0.04395849 0.04700000 0.00527586
v 0.04395849 0.04700000 0.00738621
v 0.04395849 0.04700000 0.00949655
v 0.04395849 0.04700000 0.01160690
v 0.04395849 0.04700000 0.01371724
v 0.04395849 0.04700000 0.01582759
v 0.04395849 0.04700000 0.01793793
v 0.04395849 0.04673202 0.02004828
v 0.04662264 -0.04673203 -0.02004828
v 0.04662264 -0.04656585 -0.02047762
v 0.04662264 -0.04700000 -0.01793793
v 0.04662264 -0.04700000 -0.01582759
v 0.04662264 -0.04700000 -0.01371724
v 0.04662264 -0.04700000 -0.01160690
v 0.04662264 -0.04700000 -0.00949655
v 0.04662264 -0.04700000 -0.00738621
v 0.04662264 -0.04700000 -0.00527586
v 0.04662264 -0.04700000 -0.00316552
v 0.04662264 -0.04700000 -0.00105517
v 0.04662264 -0.04700000 0.00105517
v 0.04662264 -0.04700000 0.00316552
v 0.04662264 -0.04700000 0.00527586
v 0.04662264 -0.04700000 0.00738621
v 0.04662264 -0.04700000 0.00949655
v 0.04662264 -0.04700000 0.01160690
v 0.04662264 -0.04700000 0.01371724
v 0.04662264 -0.04700000 0.01582759
v 0.04662264 -0.04700000 0.01793793
v 0.04662264 -0.04673203 0.02004828
v 0.04662264 -0.04656585 0.02047762
v 0.04662264 -0.04580388 -0.02215862
v 0.04662264 -0.04404878 -0.02420008
v 0.04662264 -0.04580388 0.02215862
v 0.04662264 -0.04404878 0.02420008
v 0.04662264 -0.04395260 -0.02426897
v 0.04662264 -0.04153171 -0.02558135
v 0.04662264 -0.04395260 0.02426897
v 0.04662264 -0.04153171 0.02558135
v 0.04662264 -0.03901463 -0.02599999
v 0.04662264 -0.03901463 0.02599999
v 0.04662264 -0.03649756 -0.02600000
v 0.04662264 -0.03649756 0.02600000
v 0.04662264 -0.03398049 -0.02600000
v 0.04662264 -0.03398049 0.02600000
v 0.04662264 -0.03146341 -0.02600000
v 0.04662264 -0.03146341 0.02600000
v 0.04662264 -0.02894634 -0.02600000
v 0.04662264 -0.02894634 0.02600000
v 0.04662264 -0.02642927 -0.02600000
v 0.04662264 -0.02642927 0.02600000
v 0.04662264 -0.02391220 -0.02600000
v 0.04662264 -0.02391220 0.02600000
v 0.04662264 -0.02139512 -0.02600000
v 0.04662264 -0.02139512 0.02600000
v 0.04662264 -0.01887805 -0.02600000
v 0.04662264 -0.01887805 0.02600000
v 0.04662264 -0.01636098 -0.02600000
v 0.04662264 -0.01636098 0.02600000
v 0.04662264 -0.01384390 -0.02600000
v 0.04662264 -0.01384390 0.02600000
v 0.04662264 -0.01132683 -0.02600000
v 0.04662264 -0.01132683 0.02600000
v 0.04662264 -0.00880976 -0.02600000
v 0.04662264 -0.00880976 0.02600000
v 0.04662264 -0.00629268 -0.02600000
v 0.04662264 -0.00629268 0.02600000
v 0.04662264 -0.00377561 -0.02600000
v 0.04662264 -0.00377561 0.02600000
v 0.04662264 -0.00125854 -0.02600000
v 0.04662264 -0.00125854 0.02600000
v 0.04662264 0.00125854 -0.02600000
v 0.04662264 0.00125854 0.02600000
v 0.04662264 0.00377561 -0.02600000
v 0.04662264 0.00377561 0.02600000
v 0.04662264 0.00629268 -0.02600000
v 0.04662264 0.00629268 0.02600000
v 0.04662264 0.00880976 -0.02600000
v 0.04662264 0.00880976 0.02600000
v 0.04662264 0.01132683 -0.02600000
v 0.04662264 0.01132683 0.02600000
v 0.04662264 0.01384390 -0.02600000
v 0.04662264 0.01384390 0.02600000
v 0.04662264 0.01636098 -0.02600000
v 0.04662264 0.01636098 0.02600000
v 0.04662264 0.01887805 -0.02600000
v 0.04662264 0.01887805 0.02600000
v 0.04662264 0.02139512 -0.02600000
v 0.04662264 0.02139512 0.02600000
v 0.04662264 0.02391220 -0.02600000
v 0.04662264 0.02391220 0.02600000
v 0.04662264 0.02642927 -0.02600000
v 0.04662264 0.02642927 0.02600000
v 0.04662264 0.02894634 -0.02600000
v 0.04662264 0.02894634 0.02600000
v 0.04662264 0.03146341 -0.02600000
v 0.04662264 0.03146341 0.02600000
v 0.04662264 0.03398049 -0.02600000
v 0.04662264 0.03398049 0.02600000
v 0.04662264 0.03649756 -0.02600000
v 0.04662264 0.03649756 0.02600000
v 0.04662264 0.03901463 -0.02599999
v 0.04662264 0.03901463 0.02599999
v 0.04662264 0.04153171 -0.02558135
v 0.04662264 0.04153171 0.02558135
v 0.04662264 0.04395260 -0.02426897
v 0.04662264 0.04404878 -0.02420008
v 0.04662264 0.04404878 0.02420008
v 0.04662264 0.04395260 0.02426897
v 0.04662264 0.04580388 -0.02215862
v 0.04662264 0.04656585 -0.02047762
v 0.04662264 0.04656585 0.02047762
v 0.04662264 0.04580388 0.02215862
v 0.04662264 0.04673202 -0.02004828
v 0.04662264 0.04700000 -0.01793793
v 0.04662264 0.04700000 -0.01582759
v 0.04662264 0.04700000 -0.01371724
v 0.04662264 0.04700000 -0.01160690
v 0.04662264 0.04700000 -0.00949655
v 0.04662264 0.04700000 -0.00738621
v 0.04662264 0.04700000 -0.00527586
v 0.04662264 0.04700000 -0.00316552
v 0.04662264 0.04700000 -0.00105517
v 0.04662264 0.04700000 0.00105517
v 0.04662264 0.04700000 0.00316552
v 0.04662264 0.04700000 0.00527586
v 0.04662264 0.04700000 0.00738621
v 0.04662264 0.04700000 0.00949655
v 0.04662264 0.04700000 0.01160690
v 0.04662264 0.04700000 0.01371724
v 0.04662264 0.04700000 0.01582759
v 0.04662264 0.04700000 0.01793793
v 0.04662264 0.04673202 0.02004828
v 0.04928679 -0.04673203 -0.02004828
v 0.04928679 -0.04656585 -0.02047762
v 0.04928679 -0.04700000 -0.01793793
v 0.04928679 -0.04700000 -0.01582759
v 0.04928679 -0.04700000 -0.01371724
v 0.04928679 -0.04700000 -0.01160690
v 0.04928679 -0.04700000 -0.00949655
v 0.04928679 -0.04700000 -0.00738621
v 0.04928679 -0.04700000 -0.00527586
v 0.04928679 -0.04700000 -0.00316552
v 0.04928679 -0.04700000 -0.00105517
v 0.04928679 -0.04700000 0.00105517
v 0.04928679 -0.04700000 0.00316552
v 0.04928679 -0.04700000 0.00527586
v 0.04928679 -0.04700000 0.00738621
v 0.04928679 -0.04700000 0.00949655
v 0.04928679 -0.04700000 0.01160690
v 0.04928679 -0.04700000 0.01371724
v 0.04928679 -0.04700000 0.01582759
v 0.04928679 -0.04700000 0.01793793
v 0.04928679 -0.04673203 0.02004828
v 0.04928679 -0.04656585 0.02047762
v 0.04928679 -0.04580388 -0.02215862
v 0.04928679 -0.04404878 -0.02420008
v 0.04928679 -0.04580388 0.02215862
v 0.04928679 -0.04404878 0.02420008
v 0.04928679 -0.04395260 -0.02426897
v 0.04928679 -0.04153171 -0.02558135
v 0.04928679 -0.04395260 0.02426897
v 0.04928679 -0.04153171 0.02558135
v 0.04928679 -0.03901463 -0.02599999
v 0.04928679 -0.03901463 0.02599999
v 0.04928679 -0.03649756 -0.02600000
v 0.04928679 -0.03649756 0.02600000
v 0.04928679 -0.03398049 -0.02600000
v 0.04928679 -0.03398049 0.02600000
v 0.04928679 -0.03146341 -0.02600000
v 0.04928679 -0.03146341 0.02600000
v 0.04928679 -0.02894634 -0.02600000
v 0.04928679 -0.02894634 0.02600000
v 0.04928679 -0.02642927 -0.02600000
v 0.04928679 -0.02642927 0.02600000
v 0.04928679 -0.02391220 -0.02600000
v 0.04928679 -0.02391220 0.02600000
v 0.04928679 -0.02139512 -0.02600000
v 0.04928679 -0.02139512 0.02600000
v 0.04928679 -0.01887805 -0.02600000
v 0.04928679 -0.01887805 0.02600000
v 0.04928679 -0.01636098 -0.02600000
v 0.04928679 -0.01636098 0.02600000
v 0.04928679 -0.01384390 -0.02600000
v 0.04928679 -0.01384390 0.02600000
v 0.04928679 -0.01132683 -0.02600000
v 0.04928679 -0.01132683 0.02600000
v 0.04928679 -0.00880976 -0.02600000
v 0.04928679 -0.00880976 0.02600000
v 0.04928679 -0.00629268 -0.02600000
v 0.04928679 -0.00629268 0.02600000
v 0.04928679 -0.00377561 -0.02600000
v 0.04928679 -0.00377561 0.02600000
v 0.04928679 -0.00125854 -0.02600000
v 0.04928679 -0.00125854 0.02600000
v 0.04928679 0.00125854 -0.02600000
v 0.04928679 0.00125854 0.02600000
v 0.04928679 0.00377561 -0.02600000
v 0.04928679 0.00377561 0.02600000
v 0.04928679 0.00629268 -0.02600000
v 0.04928679 0.00629268 0.02600000
v 0.04928679 0.00880976 -0.02600000
v 0.04928679 0.00880976 0.02600000
v 0.04928679 0.01132683 -0.02600000
v 0.04928679 0.01132683 0.02600000
v 0.04928679 0.01384390 -0.02600000
v 0.04928679 0.01384390 0.02600000
v 0.04928679 0.01636098 -0.02600000
v 0.04928679 0.01636098 0.02600000
v 0.04928679 0.01887805 -0.02600000
v 0.04928679 0.01887805 0.02600000
v 0.04928679 0.02139512 -0.02600000
v 0.04928679 0.02139512 0.02600000
v 0.04928679 0.02391220 -0.02600000
v 0.04928679 0.02391220 0.02600000
v 0.04928679 0.02642927 -0.02600000
v 0.04928679 0.02642927 0.02600000
v 0.04928679 0.02894634 -0.02600000
v 0.04928679 0.02894634 0.02600000
v 0.04928679 0.03146341 -0.02600000
v 0.04928679 0.03146341 0.02600000
v 0.04928679 0.03398049 -0.02600000
v 0.04928679 0.03398049 0.02600000
v 0.04928679 0.03649756 -0.02600000
v 0.04928679 0.03649756 0.02600000
v 0.04928679 0.03901463 -0.02599999
v 0.04928679 0.03901463 0.02599999
v 0.04928679 0.04153171 -0.02558135
v 0.04928679 0.04153171 0.02558135
v 0.04928679 0.04395260 -0.02426897
v 0.04928679 0.04404878 -0.02420008
v 0.04928679 0.04404878 0.02420008
v 0.04928679 0.04395260 0.02426897
v 0.04928679 0.04580388 -0.02215862
v 0.04928679 0.04656585 -0.02047762
v 0.04928679 0.04656585 0.02047762
v 0.04928679 0.04580388 0.02215862
v 0.04928679 0.04673202 -0.02004828
v 0.04928679 0.04700000 -0.01793793
v 0.04928679 0.04700000 -0.01582759
v 0.04928679 0.04700000 -0.01371724
v 0.04928679 0.04700000 -0.01160690
v 0.04928679 0.04700000 -0.00949655
v 0.04928679 0.04700000 -0.00738621
v 0.04928679 0.04700000 -0.00527586
v 0.04928679 0.04700000 -0.00316552
v 0.04928679 0.04700000 -0.00105517
v 0.04928679 0.04700000 0.00105517
v 0.04928679 0.04700000 0.00316552
v 0.04928679 0.04700000 0.00527586
v 0.04928679 0.04700000 0.00738621
v 0.04928679 0.04700000 0.00949655
v 0.04928679 0.04700000 0.01160690
v 0.04928679 0.04700000 0.01371724
v 0.04928679 0.04700000 0.01582759
v 0.04928679 0.04700000 0.01793793
v 0.04928679 0.04673202 0.02004828
v 0.05195094 -0.04673203 -0.02004828
v 0.05195094 -0.04656585 -0.02047762
v 0.05195094 -0.04700000 -0.01793793
v 0.05195094 -0.04700000 -0.01582759
v 0.05195094 -0.04700000 -0.01371724
v 0.05195094 -0.04700000 -0.01160690
v 0.05195094 -0.04700000 -0.00949655
v 0.05195094 -0.04700000 -0.00738621
v 0.05195094 -0.04700000 -0.00527586
v 0.05195094 -0.04700000 -0.00316552
v 0.05195094 -0.04700000 -0.00105517
v 0.05195094 -0.04700000 0.00105517
v 0.05195094 -0.04700000 0.00316552
v 0.05195094 -0.04700000 0.00527586
v 0.05195094 -0.04700000 0.00738621
v 0.05195094 -0.04700000 0.00949655
v 0.05195094 -0.04700000 0.01160690
v 0.05195094 -0.04700000 0.01371724
v 0.05195094 -0.04700000 0.01582759
v 0.05195094 -0.04700000 0.01793793
v 0.05195094 -0.04673203 0.02004828
v 0.05195094 -0.04656585 0.02047762
v 0.05195094 -0.04580388 -0.02215862
v 0.05195094 -0.04404878 -0.02420008
v 0.05195094 -0.04580388 0.02215862
v 0.05195094 -0.04404878 0.02420008
v 0.05195094 -0.04395260 -0.02426897
v 0.05195094 -0.04153171 -0.02558135
v 0.05195094 -0.04395260 0.02426897
v 0.05195094 -0.04153171 0.02558135
v 0.05195094 -0.03901463 -0.02599999
v 0.05195094 -0.03901463 0.02599999
v 0.05195094 -0.03649756 -0.02600000
v 0.05195094 -0.03649756 0.02600000
v 0.05195094 -0.03398049 -0.02600000
v 0.05195094 -0.03398049 0.02600000
v 0.05195094 -0.03146341 -0.02600000
v 0.05195094 -0.03146341 0.02600000
v 0.05195094 -0.02894634 -0.02600000
v 0.05195094 -0.02894634 0.02600000
v 0.05195094 -0.02642927 -0.02600000
v 0.05195094 -0.02642927 0.02600000
v 0.05195094 -0.02391220 -0.02600000
v 0.05195094 -0.02391220 0.02600000
v 0.05195094 -0.02139512 -0.02600000
v 0.05195094 -0.02139512 0.02600000
v 0.05195094 -0.01887805 -0.02600000
v 0.05195094 -0.01887805 0.02600000
v 0.05195094 -0.01636098 -0.02600000
v 0.05195094 -0.01636098 0.02600000
v 0.05195094 -0.01384390 -0.02600000
v 0.05195094 -0.01384390 0.02600000
v 0.05195094 -0.01132683 -0.02600000
v 0.05195094 -0.01132683 0.02600000
v 0.05195094 -0.00880976 -0.02600000
v 0.05195094 -0.00880976 0.02600000
v 0.05195094 -0.00629268 -0.02600000
v 0.05195094 -0.00629268 0.02600000
v 0.05195094 -0.00377561 -0.02600000
v 0.05195094 -0.00377561 0.02600000
v 0.05195094 -0.00125854 -0.02600000
v 0.05195094 -0.00125854 0.02600000
v 0.05195094 0.00125854 -0.02600000
v 0.05195094 0.00125854 0.02600000
v 0.05195094 0.00377561 -0.02600000
v 0.05195094 0.00377561 0.02600000
v 0.05195094 0.00629268 -0.02600000
v 0.05195094 0.00629268 0.02600000
v 0.05195094 0.00880976 -0.02600000
v 0.05195094 0.00880976 0.02600000
v 0.05195094 0.01132683 -0.02600000
v 0.05195094 0.01132683 0.02600000
v 0.05195094 0.01384390 -0.02600000
v 0.05195094 0.01384390 0.02600000
v 0.05195094 0.01636098 -0.02600000
v 0.05195094 0.01636098 0.02600000
v 0.05195094 0.01887805 -0.02600000
v 0.05195094 0.01887805 0.02600000
v 0.05195094 0.02139512 -0.02600000
v 0.05195094 0.02139512 0.02600000
v 0.05195094 0.02391220 -0.02600000
v 0.05195094 0.02391220 0.02600000
v 0.05195094 0.02642927 -0.02600000
v 0.05195094 0.02642927 0.02600000
v 0.05195094 0.02894634 -0.02600000
v 0.05195094 0.02894634 0.02600000
v 0.05195094 0.03146341 -0.02600000
v 0.05195094 0.03146341 0.02600000
v 0.05195094 0.03398049 -0.02600000
v 0.05195094 0.03398049 0.02600000
v 0.05195094 0.03649756 -0.02600000
v 0.05195094 0.03649756 0.02600000
v 0.05195094 0.03901463 -0.02599999
v 0.05195094 0.03901463 0.02599999
v 0.05195094 0.04153171 -0.02558135
v 0.05195094 0.04153171 0.02558135
v 0.05195094 0.04395260 -0.02426897
v 0.05195094 0.04404878 -0.02420008
v 0.05195094 0.04404878 0.02420008
v 0.05195094 0.04395260 0.02426897
v 0.05195094 0.04580388 -0.02215862
v 0.05195094 0.04656585 -0.02047762
v 0.05195094 0.04656585 0.02047762
v 0.05195094 0.04580388 0.02215862
v 0.05195094 0.04673202 -0.02004828
v 0.05195094 0.04700000 -0.01793793
v 0.05195094 0.04700000 -0.01582759
v 0.05195094 0.04700000 -0.01371724
v 0.05195094 0.04700000 -0.01160690
v 0.05195094 0.04700000 -0.00949655
v 0.05195094 0.04700000 -0.00738621
v 0.05195094 0.04700000 -0.00527586
v 0.05195094 0.04700000 -0.00316552
v 0.05195094 0.04700000 -0.00105517
v 0.05195094 0.04700000 0.00105517
v 0.05195094 0.04700000 0.00316552
v 0.05195094 0.04700000 0.00527586
v 0.05195094 0.04700000 0.00738621
v 0.05195094 0.04700000 0.00949655
v 0.05195094 0.04700000 0.01160690
v 0.05195094 0.04700000 0.01371724
v 0.05195094 0.04700000 0.01582759
v 0.05195094 0.04700000 0.01793793
v 0.05195094 0.04673202 0.02004828
v 0.05461509 -0.04673203 -0.02004828
v 0.05461509 -0.04656585 -0.02047762
v 0.05461509 -0.04700000 -0.01793793
v 0.05461509 -0.04700000 -0.01582759
v 0.05461509 -0.04700000 -0.01371724
v 0.05461509 -0.04700000 -0.01160690
v 0.05461509 -0.04700000 -0.00949655
v 0.05461509 -0.04700000 -0.00738621
v 0.05461509 -0.04700000 -0.00527586
v 0.05461509 -0.04700000 -0.00316552
v 0.05461509 -0.04700000 -0.00105517
v 0.05461509 -0.04700000 0.00105517
v 0.05461509 -0.04700000 0.00316552
v 0.05461509 -0.04700000 0.00527586
v 0.05461509 -0.04700000 0.00738621
v 0.05461509 -0.04700000 0.00949655
v 0.05461509 -0.04700000 0.01160690
v 0.05461509 -0.04700000 0.01371724
v 0.05461509 -0.04700000 0.01582759
v 0.05461509 -0.04700000 0.01793793
v 0.05461509 -0.04673203 0.02004828
v 0.05461509 -0.04656585 0.02047762
v 0.05461509 -0.04580388 -0.02215862
v 0.05461509 -0.04404878 -0.02420008
v 0.05461509 -0.04580388 0.02215862
v 0.05461509 -0.04404878 0.02420008
v 0.05461509 -0.04395260 -0.02426897
v 0.05461509 -0.04153171 -0.02558135
v 0.05461509 -0.04395260 0.02426897
v 0.05461509 -0.04153171 0.02558135
v 0.05461509 -0.03901463 -0.02599999
v 0.05461509 -0.03901463 0.02599999
v 0.05461509 -0.03649756 -0.02600000
v 0.05461509 -0.03649756 0.02600000
v 0.05461509 -0.03398049 -0.02600000
v 0.05461509 -0.03398049 0.02600000
v 0.05461509 -0.03146341 -0.02600000
v 0.05461509 -0.03146341 0.02600000
v 0.05461509 -0.02894634 -0.02600000
v 0.05461509 -0.02894634 0.02600000
v 0.05461509 -0.02642927 -0.02600000
v 0.05461509 -0.02642927 0.02600000
v 0.05461509 -0.02391220 -0.02600000
v 0.05461509 -0.02391220 0.02600000
v 0.05461509 -0.02139512 -0.02600000
v 0.05461509 -0.02139512 0.02600000
v 0.05461509 -0.01887805 -0.02600000
v 0.05461509 -0.01887805 0.02600000
v 0.05461509 -0.01636098 -0.02600000
v 0.05461509 -0.01636098 0.02600000
v 0.05461509 -0.01384390 -0.02600000
v 0.05461509 -0.01384390 0.02600000
v 0.05461509 -0.01132683 -0.02600000
v 0.05461509 -0.01132683 0.02600000
v 0.05461509 -0.00880976 -0.02600000
v 0.05461509 -0.00880976 0.02600000
v 0.05461509 -0.00629268 -0.02600000
v 0.05461509 -0.00629268 0.02600000
v 0.05461509 -0.00377561 -0.02600000
v 0.05461509 -0.00377561 0.02600000
v 0.05461509 -0.00125854 -0.02600000
v 0.05461509 -0.00125854 0.02600000
v 0.05461509 0.00125854 -0.02600000
v 0.05461509 0.00125854 0.02600000
v 0.05461509 0.00377561 -0.02600000
v 0.05461509 0.00377561 0.02600000
v 0.05461509 0.00629268 -0.02600000
v 0.05461509 0.00629268 0.02600000
v 0.05461509 0.00880976 -0.02600000
v 0.05461509 0.00880976 0.02600000
v 0.05461509 0.01132683 -0.02600000
v 0.05461509 0.01132683 0.02600000
v 0.05461509 0.01384390 -0.02600000
v 0.05461509 0.01384390 0.02600000
v 0.05461509 0.01636098 -0.02600000
v 0.05461509 0.01636098 0.02600000
v 0.05461509 0.01887805 -0.02600000
v 0.05461509 0.01887805 0.02600000
v 0.05461509 0.02139512 -0.02600000
v 0.05461509 0.02139512 0.02600000
v 0.05461509 0.02391220 -0.02600000
v 0.05461509 0.02391220 0.02600000
v 0.05461509 0.02642927 -0.02600000
v 0.05461509 0.02642927 0.02600000
v 0.05461509 0.02894634 -0.02600000
v 0.05461509 0.02894634 0.02600000
v 0.05461509 0.03146341 -0.02600000
v 0.05461509 0.03146341 0.02600000
v 0.05461509 0.03398049 -0.02600000
v 0.05461509 0.03398049 0.02600000
v 0.05461509 0.03649756 -0.02600000
v 0.05461509 0.03649756 0.02600000
v 0.05461509 0.03901463 -0.02599999
v 0.05461509 0.03901463 0.02599999
v 0.05461509 0.04153171 -0.02558135
v 0.05461509 0.04153171 0.02558135
v 0.05461509 0.04395260 -0.02426897
v 0.05461509 0.04404878 -0.02420008
v 0.05461509 0.04404878 0.02420008
v 0.05461509 0.04395260 0.02426897
v 0.05461509 0.04580388 -0.02215862
v 0.05461509 0.04656585 -0.02047762
v 0.05461509 0.04656585 0.02047762
v 0.05461509 0.04580388 0.02215862
v 0.05461509 0.04673202 -0.02004828
v 0.05461509 0.04700000 -0.01793793
v 0.05461509 0.04700000 -0.01582759
v 0.05461509 0.04700000 -0.01371724
v 0.05461509 0.04700000 -0.01160690
v 0.05461509 0.04700000 -0.00949655
v 0.05461509 0.04700000 -0.00738621
v 0.05461509 0.04700000 -0.00527586
v 0.05461509 0.04700000 -0.00316552
v 0.05461509 0.04700000 -0.00105517
v 0.05461509 0.04700000 0.00105517
v 0.05461509 0.04700000 0.00316552
v 0.05461509 0.04700000 0.00527586
v 0.05461509 0.04700000 0.00738621
v 0.05461509 0.04700000 0.00949655
v 0.05461509 0.04700000 0.01160690
v 0.05461509 0.04700000 0.01371724
v 0.05461509 0.04700000 0.01582759
v 0.05461509 0.04700000 0.01793793
v 0.05461509 0.04673202 0.02004828
v 0.05727925 -0.04673203 -0.02004828
v 0.05727925 -0.04656585 -0.02047762
v 0.05727925 -0.04700000 -0.01793793
v 0.05727925 -0.04700000 -0.01582759
v 0.05727925 -0.04700000 -0.01371724
v 0.05727925 -0.04700000 -0.01160690
v 0.05727925 -0.04700000 -0.00949655
v 0.05727925 -0.04700000 -0.00738621
v 0.05727925 -0.04700000 -0.00527586
v 0.05727925 -0.04700000 -0.00316552
v 0.05727925 -0.04700000 -0.00105517
v 0.05727925 -0.04700000 0.00105517
v 0.05727925 -0.04700000 0.00316552
v 0.05727925 -0.04700000 0.00527586
v 0.05727925 -0.04700000 0.00738621
v 0.05727925 -0.04700000 0.00949655
v 0.05727925 -0.04700000 0.01160690
v 0.05727925 -0.04700000 0.01371724
v 0.05727925 -0.04700000 0.01582759
v 0.05727925 -0.04700000 0.01793793
v 0.05727925 -0.04673203 0.02004828
v 0.05727925 -0.04656585 0.02047762
v 0.05727925 -0.04580388 -0.02215862
v 0.05727925 -0.04404878 -0.02420008
v 0.05727925 -0.04580388 0.02215862
v 0.05727925 -0.04404878 0.02420008
v 0.05727925 -0.04395260 -0.02426897
v 0.05727925 -0.04153171 -0.02558135
v 0.05727925 -0.04395260 0.02426897
v 0.05727925 -0.04153171 0.02558135
v 0.05727925 -0.03901463 -0.02599999
v 0.05727925 -0.03901463 0.02599999
v 0.05727925 -0.03649756 -0.02600000
v 0.05727925 -0.03649756 0.02600000
v 0.05727925 -0.03398049 -0.02600000
v 0.05727925 -0.03398049 0.02600000
v 0.05727925 -0.03146341 -0.02600000
v 0.05727925 -0.03146341 0.02600000
v 0.05727925 -0.02894634 -0.02600000
v 0.05727925 -0.02894634 0.02600000
v 0.05727925 -0.02642927 -0.02600000
v 0.05727925 -0.02642927 0.02600000
v 0.05727925 -0.02391220 -0.02600000
v 0.05727925 -0.02391220 0.02600000
v 0.05727925 -0.02139512 -0.02600000
v 0.05727925 -0.02139512 0.02600000
v 0.05727925 -0.01887805 -0.02600000
v 0.05727925 -0.01887805 0.02600000
v 0.05727925 -0.01636098 -0.02600000
v 0.05727925 -0.01636098 0.02600000
v 0.05727925 -0.01384390 -0.02600000
v 0.05727925 -0.01384390 0.02600000
v 0.05727925 -0.01132683 -0.02600000
v 0.05727925 -0.01132683 0.02600000
v 0.05727925 -0.00880976 -0.02600000
v 0.05727925 -0.00880976 0.02600000
v 0.05727925 -0.00629268 -0.02600000
v 0.05727925 -0.00629268 0.02600000
v 0.05727925 -0.00377561 -0.02600000
v 0.05727925 -0.00377561 0.02600000
v 0.05727925 -0.00125854 -0.02600000
v 0.05727925 -0.00125854 0.02600000
v 0.05727925 0.00125854 -0.02600000
v 0.05727925 0.00125854 0.02600000
v 0.05727925 0.00377561 -0.02600000
v 0.05727925 0.00377561 0.02600000
v 0.05727925 0.00629268 -0.02600000
v 0.05727925 0.00629268 0.02600000
v 0.05727925 0.00880976 -0.02600000
v 0.05727925 0.00880976 0.02600000
v 0.05727925 0.01132683 -0.02600000
v 0.05727925 0.01132683 0.02600000
v 0.05727925 0.01384390 -0.02600000
v 0.05727925 0.01384390 0.02600000
v 0.05727925 0.01636098 -0.02600000
v 0.05727925 0.01636098 0.02600000
v 0.05727925 0.01887805 -0.02600000
v 0.05727925 0.01887805 0.02600000
v 0.05727925 0.02139512 -0.02600000
v 0.05727925 0.02139512 0.02600000
v 0.05727925 0.02391220 -0.02600000
v 0.05727925 0.02391220 0.02600000
v 0.05727925 0.02642927 -0.02600000
v 0.05727925 0.02642927 0.02600000
v 0.05727925 0.02894634 -0.02600000
v 0.05727925 0.02894634 0.02600000
v 0.05727925 0.03146341 -0.02600000
v 0.05727925 0.03146341 0.02600000
v 0.05727925 0.03398049 -0.02600000
v 0.05727925 0.03398049 0.02600000
v 0.05727925 0.03649756 -0.02600000
v 0.05727925 0.03649756 0.02600000
v 0.05727925 0.03901463 -0.02599999
v 0.05727925 0.03901463 0.02599999
v 0.05727925 0.04153171 -0.02558135
v 0.05727925 0.04153171 0.02558135
v 0.05727925 0.04395260 -0.02426897
v 0.05727925 0.04404878 -0.02420008
v 0.05727925 0.04404878 0.02420008
v 0.05727925 0.04395260 0.02426897
v 0.05727925 0.04580388 -0.02215862
v 0.05727925 0.04656585 -0.02047762
v 0.05727925 0.04656585 0.02047762
v 0.05727925 0.04580388 0.02215862
v 0.05727925 0.04673202 -0.02004828
v 0.05727925 0.04700000 -0.01793793
v 0.05727925 0.04700000 -0.01582759
v 0.05727925 0.04700000 -0.01371724
v 0.05727925 0.04700000 -0.01160690
v 0.05727925 0.04700000 -0.00949655
v 0.05727925 0.04700000 -0.00738621
v 0.05727925 0.04700000 -0.00527586
v 0.05727925 0.04700000 -0.00316552
v 0.05727925 0.04700000 -0.00105517
v 0.05727925 0.04700000 0.00105517
v 0.05727925 0.04700000 0.00316552
v 0.05727925 0.04700000 0.00527586
v 0.05727925 0.04700000 0.00738621
v 0.05727925 0.04700000 0.00949655
v 0.05727925 0.04700000 0.01160690
v 0.05727925 0.04700000 0.01371724
v 0.05727925 0.04700000 0.01582759
v 0.05727925 0.04700000 0.01793793
v 0.05727925 0.04673202 0.02004828
v 0.05909540 -0.04656585 -0.02004828
v 0.05994340 -0.04656585 -0.01944460
v 0.05994340 -0.04675900 -0.01793793
v 0.05994340 -0.04675900 -0.01582759
v 0.05994340 -0.04675900 -0.01371724
v 0.05994340 -0.04675900 -0.01160690
v 0.05994340 -0.04675900 -0.00949655
v 0.05994340 -0.04675900 -0.00738621
v 0.05994340 -0.04675900 -0.00527586
v 0.05994340 -0.04675900 -0.00316552
v 0.05994340 -0.04675900 -0.00105517
v 0.05994340 -0.04675900 0.00105517
v 0.05994340 -0.04675900 0.00316552
v 0.05994340 -0.04675900 0.00527586
v 0.05994340 -0.04675900 0.00738621
v 0.05994340 -0.04675900 0.00949655
v 0.05994340 -0.04675900 0.01160690
v 0.05994340 -0.04675900 0.01371724
v 0.05994340 -0.04675900 0.01582759
v 0.05994340 -0.04675900 0.01793793
v 0.05909540 -0.04656585 0.02004828
v 0.05994340 -0.04656585 0.01944460
v 0.05994340 -0.04551044 -0.02215862
v 0.05994340 -0.04404878 -0.02386265
v 0.05994340 -0.04648285 -0.02004828
v 0.05994340 -0.04648285 0.02004828
v 0.05994340 -0.04551044 0.02215862
v 0.05994340 -0.04404878 0.02386265
v 0.05994340 -0.04348205 -0.02426897
v 0.05994340 -0.04153171 -0.02532348
v 0.05994340 -0.04348205 0.02426897
v 0.05994340 -0.04153171 0.02532348
v 0.05994340 -0.03901463 -0.02575635
v 0.05994340 -0.03901463 0.02575635
v 0.05994340 -0.03649756 -0.02575636
v 0.05994340 -0.03649756 0.02575636
v 0.05994340 -0.03398049 -0.02575636
v 0.05994340 -0.03398049 0.02575636
v 0.05994340 -0.03146341 -0.02575636
v 0.05994340 -0.03146341 0.02575636
v 0.05994340 -0.02894634 -0.02575636
v 0.05994340 -0.02894634 0.02575636
v 0.05994340 -0.02642927 -0.02575636
v 0.05994340 -0.02642927 0.02575636
v 0.05994340 -0.02391220 -0.02575636
v 0.05994340 -0.02391220 0.02575636
v 0.05994340 -0.02139512 -0.02575636
v 0.05994340 -0.02139512 0.02575636
v 0.05994340 -0.01887805 -0.02575636
v 0.05994340 -0.01887805 0.02575636
v 0.05994340 -0.01636098 -0.02575636
v 0.05994340 -0.01636098 0.02575636
v 0.05994340 -0.01384390 -0.02575636
v 0.05994340 -0.01384390 0.02575636
v 0.05994340 -0.01132683 -0.02575636
v 0.05994340 -0.01132683 0.02575636
v 0.05994340 -0.00880976 -0.02575636
v 0.05994340 -0.00880976 0.02575636
v 0.05994340 -0.00629268 -0.02575636
v 0.05994340 -0.00629268 0.02575636
v 0.05994340 -0.00377561 -0.02575636
v 0.05994340 -0.00377561 0.02575636
v 0.05994340 -0.00125854 -0.02575636
v 0.05994340 -0.00125854 0.02575636
v 0.05994340 0.00125854 -0.02575636
v 0.05994340 0.00125854 0.02575636
v 0.05994340 0.00377561 -0.02575636
v 0.05994340 0.00377561 0.02575636
v 0.05994340 0.00629268 -0.02575636
v 0.05994340 0.00629268 0.02575636
v 0.05994340 0.00880976 -0.02575636
v 0.05994340 0.00880976 0.02575636
v 0.05994340 0.01132683 -0.02575636
v 0.05994340 0.01132683 0.02575636
v 0.05994340 0.01384390 -0.02575636
v 0.05994340 0.01384390 0.02575636
v 0.05994340 0.01636098 -0.02575636
v 0.05994340 0.01636098 0.02575636
v 0.05994340 0.01887805 -0.02575636
v 0.05994340 0.01887805 0.02575636
v 0.05994340 0.02139512 -0.02575636
v 0.05994340 0.02139512 0.02575636
v 0.05994340 0.02391220 -0.02575636
v 0.05994340 0.02391220 0.02575636
v 0.05994340 0.02642927 -0.02575636
v 0.05994340 0.02642927 0.02575636
v 0.05994340 0.02894634 -0.02575636
v 0.05994340 0.02894634 0.02575636
v 0.05994340 0.03146341 -0.02575636
v 0.05994340 0.03146341 0.02575636
v 0.05994340 0.03398049 -0.02575636
v 0.05994340 0.03398049 0.02575636
v 0.05994340 0.03649756 -0.02575636
v 0.05994340 0.03649756 0.02575636
v 0.05994340 0.03901463 -0.02575635
v 0.05994340 0.03901463 0.02575635
v 0.05994340 0.04153171 -0.02532348
v 0.05994340 0.04153171 0.02532348
v 0.05994340 0.04348205 -0.02426897
v 0.05994340 0.04404878 -0.02386265
v 0.05994340 0.04404878 0.02386265
v 0.05994340 0.04348205 0.02426897
v 0.05994340 0.04551044 -0.02215862
v 0.05994340 0.04648286 -0.02004828
v 0.05909540 0.04656585 -0.02004828
v 0.05994340 0.04656585 -0.01944460
v 0.05909540 0.04656585 0.02004828
v 0.05994340 0.04656585 0.01944460
v 0.05994340 0.04648286 0.02004828
v 0.05994340 0.04551044 0.02215862
v 0.05994340 0.04675900 -0.01793793
v 0.05994340 0.04675900 -0.01582759
v 0.05994340 0.04675900 -0.01371724
v 0.05994340 0.04675900 -0.01160690
v 0.05994340 0.04675900 -0.00949655
v 0.05994340 0.04675900 -0.00738621
v 0.05994340 0.04675900 -0.00527586
v 0.05994340 0.04675900 -0.00316552
v 0.05994340 0.04675900 -0.00105517
v 0.05994340 0.04675900 0.00105517
v 0.05994340 0.04675900 0.00316552
v 0.05994340 0.04675900 0.00527586
v 0.05994340 0.04675900 0.00738621
v 0.05994340 0.04675900 0.00949655
v 0.05994340 0.04675900 0.01160690
v 0.05994340 0.04675900 0.01371724
v 0.05994340 0.04675900 0.01582759
v 0.05994340 0.04675900 0.01793793
v 0.06042316 -0.04656585 -0.01793793
v 0.06042316 -0.04656585 -0.01582759
v 0.06042316 -0.04656585 -0.01371724
v 0.06042316 -0.04656585 -0.01160690
v 0.06042316 -0.04656585 -0.00949655
v 0.06042316 -0.04656585 -0.00738621
v 0.06042316 -0.04656585 -0.00527586
v 0.06042316 -0.04656585 -0.00316552
v 0.06042316 -0.04656585 -0.00105517
v 0.06042316 -0.04656585 0.00105517
v 0.06042316 -0.04656585 0.00316552
v 0.06042316 -0.04656585 0.00527586
v 0.06042316 -0.04656585 0.00738621
v 0.06042316 -0.04656585 0.00949655
v 0.06042316 -0.04656585 0.01160690
v 0.06042316 -0.04656585 0.01371724
v 0.06042316 -0.04656585 0.01582759
v 0.06042316 -0.04656585 0.01793793
v 0.06260560 -0.04404878 -0.02215862
v 0.06260755 -0.04404878 -0.02215652
v 0.06260755 -0.04516091 -0.02004828
v 0.06260755 -0.04549791 -0.01793793
v 0.06260755 -0.04549791 -0.01582759
v 0.06260755 -0.04549791 -0.01371724
v 0.06260755 -0.04549791 -0.01160690
v 0.06260755 -0.04549791 -0.00949655
v 0.06260755 -0.04549791 -0.00738621
v 0.06260755 -0.04549791 -0.00527586
v 0.06260755 -0.04549791 -0.00316552
v 0.06260755 -0.04549791 -0.00105517
v 0.06260755 -0.04549791 0.00105517
v 0.06260755 -0.04549791 0.00316552
v 0.06260755 -0.04549791 0.00527586
v 0.06260755 -0.04549791 0.00738621
v 0.06260755 -0.04549791 0.00949655
v 0.06260755 -0.04549791 0.01160690
v 0.06260755 -0.04549791 0.01371724
v 0.06260755 -0.04549791 0.01582759
v 0.06260755 -0.04549791 0.01793793
v 0.06260755 -0.04516091 0.02004828
v 0.06260560 -0.04404878 0.02215862
v 0.06260755 -0.04404878 0.02215652
v 0.06218568 -0.04153171 -0.02426897
v 0.06260755 -0.04153171 -0.02400971
v 0.06260755 -0.04404711 -0.02215862
v 0.06260755 -0.04404711 0.02215862
v 0.06218568 -0.04153171 0.02426897
v 0.06260755 -0.04153171 0.02400971
v 0.06260755 -0.04039320 -0.02426897
v 0.06260755 -0.03901463 -0.02452934
v 0.06260755 -0.04039320 0.02426897
v 0.06260755 -0.03901463 0.02452934
v 0.06260755 -0.03649756 -0.02452935
v 0.06260755 -0.03649756 0.02452935
v 0.06260755 -0.03398049 -0.02452935
v 0.06260755 -0.03398049 0.02452935
v 0.06260755 -0.03146341 -0.02452935
v 0.06260755 -0.03146341 0.02452935
v 0.06260755 -0.02894634 -0.02452935
v 0.06260755 -0.02894634 0.02452935
v 0.06260755 -0.02642927 -0.02452935
v 0.06260755 -0.02642927 0.02452935
v 0.06260755 -0.02391220 -0.02452935
v 0.06260755 -0.02391220 0.02452935
v 0.06260755 -0.02139512 -0.02452935
v 0.06260755 -0.02139512 0.02452935
v 0.06260755 -0.01887805 -0.02452935
v 0.06260755 -0.01887805 0.02452935
v 0.06260755 -0.01636098 -0.02452935
v 0.06260755 -0.01636098 0.02452935
v 0.06260755 -0.01384390 -0.02452935
v 0.06260755 -0.01384390 0.02452935
v 0.06260755 -0.01132683 -0.02452935
v 0.06260755 -0.01132683 0.02452935
v 0.06260755 -0.00880976 -0.02452935
v 0.06260755 -0.00880976 0.02452935
v 0.06260755 -0.00629268 -0.02452935
v 0.06260755 -0.00629268 0.02452935
v 0.06260755 -0.00377561 -0.02452935
v 0.06260755 -0.00377561 0.02452935
v 0.06260755 -0.00125854 -0.02452935
v 0.06260755 -0.00125854 0.02452935
v 0.06260755 0.00125854 -0.02452935
v 0.06260755 0.00125854 0.02452935
v 0.06260755 0.00377561 -0.02452935
v 0.06260755 0.00377561 0.02452935
v 0.06260755 0.00629268 -0.02452935
v 0.06260755 0.00629268 0.02452935
v 0.06260755 0.00880976 -0.02452935
v 0.06260755 0.00880976 0.02452935
v 0.06260755 0.01132683 -0.02452935
v 0.06260755 0.01132683 0.02452935
v 0.06260755 0.01384390 -0.02452935
v 0.06260755 0.01384390 0.02452935
v 0.06260755 0.01636098 -0.02452935
v 0.06260755 0.01636098 0.02452935
v 0.06260755 0.01887805 -0.02452935
v 0.06260755 0.01887805 0.02452935
v 0.06260755 0.02139512 -0.02452935
v 0.06260755 0.02139512 0.02452935
v 0.06260755 0.02391220 -0.02452935
v 0.06260755 0.02391220 0.02452935
v 0.06260755 0.02642927 -0.02452935
v 0.06260755 0.02642927 0.02452935
v 0.06260755 0.02894634 -0.02452935
v 0.06260755 0.02894634 0.02452935
v 0.06260755 0.03146341 -0.02452935
v 0.06260755 0.03146341 0.02452935
v 0.06260755 0.03398049 -0.02452935
v 0.06260755 0.03398049 0.02452935
v 0.06260755 0.03649756 -0.02452935
v 0.06260755 0.03649756 0.02452935
v 0.06260755 0.03901463 -0.02452934
v 0.06260755 0.03901463 0.02452934
v 0.06260755 0.04039320 -0.02426897
v 0.06218568 0.04153171 -0.02426897
v 0.06260755 0.04153171 -0.02400971
v 0.06218568 0.04153171 0.02426897
v 0.06260755 0.04153171 0.02400971
v 0.06260755 0.04039320 0.02426897
v 0.06260755 0.04404711 -0.02215862
v 0.06260560 0.04404878 -0.02215862
v 0.06260755 0.04404878 -0.02215652
v 0.06260560 0.04404878 0.02215862
v 0.06260755 0.04404878 0.02215652
v 0.06260755 0.04404711 0.02215862
v 0.06260755 0.04516091 -0.02004828
v 0.06260755 0.04549791 -0.01793793
v 0.06042316 0.04656585 -0.01793793
v 0.06260755 0.04549791 -0.01582759
v 0.06042316 0.04656585 -0.01582759
v 0.06260755 0.04549791 -0.01371724
v 0.06042316 0.04656585 -0.01371724
v 0.06260755 0.04549791 -0.01160690
v 0.06042316 0.04656585 -0.01160690
v 0.06260755 0.04549791 -0.00949655
v 0.06042316 0.04656585 -0.00949655
v 0.06260755 0.04549791 -0.00738621
v 0.06042316 0.04656585 -0.00738621
v 0.06260755 0.04549791 -0.00527586
v 0.06042316 0.04656585 -0.00527586
v 0.06260755 0.04549791 -0.00316552
v 0.06042316 0.04656585 -0.00316552
v 0.06260755 0.04549791 -0.00105517
v 0.06042316 0.04656585 -0.00105517
v 0.06260755 0.04549791 0.00105517
v 0.06042316 0.04656585 0.00105517
v 0.06260755 0.04549791 0.00316552
v 0.06042316 0.04656585 0.00316552
v 0.06260755 0.04549791 0.00527586
v 0.06042316 0.04656585 0.00527586
v 0.06260755 0.04549791 0.00738621
v 0.06042316 0.04656585 0.00738621
v 0.06260755 0.04549791 0.00949655
v 0.06042316 0.04656585 0.00949655
v 0.06260755 0.04549791 0.01160690
v 0.06042316 0.04656585 0.01160690
v 0.06260755 0.04549791 0.01371724
v 0.06042316 0.04656585 0.01371724
v 0.06260755 0.04549791 0.01582759
v 0.06042316 0.04656585 0.01582759
v 0.06260755 0.04549791 0.01793793
v 0.06042316 0.04656585 0.01793793
v 0.06260755 0.04516091 0.02004828
v 0.06378810 -0.04404878 -0.02004828
v 0.06414581 -0.04404878 -0.01793793
v 0.06414581 -0.04404878 -0.01582759
v 0.06414581 -0.04404878 -0.01371724
v 0.06414581 -0.04404878 -0.01160690
v 0.06414581 -0.04404878 -0.00949655
v 0.06414581 -0.04404878 -0.00738621
v 0.06414581 -0.04404878 -0.00527586
v 0.06414581 -0.04404878 -0.00316552
v 0.06414581 -0.04404878 -0.00105517
v 0.06414581 -0.04404878 0.00105517
v 0.06414581 -0.04404878 0.00316552
v 0.06414581 -0.04404878 0.00527586
v 0.06414581 -0.04404878 0.00738621
v 0.06414581 -0.04404878 0.00949655
v 0.06414581 -0.04404878 0.01160690
v 0.06414581 -0.04404878 0.01371724
v 0.06414581 -0.04404878 0.01582759
v 0.06414581 -0.04404878 0.01793793
v 0.06378810 -0.04404878 0.02004828
v 0.06429459 -0.04153171 -0.02215862
v 0.06527170 -0.04153171 -0.02013556
v 0.06527170 -0.04160461 -0.02004828
v 0.06527170 -0.04218718 -0.01793793
v 0.06527170 -0.04218718 -0.01582759
v 0.06527170 -0.04218718 -0.01371724
v 0.06527170 -0.04218718 -0.01160690
v 0.06527170 -0.04218718 -0.00949655
v 0.06527170 -0.04218718 -0.00738621
v 0.06527170 -0.04218718 -0.00527586
v 0.06527170 -0.04218718 -0.00316552
v 0.06527170 -0.04218718 -0.00105517
v 0.06527170 -0.04218718 0.00105517
v 0.06527170 -0.04218718 0.00316552
v 0.06527170 -0.04218718 0.00527586
v 0.06527170 -0.04218718 0.00738621
v 0.06527170 -0.04218718 0.00949655
v 0.06527170 -0.04218718 0.01160690
v 0.06527170 -0.04218718 0.01371724
v 0.06527170 -0.04218718 0.01582759
v 0.06527170 -0.04218718 0.01793793
v 0.06527170 -0.04160461 0.02004828
v 0.06429459 -0.04153171 0.02215862
v 0.06527170 -0.04153171 0.02013556
v 0.06292933 -0.03901463 -0.02426897
v 0.06480903 -0.03901463 -0.02215862
v 0.06527170 -0.03901463 -0.02119129
v 0.06480903 -0.03901463 0.02215862
v 0.06527170 -0.03901463 0.02119129
v 0.06292933 -0.03901463 0.02426897
v 0.06292935 -0.03649756 -0.02426897
v 0.06480905 -0.03649756 -0.02215862
v 0.06527170 -0.03649756 -0.02119133
v 0.06480905 -0.03649756 0.02215862
v 0.06527170 -0.03649756 0.02119133
v 0.06292935 -0.03649756 0.02426897
v 0.06292935 -0.03398049 -0.02426897
v 0.06480905 -0.03398049 -0.02215862
v 0.06527170 -0.03398049 -0.02119133
v 0.06480905 -0.03398049 0.02215862
v 0.06527170 -0.03398049 0.02119133
v 0.06292935 -0.03398049 0.02426897
v 0.06292935 -0.03146341 -0.02426897
v 0.06480905 -0.03146341 -0.02215862
v 0.06527170 -0.03146341 -0.02119133
v 0.06480905 -0.03146341 0.02215862
v 0.06527170 -0.03146341 0.02119133
v 0.06292935 -0.03146341 0.02426897
v 0.06292935 -0.02894634 -0.02426897
v 0.06480905 -0.02894634 -0.02215862
v 0.06527170 -0.02894634 -0.02119133
v 0.06480905 -0.02894634 0.02215862
v 0.06527170 -0.02894634 0.02119133
v 0.06292935 -0.02894634 0.02426897
v 0.06292935 -0.02642927 -0.02426897
v 0.06480905 -0.02642927 -0.02215862
v 0.06527170 -0.02642927 -0.02119133
v 0.06480905 -0.02642927 0.02215862
v 0.06527170 -0.02642927 0.02119133
v 0.06292935 -0.02642927 0.02426897
v 0.06292935 -0.02391220 -0.02426897
v 0.06480905 -0.02391220 -0.02215862
v 0.06527170 -0.02391220 -0.02119133
v 0.06480905 -0.02391220 0.02215862
v 0.06527170 -0.02391220 0.02119133
v 0.06292935 -0.02391220 0.02426897
v 0.06292935 -0.02139512 -0.02426897
v 0.06480905 -0.02139512 -0.02215862
v 0.06527170 -0.02139512 -0.02119133
v 0.06480905 -0.02139512 0.02215862
v 0.06527170 -0.02139512 0.02119133
v 0.06292935 -0.02139512 0.02426897
v 0.06292935 -0.01887805 -0.02426897
v 0.06480905 -0.01887805 -0.02215862
v 0.06527170 -0.01887805 -0.02119133
v 0.06480905 -0.01887805 0.02215862
v 0.06527170 -0.01887805 0.02119133
v 0.06292935 -0.01887805 0.02426897
v 0.06292935 -0.01636098 -0.02426897
v 0.06480905 -0.01636098 -0.02215862
v 0.06527170 -0.01636098 -0.02119133
v 0.06480905 -0.01636098 0.02215862
v 0.06527170 -0.01636098 0.02119133
v 0.06292935 -0.01636098 0.02426897
v 0.06292935 -0.01384390 -0.02426897
v 0.06480905 -0.01384390 -0.02215862
v 0.06527170 -0.01384390 -0.02119133
v 0.06480905 -0.01384390 0.02215862
v 0.06527170 -0.01384390 0.02119133
v 0.06292935 -0.01384390 0.02426897
v 0.06292935 -0.01132683 -0.02426897
v 0.06480905 -0.01132683 -0.02215862
v 0.06527170 -0.01132683 -0.02119133
v 0.06480905 -0.01132683 0.02215862
v 0.06527170 -0.01132683 0.02119133
v 0.06292935 -0.01132683 0.02426897
v 0.06292935 -0.00880976 -0.02426897
v 0.06480905 -0.00880976 -0.02215862
v 0.06527170 -0.00880976 -0.02119133
v 0.06480905 -0.00880976 0.02215862
v 0.06527170 -0.00880976 0.02119133
v 0.06292935 -0.00880976 0.02426897
v 0.06292935 -0.00629268 -0.02426897
v 0.06480905 -0.00629268 -0.02215862
v 0.06527170 -0.00629268 -0.02119133
v 0.06480905 -0.00629268 0.02215862
v 0.06527170 -0.00629268 0.02119133
v 0.06292935 -0.00629268 0.02426897
v 0.06292935 -0.00377561 -0.02426897
v 0.06480905 -0.00377561 -0.02215862
v 0.06527170 -0.00377561 -0.02119133
v 0.06480905 -0.00377561 0.02215862
v 0.06527170 -0.00377561 0.02119133
v 0.06292935 -0.00377561 0.02426897
v 0.06292935 -0.00125854 -0.02426897
v 0.06480905 -0.00125854 -0.02215862
v 0.06527170 -0.00125854 -0.02119133
v 0.06480905 -0.00125854 0.02215862
v 0.06527170 -0.00125854 0.02119133
v 0.06292935 -0.00125854 0.02426897
v 0.06292935 0.00125854 -0.02426897
v 0.06480905 0.00125854 -0.02215862
v 0.06527170 0.00125854 -0.02119133
v 0.06480905 0.00125854 0.02215862
v 0.06527170 0.00125854 0.02119133
v 0.06292935 0.00125854 0.02426897
v 0.06292935 0.00377561 -0.02426897
v 0.06480905 0.00377561 -0.02215862
v 0.06527170 0.00377561 -0.02119133
v 0.06480905 0.00377561 0.02215862
v 0.06527170 0.00377561 0.02119133
v 0.06292935 0.00377561 0.02426897
v 0.06292935 0.00629268 -0.02426897
v 0.06480905 0.00629268 -0.02215862
v 0.06527170 0.00629268 -0.02119133
v 0.06480905 0.00629268 0.02215862
v 0.06527170 0.00629268 0.02119133
v 0.06292935 0.00629268 0.02426897
v 0.06292935 0.00880976 -0.02426897
v 0.06480905 0.00880976 -0.02215862
v 0.06527170 0.00880976 -0.02119133
v 0.06480905 0.00880976 0.02215862
v 0.06527170 0.00880976 0.02119133
v 0.06292935 0.00880976 0.02426897
v 0.06292935 0.01132683 -0.02426897
v 0.06480905 0.01132683 -0.02215862
v 0.06527170 0.01132683 -0.02119133
v 0.06480905 0.01132683 0.02215862
v 0.06527170 0.01132683 0.02119133
v 0.06292935 0.01132683 0.02426897
v 0.06292935 0.01384390 -0.02426897
v 0.06480905 0.01384390 -0.02215862
v 0.06527170 0.01384390 -0.02119133
v 0.06480905 0.01384390 0.02215862
v 0.06527170 0.01384390 0.02119133
v 0.06292935 0.01384390 0.02426897
v 0.06292935 0.01636098 -0.02426897
v 0.06480905 0.01636098 -0.02215862
v 0.06527170 0.01636098 -0.02119133
v 0.06480905 0.01636098 0.02215862
v 0.06527170 0.01636098 0.02119133
v 0.06292935 0.01636098 0.02426897
v 0.06292935 0.01887805 -0.02426897
v 0.06480905 0.01887805 -0.02215862
v 0.06527170 0.01887805 -0.02119133
v 0.06480905 0.01887805 0.02215862
v 0.06527170 0.01887805 0.02119133
v 0.06292935 0.01887805 0.02426897
v 0.06292935 0.02139512 -0.02426897
v 0.06480905 0.02139512 -0.02215862
v 0.06527170 0.02139512 -0.02119133
v 0.06480905 0.02139512 0.02215862
v 0.06527170 0.02139512 0.02119133
v 0.06292935 0.02139512 0.02426897
v 0.06292935 0.02391220 -0.02426897
v 0.06480905 0.02391220 -0.02215862
v 0.06527170 0.02391220 -0.02119133
v 0.06480905 0.02391220 0.02215862
v 0.06527170 0.02391220 0.02119133
v 0.06292935 0.02391220 0.02426897
v 0.06292935 0.02642927 -0.02426897
v 0.06480905 0.02642927 -0.02215862
v 0.06527170 0.02642927 -0.02119133
v 0.06480905 0.02642927 0.02215862
v 0.06527170 0.02642927 0.02119133
v 0.06292935 0.02642927 0.02426897
v 0.06292935 0.02894634 -0.02426897
v 0.06480905 0.02894634 -0.02215862
v 0.06527170 0.02894634 -0.02119133
v 0.06480905 0.02894634 0.02215862
v 0.06527170 0.02894634 0.02119133
v 0.06292935 0.02894634 0.02426897
v 0.06292935 0.03146341 -0.02426897
v 0.06480905 0.03146341 -0.02215862
v 0.06527170 0.03146341 -0.02119133
v 0.06480905 0.03146341 0.02215862
v 0.06527170 0.03146341 0.02119133
v 0.06292935 0.03146341 0.02426897
v 0.06292935 0.03398049 -0.02426897
v 0.06480905 0.03398049 -0.02215862
v 0.06527170 0.03398049 -0.02119133
v 0.06480905 0.03398049 0.02215862
v 0.06527170 0.03398049 0.02119133
v 0.06292935 0.03398049 0.02426897
v 0.06292935 0.03649756 -0.02426897
v 0.06480905 0.03649756 -0.02215862
v 0.06527170 0.03649756 -0.02119133
v 0.06480905 0.03649756 0.02215862
v 0.06527170 0.03649756 0.02119133
v 0.06292935 0.03649756 0.02426897
v 0.06292933 0.03901463 -0.02426897
v 0.06480903 0.03901463 -0.02215862
v 0.06527170 0.03901463 -0.02119129
v 0.06480903 0.03901463 0.02215862
v 0.06527170 0.03901463 0.02119129
v 0.06292933 0.03901463 0.02426897
v 0.06429459 0.04153171 -0.02215862
v 0.06527170 0.04153171 -0.02013556
v 0.06429459 0.04153171 0.02215862
v 0.06527170 0.04153171 0.02013556
v 0.06527170 0.04160461 -0.02004828
v 0.06378810 0.04404878 -0.02004828
v 0.06527170 0.04218718 -0.01793793
v 0.06414581 0.04404878 -0.01793793
v 0.06527170 0.04218718 -0.01582759
v 0.06414581 0.04404878 -0.01582759
v 0.06527170 0.04218718 -0.01371724
v 0.06414581 0.04404878 -0.01371724
v 0.06527170 0.04218718 -0.01160690
v 0.06414581 0.04404878 -0.01160690
v 0.06527170 0.04218718 -0.00949655
v 0.06414581 0.04404878 -0.00949655
v 0.06527170 0.04218718 -0.00738621
v 0.06414581 0.04404878 -0.00738621
v 0.06527170 0.04218718 -0.00527586
v 0.06414581 0.04404878 -0.00527586
v 0.06527170 0.04218718 -0.00316552
v 0.06414581 0.04404878 -0.00316552
v 0.06527170 0.04218718 -0.00105517
v 0.06414581 0.04404878 -0.00105517
v 0.06527170 0.04218718 0.00105517
v 0.06414581 0.04404878 0.00105517
v 0.06527170 0.04218718 0.00316552
v 0.06414581 0.04404878 0.00316552
v 0.06527170 0.04218718 0.00527586
v 0.06414581 0.04404878 0.00527586
v 0.06527170 0.04218718 0.00738621
v 0.06414581 0.04404878 0.00738621
v 0.06527170 0.04218718 0.00949655
v 0.06414581 0.04404878 0.00949655
v 0.06527170 0.04218718 0.01160690
v 0.06414581 0.04404878 0.01160690
v 0.06527170 0.04218718 0.01371724
v 0.06414581 0.04404878 0.01371724
v 0.06527170 0.04218718 0.01582759
v 0.06414581 0.04404878 0.01582759
v 0.06527170 0.04218718 0.01793793
v 0.06414581 0.04404878 0.01793793
v 0.06527170 0.04160461 0.02004828
v 0.06378810 0.04404878 0.02004828
v 0.06530639 -0.04153171 -0.02004828
v 0.06558489 -0.04153171 -0.01793793
v 0.06558489 -0.04153171 -0.01582759
v 0.06558489 -0.04153171 -0.01371724
v 0.06558489 -0.04153171 -0.01160690
v 0.06558489 -0.04153171 -0.00949655
v 0.06558489 -0.04153171 -0.00738621
v 0.06558489 -0.04153171 -0.00527586
v 0.06558489 -0.04153171 -0.00316552
v 0.06558489 -0.04153171 -0.00105517
v 0.06558489 -0.04153171 0.00105517
v 0.06558489 -0.04153171 0.00316552
v 0.06558489 -0.04153171 0.00527586
v 0.06558489 -0.04153171 0.00738621
v 0.06558489 -0.04153171 0.00949655
v 0.06558489 -0.04153171 0.01160690
v 0.06558489 -0.04153171 0.01371724
v 0.06558489 -0.04153171 0.01582759
v 0.06558489 -0.04153171 0.01793793
v 0.06530639 -0.04153171 0.02004828
v 0.06572974 -0.03901463 -0.02004828
v 0.06599998 -0.03901463 -0.01793793
v 0.06599998 -0.03901463 -0.01582759
v 0.06599998 -0.03901463 -0.01371724
v 0.06599998 -0.03901463 -0.01160690
v 0.06599998 -0.03901463 -0.00949655
v 0.06599998 -0.03901463 -0.00738621
v 0.06599998 -0.03901463 -0.00527586
v 0.06599998 -0.03901463 -0.00316552
v 0.06599998 -0.03901463 -0.00105517
v 0.06599998 -0.03901463 0.00105517
v 0.06599998 -0.03901463 0.00316552
v 0.06599998 -0.03901463 0.00527586
v 0.06599998 -0.03901463 0.00738621
v 0.06599998 -0.03901463 0.00949655
v 0.06599998 -0.03901463 0.01160690
v 0.06599998 -0.03901463 0.01371724
v 0.06599998 -0.03901463 0.01582759
v 0.06599998 -0.03901463 0.01793793
v 0.06572974 -0.03901463 0.02004828
v 0.06572976 -0.03649756 -0.02004828
v 0.06600000 -0.03649756 -0.01793793
v 0.06600000 -0.03649756 -0.01582759
v 0.06600000 -0.03649756 -0.01371724
v 0.06600000 -0.03649756 -0.01160690
v 0.06600000 -0.03649756 -0.00949655
v 0.06600000 -0.03649756 -0.00738621
v 0.06600000 -0.03649756 -0.00527586
v 0.06600000 -0.03649756 -0.00316552
v 0.06600000 -0.03649756 -0.00105517
v 0.06600000 -0.03649756 0.00105517
v 0.06600000 -0.03649756 0.00316552
v 0.06600000 -0.03649756 0.00527586
v 0.06600000 -0.03649756 0.00738621
v 0.06600000 -0.03649756 0.00949655
v 0.06600000 -0.03649756 0.01160690
v 0.06600000 -0.03649756 0.01371724
v 0.06600000 -0.03649756 0.01582759
v 0.06600000 -0.03649756 0.01793793
v 0.06572976 -0.03649756 0.02004828
v 0.06572976 -0.03398049 -0.02004828
v 0.06600000 -0.03398049 -0.01793793
v 0.06600000 -0.03398049 -0.01582759
v 0.06600000 -0.03398049 -0.01371724
v 0.06600000 -0.03398049 -0.01160690
v 0.06600000 -0.03398049 -0.00949655
v 0.06600000 -0.03398049 -0.00738621
v 0.06600000 -0.03398049 -0.00527586
v 0.06600000 -0.03398049 -0.00316552
v 0.06600000 -0.03398049 -0.00105517
v 0.06600000 -0.03398049 0.00105517
v 0.06600000 -0.03398049 0.00316552
v 0.06600000 -0.03398049 0.00527586
v 0.06600000 -0.03398049 0.00738621
v 0.06600000 -0.03398049 0.00949655
v 0.06600000 -0.03398049 0.01160690
v 0.06600000 -0.03398049 0.01371724
v 0.06600000 -0.03398049 0.01582759
v 0.06600000 -0.03398049 0.01793793
v 0.06572976 -0.03398049 0.02004828
v 0.06572976 -0.03146341 -0.02004828
v 0.06600000 -0.03146341 -0.01793793
v 0.06600000 -0.03146341 -0.01582759
v 0.06600000 -0.03146341 -0.01371724
v 0.06600000 -0.03146341 -0.01160690
v 0.06600000 -0.03146341 -0.00949655
v 0.06600000 -0.03146341 -0.00738621
v 0.06600000 -0.03146341 -0.00527586
v 0.06600000 -0.03146341 -0.00316552
v 0.06600000 -0.03146341 -0.00105517
v 0.06600000 -0.03146341 0.00105517
v 0.06600000 -0.03146341 0.00316552
v 0.06600000 -0.03146341 0.00527586
v 0.06600000 -0.03146341 0.00738621
v 0.06600000 -0.03146341 0.00949655
v 0.06600000 -0.03146341 0.01160690
v 0.06600000 -0.03146341 0.01371724
v 0.06600000 -0.03146341 0.01582759
v 0.06600000 -0.03146341 0.01793793
v 0.06572976 -0.03146341 0.02004828
v 0.06572976 -0.02894634 -0.02004828
v 0.06600000 -0.02894634 -0.01793793
v 0.06600000 -0.02894634 -0.01582759
v 0.06600000 -0.02894634 -0.01371724
v 0.06600000 -0.02894634 -0.01160690
v 0.06600000 -0.02894634 -0.00949655
v 0.06600000 -0.02894634 -0.00738621
v 0.06600000 -0.02894634 -0.00527586
v 0.06600000 -0.02894634 -0.00316552
v 0.06600000 -0.02894634 -0.00105517
v 0.06600000 -0.02894634 0.00105517
v 0.06600000 -0.02894634 0.00316552
v 0.06600000 -0.02894634 0.00527586
v 0.06600000 -0.02894634 0.00738621
v 0.06600000 -0.02894634 0.00949655
v 0.06600000 -0.02894634 0.01160690
v 0.06600000 -0.02894634 0.01371724
v 0.06600000 -0.02894634 0.01582759
v 0.06600000 -0.02894634 0.01793793
v 0.06572976 -0.02894634 0.02004828
v 0.06572976 -0.02642927 -0.02004828
v 0.06600000 -0.02642927 -0.01793793
v 0.06600000 -0.02642927 -0.01582759
v 0.06600000 -0.02642927 -0.01371724
v 0.06600000 -0.02642927 -0.01160690
v 0.06600000 -0.02642927 -0.00949655
v 0.06600000 -0.02642927 -0.00738621
v 0.06600000 -0.02642927 -0.00527586
v 0.06600000 -0.02642927 -0.00316552
v 0.06600000 -0.02642927 -0.00105517
v 0.06600000 -0.02642927 0.00105517
v 0.06600000 -0.02642927 0.00316552
v 0.06600000 -0.02642927 0.00527586
v 0.06600000 -0.02642927 0.00738621
v 0.06600000 -0.02642927 0.00949655
v 0.06600000 -0.02642927 0.01160690
v 0.06600000 -0.02642927 0.01371724
v 0.06600000 -0.02642927 0.01582759
v 0.06600000 -0.02642927 0.01793793
v 0.06572976 -0.02642927 0.02004828
v 0.06572976 -0.02391220 -0.02004828
v 0.06600000 -0.02391220 -0.01793793
v 0.06600000 -0.02391220 -0.01582759
v 0.06600000 -0.02391220 -0.01371724
v 0.06600000 -0.02391220 -0.01160690
v 0.06600000 -0.02391220 -0.00949655
v 0.06600000 -0.02391220 -0.00738621
v 0.06600000 -0.02391220 -0.00527586
v 0.06600000 -0.02391220 -0.00316552
v 0.06600000 -0.02391220 -0.00105517
v 0.06600000 -0.02391220 0.00105517
v 0.06600000 -0.02391220 0.00316552
v 0.06600000 -0.02391220 0.00527586
v 0.06600000 -0.02391220 0.00738621
v 0.06600000 -0.02391220 0.00949655
v 0.06600000 -0.02391220 0.01160690
v 0.06600000 -0.02391220 0.01371724
v 0.06600000 -0.02391220 0.01582759
v 0.06600000 -0.02391220 0.01793793
v 0.06572976 -0.02391220 0.02004828
v 0.06572976 -0.02139512 -0.02004828
v 0.06600000 -0.02139512 -0.01793793
v 0.06600000 -0.02139512 -0.01582759
v 0.06600000 -0.02139512 -0.01371724
v 0.06600000 -0.02139512 -0.01160690
v 0.06600000 -0.02139512 -0.00949655
v 0.06600000 -0.02139512 -0.00738621
v 0.06600000 -0.02139512 -0.00527586
v 0.06600000 -0.02139512 -0.00316552
v 0.06600000 -0.02139512 -0.00105517
v 0.06600000 -0.02139512 0.00105517
v 0.06600000 -0.02139512 0.00316552
v 0.06600000 -0.02139512 0.00527586
v 0.06600000 -0.02139512 0.00738621
v 0.06600000 -0.02139512 0.00949655
v 0.06600000 -0.02139512 0.01160690
v 0.06600000 -0.02139512 0.01371724
v 0.06600000 -0.02139512 0.01582759
v 0.06600000 -0.02139512 0.01793793
v 0.06572976 -0.02139512 0.02004828
v 0.06572976 -0.01887805 -0.02004828
v 0.06600000 -0.01887805 -0.01793793
v 0.06600000 -0.01887805 -0.01582759
v 0.06600000 -0.01887805 -0.01371724
v 0.06600000 -0.01887805 -0.01160690
v 0.06600000 -0.01887805 -0.00949655
v 0.06600000 -0.01887805 -0.00738621
v 0.06600000 -0.01887805 -0.00527586
v 0.06600000 -0.01887805 -0.00316552
v 0.06600000 -0.01887805 -0.00105517
v 0.06600000 -0.01887805 0.00105517
v 0.06600000 -0.01887805 0.00316552
v 0.06600000 -0.01887805 0.00527586
v 0.06600000 -0.01887805 0.00738621
v 0.06600000 -0.01887805 0.00949655
v 0.06600000 -0.01887805 0.01160690
v 0.06600000 -0.01887805 0.01371724
v 0.06600000 -0.01887805 0.01582759
v 0.06600000 -0.01887805 0.01793793
v 0.06572976 -0.01887805 0.02004828
v 0.06572976 -0.01636098 -0.02004828
v 0.06600000 -0.01636098 -0.01793793
v 0.06600000 -0.01636098 -0.01582759
v 0.06600000 -0.01636098 -0.01371724
v 0.06600000 -0.01636098 -0.01160690
v 0.06600000 -0.01636098 -0.00949655
v 0.06600000 -0.01636098 -0.00738621
v 0.06600000 -0.01636098 -0.00527586
v 0.06600000 -0.01636098 -0.00316552
v 0.06600000 -0.01636098 -0.00105517
v 0.06600000 -0.01636098 0.00105517
v 0.06600000 -0.01636098 0.00316552
v 0.06600000 -0.01636098 0.00527586
v 0.06600000 -0.01636098 0.00738621
v 0.06600000 -0.01636098 0.00949655
v 0.06600000 -0.01636098 0.01160690
v 0.06600000 -0.01636098 0.01371724
v 0.06600000 -0.01636098 0.01582759
v 0.06600000 -0.01636098 0.01793793
v 0.06572976 -0.01636098 0.02004828
v 0.06572976 -0.01384390 -0.02004828
v 0.06600000 -0.01384390 -0.01793793
v 0.06600000 -0.01384390 -0.01582759
v 0.06600000 -0.01384390 -0.01371724
v 0.06600000 -0.01384390 -0.01160690
v 0.06600000 -0.01384390 -0.00949655
v 0.06600000 -0.01384390 -0.00738621
v 0.06600000 -0.01384390 -0.00527586
v 0.06600000 -0.01384390 -0.00316552
v 0.06600000 -0.01384390 -0.00105517
v 0.06600000 -0.01384390 0.00105517
v 0.06600000 -0.01384390 0.00316552
v 0.06600000 -0.01384390 0.00527586
v 0.06600000 -0.01384390 0.00738621
v 0.06600000 -0.01384390 0.00949655
v 0.06600000 -0.01384390 0.01160690
v 0.06600000 -0.01384390 0.01371724
v 0.06600000 -0.01384390 0.01582759
v 0.06600000 -0.01384390 0.01793793
v 0.06572976 -0.01384390 0.02004828
v 0.06572976 -0.01132683 -0.02004828
v 0.06600000 -0.01132683 -0.01793793
v 0.06600000 -0.01132683 -0.01582759
v 0.06600000 -0.01132683 -0.01371724
v 0.06600000 -0.01132683 -0.01160690
v 0.06600000 -0.01132683 -0.00949655
v 0.06600000 -0.01132683 -0.00738621
v 0.06600000 -0.01132683 -0.00527586
v 0.06600000 -0.01132683 -0.00316552
v 0.06600000 -0.01132683 -0.00105517
v 0.06600000 -0.01132683 0.00105517
v 0.06600000 -0.01132683 0.00316552
v 0.06600000 -0.01132683 0.00527586
v 0.06600000 -0.01132683 0.00738621
v 0.06600000 -0.01132683 0.00949655
v 0.06600000 -0.01132683 0.01160690
v 0.06600000 -0.01132683 0.01371724
v 0.06600000 -0.01132683 0.01582759
v 0.06600000 -0.01132683 0.01793793
v 0.06572976 -0.01132683 0.02004828
v 0.06572976 -0.00880976 -0.02004828
v 0.06600000 -0.00880976 -0.01793793
v 0.06600000 -0.00880976 -0.01582759
v 0.06600000 -0.00880976 -0.01371724
v 0.06600000 -0.00880976 -0.01160690
v 0.06600000 -0.00880976 -0.00949655
v 0.06600000 -0.00880976 -0.00738621
v 0.06600000 -0.00880976 -0.00527586
v 0.06600000 -0.00880976 -0.00316552
v 0.06600000 -0.00880976 -0.00105517
v 0.06600000 -0.00880976 0.00105517
v 0.06600000 -0.00880976 0.00316552
v 0.06600000 -0.00880976 0.00527586
v 0.06600000 -0.00880976 0.00738621
v 0.06600000 -0.00880976 0.00949655
v 0.06600000 -0.00880976 0.01160690
v 0.06600000 -0.00880976 0.01371724
v 0.06600000 -0.00880976 0.01582759
v 0.06600000 -0.00880976 0.01793793
v 0.06572976 -0.00880976 0.02004828
v 0.06572976 -0.00629268 -0.02004828
v 0.06600000 -0.00629268 -0.01793793
v 0.06600000 -0.00629268 -0.01582759
v 0.06600000 -0.00629268 -0.01371724
v 0.06600000 -0.00629268 -0.01160690
v 0.06600000 -0.00629268 -0.00949655
v 0.06600000 -0.00629268 -0.00738621
v 0.06600000 -0.00629268 -0.00527586
v 0.06600000 -0.00629268 -0.00316552
v 0.06600000 -0.00629268 -0.00105517
v 0.06600000 -0.00629268 0.00105517
v 0.06600000 -0.00629268 0.00316552
v 0.06600000 -0.00629268 0.00527586
v 0.06600000 -0.00629268 0.00738621
v 0.06600000 -0.00629268 0.00949655
v 0.06600000 -0.00629268 0.01160690
v 0.06600000 -0.00629268 0.01371724
v 0.06600000 -0.00629268 0.01582759
v 0.06600000 -0.00629268 0.01793793
v 0.06572976 -0.00629268 0.02004828
v 0.06572976 -0.00377561 -0.02004828
v 0.06600000 -0.00377561 -0.01793793
v 0.06600000 -0.00377561 -0.01582759
v 0.06600000 -0.00377561 -0.01371724
v 0.06600000 -0.00377561 -0.01160690
v 0.06600000 -0.00377561 -0.00949655
v 0.06600000 -0.00377561 -0.00738621
v 0.06600000 -0.00377561 -0.00527586
v 0.06600000 -0.00377561 -0.00316552
v 0.06600000 -0.00377561 -0.00105517
v 0.06600000 -0.00377561 0.00105517
v 0.06600000 -0.00377561 0.00316552
v 0.06600000 -0.00377561 0.00527586
v 0.06600000 -0.00377561 0.00738621
v 0.06600000 -0.00377561 0.00949655
v 0.06600000 -0.00377561 0.01160690
v 0.06600000 -0.00377561 0.01371724
v 0.06600000 -0.00377561 0.01582759
v 0.06600000 -0.00377561 0.01793793
v 0.06572976 -0.00377561 0.02004828
v 0.06572976 -0.00125854 -0.02004828
v 0.06600000 -0.00125854 -0.01793793
v 0.06600000 -0.00125854 -0.01582759
v 0.06600000 -0.00125854 -0.01371724
v 0.06600000 -0.00125854 -0.01160690
v 0.06600000 -0.00125854 -0.00949655
v 0.06600000 -0.00125854 -0.00738621
v 0.06600000 -0.00125854 -0.00527586
v 0.06600000 -0.00125854 -0.00316552
v 0.06600000 -0.00125854 -0.00105517
v 0.06600000 -0.00125854 0.00105517
v 0.06600000 -0.00125854 0.00316552
v 0.06600000 -0.00125854 0.00527586
v 0.06600000 -0.00125854 0.00738621
v 0.06600000 -0.00125854 0.00949655
v 0.06600000 -0.00125854 0.01160690
v 0.06600000 -0.00125854 0.01371724
v 0.06600000 -0.00125854 0.01582759
v 0.06600000 -0.00125854 0.01793793
v 0.06572976 -0.00125854 0.02004828
v 0.06572976 0.00125854 -0.02004828
v 0.06600000 0.00125854 -0.01793793
v 0.06600000 0.00125854 -0.01582759
v 0.06600000 0.00125854 -0.01371724
v 0.06600000 0.00125854 -0.01160690
v 0.06600000 0.00125854 -0.00949655
v 0.06600000 0.00125854 -0.00738621
v 0.06600000 0.00125854 -0.00527586
v 0.06600000 0.00125854 -0.00316552
v 0.06600000 0.00125854 -0.00105517
v 0.06600000 0.00125854 0.00105517
v 0.06600000 0.00125854 0.00316552
v 0.06600000 0.00125854 0.00527586
v 0.06600000 0.00125854 0.00738621
v 0.06600000 0.00125854 0.00949655
v 0.06600000 0.00125854 0.01160690
v 0.06600000 0.00125854 0.01371724
v 0.06600000 0.00125854 0.01582759
v 0.06600000 0.00125854 0.01793793
v 0.06572976 0.00125854 0.02004828
v 0.06572976 0.00377561 -0.02004828
v 0.06600000 0.00377561 -0.01793793
v 0.06600000 0.00377561 -0.01582759
v 0.06600000 0.00377561 -0.01371724
v 0.06600000 0.00377561 -0.01160690
v 0.06600000 0.00377561 -0.00949655
v 0.06600000 0.00377561 -0.00738621
v 0.06600000 0.00377561 -0.00527586
v 0.06600000 0.00377561 -0.00316552
v 0.06600000 0.00377561 -0.00105517
v 0.06600000 0.00377561 0.00105517
v 0.06600000 0.00377561 0.00316552
v 0.06600000 0.00377561 0.00527586
v 0.06600000 0.00377561 0.00738621
v 0.06600000 0.00377561 0.00949655
v 0.06600000 0.00377561 0.01160690
v 0.06600000 0.00377561 0.01371724
v 0.06600000 0.00377561 0.01582759
v 0.06600000 0.00377561 0.01793793
v 0.06572976 0.00377561 0.02004828
v 0.06572976 0.00629268 -0.02004828
v 0.06600000 0.00629268 -0.01793793
v 0.06600000 0.00629268 -0.01582759
v 0.06600000 0.00629268 -0.01371724
v 0.06600000 0.00629268 -0.01160690
v 0.06600000 0.00629268 -0.00949655
v 0.06600000 0.00629268 -0.00738621
v 0.06600000 0.00629268 -0.00527586
v 0.06600000 0.00629268 -0.00316552
v 0.06600000 0.00629268 -0.00105517
v 0.06600000 0.00629268 0.00105517
v 0.06600000 0.00629268 0.00316552
v 0.06600000 0.00629268 0.00527586
v 0.06600000 0.00629268 0.00738621
v 0.06600000 0.00629268 0.00949655
v 0.06600000 0.00629268 0.01160690
v 0.06600000 0.00629268 0.01371724
v 0.06600000 0.00629268 0.01582759
v 0.06600000 0.00629268 0.01793793
v 0.06572976 0.00629268 0.02004828
v 0.06572976 0.00880976 -0.02004828
v 0.06600000 0.00880976 -0.01793793
v 0.06600000 0.00880976 -0.01582759
v 0.06600000 0.00880976 -0.01371724
v 0.06600000 0.00880976 -0.01160690
v 0.06600000 0.00880976 -0.00949655
v 0.06600000 0.00880976 -0.00738621
v 0.06600000 0.00880976 -0.00527586
v 0.06600000 0.00880976 -0.00316552
v 0.06600000 0.00880976 -0.00105517
v 0.06600000 0.00880976 0.00105517
v 0.06600000 0.00880976 0.00316552
v 0.06600000 0.00880976 0.00527586
v 0.06600000 0.00880976 0.00738621
v 0.06600000 0.00880976 0.00949655
v 0.06600000 0.00880976 0.01160690
v 0.06600000 0.00880976 0.01371724
v 0.06600000 0.00880976 0.01582759
v 0.06600000 0.00880976 0.01793793
v 0.06572976 0.00880976 0.02004828
v 0.06572976 0.01132683 -0.02004828
v 0.06600000 0.01132683 -0.01793793
v 0.06600000 0.01132683 -0.01582759
v 0.06600000 0.01132683 -0.01371724
v 0.06600000 0.01132683 -0.01160690
v 0.06600000 0.01132683 -0.00949655
v 0.06600000 0.01132683 -0.00738621
v 0.06600000 0.01132683 -0.00527586
v 0.06600000 0.01132683 -0.00316552
v 0.06600000 0.01132683 -0.00105517
v 0.06600000 0.01132683 0.00105517
v 0.06600000 0.01132683 0.00316552
v 0.06600000 0.01132683 0.00527586
v 0.06600000 0.01132683 0.00738621
v 0.06600000 0.01132683 0.00949655
v 0.06600000 0.01132683 0.01160690
v 0.06600000 0.01132683 0.01371724
v 0.06600000 0.01132683 0.01582759
v 0.06600000 0.01132683 0.01793793
v 0.06572976 0.01132683 0.02004828
v 0.06572976 0.01384390 -0.02004828
v 0.06600000 0.01384390 -0.01793793
v 0.06600000 0.01384390 -0.01582759
v 0.06600000 0.01384390 -0.01371724
v 0.06600000 0.01384390 -0.01160690
v 0.06600000 0.01384390 -0.00949655
v 0.06600000 0.01384390 -0.00738621
v 0.06600000 0.01384390 -0.00527586
v 0.06600000 0.01384390 -0.00316552
v 0.06600000 0.01384390 -0.00105517
v 0.06600000 0.01384390 0.00105517
v 0.06600000 0.01384390 0.00316552
v 0.06600000 0.01384390 0.00527586
v 0.06600000 0.01384390 0.00738621
v 0.06600000 0.01384390 0.00949655
v 0.06600000 0.01384390 0.01160690
v 0.06600000 0.01384390 0.01371724
v 0.06600000 0.01384390 0.01582759
v 0.06600000 0.01384390 0.01793793
v 0.06572976 0.01384390 0.02004828
v 0.06572976 0.01636098 -0.02004828
v 0.06600000 0.01636098 -0.01793793
v 0.06600000 0.01636098 -0.01582759
v 0.06600000 0.01636098 -0.01371724
v 0.06600000 0.01636098 -0.01160690
v 0.06600000 0.01636098 -0.00949655
v 0.06600000 0.01636098 -0.00738621
v 0.06600000 0.01636098 -0.00527586
v 0.06600000 0.01636098 -0.00316552
v 0.06600000 0.01636098 -0.00105517
v 0.06600000 0.01636098 0.00105517
v 0.06600000 0.01636098 0.00316552
v 0.06600000 0.01636098 0.00527586
v 0.06600000 0.01636098 0.00738621
v 0.06600000 0.01636098 0.00949655
v 0.06600000 0.01636098 0.01160690
v 0.06600000 0.01636098 0.01371724
v 0.06600000 0.01636098 0.01582759
v 0.06600000 0.01636098 0.01793793
v 0.06572976 0.01636098 0.02004828
v 0.06572976 0.01887805 -0.02004828
v 0.06600000 0.01887805 -0.01793793
v 0.06600000 0.01887805 -0.01582759
v 0.06600000 0.01887805 -0.01371724
v 0.06600000 0.01887805 -0.01160690
v 0.06600000 0.01887805 -0.00949655
v 0.06600000 0.01887805 -0.00738621
v 0.06600000 0.01887805 -0.00527586
v 0.06600000 0.01887805 -0.00316552
v 0.06600000 0.01887805 -0.00105517
v 0.06600000 0.01887805 0.00105517
v 0.06600000 0.01887805 0.00316552
v 0.06600000 0.01887805 0.00527586
v 0.06600000 0.01887805 0.00738621
v 0.06600000 0.01887805 0.00949655
v 0.06600000 0.01887805 0.01160690
v 0.06600000 0.01887805 0.01371724
v 0.06600000 0.01887805 0.01582759
v 0.06600000 0.01887805 0.01793793
v 0.06572976 0.01887805 0.02004828
v 0.06572976 0.02139512 -0.02004828
v 0.06600000 0.02139512 -0.01793793
v 0.06600000 0.02139512 -0.01582759
v 0.06600000 0.02139512 -0.01371724
v 0.06600000 0.02139512 -0.01160690
v 0.06600000 0.02139512 -0.00949655
v 0.06600000 0.02139512 -0.00738621
v 0.06600000 0.02139512 -0.00527586
v 0.06600000 0.02139512 -0.00316552
v 0.06600000 0.02139512 -0.00105517
v 0.06600000 0.02139512 0.00105517
v 0.06600000 0.02139512 0.00316552
v 0.06600000 0.02139512 0.00527586
v 0.06600000 0.02139512 0.00738621
v 0.06600000 0.02139512 0.00949655
v 0.06600000 0.02139512 0.01160690
v 0.06600000 0.02139512 0.01371724
v 0.06600000 0.02139512 0.01582759
v 0.06600000 0.02139512 0.01793793
v 0.06572976 0.02139512 0.02004828
v 0.06572976 0.02391220 -0.02004828
v 0.06600000 0.02391220 -0.01793793
v 0.06600000 0.02391220 -0.01582759
v 0.06600000 0.02391220 -0.01371724
v 0.06600000 0.02391220 -0.01160690
v 0.06600000 0.02391220 -0.00949655
v 0.06600000 0.02391220 -0.00738621
v 0.06600000 0.02391220 -0.00527586
v 0.06600000 0.02391220 -0.00316552
v 0.06600000 0.02391220 -0.00105517
v 0.06600000 0.02391220 0.00105517
v 0.06600000 0.02391220 0.00316552
v 0.06600000 0.02391220 0.00527586
v 0.06600000 0.02391220 0.00738621
v 0.06600000 0.02391220 0.00949655
v 0.06600000 0.02391220 0.01160690
v 0.06600000 0.02391220 0.01371724
v 0.06600000 0.02391220 0.01582759
v 0.06600000 0.02391220 0.01793793
v 0.06572976 0.02391220 0.02004828
v 0.06572976 0.02642927 -0.02004828
v 0.06600000 0.02642927 -0.01793793
v 0.06600000 0.02642927 -0.01582759
v 0.06600000 0.02642927 -0.01371724
v 0.06600000 0.02642927 -0.01160690
v 0.06600000 0.02642927 -0.00949655
v 0.06600000 0.02642927 -0.00738621
v 0.06600000 0.02642927 -0.00527586
v 0.06600000 0.02642927 -0.00316552
v 0.06600000 0.02642927 -0.00105517
v 0.06600000 0.02642927 0.00105517
v 0.06600000 0.02642927 0.00316552
v 0.06600000 0.02642927 0.00527586
v 0.06600000 0.02642927 0.00738621
v 0.06600000 0.02642927 0.00949655
v 0.06600000 0.02642927 0.01160690
v 0.06600000 0.02642927 0.01371724
v 0.06600000 0.02642927 0.01582759
v 0.06600000 0.02642927 0.01793793
v 0.06572976 0.02642927 0.02004828
v 0.06572976 0.02894634 -0.02004828
v 0.06600000 0.02894634 -0.01793793
v 0.06600000 0.02894634 -0.01582759
v 0.06600000 0.02894634 -0.01371724
v 0.06600000 0.02894634 -0.01160690
v 0.06600000 0.02894634 -0.00949655
v 0.06600000 0.02894634 -0.00738621
v 0.06600000 0.02894634 -0.00527586
v 0.06600000 0.02894634 -0.00316552
v 0.06600000 0.02894634 -0.00105517
v 0.06600000 0.02894634 0.00105517
v 0.06600000 0.02894634 0.00316552
v 0.06600000 0.02894634 0.00527586
v 0.06600000 0.02894634 0.00738621
v 0.06600000 0.02894634 0.00949655
v 0.06600000 0.02894634 0.01160690
v 0.06600000 0.02894634 0.01371724
v 0.06600000 0.02894634 0.01582759
v 0.06600000 0.02894634 0.01793793
v 0.06572976 0.02894634 0.02004828
v 0.06572976 0.03146341 -0.02004828
v 0.06600000 0.03146341 -0.01793793
v 0.06600000 0.03146341 -0.01582759
v 0.06600000 0.03146341 -0.01371724
v 0.06600000 0.03146341 -0.01160690
v 0.06600000 0.03146341 -0.00949655
v 0.06600000 0.03146341 -0.00738621
v 0.06600000 0.03146341 -0.00527586
v 0.06600000 0.03146341 -0.00316552
v 0.06600000 0.03146341 -0.00105517
v 0.06600000 0.03146341 0.00105517
v 0.06600000 0.03146341 0.00316552
v 0.06600000 0.03146341 0.00527586
v 0.06600000 0.03146341 0.00738621
v 0.06600000 0.03146341 0.00949655
v 0.06600000 0.03146341 0.01160690
v 0.06600000 0.03146341 0.01371724
v 0.06600000 0.03146341 0.01582759
v 0.06600000 0.03146341 0.01793793
v 0.06572976 0.03146341 0.02004828
v 0.06572976 0.03398049 -0.02004828
v 0.06600000 0.03398049 -0.01793793
v 0.06600000 0.03398049 -0.01582759
v 0.06600000 0.03398049 -0.01371724
v 0.06600000 0.03398049 -0.01160690
v 0.06600000 0.03398049 -0.00949655
v 0.06600000 0.03398049 -0.00738621
v 0.06600000 0.03398049 -0.00527586
v 0.06600000 0.03398049 -0.00316552
v 0.06600000 0.03398049 -0.00105517
v 0.06600000 0.03398049 0.00105517
v 0.06600000 0.03398049 0.00316552
v 0.06600000 0.03398049 0.00527586
v 0.06600000 0.03398049 0.00738621
v 0.06600000 0.03398049 0.00949655
v 0.06600000 0.03398049 0.01160690
v 0.06600000 0.03398049 0.01371724
v 0.06600000 0.03398049 0.01582759
v 0.06600000 0.03398049 0.01793793
v 0.06572976 0.03398049 0.02004828
v 0.06572976 0.03649756 -0.02004828
v 0.06600000 0.03649756 -0.01793793
v 0.06600000 0.03649756 -0.01582759
v 0.06600000 0.03649756 -0.01371724
v 0.06600000 0.03649756 -0.01160690
v 0.06600000 0.03649756 -0.00949655
v 0.06600000 0.03649756 -0.00738621
v 0.06600000 0.03649756 -0.00527586
v 0.06600000 0.03649756 -0.00316552
v 0.06600000 0.03649756 -0.00105517
v 0.06600000 0.03649756 0.00105517
v 0.06600000 0.03649756 0.00316552
v 0.06600000 0.03649756 0.00527586
v 0.06600000 0.03649756 0.00738621
v 0.06600000 0.03649756 0.00949655
v 0.06600000 0.03649756 0.01160690
v 0.06600000 0.03649756 0.01371724
v 0.06600000 0.03649756 0.01582759
v 0.06600000 0.03649756 0.01793793
v 0.06572976 0.03649756 0.02004828
v 0.06572974 0.03901463 -0.02004828
v 0.06599998 0.03901463 -0.01793793
v 0.06599998 0.03901463 -0.01582759
v 0.06599998 0.03901463 -0.01371724
v 0.06599998 0.03901463 -0.01160690
v 0.06599998 0.03901463 -0.00949655
v 0.06599998 0.03901463 -0.00738621
v 0.06599998 0.03901463 -0.00527586
v 0.06599998 0.03901463 -0.00316552
v 0.06599998 0.03901463 -0.00105517
v 0.06599998 0.03901463 0.00105517
v 0.06599998 0.03901463 0.00316552
v 0.06599998 0.03901463 0.00527586
v 0.06599998 0.03901463 0.00738621
v 0.06599998 0.03901463 0.00949655
v 0.06599998 0.03901463 0.01160690
v 0.06599998 0.03901463 0.01371724
v 0.06599998 0.03901463 0.01582759
v 0.06599998 0.03901463 0.01793793
v 0.06572974 0.03901463 0.02004828
v 0.06530639 0.04153171 -0.02004828
v 0.06558489 0.04153171 -0.01793793
v 0.06558489 0.04153171 -0.01582759
v 0.06558489 0.04153171 -0.01371724
v 0.06558489 0.04153171 -0.01160690
v 0.06558489 0.04153171 -0.00949655
v 0.06558489 0.04153171 -0.00738621
v 0.06558489 0.04153171 -0.00527586
v 0.06558489 0.04153171 -0.00316552
v 0.06558489 0.04153171 -0.00105517
v 0.06558489 0.04153171 0.00105517
v 0.06558489 0.04153171 0.00316552
v 0.06558489 0.04153171 0.00527586
v 0.06558489 0.04153171 0.00738621
v 0.06558489 0.04153171 0.00949655
v 0.06558489 0.04153171 0.01160690
v 0.06558489 0.04153171 0.01371724
v 0.06558489 0.04153171 0.01582759
v 0.06558489 0.04153171 0.01793793
v 0.06530639 0.04153171 0.02004828
f 3 2 1
f 5 4 1
f 5 1 2
f 7 6 4
f 7 4 5
f 9 8 6
f 9 6 7
f 11 10 8
f 11 8 9
f 13 12 10
f 13 10 11
f 15 14 12
f 15 12 13
f 17 16 14
f 17 14 15
f 19 18 16
f 19 16 17
f 21 20 18
f 21 18 19
f 23 22 20
f 23 20 21
f 25 24 22
f 25 22 23
f 27 26 24
f 27 24 25
f 29 28 26
f 29 26 27
f 31 30 28
f 31 28 29
f 33 32 30
f 33 30 31
f 35 34 32
f 35 32 33
f 37 36 34
f 37 34 35
f 39 38 36
f 39 36 37
f 41 40 38
f 41 38 39
f 42 40 41
f 3 1 43
f 3 43 44
f 45 1 4
f 43 1 45
f 46 4 6
f 45 4 46
f 47 6 8
f 46 6 47
f 48 8 10
f 47 8 48
f 49 10 12
f 48 10 49
f 50 12 14
f 49 12 50
f 51 14 16
f 50 14 51
f 52 16 18
f 51 16 52
f 53 18 20
f 52 18 53
f 54 20 22
f 53 20 54
f 55 22 24
f 54 22 55
f 56 24 26
f 55 24 56
f 57 26 28
f 56 26 57
f 58 28 30
f 57 28 58
f 59 30 32
f 58 30 59
f 60 32 34
f 59 32 60
f 61 34 36
f 60 34 61
f 62 36 38
f 61 36 62
f 63 38 40
f 62 38 63
f 40 42 64
f 40 64 63
f 44 43 65
f 44 65 66
f 67 43 45
f 65 43 67
f 68 45 46
f 67 45 68
f 69 46 47
f 68 46 69
f 70 47 48
f 69 47 70
f 71 48 49
f 70 48 71
f 72 49 50
f 71 49 72
f 73 50 51
f 72 50 73
f 74 51 52
f 73 51 74
f 75 52 53
f 74 52 75
f 76 53 54
f 75 53 76
f 77 54 55
f 76 54 77
f 78 55 56
f 77 55 78
f 79 56 57
f 78 56 79
f 80 57 58
f 79 57 80
f 81 58 59
f 80 58 81
f 82 59 60
f 81 59 82
f 83 60 61
f 82 60 83
f 84 61 62
f 83 61 84
f 85 62 63
f 84 62 85
f 63 64 86
f 63 86 85
f 66 65 87
f 66 87 88
f 89 65 67
f 87 65 89
f 90 67 68
f 89 67 90
f 91 68 69
f 90 68 91
f 92 69 70
f 91 69 92
f 93 70 71
f 92 70 93
f 94 71 72
f 93 71 94
f 95 72 73
f 94 72 95
f 96 73 74
f 95 73 96
f 97 74 75
f 96 74 97
f 98 75 76
f 97 75 98
f 99 76 77
f 98 76 99
f 100 77 78
f 99 77 100
f 101 78 79
f 100 78 101
f 102 79 80
f 101 79 102
f 103 80 81
f 102 80 103
f 104 81 82
f 103 81 104
f 105 82 83
f 104 82 105
f 106 83 84
f 105 83 106
f 107 84 85
f 106 84 107
f 85 86 108
f 85 108 107
f 88 87 109
f 88 109 110
f 111 87 89
f 109 87 111
f 112 89 90
f 111 89 112
f 113 90 91
f 112 90 113
f 114 91 92
f 113 91 114
f 115 92 93
f 114 92 115
f 116 93 94
f 115 93 116
f 117 94 95
f 116 94 117
f 118 95 96
f 117 95 118
f 119 96 97
f 118 96 119
f 120 97 98
f 119 97 120
f 121 98 99
f 120 98 121
f 122 99 100
f 121 99 122
f 123 100 101
f 122 100 123
f 124 101 102
f 123 101 124
f 125 102 103
f 124 102 125
f 126 103 104
f 125 103 126
f 127 104 105
f 126 104 127
f 128 105 106
f 127 105 128
f 129 106 107
f 128 106 129
f 107 108 130
f 107 130 129
f 110 109 131
f 110 131 132
f 133 109 111
f 131 109 133
f 134 111 112
f 133 111 134
f 135 112 113
f 134 112 135
f 136 113 114
f 135 113 136
f 137 114 115
f 136 114 137
f 138 115 116
f 137 115 138
f 139 116 117
f 138 116 139
f 140 117 118
f 139 117 140
f 141 118 119
f 140 118 141
f 142 119 120
f 141 119 142
f 143 120 121
f 142 120 143
f 144 121 122
f 143 121 144
f 145 122 123
f 144 122 145
f 146 123 124
f 145 123 146
f 147 124 125
f 146 124 147
f 148 125 126
f 147 125 148
f 149 126 127
f 148 126 149
f 150 127 128
f 149 127 150
f 151 128 129
f 150 128 151
f 129 130 152
f 129 152 151
f 132 131 153
f 132 153 154
f 155 131 133
f 153 131 155
f 156 133 134
f 155 133 156
f 157 134 135
f 156 134 157
f 158 135 136
f 157 135 158
f 159 136 137
f 158 136 159
f 160 137 138
f 159 137 160
f 161 138 139
f 160 138 161
f 162 139 140
f 161 139 162
f 163 140 141
f 162 140 163
f 164 141 142
f 163 141 164
f 165 142 143
f 164 142 165
f 166 143 144
f 165 143 166
f 167 144 145
f 166 144 167
f 168 145 146
f 167 145 168
f 169 146 147
f 168 146 169
f 170 147 148
f 169 147 170
f 171 148 149
f 170 148 171
f 172 149 150
f 171 149 172
f 173 150 151
f 172 150 173
f 151 152 174
f 151 174 173
f 154 153 175
f 154 175 176
f 177 153 155
f 175 153 177
f 178 155 156
f 177 155 178
f 179 156 157
f 178 156 179
f 180 157 158
f 179 157 180
f 181 158 159
f 180 158 181
f 182 159 160
f 181 159 182
f 183 160 161
f 182 160 183
f 184 161 162
f 183 161 184
f 185 162 163
f 184 162 185
f 186 163 164
f 185 163 186
f 187 164 165
f 186 164 187
f 188 165 166
f 187 165 188
f 189 166 167
f 188 166 189
f 190 167 168
f 189 167 190
f 191 168 169
f 190 168 191
f 192 169 170
f 191 169 192
f 193 170 171
f 192 170 193
f 194 171 172
f 193 171 194
f 195 172 173
f 194 172 195
f 173 174 196
f 173 196 195
f 176 175 197
f 176 197 198
f 199 175 177
f 197 175 199
f 200 177 178
f 199 177 200
f 201 178 179
f 200 178 201
f 202 179 180
f 201 179 202
f 203 180 181
f 202 180 203
f 204 181 182
f 203 181 204
f 205 182 183
f 204 182 205
f 206 183 184
f 205 183 206
f 207 184 185
f 206 184 207
f 208 185 186
f 207 185 208
f 209 186 187
f 208 186 209
f 210 187 188
f 209 187 210
f 211 188 189
f 210 188 211
f 212 189 190
f 211 189 212
f 213 190 191
f 212 190 213
f 214 191 192
f 213 191 214
f 215 192 193
f 214 192 215
f 216 193 194
f 215 193 216
f 217 194 195
f 216 194 217
f 195 196 218
f 195 218 217
f 198 197 219
f 198 219 220
f 221 197 199
f 219 197 221
f 222 199 200
f 221 199 222
f 223 200 201
f 222 200 223
f 224 201 202
f 223 201 224
f 225 202 203
f 224 202 225
f 226 203 204
f 225 203 226
f 227 204 205
f 226 204 227
f 228 205 206
f 227 205 228
f 229 206 207
f 228 206 229
f 230 207 208
f 229 207 230
f 231 208 209
f 230 208 231
f 232 209 210
f 231 209 232
f 233 210 211
f 232 210 233
f 234 211 212
f 233 211 234
f 235 212 213
f 234 212 235
f 236 213 214
f 235 213 236
f 237 214 215
f 236 214 237
f 238 215 216
f 237 215 238
f 239 216 217
f 238 216 239
f 217 218 240
f 217 240 239
f 220 219 241
f 220 241 242
f 243 219 221
f 241 219 243
f 244 221 222
f 243 221 244
f 245 222 223
f 244 222 245
f 246 223 224
f 245 223 246
f 247 224 225
f 246 224 247
f 248 225 226
f 247 225 248
f 249 226 227
f 248 226 249
f 250 227 228
f 249 227 250
f 251 228 229
f 250 228 251
f 252 229 230
f 251 229 252
f 253 230 231
f 252 230 253
f 254 231 232
f 253 231 254
f 255 232 233
f 254 232 255
f 256 233 234
f 255 233 256
f 257 234 235
f 256 234 257
f 258 235 236
f 257 235 258
f 259 236 237
f 258 236 259
f 260 237 238
f 259 237 260
f 261 238 239
f 260 238 261
f 239 240 262
f 239 262 261
f 242 241 263
f 242 263 264
f 265 241 243
f 263 241 265
f 266 243 244
f 265 243 266
f 267 244 245
f 266 244 267
f 268 245 246
f 267 245 268
f 269 246 247
f 268 246 269
f 270 247 248
f 269 247 270
f 271 248 249
f 270 248 271
f 272 249 250
f 271 249 272
f 273 250 251
f 272 250 273
f 274 251 252
f 273 251 274
f 275 252 253
f 274 252 275
f 276 253 254
f 275 253 276
f 277 254 255
f 276 254 277
f 278 255 256
f 277 255 278
f 279 256 257
f 278 256 279
f 280 257 258
f 279 257 280
f 281 258 259
f 280 258 281
f 282 259 260
f 281 259 282
f 283 260 261
f 282 260 283
f 261 262 284
f 261 284 283
f 264 263 285
f 264 285 286
f 287 263 265
f 285 263 287
f 288 265 266
f 287 265 288
f 289 266 267
f 288 266 289
f 290 267 268
f 289 267 290
f 291 268 269
f 290 268 291
f 292 269 270
f 291 269 292
f 293 270 271
f 292 270 293
f 294 271 272
f 293 271 294
f 295 272 273
f 294 272 295
f 296 273 274
f 295 273 296
f 297 274 275
f 296 274 297
f 298 275 276
f 297 275 298
f 299 276 277
f 298 276 299
f 300 277 278
f 299 277 300
f 301 278 279
f 300 278 301
f 302 279 280
f 301 279 302
f 303 280 281
f 302 280 303
f 304 281 282
f 303 281 304
f 305 282 283
f 304 282 305
f 283 284 306
f 283 306 305
f 286 285 307
f 286 307 308
f 309 285 287
f 307 285 309
f 310 287 288
f 309 287 310
f 311 288 289
f 310 288 311
f 312 289 290
f 311 289 312
f 313 290 291
f 312 290 313
f 314 291 292
f 313 291 314
f 315 292 293
f 314 292 315
f 316 293 294
f 315 293 316
f 317 294 295
f 316 294 317
f 318 295 296
f 317 295 318
f 319 296 297
f 318 296 319
f 320 297 298
f 319 297 320
f 321 298 299
f 320 298 321
f 322 299 300
f 321 299 322
f 323 300 301
f 322 300 323
f 324 301 302
f 323 301 324
f 325 302 303
f 324 302 325
f 326 303 304
f 325 303 326
f 327 304 305
f 326 304 327
f 305 306 328
f 305 328 327
f 308 307 329
f 308 329 330
f 331 307 309
f 329 307 331
f 332 309 310
f 331 309 332
f 333 310 311
f 332 310 333
f 334 311 312
f 333 311 334
f 335 312 313
f 334 312 335
f 336 313 314
f 335 313 336
f 337 314 315
f 336 314 337
f 338 315 316
f 337 315 338
f 339 316 317
f 338 316 339
f 340 317 318
f 339 317 340
f 341 318 319
f 340 318 341
f 342 319 320
f 341 319 342
f 343 320 321
f 342 320 343
f 344 321 322
f 343 321 344
f 345 322 323
f 344 322 345
f 346 323 324
f 345 323 346
f 347 324 325
f 346 324 347
f 348 325 326
f 347 325 348
f 349 326 327
f 348 326 349
f 327 328 350
f 327 350 349
f 330 329 351
f 330 351 352
f 353 329 331
f 351 329 353
f 354 331 332
f 353 331 354
f 355 332 333
f 354 332 355
f 356 333 334
f 355 333 356
f 357 334 335
f 356 334 357
f 358 335 336
f 357 335 358
f 359 336 337
f 358 336 359
f 360 337 338
f 359 337 360
f 361 338 339
f 360 338 361
f 362 339 340
f 361 339 362
f 363 340 341
f 362 340 363
f 364 341 342
f 363 341 364
f 365 342 343
f 364 342 365
f 366 343 344
f 365 343 366
f 367 344 345
f 366 344 367
f 368 345 346
f 367 345 368
f 369 346 347
f 368 346 369
f 370 347 348
f 369 347 370
f 371 348 349
f 370 348 371
f 349 350 372
f 349 372 371
f 352 351 373
f 352 373 374
f 375 351 353
f 373 351 375
f 376 353 354
f 375 353 376
f 377 354 355
f 376 354 377
f 378 355 356
f 377 355 378
f 379 356 357
f 378 356 379
f 380 357 358
f 379 357 380
f 381 358 359
f 380 358 381
f 382 359 360
f 381 359 382
f 383 360 361
f 382 360 383
f 384 361 362
f 383 361 384
f 385 362 363
f 384 362 385
f 386 363 364
f 385 363 386
f 387 364 365
f 386 364 387
f 388 365 366
f 387 365 388
f 389 366 367
f 388 366 389
f 390 367 368
f 389 367 390
f 391 368 369
f 390 368 391
f 392 369 370
f 391 369 392
f 393 370 371
f 392 370 393
f 371 372 394
f 371 394 393
f 374 373 395
f 374 395 396
f 397 373 375
f 395 373 397
f 398 375 376
f 397 375 398
f 399 376 377
f 398 376 399
f 400 377 378
f 399 377 400
f 401 378 379
f 400 378 401
f 402 379 380
f 401 379 402
f 403 380 381
f 402 380 403
f 404 381 382
f 403 381 404
f 405 382 383
f 404 382 405
f 406 383 384
f 405 383 406
f 407 384 385
f 406 384 407
f 408 385 386
f 407 385 408
f 409 386 387
f 408 386 409
f 410 387 388
f 409 387 410
f 411 388 389
f 410 388 411
f 412 389 390
f 411 389 412
f 413 390 391
f 412 390 413
f 414 391 392
f 413 391 414
f 415 392 393
f 414 392 415
f 393 394 416
f 393 416 415
f 396 395 417
f 396 417 418
f 419 395 397
f 417 395 419
f 420 397 398
f 419 397 420
f 421 398 399
f 420 398 421
f 422 399 400
f 421 399 422
f 423 400 401
f 422 400 423
f 424 401 402
f 423 401 424
f 425 402 403
f 424 402 425
f 426 403 404
f 425 403 426
f 427 404 405
f 426 404 427
f 428 405 406
f 427 405 428
f 429 406 407
f 428 406 429
f 430 407 408
f 429 407 430
f 431 408 409
f 430 408 431
f 432 409 410
f 431 409 432
f 433 410 411
f 432 410 433
f 434 411 412
f 433 411 434
f 435 412 413
f 434 412 435
f 436 413 414
f 435 413 436
f 437 414 415
f 436 414 437
f 415 416 438
f 415 438 437
f 418 417 439
f 418 439 440
f 441 417 419
f 439 417 441
f 442 419 420
f 441 419 442
f 443 420 421
f 442 420 443
f 444 421 422
f 443 421 444
f 445 422 423
f 444 422 445
f 446 423 424
f 445 423 446
f 447 424 425
f 446 424 447
f 448 425 426
f 447 425 448
f 449 426 427
f 448 426 449
f 450 427 428
f 449 427 450
f 451 428 429
f 450 428 451
f 452 429 430
f 451 429 452
f 453 430 431
f 452 430 453
f 454 431 432
f 453 431 454
f 455 432 433
f 454 432 455
f 456 433 434
f 455 433 456
f 457 434 435
f 456 434 457
f 458 435 436
f 457 435 458
f 459 436 437
f 458 436 459
f 437 438 460
f 437 460 459
f 440 439 461
f 440 461 462
f 463 439 441
f 461 439 463
f 464 441 442
f 463 441 464
f 465 442 443
f 464 442 465
f 466 443 444
f 465 443 466
f 467 444 445
f 466 444 467
f 468 445 446
f 467 445 468
f 469 446 447
f 468 446 469
f 470 447 448
f 469 447 470
f 471 448 449
f 470 448 471
f 472 449 450
f 471 449 472
f 473 450 451
f 472 450 473
f 474 451 452
f 473 451 474
f 475 452 453
f 474 452 475
f 476 453 454
f 475 453 476
f 477 454 455
f 476 454 477
f 478 455 456
f 477 455 478
f 479 456 457
f 478 456 479
f 480 457 458
f 479 457 480
f 481 458 459
f 480 458 481
f 459 460 482
f 459 482 481
f 462 461 483
f 462 483 484
f 485 461 463
f 483 461 485
f 486 463 464
f 485 463 486
f 487 464 465
f 486 464 487
f 488 465 466
f 487 465 488
f 489 466 467
f 488 466 489
f 490 467 468
f 489 467 490
f 491 468 469
f 490 468 491
f 492 469 470
f 491 469 492
f 493 470 471
f 492 470 493
f 494 471 472
f 493 471 494
f 495 472 473
f 494 472 495
f 496 473 474
f 495 473 496
f 497 474 475
f 496 474 497
f 498 475 476
f 497 475 498
f 499 476 477
f 498 476 499
f 500 477 478
f 499 477 500
f 501 478 479
f 500 478 501
f 502 479 480
f 501 479 502
f 503 480 481
f 502 480 503
f 481 482 504
f 481 504 503
f 484 483 505
f 484 505 506
f 507 483 485
f 505 483 507
f 508 485 486
f 507 485 508
f 509 486 487
f 508 486 509
f 510 487 488
f 509 487 510
f 511 488 489
f 510 488 511
f 512 489 490
f 511 489 512
f 513 490 491
f 512 490 513
f 514 491 492
f 513 491 514
f 515 492 493
f 514 492 515
f 516 493 494
f 515 493 516
f 517 494 495
f 516 494 517
f 518 495 496
f 517 495 518
f 519 496 497
f 518 496 519
f 520 497 498
f 519 497 520
f 521 498 499
f 520 498 521
f 522 499 500
f 521 499 522
f 523 500 501
f 522 500 523
f 524 501 502
f 523 501 524
f 525 502 503
f 524 502 525
f 503 504 526
f 503 526 525
f 506 505 527
f 506 527 528
f 529 505 507
f 527 505 529
f 530 507 508
f 529 507 530
f 531 508 509
f 530 508 531
f 532 509 510
f 531 509 532
f 533 510 511
f 532 510 533
f 534 511 512
f 533 511 534
f 535 512 513
f 534 512 535
f 536 513 514
f 535 513 536
f 537 514 515
f 536 514 537
f 538 515 516
f 537 515 538
f 539 516 517
f 538 516 539
f 540 517 518
f 539 517 540
f 541 518 519
f 540 518 541
f 542 519 520
f 541 519 542
f 543 520 521
f 542 520 543
f 544 521 522
f 543 521 544
f 545 522 523
f 544 522 545
f 546 523 524
f 545 523 546
f 547 524 525
f 546 524 547
f 525 526 548
f 525 548 547
f 528 527 549
f 528 549 550
f 551 527 529
f 549 527 551
f 552 529 530
f 551 529 552
f 553 530 531
f 552 530 553
f 554 531 532
f 553 531 554
f 555 532 533
f 554 532 555
f 556 533 534
f 555 533 556
f 557 534 535
f 556 534 557
f 558 535 536
f 557 535 558
f 559 536 537
f 558 536 559
f 560 537 538
f 559 537 560
f 561 538 539
f 560 538 561
f 562 539 540
f 561 539 562
f 563 540 541
f 562 540 563
f 564 541 542
f 563 541 564
f 565 542 543
f 564 542 565
f 566 543 544
f 565 543 566
f 567 544 545
f 566 544 567
f 568 545 546
f 567 545 568
f 569 546 547
f 568 546 569
f 547 548 570
f 547 570 569
f 550 549 571
f 550 571 572
f 573 549 551
f 571 549 573
f 574 551 552
f 573 551 574
f 575 552 553
f 574 552 575
f 576 553 554
f 575 553 576
f 577 554 555
f 576 554 577
f 578 555 556
f 577 555 578
f 579 556 557
f 578 556 579
f 580 557 558
f 579 557 580
f 581 558 559
f 580 558 581
f 582 559 560
f 581 559 582
f 583 560 561
f 582 560 583
f 584 561 562
f 583 561 584
f 585 562 563
f 584 562 585
f 586 563 564
f 585 563 586
f 587 564 565
f 586 564 587
f 588 565 566
f 587 565 588
f 589 566 567
f 588 566 589
f 590 567 568
f 589 567 590
f 591 568 569
f 590 568 591
f 569 570 592
f 569 592 591
f 572 571 593
f 572 593 594
f 595 571 573
f 593 571 595
f 596 573 574
f 595 573 596
f 597 574 575
f 596 574 597
f 598 575 576
f 597 575 598
f 599 576 577
f 598 576 599
f 600 577 578
f 599 577 600
f 601 578 579
f 600 578 601
f 602 579 580
f 601 579 602
f 603 580 581
f 602 580 603
f 604 581 582
f 603 581 604
f 605 582 583
f 604 582 605
f 606 583 584
f 605 583 606
f 607 584 585
f 606 584 607
f 608 585 586
f 607 585 608
f 609 586 587
f 608 586 609
f 610 587 588
f 609 587 610
f 611 588 589
f 610 588 611
f 612 589 590
f 611 589 612
f 613 590 591
f 612 590 613
f 591 592 614
f 591 614 613
f 594 593 615
f 594 615 616
f 617 593 595
f 615 593 617
f 618 595 596
f 617 595 618
f 619 596 597
f 618 596 619
f 620 597 598
f 619 597 620
f 621 598 599
f 620 598 621
f 622 599 600
f 621 599 622
f 623 600 601
f 622 600 623
f 624 601 602
f 623 601 624
f 625 602 603
f 624 602 625
f 626 603 604
f 625 603 626
f 627 604 605
f 626 604 627
f 628 605 606
f 627 605 628
f 629 606 607
f 628 606 629
f 630 607 608
f 629 607 630
f 631 608 609
f 630 608 631
f 632 609 610
f 631 609 632
f 633 610 611
f 632 610 633
f 634 611 612
f 633 611 634
f 635 612 613
f 634 612 635
f 613 614 636
f 613 636 635
f 616 615 637
f 616 637 638
f 639 615 617
f 637 615 639
f 640 617 618
f 639 617 640
f 641 618 619
f 640 618 641
f 642 619 620
f 641 619 642
f 643 620 621
f 642 620 643
f 644 621 622
f 643 621 644
f 645 622 623
f 644 622 645
f 646 623 624
f 645 623 646
f 647 624 625
f 646 624 647
f 648 625 626
f 647 625 648
f 649 626 627
f 648 626 649
f 650 627 628
f 649 627 650
f 651 628 629
f 650 628 651
f 652 629 630
f 651 629 652
f 653 630 631
f 652 630 653
f 654 631 632
f 653 631 654
f 655 632 633
f 654 632 655
f 656 633 634
f 655 633 656
f 657 634 635
f 656 634 657
f 635 636 658
f 635 658 657
f 638 637 659
f 638 659 660
f 661 637 639
f 659 637 661
f 662 639 640
f 661 639 662
f 663 640 641
f 662 640 663
f 664 641 642
f 663 641 664
f 665 642 643
f 664 642 665
f 666 643 644
f 665 643 666
f 667 644 645
f 666 644 667
f 668 645 646
f 667 645 668
f 669 646 647
f 668 646 669
f 670 647 648
f 669 647 670
f 671 648 649
f 670 648 671
f 672 649 650
f 671 649 672
f 673 650 651
f 672 650 673
f 674 651 652
f 673 651 674
f 675 652 653
f 674 652 675
f 676 653 654
f 675 653 676
f 677 654 655
f 676 654 677
f 678 655 656
f 677 655 678
f 679 656 657
f 678 656 679
f 657 658 680
f 657 680 679
f 660 659 681
f 660 681 682
f 683 659 661
f 681 659 683
f 684 661 662
f 683 661 684
f 685 662 663
f 684 662 685
f 686 663 664
f 685 663 686
f 687 664 665
f 686 664 687
f 688 665 666
f 687 665 688
f 689 666 667
f 688 666 689
f 690 667 668
f 689 667 690
f 691 668 669
f 690 668 691
f 692 669 670
f 691 669 692
f 693 670 671
f 692 670 693
f 694 671 672
f 693 671 694
f 695 672 673
f 694 672 695
f 696 673 674
f 695 673 696
f 697 674 675
f 696 674 697
f 698 675 676
f 697 675 698
f 699 676 677
f 698 676 699
f 700 677 678
f 699 677 700
f 701 678 679
f 700 678 701
f 679 680 702
f 679 702 701
f 682 681 703
f 682 703 704
f 705 681 683
f 703 681 705
f 706 683 684
f 705 683 706
f 707 684 685
f 706 684 707
f 708 685 686
f 707 685 708
f 709 686 687
f 708 686 709
f 710 687 688
f 709 687 710
f 711 688 689
f 710 688 711
f 712 689 690
f 711 689 712
f 713 690 691
f 712 690 713
f 714 691 692
f 713 691 714
f 715 692 693
f 714 692 715
f 716 693 694
f 715 693 716
f 717 694 695
f 716 694 717
f 718 695 696
f 717 695 718
f 719 696 697
f 718 696 719
f 720 697 698
f 719 697 720
f 721 698 699
f 720 698 721
f 722 699 700
f 721 699 722
f 723 700 701
f 722 700 723
f 701 702 724
f 701 724 723
f 704 703 725
f 704 725 726
f 727 703 705
f 725 703 727
f 728 705 706
f 727 705 728
f 729 706 707
f 728 706 729
f 730 707 708
f 729 707 730
f 731 708 709
f 730 708 731
f 732 709 710
f 731 709 732
f 733 710 711
f 732 710 733
f 734 711 712
f 733 711 734
f 735 712 713
f 734 712 735
f 736 713 714
f 735 713 736
f 737 714 715
f 736 714 737
f 738 715 716
f 737 715 738
f 739 716 717
f 738 716 739
f 740 717 718
f 739 717 740
f 741 718 719
f 740 718 741
f 742 719 720
f 741 719 742
f 743 720 721
f 742 720 743
f 744 721 722
f 743 721 744
f 745 722 723
f 744 722 745
f 723 724 746
f 723 746 745
f 726 725 747
f 726 747 748
f 749 725 727
f 747 725 749
f 750 727 728
f 749 727 750
f 751 728 729
f 750 728 751
f 752 729 730
f 751 729 752
f 753 730 731
f 752 730 753
f 754 731 732
f 753 731 754
f 755 732 733
f 754 732 755
f 756 733 734
f 755 733 756
f 757 734 735
f 756 734 757
f 758 735 736
f 757 735 758
f 759 736 737
f 758 736 759
f 760 737 738
f 759 737 760
f 761 738 739
f 760 738 761
f 762 739 740
f 761 739 762
f 763 740 741
f 762 740 763
f 764 741 742
f 763 741 764
f 765 742 743
f 764 742 765
f 766 743 744
f 765 743 766
f 767 744 745
f 766 744 767
f 745 746 768
f 745 768 767
f 769 748 747
f 769 747 749
f 769 749 770
f 770 749 750
f 770 750 771
f 771 750 751
f 771 751 772
f 772 751 752
f 772 752 773
f 773 752 753
f 773 753 774
f 774 753 754
f 774 754 775
f 775 754 755
f 775 755 776
f 776 755 756
f 776 756 777
f 777 756 757
f 777 757 778
f 778 757 758
f 778 758 779
f 779 758 759
f 779 759 780
f 780 759 760
f 780 760 781
f 781 760 761
f 781 761 782
f 782 761 762
f 782 762 783
f 783 762 763
f 783 763 784
f 784 763 764
f 784 764 785
f 785 764 765
f 785 765 786
f 786 765 766
f 786 766 787
f 787 766 767
f 787 767 788
f 788 767 768
f 791 790 789
f 793 792 789
f 793 789 790
f 795 794 792
f 795 792 793
f 797 796 794
f 797 794 795
f 799 798 796
f 799 796 797
f 801 800 798
f 801 798 799
f 803 802 800
f 803 800 801
f 805 804 802
f 805 802 803
f 807 806 804
f 807 804 805
f 809 808 806
f 809 806 807
f 811 810 808
f 811 808 809
f 813 812 810
f 813 810 811
f 815 814 812
f 815 812 813
f 817 816 814
f 817 814 815
f 819 818 816
f 819 816 817
f 821 820 818
f 821 818 819
f 823 822 820
f 823 820 821
f 825 824 822
f 825 822 823
f 827 826 824
f 827 824 825
f 829 828 826
f 829 826 827
f 830 828 829
f 833 832 831
f 831 832 791
f 831 791 789
f 3 831 789
f 2 3 789
f 2 789 5
f 5 789 792
f 5 792 7
f 7 792 794
f 7 794 9
f 9 794 796
f 9 796 11
f 11 796 798
f 11 798 13
f 13 798 800
f 13 800 15
f 15 800 802
f 15 802 17
f 17 802 804
f 17 804 19
f 19 804 806
f 19 806 21
f 21 806 808
f 21 808 23
f 23 808 810
f 23 810 25
f 25 810 812
f 25 812 27
f 27 812 814
f 27 814 29
f 29 814 816
f 29 816 31
f 31 816 818
f 31 818 33
f 33 818 820
f 33 820 35
f 35 820 822
f 35 822 37
f 37 822 824
f 37 824 39
f 39 824 826
f 39 826 41
f 41 826 828
f 835 834 42
f 835 42 41
f 830 835 41
f 828 830 41
f 836 834 835
f 839 838 837
f 837 838 833
f 831 837 833
f 840 837 831
f 44 840 3
f 3 840 831
f 841 64 834
f 834 64 42
f 834 836 842
f 843 834 842
f 841 834 843
f 844 843 842
f 839 837 845
f 839 845 846
f 847 837 840
f 845 837 847
f 66 847 44
f 44 847 840
f 848 86 841
f 841 86 64
f 849 841 843
f 848 841 849
f 843 844 850
f 843 850 849
f 846 845 851
f 846 851 852
f 853 845 847
f 851 845 853
f 88 853 66
f 66 853 847
f 854 108 848
f 848 108 86
f 855 848 849
f 854 848 855
f 849 850 856
f 849 856 855
f 852 851 857
f 852 857 858
f 859 851 853
f 857 851 859
f 110 859 88
f 88 859 853
f 860 130 854
f 854 130 108
f 861 854 855
f 860 854 861
f 855 856 862
f 855 862 861
f 858 857 863
f 858 863 864
f 865 857 859
f 863 857 865
f 132 865 110
f 110 865 859
f 866 152 860
f 860 152 130
f 867 860 861
f 866 860 867
f 861 862 868
f 861 868 867
f 864 863 869
f 864 869 870
f 871 863 865
f 869 863 871
f 154 871 132
f 132 871 865
f 872 174 866
f 866 174 152
f 873 866 867
f 872 866 873
f 867 868 874
f 867 874 873
f 870 869 875
f 870 875 876
f 877 869 871
f 875 869 877
f 176 877 154
f 154 877 871
f 878 196 872
f 872 196 174
f 879 872 873
f 878 872 879
f 873 874 880
f 873 880 879
f 876 875 881
f 876 881 882
f 883 875 877
f 881 875 883
f 198 883 176
f 176 883 877
f 884 218 878
f 878 218 196
f 885 878 879
f 884 878 885
f 879 880 886
f 879 886 885
f 882 881 887
f 882 887 888
f 889 881 883
f 887 881 889
f 220 889 198
f 198 889 883
f 890 240 884
f 884 240 218
f 891 884 885
f 890 884 891
f 885 886 892
f 885 892 891
f 888 887 893
f 888 893 894
f 895 887 889
f 893 887 895
f 242 895 220
f 220 895 889
f 896 262 890
f 890 262 240
f 897 890 891
f 896 890 897
f 891 892 898
f 891 898 897
f 894 893 899
f 894 899 900
f 901 893 895
f 899 893 901
f 264 901 242
f 242 901 895
f 902 284 896
f 896 284 262
f 903 896 897
f 902 896 903
f 897 898 904
f 897 904 903
f 900 899 905
f 900 905 906
f 907 899 901
f 905 899 907
f 286 907 264
f 264 907 901
f 908 306 902
f 902 306 284
f 909 902 903
f 908 902 909
f 903 904 910
f 903 910 909
f 906 905 911
f 906 911 912
f 913 905 907
f 911 905 913
f 308 913 286
f 286 913 907
f 914 328 908
f 908 328 306
f 915 908 909
f 914 908 915
f 909 910 916
f 909 916 915
f 912 911 917
f 912 917 918
f 919 911 913
f 917 911 919
f 330 919 308
f 308 919 913
f 920 350 914
f 914 350 328
f 921 914 915
f 920 914 921
f 915 916 922
f 915 922 921
f 918 917 923
f 918 923 924
f 925 917 919
f 923 917 925
f 352 925 330
f 330 925 919
f 926 372 920
f 920 372 350
f 927 920 921
f 926 920 927
f 921 922 928
f 921 928 927
f 924 923 929
f 924 929 930
f 931 923 925
f 929 923 931
f 374 931 352
f 352 931 925
f 932 394 926
f 926 394 372
f 933 926 927
f 932 926 933
f 927 928 934
f 927 934 933
f 930 929 935
f 930 935 936
f 937 929 931
f 935 929 937
f 396 937 374
f 374 937 931
f 938 416 932
f 932 416 394
f 939 932 933
f 938 932 939
f 933 934 940
f 933 940 939
f 936 935 941
f 936 941 942
f 943 935 937
f 941 935 943
f 418 943 396
f 396 943 937
f 944 438 938
f 938 438 416
f 945 938 939
f 944 938 945
f 939 940 946
f 939 946 945
f 942 941 947
f 942 947 948
f 949 941 943
f 947 941 949
f 440 949 418
f 418 949 943
f 950 460 944
f 944 460 438
f 951 944 945
f 950 944 951
f 945 946 952
f 945 952 951
f 948 947 953
f 948 953 954
f 955 947 949
f 953 947 955
f 462 955 440
f 440 955 949
f 956 482 950
f 950 482 460
f 957 950 951
f 956 950 957
f 951 952 958
f 951 958 957
f 954 953 959
f 954 959 960
f 961 953 955
f 959 953 961
f 484 961 462
f 462 961 955
f 962 504 956
f 956 504 482
f 963 956 957
f 962 956 963
f 957 958 964
f 957 964 963
f 960 959 965
f 960 965 966
f 967 959 961
f 965 959 967
f 506 967 484
f 484 967 961
f 968 526 962
f 962 526 504
f 969 962 963
f 968 962 969
f 963 964 970
f 963 970 969
f 966 965 971
f 966 971 972
f 973 965 967
f 971 965 973
f 528 973 506
f 506 973 967
f 974 548 968
f 968 548 526
f 975 968 969
f 974 968 975
f 969 970 976
f 969 976 975
f 972 971 977
f 972 977 978
f 979 971 973
f 977 971 979
f 550 979 528
f 528 979 973
f 980 570 974
f 974 570 548
f 981 974 975
f 980 974 981
f 975 976 982
f 975 982 981
f 978 977 983
f 978 983 984
f 985 977 979
f 983 977 985
f 572 985 550
f 550 985 979
f 986 592 980
f 980 592 570
f 987 980 981
f 986 980 987
f 981 982 988
f 981 988 987
f 984 983 989
f 984 989 990
f 991 983 985
f 989 983 991
f 594 991 572
f 572 991 985
f 992 614 986
f 986 614 592
f 993 986 987
f 992 986 993
f 987 988 994
f 987 994 993
f 990 989 995
f 990 995 996
f 997 989 991
f 995 989 997
f 616 997 594
f 594 997 991
f 998 636 992
f 992 636 614
f 999 992 993
f 998 992 999
f 993 994 1000
f 993 1000 999
f 996 995 1001
f 996 1001 1002
f 1003 995 997
f 1001 995 1003
f 638 1003 616
f 616 1003 997
f 1004 658 998
f 998 658 636
f 1005 998 999
f 1004 998 1005
f 999 1000 1006
f 999 1006 1005
f 1002 1001 1007
f 1002 1007 1008
f 1009 1001 1003
f 1007 1001 1009
f 660 1009 638
f 638 1009 1003
f 1010 680 1004
f 1004 680 658
f 1011 1004 1005
f 1010 1004 1011
f 1005 1006 1012
f 1005 1012 1011
f 1008 1007 1013
f 1008 1013 1014
f 1015 1007 1009
f 1013 1007 1015
f 682 1015 660
f 660 1015 1009
f 1016 702 1010
f 1010 702 680
f 1017 1010 1011
f 1016 1010 1017
f 1011 1012 1018
f 1011 1018 1017
f 1014 1013 1019
f 1014 1019 1020
f 1021 1013 1015
f 1019 1013 1021
f 704 1021 682
f 682 1021 1015
f 1022 724 1016
f 1016 724 702
f 1023 1016 1017
f 1022 1016 1023
f 1017 1018 1024
f 1017 1024 1023
f 1020 1019 1025
f 1020 1025 1026
f 1027 1019 1021
f 1025 1019 1027
f 726 1027 704
f 704 1027 1021
f 1028 746 1022
f 1022 746 724
f 1029 1022 1023
f 1028 1022 1029
f 1023 1024 1030
f 1023 1030 1029
f 1031 1026 1025
f 1033 1032 1031
f 1025 1033 1031
f 1027 1033 1025
f 748 1033 726
f 726 1033 1027
f 1034 768 1028
f 1028 768 746
f 1029 1036 1035
f 1034 1029 1035
f 1028 1029 1034
f 1036 1029 1030
f 1037 1032 1033
f 1039 1037 1038
f 1038 1037 769
f 1037 1033 769
f 1033 748 769
f 770 1040 769
f 769 1040 1038
f 771 1041 770
f 770 1041 1040
f 772 1042 771
f 771 1042 1041
f 773 1043 772
f 772 1043 1042
f 774 1044 773
f 773 1044 1043
f 775 1045 774
f 774 1045 1044
f 776 1046 775
f 775 1046 1045
f 777 1047 776
f 776 1047 1046
f 778 1048 777
f 777 1048 1047
f 779 1049 778
f 778 1049 1048
f 780 1050 779
f 779 1050 1049
f 781 1051 780
f 780 1051 1050
f 782 1052 781
f 781 1052 1051
f 783 1053 782
f 782 1053 1052
f 784 1054 783
f 783 1054 1053
f 785 1055 784
f 784 1055 1054
f 786 1056 785
f 785 1056 1055
f 787 1057 786
f 786 1057 1056
f 788 1058 787
f 787 1058 1057
f 1059 1058 788
f 1059 788 768
f 1060 1059 768
f 1034 1060 768
f 1060 1034 1035
f 1061 1039 1038
f 1061 1038 1040
f 1061 1040 1062
f 1062 1040 1041
f 1062 1041 1063
f 1063 1041 1042
f 1063 1042 1064
f 1064 1042 1043
f 1064 1043 1065
f 1065 1043 1044
f 1065 1044 1066
f 1066 1044 1045
f 1066 1045 1067
f 1067 1045 1046
f 1067 1046 1068
f 1068 1046 1047
f 1068 1047 1069
f 1069 1047 1048
f 1069 1048 1070
f 1070 1048 1049
f 1070 1049 1071
f 1071 1049 1050
f 1071 1050 1072
f 1072 1050 1051
f 1072 1051 1073
f 1073 1051 1052
f 1073 1052 1074
f 1074 1052 1053
f 1074 1053 1075
f 1075 1053 1054
f 1075 1054 1076
f 1076 1054 1055
f 1076 1055 1077
f 1077 1055 1056
f 1077 1056 1078
f 1078 1056 1057
f 1078 1057 1079
f 1079 1057 1058
f 1079 1058 1080
f 1080 1058 1059
f 1083 1082 1081
f 1085 1084 1081
f 1085 1081 1082
f 1087 1086 1084
f 1087 1084 1085
f 1089 1088 1086
f 1089 1086 1087
f 1091 1090 1088
f 1091 1088 1089
f 1093 1092 1090
f 1093 1090 1091
f 1095 1094 1092
f 1095 1092 1093
f 1097 1096 1094
f 1097 1094 1095
f 1099 1098 1096
f 1099 1096 1097
f 1101 1100 1098
f 1101 1098 1099
f 1103 1102 1100
f 1103 1100 1101
f 1105 1104 1102
f 1105 1102 1103
f 1107 1106 1104
f 1107 1104 1105
f 1109 1108 1106
f 1109 1106 1107
f 1111 1110 1108
f 1111 1108 1109
f 1113 1112 1110
f 1113 1110 1111
f 1115 1114 1112
f 1115 1112 1113
f 1117 1116 1114
f 1117 1114 1115
f 1118 1116 1117
f 1121 1120 1119
f 790 791 1119
f 1120 790 1119
f 1122 790 1120
f 1081 793 1083
f 793 1122 1083
f 793 790 1122
f 793 1081 795
f 795 1081 1084
f 795 1084 797
f 797 1084 1086
f 797 1086 799
f 799 1086 1088
f 799 1088 801
f 801 1088 1090
f 801 1090 803
f 803 1090 1092
f 803 1092 805
f 805 1092 1094
f 805 1094 807
f 807 1094 1096
f 807 1096 809
f 809 1096 1098
f 809 1098 811
f 811 1098 1100
f 811 1100 813
f 813 1100 1102
f 813 1102 815
f 815 1102 1104
f 815 1104 817
f 817 1104 1106
f 817 1106 819
f 819 1106 1108
f 819 1108 821
f 821 1108 1110
f 821 1110 823
f 823 1110 1112
f 823 1112 825
f 825 1112 1114
f 825 1114 827
f 827 1114 1116
f 1118 1123 1116
f 1123 827 1116
f 1123 829 827
f 1125 1124 830
f 829 1125 830
f 1123 1125 829
f 1126 1124 1125
f 1129 1128 1127
f 1127 1128 1121
f 1127 1121 1119
f 833 1127 1119
f 832 833 1119
f 832 1119 791
f 1124 835 830
f 1131 1130 836
f 1131 836 835
f 1126 1131 835
f 1124 1126 835
f 1132 1130 1131
f 1129 1127 838
f 839 1129 838
f 1133 1129 839
f 838 1127 833
f 1130 842 836
f 844 842 1130
f 1132 844 1130
f 1134 844 1132
f 846 1133 839
f 846 1135 1133
f 1134 850 844
f 1136 850 1134
f 852 1135 846
f 852 1137 1135
f 1136 856 850
f 1138 856 1136
f 858 1137 852
f 858 1139 1137
f 1138 862 856
f 1140 862 1138
f 864 1139 858
f 864 1141 1139
f 1140 868 862
f 1142 868 1140
f 870 1141 864
f 870 1143 1141
f 1142 874 868
f 1144 874 1142
f 876 1143 870
f 876 1145 1143
f 1144 880 874
f 1146 880 1144
f 882 1145 876
f 882 1147 1145
f 1146 886 880
f 1148 886 1146
f 888 1147 882
f 888 1149 1147
f 1148 892 886
f 1150 892 1148
f 894 1149 888
f 894 1151 1149
f 1150 898 892
f 1152 898 1150
f 900 1151 894
f 900 1153 1151
f 1152 904 898
f 1154 904 1152
f 906 1153 900
f 906 1155 1153
f 1154 910 904
f 1156 910 1154
f 912 1155 906
f 912 1157 1155
f 1156 916 910
f 1158 916 1156
f 918 1157 912
f 918 1159 1157
f 1158 922 916
f 1160 922 1158
f 924 1159 918
f 924 1161 1159
f 1160 928 922
f 1162 928 1160
f 930 1161 924
f 930 1163 1161
f 1162 934 928
f 1164 934 1162
f 936 1163 930
f 936 1165 1163
f 1164 940 934
f 1166 940 1164
f 942 1165 936
f 942 1167 1165
f 1166 946 940
f 1168 946 1166
f 948 1167 942
f 948 1169 1167
f 1168 952 946
f 1170 952 1168
f 954 1169 948
f 954 1171 1169
f 1170 958 952
f 1172 958 1170
f 960 1171 954
f 960 1173 1171
f 1172 964 958
f 1174 964 1172
f 966 1173 960
f 966 1175 1173
f 1174 970 964
f 1176 970 1174
f 972 1175 966
f 972 1177 1175
f 1176 976 970
f 1178 976 1176
f 978 1177 972
f 978 1179 1177
f 1178 982 976
f 1180 982 1178
f 984 1179 978
f 984 1181 1179
f 1180 988 982
f 1182 988 1180
f 990 1181 984
f 990 1183 1181
f 1182 994 988
f 1184 994 1182
f 996 1183 990
f 996 1185 1183
f 1184 1000 994
f 1186 1000 1184
f 1002 1185 996
f 1002 1187 1185
f 1186 1006 1000
f 1188 1006 1186
f 1008 1187 1002
f 1008 1189 1187
f 1188 1012 1006
f 1190 1012 1188
f 1014 1189 1008
f 1014 1191 1189
f 1190 1018 1012
f 1192 1018 1190
f 1020 1191 1014
f 1020 1193 1191
f 1192 1024 1018
f 1194 1024 1192
f 1026 1193 1020
f 1026 1195 1193
f 1194 1030 1024
f 1196 1030 1194
f 1026 1031 1197
f 1198 1026 1197
f 1195 1026 1198
f 1032 1197 1031
f 1199 1035 1036
f 1200 1199 1036
f 1030 1200 1036
f 1196 1200 1030
f 1201 1198 1197
f 1203 1201 1202
f 1202 1201 1037
f 1201 1197 1037
f 1197 1032 1037
f 1039 1202 1037
f 1204 1059 1060
f 1205 1204 1060
f 1205 1060 1035
f 1206 1205 1035
f 1199 1206 1035
f 1206 1199 1200
f 1207 1203 1202
f 1207 1202 1039
f 1061 1207 1039
f 1208 1207 1061
f 1210 1208 1209
f 1208 1062 1209
f 1208 1061 1062
f 1063 1211 1062
f 1062 1211 1209
f 1064 1212 1063
f 1063 1212 1211
f 1065 1213 1064
f 1064 1213 1212
f 1066 1214 1065
f 1065 1214 1213
f 1067 1215 1066
f 1066 1215 1214
f 1068 1216 1067
f 1067 1216 1215
f 1069 1217 1068
f 1068 1217 1216
f 1070 1218 1069
f 1069 1218 1217
f 1071 1219 1070
f 1070 1219 1218
f 1072 1220 1071
f 1071 1220 1219
f 1073 1221 1072
f 1072 1221 1220
f 1074 1222 1073
f 1073 1222 1221
f 1075 1223 1074
f 1074 1223 1222
f 1076 1224 1075
f 1075 1224 1223
f 1077 1225 1076
f 1076 1225 1224
f 1078 1226 1077
f 1077 1226 1225
f 1079 1227 1078
f 1078 1227 1226
f 1227 1079 1228
f 1079 1229 1228
f 1079 1080 1229
f 1080 1059 1204
f 1230 1080 1204
f 1229 1080 1230
f 1230 1204 1205
f 1231 1210 1209
f 1231 1209 1211
f 1231 1211 1232
f 1232 1211 1212
f 1232 1212 1233
f 1233 1212 1213
f 1233 1213 1234
f 1234 1213 1214
f 1234 1214 1235
f 1235 1214 1215
f 1235 1215 1236
f 1236 1215 1216
f 1236 1216 1237
f 1237 1216 1217
f 1237 1217 1238
f 1238 1217 1218
f 1238 1218 1239
f 1239 1218 1219
f 1239 1219 1240
f 1240 1219 1220
f 1240 1220 1241
f 1241 1220 1221
f 1241 1221 1242
f 1242 1221 1222
f 1242 1222 1243
f 1243 1222 1223
f 1243 1223 1244
f 1244 1223 1224
f 1244 1224 1245
f 1245 1224 1225
f 1245 1225 1246
f 1246 1225 1226
f 1246 1226 1247
f 1247 1226 1227
f 1247 1227 1248
f 1248 1227 1228
f 1251 1250 1249
f 1082 1083 1249
f 1250 1082 1249
f 1252 1082 1250
f 1082 1253 1085
f 1252 1253 1082
f 1085 1254 1087
f 1253 1254 1085
f 1087 1255 1089
f 1254 1255 1087
f 1089 1256 1091
f 1255 1256 1089
f 1091 1257 1093
f 1256 1257 1091
f 1093 1258 1095
f 1257 1258 1093
f 1095 1259 1097
f 1258 1259 1095
f 1097 1260 1099
f 1259 1260 1097
f 1099 1261 1101
f 1260 1261 1099
f 1101 1262 1103
f 1261 1262 1101
f 1103 1263 1105
f 1262 1263 1103
f 1105 1264 1107
f 1263 1264 1105
f 1107 1265 1109
f 1264 1265 1107
f 1109 1266 1111
f 1265 1266 1109
f 1111 1267 1113
f 1266 1267 1111
f 1113 1268 1115
f 1267 1268 1113
f 1115 1269 1117
f 1268 1269 1115
f 1271 1270 1118
f 1117 1271 1118
f 1269 1271 1117
f 1272 1270 1271
f 1274 1273 1120
f 1274 1120 1121
f 1249 1122 1251
f 1122 1273 1251
f 1122 1120 1273
f 1122 1249 1083
f 1270 1123 1118
f 1272 1275 1270
f 1275 1123 1270
f 1275 1125 1123
f 1126 1125 1275
f 1126 1275 1276
f 1278 1277 1128
f 1278 1128 1129
f 1121 1128 1274
f 1274 1128 1277
f 1276 1279 1126
f 1126 1279 1131
f 1132 1131 1279
f 1132 1279 1280
f 1133 1278 1129
f 1133 1281 1278
f 1280 1134 1132
f 1282 1134 1280
f 1135 1281 1133
f 1135 1283 1281
f 1282 1136 1134
f 1284 1136 1282
f 1137 1283 1135
f 1137 1285 1283
f 1284 1138 1136
f 1286 1138 1284
f 1139 1285 1137
f 1139 1287 1285
f 1286 1140 1138
f 1288 1140 1286
f 1141 1287 1139
f 1141 1289 1287
f 1288 1142 1140
f 1290 1142 1288
f 1143 1289 1141
f 1143 1291 1289
f 1290 1144 1142
f 1292 1144 1290
f 1145 1291 1143
f 1145 1293 1291
f 1292 1146 1144
f 1294 1146 1292
f 1147 1293 1145
f 1147 1295 1293
f 1294 1148 1146
f 1296 1148 1294
f 1149 1295 1147
f 1149 1297 1295
f 1296 1150 1148
f 1298 1150 1296
f 1151 1297 1149
f 1151 1299 1297
f 1298 1152 1150
f 1300 1152 1298
f 1153 1299 1151
f 1153 1301 1299
f 1300 1154 1152
f 1302 1154 1300
f 1155 1301 1153
f 1155 1303 1301
f 1302 1156 1154
f 1304 1156 1302
f 1157 1303 1155
f 1157 1305 1303
f 1304 1158 1156
f 1306 1158 1304
f 1159 1305 1157
f 1159 1307 1305
f 1306 1160 1158
f 1308 1160 1306
f 1161 1307 1159
f 1161 1309 1307
f 1308 1162 1160
f 1310 1162 1308
f 1163 1309 1161
f 1163 1311 1309
f 1310 1164 1162
f 1312 1164 1310
f 1165 1311 1163
f 1165 1313 1311
f 1312 1166 1164
f 1314 1166 1312
f 1167 1313 1165
f 1167 1315 1313
f 1314 1168 1166
f 1316 1168 1314
f 1169 1315 1167
f 1169 1317 1315
f 1316 1170 1168
f 1318 1170 1316
f 1171 1317 1169
f 1171 1319 1317
f 1318 1172 1170
f 1320 1172 1318
f 1173 1319 1171
f 1173 1321 1319
f 1320 1174 1172
f 1322 1174 1320
f 1175 1321 1173
f 1175 1323 1321
f 1322 1176 1174
f 1324 1176 1322
f 1177 1323 1175
f 1177 1325 1323
f 1324 1178 1176
f 1326 1178 1324
f 1179 1325 1177
f 1179 1327 1325
f 1326 1180 1178
f 1328 1180 1326
f 1181 1327 1179
f 1181 1329 1327
f 1328 1182 1180
f 1330 1182 1328
f 1183 1329 1181
f 1183 1331 1329
f 1330 1184 1182
f 1332 1184 1330
f 1185 1331 1183
f 1185 1333 1331
f 1332 1186 1184
f 1334 1186 1332
f 1187 1333 1185
f 1187 1335 1333
f 1334 1188 1186
f 1336 1188 1334
f 1189 1335 1187
f 1189 1337 1335
f 1336 1190 1188
f 1338 1190 1336
f 1191 1337 1189
f 1191 1339 1337
f 1338 1192 1190
f 1340 1192 1338
f 1193 1339 1191
f 1193 1341 1339
f 1340 1194 1192
f 1342 1194 1340
f 1195 1341 1193
f 1195 1343 1341
f 1342 1196 1194
f 1344 1196 1342
f 1198 1343 1195
f 1198 1345 1343
f 1344 1200 1196
f 1346 1200 1344
f 1347 1345 1198
f 1347 1198 1201
f 1201 1203 1347
f 1347 1203 1348
f 1350 1349 1206
f 1206 1349 1205
f 1206 1200 1346
f 1206 1346 1350
f 1351 1348 1203
f 1351 1203 1207
f 1353 1351 1352
f 1351 1208 1352
f 1351 1207 1208
f 1210 1352 1208
f 1354 1228 1229
f 1354 1229 1355
f 1229 1356 1355
f 1229 1230 1356
f 1230 1205 1349
f 1230 1349 1356
f 1357 1353 1352
f 1357 1352 1210
f 1231 1357 1210
f 1358 1357 1231
f 1359 1231 1232
f 1359 1358 1231
f 1360 1232 1233
f 1360 1359 1232
f 1361 1233 1234
f 1361 1360 1233
f 1362 1234 1235
f 1362 1361 1234
f 1363 1235 1236
f 1363 1362 1235
f 1364 1236 1237
f 1364 1363 1236
f 1365 1237 1238
f 1365 1364 1237
f 1366 1238 1239
f 1366 1365 1238
f 1367 1239 1240
f 1367 1366 1239
f 1368 1240 1241
f 1368 1367 1240
f 1369 1241 1242
f 1369 1368 1241
f 1370 1242 1243
f 1370 1369 1242
f 1371 1243 1244
f 1371 1370 1243
f 1372 1244 1245
f 1372 1371 1244
f 1373 1245 1246
f 1373 1372 1245
f 1374 1246 1247
f 1374 1373 1246
f 1375 1247 1248
f 1375 1374 1247
f 1248 1228 1354
f 1376 1248 1354
f 1375 1248 1376
f 1376 1354 1355
f 1378 1377 1250
f 1378 1250 1251
f 1250 1379 1252
f 1377 1379 1250
f 1252 1380 1253
f 1379 1380 1252
f 1253 1381 1254
f 1380 1381 1253
f 1254 1382 1255
f 1381 1382 1254
f 1255 1383 1256
f 1382 1383 1255
f 1256 1384 1257
f 1383 1384 1256
f 1257 1385 1258
f 1384 1385 1257
f 1258 1386 1259
f 1385 1386 1258
f 1259 1387 1260
f 1386 1387 1259
f 1260 1388 1261
f 1387 1388 1260
f 1261 1389 1262
f 1388 1389 1261
f 1262 1390 1263
f 1389 1390 1262
f 1263 1391 1264
f 1390 1391 1263
f 1264 1392 1265
f 1391 1392 1264
f 1265 1393 1266
f 1392 1393 1265
f 1266 1394 1267
f 1393 1394 1266
f 1267 1395 1268
f 1394 1395 1267
f 1268 1396 1269
f 1395 1396 1268
f 1269 1397 1271
f 1396 1397 1269
f 1272 1271 1397
f 1272 1397 1398
f 1400 1399 1273
f 1400 1273 1274
f 1251 1273 1378
f 1378 1273 1399
f 1398 1401 1272
f 1272 1401 1275
f 1276 1275 1401
f 1276 1401 1402
f 1404 1403 1277
f 1404 1277 1278
f 1274 1277 1400
f 1400 1277 1403
f 1402 1405 1276
f 1276 1405 1279
f 1280 1279 1405
f 1280 1405 1406
f 1281 1404 1278
f 1281 1407 1404
f 1406 1282 1280
f 1408 1282 1406
f 1283 1407 1281
f 1283 1409 1407
f 1408 1284 1282
f 1410 1284 1408
f 1285 1409 1283
f 1285 1411 1409
f 1410 1286 1284
f 1412 1286 1410
f 1287 1411 1285
f 1287 1413 1411
f 1412 1288 1286
f 1414 1288 1412
f 1289 1413 1287
f 1289 1415 1413
f 1414 1290 1288
f 1416 1290 1414
f 1291 1415 1289
f 1291 1417 1415
f 1416 1292 1290
f 1418 1292 1416
f 1293 1417 1291
f 1293 1419 1417
f 1418 1294 1292
f 1420 1294 1418
f 1295 1419 1293
f 1295 1421 1419
f 1420 1296 1294
f 1422 1296 1420
f 1297 1421 1295
f 1297 1423 1421
f 1422 1298 1296
f 1424 1298 1422
f 1299 1423 1297
f 1299 1425 1423
f 1424 1300 1298
f 1426 1300 1424
f 1301 1425 1299
f 1301 1427 1425
f 1426 1302 1300
f 1428 1302 1426
f 1303 1427 1301
f 1303 1429 1427
f 1428 1304 1302
f 1430 1304 1428
f 1305 1429 1303
f 1305 1431 1429
f 1430 1306 1304
f 1432 1306 1430
f 1307 1431 1305
f 1307 1433 1431
f 1432 1308 1306
f 1434 1308 1432
f 1309 1433 1307
f 1309 1435 1433
f 1434 1310 1308
f 1436 1310 1434
f 1311 1435 1309
f 1311 1437 1435
f 1436 1312 1310
f 1438 1312 1436
f 1313 1437 1311
f 1313 1439 1437
f 1438 1314 1312
f 1440 1314 1438
f 1315 1439 1313
f 1315 1441 1439
f 1440 1316 1314
f 1442 1316 1440
f 1317 1441 1315
f 1317 1443 1441
f 1442 1318 1316
f 1444 1318 1442
f 1319 1443 1317
f 1319 1445 1443
f 1444 1320 1318
f 1446 1320 1444
f 1321 1445 1319
f 1321 1447 1445
f 1446 1322 1320
f 1448 1322 1446
f 1323 1447 1321
f 1323 1449 1447
f 1448 1324 1322
f 1450 1324 1448
f 1325 1449 1323
f 1325 1451 1449
f 1450 1326 1324
f 1452 1326 1450
f 1327 1451 1325
f 1327 1453 1451
f 1452 1328 1326
f 1454 1328 1452
f 1329 1453 1327
f 1329 1455 1453
f 1454 1330 1328
f 1456 1330 1454
f 1331 1455 1329
f 1331 1457 1455
f 1456 1332 1330
f 1458 1332 1456
f 1333 1457 1331
f 1333 1459 1457
f 1458 1334 1332
f 1460 1334 1458
f 1335 1459 1333
f 1335 1461 1459
f 1460 1336 1334
f 1462 1336 1460
f 1337 1461 1335
f 1337 1463 1461
f 1462 1338 1336
f 1464 1338 1462
f 1339 1463 1337
f 1339 1465 1463
f 1464 1340 1338
f 1466 1340 1464
f 1341 1465 1339
f 1341 1467 1465
f 1466 1342 1340
f 1468 1342 1466
f 1343 1467 1341
f 1343 1469 1467
f 1468 1344 1342
f 1470 1344 1468
f 1345 1469 1343
f 1345 1471 1469
f 1470 1346 1344
f 1472 1346 1470
f 1473 1471 1345
f 1473 1345 1347
f 1347 1348 1473
f 1473 1348 1474
f 1476 1475 1350
f 1350 1475 1349
f 1350 1346 1472
f 1350 1472 1476
f 1477 1474 1348
f 1477 1348 1351
f 1351 1353 1477
f 1477 1353 1478
f 1480 1479 1356
f 1356 1479 1355
f 1356 1349 1475
f 1356 1475 1480
f 1481 1478 1353
f 1481 1353 1357
f 1482 1357 1358
f 1482 1481 1357
f 1483 1358 1359
f 1483 1482 1358
f 1484 1359 1360
f 1484 1483 1359
f 1485 1360 1361
f 1485 1484 1360
f 1486 1361 1362
f 1486 1485 1361
f 1487 1362 1363
f 1487 1486 1362
f 1488 1363 1364
f 1488 1487 1363
f 1489 1364 1365
f 1489 1488 1364
f 1490 1365 1366
f 1490 1489 1365
f 1491 1366 1367
f 1491 1490 1366
f 1492 1367 1368
f 1492 1491 1367
f 1493 1368 1369
f 1493 1492 1368
f 1494 1369 1370
f 1494 1493 1369
f 1495 1370 1371
f 1495 1494 1370
f 1496 1371 1372
f 1496 1495 1371
f 1497 1372 1373
f 1497 1496 1372
f 1498 1373 1374
f 1498 1497 1373
f 1499 1374 1375
f 1499 1498 1374
f 1500 1375 1376
f 1500 1499 1375
f 1376 1355 1479
f 1376 1479 1500
f 1502 1501 1377
f 1502 1377 1378
f 1377 1503 1379
f 1501 1503 1377
f 1379 1504 1380
f 1503 1504 1379
f 1380 1505 1381
f 1504 1505 1380
f 1381 1506 1382
f 1505 1506 1381
f 1382 1507 1383
f 1506 1507 1382
f 1383 1508 1384
f 1507 1508 1383
f 1384 1509 1385
f 1508 1509 1384
f 1385 1510 1386
f 1509 1510 1385
f 1386 1511 1387
f 1510 1511 1386
f 1387 1512 1388
f 1511 1512 1387
f 1388 1513 1389
f 1512 1513 1388
f 1389 1514 1390
f 1513 1514 1389
f 1390 1515 1391
f 1514 1515 1390
f 1391 1516 1392
f 1515 1516 1391
f 1392 1517 1393
f 1516 1517 1392
f 1393 1518 1394
f 1517 1518 1393
f 1394 1519 1395
f 1518 1519 1394
f 1395 1520 1396
f 1519 1520 1395
f 1396 1521 1397
f 1520 1521 1396
f 1398 1397 1521
f 1398 1521 1522
f 1524 1523 1399
f 1524 1399 1400
f 1378 1399 1502
f 1502 1399 1523
f 1522 1525 1398
f 1398 1525 1401
f 1402 1401 1525
f 1402 1525 1526
f 1528 1527 1403
f 1528 1403 1404
f 1400 1403 1524
f 1524 1403 1527
f 1526 1529 1402
f 1402 1529 1405
f 1406 1405 1529
f 1406 1529 1530
f 1407 1528 1404
f 1407 1531 1528
f 1530 1408 1406
f 1532 1408 1530
f 1409 1531 1407
f 1409 1533 1531
f 1532 1410 1408
f 1534 1410 1532
f 1411 1533 1409
f 1411 1535 1533
f 1534 1412 1410
f 1536 1412 1534
f 1413 1535 1411
f 1413 1537 1535
f 1536 1414 1412
f 1538 1414 1536
f 1415 1537 1413
f 1415 1539 1537
f 1538 1416 1414
f 1540 1416 1538
f 1417 1539 1415
f 1417 1541 1539
f 1540 1418 1416
f 1542 1418 1540
f 1419 1541 1417
f 1419 1543 1541
f 1542 1420 1418
f 1544 1420 1542
f 1421 1543 1419
f 1421 1545 1543
f 1544 1422 1420
f 1546 1422 1544
f 1423 1545 1421
f 1423 1547 1545
f 1546 1424 1422
f 1548 1424 1546
f 1425 1547 1423
f 1425 1549 1547
f 1548 1426 1424
f 1550 1426 1548
f 1427 1549 1425
f 1427 1551 1549
f 1550 1428 1426
f 1552 1428 1550
f 1429 1551 1427
f 1429 1553 1551
f 1552 1430 1428
f 1554 1430 1552
f 1431 1553 1429
f 1431 1555 1553
f 1554 1432 1430
f 1556 1432 1554
f 1433 1555 1431
f 1433 1557 1555
f 1556 1434 1432
f 1558 1434 1556
f 1435 1557 1433
f 1435 1559 1557
f 1558 1436 1434
f 1560 1436 1558
f 1437 1559 1435
f 1437 1561 1559
f 1560 1438 1436
f 1562 1438 1560
f 1439 1561 1437
f 1439 1563 1561
f 1562 1440 1438
f 1564 1440 1562
f 1441 1563 1439
f 1441 1565 1563
f 1564 1442 1440
f 1566 1442 1564
f 1443 1565 1441
f 1443 1567 1565
f 1566 1444 1442
f 1568 1444 1566
f 1445 1567 1443
f 1445 1569 1567
f 1568 1446 1444
f 1570 1446 1568
f 1447 1569 1445
f 1447 1571 1569
f 1570 1448 1446
f 1572 1448 1570
f 1449 1571 1447
f 1449 1573 1571
f 1572 1450 1448
f 1574 1450 1572
f 1451 1573 1449
f 1451 1575 1573
f 1574 1452 1450
f 1576 1452 1574
f 1453 1575 1451
f 1453 1577 1575
f 1576 1454 1452
f 1578 1454 1576
f 1455 1577 1453
f 1455 1579 1577
f 1578 1456 1454
f 1580 1456 1578
f 1457 1579 1455
f 1457 1581 1579
f 1580 1458 1456
f 1582 1458 1580
f 1459 1581 1457
f 1459 1583 1581
f 1582 1460 1458
f 1584 1460 1582
f 1461 1583 1459
f 1461 1585 1583
f 1584 1462 1460
f 1586 1462 1584
f 1463 1585 1461
f 1463 1587 1585
f 1586 1464 1462
f 1588 1464 1586
f 1465 1587 1463
f 1465 1589 1587
f 1588 1466 1464
f 1590 1466 1588
f 1467 1589 1465
f 1467 1591 1589
f 1590 1468 1466
f 1592 1468 1590
f 1469 1591 1467
f 1469 1593 1591
f 1592 1470 1468
f 1594 1470 1592
f 1471 1593 1469
f 1471 1595 1593
f 1594 1472 1470
f 1596 1472 1594
f 1597 1595 1471
f 1597 1471 1473
f 1473 1474 1597
f 1597 1474 1598
f 1600 1599 1476
f 1476 1599 1475
f 1476 1472 1596
f 1476 1596 1600
f 1601 1598 1474
f 1601 1474 1477
f 1477 1478 1601
f 1601 1478 1602
f 1604 1603 1480
f 1480 1603 1479
f 1480 1475 1599
f 1480 1599 1604
f 1605 1602 1478
f 1605 1478 1481
f 1606 1481 1482
f 1606 1605 1481
f 1607 1482 1483
f 1607 1606 1482
f 1608 1483 1484
f 1608 1607 1483
f 1609 1484 1485
f 1609 1608 1484
f 1610 1485 1486
f 1610 1609 1485
f 1611 1486 1487
f 1611 1610 1486
f 1612 1487 1488
f 1612 1611 1487
f 1613 1488 1489
f 1613 1612 1488
f 1614 1489 1490
f 1614 1613 1489
f 1615 1490 1491
f 1615 1614 1490
f 1616 1491 1492
f 1616 1615 1491
f 1617 1492 1493
f 1617 1616 1492
f 1618 1493 1494
f 1618 1617 1493
f 1619 1494 1495
f 1619 1618 1494
f 1620 1495 1496
f 1620 1619 1495
f 1621 1496 1497
f 1621 1620 1496
f 1622 1497 1498
f 1622 1621 1497
f 1623 1498 1499
f 1623 1622 1498
f 1624 1499 1500
f 1624 1623 1499
f 1500 1479 1603
f 1500 1603 1624
f 1626 1625 1501
f 1626 1501 1502
f 1501 1627 1503
f 1625 1627 1501
f 1503 1628 1504
f 1627 1628 1503
f 1504 1629 1505
f 1628 1629 1504
f 1505 1630 1506
f 1629 1630 1505
f 1506 1631 1507
f 1630 1631 1506
f 1507 1632 1508
f 1631 1632 1507
f 1508 1633 1509
f 1632 1633 1508
f 1509 1634 1510
f 1633 1634 1509
f 1510 1635 1511
f 1634 1635 1510
f 1511 1636 1512
f 1635 1636 1511
f 1512 1637 1513
f 1636 1637 1512
f 1513 1638 1514
f 1637 1638 1513
f 1514 1639 1515
f 1638 1639 1514
f 1515 1640 1516
f 1639 1640 1515
f 1516 1641 1517
f 1640 1641 1516
f 1517 1642 1518
f 1641 1642 1517
f 1518 1643 1519
f 1642 1643 1518
f 1519 1644 1520
f 1643 1644 1519
f 1520 1645 1521
f 1644 1645 1520
f 1522 1521 1645
f 1522 1645 1646
f 1648 1647 1523
f 1648 1523 1524
f 1502 1523 1626
f 1626 1523 1647
f 1646 1649 1522
f 1522 1649 1525
f 1526 1525 1649
f 1526 1649 1650
f 1652 1651 1527
f 1652 1527 1528
f 1524 1527 1648
f 1648 1527 1651
f 1650 1653 1526
f 1526 1653 1529
f 1530 1529 1653
f 1530 1653 1654
f 1531 1652 1528
f 1531 1655 1652
f 1654 1532 1530
f 1656 1532 1654
f 1533 1655 1531
f 1533 1657 1655
f 1656 1534 1532
f 1658 1534 1656
f 1535 1657 1533
f 1535 1659 1657
f 1658 1536 1534
f 1660 1536 1658
f 1537 1659 1535
f 1537 1661 1659
f 1660 1538 1536
f 1662 1538 1660
f 1539 1661 1537
f 1539 1663 1661
f 1662 1540 1538
f 1664 1540 1662
f 1541 1663 1539
f 1541 1665 1663
f 1664 1542 1540
f 1666 1542 1664
f 1543 1665 1541
f 1543 1667 1665
f 1666 1544 1542
f 1668 1544 1666
f 1545 1667 1543
f 1545 1669 1667
f 1668 1546 1544
f 1670 1546 1668
f 1547 1669 1545
f 1547 1671 1669
f 1670 1548 1546
f 1672 1548 1670
f 1549 1671 1547
f 1549 1673 1671
f 1672 1550 1548
f 1674 1550 1672
f 1551 1673 1549
f 1551 1675 1673
f 1674 1552 1550
f 1676 1552 1674
f 1553 1675 1551
f 1553 1677 1675
f 1676 1554 1552
f 1678 1554 1676
f 1555 1677 1553
f 1555 1679 1677
f 1678 1556 1554
f 1680 1556 1678
f 1557 1679 1555
f 1557 1681 1679
f 1680 1558 1556
f 1682 1558 1680
f 1559 1681 1557
f 1559 1683 1681
f 1682 1560 1558
f 1684 1560 1682
f 1561 1683 1559
f 1561 1685 1683
f 1684 1562 1560
f 1686 1562 1684
f 1563 1685 1561
f 1563 1687 1685
f 1686 1564 1562
f 1688 1564 1686
f 1565 1687 1563
f 1565 1689 1687
f 1688 1566 1564
f 1690 1566 1688
f 1567 1689 1565
f 1567 1691 1689
f 1690 1568 1566
f 1692 1568 1690
f 1569 1691 1567
f 1569 1693 1691
f 1692 1570 1568
f 1694 1570 1692
f 1571 1693 1569
f 1571 1695 1693
f 1694 1572 1570
f 1696 1572 1694
f 1573 1695 1571
f 1573 1697 1695
f 1696 1574 1572
f 1698 1574 1696
f 1575 1697 1573
f 1575 1699 1697
f 1698 1576 1574
f 1700 1576 1698
f 1577 1699 1575
f 1577 1701 1699
f 1700 1578 1576
f 1702 1578 1700
f 1579 1701 1577
f 1579 1703 1701
f 1702 1580 1578
f 1704 1580 1702
f 1581 1703 1579
f 1581 1705 1703
f 1704 1582 1580
f 1706 1582 1704
f 1583 1705 1581
f 1583 1707 1705
f 1706 1584 1582
f 1708 1584 1706
f 1585 1707 1583
f 1585 1709 1707
f 1708 1586 1584
f 1710 1586 1708
f 1587 1709 1585
f 1587 1711 1709
f 1710 1588 1586
f 1712 1588 1710
f 1589 1711 1587
f 1589 1713 1711
f 1712 1590 1588
f 1714 1590 1712
f 1591 1713 1589
f 1591 1715 1713
f 1714 1592 1590
f 1716 1592 1714
f 1593 1715 1591
f 1593 1717 1715
f 1716 1594 1592
f 1718 1594 1716
f 1595 1717 1593
f 1595 1719 1717
f 1718 1596 1594
f 1720 1596 1718
f 1721 1719 1595
f 1721 1595 1597
f 1597 1598 1721
f 1721 1598 1722
f 1724 1723 1600
f 1600 1723 1599
f 1600 1596 1720
f 1600 1720 1724
f 1725 1722 1598
f 1725 1598 1601
f 1601 1602 1725
f 1725 1602 1726
f 1728 1727 1604
f 1604 1727 1603
f 1604 1599 1723
f 1604 1723 1728
f 1729 1726 1602
f 1729 1602 1605
f 1730 1605 1606
f 1730 1729 1605
f 1731 1606 1607
f 1731 1730 1606
f 1732 1607 1608
f 1732 1731 1607
f 1733 1608 1609
f 1733 1732 1608
f 1734 1609 1610
f 1734 1733 1609
f 1735 1610 1611
f 1735 1734 1610
f 1736 1611 1612
f 1736 1735 1611
f 1737 1612 1613
f 1737 1736 1612
f 1738 1613 1614
f 1738 1737 1613
f 1739 1614 1615
f 1739 1738 1614
f 1740 1615 1616
f 1740 1739 1615
f 1741 1616 1617
f 1741 1740 1616
f 1742 1617 1618
f 1742 1741 1617
f 1743 1618 1619
f 1743 1742 1618
f 1744 1619 1620
f 1744 1743 1619
f 1745 1620 1621
f 1745 1744 1620
f 1746 1621 1622
f 1746 1745 1621
f 1747 1622 1623
f 1747 1746 1622
f 1748 1623 1624
f 1748 1747 1623
f 1624 1603 1727
f 1624 1727 1748
f 1750 1749 1625
f 1750 1625 1626
f 1625 1751 1627
f 1749 1751 1625
f 1627 1752 1628
f 1751 1752 1627
f 1628 1753 1629
f 1752 1753 1628
f 1629 1754 1630
f 1753 1754 1629
f 1630 1755 1631
f 1754 1755 1630
f 1631 1756 1632
f 1755 1756 1631
f 1632 1757 1633
f 1756 1757 1632
f 1633 1758 1634
f 1757 1758 1633
f 1634 1759 1635
f 1758 1759 1634
f 1635 1760 1636
f 1759 1760 1635
f 1636 1761 1637
f 1760 1761 1636
f 1637 1762 1638
f 1761 1762 1637
f 1638 1763 1639
f 1762 1763 1638
f 1639 1764 1640
f 1763 1764 1639
f 1640 1765 1641
f 1764 1765 1640
f 1641 1766 1642
f 1765 1766 1641
f 1642 1767 1643
f 1766 1767 1642
f 1643 1768 1644
f 1767 1768 1643
f 1644 1769 1645
f 1768 1769 1644
f 1646 1645 1769
f 1646 1769 1770
f 1772 1771 1647
f 1772 1647 1648
f 1626 1647 1750
f 1750 1647 1771
f 1770 1773 1646
f 1646 1773 1649
f 1650 1649 1773
f 1650 1773 1774
f 1776 1775 1651
f 1776 1651 1652
f 1648 1651 1772
f 1772 1651 1775
f 1774 1777 1650
f 1650 1777 1653
f 1654 1653 1777
f 1654 1777 1778
f 1655 1776 1652
f 1655 1779 1776
f 1778 1656 1654
f 1780 1656 1778
f 1657 1779 1655
f 1657 1781 1779
f 1780 1658 1656
f 1782 1658 1780
f 1659 1781 1657
f 1659 1783 1781
f 1782 1660 1658
f 1784 1660 1782
f 1661 1783 1659
f 1661 1785 1783
f 1784 1662 1660
f 1786 1662 1784
f 1663 1785 1661
f 1663 1787 1785
f 1786 1664 1662
f 1788 1664 1786
f 1665 1787 1663
f 1665 1789 1787
f 1788 1666 1664
f 1790 1666 1788
f 1667 1789 1665
f 1667 1791 1789
f 1790 1668 1666
f 1792 1668 1790
f 1669 1791 1667
f 1669 1793 1791
f 1792 1670 1668
f 1794 1670 1792
f 1671 1793 1669
f 1671 1795 1793
f 1794 1672 1670
f 1796 1672 1794
f 1673 1795 1671
f 1673 1797 1795
f 1796 1674 1672
f 1798 1674 1796
f 1675 1797 1673
f 1675 1799 1797
f 1798 1676 1674
f 1800 1676 1798
f 1677 1799 1675
f 1677 1801 1799
f 1800 1678 1676
f 1802 1678 1800
f 1679 1801 1677
f 1679 1803 1801
f 1802 1680 1678
f 1804 1680 1802
f 1681 1803 1679
f 1681 1805 1803
f 1804 1682 1680
f 1806 1682 1804
f 1683 1805 1681
f 1683 1807 1805
f 1806 1684 1682
f 1808 1684 1806
f 1685 1807 1683
f 1685 1809 1807
f 1808 1686 1684
f 1810 1686 1808
f 1687 1809 1685
f 1687 1811 1809
f 1810 1688 1686
f 1812 1688 1810
f 1689 1811 1687
f 1689 1813 1811
f 1812 1690 1688
f 1814 1690 1812
f 1691 1813 1689
f 1691 1815 1813
f 1814 1692 1690
f 1816 1692 1814
f 1693 1815 1691
f 1693 1817 1815
f 1816 1694 1692
f 1818 1694 1816
f 1695 1817 1693
f 1695 1819 1817
f 1818 1696 1694
f 1820 1696 1818
f 1697 1819 1695
f 1697 1821 1819
f 1820 1698 1696
f 1822 1698 1820
f 1699 1821 1697
f 1699 1823 1821
f 1822 1700 1698
f 1824 1700 1822
f 1701 1823 1699
f 1701 1825 1823
f 1824 1702 1700
f 1826 1702 1824
f 1703 1825 1701
f 1703 1827 1825
f 1826 1704 1702
f 1828 1704 1826
f 1705 1827 1703
f 1705 1829 1827
f 1828 1706 1704
f 1830 1706 1828
f 1707 1829 1705
f 1707 1831 1829
f 1830 1708 1706
f 1832 1708 1830
f 1709 1831 1707
f 1709 1833 1831
f 1832 1710 1708
f 1834 1710 1832
f 1711 1833 1709
f 1711 1835 1833
f 1834 1712 1710
f 1836 1712 1834
f 1713 1835 1711
f 1713 1837 1835
f 1836 1714 1712
f 1838 1714 1836
f 1715 1837 1713
f 1715 1839 1837
f 1838 1716 1714
f 1840 1716 1838
f 1717 1839 1715
f 1717 1841 1839
f 1840 1718 1716
f 1842 1718 1840
f 1719 1841 1717
f 1719 1843 1841
f 1842 1720 1718
f 1844 1720 1842
f 1845 1843 1719
f 1845 1719 1721
f 1721 1722 1845
f 1845 1722 1846
f 1848 1847 1724
f 1724 1847 1723
f 1724 1720 1844
f 1724 1844 1848
f 1849 1846 1722
f 1849 1722 1725
f 1725 1726 1849
f 1849 1726 1850
f 1852 1851 1728
f 1728 1851 1727
f 1728 1723 1847
f 1728 1847 1852
f 1853 1850 1726
f 1853 1726 1729
f 1854 1729 1730
f 1854 1853 1729
f 1855 1730 1731
f 1855 1854 1730
f 1856 1731 1732
f 1856 1855 1731
f 1857 1732 1733
f 1857 1856 1732
f 1858 1733 1734
f 1858 1857 1733
f 1859 1734 1735
f 1859 1858 1734
f 1860 1735 1736
f 1860 1859 1735
f 1861 1736 1737
f 1861 1860 1736
f 1862 1737 1738
f 1862 1861 1737
f 1863 1738 1739
f 1863 1862 1738
f 1864 1739 1740
f 1864 1863 1739
f 1865 1740 1741
f 1865 1864 1740
f 1866 1741 1742
f 1866 1865 1741
f 1867 1742 1743
f 1867 1866 1742
f 1868 1743 1744
f 1868 1867 1743
f 1869 1744 1745
f 1869 1868 1744
f 1870 1745 1746
f 1870 1869 1745
f 1871 1746 1747
f 1871 1870 1746
f 1872 1747 1748
f 1872 1871 1747
f 1748 1727 1851
f 1748 1851 1872
f 1874 1873 1749
f 1874 1749 1750
f 1749 1875 1751
f 1873 1875 1749
f 1751 1876 1752
f 1875 1876 1751
f 1752 1877 1753
f 1876 1877 1752
f 1753 1878 1754
f 1877 1878 1753
f 1754 1879 1755
f 1878 1879 1754
f 1755 1880 1756
f 1879 1880 1755
f 1756 1881 1757
f 1880 1881 1756
f 1757 1882 1758
f 1881 1882 1757
f 1758 1883 1759
f 1882 1883 1758
f 1759 1884 1760
f 1883 1884 1759
f 1760 1885 1761
f 1884 1885 1760
f 1761 1886 1762
f 1885 1886 1761
f 1762 1887 1763
f 1886 1887 1762
f 1763 1888 1764
f 1887 1888 1763
f 1764 1889 1765
f 1888 1889 1764
f 1765 1890 1766
f 1889 1890 1765
f 1766 1891 1767
f 1890 1891 1766
f 1767 1892 1768
f 1891 1892 1767
f 1768 1893 1769
f 1892 1893 1768
f 1770 1769 1893
f 1770 1893 1894
f 1896 1895 1771
f 1896 1771 1772
f 1750 1771 1874
f 1874 1771 1895
f 1894 1897 1770
f 1770 1897 1773
f 1774 1773 1897
f 1774 1897 1898
f 1900 1899 1775
f 1900 1775 1776
f 1772 1775 1896
f 1896 1775 1899
f 1898 1901 1774
f 1774 1901 1777
f 1778 1777 1901
f 1778 1901 1902
f 1779 1900 1776
f 1779 1903 1900
f 1902 1780 1778
f 1904 1780 1902
f 1781 1903 1779
f 1781 1905 1903
f 1904 1782 1780
f 1906 1782 1904
f 1783 1905 1781
f 1783 1907 1905
f 1906 1784 1782
f 1908 1784 1906
f 1785 1907 1783
f 1785 1909 1907
f 1908 1786 1784
f 1910 1786 1908
f 1787 1909 1785
f 1787 1911 1909
f 1910 1788 1786
f 1912 1788 1910
f 1789 1911 1787
f 1789 1913 1911
f 1912 1790 1788
f 1914 1790 1912
f 1791 1913 1789
f 1791 1915 1913
f 1914 1792 1790
f 1916 1792 1914
f 1793 1915 1791
f 1793 1917 1915
f 1916 1794 1792
f 1918 1794 1916
f 1795 1917 1793
f 1795 1919 1917
f 1918 1796 1794
f 1920 1796 1918
f 1797 1919 1795
f 1797 1921 1919
f 1920 1798 1796
f 1922 1798 1920
f 1799 1921 1797
f 1799 1923 1921
f 1922 1800 1798
f 1924 1800 1922
f 1801 1923 1799
f 1801 1925 1923
f 1924 1802 1800
f 1926 1802 1924
f 1803 1925 1801
f 1803 1927 1925
f 1926 1804 1802
f 1928 1804 1926
f 1805 1927 1803
f 1805 1929 1927
f 1928 1806 1804
f 1930 1806 1928
f 1807 1929 1805
f 1807 1931 1929
f 1930 1808 1806
f 1932 1808 1930
f 1809 1931 1807
f 1809 1933 1931
f 1932 1810 1808
f 1934 1810 1932
f 1811 1933 1809
f 1811 1935 1933
f 1934 1812 1810
f 1936 1812 1934
f 1813 1935 1811
f 1813 1937 1935
f 1936 1814 1812
f 1938 1814 1936
f 1815 1937 1813
f 1815 1939 1937
f 1938 1816 1814
f 1940 1816 1938
f 1817 1939 1815
f 1817 1941 1939
f 1940 1818 1816
f 1942 1818 1940
f 1819 1941 1817
f 1819 1943 1941
f 1942 1820 1818
f 1944 1820 1942
f 1821 1943 1819
f 1821 1945 1943
f 1944 1822 1820
f 1946 1822 1944
f 1823 1945 1821
f 1823 1947 1945
f 1946 1824 1822
f 1948 1824 1946
f 1825 1947 1823
f 1825 1949 1947
f 1948 1826 1824
f 1950 1826 1948
f 1827 1949 1825
f 1827 1951 1949
f 1950 1828 1826
f 1952 1828 1950
f 1829 1951 1827
f 1829 1953 1951
f 1952 1830 1828
f 1954 1830 1952
f 1831 1953 1829
f 1831 1955 1953
f 1954 1832 1830
f 1956 1832 1954
f 1833 1955 1831
f 1833 1957 1955
f 1956 1834 1832
f 1958 1834 1956
f 1835 1957 1833
f 1835 1959 1957
f 1958 1836 1834
f 1960 1836 1958
f 1837 1959 1835
f 1837 1961 1959
f 1960 1838 1836
f 1962 1838 1960
f 1839 1961 1837
f 1839 1963 1961
f 1962 1840 1838
f 1964 1840 1962
f 1841 1963 1839
f 1841 1965 1963
f 1964 1842 1840
f 1966 1842 1964
f 1843 1965 1841
f 1843 1967 1965
f 1966 1844 1842
f 1968 1844 1966
f 1969 1967 1843
f 1969 1843 1845
f 1845 1846 1969
f 1969 1846 1970
f 1972 1971 1848
f 1848 1971 1847
f 1848 1844 1968
f 1848 1968 1972
f 1973 1970 1846
f 1973 1846 1849
f 1849 1850 1973
f 1973 1850 1974
f 1976 1975 1852
f 1852 1975 1851
f 1852 1847 1971
f 1852 1971 1976
f 1977 1974 1850
f 1977 1850 1853
f 1978 1853 1854
f 1978 1977 1853
f 1979 1854 1855
f 1979 1978 1854
f 1980 1855 1856
f 1980 1979 1855
f 1981 1856 1857
f 1981 1980 1856
f 1982 1857 1858
f 1982 1981 1857
f 1983 1858 1859
f 1983 1982 1858
f 1984 1859 1860
f 1984 1983 1859
f 1985 1860 1861
f 1985 1984 1860
f 1986 1861 1862
f 1986 1985 1861
f 1987 1862 1863
f 1987 1986 1862
f 1988 1863 1864
f 1988 1987 1863
f 1989 1864 1865
f 1989 1988 1864
f 1990 1865 1866
f 1990 1989 1865
f 1991 1866 1867
f 1991 1990 1866
f 1992 1867 1868
f 1992 1991 1867
f 1993 1868 1869
f 1993 1992 1868
f 1994 1869 1870
f 1994 1993 1869
f 1995 1870 1871
f 1995 1994 1870
f 1996 1871 1872
f 1996 1995 1871
f 1872 1851 1975
f 1872 1975 1996
f 1998 1997 1873
f 1998 1873 1874
f 1873 1999 1875
f 1997 1999 1873
f 1875 2000 1876
f 1999 2000 1875
f 1876 2001 1877
f 2000 2001 1876
f 1877 2002 1878
f 2001 2002 1877
f 1878 2003 1879
f 2002 2003 1878
f 1879 2004 1880
f 2003 2004 1879
f 1880 2005 1881
f 2004 2005 1880
f 1881 2006 1882
f 2005 2006 1881
f 1882 2007 1883
f 2006 2007 1882
f 1883 2008 1884
f 2007 2008 1883
f 1884 2009 1885
f 2008 2009 1884
f 1885 2010 1886
f 2009 2010 1885
f 1886 2011 1887
f 2010 2011 1886
f 1887 2012 1888
f 2011 2012 1887
f 1888 2013 1889
f 2012 2013 1888
f 1889 2014 1890
f 2013 2014 1889
f 1890 2015 1891
f 2014 2015 1890
f 1891 2016 1892
f 2015 2016 1891
f 1892 2017 1893
f 2016 2017 1892
f 1894 1893 2017
f 1894 2017 2018
f 2020 2019 1895
f 2020 1895 1896
f 1874 1895 1998
f 1998 1895 2019
f 2018 2021 1894
f 1894 2021 1897
f 1898 1897 2021
f 1898 2021 2022
f 2024 2023 1899
f 2024 1899 1900
f 1896 1899 2020
f 2020 1899 2023
f 2022 2025 1898
f 1898 2025 1901
f 1902 1901 2025
f 1902 2025 2026
f 1903 2024 1900
f 1903 2027 2024
f 2026 1904 1902
f 2028 1904 2026
f 1905 2027 1903
f 1905 2029 2027
f 2028 1906 1904
f 2030 1906 2028
f 1907 2029 1905
f 1907 2031 2029
f 2030 1908 1906
f 2032 1908 2030
f 1909 2031 1907
f 1909 2033 2031
f 2032 1910 1908
f 2034 1910 2032
f 1911 2033 1909
f 1911 2035 2033
f 2034 1912 1910
f 2036 1912 2034
f 1913 2035 1911
f 1913 2037 2035
f 2036 1914 1912
f 2038 1914 2036
f 1915 2037 1913
f 1915 2039 2037
f 2038 1916 1914
f 2040 1916 2038
f 1917 2039 1915
f 1917 2041 2039
f 2040 1918 1916
f 2042 1918 2040
f 1919 2041 1917
f 1919 2043 2041
f 2042 1920 1918
f 2044 1920 2042
f 1921 2043 1919
f 1921 2045 2043
f 2044 1922 1920
f 2046 1922 2044
f 1923 2045 1921
f 1923 2047 2045
f 2046 1924 1922
f 2048 1924 2046
f 1925 2047 1923
f 1925 2049 2047
f 2048 1926 1924
f 2050 1926 2048
f 1927 2049 1925
f 1927 2051 2049
f 2050 1928 1926
f 2052 1928 2050
f 1929 2051 1927
f 1929 2053 2051
f 2052 1930 1928
f 2054 1930 2052
f 1931 2053 1929
f 1931 2055 2053
f 2054 1932 1930
f 2056 1932 2054
f 1933 2055 1931
f 1933 2057 2055
f 2056 1934 1932
f 2058 1934 2056
f 1935 2057 1933
f 1935 2059 2057
f 2058 1936 1934
f 2060 1936 2058
f 1937 2059 1935
f 1937 2061 2059
f 2060 1938 1936
f 2062 1938 2060
f 1939 2061 1937
f 1939 2063 2061
f 2062 1940 1938
f 2064 1940 2062
f 1941 2063 1939
f 1941 2065 2063
f 2064 1942 1940
f 2066 1942 2064
f 1943 2065 1941
f 1943 2067 2065
f 2066 1944 1942
f 2068 1944 2066
f 1945 2067 1943
f 1945 2069 2067
f 2068 1946 1944
f 2070 1946 2068
f 1947 2069 1945
f 1947 2071 2069
f 2070 1948 1946
f 2072 1948 2070
f 1949 2071 1947
f 1949 2073 2071
f 2072 1950 1948
f 2074 1950 2072
f 1951 2073 1949
f 1951 2075 2073
f 2074 1952 1950
f 2076 1952 2074
f 1953 2075 1951
f 1953 2077 2075
f 2076 1954 1952
f 2078 1954 2076
f 1955 2077 1953
f 1955 2079 2077
f 2078 1956 1954
f 2080 1956 2078
f 1957 2079 1955
f 1957 2081 2079
f 2080 1958 1956
f 2082 1958 2080
f 1959 2081 1957
f 1959 2083 2081
f 2082 1960 1958
f 2084 1960 2082
f 1961 2083 1959
f 1961 2085 2083
f 2084 1962 1960
f 2086 1962 2084
f 1963 2085 1961
f 1963 2087 2085
f 2086 1964 1962
f 2088 1964 2086
f 1965 2087 1963
f 1965 2089 2087
f 2088 1966 1964
f 2090 1966 2088
f 1967 2089 1965
f 1967 2091 2089
f 2090 1968 1966
f 2092 1968 2090
f 2093 2091 1967
f 2093 1967 1969
f 1969 1970 2093
f 2093 1970 2094
f 2096 2095 1972
f 1972 2095 1971
f 1972 1968 2092
f 1972 2092 2096
f 2097 2094 1970
f 2097 1970 1973
f 1973 1974 2097
f 2097 1974 2098
f 2100 2099 1976
f 1976 2099 1975
f 1976 1971 2095
f 1976 2095 2100
f 2101 2098 1974
f 2101 1974 1977
f 2102 1977 1978
f 2102 2101 1977
f 2103 1978 1979
f 2103 2102 1978
f 2104 1979 1980
f 2104 2103 1979
f 2105 1980 1981
f 2105 2104 1980
f 2106 1981 1982
f 2106 2105 1981
f 2107 1982 1983
f 2107 2106 1982
f 2108 1983 1984
f 2108 2107 1983
f 2109 1984 1985
f 2109 2108 1984
f 2110 1985 1986
f 2110 2109 1985
f 2111 1986 1987
f 2111 2110 1986
f 2112 1987 1988
f 2112 2111 1987
f 2113 1988 1989
f 2113 2112 1988
f 2114 1989 1990
f 2114 2113 1989
f 2115 1990 1991
f 2115 2114 1990
f 2116 1991 1992
f 2116 2115 1991
f 2117 1992 1993
f 2117 2116 1992
f 2118 1993 1994
f 2118 2117 1993
f 2119 1994 1995
f 2119 2118 1994
f 2120 1995 1996
f 2120 2119 1995
f 1996 1975 2099
f 1996 2099 2120
f 2122 2121 1997
f 2122 1997 1998
f 1997 2123 1999
f 2121 2123 1997
f 1999 2124 2000
f 2123 2124 1999
f 2000 2125 2001
f 2124 2125 2000
f 2001 2126 2002
f 2125 2126 2001
f 2002 2127 2003
f 2126 2127 2002
f 2003 2128 2004
f 2127 2128 2003
f 2004 2129 2005
f 2128 2129 2004
f 2005 2130 2006
f 2129 2130 2005
f 2006 2131 2007
f 2130 2131 2006
f 2007 2132 2008
f 2131 2132 2007
f 2008 2133 2009
f 2132 2133 2008
f 2009 2134 2010
f 2133 2134 2009
f 2010 2135 2011
f 2134 2135 2010
f 2011 2136 2012
f 2135 2136 2011
f 2012 2137 2013
f 2136 2137 2012
f 2013 2138 2014
f 2137 2138 2013
f 2014 2139 2015
f 2138 2139 2014
f 2015 2140 2016
f 2139 2140 2015
f 2016 2141 2017
f 2140 2141 2016
f 2018 2017 2141
f 2018 2141 2142
f 2144 2143 2019
f 2144 2019 2020
f 1998 2019 2122
f 2122 2019 2143
f 2142 2145 2018
f 2018 2145 2021
f 2022 2021 2145
f 2022 2145 2146
f 2148 2147 2023
f 2148 2023 2024
f 2020 2023 2144
f 2144 2023 2147
f 2146 2149 2022
f 2022 2149 2025
f 2026 2025 2149
f 2026 2149 2150
f 2027 2148 2024
f 2027 2151 2148
f 2150 2028 2026
f 2152 2028 2150
f 2029 2151 2027
f 2029 2153 2151
f 2152 2030 2028
f 2154 2030 2152
f 2031 2153 2029
f 2031 2155 2153
f 2154 2032 2030
f 2156 2032 2154
f 2033 2155 2031
f 2033 2157 2155
f 2156 2034 2032
f 2158 2034 2156
f 2035 2157 2033
f 2035 2159 2157
f 2158 2036 2034
f 2160 2036 2158
f 2037 2159 2035
f 2037 2161 2159
f 2160 2038 2036
f 2162 2038 2160
f 2039 2161 2037
f 2039 2163 2161
f 2162 2040 2038
f 2164 2040 2162
f 2041 2163 2039
f 2041 2165 2163
f 2164 2042 2040
f 2166 2042 2164
f 2043 2165 2041
f 2043 2167 2165
f 2166 2044 2042
f 2168 2044 2166
f 2045 2167 2043
f 2045 2169 2167
f 2168 2046 2044
f 2170 2046 2168
f 2047 2169 2045
f 2047 2171 2169
f 2170 2048 2046
f 2172 2048 2170
f 2049 2171 2047
f 2049 2173 2171
f 2172 2050 2048
f 2174 2050 2172
f 2051 2173 2049
f 2051 2175 2173
f 2174 2052 2050
f 2176 2052 2174
f 2053 2175 2051
f 2053 2177 2175
f 2176 2054 2052
f 2178 2054 2176
f 2055 2177 2053
f 2055 2179 2177
f 2178 2056 2054
f 2180 2056 2178
f 2057 2179 2055
f 2057 2181 2179
f 2180 2058 2056
f 2182 2058 2180
f 2059 2181 2057
f 2059 2183 2181
f 2182 2060 2058
f 2184 2060 2182
f 2061 2183 2059
f 2061 2185 2183
f 2184 2062 2060
f 2186 2062 2184
f 2063 2185 2061
f 2063 2187 2185
f 2186 2064 2062
f 2188 2064 2186
f 2065 2187 2063
f 2065 2189 2187
f 2188 2066 2064
f 2190 2066 2188
f 2067 2189 2065
f 2067 2191 2189
f 2190 2068 2066
f 2192 2068 2190
f 2069 2191 2067
f 2069 2193 2191
f 2192 2070 2068
f 2194 2070 2192
f 2071 2193 2069
f 2071 2195 2193
f 2194 2072 2070
f 2196 2072 2194
f 2073 2195 2071
f 2073 2197 2195
f 2196 2074 2072
f 2198 2074 2196
f 2075 2197 2073
f 2075 2199 2197
f 2198 2076 2074
f 2200 2076 2198
f 2077 2199 2075
f 2077 2201 2199
f 2200 2078 2076
f 2202 2078 2200
f 2079 2201 2077
f 2079 2203 2201
f 2202 2080 2078
f 2204 2080 2202
f 2081 2203 2079
f 2081 2205 2203
f 2204 2082 2080
f 2206 2082 2204
f 2083 2205 2081
f 2083 2207 2205
f 2206 2084 2082
f 2208 2084 2206
f 2085 2207 2083
f 2085 2209 2207
f 2208 2086 2084
f 2210 2086 2208
f 2087 2209 2085
f 2087 2211 2209
f 2210 2088 2086
f 2212 2088 2210
f 2089 2211 2087
f 2089 2213 2211
f 2212 2090 2088
f 2214 2090 2212
f 2091 2213 2089
f 2091 2215 2213
f 2214 2092 2090
f 2216 2092 2214
f 2217 2215 2091
f 2217 2091 2093
f 2093 2094 2217
f 2217 2094 2218
f 2220 2219 2096
f 2096 2219 2095
f 2096 2092 2216
f 2096 2216 2220
f 2221 2218 2094
f 2221 2094 2097
f 2097 2098 2221
f 2221 2098 2222
f 2224 2223 2100
f 2100 2223 2099
f 2100 2095 2219
f 2100 2219 2224
f 2225 2222 2098
f 2225 2098 2101
f 2226 2101 2102
f 2226 2225 2101
f 2227 2102 2103
f 2227 2226 2102
f 2228 2103 2104
f 2228 2227 2103
f 2229 2104 2105
f 2229 2228 2104
f 2230 2105 2106
f 2230 2229 2105
f 2231 2106 2107
f 2231 2230 2106
f 2232 2107 2108
f 2232 2231 2107
f 2233 2108 2109
f 2233 2232 2108
f 2234 2109 2110
f 2234 2233 2109
f 2235 2110 2111
f 2235 2234 2110
f 2236 2111 2112
f 2236 2235 2111
f 2237 2112 2113
f 2237 2236 2112
f 2238 2113 2114
f 2238 2237 2113
f 2239 2114 2115
f 2239 2238 2114
f 2240 2115 2116
f 2240 2239 2115
f 2241 2116 2117
f 2241 2240 2116
f 2242 2117 2118
f 2242 2241 2117
f 2243 2118 2119
f 2243 2242 2118
f 2244 2119 2120
f 2244 2243 2119
f 2120 2099 2223
f 2120 2223 2244
f 2246 2245 2121
f 2246 2121 2122
f 2121 2247 2123
f 2245 2247 2121
f 2123 2248 2124
f 2247 2248 2123
f 2124 2249 2125
f 2248 2249 2124
f 2125 2250 2126
f 2249 2250 2125
f 2126 2251 2127
f 2250 2251 2126
f 2127 2252 2128
f 2251 2252 2127
f 2128 2253 2129
f 2252 2253 2128
f 2129 2254 2130
f 2253 2254 2129
f 2130 2255 2131
f 2254 2255 2130
f 2131 2256 2132
f 2255 2256 2131
f 2132 2257 2133
f 2256 2257 2132
f 2133 2258 2134
f 2257 2258 2133
f 2134 2259 2135
f 2258 2259 2134
f 2135 2260 2136
f 2259 2260 2135
f 2136 2261 2137
f 2260 2261 2136
f 2137 2262 2138
f 2261 2262 2137
f 2138 2263 2139
f 2262 2263 2138
f 2139 2264 2140
f 2263 2264 2139
f 2140 2265 2141
f 2264 2265 2140
f 2142 2141 2265
f 2142 2265 2266
f 2268 2267 2143
f 2268 2143 2144
f 2122 2143 2246
f 2246 2143 2267
f 2266 2269 2142
f 2142 2269 2145
f 2146 2145 2269
f 2146 2269 2270
f 2272 2271 2147
f 2272 2147 2148
f 2144 2147 2268
f 2268 2147 2271
f 2270 2273 2146
f 2146 2273 2149
f 2150 2149 2273
f 2150 2273 2274
f 2151 2272 2148
f 2151 2275 2272
f 2274 2152 2150
f 2276 2152 2274
f 2153 2275 2151
f 2153 2277 2275
f 2276 2154 2152
f 2278 2154 2276
f 2155 2277 2153
f 2155 2279 2277
f 2278 2156 2154
f 2280 2156 2278
f 2157 2279 2155
f 2157 2281 2279
f 2280 2158 2156
f 2282 2158 2280
f 2159 2281 2157
f 2159 2283 2281
f 2282 2160 2158
f 2284 2160 2282
f 2161 2283 2159
f 2161 2285 2283
f 2284 2162 2160
f 2286 2162 2284
f 2163 2285 2161
f 2163 2287 2285
f 2286 2164 2162
f 2288 2164 2286
f 2165 2287 2163
f 2165 2289 2287
f 2288 2166 2164
f 2290 2166 2288
f 2167 2289 2165
f 2167 2291 2289
f 2290 2168 2166
f 2292 2168 2290
f 2169 2291 2167
f 2169 2293 2291
f 2292 2170 2168
f 2294 2170 2292
f 2171 2293 2169
f 2171 2295 2293
f 2294 2172 2170
f 2296 2172 2294
f 2173 2295 2171
f 2173 2297 2295
f 2296 2174 2172
f 2298 2174 2296
f 2175 2297 2173
f 2175 2299 2297
f 2298 2176 2174
f 2300 2176 2298
f 2177 2299 2175
f 2177 2301 2299
f 2300 2178 2176
f 2302 2178 2300
f 2179 2301 2177
f 2179 2303 2301
f 2302 2180 2178
f 2304 2180 2302
f 2181 2303 2179
f 2181 2305 2303
f 2304 2182 2180
f 2306 2182 2304
f 2183 2305 2181
f 2183 2307 2305
f 2306 2184 2182
f 2308 2184 2306
f 2185 2307 2183
f 2185 2309 2307
f 2308 2186 2184
f 2310 2186 2308
f 2187 2309 2185
f 2187 2311 2309
f 2310 2188 2186
f 2312 2188 2310
f 2189 2311 2187
f 2189 2313 2311
f 2312 2190 2188
f 2314 2190 2312
f 2191 2313 2189
f 2191 2315 2313
f 2314 2192 2190
f 2316 2192 2314
f 2193 2315 2191
f 2193 2317 2315
f 2316 2194 2192
f 2318 2194 2316
f 2195 2317 2193
f 2195 2319 2317
f 2318 2196 2194
f 2320 2196 2318
f 2197 2319 2195
f 2197 2321 2319
f 2320 2198 2196
f 2322 2198 2320
f 2199 2321 2197
f 2199 2323 2321
f 2322 2200 2198
f 2324 2200 2322
f 2201 2323 2199
f 2201 2325 2323
f 2324 2202 2200
f 2326 2202 2324
f 2203 2325 2201
f 2203 2327 2325
f 2326 2204 2202
f 2328 2204 2326
f 2205 2327 2203
f 2205 2329 2327
f 2328 2206 2204
f 2330 2206 2328
f 2207 2329 2205
f 2207 2331 2329
f 2330 2208 2206
f 2332 2208 2330
f 2209 2331 2207
f 2209 2333 2331
f 2332 2210 2208
f 2334 2210 2332
f 2211 2333 2209
f 2211 2335 2333
f 2334 2212 2210
f 2336 2212 2334
f 2213 2335 2211
f 2213 2337 2335
f 2336 2214 2212
f 2338 2214 2336
f 2215 2337 2213
f 2215 2339 2337
f 2338 2216 2214
f 2340 2216 2338
f 2341 2339 2215
f 2341 2215 2217
f 2217 2218 2341
f 2341 2218 2342
f 2344 2343 2220
f 2220 2343 2219
f 2220 2216 2340
f 2220 2340 2344
f 2345 2342 2218
f 2345 2218 2221
f 2221 2222 2345
f 2345 2222 2346
f 2348 2347 2224
f 2224 2347 2223
f 2224 2219 2343
f 2224 2343 2348
f 2349 2346 2222
f 2349 2222 2225
f 2350 2225 2226
f 2350 2349 2225
f 2351 2226 2227
f 2351 2350 2226
f 2352 2227 2228
f 2352 2351 2227
f 2353 2228 2229
f 2353 2352 2228
f 2354 2229 2230
f 2354 2353 2229
f 2355 2230 2231
f 2355 2354 2230
f 2356 2231 2232
f 2356 2355 2231
f 2357 2232 2233
f 2357 2356 2232
f 2358 2233 2234
f 2358 2357 2233
f 2359 2234 2235
f 2359 2358 2234
f 2360 2235 2236
f 2360 2359 2235
f 2361 2236 2237
f 2361 2360 2236
f 2362 2237 2238
f 2362 2361 2237
f 2363 2238 2239
f 2363 2362 2238
f 2364 2239 2240
f 2364 2363 2239
f 2365 2240 2241
f 2365 2364 2240
f 2366 2241 2242
f 2366 2365 2241
f 2367 2242 2243
f 2367 2366 2242
f 2368 2243 2244
f 2368 2367 2243
f 2244 2223 2347
f 2244 2347 2368
f 2370 2369 2245
f 2370 2245 2246
f 2245 2371 2247
f 2369 2371 2245
f 2247 2372 2248
f 2371 2372 2247
f 2248 2373 2249
f 2372 2373 2248
f 2249 2374 2250
f 2373 2374 2249
f 2250 2375 2251
f 2374 2375 2250
f 2251 2376 2252
f 2375 2376 2251
f 2252 2377 2253
f 2376 2377 2252
f 2253 2378 2254
f 2377 2378 2253
f 2254 2379 2255
f 2378 2379 2254
f 2255 2380 2256
f 2379 2380 2255
f 2256 2381 2257
f 2380 2381 2256
f 2257 2382 2258
f 2381 2382 2257
f 2258 2383 2259
f 2382 2383 2258
f 2259 2384 2260
f 2383 2384 2259
f 2260 2385 2261
f 2384 2385 2260
f 2261 2386 2262
f 2385 2386 2261
f 2262 2387 2263
f 2386 2387 2262
f 2263 2388 2264
f 2387 2388 2263
f 2264 2389 2265
f 2388 2389 2264
f 2266 2265 2389
f 2266 2389 2390
f 2392 2391 2267
f 2392 2267 2268
f 2246 2267 2370
f 2370 2267 2391
f 2390 2393 2266
f 2266 2393 2269
f 2270 2269 2393
f 2270 2393 2394
f 2396 2395 2271
f 2396 2271 2272
f 2268 2271 2392
f 2392 2271 2395
f 2394 2397 2270
f 2270 2397 2273
f 2274 2273 2397
f 2274 2397 2398
f 2275 2396 2272
f 2275 2399 2396
f 2398 2276 2274
f 2400 2276 2398
f 2277 2399 2275
f 2277 2401 2399
f 2400 2278 2276
f 2402 2278 2400
f 2279 2401 2277
f 2279 2403 2401
f 2402 2280 2278
f 2404 2280 2402
f 2281 2403 2279
f 2281 2405 2403
f 2404 2282 2280
f 2406 2282 2404
f 2283 2405 2281
f 2283 2407 2405
f 2406 2284 2282
f 2408 2284 2406
f 2285 2407 2283
f 2285 2409 2407
f 2408 2286 2284
f 2410 2286 2408
f 2287 2409 2285
f 2287 2411 2409
f 2410 2288 2286
f 2412 2288 2410
f 2289 2411 2287
f 2289 2413 2411
f 2412 2290 2288
f 2414 2290 2412
f 2291 2413 2289
f 2291 2415 2413
f 2414 2292 2290
f 2416 2292 2414
f 2293 2415 2291
f 2293 2417 2415
f 2416 2294 2292
f 2418 2294 2416
f 2295 2417 2293
f 2295 2419 2417
f 2418 2296 2294
f 2420 2296 2418
f 2297 2419 2295
f 2297 2421 2419
f 2420 2298 2296
f 2422 2298 2420
f 2299 2421 2297
f 2299 2423 2421
f 2422 2300 2298
f 2424 2300 2422
f 2301 2423 2299
f 2301 2425 2423
f 2424 2302 2300
f 2426 2302 2424
f 2303 2425 2301
f 2303 2427 2425
f 2426 2304 2302
f 2428 2304 2426
f 2305 2427 2303
f 2305 2429 2427
f 2428 2306 2304
f 2430 2306 2428
f 2307 2429 2305
f 2307 2431 2429
f 2430 2308 2306
f 2432 2308 2430
f 2309 2431 2307
f 2309 2433 2431
f 2432 2310 2308
f 2434 2310 2432
f 2311 2433 2309
f 2311 2435 2433
f 2434 2312 2310
f 2436 2312 2434
f 2313 2435 2311
f 2313 2437 2435
f 2436 2314 2312
f 2438 2314 2436
f 2315 2437 2313
f 2315 2439 2437
f 2438 2316 2314
f 2440 2316 2438
f 2317 2439 2315
f 2317 2441 2439
f 2440 2318 2316
f 2442 2318 2440
f 2319 2441 2317
f 2319 2443 2441
f 2442 2320 2318
f 2444 2320 2442
f 2321 2443 2319
f 2321 2445 2443
f 2444 2322 2320
f 2446 2322 2444
f 2323 2445 2321
f 2323 2447 2445
f 2446 2324 2322
f 2448 2324 2446
f 2325 2447 2323
f 2325 2449 2447
f 2448 2326 2324
f 2450 2326 2448
f 2327 2449 2325
f 2327 2451 2449
f 2450 2328 2326
f 2452 2328 2450
f 2329 2451 2327
f 2329 2453 2451
f 2452 2330 2328
f 2454 2330 2452
f 2331 2453 2329
f 2331 2455 2453
f 2454 2332 2330
f 2456 2332 2454
f 2333 2455 2331
f 2333 2457 2455
f 2456 2334 2332
f 2458 2334 2456
f 2335 2457 2333
f 2335 2459 2457
f 2458 2336 2334
f 2460 2336 2458
f 2337 2459 2335
f 2337 2461 2459
f 2460 2338 2336
f 2462 2338 2460
f 2339 2461 2337
f 2339 2463 2461
f 2462 2340 2338
f 2464 2340 2462
f 2465 2463 2339
f 2465 2339 2341
f 2341 2342 2465
f 2465 2342 2466
f 2468 2467 2344
f 2344 2467 2343
f 2344 2340 2464
f 2344 2464 2468
f 2469 2466 2342
f 2469 2342 2345
f 2345 2346 2469
f 2469 2346 2470
f 2472 2471 2348
f 2348 2471 2347
f 2348 2343 2467
f 2348 2467 2472
f 2473 2470 2346
f 2473 2346 2349
f 2474 2349 2350
f 2474 2473 2349
f 2475 2350 2351
f 2475 2474 2350
f 2476 2351 2352
f 2476 2475 2351
f 2477 2352 2353
f 2477 2476 2352
f 2478 2353 2354
f 2478 2477 2353
f 2479 2354 2355
f 2479 2478 2354
f 2480 2355 2356
f 2480 2479 2355
f 2481 2356 2357
f 2481 2480 2356
f 2482 2357 2358
f 2482 2481 2357
f 2483 2358 2359
f 2483 2482 2358
f 2484 2359 2360
f 2484 2483 2359
f 2485 2360 2361
f 2485 2484 2360
f 2486 2361 2362
f 2486 2485 2361
f 2487 2362 2363
f 2487 2486 2362
f 2488 2363 2364
f 2488 2487 2363
f 2489 2364 2365
f 2489 2488 2364
f 2490 2365 2366
f 2490 2489 2365
f 2491 2366 2367
f 2491 2490 2366
f 2492 2367 2368
f 2492 2491 2367
f 2368 2347 2471
f 2368 2471 2492
f 2494 2493 2369
f 2494 2369 2370
f 2369 2495 2371
f 2493 2495 2369
f 2371 2496 2372
f 2495 2496 2371
f 2372 2497 2373
f 2496 2497 2372
f 2373 2498 2374
f 2497 2498 2373
f 2374 2499 2375
f 2498 2499 2374
f 2375 2500 2376
f 2499 2500 2375
f 2376 2501 2377
f 2500 2501 2376
f 2377 2502 2378
f 2501 2502 2377
f 2378 2503 2379
f 2502 2503 2378
f 2379 2504 2380
f 2503 2504 2379
f 2380 2505 2381
f 2504 2505 2380
f 2381 2506 2382
f 2505 2506 2381
f 2382 2507 2383
f 2506 2507 2382
f 2383 2508 2384
f 2507 2508 2383
f 2384 2509 2385
f 2508 2509 2384
f 2385 2510 2386
f 2509 2510 2385
f 2386 2511 2387
f 2510 2511 2386
f 2387 2512 2388
f 2511 2512 2387
f 2388 2513 2389
f 2512 2513 2388
f 2390 2389 2513
f 2390 2513 2514
f 2516 2515 2391
f 2516 2391 2392
f 2370 2391 2494
f 2494 2391 2515
f 2514 2517 2390
f 2390 2517 2393
f 2394 2393 2517
f 2394 2517 2518
f 2520 2519 2395
f 2520 2395 2396
f 2392 2395 2516
f 2516 2395 2519
f 2518 2521 2394
f 2394 2521 2397
f 2398 2397 2521
f 2398 2521 2522
f 2399 2520 2396
f 2399 2523 2520
f 2522 2400 2398
f 2524 2400 2522
f 2401 2523 2399
f 2401 2525 2523
f 2524 2402 2400
f 2526 2402 2524
f 2403 2525 2401
f 2403 2527 2525
f 2526 2404 2402
f 2528 2404 2526
f 2405 2527 2403
f 2405 2529 2527
f 2528 2406 2404
f 2530 2406 2528
f 2407 2529 2405
f 2407 2531 2529
f 2530 2408 2406
f 2532 2408 2530
f 2409 2531 2407
f 2409 2533 2531
f 2532 2410 2408
f 2534 2410 2532
f 2411 2533 2409
f 2411 2535 2533
f 2534 2412 2410
f 2536 2412 2534
f 2413 2535 2411
f 2413 2537 2535
f 2536 2414 2412
f 2538 2414 2536
f 2415 2537 2413
f 2415 2539 2537
f 2538 2416 2414
f 2540 2416 2538
f 2417 2539 2415
f 2417 2541 2539
f 2540 2418 2416
f 2542 2418 2540
f 2419 2541 2417
f 2419 2543 2541
f 2542 2420 2418
f 2544 2420 2542
f 2421 2543 2419
f 2421 2545 2543
f 2544 2422 2420
f 2546 2422 2544
f 2423 2545 2421
f 2423 2547 2545
f 2546 2424 2422
f 2548 2424 2546
f 2425 2547 2423
f 2425 2549 2547
f 2548 2426 2424
f 2550 2426 2548
f 2427 2549 2425
f 2427 2551 2549
f 2550 2428 2426
f 2552 2428 2550
f 2429 2551 2427
f 2429 2553 2551
f 2552 2430 2428
f 2554 2430 2552
f 2431 2553 2429
f 2431 2555 2553
f 2554 2432 2430
f 2556 2432 2554
f 2433 2555 2431
f 2433 2557 2555
f 2556 2434 2432
f 2558 2434 2556
f 2435 2557 2433
f 2435 2559 2557
f 2558 2436 2434
f 2560 2436 2558
f 2437 2559 2435
f 2437 2561 2559
f 2560 2438 2436
f 2562 2438 2560
f 2439 2561 2437
f 2439 2563 2561
f 2562 2440 2438
f 2564 2440 2562
f 2441 2563 2439
f 2441 2565 2563
f 2564 2442 2440
f 2566 2442 2564
f 2443 2565 2441
f 2443 2567 2565
f 2566 2444 2442
f 2568 2444 2566
f 2445 2567 2443
f 2445 2569 2567
f 2568 2446 2444
f 2570 2446 2568
f 2447 2569 2445
f 2447 2571 2569
f 2570 2448 2446
f 2572 2448 2570
f 2449 2571 2447
f 2449 2573 2571
f 2572 2450 2448
f 2574 2450 2572
f 2451 2573 2449
f 2451 2575 2573
f 2574 2452 2450
f 2576 2452 2574
f 2453 2575 2451
f 2453 2577 2575
f 2576 2454 2452
f 2578 2454 2576
f 2455 2577 2453
f 2455 2579 2577
f 2578 2456 2454
f 2580 2456 2578
f 2457 2579 2455
f 2457 2581 2579
f 2580 2458 2456
f 2582 2458 2580
f 2459 2581 2457
f 2459 2583 2581
f 2582 2460 2458
f 2584 2460 2582
f 2461 2583 2459
f 2461 2585 2583
f 2584 2462 2460
f 2586 2462 2584
f 2463 2585 2461
f 2463 2587 2585
f 2586 2464 2462
f 2588 2464 2586
f 2589 2587 2463
f 2589 2463 2465
f 2465 2466 2589
f 2589 2466 2590
f 2592 2591 2468
f 2468 2591 2467
f 2468 2464 2588
f 2468 2588 2592
f 2593 2590 2466
f 2593 2466 2469
f 2469 2470 2593
f 2593 2470 2594
f 2596 2595 2472
f 2472 2595 2471
f 2472 2467 2591
f 2472 2591 2596
f 2597 2594 2470
f 2597 2470 2473
f 2598 2473 2474
f 2598 2597 2473
f 2599 2474 2475
f 2599 2598 2474
f 2600 2475 2476
f 2600 2599 2475
f 2601 2476 2477
f 2601 2600 2476
f 2602 2477 2478
f 2602 2601 2477
f 2603 2478 2479
f 2603 2602 2478
f 2604 2479 2480
f 2604 2603 2479
f 2605 2480 2481
f 2605 2604 2480
f 2606 2481 2482
f 2606 2605 2481
f 2607 2482 2483
f 2607 2606 2482
f 2608 2483 2484
f 2608 2607 2483
f 2609 2484 2485
f 2609 2608 2484
f 2610 2485 2486
f 2610 2609 2485
f 2611 2486 2487
f 2611 2610 2486
f 2612 2487 2488
f 2612 2611 2487
f 2613 2488 2489
f 2613 2612 2488
f 2614 2489 2490
f 2614 2613 2489
f 2615 2490 2491
f 2615 2614 2490
f 2616 2491 2492
f 2616 2615 2491
f 2492 2471 2595
f 2492 2595 2616
f 2618 2617 2493
f 2618 2493 2494
f 2493 2619 2495
f 2617 2619 2493
f 2495 2620 2496
f 2619 2620 2495
f 2496 2621 2497
f 2620 2621 2496
f 2497 2622 2498
f 2621 2622 2497
f 2498 2623 2499
f 2622 2623 2498
f 2499 2624 2500
f 2623 2624 2499
f 2500 2625 2501
f 2624 2625 2500
f 2501 2626 2502
f 2625 2626 2501
f 2502 2627 2503
f 2626 2627 2502
f 2503 2628 2504
f 2627 2628 2503
f 2504 2629 2505
f 2628 2629 2504
f 2505 2630 2506
f 2629 2630 2505
f 2506 2631 2507
f 2630 2631 2506
f 2507 2632 2508
f 2631 2632 2507
f 2508 2633 2509
f 2632 2633 2508
f 2509 2634 2510
f 2633 2634 2509
f 2510 2635 2511
f 2634 2635 2510
f 2511 2636 2512
f 2635 2636 2511
f 2512 2637 2513
f 2636 2637 2512
f 2514 2513 2637
f 2514 2637 2638
f 2640 2639 2515
f 2640 2515 2516
f 2494 2515 2618
f 2618 2515 2639
f 2638 2641 2514
f 2514 2641 2517
f 2518 2517 2641
f 2518 2641 2642
f 2644 2643 2519
f 2644 2519 2520
f 2516 2519 2640
f 2640 2519 2643
f 2642 2645 2518
f 2518 2645 2521
f 2522 2521 2645
f 2522 2645 2646
f 2523 2644 2520
f 2523 2647 2644
f 2646 2524 2522
f 2648 2524 2646
f 2525 2647 2523
f 2525 2649 2647
f 2648 2526 2524
f 2650 2526 2648
f 2527 2649 2525
f 2527 2651 2649
f 2650 2528 2526
f 2652 2528 2650
f 2529 2651 2527
f 2529 2653 2651
f 2652 2530 2528
f 2654 2530 2652
f 2531 2653 2529
f 2531 2655 2653
f 2654 2532 2530
f 2656 2532 2654
f 2533 2655 2531
f 2533 2657 2655
f 2656 2534 2532
f 2658 2534 2656
f 2535 2657 2533
f 2535 2659 2657
f 2658 2536 2534
f 2660 2536 2658
f 2537 2659 2535
f 2537 2661 2659
f 2660 2538 2536
f 2662 2538 2660
f 2539 2661 2537
f 2539 2663 2661
f 2662 2540 2538
f 2664 2540 2662
f 2541 2663 2539
f 2541 2665 2663
f 2664 2542 2540
f 2666 2542 2664
f 2543 2665 2541
f 2543 2667 2665
f 2666 2544 2542
f 2668 2544 2666
f 2545 2667 2543
f 2545 2669 2667
f 2668 2546 2544
f 2670 2546 2668
f 2547 2669 2545
f 2547 2671 2669
f 2670 2548 2546
f 2672 2548 2670
f 2549 2671 2547
f 2549 2673 2671
f 2672 2550 2548
f 2674 2550 2672
f 2551 2673 2549
f 2551 2675 2673
f 2674 2552 2550
f 2676 2552 2674
f 2553 2675 2551
f 2553 2677 2675
f 2676 2554 2552
f 2678 2554 2676
f 2555 2677 2553
f 2555 2679 2677
f 2678 2556 2554
f 2680 2556 2678
f 2557 2679 2555
f 2557 2681 2679
f 2680 2558 2556
f 2682 2558 2680
f 2559 2681 2557
f 2559 2683 2681
f 2682 2560 2558
f 2684 2560 2682
f 2561 2683 2559
f 2561 2685 2683
f 2684 2562 2560
f 2686 2562 2684
f 2563 2685 2561
f 2563 2687 2685
f 2686 2564 2562
f 2688 2564 2686
f 2565 2687 2563
f 2565 2689 2687
f 2688 2566 2564
f 2690 2566 2688
f 2567 2689 2565
f 2567 2691 2689
f 2690 2568 2566
f 2692 2568 2690
f 2569 2691 2567
f 2569 2693 2691
f 2692 2570 2568
f 2694 2570 2692
f 2571 2693 2569
f 2571 2695 2693
f 2694 2572 2570
f 2696 2572 2694
f 2573 2695 2571
f 2573 2697 2695
f 2696 2574 2572
f 2698 2574 2696
f 2575 2697 2573
f 2575 2699 2697
f 2698 2576 2574
f 2700 2576 2698
f 2577 2699 2575
f 2577 2701 2699
f 2700 2578 2576
f 2702 2578 2700
f 2579 2701 2577
f 2579 2703 2701
f 2702 2580 2578
f 2704 2580 2702
f 2581 2703 2579
f 2581 2705 2703
f 2704 2582 2580
f 2706 2582 2704
f 2583 2705 2581
f 2583 2707 2705
f 2706 2584 2582
f 2708 2584 2706
f 2585 2707 2583
f 2585 2709 2707
f 2708 2586 2584
f 2710 2586 2708
f 2587 2709 2585
f 2587 2711 2709
f 2710 2588 2586
f 2712 2588 2710
f 2713 2711 2587
f 2713 2587 2589
f 2589 2590 2713
f 2713 2590 2714
f 2716 2715 2592
f 2592 2715 2591
f 2592 2588 2712
f 2592 2712 2716
f 2717 2714 2590
f 2717 2590 2593
f 2593 2594 2717
f 2717 2594 2718
f 2720 2719 2596
f 2596 2719 2595
f 2596 2591 2715
f 2596 2715 2720
f 2721 2718 2594
f 2721 2594 2597
f 2722 2597 2598
f 2722 2721 2597
f 2723 2598 2599
f 2723 2722 2598
f 2724 2599 2600
f 2724 2723 2599
f 2725 2600 2601
f 2725 2724 2600
f 2726 2601 2602
f 2726 2725 2601
f 2727 2602 2603
f 2727 2726 2602
f 2728 2603 2604
f 2728 2727 2603
f 2729 2604 2605
f 2729 2728 2604
f 2730 2605 2606
f 2730 2729 2605
f 2731 2606 2607
f 2731 2730 2606
f 2732 2607 2608
f 2732 2731 2607
f 2733 2608 2609
f 2733 2732 2608
f 2734 2609 2610
f 2734 2733 2609
f 2735 2610 2611
f 2735 2734 2610
f 2736 2611 2612
f 2736 2735 2611
f 2737 2612 2613
f 2737 2736 2612
f 2738 2613 2614
f 2738 2737 2613
f 2739 2614 2615
f 2739 2738 2614
f 2740 2615 2616
f 2740 2739 2615
f 2616 2595 2719
f 2616 2719 2740
f 2742 2741 2617
f 2742 2617 2618
f 2617 2743 2619
f 2741 2743 2617
f 2619 2744 2620
f 2743 2744 2619
f 2620 2745 2621
f 2744 2745 2620
f 2621 2746 2622
f 2745 2746 2621
f 2622 2747 2623
f 2746 2747 2622
f 2623 2748 2624
f 2747 2748 2623
f 2624 2749 2625
f 2748 2749 2624
f 2625 2750 2626
f 2749 2750 2625
f 2626 2751 2627
f 2750 2751 2626
f 2627 2752 2628
f 2751 2752 2627
f 2628 2753 2629
f 2752 2753 2628
f 2629 2754 2630
f 2753 2754 2629
f 2630 2755 2631
f 2754 2755 2630
f 2631 2756 2632
f 2755 2756 2631
f 2632 2757 2633
f 2756 2757 2632
f 2633 2758 2634
f 2757 2758 2633
f 2634 2759 2635
f 2758 2759 2634
f 2635 2760 2636
f 2759 2760 2635
f 2636 2761 2637
f 2760 2761 2636
f 2638 2637 2761
f 2638 2761 2762
f 2764 2763 2639
f 2764 2639 2640
f 2618 2639 2742
f 2742 2639 2763
f 2762 2765 2638
f 2638 2765 2641
f 2642 2641 2765
f 2642 2765 2766
f 2768 2767 2643
f 2768 2643 2644
f 2640 2643 2764
f 2764 2643 2767
f 2766 2769 2642
f 2642 2769 2645
f 2646 2645 2769
f 2646 2769 2770
f 2647 2768 2644
f 2647 2771 2768
f 2770 2648 2646
f 2772 2648 2770
f 2649 2771 2647
f 2649 2773 2771
f 2772 2650 2648
f 2774 2650 2772
f 2651 2773 2649
f 2651 2775 2773
f 2774 2652 2650
f 2776 2652 2774
f 2653 2775 2651
f 2653 2777 2775
f 2776 2654 2652
f 2778 2654 2776
f 2655 2777 2653
f 2655 2779 2777
f 2778 2656 2654
f 2780 2656 2778
f 2657 2779 2655
f 2657 2781 2779
f 2780 2658 2656
f 2782 2658 2780
f 2659 2781 2657
f 2659 2783 2781
f 2782 2660 2658
f 2784 2660 2782
f 2661 2783 2659
f 2661 2785 2783
f 2784 2662 2660
f 2786 2662 2784
f 2663 2785 2661
f 2663 2787 2785
f 2786 2664 2662
f 2788 2664 2786
f 2665 2787 2663
f 2665 2789 2787
f 2788 2666 2664
f 2790 2666 2788
f 2667 2789 2665
f 2667 2791 2789
f 2790 2668 2666
f 2792 2668 2790
f 2669 2791 2667
f 2669 2793 2791
f 2792 2670 2668
f 2794 2670 2792
f 2671 2793 2669
f 2671 2795 2793
f 2794 2672 2670
f 2796 2672 2794
f 2673 2795 2671
f 2673 2797 2795
f 2796 2674 2672
f 2798 2674 2796
f 2675 2797 2673
f 2675 2799 2797
f 2798 2676 2674
f 2800 2676 2798
f 2677 2799 2675
f 2677 2801 2799
f 2800 2678 2676
f 2802 2678 2800
f 2679 2801 2677
f 2679 2803 2801
f 2802 2680 2678
f 2804 2680 2802
f 2681 2803 2679
f 2681 2805 2803
f 2804 2682 2680
f 2806 2682 2804
f 2683 2805 2681
f 2683 2807 2805
f 2806 2684 2682
f 2808 2684 2806
f 2685 2807 2683
f 2685 2809 2807
f 2808 2686 2684
f 2810 2686 2808
f 2687 2809 2685
f 2687 2811 2809
f 2810 2688 2686
f 2812 2688 2810
f 2689 2811 2687
f 2689 2813 2811
f 2812 2690 2688
f 2814 2690 2812
f 2691 2813 2689
f 2691 2815 2813
f 2814 2692 2690
f 2816 2692 2814
f 2693 2815 2691
f 2693 2817 2815
f 2816 2694 2692
f 2818 2694 2816
f 2695 2817 2693
f 2695 2819 2817
f 2818 2696 2694
f 2820 2696 2818
f 2697 2819 2695
f 2697 2821 2819
f 2820 2698 2696
f 2822 2698 2820
f 2699 2821 2697
f 2699 2823 2821
f 2822 2700 2698
f 2824 2700 2822
f 2701 2823 2699
f 2701 2825 2823
f 2824 2702 2700
f 2826 2702 2824
f 2703 2825 2701
f 2703 2827 2825
f 2826 2704 2702
f 2828 2704 2826
f 2705 2827 2703
f 2705 2829 2827
f 2828 2706 2704
f 2830 2706 2828
f 2707 2829 2705
f 2707 2831 2829
f 2830 2708 2706
f 2832 2708 2830
f 2709 2831 2707
f 2709 2833 2831
f 2832 2710 2708
f 2834 2710 2832
f 2711 2833 2709
f 2711 2835 2833
f 2834 2712 2710
f 2836 2712 2834
f 2837 2835 2711
f 2837 2711 2713
f 2713 2714 2837
f 2837 2714 2838
f 2840 2839 2716
f 2716 2839 2715
f 2716 2712 2836
f 2716 2836 2840
f 2841 2838 2714
f 2841 2714 2717
f 2717 2718 2841
f 2841 2718 2842
f 2844 2843 2720
f 2720 2843 2719
f 2720 2715 2839
f 2720 2839 2844
f 2845 2842 2718
f 2845 2718 2721
f 2846 2721 2722
f 2846 2845 2721
f 2847 2722 2723
f 2847 2846 2722
f 2848 2723 2724
f 2848 2847 2723
f 2849 2724 2725
f 2849 2848 2724
f 2850 2725 2726
f 2850 2849 2725
f 2851 2726 2727
f 2851 2850 2726
f 2852 2727 2728
f 2852 2851 2727
f 2853 2728 2729
f 2853 2852 2728
f 2854 2729 2730
f 2854 2853 2729
f 2855 2730 2731
f 2855 2854 2730
f 2856 2731 2732
f 2856 2855 2731
f 2857 2732 2733
f 2857 2856 2732
f 2858 2733 2734
f 2858 2857 2733
f 2859 2734 2735
f 2859 2858 2734
f 2860 2735 2736
f 2860 2859 2735
f 2861 2736 2737
f 2861 2860 2736
f 2862 2737 2738
f 2862 2861 2737
f 2863 2738 2739
f 2863 2862 2738
f 2864 2739 2740
f 2864 2863 2739
f 2740 2719 2843
f 2740 2843 2864
f 2866 2865 2741
f 2866 2741 2742
f 2741 2867 2743
f 2865 2867 2741
f 2743 2868 2744
f 2867 2868 2743
f 2744 2869 2745
f 2868 2869 2744
f 2745 2870 2746
f 2869 2870 2745
f 2746 2871 2747
f 2870 2871 2746
f 2747 2872 2748
f 2871 2872 2747
f 2748 2873 2749
f 2872 2873 2748
f 2749 2874 2750
f 2873 2874 2749
f 2750 2875 2751
f 2874 2875 2750
f 2751 2876 2752
f 2875 2876 2751
f 2752 2877 2753
f 2876 2877 2752
f 2753 2878 2754
f 2877 2878 2753
f 2754 2879 2755
f 2878 2879 2754
f 2755 2880 2756
f 2879 2880 2755
f 2756 2881 2757
f 2880 2881 2756
f 2757 2882 2758
f 2881 2882 2757
f 2758 2883 2759
f 2882 2883 2758
f 2759 2884 2760
f 2883 2884 2759
f 2760 2885 2761
f 2884 2885 2760
f 2762 2761 2885
f 2762 2885 2886
f 2888 2887 2763
f 2888 2763 2764
f 2742 2763 2866
f 2866 2763 2887
f 2886 2889 2762
f 2762 2889 2765
f 2766 2765 2889
f 2766 2889 2890
f 2892 2891 2767
f 2892 2767 2768
f 2764 2767 2888
f 2888 2767 2891
f 2890 2893 2766
f 2766 2893 2769
f 2770 2769 2893
f 2770 2893 2894
f 2771 2892 2768
f 2771 2895 2892
f 2894 2772 2770
f 2896 2772 2894
f 2773 2895 2771
f 2773 2897 2895
f 2896 2774 2772
f 2898 2774 2896
f 2775 2897 2773
f 2775 2899 2897
f 2898 2776 2774
f 2900 2776 2898
f 2777 2899 2775
f 2777 2901 2899
f 2900 2778 2776
f 2902 2778 2900
f 2779 2901 2777
f 2779 2903 2901
f 2902 2780 2778
f 2904 2780 2902
f 2781 2903 2779
f 2781 2905 2903
f 2904 2782 2780
f 2906 2782 2904
f 2783 2905 2781
f 2783 2907 2905
f 2906 2784 2782
f 2908 2784 2906
f 2785 2907 2783
f 2785 2909 2907
f 2908 2786 2784
f 2910 2786 2908
f 2787 2909 2785
f 2787 2911 2909
f 2910 2788 2786
f 2912 2788 2910
f 2789 2911 2787
f 2789 2913 2911
f 2912 2790 2788
f 2914 2790 2912
f 2791 2913 2789
f 2791 2915 2913
f 2914 2792 2790
f 2916 2792 2914
f 2793 2915 2791
f 2793 2917 2915
f 2916 2794 2792
f 2918 2794 2916
f 2795 2917 2793
f 2795 2919 2917
f 2918 2796 2794
f 2920 2796 2918
f 2797 2919 2795
f 2797 2921 2919
f 2920 2798 2796
f 2922 2798 2920
f 2799 2921 2797
f 2799 2923 2921
f 2922 2800 2798
f 2924 2800 2922
f 2801 2923 2799
f 2801 2925 2923
f 2924 2802 2800
f 2926 2802 2924
f 2803 2925 2801
f 2803 2927 2925
f 2926 2804 2802
f 2928 2804 2926
f 2805 2927 2803
f 2805 2929 2927
f 2928 2806 2804
f 2930 2806 2928
f 2807 2929 2805
f 2807 2931 2929
f 2930 2808 2806
f 2932 2808 2930
f 2809 2931 2807
f 2809 2933 2931
f 2932 2810 2808
f 2934 2810 2932
f 2811 2933 2809
f 2811 2935 2933
f 2934 2812 2810
f 2936 2812 2934
f 2813 2935 2811
f 2813 2937 2935
f 2936 2814 2812
f 2938 2814 2936
f 2815 2937 2813
f 2815 2939 2937
f 2938 2816 2814
f 2940 2816 2938
f 2817 2939 2815
f 2817 2941 2939
f 2940 2818 2816
f 2942 2818 2940
f 2819 2941 2817
f 2819 2943 2941
f 2942 2820 2818
f 2944 2820 2942
f 2821 2943 2819
f 2821 2945 2943
f 2944 2822 2820
f 2946 2822 2944
f 2823 2945 2821
f 2823 2947 2945
f 2946 2824 2822
f 2948 2824 2946
f 2825 2947 2823
f 2825 2949 2947
f 2948 2826 2824
f 2950 2826 2948
f 2827 2949 2825
f 2827 2951 2949
f 2950 2828 2826
f 2952 2828 2950
f 2829 2951 2827
f 2829 2953 2951
f 2952 2830 2828
f 2954 2830 2952
f 2831 2953 2829
f 2831 2955 2953
f 2954 2832 2830
f 2956 2832 2954
f 2833 2955 2831
f 2833 2957 2955
f 2956 2834 2832
f 2958 2834 2956
f 2835 2957 2833
f 2835 2959 2957
f 2958 2836 2834
f 2960 2836 2958
f 2961 2959 2835
f 2961 2835 2837
f 2837 2838 2961
f 2961 2838 2962
f 2964 2963 2840
f 2840 2963 2839
f 2840 2836 2960
f 2840 2960 2964
f 2965 2962 2838
f 2965 2838 2841
f 2841 2842 2965
f 2965 2842 2966
f 2968 2967 2844
f 2844 2967 2843
f 2844 2839 2963
f 2844 2963 2968
f 2969 2966 2842
f 2969 2842 2845
f 2970 2845 2846
f 2970 2969 2845
f 2971 2846 2847
f 2971 2970 2846
f 2972 2847 2848
f 2972 2971 2847
f 2973 2848 2849
f 2973 2972 2848
f 2974 2849 2850
f 2974 2973 2849
f 2975 2850 2851
f 2975 2974 2850
f 2976 2851 2852
f 2976 2975 2851
f 2977 2852 2853
f 2977 2976 2852
f 2978 2853 2854
f 2978 2977 2853
f 2979 2854 2855
f 2979 2978 2854
f 2980 2855 2856
f 2980 2979 2855
f 2981 2856 2857
f 2981 2980 2856
f 2982 2857 2858
f 2982 2981 2857
f 2983 2858 2859
f 2983 2982 2858
f 2984 2859 2860
f 2984 2983 2859
f 2985 2860 2861
f 2985 2984 2860
f 2986 2861 2862
f 2986 2985 2861
f 2987 2862 2863
f 2987 2986 2862
f 2988 2863 2864
f 2988 2987 2863
f 2864 2843 2967
f 2864 2967 2988
f 2990 2989 2865
f 2990 2865 2866
f 2865 2991 2867
f 2989 2991 2865
f 2867 2992 2868
f 2991 2992 2867
f 2868 2993 2869
f 2992 2993 2868
f 2869 2994 2870
f 2993 2994 2869
f 2870 2995 2871
f 2994 2995 2870
f 2871 2996 2872
f 2995 2996 2871
f 2872 2997 2873
f 2996 2997 2872
f 2873 2998 2874
f 2997 2998 2873
f 2874 2999 2875
f 2998 2999 2874
f 2875 3000 2876
f 2999 3000 2875
f 2876 3001 2877
f 3000 3001 2876
f 2877 3002 2878
f 3001 3002 2877
f 2878 3003 2879
f 3002 3003 2878
f 2879 3004 2880
f 3003 3004 2879
f 2880 3005 2881
f 3004 3005 2880
f 2881 3006 2882
f 3005 3006 2881
f 2882 3007 2883
f 3006 3007 2882
f 2883 3008 2884
f 3007 3008 2883
f 2884 3009 2885
f 3008 3009 2884
f 2886 2885 3009
f 2886 3009 3010
f 3012 3011 2887
f 3012 2887 2888
f 2866 2887 2990
f 2990 2887 3011
f 3010 3013 2886
f 2886 3013 2889
f 2890 2889 3013
f 2890 3013 3014
f 3016 3015 2891
f 3016 2891 2892
f 2888 2891 3012
f 3012 2891 3015
f 3014 3017 2890
f 2890 3017 2893
f 2894 2893 3017
f 2894 3017 3018
f 2895 3016 2892
f 2895 3019 3016
f 3018 2896 2894
f 3020 2896 3018
f 2897 3019 2895
f 2897 3021 3019
f 3020 2898 2896
f 3022 2898 3020
f 2899 3021 2897
f 2899 3023 3021
f 3022 2900 2898
f 3024 2900 3022
f 2901 3023 2899
f 2901 3025 3023
f 3024 2902 2900
f 3026 2902 3024
f 2903 3025 2901
f 2903 3027 3025
f 3026 2904 2902
f 3028 2904 3026
f 2905 3027 2903
f 2905 3029 3027
f 3028 2906 2904
f 3030 2906 3028
f 2907 3029 2905
f 2907 3031 3029
f 3030 2908 2906
f 3032 2908 3030
f 2909 3031 2907
f 2909 3033 3031
f 3032 2910 2908
f 3034 2910 3032
f 2911 3033 2909
f 2911 3035 3033
f 3034 2912 2910
f 3036 2912 3034
f 2913 3035 2911
f 2913 3037 3035
f 3036 2914 2912
f 3038 2914 3036
f 2915 3037 2913
f 2915 3039 3037
f 3038 2916 2914
f 3040 2916 3038
f 2917 3039 2915
f 2917 3041 3039
f 3040 2918 2916
f 3042 2918 3040
f 2919 3041 2917
f 2919 3043 3041
f 3042 2920 2918
f 3044 2920 3042
f 2921 3043 2919
f 2921 3045 3043
f 3044 2922 2920
f 3046 2922 3044
f 2923 3045 2921
f 2923 3047 3045
f 3046 2924 2922
f 3048 2924 3046
f 2925 3047 2923
f 2925 3049 3047
f 3048 2926 2924
f 3050 2926 3048
f 2927 3049 2925
f 2927 3051 3049
f 3050 2928 2926
f 3052 2928 3050
f 2929 3051 2927
f 2929 3053 3051
f 3052 2930 2928
f 3054 2930 3052
f 2931 3053 2929
f 2931 3055 3053
f 3054 2932 2930
f 3056 2932 3054
f 2933 3055 2931
f 2933 3057 3055
f 3056 2934 2932
f 3058 2934 3056
f 2935 3057 2933
f 2935 3059 3057
f 3058 2936 2934
f 3060 2936 3058
f 2937 3059 2935
f 2937 3061 3059
f 3060 2938 2936
f 3062 2938 3060
f 2939 3061 2937
f 2939 3063 3061
f 3062 2940 2938
f 3064 2940 3062
f 2941 3063 2939
f 2941 3065 3063
f 3064 2942 2940
f 3066 2942 3064
f 2943 3065 2941
f 2943 3067 3065
f 3066 2944 2942
f 3068 2944 3066
f 2945 3067 2943
f 2945 3069 3067
f 3068 2946 2944
f 3070 2946 3068
f 2947 3069 2945
f 2947 3071 3069
f 3070 2948 2946
f 3072 2948 3070
f 2949 3071 2947
f 2949 3073 3071
f 3072 2950 2948
f 3074 2950 3072
f 2951 3073 2949
f 2951 3075 3073
f 3074 2952 2950
f 3076 2952 3074
f 2953 3075 2951
f 2953 3077 3075
f 3076 2954 2952
f 3078 2954 3076
f 2955 3077 2953
f 2955 3079 3077
f 3078 2956 2954
f 3080 2956 3078
f 2957 3079 2955
f 2957 3081 3079
f 3080 2958 2956
f 3082 2958 3080
f 2959 3081 2957
f 2959 3083 3081
f 3082 2960 2958
f 3084 2960 3082
f 3085 3083 2959
f 3085 2959 2961
f 2961 2962 3085
f 3085 2962 3086
f 3088 3087 2964
f 2964 3087 2963
f 2964 2960 3084
f 2964 3084 3088
f 3089 3086 2962
f 3089 2962 2965
f 2965 2966 3089
f 3089 2966 3090
f 3092 3091 2968
f 2968 3091 2967
f 2968 2963 3087
f 2968 3087 3092
f 3093 3090 2966
f 3093 2966 2969
f 3094 2969 2970
f 3094 3093 2969
f 3095 2970 2971
f 3095 3094 2970
f 3096 2971 2972
f 3096 3095 2971
f 3097 2972 2973
f 3097 3096 2972
f 3098 2973 2974
f 3098 3097 2973
f 3099 2974 2975
f 3099 3098 2974
f 3100 2975 2976
f 3100 3099 2975
f 3101 2976 2977
f 3101 3100 2976
f 3102 2977 2978
f 3102 3101 2977
f 3103 2978 2979
f 3103 3102 2978
f 3104 2979 2980
f 3104 3103 2979
f 3105 2980 2981
f 3105 3104 2980
f 3106 2981 2982
f 3106 3105 2981
f 3107 2982 2983
f 3107 3106 2982
f 3108 2983 2984
f 3108 3107 2983
f 3109 2984 2985
f 3109 3108 2984
f 3110 2985 2986
f 3110 3109 2985
f 3111 2986 2987
f 3111 3110 2986
f 3112 2987 2988
f 3112 3111 2987
f 2988 2967 3091
f 2988 3091 3112
f 3114 3113 2989
f 3114 2989 2990
f 2989 3115 2991
f 3113 3115 2989
f 2991 3116 2992
f 3115 3116 2991
f 2992 3117 2993
f 3116 3117 2992
f 2993 3118 2994
f 3117 3118 2993
f 2994 3119 2995
f 3118 3119 2994
f 2995 3120 2996
f 3119 3120 2995
f 2996 3121 2997
f 3120 3121 2996
f 2997 3122 2998
f 3121 3122 2997
f 2998 3123 2999
f 3122 3123 2998
f 2999 3124 3000
f 3123 3124 2999
f 3000 3125 3001
f 3124 3125 3000
f 3001 3126 3002
f 3125 3126 3001
f 3002 3127 3003
f 3126 3127 3002
f 3003 3128 3004
f 3127 3128 3003
f 3004 3129 3005
f 3128 3129 3004
f 3005 3130 3006
f 3129 3130 3005
f 3006 3131 3007
f 3130 3131 3006
f 3007 3132 3008
f 3131 3132 3007
f 3008 3133 3009
f 3132 3133 3008
f 3010 3009 3133
f 3010 3133 3134
f 3136 3135 3011
f 3136 3011 3012
f 2990 3011 3114
f 3114 3011 3135
f 3134 3137 3010
f 3010 3137 3013
f 3014 3013 3137
f 3014 3137 3138
f 3140 3139 3015
f 3140 3015 3016
f 3012 3015 3136
f 3136 3015 3139
f 3138 3141 3014
f 3014 3141 3017
f 3018 3017 3141
f 3018 3141 3142
f 3019 3140 3016
f 3019 3143 3140
f 3142 3020 3018
f 3144 3020 3142
f 3021 3143 3019
f 3021 3145 3143
f 3144 3022 3020
f 3146 3022 3144
f 3023 3145 3021
f 3023 3147 3145
f 3146 3024 3022
f 3148 3024 3146
f 3025 3147 3023
f 3025 3149 3147
f 3148 3026 3024
f 3150 3026 3148
f 3027 3149 3025
f 3027 3151 3149
f 3150 3028 3026
f 3152 3028 3150
f 3029 3151 3027
f 3029 3153 3151
f 3152 3030 3028
f 3154 3030 3152
f 3031 3153 3029
f 3031 3155 3153
f 3154 3032 3030
f 3156 3032 3154
f 3033 3155 3031
f 3033 3157 3155
f 3156 3034 3032
f 3158 3034 3156
f 3035 3157 3033
f 3035 3159 3157
f 3158 3036 3034
f 3160 3036 3158
f 3037 3159 3035
f 3037 3161 3159
f 3160 3038 3036
f 3162 3038 3160
f 3039 3161 3037
f 3039 3163 3161
f 3162 3040 3038
f 3164 3040 3162
f 3041 3163 3039
f 3041 3165 3163
f 3164 3042 3040
f 3166 3042 3164
f 3043 3165 3041
f 3043 3167 3165
f 3166 3044 3042
f 3168 3044 3166
f 3045 3167 3043
f 3045 3169 3167
f 3168 3046 3044
f 3170 3046 3168
f 3047 3169 3045
f 3047 3171 3169
f 3170 3048 3046
f 3172 3048 3170
f 3049 3171 3047
f 3049 3173 3171
f 3172 3050 3048
f 3174 3050 3172
f 3051 3173 3049
f 3051 3175 3173
f 3174 3052 3050
f 3176 3052 3174
f 3053 3175 3051
f 3053 3177 3175
f 3176 3054 3052
f 3178 3054 3176
f 3055 3177 3053
f 3055 3179 3177
f 3178 3056 3054
f 3180 3056 3178
f 3057 3179 3055
f 3057 3181 3179
f 3180 3058 3056
f 3182 3058 3180
f 3059 3181 3057
f 3059 3183 3181
f 3182 3060 3058
f 3184 3060 3182
f 3061 3183 3059
f 3061 3185 3183
f 3184 3062 3060
f 3186 3062 3184
f 3063 3185 3061
f 3063 3187 3185
f 3186 3064 3062
f 3188 3064 3186
f 3065 3187 3063
f 3065 3189 3187
f 3188 3066 3064
f 3190 3066 3188
f 3067 3189 3065
f 3067 3191 3189
f 3190 3068 3066
f 3192 3068 3190
f 3069 3191 3067
f 3069 3193 3191
f 3192 3070 3068
f 3194 3070 3192
f 3071 3193 3069
f 3071 3195 3193
f 3194 3072 3070
f 3196 3072 3194
f 3073 3195 3071
f 3073 3197 3195
f 3196 3074 3072
f 3198 3074 3196
f 3075 3197 3073
f 3075 3199 3197
f 3198 3076 3074
f 3200 3076 3198
f 3077 3199 3075
f 3077 3201 3199
f 3200 3078 3076
f 3202 3078 3200
f 3079 3201 3077
f 3079 3203 3201
f 3202 3080 3078
f 3204 3080 3202
f 3081 3203 3079
f 3081 3205 3203
f 3204 3082 3080
f 3206 3082 3204
f 3083 3205 3081
f 3083 3207 3205
f 3206 3084 3082
f 3208 3084 3206
f 3209 3207 3083
f 3209 3083 3085
f 3085 3086 3209
f 3209 3086 3210
f 3212 3211 3088
f 3088 3211 3087
f 3088 3084 3208
f 3088 3208 3212
f 3213 3210 3086
f 3213 3086 3089
f 3089 3090 3213
f 3213 3090 3214
f 3216 3215 3092
f 3092 3215 3091
f 3092 3087 3211
f 3092 3211 3216
f 3217 3214 3090
f 3217 3090 3093
f 3218 3093 3094
f 3218 3217 3093
f 3219 3094 3095
f 3219 3218 3094
f 3220 3095 3096
f 3220 3219 3095
f 3221 3096 3097
f 3221 3220 3096
f 3222 3097 3098
f 3222 3221 3097
f 3223 3098 3099
f 3223 3222 3098
f 3224 3099 3100
f 3224 3223 3099
f 3225 3100 3101
f 3225 3224 3100
f 3226 3101 3102
f 3226 3225 3101
f 3227 3102 3103
f 3227 3226 3102
f 3228 3103 3104
f 3228 3227 3103
f 3229 3104 3105
f 3229 3228 3104
f 3230 3105 3106
f 3230 3229 3105
f 3231 3106 3107
f 3231 3230 3106
f 3232 3107 3108
f 3232 3231 3107
f 3233 3108 3109
f 3233 3232 3108
f 3234 3109 3110
f 3234 3233 3109
f 3235 3110 3111
f 3235 3234 3110
f 3236 3111 3112
f 3236 3235 3111
f 3112 3091 3215
f 3112 3215 3236
f 3238 3237 3113
f 3238 3113 3114
f 3113 3239 3115
f 3237 3239 3113
f 3115 3240 3116
f 3239 3240 3115
f 3116 3241 3117
f 3240 3241 3116
f 3117 3242 3118
f 3241 3242 3117
f 3118 3243 3119
f 3242 3243 3118
f 3119 3244 3120
f 3243 3244 3119
f 3120 3245 3121
f 3244 3245 3120
f 3121 3246 3122
f 3245 3246 3121
f 3122 3247 3123
f 3246 3247 3122
f 3123 3248 3124
f 3247 3248 3123
f 3124 3249 3125
f 3248 3249 3124
f 3125 3250 3126
f 3249 3250 3125
f 3126 3251 3127
f 3250 3251 3126
f 3127 3252 3128
f 3251 3252 3127
f 3128 3253 3129
f 3252 3253 3128
f 3129 3254 3130
f 3253 3254 3129
f 3130 3255 3131
f 3254 3255 3130
f 3131 3256 3132
f 3255 3256 3131
f 3132 3257 3133
f 3256 3257 3132
f 3134 3133 3257
f 3134 3257 3258
f 3260 3259 3135
f 3260 3135 3136
f 3114 3135 3238
f 3238 3135 3259
f 3258 3261 3134
f 3134 3261 3137
f 3138 3137 3261
f 3138 3261 3262
f 3264 3263 3139
f 3264 3139 3140
f 3136 3139 3260
f 3260 3139 3263
f 3262 3265 3138
f 3138 3265 3141
f 3142 3141 3265
f 3142 3265 3266
f 3143 3264 3140
f 3143 3267 3264
f 3266 3144 3142
f 3268 3144 3266
f 3145 3267 3143
f 3145 3269 3267
f 3268 3146 3144
f 3270 3146 3268
f 3147 3269 3145
f 3147 3271 3269
f 3270 3148 3146
f 3272 3148 3270
f 3149 3271 3147
f 3149 3273 3271
f 3272 3150 3148
f 3274 3150 3272
f 3151 3273 3149
f 3151 3275 3273
f 3274 3152 3150
f 3276 3152 3274
f 3153 3275 3151
f 3153 3277 3275
f 3276 3154 3152
f 3278 3154 3276
f 3155 3277 3153
f 3155 3279 3277
f 3278 3156 3154
f 3280 3156 3278
f 3157 3279 3155
f 3157 3281 3279
f 3280 3158 3156
f 3282 3158 3280
f 3159 3281 3157
f 3159 3283 3281
f 3282 3160 3158
f 3284 3160 3282
f 3161 3283 3159
f 3161 3285 3283
f 3284 3162 3160
f 3286 3162 3284
f 3163 3285 3161
f 3163 3287 3285
f 3286 3164 3162
f 3288 3164 3286
f 3165 3287 3163
f 3165 3289 3287
f 3288 3166 3164
f 3290 3166 3288
f 3167 3289 3165
f 3167 3291 3289
f 3290 3168 3166
f 3292 3168 3290
f 3169 3291 3167
f 3169 3293 3291
f 3292 3170 3168
f 3294 3170 3292
f 3171 3293 3169
f 3171 3295 3293
f 3294 3172 3170
f 3296 3172 3294
f 3173 3295 3171
f 3173 3297 3295
f 3296 3174 3172
f 3298 3174 3296
f 3175 3297 3173
f 3175 3299 3297
f 3298 3176 3174
f 3300 3176 3298
f 3177 3299 3175
f 3177 3301 3299
f 3300 3178 3176
f 3302 3178 3300
f 3179 3301 3177
f 3179 3303 3301
f 3302 3180 3178
f 3304 3180 3302
f 3181 3303 3179
f 3181 3305 3303
f 3304 3182 3180
f 3306 3182 3304
f 3183 3305 3181
f 3183 3307 3305
f 3306 3184 3182
f 3308 3184 3306
f 3185 3307 3183
f 3185 3309 3307
f 3308 3186 3184
f 3310 3186 3308
f 3187 3309 3185
f 3187 3311 3309
f 3310 3188 3186
f 3312 3188 3310
f 3189 3311 3187
f 3189 3313 3311
f 3312 3190 3188
f 3314 3190 3312
f 3191 3313 3189
f 3191 3315 3313
f 3314 3192 3190
f 3316 3192 3314
f 3193 3315 3191
f 3193 3317 3315
f 3316 3194 3192
f 3318 3194 3316
f 3195 3317 3193
f 3195 3319 3317
f 3318 3196 3194
f 3320 3196 3318
f 3197 3319 3195
f 3197 3321 3319
f 3320 3198 3196
f 3322 3198 3320
f 3199 3321 3197
f 3199 3323 3321
f 3322 3200 3198
f 3324 3200 3322
f 3201 3323 3199
f 3201 3325 3323
f 3324 3202 3200
f 3326 3202 3324
f 3203 3325 3201
f 3203 3327 3325
f 3326 3204 3202
f 3328 3204 3326
f 3205 3327 3203
f 3205 3329 3327
f 3328 3206 3204
f 3330 3206 3328
f 3207 3329 3205
f 3207 3331 3329
f 3330 3208 3206
f 3332 3208 3330
f 3333 3331 3207
f 3333 3207 3209
f 3209 3210 3333
f 3333 3210 3334
f 3336 3335 3212
f 3212 3335 3211
f 3212 3208 3332
f 3212 3332 3336
f 3337 3334 3210
f 3337 3210 3213
f 3213 3214 3337
f 3337 3214 3338
f 3340 3339 3216
f 3216 3339 3215
f 3216 3211 3335
f 3216 3335 3340
f 3341 3338 3214
f 3341 3214 3217
f 3342 3217 3218
f 3342 3341 3217
f 3343 3218 3219
f 3343 3342 3218
f 3344 3219 3220
f 3344 3343 3219
f 3345 3220 3221
f 3345 3344 3220
f 3346 3221 3222
f 3346 3345 3221
f 3347 3222 3223
f 3347 3346 3222
f 3348 3223 3224
f 3348 3347 3223
f 3349 3224 3225
f 3349 3348 3224
f 3350 3225 3226
f 3350 3349 3225
f 3351 3226 3227
f 3351 3350 3226
f 3352 3227 3228
f 3352 3351 3227
f 3353 3228 3229
f 3353 3352 3228
f 3354 3229 3230
f 3354 3353 3229
f 3355 3230 3231
f 3355 3354 3230
f 3356 3231 3232
f 3356 3355 3231
f 3357 3232 3233
f 3357 3356 3232
f 3358 3233 3234
f 3358 3357 3233
f 3359 3234 3235
f 3359 3358 3234
f 3360 3235 3236
f 3360 3359 3235
f 3236 3215 3339
f 3236 3339 3360
f 3362 3361 3237
f 3362 3237 3238
f 3237 3363 3239
f 3361 3363 3237
f 3239 3364 3240
f 3363 3364 3239
f 3240 3365 3241
f 3364 3365 3240
f 3241 3366 3242
f 3365 3366 3241
f 3242 3367 3243
f 3366 3367 3242
f 3243 3368 3244
f 3367 3368 3243
f 3244 3369 3245
f 3368 3369 3244
f 3245 3370 3246
f 3369 3370 3245
f 3246 3371 3247
f 3370 3371 3246
f 3247 3372 3248
f 3371 3372 3247
f 3248 3373 3249
f 3372 3373 3248
f 3249 3374 3250
f 3373 3374 3249
f 3250 3375 3251
f 3374 3375 3250
f 3251 3376 3252
f 3375 3376 3251
f 3252 3377 3253
f 3376 3377 3252
f 3253 3378 3254
f 3377 3378 3253
f 3254 3379 3255
f 3378 3379 3254
f 3255 3380 3256
f 3379 3380 3255
f 3256 3381 3257
f 3380 3381 3256
f 3258 3257 3381
f 3258 3381 3382
f 3384 3383 3259
f 3384 3259 3260
f 3238 3259 3362
f 3362 3259 3383
f 3382 3385 3258
f 3258 3385 3261
f 3262 3261 3385
f 3262 3385 3386
f 3388 3387 3263
f 3388 3263 3264
f 3260 3263 3384
f 3384 3263 3387
f 3386 3389 3262
f 3262 3389 3265
f 3266 3265 3389
f 3266 3389 3390
f 3267 3388 3264
f 3267 3391 3388
f 3390 3268 3266
f 3392 3268 3390
f 3269 3391 3267
f 3269 3393 3391
f 3392 3270 3268
f 3394 3270 3392
f 3271 3393 3269
f 3271 3395 3393
f 3394 3272 3270
f 3396 3272 3394
f 3273 3395 3271
f 3273 3397 3395
f 3396 3274 3272
f 3398 3274 3396
f 3275 3397 3273
f 3275 3399 3397
f 3398 3276 3274
f 3400 3276 3398
f 3277 3399 3275
f 3277 3401 3399
f 3400 3278 3276
f 3402 3278 3400
f 3279 3401 3277
f 3279 3403 3401
f 3402 3280 3278
f 3404 3280 3402
f 3281 3403 3279
f 3281 3405 3403
f 3404 3282 3280
f 3406 3282 3404
f 3283 3405 3281
f 3283 3407 3405
f 3406 3284 3282
f 3408 3284 3406
f 3285 3407 3283
f 3285 3409 3407
f 3408 3286 3284
f 3410 3286 3408
f 3287 3409 3285
f 3287 3411 3409
f 3410 3288 3286
f 3412 3288 3410
f 3289 3411 3287
f 3289 3413 3411
f 3412 3290 3288
f 3414 3290 3412
f 3291 3413 3289
f 3291 3415 3413
f 3414 3292 3290
f 3416 3292 3414
f 3293 3415 3291
f 3293 3417 3415
f 3416 3294 3292
f 3418 3294 3416
f 3295 3417 3293
f 3295 3419 3417
f 3418 3296 3294
f 3420 3296 3418
f 3297 3419 3295
f 3297 3421 3419
f 3420 3298 3296
f 3422 3298 3420
f 3299 3421 3297
f 3299 3423 3421
f 3422 3300 3298
f 3424 3300 3422
f 3301 3423 3299
f 3301 3425 3423
f 3424 3302 3300
f 3426 3302 3424
f 3303 3425 3301
f 3303 3427 3425
f 3426 3304 3302
f 3428 3304 3426
f 3305 3427 3303
f 3305 3429 3427
f 3428 3306 3304
f 3430 3306 3428
f 3307 3429 3305
f 3307 3431 3429
f 3430 3308 3306
f 3432 3308 3430
f 3309 3431 3307
f 3309 3433 3431
f 3432 3310 3308
f 3434 3310 3432
f 3311 3433 3309
f 3311 3435 3433
f 3434 3312 3310
f 3436 3312 3434
f 3313 3435 3311
f 3313 3437 3435
f 3436 3314 3312
f 3438 3314 3436
f 3315 3437 3313
f 3315 3439 3437
f 3438 3316 3314
f 3440 3316 3438
f 3317 3439 3315
f 3317 3441 3439
f 3440 3318 3316
f 3442 3318 3440
f 3319 3441 3317
f 3319 3443 3441
f 3442 3320 3318
f 3444 3320 3442
f 3321 3443 3319
f 3321 3445 3443
f 3444 3322 3320
f 3446 3322 3444
f 3323 3445 3321
f 3323 3447 3445
f 3446 3324 3322
f 3448 3324 3446
f 3325 3447 3323
f 3325 3449 3447
f 3448 3326 3324
f 3450 3326 3448
f 3327 3449 3325
f 3327 3451 3449
f 3450 3328 3326
f 3452 3328 3450
f 3329 3451 3327
f 3329 3453 3451
f 3452 3330 3328
f 3454 3330 3452
f 3331 3453 3329
f 3331 3455 3453
f 3454 3332 3330
f 3456 3332 3454
f 3457 3455 3331
f 3457 3331 3333
f 3333 3334 3457
f 3457 3334 3458
f 3460 3459 3336
f 3336 3459 3335
f 3336 3332 3456
f 3336 3456 3460
f 3461 3458 3334
f 3461 3334 3337
f 3337 3338 3461
f 3461 3338 3462
f 3464 3463 3340
f 3340 3463 3339
f 3340 3335 3459
f 3340 3459 3464
f 3465 3462 3338
f 3465 3338 3341
f 3466 3341 3342
f 3466 3465 3341
f 3467 3342 3343
f 3467 3466 3342
f 3468 3343 3344
f 3468 3467 3343
f 3469 3344 3345
f 3469 3468 3344
f 3470 3345 3346
f 3470 3469 3345
f 3471 3346 3347
f 3471 3470 3346
f 3472 3347 3348
f 3472 3471 3347
f 3473 3348 3349
f 3473 3472 3348
f 3474 3349 3350
f 3474 3473 3349
f 3475 3350 3351
f 3475 3474 3350
f 3476 3351 3352
f 3476 3475 3351
f 3477 3352 3353
f 3477 3476 3352
f 3478 3353 3354
f 3478 3477 3353
f 3479 3354 3355
f 3479 3478 3354
f 3480 3355 3356
f 3480 3479 3355
f 3481 3356 3357
f 3481 3480 3356
f 3482 3357 3358
f 3482 3481 3357
f 3483 3358 3359
f 3483 3482 3358
f 3484 3359 3360
f 3484 3483 3359
f 3360 3339 3463
f 3360 3463 3484
f 3486 3485 3361
f 3486 3361 3362
f 3361 3487 3363
f 3485 3487 3361
f 3363 3488 3364
f 3487 3488 3363
f 3364 3489 3365
f 3488 3489 3364
f 3365 3490 3366
f 3489 3490 3365
f 3366 3491 3367
f 3490 3491 3366
f 3367 3492 3368
f 3491 3492 3367
f 3368 3493 3369
f 3492 3493 3368
f 3369 3494 3370
f 3493 3494 3369
f 3370 3495 3371
f 3494 3495 3370
f 3371 3496 3372
f 3495 3496 3371
f 3372 3497 3373
f 3496 3497 3372
f 3373 3498 3374
f 3497 3498 3373
f 3374 3499 3375
f 3498 3499 3374
f 3375 3500 3376
f 3499 3500 3375
f 3376 3501 3377
f 3500 3501 3376
f 3377 3502 3378
f 3501 3502 3377
f 3378 3503 3379
f 3502 3503 3378
f 3379 3504 3380
f 3503 3504 3379
f 3380 3505 3381
f 3504 3505 3380
f 3382 3381 3505
f 3382 3505 3506
f 3508 3507 3383
f 3508 3383 3384
f 3362 3383 3486
f 3486 3383 3507
f 3506 3509 3382
f 3382 3509 3385
f 3386 3385 3509
f 3386 3509 3510
f 3512 3511 3387
f 3512 3387 3388
f 3384 3387 3508
f 3508 3387 3511
f 3510 3513 3386
f 3386 3513 3389
f 3390 3389 3513
f 3390 3513 3514
f 3391 3512 3388
f 3391 3515 3512
f 3514 3392 3390
f 3516 3392 3514
f 3393 3515 3391
f 3393 3517 3515
f 3516 3394 3392
f 3518 3394 3516
f 3395 3517 3393
f 3395 3519 3517
f 3518 3396 3394
f 3520 3396 3518
f 3397 3519 3395
f 3397 3521 3519
f 3520 3398 3396
f 3522 3398 3520
f 3399 3521 3397
f 3399 3523 3521
f 3522 3400 3398
f 3524 3400 3522
f 3401 3523 3399
f 3401 3525 3523
f 3524 3402 3400
f 3526 3402 3524
f 3403 3525 3401
f 3403 3527 3525
f 3526 3404 3402
f 3528 3404 3526
f 3405 3527 3403
f 3405 3529 3527
f 3528 3406 3404
f 3530 3406 3528
f 3407 3529 3405
f 3407 3531 3529
f 3530 3408 3406
f 3532 3408 3530
f 3409 3531 3407
f 3409 3533 3531
f 3532 3410 3408
f 3534 3410 3532
f 3411 3533 3409
f 3411 3535 3533
f 3534 3412 3410
f 3536 3412 3534
f 3413 3535 3411
f 3413 3537 3535
f 3536 3414 3412
f 3538 3414 3536
f 3415 3537 3413
f 3415 3539 3537
f 3538 3416 3414
f 3540 3416 3538
f 3417 3539 3415
f 3417 3541 3539
f 3540 3418 3416
f 3542 3418 3540
f 3419 3541 3417
f 3419 3543 3541
f 3542 3420 3418
f 3544 3420 3542
f 3421 3543 3419
f 3421 3545 3543
f 3544 3422 3420
f 3546 3422 3544
f 3423 3545 3421
f 3423 3547 3545
f 3546 3424 3422
f 3548 3424 3546
f 3425 3547 3423
f 3425 3549 3547
f 3548 3426 3424
f 3550 3426 3548
f 3427 3549 3425
f 3427 3551 3549
f 3550 3428 3426
f 3552 3428 3550
f 3429 3551 3427
f 3429 3553 3551
f 3552 3430 3428
f 3554 3430 3552
f 3431 3553 3429
f 3431 3555 3553
f 3554 3432 3430
f 3556 3432 3554
f 3433 3555 3431
f 3433 3557 3555
f 3556 3434 3432
f 3558 3434 3556
f 3435 3557 3433
f 3435 3559 3557
f 3558 3436 3434
f 3560 3436 3558
f 3437 3559 3435
f 3437 3561 3559
f 3560 3438 3436
f 3562 3438 3560
f 3439 3561 3437
f 3439 3563 3561
f 3562 3440 3438
f 3564 3440 3562
f 3441 3563 3439
f 3441 3565 3563
f 3564 3442 3440
f 3566 3442 3564
f 3443 3565 3441
f 3443 3567 3565
f 3566 3444 3442
f 3568 3444 3566
f 3445 3567 3443
f 3445 3569 3567
f 3568 3446 3444
f 3570 3446 3568
f 3447 3569 3445
f 3447 3571 3569
f 3570 3448 3446
f 3572 3448 3570
f 3449 3571 3447
f 3449 3573 3571
f 3572 3450 3448
f 3574 3450 3572
f 3451 3573 3449
f 3451 3575 3573
f 3574 3452 3450
f 3576 3452 3574
f 3453 3575 3451
f 3453 3577 3575
f 3576 3454 3452
f 3578 3454 3576
f 3455 3577 3453
f 3455 3579 3577
f 3578 3456 3454
f 3580 3456 3578
f 3581 3579 3455
f 3581 3455 3457
f 3457 3458 3581
f 3581 3458 3582
f 3584 3583 3460
f 3460 3583 3459
f 3460 3456 3580
f 3460 3580 3584
f 3585 3582 3458
f 3585 3458 3461
f 3461 3462 3585
f 3585 3462 3586
f 3588 3587 3464
f 3464 3587 3463
f 3464 3459 3583
f 3464 3583 3588
f 3589 3586 3462
f 3589 3462 3465
f 3590 3465 3466
f 3590 3589 3465
f 3591 3466 3467
f 3591 3590 3466
f 3592 3467 3468
f 3592 3591 3467
f 3593 3468 3469
f 3593 3592 3468
f 3594 3469 3470
f 3594 3593 3469
f 3595 3470 3471
f 3595 3594 3470
f 3596 3471 3472
f 3596 3595 3471
f 3597 3472 3473
f 3597 3596 3472
f 3598 3473 3474
f 3598 3597 3473
f 3599 3474 3475
f 3599 3598 3474
f 3600 3475 3476
f 3600 3599 3475
f 3601 3476 3477
f 3601 3600 3476
f 3602 3477 3478
f 3602 3601 3477
f 3603 3478 3479
f 3603 3602 3478
f 3604 3479 3480
f 3604 3603 3479
f 3605 3480 3481
f 3605 3604 3480
f 3606 3481 3482
f 3606 3605 3481
f 3607 3482 3483
f 3607 3606 3482
f 3608 3483 3484
f 3608 3607 3483
f 3484 3463 3587
f 3484 3587 3608
f 3610 3609 3485
f 3610 3485 3486
f 3485 3611 3487
f 3609 3611 3485
f 3487 3612 3488
f 3611 3612 3487
f 3488 3613 3489
f 3612 3613 3488
f 3489 3614 3490
f 3613 3614 3489
f 3490 3615 3491
f 3614 3615 3490
f 3491 3616 3492
f 3615 3616 3491
f 3492 3617 3493
f 3616 3617 3492
f 3493 3618 3494
f 3617 3618 3493
f 3494 3619 3495
f 3618 3619 3494
f 3495 3620 3496
f 3619 3620 3495
f 3496 3621 3497
f 3620 3621 3496
f 3497 3622 3498
f 3621 3622 3497
f 3498 3623 3499
f 3622 3623 3498
f 3499 3624 3500
f 3623 3624 3499
f 3500 3625 3501
f 3624 3625 3500
f 3501 3626 3502
f 3625 3626 3501
f 3502 3627 3503
f 3626 3627 3502
f 3503 3628 3504
f 3627 3628 3503
f 3504 3629 3505
f 3628 3629 3504
f 3506 3505 3629
f 3506 3629 3630
f 3632 3631 3507
f 3632 3507 3508
f 3486 3507 3610
f 3610 3507 3631
f 3630 3633 3506
f 3506 3633 3509
f 3510 3509 3633
f 3510 3633 3634
f 3636 3635 3511
f 3636 3511 3512
f 3508 3511 3632
f 3632 3511 3635
f 3634 3637 3510
f 3510 3637 3513
f 3514 3513 3637
f 3514 3637 3638
f 3515 3636 3512
f 3515 3639 3636
f 3638 3516 3514
f 3640 3516 3638
f 3517 3639 3515
f 3517 3641 3639
f 3640 3518 3516
f 3642 3518 3640
f 3519 3641 3517
f 3519 3643 3641
f 3642 3520 3518
f 3644 3520 3642
f 3521 3643 3519
f 3521 3645 3643
f 3644 3522 3520
f 3646 3522 3644
f 3523 3645 3521
f 3523 3647 3645
f 3646 3524 3522
f 3648 3524 3646
f 3525 3647 3523
f 3525 3649 3647
f 3648 3526 3524
f 3650 3526 3648
f 3527 3649 3525
f 3527 3651 3649
f 3650 3528 3526
f 3652 3528 3650
f 3529 3651 3527
f 3529 3653 3651
f 3652 3530 3528
f 3654 3530 3652
f 3531 3653 3529
f 3531 3655 3653
f 3654 3532 3530
f 3656 3532 3654
f 3533 3655 3531
f 3533 3657 3655
f 3656 3534 3532
f 3658 3534 3656
f 3535 3657 3533
f 3535 3659 3657
f 3658 3536 3534
f 3660 3536 3658
f 3537 3659 3535
f 3537 3661 3659
f 3660 3538 3536
f 3662 3538 3660
f 3539 3661 3537
f 3539 3663 3661
f 3662 3540 3538
f 3664 3540 3662
f 3541 3663 3539
f 3541 3665 3663
f 3664 3542 3540
f 3666 3542 3664
f 3543 3665 3541
f 3543 3667 3665
f 3666 3544 3542
f 3668 3544 3666
f 3545 3667 3543
f 3545 3669 3667
f 3668 3546 3544
f 3670 3546 3668
f 3547 3669 3545
f 3547 3671 3669
f 3670 3548 3546
f 3672 3548 3670
f 3549 3671 3547
f 3549 3673 3671
f 3672 3550 3548
f 3674 3550 3672
f 3551 3673 3549
f 3551 3675 3673
f 3674 3552 3550
f 3676 3552 3674
f 3553 3675 3551
f 3553 3677 3675
f 3676 3554 3552
f 3678 3554 3676
f 3555 3677 3553
f 3555 3679 3677
f 3678 3556 3554
f 3680 3556 3678
f 3557 3679 3555
f 3557 3681 3679
f 3680 3558 3556
f 3682 3558 3680
f 3559 3681 3557
f 3559 3683 3681
f 3682 3560 3558
f 3684 3560 3682
f 3561 3683 3559
f 3561 3685 3683
f 3684 3562 3560
f 3686 3562 3684
f 3563 3685 3561
f 3563 3687 3685
f 3686 3564 3562
f 3688 3564 3686
f 3565 3687 3563
f 3565 3689 3687
f 3688 3566 3564
f 3690 3566 3688
f 3567 3689 3565
f 3567 3691 3689
f 3690 3568 3566
f 3692 3568 3690
f 3569 3691 3567
f 3569 3693 3691
f 3692 3570 3568
f 3694 3570 3692
f 3571 3693 3569
f 3571 3695 3693
f 3694 3572 3570
f 3696 3572 3694
f 3573 3695 3571
f 3573 3697 3695
f 3696 3574 3572
f 3698 3574 3696
f 3575 3697 3573
f 3575 3699 3697
f 3698 3576 3574
f 3700 3576 3698
f 3577 3699 3575
f 3577 3701 3699
f 3700 3578 3576
f 3702 3578 3700
f 3579 3701 3577
f 3579 3703 3701
f 3702 3580 3578
f 3704 3580 3702
f 3705 3703 3579
f 3705 3579 3581
f 3581 3582 3705
f 3705 3582 3706
f 3708 3707 3584
f 3584 3707 3583
f 3584 3580 3704
f 3584 3704 3708
f 3709 3706 3582
f 3709 3582 3585
f 3585 3586 3709
f 3709 3586 3710
f 3712 3711 3588
f 3588 3711 3587
f 3588 3583 3707
f 3588 3707 3712
f 3713 3710 3586
f 3713 3586 3589
f 3714 3589 3590
f 3714 3713 3589
f 3715 3590 3591
f 3715 3714 3590
f 3716 3591 3592
f 3716 3715 3591
f 3717 3592 3593
f 3717 3716 3592
f 3718 3593 3594
f 3718 3717 3593
f 3719 3594 3595
f 3719 3718 3594
f 3720 3595 3596
f 3720 3719 3595
f 3721 3596 3597
f 3721 3720 3596
f 3722 3597 3598
f 3722 3721 3597
f 3723 3598 3599
f 3723 3722 3598
f 3724 3599 3600
f 3724 3723 3599
f 3725 3600 3601
f 3725 3724 3600
f 3726 3601 3602
f 3726 3725 3601
f 3727 3602 3603
f 3727 3726 3602
f 3728 3603 3604
f 3728 3727 3603
f 3729 3604 3605
f 3729 3728 3604
f 3730 3605 3606
f 3730 3729 3605
f 3731 3606 3607
f 3731 3730 3606
f 3732 3607 3608
f 3732 3731 3607
f 3608 3587 3711
f 3608 3711 3732
f 3734 3733 3609
f 3734 3609 3610
f 3609 3735 3611
f 3733 3735 3609
f 3611 3736 3612
f 3735 3736 3611
f 3612 3737 3613
f 3736 3737 3612
f 3613 3738 3614
f 3737 3738 3613
f 3614 3739 3615
f 3738 3739 3614
f 3615 3740 3616
f 3739 3740 3615
f 3616 3741 3617
f 3740 3741 3616
f 3617 3742 3618
f 3741 3742 3617
f 3618 3743 3619
f 3742 3743 3618
f 3619 3744 3620
f 3743 3744 3619
f 3620 3745 3621
f 3744 3745 3620
f 3621 3746 3622
f 3745 3746 3621
f 3622 3747 3623
f 3746 3747 3622
f 3623 3748 3624
f 3747 3748 3623
f 3624 3749 3625
f 3748 3749 3624
f 3625 3750 3626
f 3749 3750 3625
f 3626 3751 3627
f 3750 3751 3626
f 3627 3752 3628
f 3751 3752 3627
f 3628 3753 3629
f 3752 3753 3628
f 3630 3629 3753
f 3630 3753 3754
f 3756 3755 3631
f 3756 3631 3632
f 3610 3631 3734
f 3734 3631 3755
f 3754 3757 3630
f 3630 3757 3633
f 3634 3633 3757
f 3634 3757 3758
f 3760 3759 3635
f 3760 3635 3636
f 3632 3635 3756
f 3756 3635 3759
f 3758 3761 3634
f 3634 3761 3637
f 3638 3637 3761
f 3638 3761 3762
f 3639 3760 3636
f 3639 3763 3760
f 3762 3640 3638
f 3764 3640 3762
f 3641 3763 3639
f 3641 3765 3763
f 3764 3642 3640
f 3766 3642 3764
f 3643 3765 3641
f 3643 3767 3765
f 3766 3644 3642
f 3768 3644 3766
f 3645 3767 3643
f 3645 3769 3767
f 3768 3646 3644
f 3770 3646 3768
f 3647 3769 3645
f 3647 3771 3769
f 3770 3648 3646
f 3772 3648 3770
f 3649 3771 3647
f 3649 3773 3771
f 3772 3650 3648
f 3774 3650 3772
f 3651 3773 3649
f 3651 3775 3773
f 3774 3652 3650
f 3776 3652 3774
f 3653 3775 3651
f 3653 3777 3775
f 3776 3654 3652
f 3778 3654 3776
f 3655 3777 3653
f 3655 3779 3777
f 3778 3656 3654
f 3780 3656 3778
f 3657 3779 3655
f 3657 3781 3779
f 3780 3658 3656
f 3782 3658 3780
f 3659 3781 3657
f 3659 3783 3781
f 3782 3660 3658
f 3784 3660 3782
f 3661 3783 3659
f 3661 3785 3783
f 3784 3662 3660
f 3786 3662 3784
f 3663 3785 3661
f 3663 3787 3785
f 3786 3664 3662
f 3788 3664 3786
f 3665 3787 3663
f 3665 3789 3787
f 3788 3666 3664
f 3790 3666 3788
f 3667 3789 3665
f 3667 3791 3789
f 3790 3668 3666
f 3792 3668 3790
f 3669 3791 3667
f 3669 3793 3791
f 3792 3670 3668
f 3794 3670 3792
f 3671 3793 3669
f 3671 3795 3793
f 3794 3672 3670
f 3796 3672 3794
f 3673 3795 3671
f 3673 3797 3795
f 3796 3674 3672
f 3798 3674 3796
f 3675 3797 3673
f 3675 3799 3797
f 3798 3676 3674
f 3800 3676 3798
f 3677 3799 3675
f 3677 3801 3799
f 3800 3678 3676
f 3802 3678 3800
f 3679 3801 3677
f 3679 3803 3801
f 3802 3680 3678
f 3804 3680 3802
f 3681 3803 3679
f 3681 3805 3803
f 3804 3682 3680
f 3806 3682 3804
f 3683 3805 3681
f 3683 3807 3805
f 3806 3684 3682
f 3808 3684 3806
f 3685 3807 3683
f 3685 3809 3807
f 3808 3686 3684
f 3810 3686 3808
f 3687 3809 3685
f 3687 3811 3809
f 3810 3688 3686
f 3812 3688 3810
f 3689 3811 3687
f 3689 3813 3811
f 3812 3690 3688
f 3814 3690 3812
f 3691 3813 3689
f 3691 3815 3813
f 3814 3692 3690
f 3816 3692 3814
f 3693 3815 3691
f 3693 3817 3815
f 3816 3694 3692
f 3818 3694 3816
f 3695 3817 3693
f 3695 3819 3817
f 3818 3696 3694
f 3820 3696 3818
f 3697 3819 3695
f 3697 3821 3819
f 3820 3698 3696
f 3822 3698 3820
f 3699 3821 3697
f 3699 3823 3821
f 3822 3700 3698
f 3824 3700 3822
f 3701 3823 3699
f 3701 3825 3823
f 3824 3702 3700
f 3826 3702 3824
f 3703 3825 3701
f 3703 3827 3825
f 3826 3704 3702
f 3828 3704 3826
f 3829 3827 3703
f 3829 3703 3705
f 3705 3706 3829
f 3829 3706 3830
f 3832 3831 3708
f 3708 3831 3707
f 3708 3704 3828
f 3708 3828 3832
f 3833 3830 3706
f 3833 3706 3709
f 3709 3710 3833
f 3833 3710 3834
f 3836 3835 3712
f 3712 3835 3711
f 3712 3707 3831
f 3712 3831 3836
f 3837 3834 3710
f 3837 3710 3713
f 3838 3713 3714
f 3838 3837 3713
f 3839 3714 3715
f 3839 3838 3714
f 3840 3715 3716
f 3840 3839 3715
f 3841 3716 3717
f 3841 3840 3716
f 3842 3717 3718
f 3842 3841 3717
f 3843 3718 3719
f 3843 3842 3718
f 3844 3719 3720
f 3844 3843 3719
f 3845 3720 3721
f 3845 3844 3720
f 3846 3721 3722
f 3846 3845 3721
f 3847 3722 3723
f 3847 3846 3722
f 3848 3723 3724
f 3848 3847 3723
f 3849 3724 3725
f 3849 3848 3724
f 3850 3725 3726
f 3850 3849 3725
f 3851 3726 3727
f 3851 3850 3726
f 3852 3727 3728
f 3852 3851 3727
f 3853 3728 3729
f 3853 3852 3728
f 3854 3729 3730
f 3854 3853 3729
f 3855 3730 3731
f 3855 3854 3730
f 3856 3731 3732
f 3856 3855 3731
f 3732 3711 3835
f 3732 3835 3856
f 3858 3857 3733
f 3858 3733 3734
f 3733 3859 3735
f 3857 3859 3733
f 3735 3860 3736
f 3859 3860 3735
f 3736 3861 3737
f 3860 3861 3736
f 3737 3862 3738
f 3861 3862 3737
f 3738 3863 3739
f 3862 3863 3738
f 3739 3864 3740
f 3863 3864 3739
f 3740 3865 3741
f 3864 3865 3740
f 3741 3866 3742
f 3865 3866 3741
f 3742 3867 3743
f 3866 3867 3742
f 3743 3868 3744
f 3867 3868 3743
f 3744 3869 3745
f 3868 3869 3744
f 3745 3870 3746
f 3869 3870 3745
f 3746 3871 3747
f 3870 3871 3746
f 3747 3872 3748
f 3871 3872 3747
f 3748 3873 3749
f 3872 3873 3748
f 3749 3874 3750
f 3873 3874 3749
f 3750 3875 3751
f 3874 3875 3750
f 3751 3876 3752
f 3875 3876 3751
f 3752 3877 3753
f 3876 3877 3752
f 3754 3753 3877
f 3754 3877 3878
f 3880 3879 3755
f 3880 3755 3756
f 3734 3755 3858
f 3858 3755 3879
f 3878 3881 3754
f 3754 3881 3757
f 3758 3757 3881
f 3758 3881 3882
f 3884 3883 3759
f 3884 3759 3760
f 3756 3759 3880
f 3880 3759 3883
f 3882 3885 3758
f 3758 3885 3761
f 3762 3761 3885
f 3762 3885 3886
f 3763 3884 3760
f 3763 3887 3884
f 3886 3764 3762
f 3888 3764 3886
f 3765 3887 3763
f 3765 3889 3887
f 3888 3766 3764
f 3890 3766 3888
f 3767 3889 3765
f 3767 3891 3889
f 3890 3768 3766
f 3892 3768 3890
f 3769 3891 3767
f 3769 3893 3891
f 3892 3770 3768
f 3894 3770 3892
f 3771 3893 3769
f 3771 3895 3893
f 3894 3772 3770
f 3896 3772 3894
f 3773 3895 3771
f 3773 3897 3895
f 3896 3774 3772
f 3898 3774 3896
f 3775 3897 3773
f 3775 3899 3897
f 3898 3776 3774
f 3900 3776 3898
f 3777 3899 3775
f 3777 3901 3899
f 3900 3778 3776
f 3902 3778 3900
f 3779 3901 3777
f 3779 3903 3901
f 3902 3780 3778
f 3904 3780 3902
f 3781 3903 3779
f 3781 3905 3903
f 3904 3782 3780
f 3906 3782 3904
f 3783 3905 3781
f 3783 3907 3905
f 3906 3784 3782
f 3908 3784 3906
f 3785 3907 3783
f 3785 3909 3907
f 3908 3786 3784
f 3910 3786 3908
f 3787 3909 3785
f 3787 3911 3909
f 3910 3788 3786
f 3912 3788 3910
f 3789 3911 3787
f 3789 3913 3911
f 3912 3790 3788
f 3914 3790 3912
f 3791 3913 3789
f 3791 3915 3913
f 3914 3792 3790
f 3916 3792 3914
f 3793 3915 3791
f 3793 3917 3915
f 3916 3794 3792
f 3918 3794 3916
f 3795 3917 3793
f 3795 3919 3917
f 3918 3796 3794
f 3920 3796 3918
f 3797 3919 3795
f 3797 3921 3919
f 3920 3798 3796
f 3922 3798 3920
f 3799 3921 3797
f 3799 3923 3921
f 3922 3800 3798
f 3924 3800 3922
f 3801 3923 3799
f 3801 3925 3923
f 3924 3802 3800
f 3926 3802 3924
f 3803 3925 3801
f 3803 3927 3925
f 3926 3804 3802
f 3928 3804 3926
f 3805 3927 3803
f 3805 3929 3927
f 3928 3806 3804
f 3930 3806 3928
f 3807 3929 3805
f 3807 3931 3929
f 3930 3808 3806
f 3932 3808 3930
f 3809 3931 3807
f 3809 3933 3931
f 3932 3810 3808
f 3934 3810 3932
f 3811 3933 3809
f 3811 3935 3933
f 3934 3812 3810
f 3936 3812 3934
f 3813 3935 3811
f 3813 3937 3935
f 3936 3814 3812
f 3938 3814 3936
f 3815 3937 3813
f 3815 3939 3937
f 3938 3816 3814
f 3940 3816 3938
f 3817 3939 3815
f 3817 3941 3939
f 3940 3818 3816
f 3942 3818 3940
f 3819 3941 3817
f 3819 3943 3941
f 3942 3820 3818
f 3944 3820 3942
f 3821 3943 3819
f 3821 3945 3943
f 3944 3822 3820
f 3946 3822 3944
f 3823 3945 3821
f 3823 3947 3945
f 3946 3824 3822
f 3948 3824 3946
f 3825 3947 3823
f 3825 3949 3947
f 3948 3826 3824
f 3950 3826 3948
f 3827 3949 3825
f 3827 3951 3949
f 3950 3828 3826
f 3952 3828 3950
f 3953 3951 3827
f 3953 3827 3829
f 3829 3830 3953
f 3953 3830 3954
f 3956 3955 3832
f 3832 3955 3831
f 3832 3828 3952
f 3832 3952 3956
f 3957 3954 3830
f 3957 3830 3833
f 3833 3834 3957
f 3957 3834 3958
f 3960 3959 3836
f 3836 3959 3835
f 3836 3831 3955
f 3836 3955 3960
f 3961 3958 3834
f 3961 3834 3837
f 3962 3837 3838
f 3962 3961 3837
f 3963 3838 3839
f 3963 3962 3838
f 3964 3839 3840
f 3964 3963 3839
f 3965 3840 3841
f 3965 3964 3840
f 3966 3841 3842
f 3966 3965 3841
f 3967 3842 3843
f 3967 3966 3842
f 3968 3843 3844
f 3968 3967 3843
f 3969 3844 3845
f 3969 3968 3844
f 3970 3845 3846
f 3970 3969 3845
f 3971 3846 3847
f 3971 3970 3846
f 3972 3847 3848
f 3972 3971 3847
f 3973 3848 3849
f 3973 3972 3848
f 3974 3849 3850
f 3974 3973 3849
f 3975 3850 3851
f 3975 3974 3850
f 3976 3851 3852
f 3976 3975 3851
f 3977 3852 3853
f 3977 3976 3852
f 3978 3853 3854
f 3978 3977 3853
f 3979 3854 3855
f 3979 3978 3854
f 3980 3855 3856
f 3980 3979 3855
f 3856 3835 3959
f 3856 3959 3980
f 3982 3981 3857
f 3982 3857 3858
f 3857 3983 3859
f 3981 3983 3857
f 3859 3984 3860
f 3983 3984 3859
f 3860 3985 3861
f 3984 3985 3860
f 3861 3986 3862
f 3985 3986 3861
f 3862 3987 3863
f 3986 3987 3862
f 3863 3988 3864
f 3987 3988 3863
f 3864 3989 3865
f 3988 3989 3864
f 3865 3990 3866
f 3989 3990 3865
f 3866 3991 3867
f 3990 3991 3866
f 3867 3992 3868
f 3991 3992 3867
f 3868 3993 3869
f 3992 3993 3868
f 3869 3994 3870
f 3993 3994 3869
f 3870 3995 3871
f 3994 3995 3870
f 3871 3996 3872
f 3995 3996 3871
f 3872 3997 3873
f 3996 3997 3872
f 3873 3998 3874
f 3997 3998 3873
f 3874 3999 3875
f 3998 3999 3874
f 3875 4000 3876
f 3999 4000 3875
f 3876 4001 3877
f 4000 4001 3876
f 3878 3877 4001
f 3878 4001 4002
f 4004 4003 3879
f 4004 3879 3880
f 3858 3879 3982
f 3982 3879 4003
f 4002 4005 3878
f 3878 4005 3881
f 3882 3881 4005
f 3882 4005 4006
f 4008 4007 3883
f 4008 3883 3884
f 3880 3883 4004
f 4004 3883 4007
f 4006 4009 3882
f 3882 4009 3885
f 3886 3885 4009
f 3886 4009 4010
f 3887 4008 3884
f 3887 4011 4008
f 4010 3888 3886
f 4012 3888 4010
f 3889 4011 3887
f 3889 4013 4011
f 4012 3890 3888
f 4014 3890 4012
f 3891 4013 3889
f 3891 4015 4013
f 4014 3892 3890
f 4016 3892 4014
f 3893 4015 3891
f 3893 4017 4015
f 4016 3894 3892
f 4018 3894 4016
f 3895 4017 3893
f 3895 4019 4017
f 4018 3896 3894
f 4020 3896 4018
f 3897 4019 3895
f 3897 4021 4019
f 4020 3898 3896
f 4022 3898 4020
f 3899 4021 3897
f 3899 4023 4021
f 4022 3900 3898
f 4024 3900 4022
f 3901 4023 3899
f 3901 4025 4023
f 4024 3902 3900
f 4026 3902 4024
f 3903 4025 3901
f 3903 4027 4025
f 4026 3904 3902
f 4028 3904 4026
f 3905 4027 3903
f 3905 4029 4027
f 4028 3906 3904
f 4030 3906 4028
f 3907 4029 3905
f 3907 4031 4029
f 4030 3908 3906
f 4032 3908 4030
f 3909 4031 3907
f 3909 4033 4031
f 4032 3910 3908
f 4034 3910 4032
f 3911 4033 3909
f 3911 4035 4033
f 4034 3912 3910
f 4036 3912 4034
f 3913 4035 3911
f 3913 4037 4035
f 4036 3914 3912
f 4038 3914 4036
f 3915 4037 3913
f 3915 4039 4037
f 4038 3916 3914
f 4040 3916 4038
f 3917 4039 3915
f 3917 4041 4039
f 4040 3918 3916
f 4042 3918 4040
f 3919 4041 3917
f 3919 4043 4041
f 4042 3920 3918
f 4044 3920 4042
f 3921 4043 3919
f 3921 4045 4043
f 4044 3922 3920
f 4046 3922 4044
f 3923 4045 3921
f 3923 4047 4045
f 4046 3924 3922
f 4048 3924 4046
f 3925 4047 3923
f 3925 4049 4047
f 4048 3926 3924
f 4050 3926 4048
f 3927 4049 3925
f 3927 4051 4049
f 4050 3928 3926
f 4052 3928 4050
f 3929 4051 3927
f 3929 4053 4051
f 4052 3930 3928
f 4054 3930 4052
f 3931 4053 3929
f 3931 4055 4053
f 4054 3932 3930
f 4056 3932 4054
f 3933 4055 3931
f 3933 4057 4055
f 4056 3934 3932
f 4058 3934 4056
f 3935 4057 3933
f 3935 4059 4057
f 4058 3936 3934
f 4060 3936 4058
f 3937 4059 3935
f 3937 4061 4059
f 4060 3938 3936
f 4062 3938 4060
f 3939 4061 3937
f 3939 4063 4061
f 4062 3940 3938
f 4064 3940 4062
f 3941 4063 3939
f 3941 4065 4063
f 4064 3942 3940
f 4066 3942 4064
f 3943 4065 3941
f 3943 4067 4065
f 4066 3944 3942
f 4068 3944 4066
f 3945 4067 3943
f 3945 4069 4067
f 4068 3946 3944
f 4070 3946 4068
f 3947 4069 3945
f 3947 4071 4069
f 4070 3948 3946
f 4072 3948 4070
f 3949 4071 3947
f 3949 4073 4071
f 4072 3950 3948
f 4074 3950 4072
f 3951 4073 3949
f 3951 4075 4073
f 4074 3952 3950
f 4076 3952 4074
f 4077 4075 3951
f 4077 3951 3953
f 3953 3954 4077
f 4077 3954 4078
f 4080 4079 3956
f 3956 4079 3955
f 3956 3952 4076
f 3956 4076 4080
f 4081 4078 3954
f 4081 3954 3957
f 3957 3958 4081
f 4081 3958 4082
f 4084 4083 3960
f 3960 4083 3959
f 3960 3955 4079
f 3960 4079 4084
f 4085 4082 3958
f 4085 3958 3961
f 4086 3961 3962
f 4086 4085 3961
f 4087 3962 3963
f 4087 4086 3962
f 4088 3963 3964
f 4088 4087 3963
f 4089 3964 3965
f 4089 4088 3964
f 4090 3965 3966
f 4090 4089 3965
f 4091 3966 3967
f 4091 4090 3966
f 4092 3967 3968
f 4092 4091 3967
f 4093 3968 3969
f 4093 4092 3968
f 4094 3969 3970
f 4094 4093 3969
f 4095 3970 3971
f 4095 4094 3970
f 4096 3971 3972
f 4096 4095 3971
f 4097 3972 3973
f 4097 4096 3972
f 4098 3973 3974
f 4098 4097 3973
f 4099 3974 3975
f 4099 4098 3974
f 4100 3975 3976
f 4100 4099 3975
f 4101 3976 3977
f 4101 4100 3976
f 4102 3977 3978
f 4102 4101 3977
f 4103 3978 3979
f 4103 4102 3978
f 4104 3979 3980
f 4104 4103 3979
f 3980 3959 4083
f 3980 4083 4104
f 4106 4105 3981
f 4106 3981 3982
f 3981 4107 3983
f 4105 4107 3981
f 3983 4108 3984
f 4107 4108 3983
f 3984 4109 3985
f 4108 4109 3984
f 3985 4110 3986
f 4109 4110 3985
f 3986 4111 3987
f 4110 4111 3986
f 3987 4112 3988
f 4111 4112 3987
f 3988 4113 3989
f 4112 4113 3988
f 3989 4114 3990
f 4113 4114 3989
f 3990 4115 3991
f 4114 4115 3990
f 3991 4116 3992
f 4115 4116 3991
f 3992 4117 3993
f 4116 4117 3992
f 3993 4118 3994
f 4117 4118 3993
f 3994 4119 3995
f 4118 4119 3994
f 3995 4120 3996
f 4119 4120 3995
f 3996 4121 3997
f 4120 4121 3996
f 3997 4122 3998
f 4121 4122 3997
f 3998 4123 3999
f 4122 4123 3998
f 3999 4124 4000
f 4123 4124 3999
f 4000 4125 4001
f 4124 4125 4000
f 4002 4001 4125
f 4002 4125 4126
f 4128 4127 4003
f 4128 4003 4004
f 3982 4003 4106
f 4106 4003 4127
f 4126 4129 4002
f 4002 4129 4005
f 4006 4005 4129
f 4006 4129 4130
f 4132 4131 4007
f 4132 4007 4008
f 4004 4007 4128
f 4128 4007 4131
f 4130 4133 4006
f 4006 4133 4009
f 4010 4009 4133
f 4010 4133 4134
f 4011 4132 4008
f 4011 4135 4132
f 4134 4012 4010
f 4136 4012 4134
f 4013 4135 4011
f 4013 4137 4135
f 4136 4014 4012
f 4138 4014 4136
f 4015 4137 4013
f 4015 4139 4137
f 4138 4016 4014
f 4140 4016 4138
f 4017 4139 4015
f 4017 4141 4139
f 4140 4018 4016
f 4142 4018 4140
f 4019 4141 4017
f 4019 4143 4141
f 4142 4020 4018
f 4144 4020 4142
f 4021 4143 4019
f 4021 4145 4143
f 4144 4022 4020
f 4146 4022 4144
f 4023 4145 4021
f 4023 4147 4145
f 4146 4024 4022
f 4148 4024 4146
f 4025 4147 4023
f 4025 4149 4147
f 4148 4026 4024
f 4150 4026 4148
f 4027 4149 4025
f 4027 4151 4149
f 4150 4028 4026
f 4152 4028 4150
f 4029 4151 4027
f 4029 4153 4151
f 4152 4030 4028
f 4154 4030 4152
f 4031 4153 4029
f 4031 4155 4153
f 4154 4032 4030
f 4156 4032 4154
f 4033 4155 4031
f 4033 4157 4155
f 4156 4034 4032
f 4158 4034 4156
f 4035 4157 4033
f 4035 4159 4157
f 4158 4036 4034
f 4160 4036 4158
f 4037 4159 4035
f 4037 4161 4159
f 4160 4038 4036
f 4162 4038 4160
f 4039 4161 4037
f 4039 4163 4161
f 4162 4040 4038
f 4164 4040 4162
f 4041 4163 4039
f 4041 4165 4163
f 4164 4042 4040
f 4166 4042 4164
f 4043 4165 4041
f 4043 4167 4165
f 4166 4044 4042
f 4168 4044 4166
f 4045 4167 4043
f 4045 4169 4167
f 4168 4046 4044
f 4170 4046 4168
f 4047 4169 4045
f 4047 4171 4169
f 4170 4048 4046
f 4172 4048 4170
f 4049 4171 4047
f 4049 4173 4171
f 4172 4050 4048
f 4174 4050 4172
f 4051 4173 4049
f 4051 4175 4173
f 4174 4052 4050
f 4176 4052 4174
f 4053 4175 4051
f 4053 4177 4175
f 4176 4054 4052
f 4178 4054 4176
f 4055 4177 4053
f 4055 4179 4177
f 4178 4056 4054
f 4180 4056 4178
f 4057 4179 4055
f 4057 4181 4179
f 4180 4058 4056
f 4182 4058 4180
f 4059 4181 4057
f 4059 4183 4181
f 4182 4060 4058
f 4184 4060 4182
f 4061 4183 4059
f 4061 4185 4183
f 4184 4062 4060
f 4186 4062 4184
f 4063 4185 4061
f 4063 4187 4185
f 4186 4064 4062
f 4188 4064 4186
f 4065 4187 4063
f 4065 4189 4187
f 4188 4066 4064
f 4190 4066 4188
f 4067 4189 4065
f 4067 4191 4189
f 4190 4068 4066
f 4192 4068 4190
f 4069 4191 4067
f 4069 4193 4191
f 4192 4070 4068
f 4194 4070 4192
f 4071 4193 4069
f 4071 4195 4193
f 4194 4072 4070
f 4196 4072 4194
f 4073 4195 4071
f 4073 4197 4195
f 4196 4074 4072
f 4198 4074 4196
f 4075 4197 4073
f 4075 4199 4197
f 4198 4076 4074
f 4200 4076 4198
f 4201 4199 4075
f 4201 4075 4077
f 4077 4078 4201
f 4201 4078 4202
f 4204 4203 4080
f 4080 4203 4079
f 4080 4076 4200
f 4080 4200 4204
f 4205 4202 4078
f 4205 4078 4081
f 4081 4082 4205
f 4205 4082 4206
f 4208 4207 4084
f 4084 4207 4083
f 4084 4079 4203
f 4084 4203 4208
f 4209 4206 4082
f 4209 4082 4085
f 4210 4085 4086
f 4210 4209 4085
f 4211 4086 4087
f 4211 4210 4086
f 4212 4087 4088
f 4212 4211 4087
f 4213 4088 4089
f 4213 4212 4088
f 4214 4089 4090
f 4214 4213 4089
f 4215 4090 4091
f 4215 4214 4090
f 4216 4091 4092
f 4216 4215 4091
f 4217 4092 4093
f 4217 4216 4092
f 4218 4093 4094
f 4218 4217 4093
f 4219 4094 4095
f 4219 4218 4094
f 4220 4095 4096
f 4220 4219 4095
f 4221 4096 4097
f 4221 4220 4096
f 4222 4097 4098
f 4222 4221 4097
f 4223 4098 4099
f 4223 4222 4098
f 4224 4099 4100
f 4224 4223 4099
f 4225 4100 4101
f 4225 4224 4100
f 4226 4101 4102
f 4226 4225 4101
f 4227 4102 4103
f 4227 4226 4102
f 4228 4103 4104
f 4228 4227 4103
f 4104 4083 4207
f 4104 4207 4228
f 4230 4229 4105
f 4230 4105 4106
f 4105 4231 4107
f 4229 4231 4105
f 4107 4232 4108
f 4231 4232 4107
f 4108 4233 4109
f 4232 4233 4108
f 4109 4234 4110
f 4233 4234 4109
f 4110 4235 4111
f 4234 4235 4110
f 4111 4236 4112
f 4235 4236 4111
f 4112 4237 4113
f 4236 4237 4112
f 4113 4238 4114
f 4237 4238 4113
f 4114 4239 4115
f 4238 4239 4114
f 4115 4240 4116
f 4239 4240 4115
f 4116 4241 4117
f 4240 4241 4116
f 4117 4242 4118
f 4241 4242 4117
f 4118 4243 4119
f 4242 4243 4118
f 4119 4244 4120
f 4243 4244 4119
f 4120 4245 4121
f 4244 4245 4120
f 4121 4246 4122
f 4245 4246 4121
f 4122 4247 4123
f 4246 4247 4122
f 4123 4248 4124
f 4247 4248 4123
f 4124 4249 4125
f 4248 4249 4124
f 4126 4125 4249
f 4126 4249 4250
f 4252 4251 4127
f 4252 4127 4128
f 4106 4127 4230
f 4230 4127 4251
f 4250 4253 4126
f 4126 4253 4129
f 4130 4129 4253
f 4130 4253 4254
f 4256 4255 4131
f 4256 4131 4132
f 4128 4131 4252
f 4252 4131 4255
f 4254 4257 4130
f 4130 4257 4133
f 4134 4133 4257
f 4134 4257 4258
f 4135 4256 4132
f 4135 4259 4256
f 4258 4136 4134
f 4260 4136 4258
f 4137 4259 4135
f 4137 4261 4259
f 4260 4138 4136
f 4262 4138 4260
f 4139 4261 4137
f 4139 4263 4261
f 4262 4140 4138
f 4264 4140 4262
f 4141 4263 4139
f 4141 4265 4263
f 4264 4142 4140
f 4266 4142 4264
f 4143 4265 4141
f 4143 4267 4265
f 4266 4144 4142
f 4268 4144 4266
f 4145 4267 4143
f 4145 4269 4267
f 4268 4146 4144
f 4270 4146 4268
f 4147 4269 4145
f 4147 4271 4269
f 4270 4148 4146
f 4272 4148 4270
f 4149 4271 4147
f 4149 4273 4271
f 4272 4150 4148
f 4274 4150 4272
f 4151 4273 4149
f 4151 4275 4273
f 4274 4152 4150
f 4276 4152 4274
f 4153 4275 4151
f 4153 4277 4275
f 4276 4154 4152
f 4278 4154 4276
f 4155 4277 4153
f 4155 4279 4277
f 4278 4156 4154
f 4280 4156 4278
f 4157 4279 4155
f 4157 4281 4279
f 4280 4158 4156
f 4282 4158 4280
f 4159 4281 4157
f 4159 4283 4281
f 4282 4160 4158
f 4284 4160 4282
f 4161 4283 4159
f 4161 4285 4283
f 4284 4162 4160
f 4286 4162 4284
f 4163 4285 4161
f 4163 4287 4285
f 4286 4164 4162
f 4288 4164 4286
f 4165 4287 4163
f 4165 4289 4287
f 4288 4166 4164
f 4290 4166 4288
f 4167 4289 4165
f 4167 4291 4289
f 4290 4168 4166
f 4292 4168 4290
f 4169 4291 4167
f 4169 4293 4291
f 4292 4170 4168
f 4294 4170 4292
f 4171 4293 4169
f 4171 4295 4293
f 4294 4172 4170
f 4296 4172 4294
f 4173 4295 4171
f 4173 4297 4295
f 4296 4174 4172
f 4298 4174 4296
f 4175 4297 4173
f 4175 4299 4297
f 4298 4176 4174
f 4300 4176 4298
f 4177 4299 4175
f 4177 4301 4299
f 4300 4178 4176
f 4302 4178 4300
f 4179 4301 4177
f 4179 4303 4301
f 4302 4180 4178
f 4304 4180 4302
f 4181 4303 4179
f 4181 4305 4303
f 4304 4182 4180
f 4306 4182 4304
f 4183 4305 4181
f 4183 4307 4305
f 4306 4184 4182
f 4308 4184 4306
f 4185 4307 4183
f 4185 4309 4307
f 4308 4186 4184
f 4310 4186 4308
f 4187 4309 4185
f 4187 4311 4309
f 4310 4188 4186
f 4312 4188 4310
f 4189 4311 4187
f 4189 4313 4311
f 4312 4190 4188
f 4314 4190 4312
f 4191 4313 4189
f 4191 4315 4313
f 4314 4192 4190
f 4316 4192 4314
f 4193 4315 4191
f 4193 4317 4315
f 4316 4194 4192
f 4318 4194 4316
f 4195 4317 4193
f 4195 4319 4317
f 4318 4196 4194
f 4320 4196 4318
f 4197 4319 4195
f 4197 4321 4319
f 4320 4198 4196
f 4322 4198 4320
f 4199 4321 4197
f 4199 4323 4321
f 4322 4200 4198
f 4324 4200 4322
f 4325 4323 4199
f 4325 4199 4201
f 4201 4202 4325
f 4325 4202 4326
f 4328 4327 4204
f 4204 4327 4203
f 4204 4200 4324
f 4204 4324 4328
f 4329 4326 4202
f 4329 4202 4205
f 4205 4206 4329
f 4329 4206 4330
f 4332 4331 4208
f 4208 4331 4207
f 4208 4203 4327
f 4208 4327 4332
f 4333 4330 4206
f 4333 4206 4209
f 4334 4209 4210
f 4334 4333 4209
f 4335 4210 4211
f 4335 4334 4210
f 4336 4211 4212
f 4336 4335 4211
f 4337 4212 4213
f 4337 4336 4212
f 4338 4213 4214
f 4338 4337 4213
f 4339 4214 4215
f 4339 4338 4214
f 4340 4215 4216
f 4340 4339 4215
f 4341 4216 4217
f 4341 4340 4216
f 4342 4217 4218
f 4342 4341 4217
f 4343 4218 4219
f 4343 4342 4218
f 4344 4219 4220
f 4344 4343 4219
f 4345 4220 4221
f 4345 4344 4220
f 4346 4221 4222
f 4346 4345 4221
f 4347 4222 4223
f 4347 4346 4222
f 4348 4223 4224
f 4348 4347 4223
f 4349 4224 4225
f 4349 4348 4224
f 4350 4225 4226
f 4350 4349 4225
f 4351 4226 4227
f 4351 4350 4226
f 4352 4227 4228
f 4352 4351 4227
f 4228 4207 4331
f 4228 4331 4352
f 4354 4353 4229
f 4354 4229 4230
f 4229 4355 4231
f 4353 4355 4229
f 4231 4356 4232
f 4355 4356 4231
f 4232 4357 4233
f 4356 4357 4232
f 4233 4358 4234
f 4357 4358 4233
f 4234 4359 4235
f 4358 4359 4234
f 4235 4360 4236
f 4359 4360 4235
f 4236 4361 4237
f 4360 4361 4236
f 4237 4362 4238
f 4361 4362 4237
f 4238 4363 4239
f 4362 4363 4238
f 4239 4364 4240
f 4363 4364 4239
f 4240 4365 4241
f 4364 4365 4240
f 4241 4366 4242
f 4365 4366 4241
f 4242 4367 4243
f 4366 4367 4242
f 4243 4368 4244
f 4367 4368 4243
f 4244 4369 4245
f 4368 4369 4244
f 4245 4370 4246
f 4369 4370 4245
f 4246 4371 4247
f 4370 4371 4246
f 4247 4372 4248
f 4371 4372 4247
f 4248 4373 4249
f 4372 4373 4248
f 4250 4249 4373
f 4250 4373 4374
f 4376 4375 4251
f 4376 4251 4252
f 4230 4251 4354
f 4354 4251 4375
f 4374 4377 4250
f 4250 4377 4253
f 4254 4253 4377
f 4254 4377 4378
f 4380 4379 4255
f 4380 4255 4256
f 4252 4255 4376
f 4376 4255 4379
f 4378 4381 4254
f 4254 4381 4257
f 4258 4257 4381
f 4258 4381 4382
f 4259 4380 4256
f 4259 4383 4380
f 4382 4260 4258
f 4384 4260 4382
f 4261 4383 4259
f 4261 4385 4383
f 4384 4262 4260
f 4386 4262 4384
f 4263 4385 4261
f 4263 4387 4385
f 4386 4264 4262
f 4388 4264 4386
f 4265 4387 4263
f 4265 4389 4387
f 4388 4266 4264
f 4390 4266 4388
f 4267 4389 4265
f 4267 4391 4389
f 4390 4268 4266
f 4392 4268 4390
f 4269 4391 4267
f 4269 4393 4391
f 4392 4270 4268
f 4394 4270 4392
f 4271 4393 4269
f 4271 4395 4393
f 4394 4272 4270
f 4396 4272 4394
f 4273 4395 4271
f 4273 4397 4395
f 4396 4274 4272
f 4398 4274 4396
f 4275 4397 4273
f 4275 4399 4397
f 4398 4276 4274
f 4400 4276 4398
f 4277 4399 4275
f 4277 4401 4399
f 4400 4278 4276
f 4402 4278 4400
f 4279 4401 4277
f 4279 4403 4401
f 4402 4280 4278
f 4404 4280 4402
f 4281 4403 4279
f 4281 4405 4403
f 4404 4282 4280
f 4406 4282 4404
f 4283 4405 4281
f 4283 4407 4405
f 4406 4284 4282
f 4408 4284 4406
f 4285 4407 4283
f 4285 4409 4407
f 4408 4286 4284
f 4410 4286 4408
f 4287 4409 4285
f 4287 4411 4409
f 4410 4288 4286
f 4412 4288 4410
f 4289 4411 4287
f 4289 4413 4411
f 4412 4290 4288
f 4414 4290 4412
f 4291 4413 4289
f 4291 4415 4413
f 4414 4292 4290
f 4416 4292 4414
f 4293 4415 4291
f 4293 4417 4415
f 4416 4294 4292
f 4418 4294 4416
f 4295 4417 4293
f 4295 4419 4417
f 4418 4296 4294
f 4420 4296 4418
f 4297 4419 4295
f 4297 4421 4419
f 4420 4298 4296
f 4422 4298 4420
f 4299 4421 4297
f 4299 4423 4421
f 4422 4300 4298
f 4424 4300 4422
f 4301 4423 4299
f 4301 4425 4423
f 4424 4302 4300
f 4426 4302 4424
f 4303 4425 4301
f 4303 4427 4425
f 4426 4304 4302
f 4428 4304 4426
f 4305 4427 4303
f 4305 4429 4427
f 4428 4306 4304
f 4430 4306 4428
f 4307 4429 4305
f 4307 4431 4429
f 4430 4308 4306
f 4432 4308 4430
f 4309 4431 4307
f 4309 4433 4431
f 4432 4310 4308
f 4434 4310 4432
f 4311 4433 4309
f 4311 4435 4433
f 4434 4312 4310
f 4436 4312 4434
f 4313 4435 4311
f 4313 4437 4435
f 4436 4314 4312
f 4438 4314 4436
f 4315 4437 4313
f 4315 4439 4437
f 4438 4316 4314
f 4440 4316 4438
f 4317 4439 4315
f 4317 4441 4439
f 4440 4318 4316
f 4442 4318 4440
f 4319 4441 4317
f 4319 4443 4441
f 4442 4320 4318
f 4444 4320 4442
f 4321 4443 4319
f 4321 4445 4443
f 4444 4322 4320
f 4446 4322 4444
f 4323 4445 4321
f 4323 4447 4445
f 4446 4324 4322
f 4448 4324 4446
f 4449 4447 4323
f 4449 4323 4325
f 4325 4326 4449
f 4449 4326 4450
f 4452 4451 4328
f 4328 4451 4327
f 4328 4324 4448
f 4328 4448 4452
f 4453 4450 4326
f 4453 4326 4329
f 4329 4330 4453
f 4453 4330 4454
f 4456 4455 4332
f 4332 4455 4331
f 4332 4327 4451
f 4332 4451 4456
f 4457 4454 4330
f 4457 4330 4333
f 4458 4333 4334
f 4458 4457 4333
f 4459 4334 4335
f 4459 4458 4334
f 4460 4335 4336
f 4460 4459 4335
f 4461 4336 4337
f 4461 4460 4336
f 4462 4337 4338
f 4462 4461 4337
f 4463 4338 4339
f 4463 4462 4338
f 4464 4339 4340
f 4464 4463 4339
f 4465 4340 4341
f 4465 4464 4340
f 4466 4341 4342
f 4466 4465 4341
f 4467 4342 4343
f 4467 4466 4342
f 4468 4343 4344
f 4468 4467 4343
f 4469 4344 4345
f 4469 4468 4344
f 4470 4345 4346
f 4470 4469 4345
f 4471 4346 4347
f 4471 4470 4346
f 4472 4347 4348
f 4472 4471 4347
f 4473 4348 4349
f 4473 4472 4348
f 4474 4349 4350
f 4474 4473 4349
f 4475 4350 4351
f 4475 4474 4350
f 4476 4351 4352
f 4476 4475 4351
f 4352 4331 4455
f 4352 4455 4476
f 4478 4477 4353
f 4478 4353 4354
f 4353 4479 4355
f 4477 4479 4353
f 4355 4480 4356
f 4479 4480 4355
f 4356 4481 4357
f 4480 4481 4356
f 4357 4482 4358
f 4481 4482 4357
f 4358 4483 4359
f 4482 4483 4358
f 4359 4484 4360
f 4483 4484 4359
f 4360 4485 4361
f 4484 4485 4360
f 4361 4486 4362
f 4485 4486 4361
f 4362 4487 4363
f 4486 4487 4362
f 4363 4488 4364
f 4487 4488 4363
f 4364 4489 4365
f 4488 4489 4364
f 4365 4490 4366
f 4489 4490 4365
f 4366 4491 4367
f 4490 4491 4366
f 4367 4492 4368
f 4491 4492 4367
f 4368 4493 4369
f 4492 4493 4368
f 4369 4494 4370
f 4493 4494 4369
f 4370 4495 4371
f 4494 4495 4370
f 4371 4496 4372
f 4495 4496 4371
f 4372 4497 4373
f 4496 4497 4372
f 4374 4373 4497
f 4374 4497 4498
f 4500 4499 4375
f 4500 4375 4376
f 4354 4375 4478
f 4478 4375 4499
f 4498 4501 4374
f 4374 4501 4377
f 4378 4377 4501
f 4378 4501 4502
f 4504 4503 4379
f 4504 4379 4380
f 4376 4379 4500
f 4500 4379 4503
f 4502 4505 4378
f 4378 4505 4381
f 4382 4381 4505
f 4382 4505 4506
f 4383 4504 4380
f 4383 4507 4504
f 4506 4384 4382
f 4508 4384 4506
f 4385 4507 4383
f 4385 4509 4507
f 4508 4386 4384
f 4510 4386 4508
f 4387 4509 4385
f 4387 4511 4509
f 4510 4388 4386
f 4512 4388 4510
f 4389 4511 4387
f 4389 4513 4511
f 4512 4390 4388
f 4514 4390 4512
f 4391 4513 4389
f 4391 4515 4513
f 4514 4392 4390
f 4516 4392 4514
f 4393 4515 4391
f 4393 4517 4515
f 4516 4394 4392
f 4518 4394 4516
f 4395 4517 4393
f 4395 4519 4517
f 4518 4396 4394
f 4520 4396 4518
f 4397 4519 4395
f 4397 4521 4519
f 4520 4398 4396
f 4522 4398 4520
f 4399 4521 4397
f 4399 4523 4521
f 4522 4400 4398
f 4524 4400 4522
f 4401 4523 4399
f 4401 4525 4523
f 4524 4402 4400
f 4526 4402 4524
f 4403 4525 4401
f 4403 4527 4525
f 4526 4404 4402
f 4528 4404 4526
f 4405 4527 4403
f 4405 4529 4527
f 4528 4406 4404
f 4530 4406 4528
f 4407 4529 4405
f 4407 4531 4529
f 4530 4408 4406
f 4532 4408 4530
f 4409 4531 4407
f 4409 4533 4531
f 4532 4410 4408
f 4534 4410 4532
f 4411 4533 4409
f 4411 4535 4533
f 4534 4412 4410
f 4536 4412 4534
f 4413 4535 4411
f 4413 4537 4535
f 4536 4414 4412
f 4538 4414 4536
f 4415 4537 4413
f 4415 4539 4537
f 4538 4416 4414
f 4540 4416 4538
f 4417 4539 4415
f 4417 4541 4539
f 4540 4418 4416
f 4542 4418 4540
f 4419 4541 4417
f 4419 4543 4541
f 4542 4420 4418
f 4544 4420 4542
f 4421 4543 4419
f 4421 4545 4543
f 4544 4422 4420
f 4546 4422 4544
f 4423 4545 4421
f 4423 4547 4545
f 4546 4424 4422
f 4548 4424 4546
f 4425 4547 4423
f 4425 4549 4547
f 4548 4426 4424
f 4550 4426 4548
f 4427 4549 4425
f 4427 4551 4549
f 4550 4428 4426
f 4552 4428 4550
f 4429 4551 4427
f 4429 4553 4551
f 4552 4430 4428
f 4554 4430 4552
f 4431 4553 4429
f 4431 4555 4553
f 4554 4432 4430
f 4556 4432 4554
f 4433 4555 4431
f 4433 4557 4555
f 4556 4434 4432
f 4558 4434 4556
f 4435 4557 4433
f 4435 4559 4557
f 4558 4436 4434
f 4560 4436 4558
f 4437 4559 4435
f 4437 4561 4559
f 4560 4438 4436
f 4562 4438 4560
f 4439 4561 4437
f 4439 4563 4561
f 4562 4440 4438
f 4564 4440 4562
f 4441 4563 4439
f 4441 4565 4563
f 4564 4442 4440
f 4566 4442 4564
f 4443 4565 4441
f 4443 4567 4565
f 4566 4444 4442
f 4568 4444 4566
f 4445 4567 4443
f 4445 4569 4567
f 4568 4446 4444
f 4570 4446 4568
f 4447 4569 4445
f 4447 4571 4569
f 4570 4448 4446
f 4572 4448 4570
f 4573 4571 4447
f 4573 4447 4449
f 4449 4450 4573
f 4573 4450 4574
f 4576 4575 4452
f 4452 4575 4451
f 4452 4448 4572
f 4452 4572 4576
f 4577 4574 4450
f 4577 4450 4453
f 4453 4454 4577
f 4577 4454 4578
f 4580 4579 4456
f 4456 4579 4455
f 4456 4451 4575
f 4456 4575 4580
f 4581 4578 4454
f 4581 4454 4457
f 4582 4457 4458
f 4582 4581 4457
f 4583 4458 4459
f 4583 4582 4458
f 4584 4459 4460
f 4584 4583 4459
f 4585 4460 4461
f 4585 4584 4460
f 4586 4461 4462
f 4586 4585 4461
f 4587 4462 4463
f 4587 4586 4462
f 4588 4463 4464
f 4588 4587 4463
f 4589 4464 4465
f 4589 4588 4464
f 4590 4465 4466
f 4590 4589 4465
f 4591 4466 4467
f 4591 4590 4466
f 4592 4467 4468
f 4592 4591 4467
f 4593 4468 4469
f 4593 4592 4468
f 4594 4469 4470
f 4594 4593 4469
f 4595 4470 4471
f 4595 4594 4470
f 4596 4471 4472
f 4596 4595 4471
f 4597 4472 4473
f 4597 4596 4472
f 4598 4473 4474
f 4598 4597 4473
f 4599 4474 4475
f 4599 4598 4474
f 4600 4475 4476
f 4600 4599 4475
f 4476 4455 4579
f 4476 4579 4600
f 4602 4601 4477
f 4602 4477 4478
f 4477 4603 4479
f 4601 4603 4477
f 4479 4604 4480
f 4603 4604 4479
f 4480 4605 4481
f 4604 4605 4480
f 4481 4606 4482
f 4605 4606 4481
f 4482 4607 4483
f 4606 4607 4482
f 4483 4608 4484
f 4607 4608 4483
f 4484 4609 4485
f 4608 4609 4484
f 4485 4610 4486
f 4609 4610 4485
f 4486 4611 4487
f 4610 4611 4486
f 4487 4612 4488
f 4611 4612 4487
f 4488 4613 4489
f 4612 4613 4488
f 4489 4614 4490
f 4613 4614 4489
f 4490 4615 4491
f 4614 4615 4490
f 4491 4616 4492
f 4615 4616 4491
f 4492 4617 4493
f 4616 4617 4492
f 4493 4618 4494
f 4617 4618 4493
f 4494 4619 4495
f 4618 4619 4494
f 4495 4620 4496
f 4619 4620 4495
f 4496 4621 4497
f 4620 4621 4496
f 4498 4497 4621
f 4498 4621 4622
f 4624 4623 4499
f 4624 4499 4500
f 4478 4499 4602
f 4602 4499 4623
f 4622 4625 4498
f 4498 4625 4501
f 4502 4501 4625
f 4502 4625 4626
f 4628 4627 4503
f 4628 4503 4504
f 4500 4503 4624
f 4624 4503 4627
f 4626 4629 4502
f 4502 4629 4505
f 4506 4505 4629
f 4506 4629 4630
f 4507 4628 4504
f 4507 4631 4628
f 4630 4508 4506
f 4632 4508 4630
f 4509 4631 4507
f 4509 4633 4631
f 4632 4510 4508
f 4634 4510 4632
f 4511 4633 4509
f 4511 4635 4633
f 4634 4512 4510
f 4636 4512 4634
f 4513 4635 4511
f 4513 4637 4635
f 4636 4514 4512
f 4638 4514 4636
f 4515 4637 4513
f 4515 4639 4637
f 4638 4516 4514
f 4640 4516 4638
f 4517 4639 4515
f 4517 4641 4639
f 4640 4518 4516
f 4642 4518 4640
f 4519 4641 4517
f 4519 4643 4641
f 4642 4520 4518
f 4644 4520 4642
f 4521 4643 4519
f 4521 4645 4643
f 4644 4522 4520
f 4646 4522 4644
f 4523 4645 4521
f 4523 4647 4645
f 4646 4524 4522
f 4648 4524 4646
f 4525 4647 4523
f 4525 4649 4647
f 4648 4526 4524
f 4650 4526 4648
f 4527 4649 4525
f 4527 4651 4649
f 4650 4528 4526
f 4652 4528 4650
f 4529 4651 4527
f 4529 4653 4651
f 4652 4530 4528
f 4654 4530 4652
f 4531 4653 4529
f 4531 4655 4653
f 4654 4532 4530
f 4656 4532 4654
f 4533 4655 4531
f 4533 4657 4655
f 4656 4534 4532
f 4658 4534 4656
f 4535 4657 4533
f 4535 4659 4657
f 4658 4536 4534
f 4660 4536 4658
f 4537 4659 4535
f 4537 4661 4659
f 4660 4538 4536
f 4662 4538 4660
f 4539 4661 4537
f 4539 4663 4661
f 4662 4540 4538
f 4664 4540 4662
f 4541 4663 4539
f 4541 4665 4663
f 4664 4542 4540
f 4666 4542 4664
f 4543 4665 4541
f 4543 4667 4665
f 4666 4544 4542
f 4668 4544 4666
f 4545 4667 4543
f 4545 4669 4667
f 4668 4546 4544
f 4670 4546 4668
f 4547 4669 4545
f 4547 4671 4669
f 4670 4548 4546
f 4672 4548 4670
f 4549 4671 4547
f 4549 4673 4671
f 4672 4550 4548
f 4674 4550 4672
f 4551 4673 4549
f 4551 4675 4673
f 4674 4552 4550
f 4676 4552 4674
f 4553 4675 4551
f 4553 4677 4675
f 4676 4554 4552
f 4678 4554 4676
f 4555 4677 4553
f 4555 4679 4677
f 4678 4556 4554
f 4680 4556 4678
f 4557 4679 4555
f 4557 4681 4679
f 4680 4558 4556
f 4682 4558 4680
f 4559 4681 4557
f 4559 4683 4681
f 4682 4560 4558
f 4684 4560 4682
f 4561 4683 4559
f 4561 4685 4683
f 4684 4562 4560
f 4686 4562 4684
f 4563 4685 4561
f 4563 4687 4685
f 4686 4564 4562
f 4688 4564 4686
f 4565 4687 4563
f 4565 4689 4687
f 4688 4566 4564
f 4690 4566 4688
f 4567 4689 4565
f 4567 4691 4689
f 4690 4568 4566
f 4692 4568 4690
f 4569 4691 4567
f 4569 4693 4691
f 4692 4570 4568
f 4694 4570 4692
f 4571 4693 4569
f 4571 4695 4693
f 4694 4572 4570
f 4696 4572 4694
f 4697 4695 4571
f 4697 4571 4573
f 4573 4574 4697
f 4697 4574 4698
f 4700 4699 4576
f 4576 4699 4575
f 4576 4572 4696
f 4576 4696 4700
f 4701 4698 4574
f 4701 4574 4577
f 4577 4578 4701
f 4701 4578 4702
f 4704 4703 4580
f 4580 4703 4579
f 4580 4575 4699
f 4580 4699 4704
f 4705 4702 4578
f 4705 4578 4581
f 4706 4581 4582
f 4706 4705 4581
f 4707 4582 4583
f 4707 4706 4582
f 4708 4583 4584
f 4708 4707 4583
f 4709 4584 4585
f 4709 4708 4584
f 4710 4585 4586
f 4710 4709 4585
f 4711 4586 4587
f 4711 4710 4586
f 4712 4587 4588
f 4712 4711 4587
f 4713 4588 4589
f 4713 4712 4588
f 4714 4589 4590
f 4714 4713 4589
f 4715 4590 4591
f 4715 4714 4590
f 4716 4591 4592
f 4716 4715 4591
f 4717 4592 4593
f 4717 4716 4592
f 4718 4593 4594
f 4718 4717 4593
f 4719 4594 4595
f 4719 4718 4594
f 4720 4595 4596
f 4720 4719 4595
f 4721 4596 4597
f 4721 4720 4596
f 4722 4597 4598
f 4722 4721 4597
f 4723 4598 4599
f 4723 4722 4598
f 4724 4599 4600
f 4724 4723 4599
f 4600 4579 4703
f 4600 4703 4724
f 4726 4725 4601
f 4726 4601 4602
f 4601 4727 4603
f 4725 4727 4601
f 4603 4728 4604
f 4727 4728 4603
f 4604 4729 4605
f 4728 4729 4604
f 4605 4730 4606
f 4729 4730 4605
f 4606 4731 4607
f 4730 4731 4606
f 4607 4732 4608
f 4731 4732 4607
f 4608 4733 4609
f 4732 4733 4608
f 4609 4734 4610
f 4733 4734 4609
f 4610 4735 4611
f 4734 4735 4610
f 4611 4736 4612
f 4735 4736 4611
f 4612 4737 4613
f 4736 4737 4612
f 4613 4738 4614
f 4737 4738 4613
f 4614 4739 4615
f 4738 4739 4614
f 4615 4740 4616
f 4739 4740 4615
f 4616 4741 4617
f 4740 4741 4616
f 4617 4742 4618
f 4741 4742 4617
f 4618 4743 4619
f 4742 4743 4618
f 4619 4744 4620
f 4743 4744 4619
f 4620 4745 4621
f 4744 4745 4620
f 4622 4621 4745
f 4622 4745 4746
f 4748 4747 4623
f 4748 4623 4624
f 4602 4623 4726
f 4726 4623 4747
f 4746 4749 4622
f 4622 4749 4625
f 4626 4625 4749
f 4626 4749 4750
f 4752 4751 4627
f 4752 4627 4628
f 4624 4627 4748
f 4748 4627 4751
f 4750 4753 4626
f 4626 4753 4629
f 4630 4629 4753
f 4630 4753 4754
f 4631 4752 4628
f 4631 4755 4752
f 4754 4632 4630
f 4756 4632 4754
f 4633 4755 4631
f 4633 4757 4755
f 4756 4634 4632
f 4758 4634 4756
f 4635 4757 4633
f 4635 4759 4757
f 4758 4636 4634
f 4760 4636 4758
f 4637 4759 4635
f 4637 4761 4759
f 4760 4638 4636
f 4762 4638 4760
f 4639 4761 4637
f 4639 4763 4761
f 4762 4640 4638
f 4764 4640 4762
f 4641 4763 4639
f 4641 4765 4763
f 4764 4642 4640
f 4766 4642 4764
f 4643 4765 4641
f 4643 4767 4765
f 4766 4644 4642
f 4768 4644 4766
f 4645 4767 4643
f 4645 4769 4767
f 4768 4646 4644
f 4770 4646 4768
f 4647 4769 4645
f 4647 4771 4769
f 4770 4648 4646
f 4772 4648 4770
f 4649 4771 4647
f 4649 4773 4771
f 4772 4650 4648
f 4774 4650 4772
f 4651 4773 4649
f 4651 4775 4773
f 4774 4652 4650
f 4776 4652 4774
f 4653 4775 4651
f 4653 4777 4775
f 4776 4654 4652
f 4778 4654 4776
f 4655 4777 4653
f 4655 4779 4777
f 4778 4656 4654
f 4780 4656 4778
f 4657 4779 4655
f 4657 4781 4779
f 4780 4658 4656
f 4782 4658 4780
f 4659 4781 4657
f 4659 4783 4781
f 4782 4660 4658
f 4784 4660 4782
f 4661 4783 4659
f 4661 4785 4783
f 4784 4662 4660
f 4786 4662 4784
f 4663 4785 4661
f 4663 4787 4785
f 4786 4664 4662
f 4788 4664 4786
f 4665 4787 4663
f 4665 4789 4787
f 4788 4666 4664
f 4790 4666 4788
f 4667 4789 4665
f 4667 4791 4789
f 4790 4668 4666
f 4792 4668 4790
f 4669 4791 4667
f 4669 4793 4791
f 4792 4670 4668
f 4794 4670 4792
f 4671 4793 4669
f 4671 4795 4793
f 4794 4672 4670
f 4796 4672 4794
f 4673 4795 4671
f 4673 4797 4795
f 4796 4674 4672
f 4798 4674 4796
f 4675 4797 4673
f 4675 4799 4797
f 4798 4676 4674
f 4800 4676 4798
f 4677 4799 4675
f 4677 4801 4799
f 4800 4678 4676
f 4802 4678 4800
f 4679 4801 4677
f 4679 4803 4801
f 4802 4680 4678
f 4804 4680 4802
f 4681 4803 4679
f 4681 4805 4803
f 4804 4682 4680
f 4806 4682 4804
f 4683 4805 4681
f 4683 4807 4805
f 4806 4684 4682
f 4808 4684 4806
f 4685 4807 4683
f 4685 4809 4807
f 4808 4686 4684
f 4810 4686 4808
f 4687 4809 4685
f 4687 4811 4809
f 4810 4688 4686
f 4812 4688 4810
f 4689 4811 4687
f 4689 4813 4811
f 4812 4690 4688
f 4814 4690 4812
f 4691 4813 4689
f 4691 4815 4813
f 4814 4692 4690
f 4816 4692 4814
f 4693 4815 4691
f 4693 4817 4815
f 4816 4694 4692
f 4818 4694 4816
f 4695 4817 4693
f 4695 4819 4817
f 4818 4696 4694
f 4820 4696 4818
f 4821 4819 4695
f 4821 4695 4697
f 4697 4698 4821
f 4821 4698 4822
f 4824 4823 4700
f 4700 4823 4699
f 4700 4696 4820
f 4700 4820 4824
f 4825 4822 4698
f 4825 4698 4701
f 4701 4702 4825
f 4825 4702 4826
f 4828 4827 4704
f 4704 4827 4703
f 4704 4699 4823
f 4704 4823 4828
f 4829 4826 4702
f 4829 4702 4705
f 4830 4705 4706
f 4830 4829 4705
f 4831 4706 4707
f 4831 4830 4706
f 4832 4707 4708
f 4832 4831 4707
f 4833 4708 4709
f 4833 4832 4708
f 4834 4709 4710
f 4834 4833 4709
f 4835 4710 4711
f 4835 4834 4710
f 4836 4711 4712
f 4836 4835 4711
f 4837 4712 4713
f 4837 4836 4712
f 4838 4713 4714
f 4838 4837 4713
f 4839 4714 4715
f 4839 4838 4714
f 4840 4715 4716
f 4840 4839 4715
f 4841 4716 4717
f 4841 4840 4716
f 4842 4717 4718
f 4842 4841 4717
f 4843 4718 4719
f 4843 4842 4718
f 4844 4719 4720
f 4844 4843 4719
f 4845 4720 4721
f 4845 4844 4720
f 4846 4721 4722
f 4846 4845 4721
f 4847 4722 4723
f 4847 4846 4722
f 4848 4723 4724
f 4848 4847 4723
f 4724 4703 4827
f 4724 4827 4848
f 4850 4849 4725
f 4850 4725 4726
f 4725 4851 4727
f 4849 4851 4725
f 4727 4852 4728
f 4851 4852 4727
f 4728 4853 4729
f 4852 4853 4728
f 4729 4854 4730
f 4853 4854 4729
f 4730 4855 4731
f 4854 4855 4730
f 4731 4856 4732
f 4855 4856 4731
f 4732 4857 4733
f 4856 4857 4732
f 4733 4858 4734
f 4857 4858 4733
f 4734 4859 4735
f 4858 4859 4734
f 4735 4860 4736
f 4859 4860 4735
f 4736 4861 4737
f 4860 4861 4736
f 4737 4862 4738
f 4861 4862 4737
f 4738 4863 4739
f 4862 4863 4738
f 4739 4864 4740
f 4863 4864 4739
f 4740 4865 4741
f 4864 4865 4740
f 4741 4866 4742
f 4865 4866 4741
f 4742 4867 4743
f 4866 4867 4742
f 4743 4868 4744
f 4867 4868 4743
f 4744 4869 4745
f 4868 4869 4744
f 4746 4745 4869
f 4746 4869 4870
f 4872 4871 4747
f 4872 4747 4748
f 4726 4747 4850
f 4850 4747 4871
f 4870 4873 4746
f 4746 4873 4749
f 4750 4749 4873
f 4750 4873 4874
f 4876 4875 4751
f 4876 4751 4752
f 4748 4751 4872
f 4872 4751 4875
f 4874 4877 4750
f 4750 4877 4753
f 4754 4753 4877
f 4754 4877 4878
f 4755 4876 4752
f 4755 4879 4876
f 4878 4756 4754
f 4880 4756 4878
f 4757 4879 4755
f 4757 4881 4879
f 4880 4758 4756
f 4882 4758 4880
f 4759 4881 4757
f 4759 4883 4881
f 4882 4760 4758
f 4884 4760 4882
f 4761 4883 4759
f 4761 4885 4883
f 4884 4762 4760
f 4886 4762 4884
f 4763 4885 4761
f 4763 4887 4885
f 4886 4764 4762
f 4888 4764 4886
f 4765 4887 4763
f 4765 4889 4887
f 4888 4766 4764
f 4890 4766 4888
f 4767 4889 4765
f 4767 4891 4889
f 4890 4768 4766
f 4892 4768 4890
f 4769 4891 4767
f 4769 4893 4891
f 4892 4770 4768
f 4894 4770 4892
f 4771 4893 4769
f 4771 4895 4893
f 4894 4772 4770
f 4896 4772 4894
f 4773 4895 4771
f 4773 4897 4895
f 4896 4774 4772
f 4898 4774 4896
f 4775 4897 4773
f 4775 4899 4897
f 4898 4776 4774
f 4900 4776 4898
f 4777 4899 4775
f 4777 4901 4899
f 4900 4778 4776
f 4902 4778 4900
f 4779 4901 4777
f 4779 4903 4901
f 4902 4780 4778
f 4904 4780 4902
f 4781 4903 4779
f 4781 4905 4903
f 4904 4782 4780
f 4906 4782 4904
f 4783 4905 4781
f 4783 4907 4905
f 4906 4784 4782
f 4908 4784 4906
f 4785 4907 4783
f 4785 4909 4907
f 4908 4786 4784
f 4910 4786 4908
f 4787 4909 4785
f 4787 4911 4909
f 4910 4788 4786
f 4912 4788 4910
f 4789 4911 4787
f 4789 4913 4911
f 4912 4790 4788
f 4914 4790 4912
f 4791 4913 4789
f 4791 4915 4913
f 4914 4792 4790
f 4916 4792 4914
f 4793 4915 4791
f 4793 4917 4915
f 4916 4794 4792
f 4918 4794 4916
f 4795 4917 4793
f 4795 4919 4917
f 4918 4796 4794
f 4920 4796 4918
f 4797 4919 4795
f 4797 4921 4919
f 4920 4798 4796
f 4922 4798 4920
f 4799 4921 4797
f 4799 4923 4921
f 4922 4800 4798
f 4924 4800 4922
f 4801 4923 4799
f 4801 4925 4923
f 4924 4802 4800
f 4926 4802 4924
f 4803 4925 4801
f 4803 4927 4925
f 4926 4804 4802
f 4928 4804 4926
f 4805 4927 4803
f 4805 4929 4927
f 4928 4806 4804
f 4930 4806 4928
f 4807 4929 4805
f 4807 4931 4929
f 4930 4808 4806
f 4932 4808 4930
f 4809 4931 4807
f 4809 4933 4931
f 4932 4810 4808
f 4934 4810 4932
f 4811 4933 4809
f 4811 4935 4933
f 4934 4812 4810
f 4936 4812 4934
f 4813 4935 4811
f 4813 4937 4935
f 4936 4814 4812
f 4938 4814 4936
f 4815 4937 4813
f 4815 4939 4937
f 4938 4816 4814
f 4940 4816 4938
f 4817 4939 4815
f 4817 4941 4939
f 4940 4818 4816
f 4942 4818 4940
f 4819 4941 4817
f 4819 4943 4941
f 4942 4820 4818
f 4944 4820 4942
f 4945 4943 4819
f 4945 4819 4821
f 4821 4822 4945
f 4945 4822 4946
f 4948 4947 4824
f 4824 4947 4823
f 4824 4820 4944
f 4824 4944 4948
f 4949 4946 4822
f 4949 4822 4825
f 4825 4826 4949
f 4949 4826 4950
f 4952 4951 4828
f 4828 4951 4827
f 4828 4823 4947
f 4828 4947 4952
f 4953 4950 4826
f 4953 4826 4829
f 4954 4829 4830
f 4954 4953 4829
f 4955 4830 4831
f 4955 4954 4830
f 4956 4831 4832
f 4956 4955 4831
f 4957 4832 4833
f 4957 4956 4832
f 4958 4833 4834
f 4958 4957 4833
f 4959 4834 4835
f 4959 4958 4834
f 4960 4835 4836
f 4960 4959 4835
f 4961 4836 4837
f 4961 4960 4836
f 4962 4837 4838
f 4962 4961 4837
f 4963 4838 4839
f 4963 4962 4838
f 4964 4839 4840
f 4964 4963 4839
f 4965 4840 4841
f 4965 4964 4840
f 4966 4841 4842
f 4966 4965 4841
f 4967 4842 4843
f 4967 4966 4842
f 4968 4843 4844
f 4968 4967 4843
f 4969 4844 4845
f 4969 4968 4844
f 4970 4845 4846
f 4970 4969 4845
f 4971 4846 4847
f 4971 4970 4846
f 4972 4847 4848
f 4972 4971 4847
f 4848 4827 4951
f 4848 4951 4972
f 4974 4973 4849
f 4974 4849 4850
f 4849 4975 4851
f 4973 4975 4849
f 4851 4976 4852
f 4975 4976 4851
f 4852 4977 4853
f 4976 4977 4852
f 4853 4978 4854
f 4977 4978 4853
f 4854 4979 4855
f 4978 4979 4854
f 4855 4980 4856
f 4979 4980 4855
f 4856 4981 4857
f 4980 4981 4856
f 4857 4982 4858
f 4981 4982 4857
f 4858 4983 4859
f 4982 4983 4858
f 4859 4984 4860
f 4983 4984 4859
f 4860 4985 4861
f 4984 4985 4860
f 4861 4986 4862
f 4985 4986 4861
f 4862 4987 4863
f 4986 4987 4862
f 4863 4988 4864
f 4987 4988 4863
f 4864 4989 4865
f 4988 4989 4864
f 4865 4990 4866
f 4989 4990 4865
f 4866 4991 4867
f 4990 4991 4866
f 4867 4992 4868
f 4991 4992 4867
f 4868 4993 4869
f 4992 4993 4868
f 4870 4869 4993
f 4870 4993 4994
f 4996 4995 4871
f 4996 4871 4872
f 4850 4871 4974
f 4974 4871 4995
f 4994 4997 4870
f 4870 4997 4873
f 4874 4873 4997
f 4874 4997 4998
f 5000 4999 4875
f 5000 4875 4876
f 4872 4875 4996
f 4996 4875 4999
f 4998 5001 4874
f 4874 5001 4877
f 4878 4877 5001
f 4878 5001 5002
f 4879 5000 4876
f 4879 5003 5000
f 5002 4880 4878
f 5004 4880 5002
f 4881 5003 4879
f 4881 5005 5003
f 5004 4882 4880
f 5006 4882 5004
f 4883 5005 4881
f 4883 5007 5005
f 5006 4884 4882
f 5008 4884 5006
f 4885 5007 4883
f 4885 5009 5007
f 5008 4886 4884
f 5010 4886 5008
f 4887 5009 4885
f 4887 5011 5009
f 5010 4888 4886
f 5012 4888 5010
f 4889 5011 4887
f 4889 5013 5011
f 5012 4890 4888
f 5014 4890 5012
f 4891 5013 4889
f 4891 5015 5013
f 5014 4892 4890
f 5016 4892 5014
f 4893 5015 4891
f 4893 5017 5015
f 5016 4894 4892
f 5018 4894 5016
f 4895 5017 4893
f 4895 5019 5017
f 5018 4896 4894
f 5020 4896 5018
f 4897 5019 4895
f 4897 5021 5019
f 5020 4898 4896
f 5022 4898 5020
f 4899 5021 4897
f 4899 5023 5021
f 5022 4900 4898
f 5024 4900 5022
f 4901 5023 4899
f 4901 5025 5023
f 5024 4902 4900
f 5026 4902 5024
f 4903 5025 4901
f 4903 5027 5025
f 5026 4904 4902
f 5028 4904 5026
f 4905 5027 4903
f 4905 5029 5027
f 5028 4906 4904
f 5030 4906 5028
f 4907 5029 4905
f 4907 5031 5029
f 5030 4908 4906
f 5032 4908 5030
f 4909 5031 4907
f 4909 5033 5031
f 5032 4910 4908
f 5034 4910 5032
f 4911 5033 4909
f 4911 5035 5033
f 5034 4912 4910
f 5036 4912 5034
f 4913 5035 4911
f 4913 5037 5035
f 5036 4914 4912
f 5038 4914 5036
f 4915 5037 4913
f 4915 5039 5037
f 5038 4916 4914
f 5040 4916 5038
f 4917 5039 4915
f 4917 5041 5039
f 5040 4918 4916
f 5042 4918 5040
f 4919 5041 4917
f 4919 5043 5041
f 5042 4920 4918
f 5044 4920 5042
f 4921 5043 4919
f 4921 5045 5043
f 5044 4922 4920
f 5046 4922 5044
f 4923 5045 4921
f 4923 5047 5045
f 5046 4924 4922
f 5048 4924 5046
f 4925 5047 4923
f 4925 5049 5047
f 5048 4926 4924
f 5050 4926 5048
f 4927 5049 4925
f 4927 5051 5049
f 5050 4928 4926
f 5052 4928 5050
f 4929 5051 4927
f 4929 5053 5051
f 5052 4930 4928
f 5054 4930 5052
f 4931 5053 4929
f 4931 5055 5053
f 5054 4932 4930
f 5056 4932 5054
f 4933 5055 4931
f 4933 5057 5055
f 5056 4934 4932
f 5058 4934 5056
f 4935 5057 4933
f 4935 5059 5057
f 5058 4936 4934
f 5060 4936 5058
f 4937 5059 4935
f 4937 5061 5059
f 5060 4938 4936
f 5062 4938 5060
f 4939 5061 4937
f 4939 5063 5061
f 5062 4940 4938
f 5064 4940 5062
f 4941 5063 4939
f 4941 5065 5063
f 5064 4942 4940
f 5066 4942 5064
f 4943 5065 4941
f 4943 5067 5065
f 5066 4944 4942
f 5068 4944 5066
f 5069 5067 4943
f 5069 4943 4945
f 4945 4946 5069
f 5069 4946 5070
f 5072 5071 4948
f 4948 5071 4947
f 4948 4944 5068
f 4948 5068 5072
f 5073 5070 4946
f 5073 4946 4949
f 4949 4950 5073
f 5073 4950 5074
f 5076 5075 4952
f 4952 5075 4951
f 4952 4947 5071
f 4952 5071 5076
f 5077 5074 4950
f 5077 4950 4953
f 5078 4953 4954
f 5078 5077 4953
f 5079 4954 4955
f 5079 5078 4954
f 5080 4955 4956
f 5080 5079 4955
f 5081 4956 4957
f 5081 5080 4956
f 5082 4957 4958
f 5082 5081 4957
f 5083 4958 4959
f 5083 5082 4958
f 5084 4959 4960
f 5084 5083 4959
f 5085 4960 4961
f 5085 5084 4960
f 5086 4961 4962
f 5086 5085 4961
f 5087 4962 4963
f 5087 5086 4962
f 5088 4963 4964
f 5088 5087 4963
f 5089 4964 4965
f 5089 5088 4964
f 5090 4965 4966
f 5090 5089 4965
f 5091 4966 4967
f 5091 5090 4966
f 5092 4967 4968
f 5092 5091 4967
f 5093 4968 4969
f 5093 5092 4968
f 5094 4969 4970
f 5094 5093 4969
f 5095 4970 4971
f 5095 5094 4970
f 5096 4971 4972
f 5096 5095 4971
f 4972 4951 5075
f 4972 5075 5096
f 5098 5097 4973
f 5098 4973 4974
f 4973 5099 4975
f 5097 5099 4973
f 4975 5100 4976
f 5099 5100 4975
f 4976 5101 4977
f 5100 5101 4976
f 4977 5102 4978
f 5101 5102 4977
f 4978 5103 4979
f 5102 5103 4978
f 4979 5104 4980
f 5103 5104 4979
f 4980 5105 4981
f 5104 5105 4980
f 4981 5106 4982
f 5105 5106 4981
f 4982 5107 4983
f 5106 5107 4982
f 4983 5108 4984
f 5107 5108 4983
f 4984 5109 4985
f 5108 5109 4984
f 4985 5110 4986
f 5109 5110 4985
f 4986 5111 4987
f 5110 5111 4986
f 4987 5112 4988
f 5111 5112 4987
f 4988 5113 4989
f 5112 5113 4988
f 4989 5114 4990
f 5113 5114 4989
f 4990 5115 4991
f 5114 5115 4990
f 4991 5116 4992
f 5115 5116 4991
f 4992 5117 4993
f 5116 5117 4992
f 4994 4993 5117
f 4994 5117 5118
f 5120 5119 4995
f 5120 4995 4996
f 4974 4995 5098
f 5098 4995 5119
f 5118 5121 4994
f 4994 5121 4997
f 4998 4997 5121
f 4998 5121 5122
f 5124 5123 4999
f 5124 4999 5000
f 4996 4999 5120
f 5120 4999 5123
f 5122 5125 4998
f 4998 5125 5001
f 5002 5001 5125
f 5002 5125 5126
f 5003 5124 5000
f 5003 5127 5124
f 5126 5004 5002
f 5128 5004 5126
f 5005 5127 5003
f 5005 5129 5127
f 5128 5006 5004
f 5130 5006 5128
f 5007 5129 5005
f 5007 5131 5129
f 5130 5008 5006
f 5132 5008 5130
f 5009 5131 5007
f 5009 5133 5131
f 5132 5010 5008
f 5134 5010 5132
f 5011 5133 5009
f 5011 5135 5133
f 5134 5012 5010
f 5136 5012 5134
f 5013 5135 5011
f 5013 5137 5135
f 5136 5014 5012
f 5138 5014 5136
f 5015 5137 5013
f 5015 5139 5137
f 5138 5016 5014
f 5140 5016 5138
f 5017 5139 5015
f 5017 5141 5139
f 5140 5018 5016
f 5142 5018 5140
f 5019 5141 5017
f 5019 5143 5141
f 5142 5020 5018
f 5144 5020 5142
f 5021 5143 5019
f 5021 5145 5143
f 5144 5022 5020
f 5146 5022 5144
f 5023 5145 5021
f 5023 5147 5145
f 5146 5024 5022
f 5148 5024 5146
f 5025 5147 5023
f 5025 5149 5147
f 5148 5026 5024
f 5150 5026 5148
f 5027 5149 5025
f 5027 5151 5149
f 5150 5028 5026
f 5152 5028 5150
f 5029 5151 5027
f 5029 5153 5151
f 5152 5030 5028
f 5154 5030 5152
f 5031 5153 5029
f 5031 5155 5153
f 5154 5032 5030
f 5156 5032 5154
f 5033 5155 5031
f 5033 5157 5155
f 5156 5034 5032
f 5158 5034 5156
f 5035 5157 5033
f 5035 5159 5157
f 5158 5036 5034
f 5160 5036 5158
f 5037 5159 5035
f 5037 5161 5159
f 5160 5038 5036
f 5162 5038 5160
f 5039 5161 5037
f 5039 5163 5161
f 5162 5040 5038
f 5164 5040 5162
f 5041 5163 5039
f 5041 5165 5163
f 5164 5042 5040
f 5166 5042 5164
f 5043 5165 5041
f 5043 5167 5165
f 5166 5044 5042
f 5168 5044 5166
f 5045 5167 5043
f 5045 5169 5167
f 5168 5046 5044
f 5170 5046 5168
f 5047 5169 5045
f 5047 5171 5169
f 5170 5048 5046
f 5172 5048 5170
f 5049 5171 5047
f 5049 5173 5171
f 5172 5050 5048
f 5174 5050 5172
f 5051 5173 5049
f 5051 5175 5173
f 5174 5052 5050
f 5176 5052 5174
f 5053 5175 5051
f 5053 5177 5175
f 5176 5054 5052
f 5178 5054 5176
f 5055 5177 5053
f 5055 5179 5177
f 5178 5056 5054
f 5180 5056 5178
f 5057 5179 5055
f 5057 5181 5179
f 5180 5058 5056
f 5182 5058 5180
f 5059 5181 5057
f 5059 5183 5181
f 5182 5060 5058
f 5184 5060 5182
f 5061 5183 5059
f 5061 5185 5183
f 5184 5062 5060
f 5186 5062 5184
f 5063 5185 5061
f 5063 5187 5185
f 5186 5064 5062
f 5188 5064 5186
f 5065 5187 5063
f 5065 5189 5187
f 5188 5066 5064
f 5190 5066 5188
f 5067 5189 5065
f 5067 5191 5189
f 5190 5068 5066
f 5192 5068 5190
f 5193 5191 5067
f 5193 5067 5069
f 5069 5070 5193
f 5193 5070 5194
f 5196 5195 5072
f 5072 5195 5071
f 5072 5068 5192
f 5072 5192 5196
f 5197 5194 5070
f 5197 5070 5073
f 5073 5074 5197
f 5197 5074 5198
f 5200 5199 5076
f 5076 5199 5075
f 5076 5071 5195
f 5076 5195 5200
f 5201 5198 5074
f 5201 5074 5077
f 5202 5077 5078
f 5202 5201 5077
f 5203 5078 5079
f 5203 5202 5078
f 5204 5079 5080
f 5204 5203 5079
f 5205 5080 5081
f 5205 5204 5080
f 5206 5081 5082
f 5206 5205 5081
f 5207 5082 5083
f 5207 5206 5082
f 5208 5083 5084
f 5208 5207 5083
f 5209 5084 5085
f 5209 5208 5084
f 5210 5085 5086
f 5210 5209 5085
f 5211 5086 5087
f 5211 5210 5086
f 5212 5087 5088
f 5212 5211 5087
f 5213 5088 5089
f 5213 5212 5088
f 5214 5089 5090
f 5214 5213 5089
f 5215 5090 5091
f 5215 5214 5090
f 5216 5091 5092
f 5216 5215 5091
f 5217 5092 5093
f 5217 5216 5092
f 5218 5093 5094
f 5218 5217 5093
f 5219 5094 5095
f 5219 5218 5094
f 5220 5095 5096
f 5220 5219 5095
f 5096 5075 5199
f 5096 5199 5220
f 5222 5221 5097
f 5222 5097 5098
f 5097 5223 5099
f 5221 5223 5097
f 5099 5224 5100
f 5223 5224 5099
f 5100 5225 5101
f 5224 5225 5100
f 5101 5226 5102
f 5225 5226 5101
f 5102 5227 5103
f 5226 5227 5102
f 5103 5228 5104
f 5227 5228 5103
f 5104 5229 5105
f 5228 5229 5104
f 5105 5230 5106
f 5229 5230 5105
f 5106 5231 5107
f 5230 5231 5106
f 5107 5232 5108
f 5231 5232 5107
f 5108 5233 5109
f 5232 5233 5108
f 5109 5234 5110
f 5233 5234 5109
f 5110 5235 5111
f 5234 5235 5110
f 5111 5236 5112
f 5235 5236 5111
f 5112 5237 5113
f 5236 5237 5112
f 5113 5238 5114
f 5237 5238 5113
f 5114 5239 5115
f 5238 5239 5114
f 5115 5240 5116
f 5239 5240 5115
f 5116 5241 5117
f 5240 5241 5116
f 5118 5117 5241
f 5118 5241 5242
f 5244 5243 5119
f 5244 5119 5120
f 5098 5119 5222
f 5222 5119 5243
f 5242 5245 5118
f 5118 5245 5121
f 5122 5121 5245
f 5122 5245 5246
f 5248 5247 5123
f 5248 5123 5124
f 5120 5123 5244
f 5244 5123 5247
f 5246 5249 5122
f 5122 5249 5125
f 5126 5125 5249
f 5126 5249 5250
f 5127 5248 5124
f 5127 5251 5248
f 5250 5128 5126
f 5252 5128 5250
f 5129 5251 5127
f 5129 5253 5251
f 5252 5130 5128
f 5254 5130 5252
f 5131 5253 5129
f 5131 5255 5253
f 5254 5132 5130
f 5256 5132 5254
f 5133 5255 5131
f 5133 5257 5255
f 5256 5134 5132
f 5258 5134 5256
f 5135 5257 5133
f 5135 5259 5257
f 5258 5136 5134
f 5260 5136 5258
f 5137 5259 5135
f 5137 5261 5259
f 5260 5138 5136
f 5262 5138 5260
f 5139 5261 5137
f 5139 5263 5261
f 5262 5140 5138
f 5264 5140 5262
f 5141 5263 5139
f 5141 5265 5263
f 5264 5142 5140
f 5266 5142 5264
f 5143 5265 5141
f 5143 5267 5265
f 5266 5144 5142
f 5268 5144 5266
f 5145 5267 5143
f 5145 5269 5267
f 5268 5146 5144
f 5270 5146 5268
f 5147 5269 5145
f 5147 5271 5269
f 5270 5148 5146
f 5272 5148 5270
f 5149 5271 5147
f 5149 5273 5271
f 5272 5150 5148
f 5274 5150 5272
f 5151 5273 5149
f 5151 5275 5273
f 5274 5152 5150
f 5276 5152 5274
f 5153 5275 5151
f 5153 5277 5275
f 5276 5154 5152
f 5278 5154 5276
f 5155 5277 5153
f 5155 5279 5277
f 5278 5156 5154
f 5280 5156 5278
f 5157 5279 5155
f 5157 5281 5279
f 5280 5158 5156
f 5282 5158 5280
f 5159 5281 5157
f 5159 5283 5281
f 5282 5160 5158
f 5284 5160 5282
f 5161 5283 5159
f 5161 5285 5283
f 5284 5162 5160
f 5286 5162 5284
f 5163 5285 5161
f 5163 5287 5285
f 5286 5164 5162
f 5288 5164 5286
f 5165 5287 5163
f 5165 5289 5287
f 5288 5166 5164
f 5290 5166 5288
f 5167 5289 5165
f 5167 5291 5289
f 5290 5168 5166
f 5292 5168 5290
f 5169 5291 5167
f 5169 5293 5291
f 5292 5170 5168
f 5294 5170 5292
f 5171 5293 5169
f 5171 5295 5293
f 5294 5172 5170
f 5296 5172 5294
f 5173 5295 5171
f 5173 5297 5295
f 5296 5174 5172
f 5298 5174 5296
f 5175 5297 5173
f 5175 5299 5297
f 5298 5176 5174
f 5300 5176 5298
f 5177 5299 5175
f 5177 5301 5299
f 5300 5178 5176
f 5302 5178 5300
f 5179 5301 5177
f 5179 5303 5301
f 5302 5180 5178
f 5304 5180 5302
f 5181 5303 5179
f 5181 5305 5303
f 5304 5182 5180
f 5306 5182 5304
f 5183 5305 5181
f 5183 5307 5305
f 5306 5184 5182
f 5308 5184 5306
f 5185 5307 5183
f 5185 5309 5307
f 5308 5186 5184
f 5310 5186 5308
f 5187 5309 5185
f 5187 5311 5309
f 5310 5188 5186
f 5312 5188 5310
f 5189 5311 5187
f 5189 5313 5311
f 5312 5190 5188
f 5314 5190 5312
f 5191 5313 5189
f 5191 5315 5313
f 5314 5192 5190
f 5316 5192 5314
f 5317 5315 5191
f 5317 5191 5193
f 5193 5194 5317
f 5317 5194 5318
f 5320 5319 5196
f 5196 5319 5195
f 5196 5192 5316
f 5196 5316 5320
f 5321 5318 5194
f 5321 5194 5197
f 5197 5198 5321
f 5321 5198 5322
f 5324 5323 5200
f 5200 5323 5199
f 5200 5195 5319
f 5200 5319 5324
f 5325 5322 5198
f 5325 5198 5201
f 5326 5201 5202
f 5326 5325 5201
f 5327 5202 5203
f 5327 5326 5202
f 5328 5203 5204
f 5328 5327 5203
f 5329 5204 5205
f 5329 5328 5204
f 5330 5205 5206
f 5330 5329 5205
f 5331 5206 5207
f 5331 5330 5206
f 5332 5207 5208
f 5332 5331 5207
f 5333 5208 5209
f 5333 5332 5208
f 5334 5209 5210
f 5334 5333 5209
f 5335 5210 5211
f 5335 5334 5210
f 5336 5211 5212
f 5336 5335 5211
f 5337 5212 5213
f 5337 5336 5212
f 5338 5213 5214
f 5338 5337 5213
f 5339 5214 5215
f 5339 5338 5214
f 5340 5215 5216
f 5340 5339 5215
f 5341 5216 5217
f 5341 5340 5216
f 5342 5217 5218
f 5342 5341 5217
f 5343 5218 5219
f 5343 5342 5218
f 5344 5219 5220
f 5344 5343 5219
f 5220 5199 5323
f 5220 5323 5344
f 5346 5345 5221
f 5346 5221 5222
f 5221 5347 5223
f 5345 5347 5221
f 5223 5348 5224
f 5347 5348 5223
f 5224 5349 5225
f 5348 5349 5224
f 5225 5350 5226
f 5349 5350 5225
f 5226 5351 5227
f 5350 5351 5226
f 5227 5352 5228
f 5351 5352 5227
f 5228 5353 5229
f 5352 5353 5228
f 5229 5354 5230
f 5353 5354 5229
f 5230 5355 5231
f 5354 5355 5230
f 5231 5356 5232
f 5355 5356 5231
f 5232 5357 5233
f 5356 5357 5232
f 5233 5358 5234
f 5357 5358 5233
f 5234 5359 5235
f 5358 5359 5234
f 5235 5360 5236
f 5359 5360 5235
f 5236 5361 5237
f 5360 5361 5236
f 5237 5362 5238
f 5361 5362 5237
f 5238 5363 5239
f 5362 5363 5238
f 5239 5364 5240
f 5363 5364 5239
f 5240 5365 5241
f 5364 5365 5240
f 5242 5241 5365
f 5242 5365 5366
f 5368 5367 5243
f 5368 5243 5244
f 5222 5243 5346
f 5346 5243 5367
f 5366 5369 5242
f 5242 5369 5245
f 5246 5245 5369
f 5246 5369 5370
f 5372 5371 5247
f 5372 5247 5248
f 5244 5247 5368
f 5368 5247 5371
f 5370 5373 5246
f 5246 5373 5249
f 5250 5249 5373
f 5250 5373 5374
f 5251 5372 5248
f 5251 5375 5372
f 5374 5252 5250
f 5376 5252 5374
f 5253 5375 5251
f 5253 5377 5375
f 5376 5254 5252
f 5378 5254 5376
f 5255 5377 5253
f 5255 5379 5377
f 5378 5256 5254
f 5380 5256 5378
f 5257 5379 5255
f 5257 5381 5379
f 5380 5258 5256
f 5382 5258 5380
f 5259 5381 5257
f 5259 5383 5381
f 5382 5260 5258
f 5384 5260 5382
f 5261 5383 5259
f 5261 5385 5383
f 5384 5262 5260
f 5386 5262 5384
f 5263 5385 5261
f 5263 5387 5385
f 5386 5264 5262
f 5388 5264 5386
f 5265 5387 5263
f 5265 5389 5387
f 5388 5266 5264
f 5390 5266 5388
f 5267 5389 5265
f 5267 5391 5389
f 5390 5268 5266
f 5392 5268 5390
f 5269 5391 5267
f 5269 5393 5391
f 5392 5270 5268
f 5394 5270 5392
f 5271 5393 5269
f 5271 5395 5393
f 5394 5272 5270
f 5396 5272 5394
f 5273 5395 5271
f 5273 5397 5395
f 5396 5274 5272
f 5398 5274 5396
f 5275 5397 5273
f 5275 5399 5397
f 5398 5276 5274
f 5400 5276 5398
f 5277 5399 5275
f 5277 5401 5399
f 5400 5278 5276
f 5402 5278 5400
f 5279 5401 5277
f 5279 5403 5401
f 5402 5280 5278
f 5404 5280 5402
f 5281 5403 5279
f 5281 5405 5403
f 5404 5282 5280
f 5406 5282 5404
f 5283 5405 5281
f 5283 5407 5405
f 5406 5284 5282
f 5408 5284 5406
f 5285 5407 5283
f 5285 5409 5407
f 5408 5286 5284
f 5410 5286 5408
f 5287 5409 5285
f 5287 5411 5409
f 5410 5288 5286
f 5412 5288 5410
f 5289 5411 5287
f 5289 5413 5411
f 5412 5290 5288
f 5414 5290 5412
f 5291 5413 5289
f 5291 5415 5413
f 5414 5292 5290
f 5416 5292 5414
f 5293 5415 5291
f 5293 5417 5415
f 5416 5294 5292
f 5418 5294 5416
f 5295 5417 5293
f 5295 5419 5417
f 5418 5296 5294
f 5420 5296 5418
f 5297 5419 5295
f 5297 5421 5419
f 5420 5298 5296
f 5422 5298 5420
f 5299 5421 5297
f 5299 5423 5421
f 5422 5300 5298
f 5424 5300 5422
f 5301 5423 5299
f 5301 5425 5423
f 5424 5302 5300
f 5426 5302 5424
f 5303 5425 5301
f 5303 5427 5425
f 5426 5304 5302
f 5428 5304 5426
f 5305 5427 5303
f 5305 5429 5427
f 5428 5306 5304
f 5430 5306 5428
f 5307 5429 5305
f 5307 5431 5429
f 5430 5308 5306
f 5432 5308 5430
f 5309 5431 5307
f 5309 5433 5431
f 5432 5310 5308
f 5434 5310 5432
f 5311 5433 5309
f 5311 5435 5433
f 5434 5312 5310
f 5436 5312 5434
f 5313 5435 5311
f 5313 5437 5435
f 5436 5314 5312
f 5438 5314 5436
f 5315 5437 5313
f 5315 5439 5437
f 5438 5316 5314
f 5440 5316 5438
f 5441 5439 5315
f 5441 5315 5317
f 5317 5318 5441
f 5441 5318 5442
f 5444 5443 5320
f 5320 5443 5319
f 5320 5316 5440
f 5320 5440 5444
f 5445 5442 5318
f 5445 5318 5321
f 5321 5322 5445
f 5445 5322 5446
f 5448 5447 5324
f 5324 5447 5323
f 5324 5319 5443
f 5324 5443 5448
f 5449 5446 5322
f 5449 5322 5325
f 5450 5325 5326
f 5450 5449 5325
f 5451 5326 5327
f 5451 5450 5326
f 5452 5327 5328
f 5452 5451 5327
f 5453 5328 5329
f 5453 5452 5328
f 5454 5329 5330
f 5454 5453 5329
f 5455 5330 5331
f 5455 5454 5330
f 5456 5331 5332
f 5456 5455 5331
f 5457 5332 5333
f 5457 5456 5332
f 5458 5333 5334
f 5458 5457 5333
f 5459 5334 5335
f 5459 5458 5334
f 5460 5335 5336
f 5460 5459 5335
f 5461 5336 5337
f 5461 5460 5336
f 5462 5337 5338
f 5462 5461 5337
f 5463 5338 5339
f 5463 5462 5338
f 5464 5339 5340
f 5464 5463 5339
f 5465 5340 5341
f 5465 5464 5340
f 5466 5341 5342
f 5466 5465 5341
f 5467 5342 5343
f 5467 5466 5342
f 5468 5343 5344
f 5468 5467 5343
f 5344 5323 5447
f 5344 5447 5468
f 5470 5469 5345
f 5470 5345 5346
f 5345 5471 5347
f 5469 5471 5345
f 5347 5472 5348
f 5471 5472 5347
f 5348 5473 5349
f 5472 5473 5348
f 5349 5474 5350
f 5473 5474 5349
f 5350 5475 5351
f 5474 5475 5350
f 5351 5476 5352
f 5475 5476 5351
f 5352 5477 5353
f 5476 5477 5352
f 5353 5478 5354
f 5477 5478 5353
f 5354 5479 5355
f 5478 5479 5354
f 5355 5480 5356
f 5479 5480 5355
f 5356 5481 5357
f 5480 5481 5356
f 5357 5482 5358
f 5481 5482 5357
f 5358 5483 5359
f 5482 5483 5358
f 5359 5484 5360
f 5483 5484 5359
f 5360 5485 5361
f 5484 5485 5360
f 5361 5486 5362
f 5485 5486 5361
f 5362 5487 5363
f 5486 5487 5362
f 5363 5488 5364
f 5487 5488 5363
f 5364 5489 5365
f 5488 5489 5364
f 5366 5365 5489
f 5366 5489 5490
f 5492 5491 5367
f 5492 5367 5368
f 5346 5367 5470
f 5470 5367 5491
f 5490 5493 5366
f 5366 5493 5369
f 5370 5369 5493
f 5370 5493 5494
f 5496 5495 5371
f 5496 5371 5372
f 5368 5371 5492
f 5492 5371 5495
f 5494 5497 5370
f 5370 5497 5373
f 5374 5373 5497
f 5374 5497 5498
f 5375 5496 5372
f 5375 5499 5496
f 5498 5376 5374
f 5500 5376 5498
f 5377 5499 5375
f 5377 5501 5499
f 5500 5378 5376
f 5502 5378 5500
f 5379 5501 5377
f 5379 5503 5501
f 5502 5380 5378
f 5504 5380 5502
f 5381 5503 5379
f 5381 5505 5503
f 5504 5382 5380
f 5506 5382 5504
f 5383 5505 5381
f 5383 5507 5505
f 5506 5384 5382
f 5508 5384 5506
f 5385 5507 5383
f 5385 5509 5507
f 5508 5386 5384
f 5510 5386 5508
f 5387 5509 5385
f 5387 5511 5509
f 5510 5388 5386
f 5512 5388 5510
f 5389 5511 5387
f 5389 5513 5511
f 5512 5390 5388
f 5514 5390 5512
f 5391 5513 5389
f 5391 5515 5513
f 5514 5392 5390
f 5516 5392 5514
f 5393 5515 5391
f 5393 5517 5515
f 5516 5394 5392
f 5518 5394 5516
f 5395 5517 5393
f 5395 5519 5517
f 5518 5396 5394
f 5520 5396 5518
f 5397 5519 5395
f 5397 5521 5519
f 5520 5398 5396
f 5522 5398 5520
f 5399 5521 5397
f 5399 5523 5521
f 5522 5400 5398
f 5524 5400 5522
f 5401 5523 5399
f 5401 5525 5523
f 5524 5402 5400
f 5526 5402 5524
f 5403 5525 5401
f 5403 5527 5525
f 5526 5404 5402
f 5528 5404 5526
f 5405 5527 5403
f 5405 5529 5527
f 5528 5406 5404
f 5530 5406 5528
f 5407 5529 5405
f 5407 5531 5529
f 5530 5408 5406
f 5532 5408 5530
f 5409 5531 5407
f 5409 5533 5531
f 5532 5410 5408
f 5534 5410 5532
f 5411 5533 5409
f 5411 5535 5533
f 5534 5412 5410
f 5536 5412 5534
f 5413 5535 5411
f 5413 5537 5535
f 5536 5414 5412
f 5538 5414 5536
f 5415 5537 5413
f 5415 5539 5537
f 5538 5416 5414
f 5540 5416 5538
f 5417 5539 5415
f 5417 5541 5539
f 5540 5418 5416
f 5542 5418 5540
f 5419 5541 5417
f 5419 5543 5541
f 5542 5420 5418
f 5544 5420 5542
f 5421 5543 5419
f 5421 5545 5543
f 5544 5422 5420
f 5546 5422 5544
f 5423 5545 5421
f 5423 5547 5545
f 5546 5424 5422
f 5548 5424 5546
f 5425 5547 5423
f 5425 5549 5547
f 5548 5426 5424
f 5550 5426 5548
f 5427 5549 5425
f 5427 5551 5549
f 5550 5428 5426
f 5552 5428 5550
f 5429 5551 5427
f 5429 5553 5551
f 5552 5430 5428
f 5554 5430 5552
f 5431 5553 5429
f 5431 5555 5553
f 5554 5432 5430
f 5556 5432 5554
f 5433 5555 5431
f 5433 5557 5555
f 5556 5434 5432
f 5558 5434 5556
f 5435 5557 5433
f 5435 5559 5557
f 5558 5436 5434
f 5560 5436 5558
f 5437 5559 5435
f 5437 5561 5559
f 5560 5438 5436
f 5562 5438 5560
f 5439 5561 5437
f 5439 5563 5561
f 5562 5440 5438
f 5564 5440 5562
f 5565 5563 5439
f 5565 5439 5441
f 5441 5442 5565
f 5565 5442 5566
f 5568 5567 5444
f 5444 5567 5443
f 5444 5440 5564
f 5444 5564 5568
f 5569 5566 5442
f 5569 5442 5445
f 5445 5446 5569
f 5569 5446 5570
f 5572 5571 5448
f 5448 5571 5447
f 5448 5443 5567
f 5448 5567 5572
f 5573 5570 5446
f 5573 5446 5449
f 5574 5449 5450
f 5574 5573 5449
f 5575 5450 5451
f 5575 5574 5450
f 5576 5451 5452
f 5576 5575 5451
f 5577 5452 5453
f 5577 5576 5452
f 5578 5453 5454
f 5578 5577 5453
f 5579 5454 5455
f 5579 5578 5454
f 5580 5455 5456
f 5580 5579 5455
f 5581 5456 5457
f 5581 5580 5456
f 5582 5457 5458
f 5582 5581 5457
f 5583 5458 5459
f 5583 5582 5458
f 5584 5459 5460
f 5584 5583 5459
f 5585 5460 5461
f 5585 5584 5460
f 5586 5461 5462
f 5586 5585 5461
f 5587 5462 5463
f 5587 5586 5462
f 5588 5463 5464
f 5588 5587 5463
f 5589 5464 5465
f 5589 5588 5464
f 5590 5465 5466
f 5590 5589 5465
f 5591 5466 5467
f 5591 5590 5466
f 5592 5467 5468
f 5592 5591 5467
f 5468 5447 5571
f 5468 5571 5592
f 5594 5593 5469
f 5594 5469 5470
f 5469 5595 5471
f 5593 5595 5469
f 5471 5596 5472
f 5595 5596 5471
f 5472 5597 5473
f 5596 5597 5472
f 5473 5598 5474
f 5597 5598 5473
f 5474 5599 5475
f 5598 5599 5474
f 5475 5600 5476
f 5599 5600 5475
f 5476 5601 5477
f 5600 5601 5476
f 5477 5602 5478
f 5601 5602 5477
f 5478 5603 5479
f 5602 5603 5478
f 5479 5604 5480
f 5603 5604 5479
f 5480 5605 5481
f 5604 5605 5480
f 5481 5606 5482
f 5605 5606 5481
f 5482 5607 5483
f 5606 5607 5482
f 5483 5608 5484
f 5607 5608 5483
f 5484 5609 5485
f 5608 5609 5484
f 5485 5610 5486
f 5609 5610 5485
f 5486 5611 5487
f 5610 5611 5486
f 5487 5612 5488
f 5611 5612 5487
f 5488 5613 5489
f 5612 5613 5488
f 5490 5489 5613
f 5490 5613 5614
f 5616 5615 5491
f 5616 5491 5492
f 5470 5491 5594
f 5594 5491 5615
f 5614 5617 5490
f 5490 5617 5493
f 5494 5493 5617
f 5494 5617 5618
f 5620 5619 5495
f 5620 5495 5496
f 5492 5495 5616
f 5616 5495 5619
f 5618 5621 5494
f 5494 5621 5497
f 5498 5497 5621
f 5498 5621 5622
f 5499 5620 5496
f 5499 5623 5620
f 5622 5500 5498
f 5624 5500 5622
f 5501 5623 5499
f 5501 5625 5623
f 5624 5502 5500
f 5626 5502 5624
f 5503 5625 5501
f 5503 5627 5625
f 5626 5504 5502
f 5628 5504 5626
f 5505 5627 5503
f 5505 5629 5627
f 5628 5506 5504
f 5630 5506 5628
f 5507 5629 5505
f 5507 5631 5629
f 5630 5508 5506
f 5632 5508 5630
f 5509 5631 5507
f 5509 5633 5631
f 5632 5510 5508
f 5634 5510 5632
f 5511 5633 5509
f 5511 5635 5633
f 5634 5512 5510
f 5636 5512 5634
f 5513 5635 5511
f 5513 5637 5635
f 5636 5514 5512
f 5638 5514 5636
f 5515 5637 5513
f 5515 5639 5637
f 5638 5516 5514
f 5640 5516 5638
f 5517 5639 5515
f 5517 5641 5639
f 5640 5518 5516
f 5642 5518 5640
f 5519 5641 5517
f 5519 5643 5641
f 5642 5520 5518
f 5644 5520 5642
f 5521 5643 5519
f 5521 5645 5643
f 5644 5522 5520
f 5646 5522 5644
f 5523 5645 5521
f 5523 5647 5645
f 5646 5524 5522
f 5648 5524 5646
f 5525 5647 5523
f 5525 5649 5647
f 5648 5526 5524
f 5650 5526 5648
f 5527 5649 5525
f 5527 5651 5649
f 5650 5528 5526
f 5652 5528 5650
f 5529 5651 5527
f 5529 5653 5651
f 5652 5530 5528
f 5654 5530 5652
f 5531 5653 5529
f 5531 5655 5653
f 5654 5532 5530
f 5656 5532 5654
f 5533 5655 5531
f 5533 5657 5655
f 5656 5534 5532
f 5658 5534 5656
f 5535 5657 5533
f 5535 5659 5657
f 5658 5536 5534
f 5660 5536 5658
f 5537 5659 5535
f 5537 5661 5659
f 5660 5538 5536
f 5662 5538 5660
f 5539 5661 5537
f 5539 5663 5661
f 5662 5540 5538
f 5664 5540 5662
f 5541 5663 5539
f 5541 5665 5663
f 5664 5542 5540
f 5666 5542 5664
f 5543 5665 5541
f 5543 5667 5665
f 5666 5544 5542
f 5668 5544 5666
f 5545 5667 5543
f 5545 5669 5667
f 5668 5546 5544
f 5670 5546 5668
f 5547 5669 5545
f 5547 5671 5669
f 5670 5548 5546
f 5672 5548 5670
f 5549 5671 5547
f 5549 5673 5671
f 5672 5550 5548
f 5674 5550 5672
f 5551 5673 5549
f 5551 5675 5673
f 5674 5552 5550
f 5676 5552 5674
f 5553 5675 5551
f 5553 5677 5675
f 5676 5554 5552
f 5678 5554 5676
f 5555 5677 5553
f 5555 5679 5677
f 5678 5556 5554
f 5680 5556 5678
f 5557 5679 5555
f 5557 5681 5679
f 5680 5558 5556
f 5682 5558 5680
f 5559 5681 5557
f 5559 5683 5681
f 5682 5560 5558
f 5684 5560 5682
f 5561 5683 5559
f 5561 5685 5683
f 5684 5562 5560
f 5686 5562 5684
f 5563 5685 5561
f 5563 5687 5685
f 5686 5564 5562
f 5688 5564 5686
f 5689 5687 5563
f 5689 5563 5565
f 5565 5566 5689
f 5689 5566 5690
f 5692 5691 5568
f 5568 5691 5567
f 5568 5564 5688
f 5568 5688 5692
f 5693 5690 5566
f 5693 5566 5569
f 5569 5570 5693
f 5693 5570 5694
f 5696 5695 5572
f 5572 5695 5571
f 5572 5567 5691
f 5572 5691 5696
f 5697 5694 5570
f 5697 5570 5573
f 5698 5573 5574
f 5698 5697 5573
f 5699 5574 5575
f 5699 5698 5574
f 5700 5575 5576
f 5700 5699 5575
f 5701 5576 5577
f 5701 5700 5576
f 5702 5577 5578
f 5702 5701 5577
f 5703 5578 5579
f 5703 5702 5578
f 5704 5579 5580
f 5704 5703 5579
f 5705 5580 5581
f 5705 5704 5580
f 5706 5581 5582
f 5706 5705 5581
f 5707 5582 5583
f 5707 5706 5582
f 5708 5583 5584
f 5708 5707 5583
f 5709 5584 5585
f 5709 5708 5584
f 5710 5585 5586
f 5710 5709 5585
f 5711 5586 5587
f 5711 5710 5586
f 5712 5587 5588
f 5712 5711 5587
f 5713 5588 5589
f 5713 5712 5588
f 5714 5589 5590
f 5714 5713 5589
f 5715 5590 5591
f 5715 5714 5590
f 5716 5591 5592
f 5716 5715 5591
f 5592 5571 5695
f 5592 5695 5716
f 5718 5717 5593
f 5718 5593 5594
f 5593 5719 5595
f 5717 5719 5593
f 5595 5720 5596
f 5719 5720 5595
f 5596 5721 5597
f 5720 5721 5596
f 5597 5722 5598
f 5721 5722 5597
f 5598 5723 5599
f 5722 5723 5598
f 5599 5724 5600
f 5723 5724 5599
f 5600 5725 5601
f 5724 5725 5600
f 5601 5726 5602
f 5725 5726 5601
f 5602 5727 5603
f 5726 5727 5602
f 5603 5728 5604
f 5727 5728 5603
f 5604 5729 5605
f 5728 5729 5604
f 5605 5730 5606
f 5729 5730 5605
f 5606 5731 5607
f 5730 5731 5606
f 5607 5732 5608
f 5731 5732 5607
f 5608 5733 5609
f 5732 5733 5608
f 5609 5734 5610
f 5733 5734 5609
f 5610 5735 5611
f 5734 5735 5610
f 5611 5736 5612
f 5735 5736 5611
f 5612 5737 5613
f 5736 5737 5612
f 5614 5613 5737
f 5614 5737 5738
f 5740 5739 5615
f 5740 5615 5616
f 5594 5615 5718
f 5718 5615 5739
f 5738 5741 5614
f 5614 5741 5617
f 5618 5617 5741
f 5618 5741 5742
f 5744 5743 5619
f 5744 5619 5620
f 5616 5619 5740
f 5740 5619 5743
f 5742 5745 5618
f 5618 5745 5621
f 5622 5621 5745
f 5622 5745 5746
f 5623 5744 5620
f 5623 5747 5744
f 5746 5624 5622
f 5748 5624 5746
f 5625 5747 5623
f 5625 5749 5747
f 5748 5626 5624
f 5750 5626 5748
f 5627 5749 5625
f 5627 5751 5749
f 5750 5628 5626
f 5752 5628 5750
f 5629 5751 5627
f 5629 5753 5751
f 5752 5630 5628
f 5754 5630 5752
f 5631 5753 5629
f 5631 5755 5753
f 5754 5632 5630
f 5756 5632 5754
f 5633 5755 5631
f 5633 5757 5755
f 5756 5634 5632
f 5758 5634 5756
f 5635 5757 5633
f 5635 5759 5757
f 5758 5636 5634
f 5760 5636 5758
f 5637 5759 5635
f 5637 5761 5759
f 5760 5638 5636
f 5762 5638 5760
f 5639 5761 5637
f 5639 5763 5761
f 5762 5640 5638
f 5764 5640 5762
f 5641 5763 5639
f 5641 5765 5763
f 5764 5642 5640
f 5766 5642 5764
f 5643 5765 5641
f 5643 5767 5765
f 5766 5644 5642
f 5768 5644 5766
f 5645 5767 5643
f 5645 5769 5767
f 5768 5646 5644
f 5770 5646 5768
f 5647 5769 5645
f 5647 5771 5769
f 5770 5648 5646
f 5772 5648 5770
f 5649 5771 5647
f 5649 5773 5771
f 5772 5650 5648
f 5774 5650 5772
f 5651 5773 5649
f 5651 5775 5773
f 5774 5652 5650
f 5776 5652 5774
f 5653 5775 5651
f 5653 5777 5775
f 5776 5654 5652
f 5778 5654 5776
f 5655 5777 5653
f 5655 5779 5777
f 5778 5656 5654
f 5780 5656 5778
f 5657 5779 5655
f 5657 5781 5779
f 5780 5658 5656
f 5782 5658 5780
f 5659 5781 5657
f 5659 5783 5781
f 5782 5660 5658
f 5784 5660 5782
f 5661 5783 5659
f 5661 5785 5783
f 5784 5662 5660
f 5786 5662 5784
f 5663 5785 5661
f 5663 5787 5785
f 5786 5664 5662
f 5788 5664 5786
f 5665 5787 5663
f 5665 5789 5787
f 5788 5666 5664
f 5790 5666 5788
f 5667 5789 5665
f 5667 5791 5789
f 5790 5668 5666
f 5792 5668 5790
f 5669 5791 5667
f 5669 5793 5791
f 5792 5670 5668
f 5794 5670 5792
f 5671 5793 5669
f 5671 5795 5793
f 5794 5672 5670
f 5796 5672 5794
f 5673 5795 5671
f 5673 5797 5795
f 5796 5674 5672
f 5798 5674 5796
f 5675 5797 5673
f 5675 5799 5797
f 5798 5676 5674
f 5800 5676 5798
f 5677 5799 5675
f 5677 5801 5799
f 5800 5678 5676
f 5802 5678 5800
f 5679 5801 5677
f 5679 5803 5801
f 5802 5680 5678
f 5804 5680 5802
f 5681 5803 5679
f 5681 5805 5803
f 5804 5682 5680
f 5806 5682 5804
f 5683 5805 5681
f 5683 5807 5805
f 5806 5684 5682
f 5808 5684 5806
f 5685 5807 5683
f 5685 5809 5807
f 5808 5686 5684
f 5810 5686 5808
f 5687 5809 5685
f 5687 5811 5809
f 5810 5688 5686
f 5812 5688 5810
f 5813 5811 5687
f 5813 5687 5689
f 5689 5690 5813
f 5813 5690 5814
f 5816 5815 5692
f 5692 5815 5691
f 5692 5688 5812
f 5692 5812 5816
f 5817 5814 5690
f 5817 5690 5693
f 5693 5694 5817
f 5817 5694 5818
f 5820 5819 5696
f 5696 5819 5695
f 5696 5691 5815
f 5696 5815 5820
f 5821 5818 5694
f 5821 5694 5697
f 5822 5697 5698
f 5822 5821 5697
f 5823 5698 5699
f 5823 5822 5698
f 5824 5699 5700
f 5824 5823 5699
f 5825 5700 5701
f 5825 5824 5700
f 5826 5701 5702
f 5826 5825 5701
f 5827 5702 5703
f 5827 5826 5702
f 5828 5703 5704
f 5828 5827 5703
f 5829 5704 5705
f 5829 5828 5704
f 5830 5705 5706
f 5830 5829 5705
f 5831 5706 5707
f 5831 5830 5706
f 5832 5707 5708
f 5832 5831 5707
f 5833 5708 5709
f 5833 5832 5708
f 5834 5709 5710
f 5834 5833 5709
f 5835 5710 5711
f 5835 5834 5710
f 5836 5711 5712
f 5836 5835 5711
f 5837 5712 5713
f 5837 5836 5712
f 5838 5713 5714
f 5838 5837 5713
f 5839 5714 5715
f 5839 5838 5714
f 5840 5715 5716
f 5840 5839 5715
f 5716 5695 5819
f 5716 5819 5840
f 5842 5841 5717
f 5842 5717 5718
f 5717 5843 5719
f 5841 5843 5717
f 5719 5844 5720
f 5843 5844 5719
f 5720 5845 5721
f 5844 5845 5720
f 5721 5846 5722
f 5845 5846 5721
f 5722 5847 5723
f 5846 5847 5722
f 5723 5848 5724
f 5847 5848 5723
f 5724 5849 5725
f 5848 5849 5724
f 5725 5850 5726
f 5849 5850 5725
f 5726 5851 5727
f 5850 5851 5726
f 5727 5852 5728
f 5851 5852 5727
f 5728 5853 5729
f 5852 5853 5728
f 5729 5854 5730
f 5853 5854 5729
f 5730 5855 5731
f 5854 5855 5730
f 5731 5856 5732
f 5855 5856 5731
f 5732 5857 5733
f 5856 5857 5732
f 5733 5858 5734
f 5857 5858 5733
f 5734 5859 5735
f 5858 5859 5734
f 5735 5860 5736
f 5859 5860 5735
f 5736 5861 5737
f 5860 5861 5736
f 5738 5737 5861
f 5738 5861 5862
f 5864 5863 5739
f 5864 5739 5740
f 5718 5739 5842
f 5842 5739 5863
f 5862 5865 5738
f 5738 5865 5741
f 5742 5741 5865
f 5742 5865 5866
f 5868 5867 5743
f 5868 5743 5744
f 5740 5743 5864
f 5864 5743 5867
f 5866 5869 5742
f 5742 5869 5745
f 5746 5745 5869
f 5746 5869 5870
f 5747 5868 5744
f 5747 5871 5868
f 5870 5748 5746
f 5872 5748 5870
f 5749 5871 5747
f 5749 5873 5871
f 5872 5750 5748
f 5874 5750 5872
f 5751 5873 5749
f 5751 5875 5873
f 5874 5752 5750
f 5876 5752 5874
f 5753 5875 5751
f 5753 5877 5875
f 5876 5754 5752
f 5878 5754 5876
f 5755 5877 5753
f 5755 5879 5877
f 5878 5756 5754
f 5880 5756 5878
f 5757 5879 5755
f 5757 5881 5879
f 5880 5758 5756
f 5882 5758 5880
f 5759 5881 5757
f 5759 5883 5881
f 5882 5760 5758
f 5884 5760 5882
f 5761 5883 5759
f 5761 5885 5883
f 5884 5762 5760
f 5886 5762 5884
f 5763 5885 5761
f 5763 5887 5885
f 5886 5764 5762
f 5888 5764 5886
f 5765 5887 5763
f 5765 5889 5887
f 5888 5766 5764
f 5890 5766 5888
f 5767 5889 5765
f 5767 5891 5889
f 5890 5768 5766
f 5892 5768 5890
f 5769 5891 5767
f 5769 5893 5891
f 5892 5770 5768
f 5894 5770 5892
f 5771 5893 5769
f 5771 5895 5893
f 5894 5772 5770
f 5896 5772 5894
f 5773 5895 5771
f 5773 5897 5895
f 5896 5774 5772
f 5898 5774 5896
f 5775 5897 5773
f 5775 5899 5897
f 5898 5776 5774
f 5900 5776 5898
f 5777 5899 5775
f 5777 5901 5899
f 5900 5778 5776
f 5902 5778 5900
f 5779 5901 5777
f 5779 5903 5901
f 5902 5780 5778
f 5904 5780 5902
f 5781 5903 5779
f 5781 5905 5903
f 5904 5782 5780
f 5906 5782 5904
f 5783 5905 5781
f 5783 5907 5905
f 5906 5784 5782
f 5908 5784 5906
f 5785 5907 5783
f 5785 5909 5907
f 5908 5786 5784
f 5910 5786 5908
f 5787 5909 5785
f 5787 5911 5909
f 5910 5788 5786
f 5912 5788 5910
f 5789 5911 5787
f 5789 5913 5911
f 5912 5790 5788
f 5914 5790 5912
f 5791 5913 5789
f 5791 5915 5913
f 5914 5792 5790
f 5916 5792 5914
f 5793 5915 5791
f 5793 5917 5915
f 5916 5794 5792
f 5918 5794 5916
f 5795 5917 5793
f 5795 5919 5917
f 5918 5796 5794
f 5920 5796 5918
f 5797 5919 5795
f 5797 5921 5919
f 5920 5798 5796
f 5922 5798 5920
f 5799 5921 5797
f 5799 5923 5921
f 5922 5800 5798
f 5924 5800 5922
f 5801 5923 5799
f 5801 5925 5923
f 5924 5802 5800
f 5926 5802 5924
f 5803 5925 5801
f 5803 5927 5925
f 5926 5804 5802
f 5928 5804 5926
f 5805 5927 5803
f 5805 5929 5927
f 5928 5806 5804
f 5930 5806 5928
f 5807 5929 5805
f 5807 5931 5929
f 5930 5808 5806
f 5932 5808 5930
f 5809 5931 5807
f 5809 5933 5931
f 5932 5810 5808
f 5934 5810 5932
f 5811 5933 5809
f 5811 5935 5933
f 5934 5812 5810
f 5936 5812 5934
f 5937 5935 5811
f 5937 5811 5813
f 5813 5814 5937
f 5937 5814 5938
f 5940 5939 5816
f 5816 5939 5815
f 5816 5812 5936
f 5816 5936 5940
f 5941 5938 5814
f 5941 5814 5817
f 5817 5818 5941
f 5941 5818 5942
f 5944 5943 5820
f 5820 5943 5819
f 5820 5815 5939
f 5820 5939 5944
f 5945 5942 5818
f 5945 5818 5821
f 5946 5821 5822
f 5946 5945 5821
f 5947 5822 5823
f 5947 5946 5822
f 5948 5823 5824
f 5948 5947 5823
f 5949 5824 5825
f 5949 5948 5824
f 5950 5825 5826
f 5950 5949 5825
f 5951 5826 5827
f 5951 5950 5826
f 5952 5827 5828
f 5952 5951 5827
f 5953 5828 5829
f 5953 5952 5828
f 5954 5829 5830
f 5954 5953 5829
f 5955 5830 5831
f 5955 5954 5830
f 5956 5831 5832
f 5956 5955 5831
f 5957 5832 5833
f 5957 5956 5832
f 5958 5833 5834
f 5958 5957 5833
f 5959 5834 5835
f 5959 5958 5834
f 5960 5835 5836
f 5960 5959 5835
f 5961 5836 5837
f 5961 5960 5836
f 5962 5837 5838
f 5962 5961 5837
f 5963 5838 5839
f 5963 5962 5838
f 5964 5839 5840
f 5964 5963 5839
f 5840 5819 5943
f 5840 5943 5964
f 5966 5965 5841
f 5966 5841 5842
f 5841 5967 5843
f 5965 5967 5841
f 5843 5968 5844
f 5967 5968 5843
f 5844 5969 5845
f 5968 5969 5844
f 5845 5970 5846
f 5969 5970 5845
f 5846 5971 5847
f 5970 5971 5846
f 5847 5972 5848
f 5971 5972 5847
f 5848 5973 5849
f 5972 5973 5848
f 5849 5974 5850
f 5973 5974 5849
f 5850 5975 5851
f 5974 5975 5850
f 5851 5976 5852
f 5975 5976 5851
f 5852 5977 5853
f 5976 5977 5852
f 5853 5978 5854
f 5977 5978 5853
f 5854 5979 5855
f 5978 5979 5854
f 5855 5980 5856
f 5979 5980 5855
f 5856 5981 5857
f 5980 5981 5856
f 5857 5982 5858
f 5981 5982 5857
f 5858 5983 5859
f 5982 5983 5858
f 5859 5984 5860
f 5983 5984 5859
f 5860 5985 5861
f 5984 5985 5860
f 5862 5861 5985
f 5862 5985 5986
f 5988 5987 5863
f 5988 5863 5864
f 5842 5863 5966
f 5966 5863 5987
f 5986 5989 5862
f 5862 5989 5865
f 5866 5865 5989
f 5866 5989 5990
f 5992 5991 5867
f 5992 5867 5868
f 5864 5867 5988
f 5988 5867 5991
f 5990 5993 5866
f 5866 5993 5869
f 5870 5869 5993
f 5870 5993 5994
f 5871 5992 5868
f 5871 5995 5992
f 5994 5872 5870
f 5996 5872 5994
f 5873 5995 5871
f 5873 5997 5995
f 5996 5874 5872
f 5998 5874 5996
f 5875 5997 5873
f 5875 5999 5997
f 5998 5876 5874
f 6000 5876 5998
f 5877 5999 5875
f 5877 6001 5999
f 6000 5878 5876
f 6002 5878 6000
f 5879 6001 5877
f 5879 6003 6001
f 6002 5880 5878
f 6004 5880 6002
f 5881 6003 5879
f 5881 6005 6003
f 6004 5882 5880
f 6006 5882 6004
f 5883 6005 5881
f 5883 6007 6005
f 6006 5884 5882
f 6008 5884 6006
f 5885 6007 5883
f 5885 6009 6007
f 6008 5886 5884
f 6010 5886 6008
f 5887 6009 5885
f 5887 6011 6009
f 6010 5888 5886
f 6012 5888 6010
f 5889 6011 5887
f 5889 6013 6011
f 6012 5890 5888
f 6014 5890 6012
f 5891 6013 5889
f 5891 6015 6013
f 6014 5892 5890
f 6016 5892 6014
f 5893 6015 5891
f 5893 6017 6015
f 6016 5894 5892
f 6018 5894 6016
f 5895 6017 5893
f 5895 6019 6017
f 6018 5896 5894
f 6020 5896 6018
f 5897 6019 5895
f 5897 6021 6019
f 6020 5898 5896
f 6022 5898 6020
f 5899 6021 5897
f 5899 6023 6021
f 6022 5900 5898
f 6024 5900 6022
f 5901 6023 5899
f 5901 6025 6023
f 6024 5902 5900
f 6026 5902 6024
f 5903 6025 5901
f 5903 6027 6025
f 6026 5904 5902
f 6028 5904 6026
f 5905 6027 5903
f 5905 6029 6027
f 6028 5906 5904
f 6030 5906 6028
f 5907 6029 5905
f 5907 6031 6029
f 6030 5908 5906
f 6032 5908 6030
f 5909 6031 5907
f 5909 6033 6031
f 6032 5910 5908
f 6034 5910 6032
f 5911 6033 5909
f 5911 6035 6033
f 6034 5912 5910
f 6036 5912 6034
f 5913 6035 5911
f 5913 6037 6035
f 6036 5914 5912
f 6038 5914 6036
f 5915 6037 5913
f 5915 6039 6037
f 6038 5916 5914
f 6040 5916 6038
f 5917 6039 5915
f 5917 6041 6039
f 6040 5918 5916
f 6042 5918 6040
f 5919 6041 5917
f 5919 6043 6041
f 6042 5920 5918
f 6044 5920 6042
f 5921 6043 5919
f 5921 6045 6043
f 6044 5922 5920
f 6046 5922 6044
f 5923 6045 5921
f 5923 6047 6045
f 6046 5924 5922
f 6048 5924 6046
f 5925 6047 5923
f 5925 6049 6047
f 6048 5926 5924
f 6050 5926 6048
f 5927 6049 5925
f 5927 6051 6049
f 6050 5928 5926
f 6052 5928 6050
f 5929 6051 5927
f 5929 6053 6051
f 6052 5930 5928
f 6054 5930 6052
f 5931 6053 5929
f 5931 6055 6053
f 6054 5932 5930
f 6056 5932 6054
f 5933 6055 5931
f 5933 6057 6055
f 6056 5934 5932
f 6058 5934 6056
f 5935 6057 5933
f 5935 6059 6057
f 6058 5936 5934
f 6060 5936 6058
f 6061 6059 5935
f 6061 5935 5937
f 5937 5938 6061
f 6061 5938 6062
f 6064 6063 5940
f 5940 6063 5939
f 5940 5936 6060
f 5940 6060 6064
f 6065 6062 5938
f 6065 5938 5941
f 5941 5942 6065
f 6065 5942 6066
f 6068 6067 5944
f 5944 6067 5943
f 5944 5939 6063
f 5944 6063 6068
f 6069 6066 5942
f 6069 5942 5945
f 6070 5945 5946
f 6070 6069 5945
f 6071 5946 5947
f 6071 6070 5946
f 6072 5947 5948
f 6072 6071 5947
f 6073 5948 5949
f 6073 6072 5948
f 6074 5949 5950
f 6074 6073 5949
f 6075 5950 5951
f 6075 6074 5950
f 6076 5951 5952
f 6076 6075 5951
f 6077 5952 5953
f 6077 6076 5952
f 6078 5953 5954
f 6078 6077 5953
f 6079 5954 5955
f 6079 6078 5954
f 6080 5955 5956
f 6080 6079 5955
f 6081 5956 5957
f 6081 6080 5956
f 6082 5957 5958
f 6082 6081 5957
f 6083 5958 5959
f 6083 6082 5958
f 6084 5959 5960
f 6084 6083 5959
f 6085 5960 5961
f 6085 6084 5960
f 6086 5961 5962
f 6086 6085 5961
f 6087 5962 5963
f 6087 6086 5962
f 6088 5963 5964
f 6088 6087 5963
f 5964 5943 6067
f 5964 6067 6088
f 6090 6089 5965
f 6090 5965 5966
f 5965 6091 5967
f 6089 6091 5965
f 5967 6092 5968
f 6091 6092 5967
f 5968 6093 5969
f 6092 6093 5968
f 5969 6094 5970
f 6093 6094 5969
f 5970 6095 5971
f 6094 6095 5970
f 5971 6096 5972
f 6095 6096 5971
f 5972 6097 5973
f 6096 6097 5972
f 5973 6098 5974
f 6097 6098 5973
f 5974 6099 5975
f 6098 6099 5974
f 5975 6100 5976
f 6099 6100 5975
f 5976 6101 5977
f 6100 6101 5976
f 5977 6102 5978
f 6101 6102 5977
f 5978 6103 5979
f 6102 6103 5978
f 5979 6104 5980
f 6103 6104 5979
f 5980 6105 5981
f 6104 6105 5980
f 5981 6106 5982
f 6105 6106 5981
f 5982 6107 5983
f 6106 6107 5982
f 5983 6108 5984
f 6107 6108 5983
f 5984 6109 5985
f 6108 6109 5984
f 5986 5985 6109
f 5986 6109 6110
f 6112 6111 5987
f 6112 5987 5988
f 5966 5987 6090
f 6090 5987 6111
f 6110 6113 5986
f 5986 6113 5989
f 5990 5989 6113
f 5990 6113 6114
f 6116 6115 5991
f 6116 5991 5992
f 5988 5991 6112
f 6112 5991 6115
f 6114 6117 5990
f 5990 6117 5993
f 5994 5993 6117
f 5994 6117 6118
f 5995 6116 5992
f 5995 6119 6116
f 6118 5996 5994
f 6120 5996 6118
f 5997 6119 5995
f 5997 6121 6119
f 6120 5998 5996
f 6122 5998 6120
f 5999 6121 5997
f 5999 6123 6121
f 6122 6000 5998
f 6124 6000 6122
f 6001 6123 5999
f 6001 6125 6123
f 6124 6002 6000
f 6126 6002 6124
f 6003 6125 6001
f 6003 6127 6125
f 6126 6004 6002
f 6128 6004 6126
f 6005 6127 6003
f 6005 6129 6127
f 6128 6006 6004
f 6130 6006 6128
f 6007 6129 6005
f 6007 6131 6129
f 6130 6008 6006
f 6132 6008 6130
f 6009 6131 6007
f 6009 6133 6131
f 6132 6010 6008
f 6134 6010 6132
f 6011 6133 6009
f 6011 6135 6133
f 6134 6012 6010
f 6136 6012 6134
f 6013 6135 6011
f 6013 6137 6135
f 6136 6014 6012
f 6138 6014 6136
f 6015 6137 6013
f 6015 6139 6137
f 6138 6016 6014
f 6140 6016 6138
f 6017 6139 6015
f 6017 6141 6139
f 6140 6018 6016
f 6142 6018 6140
f 6019 6141 6017
f 6019 6143 6141
f 6142 6020 6018
f 6144 6020 6142
f 6021 6143 6019
f 6021 6145 6143
f 6144 6022 6020
f 6146 6022 6144
f 6023 6145 6021
f 6023 6147 6145
f 6146 6024 6022
f 6148 6024 6146
f 6025 6147 6023
f 6025 6149 6147
f 6148 6026 6024
f 6150 6026 6148
f 6027 6149 6025
f 6027 6151 6149
f 6150 6028 6026
f 6152 6028 6150
f 6029 6151 6027
f 6029 6153 6151
f 6152 6030 6028
f 6154 6030 6152
f 6031 6153 6029
f 6031 6155 6153
f 6154 6032 6030
f 6156 6032 6154
f 6033 6155 6031
f 6033 6157 6155
f 6156 6034 6032
f 6158 6034 6156
f 6035 6157 6033
f 6035 6159 6157
f 6158 6036 6034
f 6160 6036 6158
f 6037 6159 6035
f 6037 6161 6159
f 6160 6038 6036
f 6162 6038 6160
f 6039 6161 6037
f 6039 6163 6161
f 6162 6040 6038
f 6164 6040 6162
f 6041 6163 6039
f 6041 6165 6163
f 6164 6042 6040
f 6166 6042 6164
f 6043 6165 6041
f 6043 6167 6165
f 6166 6044 6042
f 6168 6044 6166
f 6045 6167 6043
f 6045 6169 6167
f 6168 6046 6044
f 6170 6046 6168
f 6047 6169 6045
f 6047 6171 6169
f 6170 6048 6046
f 6172 6048 6170
f 6049 6171 6047
f 6049 6173 6171
f 6172 6050 6048
f 6174 6050 6172
f 6051 6173 6049
f 6051 6175 6173
f 6174 6052 6050
f 6176 6052 6174
f 6053 6175 6051
f 6053 6177 6175
f 6176 6054 6052
f 6178 6054 6176
f 6055 6177 6053
f 6055 6179 6177
f 6178 6056 6054
f 6180 6056 6178
f 6057 6179 6055
f 6057 6181 6179
f 6180 6058 6056
f 6182 6058 6180
f 6059 6181 6057
f 6059 6183 6181
f 6182 6060 6058
f 6184 6060 6182
f 6185 6183 6059
f 6185 6059 6061
f 6061 6062 6185
f 6185 6062 6186
f 6188 6187 6064
f 6064 6187 6063
f 6064 6060 6184
f 6064 6184 6188
f 6189 6186 6062
f 6189 6062 6065
f 6065 6066 6189
f 6189 6066 6190
f 6192 6191 6068
f 6068 6191 6067
f 6068 6063 6187
f 6068 6187 6192
f 6193 6190 6066
f 6193 6066 6069
f 6194 6069 6070
f 6194 6193 6069
f 6195 6070 6071
f 6195 6194 6070
f 6196 6071 6072
f 6196 6195 6071
f 6197 6072 6073
f 6197 6196 6072
f 6198 6073 6074
f 6198 6197 6073
f 6199 6074 6075
f 6199 6198 6074
f 6200 6075 6076
f 6200 6199 6075
f 6201 6076 6077
f 6201 6200 6076
f 6202 6077 6078
f 6202 6201 6077
f 6203 6078 6079
f 6203 6202 6078
f 6204 6079 6080
f 6204 6203 6079
f 6205 6080 6081
f 6205 6204 6080
f 6206 6081 6082
f 6206 6205 6081
f 6207 6082 6083
f 6207 6206 6082
f 6208 6083 6084
f 6208 6207 6083
f 6209 6084 6085
f 6209 6208 6084
f 6210 6085 6086
f 6210 6209 6085
f 6211 6086 6087
f 6211 6210 6086
f 6212 6087 6088
f 6212 6211 6087
f 6088 6067 6191
f 6088 6191 6212
f 6214 6213 6089
f 6214 6089 6090
f 6089 6215 6091
f 6213 6215 6089
f 6091 6216 6092
f 6215 6216 6091
f 6092 6217 6093
f 6216 6217 6092
f 6093 6218 6094
f 6217 6218 6093
f 6094 6219 6095
f 6218 6219 6094
f 6095 6220 6096
f 6219 6220 6095
f 6096 6221 6097
f 6220 6221 6096
f 6097 6222 6098
f 6221 6222 6097
f 6098 6223 6099
f 6222 6223 6098
f 6099 6224 6100
f 6223 6224 6099
f 6100 6225 6101
f 6224 6225 6100
f 6101 6226 6102
f 6225 6226 6101
f 6102 6227 6103
f 6226 6227 6102
f 6103 6228 6104
f 6227 6228 6103
f 6104 6229 6105
f 6228 6229 6104
f 6105 6230 6106
f 6229 6230 6105
f 6106 6231 6107
f 6230 6231 6106
f 6107 6232 6108
f 6231 6232 6107
f 6108 6233 6109
f 6232 6233 6108
f 6110 6109 6233
f 6110 6233 6234
f 6236 6235 6111
f 6236 6111 6112
f 6090 6111 6214
f 6214 6111 6235
f 6234 6237 6110
f 6110 6237 6113
f 6114 6113 6237
f 6114 6237 6238
f 6240 6239 6115
f 6240 6115 6116
f 6112 6115 6236
f 6236 6115 6239
f 6238 6241 6114
f 6114 6241 6117
f 6118 6117 6241
f 6118 6241 6242
f 6119 6240 6116
f 6119 6243 6240
f 6242 6120 6118
f 6244 6120 6242
f 6121 6243 6119
f 6121 6245 6243
f 6244 6122 6120
f 6246 6122 6244
f 6123 6245 6121
f 6123 6247 6245
f 6246 6124 6122
f 6248 6124 6246
f 6125 6247 6123
f 6125 6249 6247
f 6248 6126 6124
f 6250 6126 6248
f 6127 6249 6125
f 6127 6251 6249
f 6250 6128 6126
f 6252 6128 6250
f 6129 6251 6127
f 6129 6253 6251
f 6252 6130 6128
f 6254 6130 6252
f 6131 6253 6129
f 6131 6255 6253
f 6254 6132 6130
f 6256 6132 6254
f 6133 6255 6131
f 6133 6257 6255
f 6256 6134 6132
f 6258 6134 6256
f 6135 6257 6133
f 6135 6259 6257
f 6258 6136 6134
f 6260 6136 6258
f 6137 6259 6135
f 6137 6261 6259
f 6260 6138 6136
f 6262 6138 6260
f 6139 6261 6137
f 6139 6263 6261
f 6262 6140 6138
f 6264 6140 6262
f 6141 6263 6139
f 6141 6265 6263
f 6264 6142 6140
f 6266 6142 6264
f 6143 6265 6141
f 6143 6267 6265
f 6266 6144 6142
f 6268 6144 6266
f 6145 6267 6143
f 6145 6269 6267
f 6268 6146 6144
f 6270 6146 6268
f 6147 6269 6145
f 6147 6271 6269
f 6270 6148 6146
f 6272 6148 6270
f 6149 6271 6147
f 6149 6273 6271
f 6272 6150 6148
f 6274 6150 6272
f 6151 6273 6149
f 6151 6275 6273
f 6274 6152 6150
f 6276 6152 6274
f 6153 6275 6151
f 6153 6277 6275
f 6276 6154 6152
f 6278 6154 6276
f 6155 6277 6153
f 6155 6279 6277
f 6278 6156 6154
f 6280 6156 6278
f 6157 6279 6155
f 6157 6281 6279
f 6280 6158 6156
f 6282 6158 6280
f 6159 6281 6157
f 6159 6283 6281
f 6282 6160 6158
f 6284 6160 6282
f 6161 6283 6159
f 6161 6285 6283
f 6284 6162 6160
f 6286 6162 6284
f 6163 6285 6161
f 6163 6287 6285
f 6286 6164 6162
f 6288 6164 6286
f 6165 6287 6163
f 6165 6289 6287
f 6288 6166 6164
f 6290 6166 6288
f 6167 6289 6165
f 6167 6291 6289
f 6290 6168 6166
f 6292 6168 6290
f 6169 6291 6167
f 6169 6293 6291
f 6292 6170 6168
f 6294 6170 6292
f 6171 6293 6169
f 6171 6295 6293
f 6294 6172 6170
f 6296 6172 6294
f 6173 6295 6171
f 6173 6297 6295
f 6296 6174 6172
f 6298 6174 6296
f 6175 6297 6173
f 6175 6299 6297
f 6298 6176 6174
f 6300 6176 6298
f 6177 6299 6175
f 6177 6301 6299
f 6300 6178 6176
f 6302 6178 6300
f 6179 6301 6177
f 6179 6303 6301
f 6302 6180 6178
f 6304 6180 6302
f 6181 6303 6179
f 6181 6305 6303
f 6304 6182 6180
f 6306 6182 6304
f 6183 6305 6181
f 6183 6307 6305
f 6306 6184 6182
f 6308 6184 6306
f 6309 6307 6183
f 6309 6183 6185
f 6185 6186 6309
f 6309 6186 6310
f 6312 6311 6188
f 6188 6311 6187
f 6188 6184 6308
f 6188 6308 6312
f 6313 6310 6186
f 6313 6186 6189
f 6189 6190 6313
f 6313 6190 6314
f 6316 6315 6192
f 6192 6315 6191
f 6192 6187 6311
f 6192 6311 6316
f 6317 6314 6190
f 6317 6190 6193
f 6318 6193 6194
f 6318 6317 6193
f 6319 6194 6195
f 6319 6318 6194
f 6320 6195 6196
f 6320 6319 6195
f 6321 6196 6197
f 6321 6320 6196
f 6322 6197 6198
f 6322 6321 6197
f 6323 6198 6199
f 6323 6322 6198
f 6324 6199 6200
f 6324 6323 6199
f 6325 6200 6201
f 6325 6324 6200
f 6326 6201 6202
f 6326 6325 6201
f 6327 6202 6203
f 6327 6326 6202
f 6328 6203 6204
f 6328 6327 6203
f 6329 6204 6205
f 6329 6328 6204
f 6330 6205 6206
f 6330 6329 6205
f 6331 6206 6207
f 6331 6330 6206
f 6332 6207 6208
f 6332 6331 6207
f 6333 6208 6209
f 6333 6332 6208
f 6334 6209 6210
f 6334 6333 6209
f 6335 6210 6211
f 6335 6334 6210
f 6336 6211 6212
f 6336 6335 6211
f 6212 6191 6315
f 6212 6315 6336
f 6338 6337 6213
f 6338 6213 6214
f 6213 6339 6215
f 6337 6339 6213
f 6215 6340 6216
f 6339 6340 6215
f 6216 6341 6217
f 6340 6341 6216
f 6217 6342 6218
f 6341 6342 6217
f 6218 6343 6219
f 6342 6343 6218
f 6219 6344 6220
f 6343 6344 6219
f 6220 6345 6221
f 6344 6345 6220
f 6221 6346 6222
f 6345 6346 6221
f 6222 6347 6223
f 6346 6347 6222
f 6223 6348 6224
f 6347 6348 6223
f 6224 6349 6225
f 6348 6349 6224
f 6225 6350 6226
f 6349 6350 6225
f 6226 6351 6227
f 6350 6351 6226
f 6227 6352 6228
f 6351 6352 6227
f 6228 6353 6229
f 6352 6353 6228
f 6229 6354 6230
f 6353 6354 6229
f 6230 6355 6231
f 6354 6355 6230
f 6231 6356 6232
f 6355 6356 6231
f 6232 6357 6233
f 6356 6357 6232
f 6234 6233 6357
f 6234 6357 6358
f 6360 6359 6235
f 6360 6235 6236
f 6214 6235 6338
f 6338 6235 6359
f 6358 6361 6234
f 6234 6361 6237
f 6238 6237 6361
f 6238 6361 6362
f 6364 6363 6239
f 6364 6239 6240
f 6236 6239 6360
f 6360 6239 6363
f 6362 6365 6238
f 6238 6365 6241
f 6242 6241 6365
f 6242 6365 6366
f 6243 6364 6240
f 6243 6367 6364
f 6366 6244 6242
f 6368 6244 6366
f 6245 6367 6243
f 6245 6369 6367
f 6368 6246 6244
f 6370 6246 6368
f 6247 6369 6245
f 6247 6371 6369
f 6370 6248 6246
f 6372 6248 6370
f 6249 6371 6247
f 6249 6373 6371
f 6372 6250 6248
f 6374 6250 6372
f 6251 6373 6249
f 6251 6375 6373
f 6374 6252 6250
f 6376 6252 6374
f 6253 6375 6251
f 6253 6377 6375
f 6376 6254 6252
f 6378 6254 6376
f 6255 6377 6253
f 6255 6379 6377
f 6378 6256 6254
f 6380 6256 6378
f 6257 6379 6255
f 6257 6381 6379
f 6380 6258 6256
f 6382 6258 6380
f 6259 6381 6257
f 6259 6383 6381
f 6382 6260 6258
f 6384 6260 6382
f 6261 6383 6259
f 6261 6385 6383
f 6384 6262 6260
f 6386 6262 6384
f 6263 6385 6261
f 6263 6387 6385
f 6386 6264 6262
f 6388 6264 6386
f 6265 6387 6263
f 6265 6389 6387
f 6388 6266 6264
f 6390 6266 6388
f 6267 6389 6265
f 6267 6391 6389
f 6390 6268 6266
f 6392 6268 6390
f 6269 6391 6267
f 6269 6393 6391
f 6392 6270 6268
f 6394 6270 6392
f 6271 6393 6269
f 6271 6395 6393
f 6394 6272 6270
f 6396 6272 6394
f 6273 6395 6271
f 6273 6397 6395
f 6396 6274 6272
f 6398 6274 6396
f 6275 6397 6273
f 6275 6399 6397
f 6398 6276 6274
f 6400 6276 6398
f 6277 6399 6275
f 6277 6401 6399
f 6400 6278 6276
f 6402 6278 6400
f 6279 6401 6277
f 6279 6403 6401
f 6402 6280 6278
f 6404 6280 6402
f 6281 6403 6279
f 6281 6405 6403
f 6404 6282 6280
f 6406 6282 6404
f 6283 6405 6281
f 6283 6407 6405
f 6406 6284 6282
f 6408 6284 6406
f 6285 6407 6283
f 6285 6409 6407
f 6408 6286 6284
f 6410 6286 6408
f 6287 6409 6285
f 6287 6411 6409
f 6410 6288 6286
f 6412 6288 6410
f 6289 6411 6287
f 6289 6413 6411
f 6412 6290 6288
f 6414 6290 6412
f 6291 6413 6289
f 6291 6415 6413
f 6414 6292 6290
f 6416 6292 6414
f 6293 6415 6291
f 6293 6417 6415
f 6416 6294 6292
f 6418 6294 6416
f 6295 6417 6293
f 6295 6419 6417
f 6418 6296 6294
f 6420 6296 6418
f 6297 6419 6295
f 6297 6421 6419
f 6420 6298 6296
f 6422 6298 6420
f 6299 6421 6297
f 6299 6423 6421
f 6422 6300 6298
f 6424 6300 6422
f 6301 6423 6299
f 6301 6425 6423
f 6424 6302 6300
f 6426 6302 6424
f 6303 6425 6301
f 6303 6427 6425
f 6426 6304 6302
f 6428 6304 6426
f 6305 6427 6303
f 6305 6429 6427
f 6428 6306 6304
f 6430 6306 6428
f 6307 6429 6305
f 6307 6431 6429
f 6430 6308 6306
f 6432 6308 6430
f 6433 6431 6307
f 6433 6307 6309
f 6309 6310 6433
f 6433 6310 6434
f 6436 6435 6312
f 6312 6435 6311
f 6312 6308 6432
f 6312 6432 6436
f 6437 6434 6310
f 6437 6310 6313
f 6313 6314 6437
f 6437 6314 6438
f 6440 6439 6316
f 6316 6439 6315
f 6316 6311 6435
f 6316 6435 6440
f 6441 6438 6314
f 6441 6314 6317
f 6442 6317 6318
f 6442 6441 6317
f 6443 6318 6319
f 6443 6442 6318
f 6444 6319 6320
f 6444 6443 6319
f 6445 6320 6321
f 6445 6444 6320
f 6446 6321 6322
f 6446 6445 6321
f 6447 6322 6323
f 6447 6446 6322
f 6448 6323 6324
f 6448 6447 6323
f 6449 6324 6325
f 6449 6448 6324
f 6450 6325 6326
f 6450 6449 6325
f 6451 6326 6327
f 6451 6450 6326
f 6452 6327 6328
f 6452 6451 6327
f 6453 6328 6329
f 6453 6452 6328
f 6454 6329 6330
f 6454 6453 6329
f 6455 6330 6331
f 6455 6454 6330
f 6456 6331 6332
f 6456 6455 6331
f 6457 6332 6333
f 6457 6456 6332
f 6458 6333 6334
f 6458 6457 6333
f 6459 6334 6335
f 6459 6458 6334
f 6460 6335 6336
f 6460 6459 6335
f 6336 6315 6439
f 6336 6439 6460
f 6462 6461 6337
f 6462 6337 6338
f 6337 6463 6339
f 6461 6463 6337
f 6339 6464 6340
f 6463 6464 6339
f 6340 6465 6341
f 6464 6465 6340
f 6341 6466 6342
f 6465 6466 6341
f 6342 6467 6343
f 6466 6467 6342
f 6343 6468 6344
f 6467 6468 6343
f 6344 6469 6345
f 6468 6469 6344
f 6345 6470 6346
f 6469 6470 6345
f 6346 6471 6347
f 6470 6471 6346
f 6347 6472 6348
f 6471 6472 6347
f 6348 6473 6349
f 6472 6473 6348
f 6349 6474 6350
f 6473 6474 6349
f 6350 6475 6351
f 6474 6475 6350
f 6351 6476 6352
f 6475 6476 6351
f 6352 6477 6353
f 6476 6477 6352
f 6353 6478 6354
f 6477 6478 6353
f 6354 6479 6355
f 6478 6479 6354
f 6355 6480 6356
f 6479 6480 6355
f 6356 6481 6357
f 6480 6481 6356
f 6358 6357 6481
f 6358 6481 6482
f 6484 6483 6359
f 6484 6359 6360
f 6338 6359 6462
f 6462 6359 6483
f 6482 6485 6358
f 6358 6485 6361
f 6362 6361 6485
f 6362 6485 6486
f 6488 6487 6363
f 6488 6363 6364
f 6360 6363 6484
f 6484 6363 6487
f 6486 6489 6362
f 6362 6489 6365
f 6366 6365 6489
f 6366 6489 6490
f 6367 6488 6364
f 6367 6491 6488
f 6490 6368 6366
f 6492 6368 6490
f 6369 6491 6367
f 6369 6493 6491
f 6492 6370 6368
f 6494 6370 6492
f 6371 6493 6369
f 6371 6495 6493
f 6494 6372 6370
f 6496 6372 6494
f 6373 6495 6371
f 6373 6497 6495
f 6496 6374 6372
f 6498 6374 6496
f 6375 6497 6373
f 6375 6499 6497
f 6498 6376 6374
f 6500 6376 6498
f 6377 6499 6375
f 6377 6501 6499
f 6500 6378 6376
f 6502 6378 6500
f 6379 6501 6377
f 6379 6503 6501
f 6502 6380 6378
f 6504 6380 6502
f 6381 6503 6379
f 6381 6505 6503
f 6504 6382 6380
f 6506 6382 6504
f 6383 6505 6381
f 6383 6507 6505
f 6506 6384 6382
f 6508 6384 6506
f 6385 6507 6383
f 6385 6509 6507
f 6508 6386 6384
f 6510 6386 6508
f 6387 6509 6385
f 6387 6511 6509
f 6510 6388 6386
f 6512 6388 6510
f 6389 6511 6387
f 6389 6513 6511
f 6512 6390 6388
f 6514 6390 6512
f 6391 6513 6389
f 6391 6515 6513
f 6514 6392 6390
f 6516 6392 6514
f 6393 6515 6391
f 6393 6517 6515
f 6516 6394 6392
f 6518 6394 6516
f 6395 6517 6393
f 6395 6519 6517
f 6518 6396 6394
f 6520 6396 6518
f 6397 6519 6395
f 6397 6521 6519
f 6520 6398 6396
f 6522 6398 6520
f 6399 6521 6397
f 6399 6523 6521
f 6522 6400 6398
f 6524 6400 6522
f 6401 6523 6399
f 6401 6525 6523
f 6524 6402 6400
f 6526 6402 6524
f 6403 6525 6401
f 6403 6527 6525
f 6526 6404 6402
f 6528 6404 6526
f 6405 6527 6403
f 6405 6529 6527
f 6528 6406 6404
f 6530 6406 6528
f 6407 6529 6405
f 6407 6531 6529
f 6530 6408 6406
f 6532 6408 6530
f 6409 6531 6407
f 6409 6533 6531
f 6532 6410 6408
f 6534 6410 6532
f 6411 6533 6409
f 6411 6535 6533
f 6534 6412 6410
f 6536 6412 6534
f 6413 6535 6411
f 6413 6537 6535
f 6536 6414 6412
f 6538 6414 6536
f 6415 6537 6413
f 6415 6539 6537
f 6538 6416 6414
f 6540 6416 6538
f 6417 6539 6415
f 6417 6541 6539
f 6540 6418 6416
f 6542 6418 6540
f 6419 6541 6417
f 6419 6543 6541
f 6542 6420 6418
f 6544 6420 6542
f 6421 6543 6419
f 6421 6545 6543
f 6544 6422 6420
f 6546 6422 6544
f 6423 6545 6421
f 6423 6547 6545
f 6546 6424 6422
f 6548 6424 6546
f 6425 6547 6423
f 6425 6549 6547
f 6548 6426 6424
f 6550 6426 6548
f 6427 6549 6425
f 6427 6551 6549
f 6550 6428 6426
f 6552 6428 6550
f 6429 6551 6427
f 6429 6553 6551
f 6552 6430 6428
f 6554 6430 6552
f 6431 6553 6429
f 6431 6555 6553
f 6554 6432 6430
f 6556 6432 6554
f 6557 6555 6431
f 6557 6431 6433
f 6433 6434 6557
f 6557 6434 6558
f 6560 6559 6436
f 6436 6559 6435
f 6436 6432 6556
f 6436 6556 6560
f 6561 6558 6434
f 6561 6434 6437
f 6437 6438 6561
f 6561 6438 6562
f 6564 6563 6440
f 6440 6563 6439
f 6440 6435 6559
f 6440 6559 6564
f 6565 6562 6438
f 6565 6438 6441
f 6566 6441 6442
f 6566 6565 6441
f 6567 6442 6443
f 6567 6566 6442
f 6568 6443 6444
f 6568 6567 6443
f 6569 6444 6445
f 6569 6568 6444
f 6570 6445 6446
f 6570 6569 6445
f 6571 6446 6447
f 6571 6570 6446
f 6572 6447 6448
f 6572 6571 6447
f 6573 6448 6449
f 6573 6572 6448
f 6574 6449 6450
f 6574 6573 6449
f 6575 6450 6451
f 6575 6574 6450
f 6576 6451 6452
f 6576 6575 6451
f 6577 6452 6453
f 6577 6576 6452
f 6578 6453 6454
f 6578 6577 6453
f 6579 6454 6455
f 6579 6578 6454
f 6580 6455 6456
f 6580 6579 6455
f 6581 6456 6457
f 6581 6580 6456
f 6582 6457 6458
f 6582 6581 6457
f 6583 6458 6459
f 6583 6582 6458
f 6584 6459 6460
f 6584 6583 6459
f 6460 6439 6563
f 6460 6563 6584
f 6586 6585 6461
f 6586 6461 6462
f 6461 6587 6463
f 6585 6587 6461
f 6463 6588 6464
f 6587 6588 6463
f 6464 6589 6465
f 6588 6589 6464
f 6465 6590 6466
f 6589 6590 6465
f 6466 6591 6467
f 6590 6591 6466
f 6467 6592 6468
f 6591 6592 6467
f 6468 6593 6469
f 6592 6593 6468
f 6469 6594 6470
f 6593 6594 6469
f 6470 6595 6471
f 6594 6595 6470
f 6471 6596 6472
f 6595 6596 6471
f 6472 6597 6473
f 6596 6597 6472
f 6473 6598 6474
f 6597 6598 6473
f 6474 6599 6475
f 6598 6599 6474
f 6475 6600 6476
f 6599 6600 6475
f 6476 6601 6477
f 6600 6601 6476
f 6477 6602 6478
f 6601 6602 6477
f 6478 6603 6479
f 6602 6603 6478
f 6479 6604 6480
f 6603 6604 6479
f 6480 6605 6481
f 6604 6605 6480
f 6482 6481 6605
f 6482 6605 6606
f 6608 6607 6483
f 6608 6483 6484
f 6462 6483 6586
f 6586 6483 6607
f 6606 6609 6482
f 6482 6609 6485
f 6486 6485 6609
f 6486 6609 6610
f 6612 6611 6487
f 6612 6487 6488
f 6484 6487 6608
f 6608 6487 6611
f 6610 6613 6486
f 6486 6613 6489
f 6490 6489 6613
f 6490 6613 6614
f 6491 6612 6488
f 6491 6615 6612
f 6614 6492 6490
f 6616 6492 6614
f 6493 6615 6491
f 6493 6617 6615
f 6616 6494 6492
f 6618 6494 6616
f 6495 6617 6493
f 6495 6619 6617
f 6618 6496 6494
f 6620 6496 6618
f 6497 6619 6495
f 6497 6621 6619
f 6620 6498 6496
f 6622 6498 6620
f 6499 6621 6497
f 6499 6623 6621
f 6622 6500 6498
f 6624 6500 6622
f 6501 6623 6499
f 6501 6625 6623
f 6624 6502 6500
f 6626 6502 6624
f 6503 6625 6501
f 6503 6627 6625
f 6626 6504 6502
f 6628 6504 6626
f 6505 6627 6503
f 6505 6629 6627
f 6628 6506 6504
f 6630 6506 6628
f 6507 6629 6505
f 6507 6631 6629
f 6630 6508 6506
f 6632 6508 6630
f 6509 6631 6507
f 6509 6633 6631
f 6632 6510 6508
f 6634 6510 6632
f 6511 6633 6509
f 6511 6635 6633
f 6634 6512 6510
f 6636 6512 6634
f 6513 6635 6511
f 6513 6637 6635
f 6636 6514 6512
f 6638 6514 6636
f 6515 6637 6513
f 6515 6639 6637
f 6638 6516 6514
f 6640 6516 6638
f 6517 6639 6515
f 6517 6641 6639
f 6640 6518 6516
f 6642 6518 6640
f 6519 6641 6517
f 6519 6643 6641
f 6642 6520 6518
f 6644 6520 6642
f 6521 6643 6519
f 6521 6645 6643
f 6644 6522 6520
f 6646 6522 6644
f 6523 6645 6521
f 6523 6647 6645
f 6646 6524 6522
f 6648 6524 6646
f 6525 6647 6523
f 6525 6649 6647
f 6648 6526 6524
f 6650 6526 6648
f 6527 6649 6525
f 6527 6651 6649
f 6650 6528 6526
f 6652 6528 6650
f 6529 6651 6527
f 6529 6653 6651
f 6652 6530 6528
f 6654 6530 6652
f 6531 6653 6529
f 6531 6655 6653
f 6654 6532 6530
f 6656 6532 6654
f 6533 6655 6531
f 6533 6657 6655
f 6656 6534 6532
f 6658 6534 6656
f 6535 6657 6533
f 6535 6659 6657
f 6658 6536 6534
f 6660 6536 6658
f 6537 6659 6535
f 6537 6661 6659
f 6660 6538 6536
f 6662 6538 6660
f 6539 6661 6537
f 6539 6663 6661
f 6662 6540 6538
f 6664 6540 6662
f 6541 6663 6539
f 6541 6665 6663
f 6664 6542 6540
f 6666 6542 6664
f 6543 6665 6541
f 6543 6667 6665
f 6666 6544 6542
f 6668 6544 6666
f 6545 6667 6543
f 6545 6669 6667
f 6668 6546 6544
f 6670 6546 6668
f 6547 6669 6545
f 6547 6671 6669
f 6670 6548 6546
f 6672 6548 6670
f 6549 6671 6547
f 6549 6673 6671
f 6672 6550 6548
f 6674 6550 6672
f 6551 6673 6549
f 6551 6675 6673
f 6674 6552 6550
f 6676 6552 6674
f 6553 6675 6551
f 6553 6677 6675
f 6676 6554 6552
f 6678 6554 6676
f 6555 6677 6553
f 6555 6679 6677
f 6678 6556 6554
f 6680 6556 6678
f 6681 6679 6555
f 6681 6555 6557
f 6557 6558 6681
f 6681 6558 6682
f 6684 6683 6560
f 6560 6683 6559
f 6560 6556 6680
f 6560 6680 6684
f 6685 6682 6558
f 6685 6558 6561
f 6561 6562 6685
f 6685 6562 6686
f 6688 6687 6564
f 6564 6687 6563
f 6564 6559 6683
f 6564 6683 6688
f 6689 6686 6562
f 6689 6562 6565
f 6690 6565 6566
f 6690 6689 6565
f 6691 6566 6567
f 6691 6690 6566
f 6692 6567 6568
f 6692 6691 6567
f 6693 6568 6569
f 6693 6692 6568
f 6694 6569 6570
f 6694 6693 6569
f 6695 6570 6571
f 6695 6694 6570
f 6696 6571 6572
f 6696 6695 6571
f 6697 6572 6573
f 6697 6696 6572
f 6698 6573 6574
f 6698 6697 6573
f 6699 6574 6575
f 6699 6698 6574
f 6700 6575 6576
f 6700 6699 6575
f 6701 6576 6577
f 6701 6700 6576
f 6702 6577 6578
f 6702 6701 6577
f 6703 6578 6579
f 6703 6702 6578
f 6704 6579 6580
f 6704 6703 6579
f 6705 6580 6581
f 6705 6704 6580
f 6706 6581 6582
f 6706 6705 6581
f 6707 6582 6583
f 6707 6706 6582
f 6708 6583 6584
f 6708 6707 6583
f 6584 6563 6687
f 6584 6687 6708
f 6586 6709 6585
f 6585 6709 6710
f 6711 6585 6710
f 6587 6585 6711
f 6587 6712 6588
f 6711 6712 6587
f 6588 6713 6589
f 6712 6713 6588
f 6589 6714 6590
f 6713 6714 6589
f 6590 6715 6591
f 6714 6715 6590
f 6591 6716 6592
f 6715 6716 6591
f 6592 6717 6593
f 6716 6717 6592
f 6593 6718 6594
f 6717 6718 6593
f 6594 6719 6595
f 6718 6719 6594
f 6595 6720 6596
f 6719 6720 6595
f 6596 6721 6597
f 6720 6721 6596
f 6597 6722 6598
f 6721 6722 6597
f 6598 6723 6599
f 6722 6723 6598
f 6599 6724 6600
f 6723 6724 6599
f 6600 6725 6601
f 6724 6725 6600
f 6601 6726 6602
f 6725 6726 6601
f 6602 6727 6603
f 6726 6727 6602
f 6603 6728 6604
f 6727 6728 6603
f 6728 6730 6729
f 6605 6728 6729
f 6604 6728 6605
f 6729 6606 6605
f 6732 6731 6607
f 6732 6607 6608
f 6586 6607 6709
f 6607 6733 6709
f 6607 6731 6733
f 6709 6733 6710
f 6730 6734 6729
f 6729 6734 6606
f 6734 6609 6606
f 6734 6735 6609
f 6610 6609 6735
f 6610 6735 6736
f 6738 6737 6611
f 6738 6611 6612
f 6608 6611 6732
f 6732 6611 6737
f 6736 6739 6610
f 6610 6739 6613
f 6614 6613 6739
f 6614 6739 6740
f 6615 6738 6612
f 6615 6741 6738
f 6740 6616 6614
f 6742 6616 6740
f 6617 6741 6615
f 6617 6743 6741
f 6742 6618 6616
f 6744 6618 6742
f 6619 6743 6617
f 6619 6745 6743
f 6744 6620 6618
f 6746 6620 6744
f 6621 6745 6619
f 6621 6747 6745
f 6746 6622 6620
f 6748 6622 6746
f 6623 6747 6621
f 6623 6749 6747
f 6748 6624 6622
f 6750 6624 6748
f 6625 6749 6623
f 6625 6751 6749
f 6750 6626 6624
f 6752 6626 6750
f 6627 6751 6625
f 6627 6753 6751
f 6752 6628 6626
f 6754 6628 6752
f 6629 6753 6627
f 6629 6755 6753
f 6754 6630 6628
f 6756 6630 6754
f 6631 6755 6629
f 6631 6757 6755
f 6756 6632 6630
f 6758 6632 6756
f 6633 6757 6631
f 6633 6759 6757
f 6758 6634 6632
f 6760 6634 6758
f 6635 6759 6633
f 6635 6761 6759
f 6760 6636 6634
f 6762 6636 6760
f 6637 6761 6635
f 6637 6763 6761
f 6762 6638 6636
f 6764 6638 6762
f 6639 6763 6637
f 6639 6765 6763
f 6764 6640 6638
f 6766 6640 6764
f 6641 6765 6639
f 6641 6767 6765
f 6766 6642 6640
f 6768 6642 6766
f 6643 6767 6641
f 6643 6769 6767
f 6768 6644 6642
f 6770 6644 6768
f 6645 6769 6643
f 6645 6771 6769
f 6770 6646 6644
f 6772 6646 6770
f 6647 6771 6645
f 6647 6773 6771
f 6772 6648 6646
f 6774 6648 6772
f 6649 6773 6647
f 6649 6775 6773
f 6774 6650 6648
f 6776 6650 6774
f 6651 6775 6649
f 6651 6777 6775
f 6776 6652 6650
f 6778 6652 6776
f 6653 6777 6651
f 6653 6779 6777
f 6778 6654 6652
f 6780 6654 6778
f 6655 6779 6653
f 6655 6781 6779
f 6780 6656 6654
f 6782 6656 6780
f 6657 6781 6655
f 6657 6783 6781
f 6782 6658 6656
f 6784 6658 6782
f 6659 6783 6657
f 6659 6785 6783
f 6784 6660 6658
f 6786 6660 6784
f 6661 6785 6659
f 6661 6787 6785
f 6786 6662 6660
f 6788 6662 6786
f 6663 6787 6661
f 6663 6789 6787
f 6788 6664 6662
f 6790 6664 6788
f 6665 6789 6663
f 6665 6791 6789
f 6790 6666 6664
f 6792 6666 6790
f 6667 6791 6665
f 6667 6793 6791
f 6792 6668 6666
f 6794 6668 6792
f 6669 6793 6667
f 6669 6795 6793
f 6794 6670 6668
f 6796 6670 6794
f 6671 6795 6669
f 6671 6797 6795
f 6796 6672 6670
f 6798 6672 6796
f 6673 6797 6671
f 6673 6799 6797
f 6798 6674 6672
f 6800 6674 6798
f 6675 6799 6673
f 6675 6801 6799
f 6800 6676 6674
f 6802 6676 6800
f 6677 6801 6675
f 6677 6803 6801
f 6802 6678 6676
f 6804 6678 6802
f 6679 6803 6677
f 6679 6805 6803
f 6804 6680 6678
f 6806 6680 6804
f 6807 6805 6679
f 6807 6679 6681
f 6681 6682 6807
f 6807 6682 6808
f 6810 6809 6684
f 6684 6809 6683
f 6684 6680 6806
f 6684 6806 6810
f 6811 6808 6682
f 6811 6682 6685
f 6813 6812 6686
f 6812 6685 6686
f 6812 6811 6685
f 6813 6814 6812
f 6817 6816 6815
f 6687 6688 6815
f 6688 6817 6815
f 6688 6818 6817
f 6688 6683 6809
f 6688 6809 6818
f 6689 6813 6686
f 6819 6814 6813
f 6689 6819 6813
f 6690 6819 6689
f 6820 6690 6691
f 6820 6819 6690
f 6821 6691 6692
f 6821 6820 6691
f 6822 6692 6693
f 6822 6821 6692
f 6823 6693 6694
f 6823 6822 6693
f 6824 6694 6695
f 6824 6823 6694
f 6825 6695 6696
f 6825 6824 6695
f 6826 6696 6697
f 6826 6825 6696
f 6827 6697 6698
f 6827 6826 6697
f 6828 6698 6699
f 6828 6827 6698
f 6829 6699 6700
f 6829 6828 6699
f 6830 6700 6701
f 6830 6829 6700
f 6831 6701 6702
f 6831 6830 6701
f 6832 6702 6703
f 6832 6831 6702
f 6833 6703 6704
f 6833 6832 6703
f 6834 6704 6705
f 6834 6833 6704
f 6835 6705 6706
f 6835 6834 6705
f 6836 6706 6707
f 6836 6835 6706
f 6708 6815 6816
f 6836 6708 6816
f 6707 6708 6836
f 6815 6708 6687
f 6710 6837 6711
f 6838 6712 6711
f 6838 6711 6837
f 6839 6713 6712
f 6839 6712 6838
f 6840 6714 6713
f 6840 6713 6839
f 6841 6715 6714
f 6841 6714 6840
f 6842 6716 6715
f 6842 6715 6841
f 6843 6717 6716
f 6843 6716 6842
f 6844 6718 6717
f 6844 6717 6843
f 6845 6719 6718
f 6845 6718 6844
f 6846 6720 6719
f 6846 6719 6845
f 6847 6721 6720
f 6847 6720 6846
f 6848 6722 6721
f 6848 6721 6847
f 6849 6723 6722
f 6849 6722 6848
f 6850 6724 6723
f 6850 6723 6849
f 6851 6725 6724
f 6851 6724 6850
f 6852 6726 6725
f 6852 6725 6851
f 6853 6727 6726
f 6853 6726 6852
f 6854 6728 6727
f 6854 6727 6853
f 6854 6730 6728
f 6732 6855 6731
f 6731 6855 6856
f 6857 6731 6856
f 6733 6731 6857
f 6710 6733 6837
f 6733 6858 6837
f 6733 6857 6858
f 6837 6858 6838
f 6838 6858 6859
f 6838 6859 6839
f 6839 6859 6860
f 6839 6860 6840
f 6840 6860 6861
f 6840 6861 6841
f 6841 6861 6862
f 6841 6862 6842
f 6842 6862 6863
f 6842 6863 6843
f 6843 6863 6864
f 6843 6864 6844
f 6844 6864 6865
f 6844 6865 6845
f 6845 6865 6866
f 6845 6866 6846
f 6846 6866 6867
f 6846 6867 6847
f 6847 6867 6868
f 6847 6868 6848
f 6848 6868 6869
f 6848 6869 6849
f 6849 6869 6870
f 6849 6870 6850
f 6850 6870 6871
f 6850 6871 6851
f 6851 6871 6872
f 6851 6872 6852
f 6852 6872 6873
f 6852 6873 6853
f 6853 6873 6874
f 6853 6874 6854
f 6854 6874 6875
f 6854 6875 6730
f 6875 6734 6730
f 6875 6876 6734
f 6876 6878 6877
f 6735 6876 6877
f 6734 6876 6735
f 6877 6736 6735
f 6738 6879 6737
f 6879 6880 6737
f 6737 6880 6732
f 6880 6881 6732
f 6881 6855 6732
f 6855 6881 6856
f 6878 6882 6877
f 6882 6884 6883
f 6882 6883 6739
f 6877 6882 6739
f 6736 6877 6739
f 6883 6740 6739
f 6886 6885 6879
f 6738 6886 6879
f 6741 6886 6738
f 6879 6885 6880
f 6884 6887 6883
f 6740 6883 6887
f 6888 6740 6887
f 6742 6740 6888
f 6743 6886 6741
f 6743 6889 6886
f 6888 6744 6742
f 6890 6744 6888
f 6745 6889 6743
f 6745 6891 6889
f 6890 6746 6744
f 6892 6746 6890
f 6747 6891 6745
f 6747 6893 6891
f 6892 6748 6746
f 6894 6748 6892
f 6749 6893 6747
f 6749 6895 6893
f 6894 6750 6748
f 6896 6750 6894
f 6751 6895 6749
f 6751 6897 6895
f 6896 6752 6750
f 6898 6752 6896
f 6753 6897 6751
f 6753 6899 6897
f 6898 6754 6752
f 6900 6754 6898
f 6755 6899 6753
f 6755 6901 6899
f 6900 6756 6754
f 6902 6756 6900
f 6757 6901 6755
f 6757 6903 6901
f 6902 6758 6756
f 6904 6758 6902
f 6759 6903 6757
f 6759 6905 6903
f 6904 6760 6758
f 6906 6760 6904
f 6761 6905 6759
f 6761 6907 6905
f 6906 6762 6760
f 6908 6762 6906
f 6763 6907 6761
f 6763 6909 6907
f 6908 6764 6762
f 6910 6764 6908
f 6765 6909 6763
f 6765 6911 6909
f 6910 6766 6764
f 6912 6766 6910
f 6767 6911 6765
f 6767 6913 6911
f 6912 6768 6766
f 6914 6768 6912
f 6769 6913 6767
f 6769 6915 6913
f 6914 6770 6768
f 6916 6770 6914
f 6771 6915 6769
f 6771 6917 6915
f 6916 6772 6770
f 6918 6772 6916
f 6773 6917 6771
f 6773 6919 6917
f 6918 6774 6772
f 6920 6774 6918
f 6775 6919 6773
f 6775 6921 6919
f 6920 6776 6774
f 6922 6776 6920
f 6777 6921 6775
f 6777 6923 6921
f 6922 6778 6776
f 6924 6778 6922
f 6779 6923 6777
f 6779 6925 6923
f 6924 6780 6778
f 6926 6780 6924
f 6781 6925 6779
f 6781 6927 6925
f 6926 6782 6780
f 6928 6782 6926
f 6783 6927 6781
f 6783 6929 6927
f 6928 6784 6782
f 6930 6784 6928
f 6785 6929 6783
f 6785 6931 6929
f 6930 6786 6784
f 6932 6786 6930
f 6787 6931 6785
f 6787 6933 6931
f 6932 6788 6786
f 6934 6788 6932
f 6789 6933 6787
f 6789 6935 6933
f 6934 6790 6788
f 6936 6790 6934
f 6791 6935 6789
f 6791 6937 6935
f 6936 6792 6790
f 6938 6792 6936
f 6793 6937 6791
f 6793 6939 6937
f 6938 6794 6792
f 6940 6794 6938
f 6795 6939 6793
f 6795 6941 6939
f 6940 6796 6794
f 6942 6796 6940
f 6797 6941 6795
f 6797 6943 6941
f 6942 6798 6796
f 6944 6798 6942
f 6799 6943 6797
f 6799 6945 6943
f 6944 6800 6798
f 6946 6800 6944
f 6801 6945 6799
f 6801 6947 6945
f 6946 6802 6800
f 6948 6802 6946
f 6803 6947 6801
f 6803 6949 6947
f 6948 6804 6802
f 6950 6804 6948
f 6805 6952 6951
f 6949 6805 6951
f 6803 6805 6949
f 6952 6953 6951
f 6956 6955 6954
f 6950 6956 6954
f 6806 6950 6954
f 6804 6950 6806
f 6807 6952 6805
f 6958 6957 6808
f 6808 6957 6807
f 6957 6953 6807
f 6953 6952 6807
f 6958 6959 6957
f 6962 6961 6960
f 6962 6960 6955
f 6955 6960 6954
f 6960 6809 6954
f 6809 6810 6954
f 6954 6810 6806
f 6811 6958 6808
f 6963 6959 6958
f 6811 6963 6958
f 6812 6963 6811
f 6965 6964 6814
f 6964 6812 6814
f 6964 6963 6812
f 6967 6966 6965
f 6965 6966 6964
f 6969 6968 6967
f 6967 6968 6966
f 6971 6970 6969
f 6969 6970 6968
f 6973 6972 6971
f 6971 6972 6970
f 6975 6974 6973
f 6973 6974 6972
f 6977 6976 6975
f 6975 6976 6974
f 6979 6978 6977
f 6977 6978 6976
f 6981 6980 6979
f 6979 6980 6978
f 6983 6982 6981
f 6981 6982 6980
f 6985 6984 6983
f 6983 6984 6982
f 6987 6986 6985
f 6985 6986 6984
f 6989 6988 6987
f 6987 6988 6986
f 6991 6990 6989
f 6989 6990 6988
f 6993 6992 6991
f 6991 6992 6990
f 6995 6994 6993
f 6993 6994 6992
f 6997 6996 6995
f 6995 6996 6994
f 6999 6998 6997
f 6997 6998 6996
f 6816 6817 6999
f 6817 6998 6999
f 6817 7000 6998
f 6818 6960 6961
f 7000 6818 6961
f 6817 6818 7000
f 6960 6818 6809
f 6819 6965 6814
f 6965 6819 6820
f 6965 6820 6967
f 6967 6820 6821
f 6967 6821 6969
f 6969 6821 6822
f 6969 6822 6971
f 6971 6822 6823
f 6971 6823 6973
f 6973 6823 6824
f 6973 6824 6975
f 6975 6824 6825
f 6975 6825 6977
f 6977 6825 6826
f 6977 6826 6979
f 6979 6826 6827
f 6979 6827 6981
f 6981 6827 6828
f 6981 6828 6983
f 6983 6828 6829
f 6983 6829 6985
f 6985 6829 6830
f 6985 6830 6987
f 6987 6830 6831
f 6987 6831 6989
f 6989 6831 6832
f 6989 6832 6991
f 6991 6832 6833
f 6991 6833 6993
f 6993 6833 6834
f 6993 6834 6995
f 6995 6834 6835
f 6995 6835 6997
f 6997 6835 6836
f 6997 6836 6999
f 6999 6836 6816
f 6856 7001 6857
f 7002 6858 6857
f 7002 6857 7001
f 7003 6859 6858
f 7003 6858 7002
f 7004 6860 6859
f 7004 6859 7003
f 7005 6861 6860
f 7005 6860 7004
f 7006 6862 6861
f 7006 6861 7005
f 7007 6863 6862
f 7007 6862 7006
f 7008 6864 6863
f 7008 6863 7007
f 7009 6865 6864
f 7009 6864 7008
f 7010 6866 6865
f 7010 6865 7009
f 7011 6867 6866
f 7011 6866 7010
f 7012 6868 6867
f 7012 6867 7011
f 7013 6869 6868
f 7013 6868 7012
f 7014 6870 6869
f 7014 6869 7013
f 7015 6871 6870
f 7015 6870 7014
f 7016 6872 6871
f 7016 6871 7015
f 7017 6873 6872
f 7017 6872 7016
f 7018 6874 6873
f 7018 6873 7017
f 7019 6875 6874
f 7019 6874 7018
f 7020 6876 6875
f 7020 6875 7019
f 7020 6878 6876
f 6880 7021 6881
f 7021 7022 6881
f 6881 7022 6856
f 7022 7023 6856
f 7023 7001 6856
f 7001 7023 7002
f 7002 7023 7024
f 7002 7024 7003
f 7003 7024 7025
f 7003 7025 7004
f 7004 7025 7026
f 7004 7026 7005
f 7005 7026 7027
f 7005 7027 7006
f 7006 7027 7028
f 7006 7028 7007
f 7007 7028 7029
f 7007 7029 7008
f 7008 7029 7030
f 7008 7030 7009
f 7009 7030 7031
f 7009 7031 7010
f 7010 7031 7032
f 7010 7032 7011
f 7011 7032 7033
f 7011 7033 7012
f 7012 7033 7034
f 7012 7034 7013
f 7013 7034 7035
f 7013 7035 7014
f 7014 7035 7036
f 7014 7036 7015
f 7015 7036 7037
f 7015 7037 7016
f 7016 7037 7038
f 7016 7038 7017
f 7017 7038 7039
f 7017 7039 7018
f 7018 7039 7040
f 7018 7040 7019
f 7019 7040 7041
f 7019 7041 7020
f 7020 7041 7042
f 7042 7044 7043
f 7042 7043 6882
f 7020 7042 6882
f 6878 7020 6882
f 7043 6884 6882
f 6886 7045 6885
f 7021 6880 6885
f 7045 7021 6885
f 7046 7021 7045
f 7022 7021 7047
f 7047 7021 7046
f 7043 7044 7048
f 7048 7044 7049
f 7050 6887 6884
f 7043 7050 6884
f 7048 7050 7043
f 7050 6888 6887
f 6889 7051 7045
f 6889 7045 6886
f 7045 7052 7046
f 7045 7051 7052
f 7047 7046 7053
f 7053 7046 7052
f 7048 7049 7054
f 7054 7049 7055
f 7048 7056 7050
f 7048 7054 7056
f 7056 6890 6888
f 7056 6888 7050
f 6891 7057 7051
f 6891 7051 6889
f 7051 7058 7052
f 7051 7057 7058
f 7053 7052 7059
f 7059 7052 7058
f 7054 7055 7060
f 7060 7055 7061
f 7054 7062 7056
f 7054 7060 7062
f 7062 6892 6890
f 7062 6890 7056
f 6893 7063 7057
f 6893 7057 6891
f 7057 7064 7058
f 7057 7063 7064
f 7059 7058 7065
f 7065 7058 7064
f 7060 7061 7066
f 7066 7061 7067
f 7060 7068 7062
f 7060 7066 7068
f 7068 6894 6892
f 7068 6892 7062
f 6895 7069 7063
f 6895 7063 6893
f 7063 7070 7064
f 7063 7069 7070
f 7065 7064 7071
f 7071 7064 7070
f 7066 7067 7072
f 7072 7067 7073
f 7066 7074 7068
f 7066 7072 7074
f 7074 6896 6894
f 7074 6894 7068
f 6897 7075 7069
f 6897 7069 6895
f 7069 7076 7070
f 7069 7075 7076
f 7071 7070 7077
f 7077 7070 7076
f 7072 7073 7078
f 7078 7073 7079
f 7072 7080 7074
f 7072 7078 7080
f 7080 6898 6896
f 7080 6896 7074
f 6899 7081 7075
f 6899 7075 6897
f 7075 7082 7076
f 7075 7081 7082
f 7077 7076 7083
f 7083 7076 7082
f 7078 7079 7084
f 7084 7079 7085
f 7078 7086 7080
f 7078 7084 7086
f 7086 6900 6898
f 7086 6898 7080
f 6901 7087 7081
f 6901 7081 6899
f 7081 7088 7082
f 7081 7087 7088
f 7083 7082 7089
f 7089 7082 7088
f 7084 7085 7090
f 7090 7085 7091
f 7084 7092 7086
f 7084 7090 7092
f 7092 6902 6900
f 7092 6900 7086
f 6903 7093 7087
f 6903 7087 6901
f 7087 7094 7088
f 7087 7093 7094
f 7089 7088 7095
f 7095 7088 7094
f 7090 7091 7096
f 7096 7091 7097
f 7090 7098 7092
f 7090 7096 7098
f 7098 6904 6902
f 7098 6902 7092
f 6905 7099 7093
f 6905 7093 6903
f 7093 7100 7094
f 7093 7099 7100
f 7095 7094 7101
f 7101 7094 7100
f 7096 7097 7102
f 7102 7097 7103
f 7096 7104 7098
f 7096 7102 7104
f 7104 6906 6904
f 7104 6904 7098
f 6907 7105 7099
f 6907 7099 6905
f 7099 7106 7100
f 7099 7105 7106
f 7101 7100 7107
f 7107 7100 7106
f 7102 7103 7108
f 7108 7103 7109
f 7102 7110 7104
f 7102 7108 7110
f 7110 6908 6906
f 7110 6906 7104
f 6909 7111 7105
f 6909 7105 6907
f 7105 7112 7106
f 7105 7111 7112
f 7107 7106 7113
f 7113 7106 7112
f 7108 7109 7114
f 7114 7109 7115
f 7108 7116 7110
f 7108 7114 7116
f 7116 6910 6908
f 7116 6908 7110
f 6911 7117 7111
f 6911 7111 6909
f 7111 7118 7112
f 7111 7117 7118
f 7113 7112 7119
f 7119 7112 7118
f 7114 7115 7120
f 7120 7115 7121
f 7114 7122 7116
f 7114 7120 7122
f 7122 6912 6910
f 7122 6910 7116
f 6913 7123 7117
f 6913 7117 6911
f 7117 7124 7118
f 7117 7123 7124
f 7119 7118 7125
f 7125 7118 7124
f 7120 7121 7126
f 7126 7121 7127
f 7120 7128 7122
f 7120 7126 7128
f 7128 6914 6912
f 7128 6912 7122
f 6915 7129 7123
f 6915 7123 6913
f 7123 7130 7124
f 7123 7129 7130
f 7125 7124 7131
f 7131 7124 7130
f 7126 7127 7132
f 7132 7127 7133
f 7126 7134 7128
f 7126 7132 7134
f 7134 6916 6914
f 7134 6914 7128
f 6917 7135 7129
f 6917 7129 6915
f 7129 7136 7130
f 7129 7135 7136
f 7131 7130 7137
f 7137 7130 7136
f 7132 7133 7138
f 7138 7133 7139
f 7132 7140 7134
f 7132 7138 7140
f 7140 6918 6916
f 7140 6916 7134
f 6919 7141 7135
f 6919 7135 6917
f 7135 7142 7136
f 7135 7141 7142
f 7137 7136 7143
f 7143 7136 7142
f 7138 7139 7144
f 7144 7139 7145
f 7138 7146 7140
f 7138 7144 7146
f 7146 6920 6918
f 7146 6918 7140
f 6921 7147 7141
f 6921 7141 6919
f 7141 7148 7142
f 7141 7147 7148
f 7143 7142 7149
f 7149 7142 7148
f 7144 7145 7150
f 7150 7145 7151
f 7144 7152 7146
f 7144 7150 7152
f 7152 6922 6920
f 7152 6920 7146
f 6923 7153 7147
f 6923 7147 6921
f 7147 7154 7148
f 7147 7153 7154
f 7149 7148 7155
f 7155 7148 7154
f 7150 7151 7156
f 7156 7151 7157
f 7150 7158 7152
f 7150 7156 7158
f 7158 6924 6922
f 7158 6922 7152
f 6925 7159 7153
f 6925 7153 6923
f 7153 7160 7154
f 7153 7159 7160
f 7155 7154 7161
f 7161 7154 7160
f 7156 7157 7162
f 7162 7157 7163
f 7156 7164 7158
f 7156 7162 7164
f 7164 6926 6924
f 7164 6924 7158
f 6927 7165 7159
f 6927 7159 6925
f 7159 7166 7160
f 7159 7165 7166
f 7161 7160 7167
f 7167 7160 7166
f 7162 7163 7168
f 7168 7163 7169
f 7162 7170 7164
f 7162 7168 7170
f 7170 6928 6926
f 7170 6926 7164
f 6929 7171 7165
f 6929 7165 6927
f 7165 7172 7166
f 7165 7171 7172
f 7167 7166 7173
f 7173 7166 7172
f 7168 7169 7174
f 7174 7169 7175
f 7168 7176 7170
f 7168 7174 7176
f 7176 6930 6928
f 7176 6928 7170
f 6931 7177 7171
f 6931 7171 6929
f 7171 7178 7172
f 7171 7177 7178
f 7173 7172 7179
f 7179 7172 7178
f 7174 7175 7180
f 7180 7175 7181
f 7174 7182 7176
f 7174 7180 7182
f 7182 6932 6930
f 7182 6930 7176
f 6933 7183 7177
f 6933 7177 6931
f 7177 7184 7178
f 7177 7183 7184
f 7179 7178 7185
f 7185 7178 7184
f 7180 7181 7186
f 7186 7181 7187
f 7180 7188 7182
f 7180 7186 7188
f 7188 6934 6932
f 7188 6932 7182
f 6935 7189 7183
f 6935 7183 6933
f 7183 7190 7184
f 7183 7189 7190
f 7185 7184 7191
f 7191 7184 7190
f 7186 7187 7192
f 7192 7187 7193
f 7186 7194 7188
f 7186 7192 7194
f 7194 6936 6934
f 7194 6934 7188
f 6937 7195 7189
f 6937 7189 6935
f 7189 7196 7190
f 7189 7195 7196
f 7191 7190 7197
f 7197 7190 7196
f 7192 7193 7198
f 7198 7193 7199
f 7192 7200 7194
f 7192 7198 7200
f 7200 6938 6936
f 7200 6936 7194
f 6939 7201 7195
f 6939 7195 6937
f 7195 7202 7196
f 7195 7201 7202
f 7197 7196 7203
f 7203 7196 7202
f 7198 7199 7204
f 7204 7199 7205
f 7198 7206 7200
f 7198 7204 7206
f 7206 6940 6938
f 7206 6938 7200
f 6941 7207 7201
f 6941 7201 6939
f 7201 7208 7202
f 7201 7207 7208
f 7203 7202 7209
f 7209 7202 7208
f 7204 7205 7210
f 7210 7205 7211
f 7204 7212 7206
f 7204 7210 7212
f 7212 6942 6940
f 7212 6940 7206
f 6943 7213 7207
f 6943 7207 6941
f 7207 7214 7208
f 7207 7213 7214
f 7209 7208 7215
f 7215 7208 7214
f 7210 7211 7216
f 7216 7211 7217
f 7210 7218 7212
f 7210 7216 7218
f 7218 6944 6942
f 7218 6942 7212
f 6945 7219 7213
f 6945 7213 6943
f 7213 7220 7214
f 7213 7219 7220
f 7215 7214 7221
f 7221 7214 7220
f 7216 7217 7222
f 7222 7217 7223
f 7216 7224 7218
f 7216 7222 7224
f 7224 6946 6944
f 7224 6944 7218
f 6947 7225 7219
f 6947 7219 6945
f 7219 7226 7220
f 7219 7225 7226
f 7221 7220 7227
f 7227 7220 7226
f 7222 7223 7228
f 7228 7223 7229
f 7222 7230 7224
f 7222 7228 7230
f 7230 6948 6946
f 7230 6946 7224
f 6949 7231 7225
f 6949 7225 6947
f 7225 7232 7226
f 7225 7231 7232
f 7227 7226 7233
f 7233 7226 7232
f 7228 7229 7234
f 7234 7229 7235
f 7228 7236 7230
f 7228 7234 7236
f 7236 6950 6948
f 7236 6948 7230
f 6951 7231 6949
f 7231 6951 6953
f 7237 7231 6953
f 7232 7231 7237
f 7233 7232 7238
f 7238 7232 7237
f 7234 7235 7239
f 7239 7235 7240
f 7239 6955 6956
f 7236 7239 6956
f 7234 7239 7236
f 7236 6956 6950
f 6957 7237 6953
f 7242 7241 6959
f 6959 7241 6957
f 7241 7238 6957
f 7238 7237 6957
f 7244 7243 7242
f 7242 7243 7241
f 7246 7245 7244
f 7244 7245 7243
f 7248 7247 7246
f 7246 7247 7245
f 7250 7249 7248
f 7248 7249 7247
f 7252 7251 7250
f 7250 7251 7249
f 7254 7253 7252
f 7252 7253 7251
f 7256 7255 7254
f 7254 7255 7253
f 7258 7257 7256
f 7256 7257 7255
f 7260 7259 7258
f 7258 7259 7257
f 7262 7261 7260
f 7260 7261 7259
f 7264 7263 7262
f 7262 7263 7261
f 7266 7265 7264
f 7264 7265 7263
f 7268 7267 7266
f 7266 7267 7265
f 7270 7269 7268
f 7268 7269 7267
f 7272 7271 7270
f 7270 7271 7269
f 7274 7273 7272
f 7272 7273 7271
f 7276 7275 7274
f 7274 7275 7273
f 7278 7277 7276
f 7276 7277 7275
f 7280 7279 7278
f 7278 7279 7277
f 7279 7280 7240
f 7240 7280 7239
f 7280 6961 7239
f 6961 6962 7239
f 7239 6962 6955
f 6963 7242 6959
f 7242 6963 6964
f 7242 6964 7244
f 7244 6964 6966
f 7244 6966 7246
f 7246 6966 6968
f 7246 6968 7248
f 7248 6968 6970
f 7248 6970 7250
f 7250 6970 6972
f 7250 6972 7252
f 7252 6972 6974
f 7252 6974 7254
f 7254 6974 6976
f 7254 6976 7256
f 7256 6976 6978
f 7256 6978 7258
f 7258 6978 6980
f 7258 6980 7260
f 7260 6980 6982
f 7260 6982 7262
f 7262 6982 6984
f 7262 6984 7264
f 7264 6984 6986
f 7264 6986 7266
f 7266 6986 6988
f 7266 6988 7268
f 7268 6988 6990
f 7268 6990 7270
f 7270 6990 6992
f 7270 6992 7272
f 7272 6992 6994
f 7272 6994 7274
f 7274 6994 6996
f 7274 6996 7276
f 7276 6996 6998
f 7276 6998 7278
f 7278 6998 7000
f 7278 7000 7280
f 7280 7000 6961
f 7022 7281 7023
f 7282 7024 7023
f 7282 7023 7281
f 7283 7025 7024
f 7283 7024 7282
f 7284 7026 7025
f 7284 7025 7283
f 7285 7027 7026
f 7285 7026 7284
f 7286 7028 7027
f 7286 7027 7285
f 7287 7029 7028
f 7287 7028 7286
f 7288 7030 7029
f 7288 7029 7287
f 7289 7031 7030
f 7289 7030 7288
f 7290 7032 7031
f 7290 7031 7289
f 7291 7033 7032
f 7291 7032 7290
f 7292 7034 7033
f 7292 7033 7291
f 7293 7035 7034
f 7293 7034 7292
f 7294 7036 7035
f 7294 7035 7293
f 7295 7037 7036
f 7295 7036 7294
f 7296 7038 7037
f 7296 7037 7295
f 7297 7039 7038
f 7297 7038 7296
f 7298 7040 7039
f 7298 7039 7297
f 7299 7041 7040
f 7299 7040 7298
f 7300 7042 7041
f 7300 7041 7299
f 7300 7044 7042
f 7047 7301 7281
f 7047 7281 7022
f 7281 7302 7282
f 7281 7301 7302
f 7282 7303 7283
f 7282 7302 7303
f 7283 7304 7284
f 7283 7303 7304
f 7284 7305 7285
f 7284 7304 7305
f 7285 7306 7286
f 7285 7305 7306
f 7286 7307 7287
f 7286 7306 7307
f 7287 7308 7288
f 7287 7307 7308
f 7288 7309 7289
f 7288 7308 7309
f 7289 7310 7290
f 7289 7309 7310
f 7290 7311 7291
f 7290 7310 7311
f 7291 7312 7292
f 7291 7311 7312
f 7292 7313 7293
f 7292 7312 7313
f 7293 7314 7294
f 7293 7313 7314
f 7294 7315 7295
f 7294 7314 7315
f 7295 7316 7296
f 7295 7315 7316
f 7296 7317 7297
f 7296 7316 7317
f 7297 7318 7298
f 7297 7317 7318
f 7298 7319 7299
f 7298 7318 7319
f 7299 7320 7300
f 7299 7319 7320
f 7320 7049 7044
f 7320 7044 7300
f 7053 7321 7301
f 7053 7301 7047
f 7301 7322 7302
f 7301 7321 7322
f 7302 7323 7303
f 7302 7322 7323
f 7303 7324 7304
f 7303 7323 7324
f 7304 7325 7305
f 7304 7324 7325
f 7305 7326 7306
f 7305 7325 7326
f 7306 7327 7307
f 7306 7326 7327
f 7307 7328 7308
f 7307 7327 7328
f 7308 7329 7309
f 7308 7328 7329
f 7309 7330 7310
f 7309 7329 7330
f 7310 7331 7311
f 7310 7330 7331
f 7311 7332 7312
f 7311 7331 7332
f 7312 7333 7313
f 7312 7332 7333
f 7313 7334 7314
f 7313 7333 7334
f 7314 7335 7315
f 7314 7334 7335
f 7315 7336 7316
f 7315 7335 7336
f 7316 7337 7317
f 7316 7336 7337
f 7317 7338 7318
f 7317 7337 7338
f 7318 7339 7319
f 7318 7338 7339
f 7319 7340 7320
f 7319 7339 7340
f 7340 7055 7049
f 7340 7049 7320
f 7059 7341 7321
f 7059 7321 7053
f 7321 7342 7322
f 7321 7341 7342
f 7322 7343 7323
f 7322 7342 7343
f 7323 7344 7324
f 7323 7343 7344
f 7324 7345 7325
f 7324 7344 7345
f 7325 7346 7326
f 7325 7345 7346
f 7326 7347 7327
f 7326 7346 7347
f 7327 7348 7328
f 7327 7347 7348
f 7328 7349 7329
f 7328 7348 7349
f 7329 7350 7330
f 7329 7349 7350
f 7330 7351 7331
f 7330 7350 7351
f 7331 7352 7332
f 7331 7351 7352
f 7332 7353 7333
f 7332 7352 7353
f 7333 7354 7334
f 7333 7353 7354
f 7334 7355 7335
f 7334 7354 7355
f 7335 7356 7336
f 7335 7355 7356
f 7336 7357 7337
f 7336 7356 7357
f 7337 7358 7338
f 7337 7357 7358
f 7338 7359 7339
f 7338 7358 7359
f 7339 7360 7340
f 7339 7359 7360
f 7360 7061 7055
f 7360 7055 7340
f 7065 7361 7341
f 7065 7341 7059
f 7341 7362 7342
f 7341 7361 7362
f 7342 7363 7343
f 7342 7362 7363
f 7343 7364 7344
f 7343 7363 7364
f 7344 7365 7345
f 7344 7364 7365
f 7345 7366 7346
f 7345 7365 7366
f 7346 7367 7347
f 7346 7366 7367
f 7347 7368 7348
f 7347 7367 7368
f 7348 7369 7349
f 7348 7368 7369
f 7349 7370 7350
f 7349 7369 7370
f 7350 7371 7351
f 7350 7370 7371
f 7351 7372 7352
f 7351 7371 7372
f 7352 7373 7353
f 7352 7372 7373
f 7353 7374 7354
f 7353 7373 7374
f 7354 7375 7355
f 7354 7374 7375
f 7355 7376 7356
f 7355 7375 7376
f 7356 7377 7357
f 7356 7376 7377
f 7357 7378 7358
f 7357 7377 7378
f 7358 7379 7359
f 7358 7378 7379
f 7359 7380 7360
f 7359 7379 7380
f 7380 7067 7061
f 7380 7061 7360
f 7071 7381 7361
f 7071 7361 7065
f 7361 7382 7362
f 7361 7381 7382
f 7362 7383 7363
f 7362 7382 7383
f 7363 7384 7364
f 7363 7383 7384
f 7364 7385 7365
f 7364 7384 7385
f 7365 7386 7366
f 7365 7385 7386
f 7366 7387 7367
f 7366 7386 7387
f 7367 7388 7368
f 7367 7387 7388
f 7368 7389 7369
f 7368 7388 7389
f 7369 7390 7370
f 7369 7389 7390
f 7370 7391 7371
f 7370 7390 7391
f 7371 7392 7372
f 7371 7391 7392
f 7372 7393 7373
f 7372 7392 7393
f 7373 7394 7374
f 7373 7393 7394
f 7374 7395 7375
f 7374 7394 7395
f 7375 7396 7376
f 7375 7395 7396
f 7376 7397 7377
f 7376 7396 7397
f 7377 7398 7378
f 7377 7397 7398
f 7378 7399 7379
f 7378 7398 7399
f 7379 7400 7380
f 7379 7399 7400
f 7400 7073 7067
f 7400 7067 7380
f 7077 7401 7381
f 7077 7381 7071
f 7381 7402 7382
f 7381 7401 7402
f 7382 7403 7383
f 7382 7402 7403
f 7383 7404 7384
f 7383 7403 7404
f 7384 7405 7385
f 7384 7404 7405
f 7385 7406 7386
f 7385 7405 7406
f 7386 7407 7387
f 7386 7406 7407
f 7387 7408 7388
f 7387 7407 7408
f 7388 7409 7389
f 7388 7408 7409
f 7389 7410 7390
f 7389 7409 7410
f 7390 7411 7391
f 7390 7410 7411
f 7391 7412 7392
f 7391 7411 7412
f 7392 7413 7393
f 7392 7412 7413
f 7393 7414 7394
f 7393 7413 7414
f 7394 7415 7395
f 7394 7414 7415
f 7395 7416 7396
f 7395 7415 7416
f 7396 7417 7397
f 7396 7416 7417
f 7397 7418 7398
f 7397 7417 7418
f 7398 7419 7399
f 7398 7418 7419
f 7399 7420 7400
f 7399 7419 7420
f 7420 7079 7073
f 7420 7073 7400
f 7083 7421 7401
f 7083 7401 7077
f 7401 7422 7402
f 7401 7421 7422
f 7402 7423 7403
f 7402 7422 7423
f 7403 7424 7404
f 7403 7423 7424
f 7404 7425 7405
f 7404 7424 7425
f 7405 7426 7406
f 7405 7425 7426
f 7406 7427 7407
f 7406 7426 7427
f 7407 7428 7408
f 7407 7427 7428
f 7408 7429 7409
f 7408 7428 7429
f 7409 7430 7410
f 7409 7429 7430
f 7410 7431 7411
f 7410 7430 7431
f 7411 7432 7412
f 7411 7431 7432
f 7412 7433 7413
f 7412 7432 7433
f 7413 7434 7414
f 7413 7433 7434
f 7414 7435 7415
f 7414 7434 7435
f 7415 7436 7416
f 7415 7435 7436
f 7416 7437 7417
f 7416 7436 7437
f 7417 7438 7418
f 7417 7437 7438
f 7418 7439 7419
f 7418 7438 7439
f 7419 7440 7420
f 7419 7439 7440
f 7440 7085 7079
f 7440 7079 7420
f 7089 7441 7421
f 7089 7421 7083
f 7421 7442 7422
f 7421 7441 7442
f 7422 7443 7423
f 7422 7442 7443
f 7423 7444 7424
f 7423 7443 7444
f 7424 7445 7425
f 7424 7444 7445
f 7425 7446 7426
f 7425 7445 7446
f 7426 7447 7427
f 7426 7446 7447
f 7427 7448 7428
f 7427 7447 7448
f 7428 7449 7429
f 7428 7448 7449
f 7429 7450 7430
f 7429 7449 7450
f 7430 7451 7431
f 7430 7450 7451
f 7431 7452 7432
f 7431 7451 7452
f 7432 7453 7433
f 7432 7452 7453
f 7433 7454 7434
f 7433 7453 7454
f 7434 7455 7435
f 7434 7454 7455
f 7435 7456 7436
f 7435 7455 7456
f 7436 7457 7437
f 7436 7456 7457
f 7437 7458 7438
f 7437 7457 7458
f 7438 7459 7439
f 7438 7458 7459
f 7439 7460 7440
f 7439 7459 7460
f 7460 7091 7085
f 7460 7085 7440
f 7095 7461 7441
f 7095 7441 7089
f 7441 7462 7442
f 7441 7461 7462
f 7442 7463 7443
f 7442 7462 7463
f 7443 7464 7444
f 7443 7463 7464
f 7444 7465 7445
f 7444 7464 7465
f 7445 7466 7446
f 7445 7465 7466
f 7446 7467 7447
f 7446 7466 7467
f 7447 7468 7448
f 7447 7467 7468
f 7448 7469 7449
f 7448 7468 7469
f 7449 7470 7450
f 7449 7469 7470
f 7450 7471 7451
f 7450 7470 7471
f 7451 7472 7452
f 7451 7471 7472
f 7452 7473 7453
f 7452 7472 7473
f 7453 7474 7454
f 7453 7473 7474
f 7454 7475 7455
f 7454 7474 7475
f 7455 7476 7456
f 7455 7475 7476
f 7456 7477 7457
f 7456 7476 7477
f 7457 7478 7458
f 7457 7477 7478
f 7458 7479 7459
f 7458 7478 7479
f 7459 7480 7460
f 7459 7479 7480
f 7480 7097 7091
f 7480 7091 7460
f 7101 7481 7461
f 7101 7461 7095
f 7461 7482 7462
f 7461 7481 7482
f 7462 7483 7463
f 7462 7482 7483
f 7463 7484 7464
f 7463 7483 7484
f 7464 7485 7465
f 7464 7484 7485
f 7465 7486 7466
f 7465 7485 7486
f 7466 7487 7467
f 7466 7486 7487
f 7467 7488 7468
f 7467 7487 7488
f 7468 7489 7469
f 7468 7488 7489
f 7469 7490 7470
f 7469 7489 7490
f 7470 7491 7471
f 7470 7490 7491
f 7471 7492 7472
f 7471 7491 7492
f 7472 7493 7473
f 7472 7492 7493
f 7473 7494 7474
f 7473 7493 7494
f 7474 7495 7475
f 7474 7494 7495
f 7475 7496 7476
f 7475 7495 7496
f 7476 7497 7477
f 7476 7496 7497
f 7477 7498 7478
f 7477 7497 7498
f 7478 7499 7479
f 7478 7498 7499
f 7479 7500 7480
f 7479 7499 7500
f 7500 7103 7097
f 7500 7097 7480
f 7107 7501 7481
f 7107 7481 7101
f 7481 7502 7482
f 7481 7501 7502
f 7482 7503 7483
f 7482 7502 7503
f 7483 7504 7484
f 7483 7503 7504
f 7484 7505 7485
f 7484 7504 7505
f 7485 7506 7486
f 7485 7505 7506
f 7486 7507 7487
f 7486 7506 7507
f 7487 7508 7488
f 7487 7507 7508
f 7488 7509 7489
f 7488 7508 7509
f 7489 7510 7490
f 7489 7509 7510
f 7490 7511 7491
f 7490 7510 7511
f 7491 7512 7492
f 7491 7511 7512
f 7492 7513 7493
f 7492 7512 7513
f 7493 7514 7494
f 7493 7513 7514
f 7494 7515 7495
f 7494 7514 7515
f 7495 7516 7496
f 7495 7515 7516
f 7496 7517 7497
f 7496 7516 7517
f 7497 7518 7498
f 7497 7517 7518
f 7498 7519 7499
f 7498 7518 7519
f 7499 7520 7500
f 7499 7519 7520
f 7520 7109 7103
f 7520 7103 7500
f 7113 7521 7501
f 7113 7501 7107
f 7501 7522 7502
f 7501 7521 7522
f 7502 7523 7503
f 7502 7522 7523
f 7503 7524 7504
f 7503 7523 7524
f 7504 7525 7505
f 7504 7524 7525
f 7505 7526 7506
f 7505 7525 7526
f 7506 7527 7507
f 7506 7526 7527
f 7507 7528 7508
f 7507 7527 7528
f 7508 7529 7509
f 7508 7528 7529
f 7509 7530 7510
f 7509 7529 7530
f 7510 7531 7511
f 7510 7530 7531
f 7511 7532 7512
f 7511 7531 7532
f 7512 7533 7513
f 7512 7532 7533
f 7513 7534 7514
f 7513 7533 7534
f 7514 7535 7515
f 7514 7534 7535
f 7515 7536 7516
f 7515 7535 7536
f 7516 7537 7517
f 7516 7536 7537
f 7517 7538 7518
f 7517 7537 7538
f 7518 7539 7519
f 7518 7538 7539
f 7519 7540 7520
f 7519 7539 7540
f 7540 7115 7109
f 7540 7109 7520
f 7119 7541 7521
f 7119 7521 7113
f 7521 7542 7522
f 7521 7541 7542
f 7522 7543 7523
f 7522 7542 7543
f 7523 7544 7524
f 7523 7543 7544
f 7524 7545 7525
f 7524 7544 7545
f 7525 7546 7526
f 7525 7545 7546
f 7526 7547 7527
f 7526 7546 7547
f 7527 7548 7528
f 7527 7547 7548
f 7528 7549 7529
f 7528 7548 7549
f 7529 7550 7530
f 7529 7549 7550
f 7530 7551 7531
f 7530 7550 7551
f 7531 7552 7532
f 7531 7551 7552
f 7532 7553 7533
f 7532 7552 7553
f 7533 7554 7534
f 7533 7553 7554
f 7534 7555 7535
f 7534 7554 7555
f 7535 7556 7536
f 7535 7555 7556
f 7536 7557 7537
f 7536 7556 7557
f 7537 7558 7538
f 7537 7557 7558
f 7538 7559 7539
f 7538 7558 7559
f 7539 7560 7540
f 7539 7559 7560
f 7560 7121 7115
f 7560 7115 7540
f 7125 7561 7541
f 7125 7541 7119
f 7541 7562 7542
f 7541 7561 7562
f 7542 7563 7543
f 7542 7562 7563
f 7543 7564 7544
f 7543 7563 7564
f 7544 7565 7545
f 7544 7564 7565
f 7545 7566 7546
f 7545 7565 7566
f 7546 7567 7547
f 7546 7566 7567
f 7547 7568 7548
f 7547 7567 7568
f 7548 7569 7549
f 7548 7568 7569
f 7549 7570 7550
f 7549 7569 7570
f 7550 7571 7551
f 7550 7570 7571
f 7551 7572 7552
f 7551 7571 7572
f 7552 7573 7553
f 7552 7572 7573
f 7553 7574 7554
f 7553 7573 7574
f 7554 7575 7555
f 7554 7574 7575
f 7555 7576 7556
f 7555 7575 7576
f 7556 7577 7557
f 7556 7576 7577
f 7557 7578 7558
f 7557 7577 7578
f 7558 7579 7559
f 7558 7578 7579
f 7559 7580 7560
f 7559 7579 7580
f 7580 7127 7121
f 7580 7121 7560
f 7131 7581 7561
f 7131 7561 7125
f 7561 7582 7562
f 7561 7581 7582
f 7562 7583 7563
f 7562 7582 7583
f 7563 7584 7564
f 7563 7583 7584
f 7564 7585 7565
f 7564 7584 7585
f 7565 7586 7566
f 7565 7585 7586
f 7566 7587 7567
f 7566 7586 7587
f 7567 7588 7568
f 7567 7587 7588
f 7568 7589 7569
f 7568 7588 7589
f 7569 7590 7570
f 7569 7589 7590
f 7570 7591 7571
f 7570 7590 7591
f 7571 7592 7572
f 7571 7591 7592
f 7572 7593 7573
f 7572 7592 7593
f 7573 7594 7574
f 7573 7593 7594
f 7574 7595 7575
f 7574 7594 7595
f 7575 7596 7576
f 7575 7595 7596
f 7576 7597 7577
f 7576 7596 7597
f 7577 7598 7578
f 7577 7597 7598
f 7578 7599 7579
f 7578 7598 7599
f 7579 7600 7580
f 7579 7599 7600
f 7600 7133 7127
f 7600 7127 7580
f 7137 7601 7581
f 7137 7581 7131
f 7581 7602 7582
f 7581 7601 7602
f 7582 7603 7583
f 7582 7602 7603
f 7583 7604 7584
f 7583 7603 7604
f 7584 7605 7585
f 7584 7604 7605
f 7585 7606 7586
f 7585 7605 7606
f 7586 7607 7587
f 7586 7606 7607
f 7587 7608 7588
f 7587 7607 7608
f 7588 7609 7589
f 7588 7608 7609
f 7589 7610 7590
f 7589 7609 7610
f 7590 7611 7591
f 7590 7610 7611
f 7591 7612 7592
f 7591 7611 7612
f 7592 7613 7593
f 7592 7612 7613
f 7593 7614 7594
f 7593 7613 7614
f 7594 7615 7595
f 7594 7614 7615
f 7595 7616 7596
f 7595 7615 7616
f 7596 7617 7597
f 7596 7616 7617
f 7597 7618 7598
f 7597 7617 7618
f 7598 7619 7599
f 7598 7618 7619
f 7599 7620 7600
f 7599 7619 7620
f 7620 7139 7133
f 7620 7133 7600
f 7143 7621 7601
f 7143 7601 7137
f 7601 7622 7602
f 7601 7621 7622
f 7602 7623 7603
f 7602 7622 7623
f 7603 7624 7604
f 7603 7623 7624
f 7604 7625 7605
f 7604 7624 7625
f 7605 7626 7606
f 7605 7625 7626
f 7606 7627 7607
f 7606 7626 7627
f 7607 7628 7608
f 7607 7627 7628
f 7608 7629 7609
f 7608 7628 7629
f 7609 7630 7610
f 7609 7629 7630
f 7610 7631 7611
f 7610 7630 7631
f 7611 7632 7612
f 7611 7631 7632
f 7612 7633 7613
f 7612 7632 7633
f 7613 7634 7614
f 7613 7633 7634
f 7614 7635 7615
f 7614 7634 7635
f 7615 7636 7616
f 7615 7635 7636
f 7616 7637 7617
f 7616 7636 7637
f 7617 7638 7618
f 7617 7637 7638
f 7618 7639 7619
f 7618 7638 7639
f 7619 7640 7620
f 7619 7639 7640
f 7640 7145 7139
f 7640 7139 7620
f 7149 7641 7621
f 7149 7621 7143
f 7621 7642 7622
f 7621 7641 7642
f 7622 7643 7623
f 7622 7642 7643
f 7623 7644 7624
f 7623 7643 7644
f 7624 7645 7625
f 7624 7644 7645
f 7625 7646 7626
f 7625 7645 7646
f 7626 7647 7627
f 7626 7646 7647
f 7627 7648 7628
f 7627 7647 7648
f 7628 7649 7629
f 7628 7648 7649
f 7629 7650 7630
f 7629 7649 7650
f 7630 7651 7631
f 7630 7650 7651
f 7631 7652 7632
f 7631 7651 7652
f 7632 7653 7633
f 7632 7652 7653
f 7633 7654 7634
f 7633 7653 7654
f 7634 7655 7635
f 7634 7654 7655
f 7635 7656 7636
f 7635 7655 7656
f 7636 7657 7637
f 7636 7656 7657
f 7637 7658 7638
f 7637 7657 7658
f 7638 7659 7639
f 7638 7658 7659
f 7639 7660 7640
f 7639 7659 7660
f 7660 7151 7145
f 7660 7145 7640
f 7155 7661 7641
f 7155 7641 7149
f 7641 7662 7642
f 7641 7661 7662
f 7642 7663 7643
f 7642 7662 7663
f 7643 7664 7644
f 7643 7663 7664
f 7644 7665 7645
f 7644 7664 7665
f 7645 7666 7646
f 7645 7665 7666
f 7646 7667 7647
f 7646 7666 7667
f 7647 7668 7648
f 7647 7667 7668
f 7648 7669 7649
f 7648 7668 7669
f 7649 7670 7650
f 7649 7669 7670
f 7650 7671 7651
f 7650 7670 7671
f 7651 7672 7652
f 7651 7671 7672
f 7652 7673 7653
f 7652 7672 7673
f 7653 7674 7654
f 7653 7673 7674
f 7654 7675 7655
f 7654 7674 7675
f 7655 7676 7656
f 7655 7675 7676
f 7656 7677 7657
f 7656 7676 7677
f 7657 7678 7658
f 7657 7677 7678
f 7658 7679 7659
f 7658 7678 7679
f 7659 7680 7660
f 7659 7679 7680
f 7680 7157 7151
f 7680 7151 7660
f 7161 7681 7661
f 7161 7661 7155
f 7661 7682 7662
f 7661 7681 7682
f 7662 7683 7663
f 7662 7682 7683
f 7663 7684 7664
f 7663 7683 7684
f 7664 7685 7665
f 7664 7684 7685
f 7665 7686 7666
f 7665 7685 7686
f 7666 7687 7667
f 7666 7686 7687
f 7667 7688 7668
f 7667 7687 7688
f 7668 7689 7669
f 7668 7688 7689
f 7669 7690 7670
f 7669 7689 7690
f 7670 7691 7671
f 7670 7690 7691
f 7671 7692 7672
f 7671 7691 7692
f 7672 7693 7673
f 7672 7692 7693
f 7673 7694 7674
f 7673 7693 7694
f 7674 7695 7675
f 7674 7694 7695
f 7675 7696 7676
f 7675 7695 7696
f 7676 7697 7677
f 7676 7696 7697
f 7677 7698 7678
f 7677 7697 7698
f 7678 7699 7679
f 7678 7698 7699
f 7679 7700 7680
f 7679 7699 7700
f 7700 7163 7157
f 7700 7157 7680
f 7167 7701 7681
f 7167 7681 7161
f 7681 7702 7682
f 7681 7701 7702
f 7682 7703 7683
f 7682 7702 7703
f 7683 7704 7684
f 7683 7703 7704
f 7684 7705 7685
f 7684 7704 7705
f 7685 7706 7686
f 7685 7705 7706
f 7686 7707 7687
f 7686 7706 7707
f 7687 7708 7688
f 7687 7707 7708
f 7688 7709 7689
f 7688 7708 7709
f 7689 7710 7690
f 7689 7709 7710
f 7690 7711 7691
f 7690 7710 7711
f 7691 7712 7692
f 7691 7711 7712
f 7692 7713 7693
f 7692 7712 7713
f 7693 7714 7694
f 7693 7713 7714
f 7694 7715 7695
f 7694 7714 7715
f 7695 7716 7696
f 7695 7715 7716
f 7696 7717 7697
f 7696 7716 7717
f 7697 7718 7698
f 7697 7717 7718
f 7698 7719 7699
f 7698 7718 7719
f 7699 7720 7700
f 7699 7719 7720
f 7720 7169 7163
f 7720 7163 7700
f 7173 7721 7701
f 7173 7701 7167
f 7701 7722 7702
f 7701 7721 7722
f 7702 7723 7703
f 7702 7722 7723
f 7703 7724 7704
f 7703 7723 7724
f 7704 7725 7705
f 7704 7724 7725
f 7705 7726 7706
f 7705 7725 7726
f 7706 7727 7707
f 7706 7726 7727
f 7707 7728 7708
f 7707 7727 7728
f 7708 7729 7709
f 7708 7728 7729
f 7709 7730 7710
f 7709 7729 7730
f 7710 7731 7711
f 7710 7730 7731
f 7711 7732 7712
f 7711 7731 7732
f 7712 7733 7713
f 7712 7732 7733
f 7713 7734 7714
f 7713 7733 7734
f 7714 7735 7715
f 7714 7734 7735
f 7715 7736 7716
f 7715 7735 7736
f 7716 7737 7717
f 7716 7736 7737
f 7717 7738 7718
f 7717 7737 7738
f 7718 7739 7719
f 7718 7738 7739
f 7719 7740 7720
f 7719 7739 7740
f 7740 7175 7169
f 7740 7169 7720
f 7179 7741 7721
f 7179 7721 7173
f 7721 7742 7722
f 7721 7741 7742
f 7722 7743 7723
f 7722 7742 7743
f 7723 7744 7724
f 7723 7743 7744
f 7724 7745 7725
f 7724 7744 7745
f 7725 7746 7726
f 7725 7745 7746
f 7726 7747 7727
f 7726 7746 7747
f 7727 7748 7728
f 7727 7747 7748
f 7728 7749 7729
f 7728 7748 7749
f 7729 7750 7730
f 7729 7749 7750
f 7730 7751 7731
f 7730 7750 7751
f 7731 7752 7732
f 7731 7751 7752
f 7732 7753 7733
f 7732 7752 7753
f 7733 7754 7734
f 7733 7753 7754
f 7734 7755 7735
f 7734 7754 7755
f 7735 7756 7736
f 7735 7755 7756
f 7736 7757 7737
f 7736 7756 7757
f 7737 7758 7738
f 7737 7757 7758
f 7738 7759 7739
f 7738 7758 7759
f 7739 7760 7740
f 7739 7759 7760
f 7760 7181 7175
f 7760 7175 7740
f 7185 7761 7741
f 7185 7741 7179
f 7741 7762 7742
f 7741 7761 7762
f 7742 7763 7743
f 7742 7762 7763
f 7743 7764 7744
f 7743 7763 7764
f 7744 7765 7745
f 7744 7764 7765
f 7745 7766 7746
f 7745 7765 7766
f 7746 7767 7747
f 7746 7766 7767
f 7747 7768 7748
f 7747 7767 7768
f 7748 7769 7749
f 7748 7768 7769
f 7749 7770 7750
f 7749 7769 7770
f 7750 7771 7751
f 7750 7770 7771
f 7751 7772 7752
f 7751 7771 7772
f 7752 7773 7753
f 7752 7772 7773
f 7753 7774 7754
f 7753 7773 7774
f 7754 7775 7755
f 7754 7774 7775
f 7755 7776 7756
f 7755 7775 7776
f 7756 7777 7757
f 7756 7776 7777
f 7757 7778 7758
f 7757 7777 7778
f 7758 7779 7759
f 7758 7778 7779
f 7759 7780 7760
f 7759 7779 7780
f 7780 7187 7181
f 7780 7181 7760
f 7191 7781 7761
f 7191 7761 7185
f 7761 7782 7762
f 7761 7781 7782
f 7762 7783 7763
f 7762 7782 7783
f 7763 7784 7764
f 7763 7783 7784
f 7764 7785 7765
f 7764 7784 7785
f 7765 7786 7766
f 7765 7785 7786
f 7766 7787 7767
f 7766 7786 7787
f 7767 7788 7768
f 7767 7787 7788
f 7768 7789 7769
f 7768 7788 7789
f 7769 7790 7770
f 7769 7789 7790
f 7770 7791 7771
f 7770 7790 7791
f 7771 7792 7772
f 7771 7791 7792
f 7772 7793 7773
f 7772 7792 7793
f 7773 7794 7774
f 7773 7793 7794
f 7774 7795 7775
f 7774 7794 7795
f 7775 7796 7776
f 7775 7795 7796
f 7776 7797 7777
f 7776 7796 7797
f 7777 7798 7778
f 7777 7797 7798
f 7778 7799 7779
f 7778 7798 7799
f 7779 7800 7780
f 7779 7799 7800
f 7800 7193 7187
f 7800 7187 7780
f 7197 7801 7781
f 7197 7781 7191
f 7781 7802 7782
f 7781 7801 7802
f 7782 7803 7783
f 7782 7802 7803
f 7783 7804 7784
f 7783 7803 7804
f 7784 7805 7785
f 7784 7804 7805
f 7785 7806 7786
f 7785 7805 7806
f 7786 7807 7787
f 7786 7806 7807
f 7787 7808 7788
f 7787 7807 7808
f 7788 7809 7789
f 7788 7808 7809
f 7789 7810 7790
f 7789 7809 7810
f 7790 7811 7791
f 7790 7810 7811
f 7791 7812 7792
f 7791 7811 7812
f 7792 7813 7793
f 7792 7812 7813
f 7793 7814 7794
f 7793 7813 7814
f 7794 7815 7795
f 7794 7814 7815
f 7795 7816 7796
f 7795 7815 7816
f 7796 7817 7797
f 7796 7816 7817
f 7797 7818 7798
f 7797 7817 7818
f 7798 7819 7799
f 7798 7818 7819
f 7799 7820 7800
f 7799 7819 7820
f 7820 7199 7193
f 7820 7193 7800
f 7203 7821 7801
f 7203 7801 7197
f 7801 7822 7802
f 7801 7821 7822
f 7802 7823 7803
f 7802 7822 7823
f 7803 7824 7804
f 7803 7823 7824
f 7804 7825 7805
f 7804 7824 7825
f 7805 7826 7806
f 7805 7825 7826
f 7806 7827 7807
f 7806 7826 7827
f 7807 7828 7808
f 7807 7827 7828
f 7808 7829 7809
f 7808 7828 7829
f 7809 7830 7810
f 7809 7829 7830
f 7810 7831 7811
f 7810 7830 7831
f 7811 7832 7812
f 7811 7831 7832
f 7812 7833 7813
f 7812 7832 7833
f 7813 7834 7814
f 7813 7833 7834
f 7814 7835 7815
f 7814 7834 7835
f 7815 7836 7816
f 7815 7835 7836
f 7816 7837 7817
f 7816 7836 7837
f 7817 7838 7818
f 7817 7837 7838
f 7818 7839 7819
f 7818 7838 7839
f 7819 7840 7820
f 7819 7839 7840
f 7840 7205 7199
f 7840 7199 7820
f 7209 7841 7821
f 7209 7821 7203
f 7821 7842 7822
f 7821 7841 7842
f 7822 7843 7823
f 7822 7842 7843
f 7823 7844 7824
f 7823 7843 7844
f 7824 7845 7825
f 7824 7844 7845
f 7825 7846 7826
f 7825 7845 7846
f 7826 7847 7827
f 7826 7846 7847
f 7827 7848 7828
f 7827 7847 7848
f 7828 7849 7829
f 7828 7848 7849
f 7829 7850 7830
f 7829 7849 7850
f 7830 7851 7831
f 7830 7850 7851
f 7831 7852 7832
f 7831 7851 7852
f 7832 7853 7833
f 7832 7852 7853
f 7833 7854 7834
f 7833 7853 7854
f 7834 7855 7835
f 7834 7854 7855
f 7835 7856 7836
f 7835 7855 7856
f 7836 7857 7837
f 7836 7856 7857
f 7837 7858 7838
f 7837 7857 7858
f 7838 7859 7839
f 7838 7858 7859
f 7839 7860 7840
f 7839 7859 7860
f 7860 7211 7205
f 7860 7205 7840
f 7215 7861 7841
f 7215 7841 7209
f 7841 7862 7842
f 7841 7861 7862
f 7842 7863 7843
f 7842 7862 7863
f 7843 7864 7844
f 7843 7863 7864
f 7844 7865 7845
f 7844 7864 7865
f 7845 7866 7846
f 7845 7865 7866
f 7846 7867 7847
f 7846 7866 7867
f 7847 7868 7848
f 7847 7867 7868
f 7848 7869 7849
f 7848 7868 7869
f 7849 7870 7850
f 7849 7869 7870
f 7850 7871 7851
f 7850 7870 7871
f 7851 7872 7852
f 7851 7871 7872
f 7852 7873 7853
f 7852 7872 7873
f 7853 7874 7854
f 7853 7873 7874
f 7854 7875 7855
f 7854 7874 7875
f 7855 7876 7856
f 7855 7875 7876
f 7856 7877 7857
f 7856 7876 7877
f 7857 7878 7858
f 7857 7877 7878
f 7858 7879 7859
f 7858 7878 7879
f 7859 7880 7860
f 7859 7879 7880
f 7880 7217 7211
f 7880 7211 7860
f 7221 7881 7861
f 7221 7861 7215
f 7861 7882 7862
f 7861 7881 7882
f 7862 7883 7863
f 7862 7882 7883
f 7863 7884 7864
f 7863 7883 7884
f 7864 7885 7865
f 7864 7884 7885
f 7865 7886 7866
f 7865 7885 7886
f 7866 7887 7867
f 7866 7886 7887
f 7867 7888 7868
f 7867 7887 7888
f 7868 7889 7869
f 7868 7888 7889
f 7869 7890 7870
f 7869 7889 7890
f 7870 7891 7871
f 7870 7890 7891
f 7871 7892 7872
f 7871 7891 7892
f 7872 7893 7873
f 7872 7892 7893
f 7873 7894 7874
f 7873 7893 7894
f 7874 7895 7875
f 7874 7894 7895
f 7875 7896 7876
f 7875 7895 7896
f 7876 7897 7877
f 7876 7896 7897
f 7877 7898 7878
f 7877 7897 7898
f 7878 7899 7879
f 7878 7898 7899
f 7879 7900 7880
f 7879 7899 7900
f 7900 7223 7217
f 7900 7217 7880
f 7227 7901 7881
f 7227 7881 7221
f 7881 7902 7882
f 7881 7901 7902
f 7882 7903 7883
f 7882 7902 7903
f 7883 7904 7884
f 7883 7903 7904
f 7884 7905 7885
f 7884 7904 7905
f 7885 7906 7886
f 7885 7905 7906
f 7886 7907 7887
f 7886 7906 7907
f 7887 7908 7888
f 7887 7907 7908
f 7888 7909 7889
f 7888 7908 7909
f 7889 7910 7890
f 7889 7909 7910
f 7890 7911 7891
f 7890 7910 7911
f 7891 7912 7892
f 7891 7911 7912
f 7892 7913 7893
f 7892 7912 7913
f 7893 7914 7894
f 7893 7913 7914
f 7894 7915 7895
f 7894 7914 7915
f 7895 7916 7896
f 7895 7915 7916
f 7896 7917 7897
f 7896 7916 7917
f 7897 7918 7898
f 7897 7917 7918
f 7898 7919 7899
f 7898 7918 7919
f 7899 7920 7900
f 7899 7919 7920
f 7920 7229 7223
f 7920 7223 7900
f 7233 7921 7901
f 7233 7901 7227
f 7901 7922 7902
f 7901 7921 7922
f 7902 7923 7903
f 7902 7922 7923
f 7903 7924 7904
f 7903 7923 7924
f 7904 7925 7905
f 7904 7924 7925
f 7905 7926 7906
f 7905 7925 7926
f 7906 7927 7907
f 7906 7926 7927
f 7907 7928 7908
f 7907 7927 7928
f 7908 7929 7909
f 7908 7928 7929
f 7909 7930 7910
f 7909 7929 7930
f 7910 7931 7911
f 7910 7930 7931
f 7911 7932 7912
f 7911 7931 7932
f 7912 7933 7913
f 7912 7932 7933
f 7913 7934 7914
f 7913 7933 7934
f 7914 7935 7915
f 7914 7934 7935
f 7915 7936 7916
f 7915 7935 7936
f 7916 7937 7917
f 7916 7936 7937
f 7917 7938 7918
f 7917 7937 7938
f 7918 7939 7919
f 7918 7938 7939
f 7919 7940 7920
f 7919 7939 7940
f 7940 7235 7229
f 7940 7229 7920
f 7238 7941 7921
f 7238 7921 7233
f 7921 7942 7922
f 7921 7941 7942
f 7922 7943 7923
f 7922 7942 7943
f 7923 7944 7924
f 7923 7943 7944
f 7924 7945 7925
f 7924 7944 7945
f 7925 7946 7926
f 7925 7945 7946
f 7926 7947 7927
f 7926 7946 7947
f 7927 7948 7928
f 7927 7947 7948
f 7928 7949 7929
f 7928 7948 7949
f 7929 7950 7930
f 7929 7949 7950
f 7930 7951 7931
f 7930 7950 7951
f 7931 7952 7932
f 7931 7951 7952
f 7932 7953 7933
f 7932 7952 7953
f 7933 7954 7934
f 7933 7953 7954
f 7934 7955 7935
f 7934 7954 7955
f 7935 7956 7936
f 7935 7955 7956
f 7936 7957 7937
f 7936 7956 7957
f 7937 7958 7938
f 7937 7957 7958
f 7938 7959 7939
f 7938 7958 7959
f 7939 7960 7940
f 7939 7959 7960
f 7960 7240 7235
f 7960 7235 7940
f 7241 7941 7238
f 7941 7241 7243
f 7941 7243 7942
f 7942 7243 7245
f 7942 7245 7943
f 7943 7245 7247
f 7943 7247 7944
f 7944 7247 7249
f 7944 7249 7945
f 7945 7249 7251
f 7945 7251 7946
f 7946 7251 7253
f 7946 7253 7947
f 7947 7253 7255
f 7947 7255 7948
f 7948 7255 7257
f 7948 7257 7949
f 7949 7257 7259
f 7949 7259 7950
f 7950 7259 7261
f 7950 7261 7951
f 7951 7261 7263
f 7951 7263 7952
f 7952 7263 7265
f 7952 7265 7953
f 7953 7265 7267
f 7953 7267 7954
f 7954 7267 7269
f 7954 7269 7955
f 7955 7269 7271
f 7955 7271 7956
f 7956 7271 7273
f 7956 7273 7957
f 7957 7273 7275
f 7957 7275 7958
f 7958 7275 7277
f 7958 7277 7959
f 7959 7277 7279
f 7959 7279 7960
f 7960 7279 7240

