# https://github.com/mikedh/trimesh
v -0.05166202 -0.00272557 -0.03542363
v -0.05096594 -0.00323184 -0.03542363
v -0.05096594 -0.00272557 -0.03729250
v -0.05166202 -0.00272557 -0.03339942
v -0.05096594 -0.00323184 -0.03339942
v -0.05166202 -0.00272557 -0.03137521
v -0.05096594 -0.00323184 -0.03137521
v -0.05166202 -0.00272557 -0.02935101
v -0.05096594 -0.00323184 -0.02935101
v -0.05166202 -0.00272557 -0.02732680
v -0.05096594 -0.00323184 -0.02732680
v -0.05166202 -0.00272557 -0.02530259
v -0.05096594 -0.00323184 -0.02530259
v -0.05166202 -0.00272557 -0.02327838
v -0.05096594 -0.00323184 -0.02327838
v -0.05166202 -0.00272557 -0.02125418
v -0.05096594 -0.00323184 -0.02125418
v -0.05166202 -0.00272557 -0.01922997
v -0.05096594 -0.00323184 -0.01922997
v -0.05166202 -0.00272557 -0.01720576
v -0.05096594 -0.00323184 -0.01720576
v -0.05166202 -0.00272557 -0.01518155
v -0.05096594 -0.00323184 -0.01518155
v -0.05166202 -0.00272557 -0.01315735
v -0.05096594 -0.00323184 -0.01315735
v -0.05166202 -0.00272557 -0.01113314
v -0.05096594 -0.00323184 -0.01113314
v -0.05166202 -0.00272557 -0.00910893
v -0.05096594 -0.00323184 -0.00910893
v -0.05166202 -0.00272557 -0.00708473
v -0.05096594 -0.00323184 -0.00708473
v -0.05166202 -0.00272557 -0.00506052
v -0.05096594 -0.00323184 -0.00506052
v -0.05166202 -0.00272557 -0.00303631
v -0.05096594 -0.00323184 -0.00303631
v -0.05166202 -0.00272557 -0.00101210
v -0.05096594 -0.00323184 -0.00101210
v -0.05166202 -0.00272557 0.00101210
v -0.05096594 -0.00323184 0.00101210
v -0.05166202 -0.00272557 0.00303631
v -0.05096594 -0.00323184 0.00303631
v -0.05166202 -0.00272557 0.00506052
v -0.05096594 -0.00323184 0.00506052
v -0.05166202 -0.00272557 0.00708473
v -0.05096594 -0.00323184 0.00708473
v -0.05166202 -0.00272557 0.00910893
v -0.05096594 -0.00323184 0.00910893
v -0.05166202 -0.00272557 0.01113314
v -0.05096594 -0.00323184 0.01113314
v -0.05166202 -0.00272557 0.01315735
v -0.05096594 -0.00323184 0.01315735
v -0.05166202 -0.00272557 0.01518155
v -0.05096594 -0.00323184 0.01518155
v -0.05166202 -0.00272557 0.01720576
v -0.05096594 -0.00323184 0.01720576
v -0.05166202 -0.00272557 0.01922997
v -0.05096594 -0.00323184 0.01922997
v -0.05166202 -0.00272557 0.02125418
v -0.05096594 -0.00323184 0.02125418
v -0.05166202 -0.00272557 0.02327838
v -0.05096594 -0.00323184 0.02327838
v -0.05166202 -0.00272557 0.02530259
v -0.05096594 -0.00323184 0.02530259
v -0.05166202 -0.00272557 0.02732680
v -0.05096594 -0.00323184 0.02732680
v -0.05166202 -0.00272557 0.02935101
v -0.05096594 -0.00323184 0.02935101
v -0.05166202 -0.00272557 0.03137521
v -0.05096594 -0.00323184 0.03137521
v -0.05166202 -0.00272557 0.03339942
v -0.05096594 -0.00323184 0.03339942
v -0.05166202 -0.00272557 0.03542363
v -0.05096594 -0.00323184 0.03542363
v -0.05096594 -0.00272557 0.03729250
v -0.05194397 -0.00163534 -0.03744784
v -0.05096594 -0.00266760 -0.03744784
v -0.05096594 -0.00163534 -0.03830324
v -0.05261044 -0.00163534 -0.03542363
v -0.05261044 -0.00163534 -0.03339942
v -0.05261044 -0.00163534 -0.03137521
v -0.05261044 -0.00163534 -0.02935101
v -0.05261044 -0.00163534 -0.02732680
v -0.05261044 -0.00163534 -0.02530259
v -0.05261044 -0.00163534 -0.02327838
v -0.05261044 -0.00163534 -0.02125418
v -0.05261044 -0.00163534 -0.01922997
v -0.05261044 -0.00163534 -0.01720576
v -0.05261044 -0.00163534 -0.01518155
v -0.05261044 -0.00163534 -0.01315735
v -0.05261044 -0.00163534 -0.01113314
v -0.05261044 -0.00163534 -0.00910893
v -0.05261044 -0.00163534 -0.00708473
v -0.05261044 -0.00163534 -0.00506052
v -0.05261044 -0.00163534 -0.00303631
v -0.05261044 -0.00163534 -0.00101210
v -0.05261044 -0.00163534 0.00101210
v -0.05261044 -0.00163534 0.00303631
v -0.05261044 -0.00163534 0.00506052
v -0.05261044 -0.00163534 0.00708473
v -0.05261044 -0.00163534 0.00910893
v -0.05261044 -0.00163534 0.01113314
v -0.05261044 -0.00163534 0.01315735
v -0.05261044 -0.00163534 0.01518155
v -0.05261044 -0.00163534 0.01720576
v -0.05261044 -0.00163534 0.01922997
v -0.05261044 -0.00163534 0.02125418
v -0.05261044 -0.00163534 0.02327838
v -0.05261044 -0.00163534 0.02530259
v -0.05261044 -0.00163534 0.02732680
v -0.05261044 -0.00163534 0.02935101
v -0.05261044 -0.00163534 0.03137521
v -0.05261044 -0.00163534 0.03339942
v -0.05261044 -0.00163534 0.03542363
v -0.05096594 -0.00266760 0.03744784
v -0.05194397 -0.00163534 0.03744784
v -0.05096594 -0.00163534 0.03830324
v -0.05237754 -0.00054511 -0.03744784
v -0.05096594 -0.00054511 -0.03868352
v -0.05297711 -0.00054511 -0.03542363
v -0.05297711 -0.00054511 -0.03339942
v -0.05297711 -0.00054511 -0.03137521
v -0.05297711 -0.00054511 -0.02935101
v -0.05297711 -0.00054511 -0.02732680
v -0.05297711 -0.00054511 -0.02530259
v -0.05297711 -0.00054511 -0.02327838
v -0.05297711 -0.00054511 -0.02125418
v -0.05297711 -0.00054511 -0.01922997
v -0.05297711 -0.00054511 -0.01720576
v -0.05297711 -0.00054511 -0.01518155
v -0.05297711 -0.00054511 -0.01315735
v -0.05297711 -0.00054511 -0.01113314
v -0.05297711 -0.00054511 -0.00910893
v -0.05297711 -0.00054511 -0.00708473
v -0.05297711 -0.00054511 -0.00506052
v -0.05297711 -0.00054511 -0.00303631
v -0.05297711 -0.00054511 -0.00101210
v -0.05297711 -0.00054511 0.00101210
v -0.05297711 -0.00054511 0.00303631
v -0.05297711 -0.00054511 0.00506052
v -0.05297711 -0.00054511 0.00708473
v -0.05297711 -0.00054511 0.00910893
v -0.05297711 -0.00054511 0.01113314
v -0.05297711 -0.00054511 0.01315735
v -0.05297711 -0.00054511 0.01518155
v -0.05297711 -0.00054511 0.01720576
v -0.05297711 -0.00054511 0.01922997
v -0.05297711 -0.00054511 0.02125418
v -0.05297711 -0.00054511 0.02327838
v -0.05297711 -0.00054511 0.02530259
v -0.05297711 -0.00054511 0.02732680
v -0.05297711 -0.00054511 0.02935101
v -0.05297711 -0.00054511 0.03137521
v -0.05297711 -0.00054511 0.03339942
v -0.05297711 -0.00054511 0.03542363
v -0.05237754 -0.00054511 0.03744784
v -0.05096594 -0.00054511 0.03868352
v -0.05237754 0.00054511 -0.03744784
v -0.05096594 0.00054511 -0.03868352
v -0.05297711 0.00054511 -0.03542363
v -0.05297711 0.00054511 -0.03339942
v -0.05297711 0.00054511 -0.03137521
v -0.05297711 0.00054511 -0.02935101
v -0.05297711 0.00054511 -0.02732680
v -0.05297711 0.00054511 -0.02530259
v -0.05297711 0.00054511 -0.02327838
v -0.05297711 0.00054511 -0.02125418
v -0.05297711 0.00054511 -0.01922997
v -0.05297711 0.00054511 -0.01720576
v -0.05297711 0.00054511 -0.01518155
v -0.05297711 0.00054511 -0.01315735
v -0.05297711 0.00054511 -0.01113314
v -0.05297711 0.00054511 -0.00910893
v -0.05297711 0.00054511 -0.00708473
v -0.05297711 0.00054511 -0.00506052
v -0.05297711 0.00054511 -0.00303631
v -0.05297711 0.00054511 -0.00101210
v -0.05297711 0.00054511 0.00101210
v -0.05297711 0.00054511 0.00303631
v -0.05297711 0.00054511 0.00506052
v -0.05297711 0.00054511 0.00708473
v -0.05297711 0.00054511 0.00910893
v -0.05297711 0.00054511 0.01113314
v -0.05297711 0.00054511 0.01315735
v -0.05297711 0.00054511 0.01518155
v -0.05297711 0.00054511 0.01720576
v -0.05297711 0.00054511 0.01922997
v -0.05297711 0.00054511 0.02125418
v -0.05297711 0.00054511 0.02327838
v -0.05297711 0.00054511 0.02530259
v -0.05297711 0.00054511 0.02732680
v -0.05297711 0.00054511 0.02935101
v -0.05297711 0.00054511 0.03137521
v -0.05297711 0.00054511 0.03339942
v -0.05297711 0.00054511 0.03542363
v -0.05237754 0.00054511 0.03744784
v -0.05096594 0.00054511 0.03868352
v -0.05194397 0.00163534 -0.03744784
v -0.05096594 0.00163534 -0.03830324
v -0.05261044 0.00163534 -0.03542363
v -0.05261044 0.00163534 -0.03339942
v -0.05261044 0.00163534 -0.03137521
v -0.05261044 0.00163534 -0.02935101
v -0.05261044 0.00163534 -0.02732680
v -0.05261044 0.00163534 -0.02530259
v -0.05261044 0.00163534 -0.02327838
v -0.05261044 0.00163534 -0.02125418
v -0.05261044 0.00163534 -0.01922997
v -0.05261044 0.00163534 -0.01720576
v -0.05261044 0.00163534 -0.01518155
v -0.05261044 0.00163534 -0.01315735
v -0.05261044 0.00163534 -0.01113314
v -0.05261044 0.00163534 -0.00910893
v -0.05261044 0.00163534 -0.00708473
v -0.05261044 0.00163534 -0.00506052
v -0.05261044 0.00163534 -0.00303631
v -0.05261044 0.00163534 -0.00101210
v -0.05261044 0.00163534 0.00101210
v -0.05261044 0.00163534 0.00303631
v -0.05261044 0.00163534 0.00506052
v -0.05261044 0.00163534 0.00708473
v -0.05261044 0.00163534 0.00910893
v -0.05261044 0.00163534 0.01113314
v -0.05261044 0.00163534 0.01315735
v -0.05261044 0.00163534 0.01518155
v -0.05261044 0.00163534 0.01720576
v -0.05261044 0.00163534 0.01922997
v -0.05261044 0.00163534 0.02125418
v -0.05261044 0.00163534 0.02327838
v -0.05261044 0.00163534 0.02530259
v -0.05261044 0.00163534 0.02732680
v -0.05261044 0.00163534 0.02935101
v -0.05261044 0.00163534 0.03137521
v -0.05261044 0.00163534 0.03339942
v -0.05261044 0.00163534 0.03542363
v -0.05194397 0.00163534 0.03744784
v -0.05096594 0.00163534 0.03830324
v -0.05096594 0.00266760 -0.03744784
v -0.05096594 0.00272557 -0.03729250
v -0.05166202 0.00272557 -0.03542363
v -0.05166202 0.00272557 -0.03339942
v -0.05166202 0.00272557 -0.03137521
v -0.05166202 0.00272557 -0.02935101
v -0.05166202 0.00272557 -0.02732680
v -0.05166202 0.00272557 -0.02530259
v -0.05166202 0.00272557 -0.02327838
v -0.05166202 0.00272557 -0.02125418
v -0.05166202 0.00272557 -0.01922997
v -0.05166202 0.00272557 -0.01720576
v -0.05166202 0.00272557 -0.01518155
v -0.05166202 0.00272557 -0.01315735
v -0.05166202 0.00272557 -0.01113314
v -0.05166202 0.00272557 -0.00910893
v -0.05166202 0.00272557 -0.00708473
v -0.05166202 0.00272557 -0.00506052
v -0.05166202 0.00272557 -0.00303631
v -0.05166202 0.00272557 -0.00101210
v -0.05166202 0.00272557 0.00101210
v -0.05166202 0.00272557 0.00303631
v -0.05166202 0.00272557 0.00506052
v -0.05166202 0.00272557 0.00708473
v -0.05166202 0.00272557 0.00910893
v -0.05166202 0.00272557 0.01113314
v -0.05166202 0.00272557 0.01315735
v -0.05166202 0.00272557 0.01518155
v -0.05166202 0.00272557 0.01720576
v -0.05166202 0.00272557 0.01922997
v -0.05166202 0.00272557 0.02125418
v -0.05166202 0.00272557 0.02327838
v -0.05166202 0.00272557 0.02530259
v -0.05166202 0.00272557 0.02732680
v -0.05166202 0.00272557 0.02935101
v -0.05166202 0.00272557 0.03137521
v -0.05166202 0.00272557 0.03339942
v -0.05166202 0.00272557 0.03542363
v -0.05096594 0.00272557 0.03729250
v -0.05096594 0.00266760 0.03744784
v -0.05096594 0.00323184 -0.03542363
v -0.05096594 0.00323184 -0.03339942
v -0.05096594 0.00323184 -0.03137521
v -0.05096594 0.00323184 -0.02935101
v -0.05096594 0.00323184 -0.02732680
v -0.05096594 0.00323184 -0.02530259
v -0.05096594 0.00323184 -0.02327838
v -0.05096594 0.00323184 -0.02125418
v -0.05096594 0.00323184 -0.01922997
v -0.05096594 0.00323184 -0.01720576
v -0.05096594 0.00323184 -0.01518155
v -0.05096594 0.00323184 -0.01315735
v -0.05096594 0.00323184 -0.01113314
v -0.05096594 0.00323184 -0.00910893
v -0.05096594 0.00323184 -0.00708473
v -0.05096594 0.00323184 -0.00506052
v -0.05096594 0.00323184 -0.00303631
v -0.05096594 0.00323184 -0.00101210
v -0.05096594 0.00323184 0.00101210
v -0.05096594 0.00323184 0.00303631
v -0.05096594 0.00323184 0.00506052
v -0.05096594 0.00323184 0.00708473
v -0.05096594 0.00323184 0.00910893
v -0.05096594 0.00323184 0.01113314
v -0.05096594 0.00323184 0.01315735
v -0.05096594 0.00323184 0.01518155
v -0.05096594 0.00323184 0.01720576
v -0.05096594 0.00323184 0.01922997
v -0.05096594 0.00323184 0.02125418
v -0.05096594 0.00323184 0.02327838
v -0.05096594 0.00323184 0.02530259
v -0.05096594 0.00323184 0.02732680
v -0.05096594 0.00323184 0.02935101
v -0.05096594 0.00323184 0.03137521
v -0.05096594 0.00323184 0.03339942
v -0.05096594 0.00323184 0.03542363
v -0.05062509 -0.00272557 -0.03744784
v -0.04870079 -0.00297847 -0.03744784
v -0.04870079 -0.00272557 -0.03774957
v -0.04870079 -0.00350000 -0.03542363
v -0.04870079 -0.00350000 -0.03339942
v -0.04870079 -0.00350000 -0.03137521
v -0.04870079 -0.00350000 -0.02935101
v -0.04870079 -0.00350000 -0.02732680
v -0.04870079 -0.00350000 -0.02530259
v -0.04870079 -0.00350000 -0.02327838
v -0.04870079 -0.00350000 -0.02125418
v -0.04870079 -0.00350000 -0.01922997
v -0.04870079 -0.00350000 -0.01720576
v -0.04870079 -0.00350000 -0.01518155
v -0.04870079 -0.00350000 -0.01315735
v -0.04870079 -0.00350000 -0.01113314
v -0.04870079 -0.00350000 -0.00910893
v -0.04870079 -0.00350000 -0.00708473
v -0.04870079 -0.00350000 -0.00506052
v -0.04870079 -0.00350000 -0.00303631
v -0.04870079 -0.00350000 -0.00101210
v -0.04870079 -0.00350000 0.00101210
v -0.04870079 -0.00350000 0.00303631
v -0.04870079 -0.00350000 0.00506052
v -0.04870079 -0.00350000 0.00708473
v -0.04870079 -0.00350000 0.00910893
v -0.04870079 -0.00350000 0.01113314
v -0.04870079 -0.00350000 0.01315735
v -0.04870079 -0.00350000 0.01518155
v -0.04870079 -0.00350000 0.01720576
v -0.04870079 -0.00350000 0.01922997
v -0.04870079 -0.00350000 0.02125418
v -0.04870079 -0.00350000 0.02327838
v -0.04870079 -0.00350000 0.02530259
v -0.04870079 -0.00350000 0.02732680
v -0.04870079 -0.00350000 0.02935101
v -0.04870079 -0.00350000 0.03137521
v -0.04870079 -0.00350000 0.03339942
v -0.04870079 -0.00350000 0.03542363
v -0.05062509 -0.00272557 0.03744784
v -0.04870079 -0.00297847 0.03744784
v -0.04870079 -0.00272557 0.03774957
v -0.04870079 -0.00163534 -0.03862276
v -0.04870079 -0.00163534 0.03862276
v -0.04870079 -0.00054511 -0.03897706
v -0.04870079 -0.00054511 0.03897706
v -0.04870079 0.00054511 -0.03897706
v -0.04870079 0.00054511 0.03897706
v -0.04870079 0.00163534 -0.03862276
v -0.04870079 0.00163534 0.03862276
v -0.05062509 0.00272557 -0.03744784
v -0.04870079 0.00272557 -0.03774957
v -0.05062509 0.00272557 0.03744784
v -0.04870079 0.00272557 0.03774957
v -0.04870079 0.00297847 -0.03744784
v -0.04870079 0.00350000 -0.03542363
v -0.04870079 0.00350000 -0.03339942
v -0.04870079 0.00350000 -0.03137521
v -0.04870079 0.00350000 -0.02935101
v -0.04870079 0.00350000 -0.02732680
v -0.04870079 0.00350000 -0.02530259
v -0.04870079 0.00350000 -0.02327838
v -0.04870079 0.00350000 -0.02125418
v -0.04870079 0.00350000 -0.01922997
v -0.04870079 0.00350000 -0.01720576
v -0.04870079 0.00350000 -0.01518155
v -0.04870079 0.00350000 -0.01315735
v -0.04870079 0.00350000 -0.01113314
v -0.04870079 0.00350000 -0.00910893
v -0.04870079 0.00350000 -0.00708473
v -0.04870079 0.00350000 -0.00506052
v -0.04870079 0.00350000 -0.00303631
v -0.04870079 0.00350000 -0.00101210
v -0.04870079 0.00350000 0.00101210
v -0.04870079 0.00350000 0.00303631
v -0.04870079 0.00350000 0.00506052
v -0.04870079 0.00350000 0.00708473
v -0.04870079 0.00350000 0.00910893
v -0.04870079 0.00350000 0.01113314
v -0.04870079 0.00350000 0.01315735
v -0.04870079 0.00350000 0.01518155
v -0.04870079 0.00350000 0.01720576
v -0.04870079 0.00350000 0.01922997
v -0.04870079 0.00350000 0.02125418
v -0.04870079 0.00350000 0.02327838
v -0.04870079 0.00350000 0.02530259
v -0.04870079 0.00350000 0.02732680
v -0.04870079 0.00350000 0.02935101
v -0.04870079 0.00350000 0.03137521
v -0.04870079 0.00350000 0.03339942
v -0.04870079 0.00350000 0.03542363
v -0.04870079 0.00297847 0.03744784
v -0.04643564 -0.00297847 -0.03744784
v -0.04643564 -0.00272557 -0.03774957
v -0.04643564 -0.00350000 -0.03542363
v -0.04643564 -0.00350000 -0.03339942
v -0.04643564 -0.00350000 -0.03137521
v -0.04643564 -0.00350000 -0.02935101
v -0.04643564 -0.00350000 -0.02732680
v -0.04643564 -0.00350000 -0.02530259
v -0.04643564 -0.00350000 -0.02327838
v -0.04643564 -0.00350000 -0.02125418
v -0.04643564 -0.00350000 -0.01922997
v -0.04643564 -0.00350000 -0.01720576
v -0.04643564 -0.00350000 -0.01518155
v -0.04643564 -0.00350000 -0.01315735
v -0.04643564 -0.00350000 -0.01113314
v -0.04643564 -0.00350000 -0.00910893
v -0.04643564 -0.00350000 -0.00708473
v -0.04643564 -0.00350000 -0.00506052
v -0.04643564 -0.00350000 -0.00303631
v -0.04643564 -0.00350000 -0.00101210
v -0.04643564 -0.00350000 0.00101210
v -0.04643564 -0.00350000 0.00303631
v -0.04643564 -0.00350000 0.00506052
v -0.04643564 -0.00350000 0.00708473
v -0.04643564 -0.00350000 0.00910893
v -0.04643564 -0.00350000 0.01113314
v -0.04643564 -0.00350000 0.01315735
v -0.04643564 -0.00350000 0.01518155
v -0.04643564 -0.00350000 0.01720576
v -0.04643564 -0.00350000 0.01922997
v -0.04643564 -0.00350000 0.02125418
v -0.04643564 -0.00350000 0.02327838
v -0.04643564 -0.00350000 0.02530259
v -0.04643564 -0.00350000 0.02732680
v -0.04643564 -0.00350000 0.02935101
v -0.04643564 -0.00350000 0.03137521
v -0.04643564 -0.00350000 0.03339942
v -0.04643564 -0.00350000 0.03542363
v -0.04643564 -0.00297847 0.03744784
v -0.04643564 -0.00272557 0.03774957
v -0.04643564 -0.00163534 -0.03862276
v -0.04643564 -0.00163534 0.03862276
v -0.04643564 -0.00054511 -0.03897706
v -0.04643564 -0.00054511 0.03897706
v -0.04643564 0.00054511 -0.03897706
v -0.04643564 0.00054511 0.03897706
v -0.04643564 0.00163534 -0.03862276
v -0.04643564 0.00163534 0.03862276
v -0.04643564 0.00272557 -0.03774957
v -0.04643564 0.00272557 0.03774957
v -0.04643564 0.00297847 -0.03744784
v -0.04643564 0.00350000 -0.03542363
v -0.04643564 0.00350000 -0.03339942
v -0.04643564 0.00350000 -0.03137521
v -0.04643564 0.00350000 -0.02935101
v -0.04643564 0.00350000 -0.02732680
v -0.04643564 0.00350000 -0.02530259
v -0.04643564 0.00350000 -0.02327838
v -0.04643564 0.00350000 -0.02125418
v -0.04643564 0.00350000 -0.01922997
v -0.04643564 0.00350000 -0.01720576
v -0.04643564 0.00350000 -0.01518155
v -0.04643564 0.00350000 -0.01315735
v -0.04643564 0.00350000 -0.01113314
v -0.04643564 0.00350000 -0.00910893
v -0.04643564 0.00350000 -0.00708473
v -0.04643564 0.00350000 -0.00506052
v -0.04643564 0.00350000 -0.00303631
v -0.04643564 0.00350000 -0.00101210
v -0.04643564 0.00350000 0.00101210
v -0.04643564 0.00350000 0.00303631
v -0.04643564 0.00350000 0.00506052
v -0.04643564 0.00350000 0.00708473
v -0.04643564 0.00350000 0.00910893
v -0.04643564 0.00350000 0.01113314
v -0.04643564 0.00350000 0.01315735
v -0.04643564 0.00350000 0.01518155
v -0.04643564 0.00350000 0.01720576
v -0.04643564 0.00350000 0.01922997
v -0.04643564 0.00350000 0.02125418
v -0.04643564 0.00350000 0.02327838
v -0.04643564 0.00350000 0.02530259
v -0.04643564 0.00350000 0.02732680
v -0.04643564 0.00350000 0.02935101
v -0.04643564 0.00350000 0.03137521
v -0.04643564 0.00350000 0.03339942
v -0.04643564 0.00350000 0.03542363
v -0.04643564 0.00297847 0.03744784
v -0.04417048 -0.00297847 -0.03744784
v -0.04417048 -0.00272557 -0.03774957
v -0.04417048 -0.00350000 -0.03542363
v -0.04417048 -0.00350000 -0.03339942
v -0.04417048 -0.00350000 -0.03137521
v -0.04417048 -0.00350000 -0.02935101
v -0.04417048 -0.00350000 -0.02732680
v -0.04417048 -0.00350000 -0.02530259
v -0.04417048 -0.00350000 -0.02327838
v -0.04417048 -0.00350000 -0.02125418
v -0.04417048 -0.00350000 -0.01922997
v -0.04417048 -0.00350000 -0.01720576
v -0.04417048 -0.00350000 -0.01518155
v -0.04417048 -0.00350000 -0.01315735
v -0.04417048 -0.00350000 -0.01113314
v -0.04417048 -0.00350000 -0.00910893
v -0.04417048 -0.00350000 -0.00708473
v -0.04417048 -0.00350000 -0.00506052
v -0.04417048 -0.00350000 -0.00303631
v -0.04417048 -0.00350000 -0.00101210
v -0.04417048 -0.00350000 0.00101210
v -0.04417048 -0.00350000 0.00303631
v -0.04417048 -0.00350000 0.00506052
v -0.04417048 -0.00350000 0.00708473
v -0.04417048 -0.00350000 0.00910893
v -0.04417048 -0.00350000 0.01113314
v -0.04417048 -0.00350000 0.01315735
v -0.04417048 -0.00350000 0.01518155
v -0.04417048 -0.00350000 0.01720576
v -0.04417048 -0.00350000 0.01922997
v -0.04417048 -0.00350000 0.02125418
v -0.04417048 -0.00350000 0.02327838
v -0.04417048 -0.00350000 0.02530259
v -0.04417048 -0.00350000 0.02732680
v -0.04417048 -0.00350000 0.02935101
v -0.04417048 -0.00350000 0.03137521
v -0.04417048 -0.00350000 0.03339942
v -0.04417048 -0.00350000 0.03542363
v -0.04417048 -0.00297847 0.03744784
v -0.04417048 -0.00272557 0.03774957
v -0.04417048 -0.00163534 -0.03862276
v -0.04417048 -0.00163534 0.03862276
v -0.04417048 -0.00054511 -0.03897706
v -0.04417048 -0.00054511 0.03897706
v -0.04417048 0.00054511 -0.03897706
v -0.04417048 0.00054511 0.03897706
v -0.04417048 0.00163534 -0.03862276
v -0.04417048 0.00163534 0.03862276
v -0.04417048 0.00272557 -0.03774957
v -0.04417048 0.00272557 0.03774957
v -0.04417048 0.00297847 -0.03744784
v -0.04417048 0.00350000 -0.03542363
v -0.04417048 0.00350000 -0.03339942
v -0.04417048 0.00350000 -0.03137521
v -0.04417048 0.00350000 -0.02935101
v -0.04417048 0.00350000 -0.02732680
v -0.04417048 0.00350000 -0.02530259
v -0.04417048 0.00350000 -0.02327838
v -0.04417048 0.00350000 -0.02125418
v -0.04417048 0.00350000 -0.01922997
v -0.04417048 0.00350000 -0.01720576
v -0.04417048 0.00350000 -0.01518155
v -0.04417048 0.00350000 -0.01315735
v -0.04417048 0.00350000 -0.01113314
v -0.04417048 0.00350000 -0.00910893
v -0.04417048 0.00350000 -0.00708473
v -0.04417048 0.00350000 -0.00506052
v -0.04417048 0.00350000 -0.00303631
v -0.04417048 0.00350000 -0.00101210
v -0.04417048 0.00350000 0.00101210
v -0.04417048 0.00350000 0.00303631
v -0.04417048 0.00350000 0.00506052
v -0.04417048 0.00350000 0.00708473
v -0.04417048 0.00350000 0.00910893
v -0.04417048 0.00350000 0.01113314
v -0.04417048 0.00350000 0.01315735
v -0.04417048 0.00350000 0.01518155
v -0.04417048 0.00350000 0.01720576
v -0.04417048 0.00350000 0.01922997
v -0.04417048 0.00350000 0.02125418
v -0.04417048 0.00350000 0.02327838
v -0.04417048 0.00350000 0.02530259
v -0.04417048 0.00350000 0.02732680
v -0.04417048 0.00350000 0.02935101
v -0.04417048 0.00350000 0.03137521
v -0.04417048 0.00350000 0.03339942
v -0.04417048 0.00350000 0.03542363
v -0.04417048 0.00297847 0.03744784
v -0.04190533 -0.00297847 -0.03744784
v -0.04190533 -0.00272557 -0.03774957
v -0.04190533 -0.00350000 -0.03542363
v -0.04190533 -0.00350000 -0.03339942
v -0.04190533 -0.00350000 -0.03137521
v -0.04190533 -0.00350000 -0.02935101
v -0.04190533 -0.00350000 -0.02732680
v -0.04190533 -0.00350000 -0.02530259
v -0.04190533 -0.00350000 -0.02327838
v -0.04190533 -0.00350000 -0.02125418
v -0.04190533 -0.00350000 -0.01922997
v -0.04190533 -0.00350000 -0.01720576
v -0.04190533 -0.00350000 -0.01518155
v -0.04190533 -0.00350000 -0.01315735
v -0.04190533 -0.00350000 -0.01113314
v -0.04190533 -0.00350000 -0.00910893
v -0.04190533 -0.00350000 -0.00708473
v -0.04190533 -0.00350000 -0.00506052
v -0.04190533 -0.00350000 -0.00303631
v -0.04190533 -0.00350000 -0.00101210
v -0.04190533 -0.00350000 0.00101210
v -0.04190533 -0.00350000 0.00303631
v -0.04190533 -0.00350000 0.00506052
v -0.04190533 -0.00350000 0.00708473
v -0.04190533 -0.00350000 0.00910893
v -0.04190533 -0.00350000 0.01113314
v -0.04190533 -0.00350000 0.01315735
v -0.04190533 -0.00350000 0.01518155
v -0.04190533 -0.00350000 0.01720576
v -0.04190533 -0.00350000 0.01922997
v -0.04190533 -0.00350000 0.02125418
v -0.04190533 -0.00350000 0.02327838
v -0.04190533 -0.00350000 0.02530259
v -0.04190533 -0.00350000 0.02732680
v -0.04190533 -0.00350000 0.02935101
v -0.04190533 -0.00350000 0.03137521
v -0.04190533 -0.00350000 0.03339942
v -0.04190533 -0.00350000 0.03542363
v -0.04190533 -0.00297847 0.03744784
v -0.04190533 -0.00272557 0.03774957
v -0.04190533 -0.00163534 -0.03862276
v -0.04190533 -0.00163534 0.03862276
v -0.04190533 -0.00054511 -0.03897706
v -0.04190533 -0.00054511 0.03897706
v -0.04190533 0.00054511 -0.03897706
v -0.04190533 0.00054511 0.03897706
v -0.04190533 0.00163534 -0.03862276
v -0.04190533 0.00163534 0.03862276
v -0.04190533 0.00272557 -0.03774957
v -0.04190533 0.00272557 0.03774957
v -0.04190533 0.00297847 -0.03744784
v -0.04190533 0.00350000 -0.03542363
v -0.04190533 0.00350000 -0.03339942
v -0.04190533 0.00350000 -0.03137521
v -0.04190533 0.00350000 -0.02935101
v -0.04190533 0.00350000 -0.02732680
v -0.04190533 0.00350000 -0.02530259
v -0.04190533 0.00350000 -0.02327838
v -0.04190533 0.00350000 -0.02125418
v -0.04190533 0.00350000 -0.01922997
v -0.04190533 0.00350000 -0.01720576
v -0.04190533 0.00350000 -0.01518155
v -0.04190533 0.00350000 -0.01315735
v -0.04190533 0.00350000 -0.01113314
v -0.04190533 0.00350000 -0.00910893
v -0.04190533 0.00350000 -0.00708473
v -0.04190533 0.00350000 -0.00506052
v -0.04190533 0.00350000 -0.00303631
v -0.04190533 0.00350000 -0.00101210
v -0.04190533 0.00350000 0.00101210
v -0.04190533 0.00350000 0.00303631
v -0.04190533 0.00350000 0.00506052
v -0.04190533 0.00350000 0.00708473
v -0.04190533 0.00350000 0.00910893
v -0.04190533 0.00350000 0.01113314
v -0.04190533 0.00350000 0.01315735
v -0.04190533 0.00350000 0.01518155
v -0.04190533 0.00350000 0.01720576
v -0.04190533 0.00350000 0.01922997
v -0.04190533 0.00350000 0.02125418
v -0.04190533 0.00350000 0.02327838
v -0.04190533 0.00350000 0.02530259
v -0.04190533 0.00350000 0.02732680
v -0.04190533 0.00350000 0.02935101
v -0.04190533 0.00350000 0.03137521
v -0.04190533 0.00350000 0.03339942
v -0.04190533 0.00350000 0.03542363
v -0.04190533 0.00297847 0.03744784
v -0.03964018 -0.00297847 -0.03744784
v -0.03964018 -0.00272557 -0.03774957
v -0.03964018 -0.00350000 -0.03542363
v -0.03964018 -0.00350000 -0.03339942
v -0.03964018 -0.00350000 -0.03137521
v -0.03964018 -0.00350000 -0.02935101
v -0.03964018 -0.00350000 -0.02732680
v -0.03964018 -0.00350000 -0.02530259
v -0.03964018 -0.00350000 -0.02327838
v -0.03964018 -0.00350000 -0.02125418
v -0.03964018 -0.00350000 -0.01922997
v -0.03964018 -0.00350000 -0.01720576
v -0.03964018 -0.00350000 -0.01518155
v -0.03964018 -0.00350000 -0.01315735
v -0.03964018 -0.00350000 -0.01113314
v -0.03964018 -0.00350000 -0.00910893
v -0.03964018 -0.00350000 -0.00708473
v -0.03964018 -0.00350000 -0.00506052
v -0.03964018 -0.00350000 -0.00303631
v -0.03964018 -0.00350000 -0.00101210
v -0.03964018 -0.00350000 0.00101210
v -0.03964018 -0.00350000 0.00303631
v -0.03964018 -0.00350000 0.00506052
v -0.03964018 -0.00350000 0.00708473
v -0.03964018 -0.00350000 0.00910893
v -0.03964018 -0.00350000 0.01113314
v -0.03964018 -0.00350000 0.01315735
v -0.03964018 -0.00350000 0.01518155
v -0.03964018 -0.00350000 0.01720576
v -0.03964018 -0.00350000 0.01922997
v -0.03964018 -0.00350000 0.02125418
v -0.03964018 -0.00350000 0.02327838
v -0.03964018 -0.00350000 0.02530259
v -0.03964018 -0.00350000 0.02732680
v -0.03964018 -0.00350000 0.02935101
v -0.03964018 -0.00350000 0.03137521
v -0.03964018 -0.00350000 0.03339942
v -0.03964018 -0.00350000 0.03542363
v -0.03964018 -0.00297847 0.03744784
v -0.03964018 -0.00272557 0.03774957
v -0.03964018 -0.00163534 -0.03862276
v -0.03964018 -0.00163534 0.03862276
v -0.03964018 -0.00054511 -0.03897706
v -0.03964018 -0.00054511 0.03897706
v -0.03964018 0.00054511 -0.03897706
v -0.03964018 0.00054511 0.03897706
v -0.03964018 0.00163534 -0.03862276
v -0.03964018 0.00163534 0.03862276
v -0.03964018 0.00272557 -0.03774957
v -0.03964018 0.00272557 0.03774957
v -0.03964018 0.00297847 -0.03744784
v -0.03964018 0.00350000 -0.03542363
v -0.03964018 0.00350000 -0.03339942
v -0.03964018 0.00350000 -0.03137521
v -0.03964018 0.00350000 -0.02935101
v -0.03964018 0.00350000 -0.02732680
v -0.03964018 0.00350000 -0.02530259
v -0.03964018 0.00350000 -0.02327838
v -0.03964018 0.00350000 -0.02125418
v -0.03964018 0.00350000 -0.01922997
v -0.03964018 0.00350000 -0.01720576
v -0.03964018 0.00350000 -0.01518155
v -0.03964018 0.00350000 -0.01315735
v -0.03964018 0.00350000 -0.01113314
v -0.03964018 0.00350000 -0.00910893
v -0.03964018 0.00350000 -0.00708473
v -0.03964018 0.00350000 -0.00506052
v -0.03964018 0.00350000 -0.00303631
v -0.03964018 0.00350000 -0.00101210
v -0.03964018 0.00350000 0.00101210
v -0.03964018 0.00350000 0.00303631
v -0.03964018 0.00350000 0.00506052
v -0.03964018 0.00350000 0.00708473
v -0.03964018 0.00350000 0.00910893
v -0.03964018 0.00350000 0.01113314
v -0.03964018 0.00350000 0.01315735
v -0.03964018 0.00350000 0.01518155
v -0.03964018 0.00350000 0.01720576
v -0.03964018 0.00350000 0.01922997
v -0.03964018 0.00350000 0.02125418
v -0.03964018 0.00350000 0.02327838
v -0.03964018 0.00350000 0.02530259
v -0.03964018 0.00350000 0.02732680
v -0.03964018 0.00350000 0.02935101
v -0.03964018 0.00350000 0.03137521
v -0.03964018 0.00350000 0.03339942
v -0.03964018 0.00350000 0.03542363
v -0.03964018 0.00297847 0.03744784
v -0.03737503 -0.00297847 -0.03744784
v -0.03737503 -0.00272557 -0.03774957
v -0.03737503 -0.00350000 -0.03542363
v -0.03737503 -0.00350000 -0.03339942
v -0.03737503 -0.00350000 -0.03137521
v -0.03737503 -0.00350000 -0.02935101
v -0.03737503 -0.00350000 -0.02732680
v -0.03737503 -0.00350000 -0.02530259
v -0.03737503 -0.00350000 -0.02327838
v -0.03737503 -0.00350000 -0.02125418
v -0.03737503 -0.00350000 -0.01922997
v -0.03737503 -0.00350000 -0.01720576
v -0.03737503 -0.00350000 -0.01518155
v -0.03737503 -0.00350000 -0.01315735
v -0.03737503 -0.00350000 -0.01113314
v -0.03737503 -0.00350000 -0.00910893
v -0.03737503 -0.00350000 -0.00708473
v -0.03737503 -0.00350000 -0.00506052
v -0.03737503 -0.00350000 -0.00303631
v -0.03737503 -0.00350000 -0.00101210
v -0.03737503 -0.00350000 0.00101210
v -0.03737503 -0.00350000 0.00303631
v -0.03737503 -0.00350000 0.00506052
v -0.03737503 -0.00350000 0.00708473
v -0.03737503 -0.00350000 0.00910893
v -0.03737503 -0.00350000 0.01113314
v -0.03737503 -0.00350000 0.01315735
v -0.03737503 -0.00350000 0.01518155
v -0.03737503 -0.00350000 0.01720576
v -0.03737503 -0.00350000 0.01922997
v -0.03737503 -0.00350000 0.02125418
v -0.03737503 -0.00350000 0.02327838
v -0.03737503 -0.00350000 0.02530259
v -0.03737503 -0.00350000 0.02732680
v -0.03737503 -0.00350000 0.02935101
v -0.03737503 -0.00350000 0.03137521
v -0.03737503 -0.00350000 0.03339942
v -0.03737503 -0.00350000 0.03542363
v -0.03737503 -0.00297847 0.03744784
v -0.03737503 -0.00272557 0.03774957
v -0.03737503 -0.00163534 -0.03862276
v -0.03737503 -0.00163534 0.03862276
v -0.03737503 -0.00054511 -0.03897706
v -0.03737503 -0.00054511 0.03897706
v -0.03737503 0.00054511 -0.03897706
v -0.03737503 0.00054511 0.03897706
v -0.03737503 0.00163534 -0.03862276
v -0.03737503 0.00163534 0.03862276
v -0.03737503 0.00272557 -0.03774957
v -0.03737503 0.00272557 0.03774957
v -0.03737503 0.00297847 -0.03744784
v -0.03737503 0.00350000 -0.03542363
v -0.03737503 0.00350000 -0.03339942
v -0.03737503 0.00350000 -0.03137521
v -0.03737503 0.00350000 -0.02935101
v -0.03737503 0.00350000 -0.02732680
v -0.03737503 0.00350000 -0.02530259
v -0.03737503 0.00350000 -0.02327838
v -0.03737503 0.00350000 -0.02125418
v -0.03737503 0.00350000 -0.01922997
v -0.03737503 0.00350000 -0.01720576
v -0.03737503 0.00350000 -0.01518155
v -0.03737503 0.00350000 -0.01315735
v -0.03737503 0.00350000 -0.01113314
v -0.03737503 0.00350000 -0.00910893
v -0.03737503 0.00350000 -0.00708473
v -0.03737503 0.00350000 -0.00506052
v -0.03737503 0.00350000 -0.00303631
v -0.03737503 0.00350000 -0.00101210
v -0.03737503 0.00350000 0.00101210
v -0.03737503 0.00350000 0.00303631
v -0.03737503 0.00350000 0.00506052
v -0.03737503 0.00350000 0.00708473
v -0.03737503 0.00350000 0.00910893
v -0.03737503 0.00350000 0.01113314
v -0.03737503 0.00350000 0.01315735
v -0.03737503 0.00350000 0.01518155
v -0.03737503 0.00350000 0.01720576
v -0.03737503 0.00350000 0.01922997
v -0.03737503 0.00350000 0.02125418
v -0.03737503 0.00350000 0.02327838
v -0.03737503 0.00350000 0.02530259
v -0.03737503 0.00350000 0.02732680
v -0.03737503 0.00350000 0.02935101
v -0.03737503 0.00350000 0.03137521
v -0.03737503 0.00350000 0.03339942
v -0.03737503 0.00350000 0.03542363
v -0.03737503 0.00297847 0.03744784
v -0.03510987 -0.00297847 -0.03744784
v -0.03510987 -0.00272557 -0.03774957
v -0.03510987 -0.00350000 -0.03542363
v -0.03510987 -0.00350000 -0.03339942
v -0.03510987 -0.00350000 -0.03137521
v -0.03510987 -0.00350000 -0.02935101
v -0.03510987 -0.00350000 -0.02732680
v -0.03510987 -0.00350000 -0.02530259
v -0.03510987 -0.00350000 -0.02327838
v -0.03510987 -0.00350000 -0.02125418
v -0.03510987 -0.00350000 -0.01922997
v -0.03510987 -0.00350000 -0.01720576
v -0.03510987 -0.00350000 -0.01518155
v -0.03510987 -0.00350000 -0.01315735
v -0.03510987 -0.00350000 -0.01113314
v -0.03510987 -0.00350000 -0.00910893
v -0.03510987 -0.00350000 -0.00708473
v -0.03510987 -0.00350000 -0.00506052
v -0.03510987 -0.00350000 -0.00303631
v -0.03510987 -0.00350000 -0.00101210
v -0.03510987 -0.00350000 0.00101210
v -0.03510987 -0.00350000 0.00303631
v -0.03510987 -0.00350000 0.00506052
v -0.03510987 -0.00350000 0.00708473
v -0.03510987 -0.00350000 0.00910893
v -0.03510987 -0.00350000 0.01113314
v -0.03510987 -0.00350000 0.01315735
v -0.03510987 -0.00350000 0.01518155
v -0.03510987 -0.00350000 0.01720576
v -0.03510987 -0.00350000 0.01922997
v -0.03510987 -0.00350000 0.02125418
v -0.03510987 -0.00350000 0.02327838
v -0.03510987 -0.00350000 0.02530259
v -0.03510987 -0.00350000 0.02732680
v -0.03510987 -0.00350000 0.02935101
v -0.03510987 -0.00350000 0.03137521
v -0.03510987 -0.00350000 0.03339942
v -0.03510987 -0.00350000 0.03542363
v -0.03510987 -0.00297847 0.03744784
v -0.03510987 -0.00272557 0.03774957
v -0.03510987 -0.00163534 -0.03862276
v -0.03510987 -0.00163534 0.03862276
v -0.03510987 -0.00054511 -0.03897706
v -0.03510987 -0.00054511 0.03897706
v -0.03510987 0.00054511 -0.03897706
v -0.03510987 0.00054511 0.03897706
v -0.03510987 0.00163534 -0.03862276
v -0.03510987 0.00163534 0.03862276
v -0.03510987 0.00272557 -0.03774957
v -0.03510987 0.00272557 0.03774957
v -0.03510987 0.00297847 -0.03744784
v -0.03510987 0.00350000 -0.03542363
v -0.03510987 0.00350000 -0.03339942
v -0.03510987 0.00350000 -0.03137521
v -0.03510987 0.00350000 -0.02935101
v -0.03510987 0.00350000 -0.02732680
v -0.03510987 0.00350000 -0.02530259
v -0.03510987 0.00350000 -0.02327838
v -0.03510987 0.00350000 -0.02125418
v -0.03510987 0.00350000 -0.01922997
v -0.03510987 0.00350000 -0.01720576
v -0.03510987 0.00350000 -0.01518155
v -0.03510987 0.00350000 -0.01315735
v -0.03510987 0.00350000 -0.01113314
v -0.03510987 0.00350000 -0.00910893
v -0.03510987 0.00350000 -0.00708473
v -0.03510987 0.00350000 -0.00506052
v -0.03510987 0.00350000 -0.00303631
v -0.03510987 0.00350000 -0.00101210
v -0.03510987 0.00350000 0.00101210
v -0.03510987 0.00350000 0.00303631
v -0.03510987 0.00350000 0.00506052
v -0.03510987 0.00350000 0.00708473
v -0.03510987 0.00350000 0.00910893
v -0.03510987 0.00350000 0.01113314
v -0.03510987 0.00350000 0.01315735
v -0.03510987 0.00350000 0.01518155
v -0.03510987 0.00350000 0.01720576
v -0.03510987 0.00350000 0.01922997
v -0.03510987 0.00350000 0.02125418
v -0.03510987 0.00350000 0.02327838
v -0.03510987 0.00350000 0.02530259
v -0.03510987 0.00350000 0.02732680
v -0.03510987 0.00350000 0.02935101
v -0.03510987 0.00350000 0.03137521
v -0.03510987 0.00350000 0.03339942
v -0.03510987 0.00350000 0.03542363
v -0.03510987 0.00297847 0.03744784
v -0.03284472 -0.00297847 -0.03744784
v -0.03284472 -0.00272557 -0.03774957
v -0.03284472 -0.00350000 -0.03542363
v -0.03284472 -0.00350000 -0.03339942
v -0.03284472 -0.00350000 -0.03137521
v -0.03284472 -0.00350000 -0.02935101
v -0.03284472 -0.00350000 -0.02732680
v -0.03284472 -0.00350000 -0.02530259
v -0.03284472 -0.00350000 -0.02327838
v -0.03284472 -0.00350000 -0.02125418
v -0.03284472 -0.00350000 -0.01922997
v -0.03284472 -0.00350000 -0.01720576
v -0.03284472 -0.00350000 -0.01518155
v -0.03284472 -0.00350000 -0.01315735
v -0.03284472 -0.00350000 -0.01113314
v -0.03284472 -0.00350000 -0.00910893
v -0.03284472 -0.00350000 -0.00708473
v -0.03284472 -0.00350000 -0.00506052
v -0.03284472 -0.00350000 -0.00303631
v -0.03284472 -0.00350000 -0.00101210
v -0.03284472 -0.00350000 0.00101210
v -0.03284472 -0.00350000 0.00303631
v -0.03284472 -0.00350000 0.00506052
v -0.03284472 -0.00350000 0.00708473
v -0.03284472 -0.00350000 0.00910893
v -0.03284472 -0.00350000 0.01113314
v -0.03284472 -0.00350000 0.01315735
v -0.03284472 -0.00350000 0.01518155
v -0.03284472 -0.00350000 0.01720576
v -0.03284472 -0.00350000 0.01922997
v -0.03284472 -0.00350000 0.02125418
v -0.03284472 -0.00350000 0.02327838
v -0.03284472 -0.00350000 0.02530259
v -0.03284472 -0.00350000 0.02732680
v -0.03284472 -0.00350000 0.02935101
v -0.03284472 -0.00350000 0.03137521
v -0.03284472 -0.00350000 0.03339942
v -0.03284472 -0.00350000 0.03542363
v -0.03284472 -0.00297847 0.03744784
v -0.03284472 -0.00272557 0.03774957
v -0.03284472 -0.00163534 -0.03862276
v -0.03284472 -0.00163534 0.03862276
v -0.03284472 -0.00054511 -0.03897706
v -0.03284472 -0.00054511 0.03897706
v -0.03284472 0.00054511 -0.03897706
v -0.03284472 0.00054511 0.03897706
v -0.03284472 0.00163534 -0.03862276
v -0.03284472 0.00163534 0.03862276
v -0.03284472 0.00272557 -0.03774957
v -0.03284472 0.00272557 0.03774957
v -0.03284472 0.00297847 -0.03744784
v -0.03284472 0.00350000 -0.03542363
v -0.03284472 0.00350000 -0.03339942
v -0.03284472 0.00350000 -0.03137521
v -0.03284472 0.00350000 -0.02935101
v -0.03284472 0.00350000 -0.02732680
v -0.03284472 0.00350000 -0.02530259
v -0.03284472 0.00350000 -0.02327838
v -0.03284472 0.00350000 -0.02125418
v -0.03284472 0.00350000 -0.01922997
v -0.03284472 0.00350000 -0.01720576
v -0.03284472 0.00350000 -0.01518155
v -0.03284472 0.00350000 -0.01315735
v -0.03284472 0.00350000 -0.01113314
v -0.03284472 0.00350000 -0.00910893
v -0.03284472 0.00350000 -0.00708473
v -0.03284472 0.00350000 -0.00506052
v -0.03284472 0.00350000 -0.00303631
v -0.03284472 0.00350000 -0.00101210
v -0.03284472 0.00350000 0.00101210
v -0.03284472 0.00350000 0.00303631
v -0.03284472 0.00350000 0.00506052
v -0.03284472 0.00350000 0.00708473
v -0.03284472 0.00350000 0.00910893
v -0.03284472 0.00350000 0.01113314
v -0.03284472 0.00350000 0.01315735
v -0.03284472 0.00350000 0.01518155
v -0.03284472 0.00350000 0.01720576
v -0.03284472 0.00350000 0.01922997
v -0.03284472 0.00350000 0.02125418
v -0.03284472 0.00350000 0.02327838
v -0.03284472 0.00350000 0.02530259
v -0.03284472 0.00350000 0.02732680
v -0.03284472 0.00350000 0.02935101
v -0.03284472 0.00350000 0.03137521
v -0.03284472 0.00350000 0.03339942
v -0.03284472 0.00350000 0.03542363
v -0.03284472 0.00297847 0.03744784
v -0.03057957 -0.00297847 -0.03744784
v -0.03057957 -0.00272557 -0.03774957
v -0.03057957 -0.00350000 -0.03542363
v -0.03057957 -0.00350000 -0.03339942
v -0.03057957 -0.00350000 -0.03137521
v -0.03057957 -0.00350000 -0.02935101
v -0.03057957 -0.00350000 -0.02732680
v -0.03057957 -0.00350000 -0.02530259
v -0.03057957 -0.00350000 -0.02327838
v -0.03057957 -0.00350000 -0.02125418
v -0.03057957 -0.00350000 -0.01922997
v -0.03057957 -0.00350000 -0.01720576
v -0.03057957 -0.00350000 -0.01518155
v -0.03057957 -0.00350000 -0.01315735
v -0.03057957 -0.00350000 -0.01113314
v -0.03057957 -0.00350000 -0.00910893
v -0.03057957 -0.00350000 -0.00708473
v -0.03057957 -0.00350000 -0.00506052
v -0.03057957 -0.00350000 -0.00303631
v -0.03057957 -0.00350000 -0.00101210
v -0.03057957 -0.00350000 0.00101210
v -0.03057957 -0.00350000 0.00303631
v -0.03057957 -0.00350000 0.00506052
v -0.03057957 -0.00350000 0.00708473
v -0.03057957 -0.00350000 0.00910893
v -0.03057957 -0.00350000 0.01113314
v -0.03057957 -0.00350000 0.01315735
v -0.03057957 -0.00350000 0.01518155
v -0.03057957 -0.00350000 0.01720576
v -0.03057957 -0.00350000 0.01922997
v -0.03057957 -0.00350000 0.02125418
v -0.03057957 -0.00350000 0.02327838
v -0.03057957 -0.00350000 0.02530259
v -0.03057957 -0.00350000 0.02732680
v -0.03057957 -0.00350000 0.02935101
v -0.03057957 -0.00350000 0.03137521
v -0.03057957 -0.00350000 0.03339942
v -0.03057957 -0.00350000 0.03542363
v -0.03057957 -0.00297847 0.03744784
v -0.03057957 -0.00272557 0.03774957
v -0.03057957 -0.00163534 -0.03862276
v -0.03057957 -0.00163534 0.03862276
v -0.03057957 -0.00054511 -0.03897706
v -0.03057957 -0.00054511 0.03897706
v -0.03057957 0.00054511 -0.03897706
v -0.03057957 0.00054511 0.03897706
v -0.03057957 0.00163534 -0.03862276
v -0.03057957 0.00163534 0.03862276
v -0.03057957 0.00272557 -0.03774957
v -0.03057957 0.00272557 0.03774957
v -0.03057957 0.00297847 -0.03744784
v -0.03057957 0.00350000 -0.03542363
v -0.03057957 0.00350000 -0.03339942
v -0.03057957 0.00350000 -0.03137521
v -0.03057957 0.00350000 -0.02935101
v -0.03057957 0.00350000 -0.02732680
v -0.03057957 0.00350000 -0.02530259
v -0.03057957 0.00350000 -0.02327838
v -0.03057957 0.00350000 -0.02125418
v -0.03057957 0.00350000 -0.01922997
v -0.03057957 0.00350000 -0.01720576
v -0.03057957 0.00350000 -0.01518155
v -0.03057957 0.00350000 -0.01315735
v -0.03057957 0.00350000 -0.01113314
v -0.03057957 0.00350000 -0.00910893
v -0.03057957 0.00350000 -0.00708473
v -0.03057957 0.00350000 -0.00506052
v -0.03057957 0.00350000 -0.00303631
v -0.03057957 0.00350000 -0.00101210
v -0.03057957 0.00350000 0.00101210
v -0.03057957 0.00350000 0.00303631
v -0.03057957 0.00350000 0.00506052
v -0.03057957 0.00350000 0.00708473
v -0.03057957 0.00350000 0.00910893
v -0.03057957 0.00350000 0.01113314
v -0.03057957 0.00350000 0.01315735
v -0.03057957 0.00350000 0.01518155
v -0.03057957 0.00350000 0.01720576
v -0.03057957 0.00350000 0.01922997
v -0.03057957 0.00350000 0.02125418
v -0.03057957 0.00350000 0.02327838
v -0.03057957 0.00350000 0.02530259
v -0.03057957 0.00350000 0.02732680
v -0.03057957 0.00350000 0.02935101
v -0.03057957 0.00350000 0.03137521
v -0.03057957 0.00350000 0.03339942
v -0.03057957 0.00350000 0.03542363
v -0.03057957 0.00297847 0.03744784
v -0.02831441 -0.00297847 -0.03744784
v -0.02831441 -0.00272557 -0.03774957
v -0.02831441 -0.00350000 -0.03542363
v -0.02831441 -0.00350000 -0.03339942
v -0.02831441 -0.00350000 -0.03137521
v -0.02831441 -0.00350000 -0.02935101
v -0.02831441 -0.00350000 -0.02732680
v -0.02831441 -0.00350000 -0.02530259
v -0.02831441 -0.00350000 -0.02327838
v -0.02831441 -0.00350000 -0.02125418
v -0.02831441 -0.00350000 -0.01922997
v -0.02831441 -0.00350000 -0.01720576
v -0.02831441 -0.00350000 -0.01518155
v -0.02831441 -0.00350000 -0.01315735
v -0.02831441 -0.00350000 -0.01113314
v -0.02831441 -0.00350000 -0.00910893
v -0.02831441 -0.00350000 -0.00708473
v -0.02831441 -0.00350000 -0.00506052
v -0.02831441 -0.00350000 -0.00303631
v -0.02831441 -0.00350000 -0.00101210
v -0.02831441 -0.00350000 0.00101210
v -0.02831441 -0.00350000 0.00303631
v -0.02831441 -0.00350000 0.00506052
v -0.02831441 -0.00350000 0.00708473
v -0.02831441 -0.00350000 0.00910893
v -0.02831441 -0.00350000 0.01113314
v -0.02831441 -0.00350000 0.01315735
v -0.02831441 -0.00350000 0.01518155
v -0.02831441 -0.00350000 0.01720576
v -0.02831441 -0.00350000 0.01922997
v -0.02831441 -0.00350000 0.02125418
v -0.02831441 -0.00350000 0.02327838
v -0.02831441 -0.00350000 0.02530259
v -0.02831441 -0.00350000 0.02732680
v -0.02831441 -0.00350000 0.02935101
v -0.02831441 -0.00350000 0.03137521
v -0.02831441 -0.00350000 0.03339942
v -0.02831441 -0.00350000 0.03542363
v -0.02831441 -0.00297847 0.03744784
v -0.02831441 -0.00272557 0.03774957
v -0.02831441 -0.00163534 -0.03862276
v -0.02831441 -0.00163534 0.03862276
v -0.02831441 -0.00054511 -0.03897706
v -0.02831441 -0.00054511 0.03897706
v -0.02831441 0.00054511 -0.03897706
v -0.02831441 0.00054511 0.03897706
v -0.02831441 0.00163534 -0.03862276
v -0.02831441 0.00163534 0.03862276
v -0.02831441 0.00272557 -0.03774957
v -0.02831441 0.00272557 0.03774957
v -0.02831441 0.00297847 -0.03744784
v -0.02831441 0.00350000 -0.03542363
v -0.02831441 0.00350000 -0.03339942
v -0.02831441 0.00350000 -0.03137521
v -0.02831441 0.00350000 -0.02935101
v -0.02831441 0.00350000 -0.02732680
v -0.02831441 0.00350000 -0.02530259
v -0.02831441 0.00350000 -0.02327838
v -0.02831441 0.00350000 -0.02125418
v -0.02831441 0.00350000 -0.01922997
v -0.02831441 0.00350000 -0.01720576
v -0.02831441 0.00350000 -0.01518155
v -0.02831441 0.00350000 -0.01315735
v -0.02831441 0.00350000 -0.01113314
v -0.02831441 0.00350000 -0.00910893
v -0.02831441 0.00350000 -0.00708473
v -0.02831441 0.00350000 -0.00506052
v -0.02831441 0.00350000 -0.00303631
v -0.02831441 0.00350000 -0.00101210
v -0.02831441 0.00350000 0.00101210
v -0.02831441 0.00350000 0.00303631
v -0.02831441 0.00350000 0.00506052
v -0.02831441 0.00350000 0.00708473
v -0.02831441 0.00350000 0.00910893
v -0.02831441 0.00350000 0.01113314
v -0.02831441 0.00350000 0.01315735
v -0.02831441 0.00350000 0.01518155
v -0.02831441 0.00350000 0.01720576
v -0.02831441 0.00350000 0.01922997
v -0.02831441 0.00350000 0.02125418
v -0.02831441 0.00350000 0.02327838
v -0.02831441 0.00350000 0.02530259
v -0.02831441 0.00350000 0.02732680
v -0.02831441 0.00350000 0.02935101
v -0.02831441 0.00350000 0.03137521
v -0.02831441 0.00350000 0.03339942
v -0.02831441 0.00350000 0.03542363
v -0.02831441 0.00297847 0.03744784
v -0.02604926 -0.00297847 -0.03744784
v -0.02604926 -0.00272557 -0.03774957
v -0.02604926 -0.00350000 -0.03542363
v -0.02604926 -0.00350000 -0.03339942
v -0.02604926 -0.00350000 -0.03137521
v -0.02604926 -0.00350000 -0.02935101
v -0.02604926 -0.00350000 -0.02732680
v -0.02604926 -0.00350000 -0.02530259
v -0.02604926 -0.00350000 -0.02327838
v -0.02604926 -0.00350000 -0.02125418
v -0.02604926 -0.00350000 -0.01922997
v -0.02604926 -0.00350000 -0.01720576
v -0.02604926 -0.00350000 -0.01518155
v -0.02604926 -0.00350000 -0.01315735
v -0.02604926 -0.00350000 -0.01113314
v -0.02604926 -0.00350000 -0.00910893
v -0.02604926 -0.00350000 -0.00708473
v -0.02604926 -0.00350000 -0.00506052
v -0.02604926 -0.00350000 -0.00303631
v -0.02604926 -0.00350000 -0.00101210
v -0.02604926 -0.00350000 0.00101210
v -0.02604926 -0.00350000 0.00303631
v -0.02604926 -0.00350000 0.00506052
v -0.02604926 -0.00350000 0.00708473
v -0.02604926 -0.00350000 0.00910893
v -0.02604926 -0.00350000 0.01113314
v -0.02604926 -0.00350000 0.01315735
v -0.02604926 -0.00350000 0.01518155
v -0.02604926 -0.00350000 0.01720576
v -0.02604926 -0.00350000 0.01922997
v -0.02604926 -0.00350000 0.02125418
v -0.02604926 -0.00350000 0.02327838
v -0.02604926 -0.00350000 0.02530259
v -0.02604926 -0.00350000 0.02732680
v -0.02604926 -0.00350000 0.02935101
v -0.02604926 -0.00350000 0.03137521
v -0.02604926 -0.00350000 0.03339942
v -0.02604926 -0.00350000 0.03542363
v -0.02604926 -0.00297847 0.03744784
v -0.02604926 -0.00272557 0.03774957
v -0.02604926 -0.00163534 -0.03862276
v -0.02604926 -0.00163534 0.03862276
v -0.02604926 -0.00054511 -0.03897706
v -0.02604926 -0.00054511 0.03897706
v -0.02604926 0.00054511 -0.03897706
v -0.02604926 0.00054511 0.03897706
v -0.02604926 0.00163534 -0.03862276
v -0.02604926 0.00163534 0.03862276
v -0.02604926 0.00272557 -0.03774957
v -0.02604926 0.00272557 0.03774957
v -0.02604926 0.00297847 -0.03744784
v -0.02604926 0.00350000 -0.03542363
v -0.02604926 0.00350000 -0.03339942
v -0.02604926 0.00350000 -0.03137521
v -0.02604926 0.00350000 -0.02935101
v -0.02604926 0.00350000 -0.02732680
v -0.02604926 0.00350000 -0.02530259
v -0.02604926 0.00350000 -0.02327838
v -0.02604926 0.00350000 -0.02125418
v -0.02604926 0.00350000 -0.01922997
v -0.02604926 0.00350000 -0.01720576
v -0.02604926 0.00350000 -0.01518155
v -0.02604926 0.00350000 -0.01315735
v -0.02604926 0.00350000 -0.01113314
v -0.02604926 0.00350000 -0.00910893
v -0.02604926 0.00350000 -0.00708473
v -0.02604926 0.00350000 -0.00506052
v -0.02604926 0.00350000 -0.00303631
v -0.02604926 0.00350000 -0.00101210
v -0.02604926 0.00350000 0.00101210
v -0.02604926 0.00350000 0.00303631
v -0.02604926 0.00350000 0.00506052
v -0.02604926 0.00350000 0.00708473
v -0.02604926 0.00350000 0.00910893
v -0.02604926 0.00350000 0.01113314
v -0.02604926 0.00350000 0.01315735
v -0.02604926 0.00350000 0.01518155
v -0.02604926 0.00350000 0.01720576
v -0.02604926 0.00350000 0.01922997
v -0.02604926 0.00350000 0.02125418
v -0.02604926 0.00350000 0.02327838
v -0.02604926 0.00350000 0.02530259
v -0.02604926 0.00350000 0.02732680
v -0.02604926 0.00350000 0.02935101
v -0.02604926 0.00350000 0.03137521
v -0.02604926 0.00350000 0.03339942
v -0.02604926 0.00350000 0.03542363
v -0.02604926 0.00297847 0.03744784
v -0.02378411 -0.00297847 -0.03744784
v -0.02378411 -0.00272557 -0.03774957
v -0.02378411 -0.00350000 -0.03542363
v -0.02378411 -0.00350000 -0.03339942
v -0.02378411 -0.00350000 -0.03137521
v -0.02378411 -0.00350000 -0.02935101
v -0.02378411 -0.00350000 -0.02732680
v -0.02378411 -0.00350000 -0.02530259
v -0.02378411 -0.00350000 -0.02327838
v -0.02378411 -0.00350000 -0.02125418
v -0.02378411 -0.00350000 -0.01922997
v -0.02378411 -0.00350000 -0.01720576
v -0.02378411 -0.00350000 -0.01518155
v -0.02378411 -0.00350000 -0.01315735
v -0.02378411 -0.00350000 -0.01113314
v -0.02378411 -0.00350000 -0.00910893
v -0.02378411 -0.00350000 -0.00708473
v -0.02378411 -0.00350000 -0.00506052
v -0.02378411 -0.00350000 -0.00303631
v -0.02378411 -0.00350000 -0.00101210
v -0.02378411 -0.00350000 0.00101210
v -0.02378411 -0.00350000 0.00303631
v -0.02378411 -0.00350000 0.00506052
v -0.02378411 -0.00350000 0.00708473
v -0.02378411 -0.00350000 0.00910893
v -0.02378411 -0.00350000 0.01113314
v -0.02378411 -0.00350000 0.01315735
v -0.02378411 -0.00350000 0.01518155
v -0.02378411 -0.00350000 0.01720576
v -0.02378411 -0.00350000 0.01922997
v -0.02378411 -0.00350000 0.02125418
v -0.02378411 -0.00350000 0.02327838
v -0.02378411 -0.00350000 0.02530259
v -0.02378411 -0.00350000 0.02732680
v -0.02378411 -0.00350000 0.02935101
v -0.02378411 -0.00350000 0.03137521
v -0.02378411 -0.00350000 0.03339942
v -0.02378411 -0.00350000 0.03542363
v -0.02378411 -0.00297847 0.03744784
v -0.02378411 -0.00272557 0.03774957
v -0.02378411 -0.00163534 -0.03862276
v -0.02378411 -0.00163534 0.03862276
v -0.02378411 -0.00054511 -0.03897706
v -0.02378411 -0.00054511 0.03897706
v -0.02378411 0.00054511 -0.03897706
v -0.02378411 0.00054511 0.03897706
v -0.02378411 0.00163534 -0.03862276
v -0.02378411 0.00163534 0.03862276
v -0.02378411 0.00272557 -0.03774957
v -0.02378411 0.00272557 0.03774957
v -0.02378411 0.00297847 -0.03744784
v -0.02378411 0.00350000 -0.03542363
v -0.02378411 0.00350000 -0.03339942
v -0.02378411 0.00350000 -0.03137521
v -0.02378411 0.00350000 -0.02935101
v -0.02378411 0.00350000 -0.02732680
v -0.02378411 0.00350000 -0.02530259
v -0.02378411 0.00350000 -0.02327838
v -0.02378411 0.00350000 -0.02125418
v -0.02378411 0.00350000 -0.01922997
v -0.02378411 0.00350000 -0.01720576
v -0.02378411 0.00350000 -0.01518155
v -0.02378411 0.00350000 -0.01315735
v -0.02378411 0.00350000 -0.01113314
v -0.02378411 0.00350000 -0.00910893
v -0.02378411 0.00350000 -0.00708473
v -0.02378411 0.00350000 -0.00506052
v -0.02378411 0.00350000 -0.00303631
v -0.02378411 0.00350000 -0.00101210
v -0.02378411 0.00350000 0.00101210
v -0.02378411 0.00350000 0.00303631
v -0.02378411 0.00350000 0.00506052
v -0.02378411 0.00350000 0.00708473
v -0.02378411 0.00350000 0.00910893
v -0.02378411 0.00350000 0.01113314
v -0.02378411 0.00350000 0.01315735
v -0.02378411 0.00350000 0.01518155
v -0.02378411 0.00350000 0.01720576
v -0.02378411 0.00350000 0.01922997
v -0.02378411 0.00350000 0.02125418
v -0.02378411 0.00350000 0.02327838
v -0.02378411 0.00350000 0.02530259
v -0.02378411 0.00350000 0.02732680
v -0.02378411 0.00350000 0.02935101
v -0.02378411 0.00350000 0.03137521
v -0.02378411 0.00350000 0.03339942
v -0.02378411 0.00350000 0.03542363
v -0.02378411 0.00297847 0.03744784
v -0.02151895 -0.00297847 -0.03744784
v -0.02151895 -0.00272557 -0.03774957
v -0.02151895 -0.00350000 -0.03542363
v -0.02151895 -0.00350000 -0.03339942
v -0.02151895 -0.00350000 -0.03137521
v -0.02151895 -0.00350000 -0.02935101
v -0.02151895 -0.00350000 -0.02732680
v -0.02151895 -0.00350000 -0.02530259
v -0.02151895 -0.00350000 -0.02327838
v -0.02151895 -0.00350000 -0.02125418
v -0.02151895 -0.00350000 -0.01922997
v -0.02151895 -0.00350000 -0.01720576
v -0.02151895 -0.00350000 -0.01518155
v -0.02151895 -0.00350000 -0.01315735
v -0.02151895 -0.00350000 -0.01113314
v -0.02151895 -0.00350000 -0.00910893
v -0.02151895 -0.00350000 -0.00708473
v -0.02151895 -0.00350000 -0.00506052
v -0.02151895 -0.00350000 -0.00303631
v -0.02151895 -0.00350000 -0.00101210
v -0.02151895 -0.00350000 0.00101210
v -0.02151895 -0.00350000 0.00303631
v -0.02151895 -0.00350000 0.00506052
v -0.02151895 -0.00350000 0.00708473
v -0.02151895 -0.00350000 0.00910893
v -0.02151895 -0.00350000 0.01113314
v -0.02151895 -0.00350000 0.01315735
v -0.02151895 -0.00350000 0.01518155
v -0.02151895 -0.00350000 0.01720576
v -0.02151895 -0.00350000 0.01922997
v -0.02151895 -0.00350000 0.02125418
v -0.02151895 -0.00350000 0.02327838
v -0.02151895 -0.00350000 0.02530259
v -0.02151895 -0.00350000 0.02732680
v -0.02151895 -0.00350000 0.02935101
v -0.02151895 -0.00350000 0.03137521
v -0.02151895 -0.00350000 0.03339942
v -0.02151895 -0.00350000 0.03542363
v -0.02151895 -0.00297847 0.03744784
v -0.02151895 -0.00272557 0.03774957
v -0.02151895 -0.00163534 -0.03862276
v -0.02151895 -0.00163534 0.03862276
v -0.02151895 -0.00054511 -0.03897706
v -0.02151895 -0.00054511 0.03897706
v -0.02151895 0.00054511 -0.03897706
v -0.02151895 0.00054511 0.03897706
v -0.02151895 0.00163534 -0.03862276
v -0.02151895 0.00163534 0.03862276
v -0.02151895 0.00272557 -0.03774957
v -0.02151895 0.00272557 0.03774957
v -0.02151895 0.00297847 -0.03744784
v -0.02151895 0.00350000 -0.03542363
v -0.02151895 0.00350000 -0.03339942
v -0.02151895 0.00350000 -0.03137521
v -0.02151895 0.00350000 -0.02935101
v -0.02151895 0.00350000 -0.02732680
v -0.02151895 0.00350000 -0.02530259
v -0.02151895 0.00350000 -0.02327838
v -0.02151895 0.00350000 -0.02125418
v -0.02151895 0.00350000 -0.01922997
v -0.02151895 0.00350000 -0.01720576
v -0.02151895 0.00350000 -0.01518155
v -0.02151895 0.00350000 -0.01315735
v -0.02151895 0.00350000 -0.01113314
v -0.02151895 0.00350000 -0.00910893
v -0.02151895 0.00350000 -0.00708473
v -0.02151895 0.00350000 -0.00506052
v -0.02151895 0.00350000 -0.00303631
v -0.02151895 0.00350000 -0.00101210
v -0.02151895 0.00350000 0.00101210
v -0.02151895 0.00350000 0.00303631
v -0.02151895 0.00350000 0.00506052
v -0.02151895 0.00350000 0.00708473
v -0.02151895 0.00350000 0.00910893
v -0.02151895 0.00350000 0.01113314
v -0.02151895 0.00350000 0.01315735
v -0.02151895 0.00350000 0.01518155
v -0.02151895 0.00350000 0.01720576
v -0.02151895 0.00350000 0.01922997
v -0.02151895 0.00350000 0.02125418
v -0.02151895 0.00350000 0.02327838
v -0.02151895 0.00350000 0.02530259
v -0.02151895 0.00350000 0.02732680
v -0.02151895 0.00350000 0.02935101
v -0.02151895 0.00350000 0.03137521
v -0.02151895 0.00350000 0.03339942
v -0.02151895 0.00350000 0.03542363
v -0.02151895 0.00297847 0.03744784
v -0.01925380 -0.00297847 -0.03744784
v -0.01925380 -0.00272557 -0.03774957
v -0.01925380 -0.00350000 -0.03542363
v -0.01925380 -0.00350000 -0.03339942
v -0.01925380 -0.00350000 -0.03137521
v -0.01925380 -0.00350000 -0.02935101
v -0.01925380 -0.00350000 -0.02732680
v -0.01925380 -0.00350000 -0.02530259
v -0.01925380 -0.00350000 -0.02327838
v -0.01925380 -0.00350000 -0.02125418
v -0.01925380 -0.00350000 -0.01922997
v -0.01925380 -0.00350000 -0.01720576
v -0.01925380 -0.00350000 -0.01518155
v -0.01925380 -0.00350000 -0.01315735
v -0.01925380 -0.00350000 -0.01113314
v -0.01925380 -0.00350000 -0.00910893
v -0.01925380 -0.00350000 -0.00708473
v -0.01925380 -0.00350000 -0.00506052
v -0.01925380 -0.00350000 -0.00303631
v -0.01925380 -0.00350000 -0.00101210
v -0.01925380 -0.00350000 0.00101210
v -0.01925380 -0.00350000 0.00303631
v -0.01925380 -0.00350000 0.00506052
v -0.01925380 -0.00350000 0.00708473
v -0.01925380 -0.00350000 0.00910893
v -0.01925380 -0.00350000 0.01113314
v -0.01925380 -0.00350000 0.01315735
v -0.01925380 -0.00350000 0.01518155
v -0.01925380 -0.00350000 0.01720576
v -0.01925380 -0.00350000 0.01922997
v -0.01925380 -0.00350000 0.02125418
v -0.01925380 -0.00350000 0.02327838
v -0.01925380 -0.00350000 0.02530259
v -0.01925380 -0.00350000 0.02732680
v -0.01925380 -0.00350000 0.02935101
v -0.01925380 -0.00350000 0.03137521
v -0.01925380 -0.00350000 0.03339942
v -0.01925380 -0.00350000 0.03542363
v -0.01925380 -0.00297847 0.03744784
v -0.01925380 -0.00272557 0.03774957
v -0.01925380 -0.00163534 -0.03862276
v -0.01925380 -0.00163534 0.03862276
v -0.01925380 -0.00054511 -0.03897706
v -0.01925380 -0.00054511 0.03897706
v -0.01925380 0.00054511 -0.03897706
v -0.01925380 0.00054511 0.03897706
v -0.01925380 0.00163534 -0.03862276
v -0.01925380 0.00163534 0.03862276
v -0.01925380 0.00272557 -0.03774957
v -0.01925380 0.00272557 0.03774957
v -0.01925380 0.00297847 -0.03744784
v -0.01925380 0.00350000 -0.03542363
v -0.01925380 0.00350000 -0.03339942
v -0.01925380 0.00350000 -0.03137521
v -0.01925380 0.00350000 -0.02935101
v -0.01925380 0.00350000 -0.02732680
v -0.01925380 0.00350000 -0.02530259
v -0.01925380 0.00350000 -0.02327838
v -0.01925380 0.00350000 -0.02125418
v -0.01925380 0.00350000 -0.01922997
v -0.01925380 0.00350000 -0.01720576
v -0.01925380 0.00350000 -0.01518155
v -0.01925380 0.00350000 -0.01315735
v -0.01925380 0.00350000 -0.01113314
v -0.01925380 0.00350000 -0.00910893
v -0.01925380 0.00350000 -0.00708473
v -0.01925380 0.00350000 -0.00506052
v -0.01925380 0.00350000 -0.00303631
v -0.01925380 0.00350000 -0.00101210
v -0.01925380 0.00350000 0.00101210
v -0.01925380 0.00350000 0.00303631
v -0.01925380 0.00350000 0.00506052
v -0.01925380 0.00350000 0.00708473
v -0.01925380 0.00350000 0.00910893
v -0.01925380 0.00350000 0.01113314
v -0.01925380 0.00350000 0.01315735
v -0.01925380 0.00350000 0.01518155
v -0.01925380 0.00350000 0.01720576
v -0.01925380 0.00350000 0.01922997
v -0.01925380 0.00350000 0.02125418
v -0.01925380 0.00350000 0.02327838
v -0.01925380 0.00350000 0.02530259
v -0.01925380 0.00350000 0.02732680
v -0.01925380 0.00350000 0.02935101
v -0.01925380 0.00350000 0.03137521
v -0.01925380 0.00350000 0.03339942
v -0.01925380 0.00350000 0.03542363
v -0.01925380 0.00297847 0.03744784
v -0.01698865 -0.00297847 -0.03744784
v -0.01698865 -0.00272557 -0.03774957
v -0.01698865 -0.00350000 -0.03542363
v -0.01698865 -0.00350000 -0.03339942
v -0.01698865 -0.00350000 -0.03137521
v -0.01698865 -0.00350000 -0.02935101
v -0.01698865 -0.00350000 -0.02732680
v -0.01698865 -0.00350000 -0.02530259
v -0.01698865 -0.00350000 -0.02327838
v -0.01698865 -0.00350000 -0.02125418
v -0.01698865 -0.00350000 -0.01922997
v -0.01698865 -0.00350000 -0.01720576
v -0.01698865 -0.00350000 -0.01518155
v -0.01698865 -0.00350000 -0.01315735
v -0.01698865 -0.00350000 -0.01113314
v -0.01698865 -0.00350000 -0.00910893
v -0.01698865 -0.00350000 -0.00708473
v -0.01698865 -0.00350000 -0.00506052
v -0.01698865 -0.00350000 -0.00303631
v -0.01698865 -0.00350000 -0.00101210
v -0.01698865 -0.00350000 0.00101210
v -0.01698865 -0.00350000 0.00303631
v -0.01698865 -0.00350000 0.00506052
v -0.01698865 -0.00350000 0.00708473
v -0.01698865 -0.00350000 0.00910893
v -0.01698865 -0.00350000 0.01113314
v -0.01698865 -0.00350000 0.01315735
v -0.01698865 -0.00350000 0.01518155
v -0.01698865 -0.00350000 0.01720576
v -0.01698865 -0.00350000 0.01922997
v -0.01698865 -0.00350000 0.02125418
v -0.01698865 -0.00350000 0.02327838
v -0.01698865 -0.00350000 0.02530259
v -0.01698865 -0.00350000 0.02732680
v -0.01698865 -0.00350000 0.02935101
v -0.01698865 -0.00350000 0.03137521
v -0.01698865 -0.00350000 0.03339942
v -0.01698865 -0.00350000 0.03542363
v -0.01698865 -0.00297847 0.03744784
v -0.01698865 -0.00272557 0.03774957
v -0.01698865 -0.00163534 -0.03862276
v -0.01698865 -0.00163534 0.03862276
v -0.01698865 -0.00054511 -0.03897706
v -0.01698865 -0.00054511 0.03897706
v -0.01698865 0.00054511 -0.03897706
v -0.01698865 0.00054511 0.03897706
v -0.01698865 0.00163534 -0.03862276
v -0.01698865 0.00163534 0.03862276
v -0.01698865 0.00272557 -0.03774957
v -0.01698865 0.00272557 0.03774957
v -0.01698865 0.00297847 -0.03744784
v -0.01698865 0.00350000 -0.03542363
v -0.01698865 0.00350000 -0.03339942
v -0.01698865 0.00350000 -0.03137521
v -0.01698865 0.00350000 -0.02935101
v -0.01698865 0.00350000 -0.02732680
v -0.01698865 0.00350000 -0.02530259
v -0.01698865 0.00350000 -0.02327838
v -0.01698865 0.00350000 -0.02125418
v -0.01698865 0.00350000 -0.01922997
v -0.01698865 0.00350000 -0.01720576
v -0.01698865 0.00350000 -0.01518155
v -0.01698865 0.00350000 -0.01315735
v -0.01698865 0.00350000 -0.01113314
v -0.01698865 0.00350000 -0.00910893
v -0.01698865 0.00350000 -0.00708473
v -0.01698865 0.00350000 -0.00506052
v -0.01698865 0.00350000 -0.00303631
v -0.01698865 0.00350000 -0.00101210
v -0.01698865 0.00350000 0.00101210
v -0.01698865 0.00350000 0.00303631
v -0.01698865 0.00350000 0.00506052
v -0.01698865 0.00350000 0.00708473
v -0.01698865 0.00350000 0.00910893
v -0.01698865 0.00350000 0.01113314
v -0.01698865 0.00350000 0.01315735
v -0.01698865 0.00350000 0.01518155
v -0.01698865 0.00350000 0.01720576
v -0.01698865 0.00350000 0.01922997
v -0.01698865 0.00350000 0.02125418
v -0.01698865 0.00350000 0.02327838
v -0.01698865 0.00350000 0.02530259
v -0.01698865 0.00350000 0.02732680
v -0.01698865 0.00350000 0.02935101
v -0.01698865 0.00350000 0.03137521
v -0.01698865 0.00350000 0.03339942
v -0.01698865 0.00350000 0.03542363
v -0.01698865 0.00297847 0.03744784
v -0.01472349 -0.00297847 -0.03744784
v -0.01472349 -0.00272557 -0.03774957
v -0.01472349 -0.00350000 -0.03542363
v -0.01472349 -0.00350000 -0.03339942
v -0.01472349 -0.00350000 -0.03137521
v -0.01472349 -0.00350000 -0.02935101
v -0.01472349 -0.00350000 -0.02732680
v -0.01472349 -0.00350000 -0.02530259
v -0.01472349 -0.00350000 -0.02327838
v -0.01472349 -0.00350000 -0.02125418
v -0.01472349 -0.00350000 -0.01922997
v -0.01472349 -0.00350000 -0.01720576
v -0.01472349 -0.00350000 -0.01518155
v -0.01472349 -0.00350000 -0.01315735
v -0.01472349 -0.00350000 -0.01113314
v -0.01472349 -0.00350000 -0.00910893
v -0.01472349 -0.00350000 -0.00708473
v -0.01472349 -0.00350000 -0.00506052
v -0.01472349 -0.00350000 -0.00303631
v -0.01472349 -0.00350000 -0.00101210
v -0.01472349 -0.00350000 0.00101210
v -0.01472349 -0.00350000 0.00303631
v -0.01472349 -0.00350000 0.00506052
v -0.01472349 -0.00350000 0.00708473
v -0.01472349 -0.00350000 0.00910893
v -0.01472349 -0.00350000 0.01113314
v -0.01472349 -0.00350000 0.01315735
v -0.01472349 -0.00350000 0.01518155
v -0.01472349 -0.00350000 0.01720576
v -0.01472349 -0.00350000 0.01922997
v -0.01472349 -0.00350000 0.02125418
v -0.01472349 -0.00350000 0.02327838
v -0.01472349 -0.00350000 0.02530259
v -0.01472349 -0.00350000 0.02732680
v -0.01472349 -0.00350000 0.02935101
v -0.01472349 -0.00350000 0.03137521
v -0.01472349 -0.00350000 0.03339942
v -0.01472349 -0.00350000 0.03542363
v -0.01472349 -0.00297847 0.03744784
v -0.01472349 -0.00272557 0.03774957
v -0.01472349 -0.00163534 -0.03862276
v -0.01472349 -0.00163534 0.03862276
v -0.01472349 -0.00054511 -0.03897706
v -0.01472349 -0.00054511 0.03897706
v -0.01472349 0.00054511 -0.03897706
v -0.01472349 0.00054511 0.03897706
v -0.01472349 0.00163534 -0.03862276
v -0.01472349 0.00163534 0.03862276
v -0.01472349 0.00272557 -0.03774957
v -0.01472349 0.00272557 0.03774957
v -0.01472349 0.00297847 -0.03744784
v -0.01472349 0.00350000 -0.03542363
v -0.01472349 0.00350000 -0.03339942
v -0.01472349 0.00350000 -0.03137521
v -0.01472349 0.00350000 -0.02935101
v -0.01472349 0.00350000 -0.02732680
v -0.01472349 0.00350000 -0.02530259
v -0.01472349 0.00350000 -0.02327838
v -0.01472349 0.00350000 -0.02125418
v -0.01472349 0.00350000 -0.01922997
v -0.01472349 0.00350000 -0.01720576
v -0.01472349 0.00350000 -0.01518155
v -0.01472349 0.00350000 -0.01315735
v -0.01472349 0.00350000 -0.01113314
v -0.01472349 0.00350000 -0.00910893
v -0.01472349 0.00350000 -0.00708473
v -0.01472349 0.00350000 -0.00506052
v -0.01472349 0.00350000 -0.00303631
v -0.01472349 0.00350000 -0.00101210
v -0.01472349 0.00350000 0.00101210
v -0.01472349 0.00350000 0.00303631
v -0.01472349 0.00350000 0.00506052
v -0.01472349 0.00350000 0.00708473
v -0.01472349 0.00350000 0.00910893
v -0.01472349 0.00350000 0.01113314
v -0.01472349 0.00350000 0.01315735
v -0.01472349 0.00350000 0.01518155
v -0.01472349 0.00350000 0.01720576
v -0.01472349 0.00350000 0.01922997
v -0.01472349 0.00350000 0.02125418
v -0.01472349 0.00350000 0.02327838
v -0.01472349 0.00350000 0.02530259
v -0.01472349 0.00350000 0.02732680
v -0.01472349 0.00350000 0.02935101
v -0.01472349 0.00350000 0.03137521
v -0.01472349 0.00350000 0.03339942
v -0.01472349 0.00350000 0.03542363
v -0.01472349 0.00297847 0.03744784
v -0.01245834 -0.00297847 -0.03744784
v -0.01245834 -0.00272557 -0.03774957
v -0.01245834 -0.00350000 -0.03542363
v -0.01245834 -0.00350000 -0.03339942
v -0.01245834 -0.00350000 -0.03137521
v -0.01245834 -0.00350000 -0.02935101
v -0.01245834 -0.00350000 -0.02732680
v -0.01245834 -0.00350000 -0.02530259
v -0.01245834 -0.00350000 -0.02327838
v -0.01245834 -0.00350000 -0.02125418
v -0.01245834 -0.00350000 -0.01922997
v -0.01245834 -0.00350000 -0.01720576
v -0.01245834 -0.00350000 -0.01518155
v -0.01245834 -0.00350000 -0.01315735
v -0.01245834 -0.00350000 -0.01113314
v -0.01245834 -0.00350000 -0.00910893
v -0.01245834 -0.00350000 -0.00708473
v -0.01245834 -0.00350000 -0.00506052
v -0.01245834 -0.00350000 -0.00303631
v -0.01245834 -0.00350000 -0.00101210
v -0.01245834 -0.00350000 0.00101210
v -0.01245834 -0.00350000 0.00303631
v -0.01245834 -0.00350000 0.00506052
v -0.01245834 -0.00350000 0.00708473
v -0.01245834 -0.00350000 0.00910893
v -0.01245834 -0.00350000 0.01113314
v -0.01245834 -0.00350000 0.01315735
v -0.01245834 -0.00350000 0.01518155
v -0.01245834 -0.00350000 0.01720576
v -0.01245834 -0.00350000 0.01922997
v -0.01245834 -0.00350000 0.02125418
v -0.01245834 -0.00350000 0.02327838
v -0.01245834 -0.00350000 0.02530259
v -0.01245834 -0.00350000 0.02732680
v -0.01245834 -0.00350000 0.02935101
v -0.01245834 -0.00350000 0.03137521
v -0.01245834 -0.00350000 0.03339942
v -0.01245834 -0.00350000 0.03542363
v -0.01245834 -0.00297847 0.03744784
v -0.01245834 -0.00272557 0.03774957
v -0.01245834 -0.00163534 -0.03862276
v -0.01245834 -0.00163534 0.03862276
v -0.01245834 -0.00054511 -0.03897706
v -0.01245834 -0.00054511 0.03897706
v -0.01245834 0.00054511 -0.03897706
v -0.01245834 0.00054511 0.03897706
v -0.01245834 0.00163534 -0.03862276
v -0.01245834 0.00163534 0.03862276
v -0.01245834 0.00272557 -0.03774957
v -0.01245834 0.00272557 0.03774957
v -0.01245834 0.00297847 -0.03744784
v -0.01245834 0.00350000 -0.03542363
v -0.01245834 0.00350000 -0.03339942
v -0.01245834 0.00350000 -0.03137521
v -0.01245834 0.00350000 -0.02935101
v -0.01245834 0.00350000 -0.02732680
v -0.01245834 0.00350000 -0.02530259
v -0.01245834 0.00350000 -0.02327838
v -0.01245834 0.00350000 -0.02125418
v -0.01245834 0.00350000 -0.01922997
v -0.01245834 0.00350000 -0.01720576
v -0.01245834 0.00350000 -0.01518155
v -0.01245834 0.00350000 -0.01315735
v -0.01245834 0.00350000 -0.01113314
v -0.01245834 0.00350000 -0.00910893
v -0.01245834 0.00350000 -0.00708473
v -0.01245834 0.00350000 -0.00506052
v -0.01245834 0.00350000 -0.00303631
v -0.01245834 0.00350000 -0.00101210
v -0.01245834 0.00350000 0.00101210
v -0.01245834 0.00350000 0.00303631
v -0.01245834 0.00350000 0.00506052
v -0.01245834 0.00350000 0.00708473
v -0.01245834 0.00350000 0.00910893
v -0.01245834 0.00350000 0.01113314
v -0.01245834 0.00350000 0.01315735
v -0.01245834 0.00350000 0.01518155
v -0.01245834 0.00350000 0.01720576
v -0.01245834 0.00350000 0.01922997
v -0.01245834 0.00350000 0.02125418
v -0.01245834 0.00350000 0.02327838
v -0.01245834 0.00350000 0.02530259
v -0.01245834 0.00350000 0.02732680
v -0.01245834 0.00350000 0.02935101
v -0.01245834 0.00350000 0.03137521
v -0.01245834 0.00350000 0.03339942
v -0.01245834 0.00350000 0.03542363
v -0.01245834 0.00297847 0.03744784
v -0.01019319 -0.00297847 -0.03744784
v -0.01019319 -0.00272557 -0.03774957
v -0.01019319 -0.00350000 -0.03542363
v -0.01019319 -0.00350000 -0.03339942
v -0.01019319 -0.00350000 -0.03137521
v -0.01019319 -0.00350000 -0.02935101
v -0.01019319 -0.00350000 -0.02732680
v -0.01019319 -0.00350000 -0.02530259
v -0.01019319 -0.00350000 -0.02327838
v -0.01019319 -0.00350000 -0.02125418
v -0.01019319 -0.00350000 -0.01922997
v -0.01019319 -0.00350000 -0.01720576
v -0.01019319 -0.00350000 -0.01518155
v -0.01019319 -0.00350000 -0.01315735
v -0.01019319 -0.00350000 -0.01113314
v -0.01019319 -0.00350000 -0.00910893
v -0.01019319 -0.00350000 -0.00708473
v -0.01019319 -0.00350000 -0.00506052
v -0.01019319 -0.00350000 -0.00303631
v -0.01019319 -0.00350000 -0.00101210
v -0.01019319 -0.00350000 0.00101210
v -0.01019319 -0.00350000 0.00303631
v -0.01019319 -0.00350000 0.00506052
v -0.01019319 -0.00350000 0.00708473
v -0.01019319 -0.00350000 0.00910893
v -0.01019319 -0.00350000 0.01113314
v -0.01019319 -0.00350000 0.01315735
v -0.01019319 -0.00350000 0.01518155
v -0.01019319 -0.00350000 0.01720576
v -0.01019319 -0.00350000 0.01922997
v -0.01019319 -0.00350000 0.02125418
v -0.01019319 -0.00350000 0.02327838
v -0.01019319 -0.00350000 0.02530259
v -0.01019319 -0.00350000 0.02732680
v -0.01019319 -0.00350000 0.02935101
v -0.01019319 -0.00350000 0.03137521
v -0.01019319 -0.00350000 0.03339942
v -0.01019319 -0.00350000 0.03542363
v -0.01019319 -0.00297847 0.03744784
v -0.01019319 -0.00272557 0.03774957
v -0.01019319 -0.00163534 -0.03862276
v -0.01019319 -0.00163534 0.03862276
v -0.01019319 -0.00054511 -0.03897706
v -0.01019319 -0.00054511 0.03897706
v -0.01019319 0.00054511 -0.03897706
v -0.01019319 0.00054511 0.03897706
v -0.01019319 0.00163534 -0.03862276
v -0.01019319 0.00163534 0.03862276
v -0.01019319 0.00272557 -0.03774957
v -0.01019319 0.00272557 0.03774957
v -0.01019319 0.00297847 -0.03744784
v -0.01019319 0.00350000 -0.03542363
v -0.01019319 0.00350000 -0.03339942
v -0.01019319 0.00350000 -0.03137521
v -0.01019319 0.00350000 -0.02935101
v -0.01019319 0.00350000 -0.02732680
v -0.01019319 0.00350000 -0.02530259
v -0.01019319 0.00350000 -0.02327838
v -0.01019319 0.00350000 -0.02125418
v -0.01019319 0.00350000 -0.01922997
v -0.01019319 0.00350000 -0.01720576
v -0.01019319 0.00350000 -0.01518155
v -0.01019319 0.00350000 -0.01315735
v -0.01019319 0.00350000 -0.01113314
v -0.01019319 0.00350000 -0.00910893
v -0.01019319 0.00350000 -0.00708473
v -0.01019319 0.00350000 -0.00506052
v -0.01019319 0.00350000 -0.00303631
v -0.01019319 0.00350000 -0.00101210
v -0.01019319 0.00350000 0.00101210
v -0.01019319 0.00350000 0.00303631
v -0.01019319 0.00350000 0.00506052
v -0.01019319 0.00350000 0.00708473
v -0.01019319 0.00350000 0.00910893
v -0.01019319 0.00350000 0.01113314
v -0.01019319 0.00350000 0.01315735
v -0.01019319 0.00350000 0.01518155
v -0.01019319 0.00350000 0.01720576
v -0.01019319 0.00350000 0.01922997
v -0.01019319 0.00350000 0.02125418
v -0.01019319 0.00350000 0.02327838
v -0.01019319 0.00350000 0.02530259
v -0.01019319 0.00350000 0.02732680
v -0.01019319 0.00350000 0.02935101
v -0.01019319 0.00350000 0.03137521
v -0.01019319 0.00350000 0.03339942
v -0.01019319 0.00350000 0.03542363
v -0.01019319 0.00297847 0.03744784
v -0.00792804 -0.00297847 -0.03744784
v -0.00792804 -0.00272557 -0.03774957
v -0.00792804 -0.00350000 -0.03542363
v -0.00792804 -0.00350000 -0.03339942
v -0.00792804 -0.00350000 -0.03137521
v -0.00792804 -0.00350000 -0.02935101
v -0.00792804 -0.00350000 -0.02732680
v -0.00792804 -0.00350000 -0.02530259
v -0.00792804 -0.00350000 -0.02327838
v -0.00792804 -0.00350000 -0.02125418
v -0.00792804 -0.00350000 -0.01922997
v -0.00792804 -0.00350000 -0.01720576
v -0.00792804 -0.00350000 -0.01518155
v -0.00792804 -0.00350000 -0.01315735
v -0.00792804 -0.00350000 -0.01113314
v -0.00792804 -0.00350000 -0.00910893
v -0.00792804 -0.00350000 -0.00708473
v -0.00792804 -0.00350000 -0.00506052
v -0.00792804 -0.00350000 -0.00303631
v -0.00792804 -0.00350000 -0.00101210
v -0.00792804 -0.00350000 0.00101210
v -0.00792804 -0.00350000 0.00303631
v -0.00792804 -0.00350000 0.00506052
v -0.00792804 -0.00350000 0.00708473
v -0.00792804 -0.00350000 0.00910893
v -0.00792804 -0.00350000 0.01113314
v -0.00792804 -0.00350000 0.01315735
v -0.00792804 -0.00350000 0.01518155
v -0.00792804 -0.00350000 0.01720576
v -0.00792804 -0.00350000 0.01922997
v -0.00792804 -0.00350000 0.02125418
v -0.00792804 -0.00350000 0.02327838
v -0.00792804 -0.00350000 0.02530259
v -0.00792804 -0.00350000 0.02732680
v -0.00792804 -0.00350000 0.02935101
v -0.00792804 -0.00350000 0.03137521
v -0.00792804 -0.00350000 0.03339942
v -0.00792804 -0.00350000 0.03542363
v -0.00792804 -0.00297847 0.03744784
v -0.00792804 -0.00272557 0.03774957
v -0.00792804 -0.00163534 -0.03862276
v -0.00792804 -0.00163534 0.03862276
v -0.00792804 -0.00054511 -0.03897706
v -0.00792804 -0.00054511 0.03897706
v -0.00792804 0.00054511 -0.03897706
v -0.00792804 0.00054511 0.03897706
v -0.00792804 0.00163534 -0.03862276
v -0.00792804 0.00163534 0.03862276
v -0.00792804 0.00272557 -0.03774957
v -0.00792804 0.00272557 0.03774957
v -0.00792804 0.00297847 -0.03744784
v -0.00792804 0.00350000 -0.03542363
v -0.00792804 0.00350000 -0.03339942
v -0.00792804 0.00350000 -0.03137521
v -0.00792804 0.00350000 -0.02935101
v -0.00792804 0.00350000 -0.02732680
v -0.00792804 0.00350000 -0.02530259
v -0.00792804 0.00350000 -0.02327838
v -0.00792804 0.00350000 -0.02125418
v -0.00792804 0.00350000 -0.01922997
v -0.00792804 0.00350000 -0.01720576
v -0.00792804 0.00350000 -0.01518155
v -0.00792804 0.00350000 -0.01315735
v -0.00792804 0.00350000 -0.01113314
v -0.00792804 0.00350000 -0.00910893
v -0.00792804 0.00350000 -0.00708473
v -0.00792804 0.00350000 -0.00506052
v -0.00792804 0.00350000 -0.00303631
v -0.00792804 0.00350000 -0.00101210
v -0.00792804 0.00350000 0.00101210
v -0.00792804 0.00350000 0.00303631
v -0.00792804 0.00350000 0.00506052
v -0.00792804 0.00350000 0.00708473
v -0.00792804 0.00350000 0.00910893
v -0.00792804 0.00350000 0.01113314
v -0.00792804 0.00350000 0.01315735
v -0.00792804 0.00350000 0.01518155
v -0.00792804 0.00350000 0.01720576
v -0.00792804 0.00350000 0.01922997
v -0.00792804 0.00350000 0.02125418
v -0.00792804 0.00350000 0.02327838
v -0.00792804 0.00350000 0.02530259
v -0.00792804 0.00350000 0.02732680
v -0.00792804 0.00350000 0.02935101
v -0.00792804 0.00350000 0.03137521
v -0.00792804 0.00350000 0.03339942
v -0.00792804 0.00350000 0.03542363
v -0.00792804 0.00297847 0.03744784
v -0.00566288 -0.00297847 -0.03744784
v -0.00566288 -0.00272557 -0.03774957
v -0.00566288 -0.00350000 -0.03542363
v -0.00566288 -0.00350000 -0.03339942
v -0.00566288 -0.00350000 -0.03137521
v -0.00566288 -0.00350000 -0.02935101
v -0.00566288 -0.00350000 -0.02732680
v -0.00566288 -0.00350000 -0.02530259
v -0.00566288 -0.00350000 -0.02327838
v -0.00566288 -0.00350000 -0.02125418
v -0.00566288 -0.00350000 -0.01922997
v -0.00566288 -0.00350000 -0.01720576
v -0.00566288 -0.00350000 -0.01518155
v -0.00566288 -0.00350000 -0.01315735
v -0.00566288 -0.00350000 -0.01113314
v -0.00566288 -0.00350000 -0.00910893
v -0.00566288 -0.00350000 -0.00708473
v -0.00566288 -0.00350000 -0.00506052
v -0.00566288 -0.00350000 -0.00303631
v -0.00566288 -0.00350000 -0.00101210
v -0.00566288 -0.00350000 0.00101210
v -0.00566288 -0.00350000 0.00303631
v -0.00566288 -0.00350000 0.00506052
v -0.00566288 -0.00350000 0.00708473
v -0.00566288 -0.00350000 0.00910893
v -0.00566288 -0.00350000 0.01113314
v -0.00566288 -0.00350000 0.01315735
v -0.00566288 -0.00350000 0.01518155
v -0.00566288 -0.00350000 0.01720576
v -0.00566288 -0.00350000 0.01922997
v -0.00566288 -0.00350000 0.02125418
v -0.00566288 -0.00350000 0.02327838
v -0.00566288 -0.00350000 0.02530259
v -0.00566288 -0.00350000 0.02732680
v -0.00566288 -0.00350000 0.02935101
v -0.00566288 -0.00350000 0.03137521
v -0.00566288 -0.00350000 0.03339942
v -0.00566288 -0.00350000 0.03542363
v -0.00566288 -0.00297847 0.03744784
v -0.00566288 -0.00272557 0.03774957
v -0.00566288 -0.00163534 -0.03862276
v -0.00566288 -0.00163534 0.03862276
v -0.00566288 -0.00054511 -0.03897706
v -0.00566288 -0.00054511 0.03897706
v -0.00566288 0.00054511 -0.03897706
v -0.00566288 0.00054511 0.03897706
v -0.00566288 0.00163534 -0.03862276
v -0.00566288 0.00163534 0.03862276
v -0.00566288 0.00272557 -0.03774957
v -0.00566288 0.00272557 0.03774957
v -0.00566288 0.00297847 -0.03744784
v -0.00566288 0.00350000 -0.03542363
v -0.00566288 0.00350000 -0.03339942
v -0.00566288 0.00350000 -0.03137521
v -0.00566288 0.00350000 -0.02935101
v -0.00566288 0.00350000 -0.02732680
v -0.00566288 0.00350000 -0.02530259
v -0.00566288 0.00350000 -0.02327838
v -0.00566288 0.00350000 -0.02125418
v -0.00566288 0.00350000 -0.01922997
v -0.00566288 0.00350000 -0.01720576
v -0.00566288 0.00350000 -0.01518155
v -0.00566288 0.00350000 -0.01315735
v -0.00566288 0.00350000 -0.01113314
v -0.00566288 0.00350000 -0.00910893
v -0.00566288 0.00350000 -0.00708473
v -0.00566288 0.00350000 -0.00506052
v -0.00566288 0.00350000 -0.00303631
v -0.00566288 0.00350000 -0.00101210
v -0.00566288 0.00350000 0.00101210
v -0.00566288 0.00350000 0.00303631
v -0.00566288 0.00350000 0.00506052
v -0.00566288 0.00350000 0.00708473
v -0.00566288 0.00350000 0.00910893
v -0.00566288 0.00350000 0.01113314
v -0.00566288 0.00350000 0.01315735
v -0.00566288 0.00350000 0.01518155
v -0.00566288 0.00350000 0.01720576
v -0.00566288 0.00350000 0.01922997
v -0.00566288 0.00350000 0.02125418
v -0.00566288 0.00350000 0.02327838
v -0.00566288 0.00350000 0.02530259
v -0.00566288 0.00350000 0.02732680
v -0.00566288 0.00350000 0.02935101
v -0.00566288 0.00350000 0.03137521
v -0.00566288 0.00350000 0.03339942
v -0.00566288 0.00350000 0.03542363
v -0.00566288 0.00297847 0.03744784
v -0.00339773 -0.00297847 -0.03744784
v -0.00339773 -0.00272557 -0.03774957
v -0.00339773 -0.00350000 -0.03542363
v -0.00339773 -0.00350000 -0.03339942
v -0.00339773 -0.00350000 -0.03137521
v -0.00339773 -0.00350000 -0.02935101
v -0.00339773 -0.00350000 -0.02732680
v -0.00339773 -0.00350000 -0.02530259
v -0.00339773 -0.00350000 -0.02327838
v -0.00339773 -0.00350000 -0.02125418
v -0.00339773 -0.00350000 -0.01922997
v -0.00339773 -0.00350000 -0.01720576
v -0.00339773 -0.00350000 -0.01518155
v -0.00339773 -0.00350000 -0.01315735
v -0.00339773 -0.00350000 -0.01113314
v -0.00339773 -0.00350000 -0.00910893
v -0.00339773 -0.00350000 -0.00708473
v -0.00339773 -0.00350000 -0.00506052
v -0.00339773 -0.00350000 -0.00303631
v -0.00339773 -0.00350000 -0.00101210
v -0.00339773 -0.00350000 0.00101210
v -0.00339773 -0.00350000 0.00303631
v -0.00339773 -0.00350000 0.00506052
v -0.00339773 -0.00350000 0.00708473
v -0.00339773 -0.00350000 0.00910893
v -0.00339773 -0.00350000 0.01113314
v -0.00339773 -0.00350000 0.01315735
v -0.00339773 -0.00350000 0.01518155
v -0.00339773 -0.00350000 0.01720576
v -0.00339773 -0.00350000 0.01922997
v -0.00339773 -0.00350000 0.02125418
v -0.00339773 -0.00350000 0.02327838
v -0.00339773 -0.00350000 0.02530259
v -0.00339773 -0.00350000 0.02732680
v -0.00339773 -0.00350000 0.02935101
v -0.00339773 -0.00350000 0.03137521
v -0.00339773 -0.00350000 0.03339942
v -0.00339773 -0.00350000 0.03542363
v -0.00339773 -0.00297847 0.03744784
v -0.00339773 -0.00272557 0.03774957
v -0.00339773 -0.00163534 -0.03862276
v -0.00339773 -0.00163534 0.03862276
v -0.00339773 -0.00054511 -0.03897706
v -0.00339773 -0.00054511 0.03897706
v -0.00339773 0.00054511 -0.03897706
v -0.00339773 0.00054511 0.03897706
v -0.00339773 0.00163534 -0.03862276
v -0.00339773 0.00163534 0.03862276
v -0.00339773 0.00272557 -0.03774957
v -0.00339773 0.00272557 0.03774957
v -0.00339773 0.00297847 -0.03744784
v -0.00339773 0.00350000 -0.03542363
v -0.00339773 0.00350000 -0.03339942
v -0.00339773 0.00350000 -0.03137521
v -0.00339773 0.00350000 -0.02935101
v -0.00339773 0.00350000 -0.02732680
v -0.00339773 0.00350000 -0.02530259
v -0.00339773 0.00350000 -0.02327838
v -0.00339773 0.00350000 -0.02125418
v -0.00339773 0.00350000 -0.01922997
v -0.00339773 0.00350000 -0.01720576
v -0.00339773 0.00350000 -0.01518155
v -0.00339773 0.00350000 -0.01315735
v -0.00339773 0.00350000 -0.01113314
v -0.00339773 0.00350000 -0.00910893
v -0.00339773 0.00350000 -0.00708473
v -0.00339773 0.00350000 -0.00506052
v -0.00339773 0.00350000 -0.00303631
v -0.00339773 0.00350000 -0.00101210
v -0.00339773 0.00350000 0.00101210
v -0.00339773 0.00350000 0.00303631
v -0.00339773 0.00350000 0.00506052
v -0.00339773 0.00350000 0.00708473
v -0.00339773 0.00350000 0.00910893
v -0.00339773 0.00350000 0.01113314
v -0.00339773 0.00350000 0.01315735
v -0.00339773 0.00350000 0.01518155
v -0.00339773 0.00350000 0.01720576
v -0.00339773 0.00350000 0.01922997
v -0.00339773 0.00350000 0.02125418
v -0.00339773 0.00350000 0.02327838
v -0.00339773 0.00350000 0.02530259
v -0.00339773 0.00350000 0.02732680
v -0.00339773 0.00350000 0.02935101
v -0.00339773 0.00350000 0.03137521
v -0.00339773 0.00350000 0.03339942
v -0.00339773 0.00350000 0.03542363
v -0.00339773 0.00297847 0.03744784
v -0.00113258 -0.00297847 -0.03744784
v -0.00113258 -0.00272557 -0.03774957
v -0.00113258 -0.00350000 -0.03542363
v -0.00113258 -0.00350000 -0.03339942
v -0.00113258 -0.00350000 -0.03137521
v -0.00113258 -0.00350000 -0.02935101
v -0.00113258 -0.00350000 -0.02732680
v -0.00113258 -0.00350000 -0.02530259
v -0.00113258 -0.00350000 -0.02327838
v -0.00113258 -0.00350000 -0.02125418
v -0.00113258 -0.00350000 -0.01922997
v -0.00113258 -0.00350000 -0.01720576
v -0.00113258 -0.00350000 -0.01518155
v -0.00113258 -0.00350000 -0.01315735
v -0.00113258 -0.00350000 -0.01113314
v -0.00113258 -0.00350000 -0.00910893
v -0.00113258 -0.00350000 -0.00708473
v -0.00113258 -0.00350000 -0.00506052
v -0.00113258 -0.00350000 -0.00303631
v -0.00113258 -0.00350000 -0.00101210
v -0.00113258 -0.00350000 0.00101210
v -0.00113258 -0.00350000 0.00303631
v -0.00113258 -0.00350000 0.00506052
v -0.00113258 -0.00350000 0.00708473
v -0.00113258 -0.00350000 0.00910893
v -0.00113258 -0.00350000 0.01113314
v -0.00113258 -0.00350000 0.01315735
v -0.00113258 -0.00350000 0.01518155
v -0.00113258 -0.00350000 0.01720576
v -0.00113258 -0.00350000 0.01922997
v -0.00113258 -0.00350000 0.02125418
v -0.00113258 -0.00350000 0.02327838
v -0.00113258 -0.00350000 0.02530259
v -0.00113258 -0.00350000 0.02732680
v -0.00113258 -0.00350000 0.02935101
v -0.00113258 -0.00350000 0.03137521
v -0.00113258 -0.00350000 0.03339942
v -0.00113258 -0.00350000 0.03542363
v -0.00113258 -0.00297847 0.03744784
v -0.00113258 -0.00272557 0.03774957
v -0.00113258 -0.00163534 -0.03862276
v -0.00113258 -0.00163534 0.03862276
v -0.00113258 -0.00054511 -0.03897706
v -0.00113258 -0.00054511 0.03897706
v -0.00113258 0.00054511 -0.03897706
v -0.00113258 0.00054511 0.03897706
v -0.00113258 0.00163534 -0.03862276
v -0.00113258 0.00163534 0.03862276
v -0.00113258 0.00272557 -0.03774957
v -0.00113258 0.00272557 0.03774957
v -0.00113258 0.00297847 -0.03744784
v -0.00113258 0.00350000 -0.03542363
v -0.00113258 0.00350000 -0.03339942
v -0.00113258 0.00350000 -0.03137521
v -0.00113258 0.00350000 -0.02935101
v -0.00113258 0.00350000 -0.02732680
v -0.00113258 0.00350000 -0.02530259
v -0.00113258 0.00350000 -0.02327838
v -0.00113258 0.00350000 -0.02125418
v -0.00113258 0.00350000 -0.01922997
v -0.00113258 0.00350000 -0.01720576
v -0.00113258 0.00350000 -0.01518155
v -0.00113258 0.00350000 -0.01315735
v -0.00113258 0.00350000 -0.01113314
v -0.00113258 0.00350000 -0.00910893
v -0.00113258 0.00350000 -0.00708473
v -0.00113258 0.00350000 -0.00506052
v -0.00113258 0.00350000 -0.00303631
v -0.00113258 0.00350000 -0.00101210
v -0.00113258 0.00350000 0.00101210
v -0.00113258 0.00350000 0.00303631
v -0.00113258 0.00350000 0.00506052
v -0.00113258 0.00350000 0.00708473
v -0.00113258 0.00350000 0.00910893
v -0.00113258 0.00350000 0.01113314
v -0.00113258 0.00350000 0.01315735
v -0.00113258 0.00350000 0.01518155
v -0.00113258 0.00350000 0.01720576
v -0.00113258 0.00350000 0.01922997
v -0.00113258 0.00350000 0.02125418
v -0.00113258 0.00350000 0.02327838
v -0.00113258 0.00350000 0.02530259
v -0.00113258 0.00350000 0.02732680
v -0.00113258 0.00350000 0.02935101
v -0.00113258 0.00350000 0.03137521
v -0.00113258 0.00350000 0.03339942
v -0.00113258 0.00350000 0.03542363
v -0.00113258 0.00297847 0.03744784
v 0.00113258 -0.00297847 -0.03744784
v 0.00113258 -0.00272557 -0.03774957
v 0.00113258 -0.00350000 -0.03542363
v 0.00113258 -0.00350000 -0.03339942
v 0.00113258 -0.00350000 -0.03137521
v 0.00113258 -0.00350000 -0.02935101
v 0.00113258 -0.00350000 -0.02732680
v 0.00113258 -0.00350000 -0.02530259
v 0.00113258 -0.00350000 -0.02327838
v 0.00113258 -0.00350000 -0.02125418
v 0.00113258 -0.00350000 -0.01922997
v 0.00113258 -0.00350000 -0.01720576
v 0.00113258 -0.00350000 -0.01518155
v 0.00113258 -0.00350000 -0.01315735
v 0.00113258 -0.00350000 -0.01113314
v 0.00113258 -0.00350000 -0.00910893
v 0.00113258 -0.00350000 -0.00708473
v 0.00113258 -0.00350000 -0.00506052
v 0.00113258 -0.00350000 -0.00303631
v 0.00113258 -0.00350000 -0.00101210
v 0.00113258 -0.00350000 0.00101210
v 0.00113258 -0.00350000 0.00303631
v 0.00113258 -0.00350000 0.00506052
v 0.00113258 -0.00350000 0.00708473
v 0.00113258 -0.00350000 0.00910893
v 0.00113258 -0.00350000 0.01113314
v 0.00113258 -0.00350000 0.01315735
v 0.00113258 -0.00350000 0.01518155
v 0.00113258 -0.00350000 0.01720576
v 0.00113258 -0.00350000 0.01922997
v 0.00113258 -0.00350000 0.02125418
v 0.00113258 -0.00350000 0.02327838
v 0.00113258 -0.00350000 0.02530259
v 0.00113258 -0.00350000 0.02732680
v 0.00113258 -0.00350000 0.02935101
v 0.00113258 -0.00350000 0.03137521
v 0.00113258 -0.00350000 0.03339942
v 0.00113258 -0.00350000 0.03542363
v 0.00113258 -0.00297847 0.03744784
v 0.00113258 -0.00272557 0.03774957
v 0.00113258 -0.00163534 -0.03862276
v 0.00113258 -0.00163534 0.03862276
v 0.00113258 -0.00054511 -0.03897706
v 0.00113258 -0.00054511 0.03897706
v 0.00113258 0.00054511 -0.03897706
v 0.00113258 0.00054511 0.03897706
v 0.00113258 0.00163534 -0.03862276
v 0.00113258 0.00163534 0.03862276
v 0.00113258 0.00272557 -0.03774957
v 0.00113258 0.00272557 0.03774957
v 0.00113258 0.00297847 -0.03744784
v 0.00113258 0.00350000 -0.03542363
v 0.00113258 0.00350000 -0.03339942
v 0.00113258 0.00350000 -0.03137521
v 0.00113258 0.00350000 -0.02935101
v 0.00113258 0.00350000 -0.02732680
v 0.00113258 0.00350000 -0.02530259
v 0.00113258 0.00350000 -0.02327838
v 0.00113258 0.00350000 -0.02125418
v 0.00113258 0.00350000 -0.01922997
v 0.00113258 0.00350000 -0.01720576
v 0.00113258 0.00350000 -0.01518155
v 0.00113258 0.00350000 -0.01315735
v 0.00113258 0.00350000 -0.01113314
v 0.00113258 0.00350000 -0.00910893
v 0.00113258 0.00350000 -0.00708473
v 0.00113258 0.00350000 -0.00506052
v 0.00113258 0.00350000 -0.00303631
v 0.00113258 0.00350000 -0.00101210
v 0.00113258 0.00350000 0.00101210
v 0.00113258 0.00350000 0.00303631
v 0.00113258 0.00350000 0.00506052
v 0.00113258 0.00350000 0.00708473
v 0.00113258 0.00350000 0.00910893
v 0.00113258 0.00350000 0.01113314
v 0.00113258 0.00350000 0.01315735
v 0.00113258 0.00350000 0.01518155
v 0.00113258 0.00350000 0.01720576
v 0.00113258 0.00350000 0.01922997
v 0.00113258 0.00350000 0.02125418
v 0.00113258 0.00350000 0.02327838
v 0.00113258 0.00350000 0.02530259
v 0.00113258 0.00350000 0.02732680
v 0.00113258 0.00350000 0.02935101
v 0.00113258 0.00350000 0.03137521
v 0.00113258 0.00350000 0.03339942
v 0.00113258 0.00350000 0.03542363
v 0.00113258 0.00297847 0.03744784
v 0.00339773 -0.00297847 -0.03744784
v 0.00339773 -0.00272557 -0.03774957
v 0.00339773 -0.00350000 -0.03542363
v 0.00339773 -0.00350000 -0.03339942
v 0.00339773 -0.00350000 -0.03137521
v 0.00339773 -0.00350000 -0.02935101
v 0.00339773 -0.00350000 -0.02732680
v 0.00339773 -0.00350000 -0.02530259
v 0.00339773 -0.00350000 -0.02327838
v 0.00339773 -0.00350000 -0.02125418
v 0.00339773 -0.00350000 -0.01922997
v 0.00339773 -0.00350000 -0.01720576
v 0.00339773 -0.00350000 -0.01518155
v 0.00339773 -0.00350000 -0.01315735
v 0.00339773 -0.00350000 -0.01113314
v 0.00339773 -0.00350000 -0.00910893
v 0.00339773 -0.00350000 -0.00708473
v 0.00339773 -0.00350000 -0.00506052
v 0.00339773 -0.00350000 -0.00303631
v 0.00339773 -0.00350000 -0.00101210
v 0.00339773 -0.00350000 0.00101210
v 0.00339773 -0.00350000 0.00303631
v 0.00339773 -0.00350000 0.00506052
v 0.00339773 -0.00350000 0.00708473
v 0.00339773 -0.00350000 0.00910893
v 0.00339773 -0.00350000 0.01113314
v 0.00339773 -0.00350000 0.01315735
v 0.00339773 -0.00350000 0.01518155
v 0.00339773 -0.00350000 0.01720576
v 0.00339773 -0.00350000 0.01922997
v 0.00339773 -0.00350000 0.02125418
v 0.00339773 -0.00350000 0.02327838
v 0.00339773 -0.00350000 0.02530259
v 0.00339773 -0.00350000 0.02732680
v 0.00339773 -0.00350000 0.02935101
v 0.00339773 -0.00350000 0.03137521
v 0.00339773 -0.00350000 0.03339942
v 0.00339773 -0.00350000 0.03542363
v 0.00339773 -0.00297847 0.03744784
v 0.00339773 -0.00272557 0.03774957
v 0.00339773 -0.00163534 -0.03862276
v 0.00339773 -0.00163534 0.03862276
v 0.00339773 -0.00054511 -0.03897706
v 0.00339773 -0.00054511 0.03897706
v 0.00339773 0.00054511 -0.03897706
v 0.00339773 0.00054511 0.03897706
v 0.00339773 0.00163534 -0.03862276
v 0.00339773 0.00163534 0.03862276
v 0.00339773 0.00272557 -0.03774957
v 0.00339773 0.00272557 0.03774957
v 0.00339773 0.00297847 -0.03744784
v 0.00339773 0.00350000 -0.03542363
v 0.00339773 0.00350000 -0.03339942
v 0.00339773 0.00350000 -0.03137521
v 0.00339773 0.00350000 -0.02935101
v 0.00339773 0.00350000 -0.02732680
v 0.00339773 0.00350000 -0.02530259
v 0.00339773 0.00350000 -0.02327838
v 0.00339773 0.00350000 -0.02125418
v 0.00339773 0.00350000 -0.01922997
v 0.00339773 0.00350000 -0.01720576
v 0.00339773 0.00350000 -0.01518155
v 0.00339773 0.00350000 -0.01315735
v 0.00339773 0.00350000 -0.01113314
v 0.00339773 0.00350000 -0.00910893
v 0.00339773 0.00350000 -0.00708473
v 0.00339773 0.00350000 -0.00506052
v 0.00339773 0.00350000 -0.00303631
v 0.00339773 0.00350000 -0.00101210
v 0.00339773 0.00350000 0.00101210
v 0.00339773 0.00350000 0.00303631
v 0.00339773 0.00350000 0.00506052
v 0.00339773 0.00350000 0.00708473
v 0.00339773 0.00350000 0.00910893
v 0.00339773 0.00350000 0.01113314
v 0.00339773 0.00350000 0.01315735
v 0.00339773 0.00350000 0.01518155
v 0.00339773 0.00350000 0.01720576
v 0.00339773 0.00350000 0.01922997
v 0.00339773 0.00350000 0.02125418
v 0.00339773 0.00350000 0.02327838
v 0.00339773 0.00350000 0.02530259
v 0.00339773 0.00350000 0.02732680
v 0.00339773 0.00350000 0.02935101
v 0.00339773 0.00350000 0.03137521
v 0.00339773 0.00350000 0.03339942
v 0.00339773 0.00350000 0.03542363
v 0.00339773 0.00297847 0.03744784
v 0.00566288 -0.00297847 -0.03744784
v 0.00566288 -0.00272557 -0.03774957
v 0.00566288 -0.00350000 -0.03542363
v 0.00566288 -0.00350000 -0.03339942
v 0.00566288 -0.00350000 -0.03137521
v 0.00566288 -0.00350000 -0.02935101
v 0.00566288 -0.00350000 -0.02732680
v 0.00566288 -0.00350000 -0.02530259
v 0.00566288 -0.00350000 -0.02327838
v 0.00566288 -0.00350000 -0.02125418
v 0.00566288 -0.00350000 -0.01922997
v 0.00566288 -0.00350000 -0.01720576
v 0.00566288 -0.00350000 -0.01518155
v 0.00566288 -0.00350000 -0.01315735
v 0.00566288 -0.00350000 -0.01113314
v 0.00566288 -0.00350000 -0.00910893
v 0.00566288 -0.00350000 -0.00708473
v 0.00566288 -0.00350000 -0.00506052
v 0.00566288 -0.00350000 -0.00303631
v 0.00566288 -0.00350000 -0.00101210
v 0.00566288 -0.00350000 0.00101210
v 0.00566288 -0.00350000 0.00303631
v 0.00566288 -0.00350000 0.00506052
v 0.00566288 -0.00350000 0.00708473
v 0.00566288 -0.00350000 0.00910893
v 0.00566288 -0.00350000 0.01113314
v 0.00566288 -0.00350000 0.01315735
v 0.00566288 -0.00350000 0.01518155
v 0.00566288 -0.00350000 0.01720576
v 0.00566288 -0.00350000 0.01922997
v 0.00566288 -0.00350000 0.02125418
v 0.00566288 -0.00350000 0.02327838
v 0.00566288 -0.00350000 0.02530259
v 0.00566288 -0.00350000 0.02732680
v 0.00566288 -0.00350000 0.02935101
v 0.00566288 -0.00350000 0.03137521
v 0.00566288 -0.00350000 0.03339942
v 0.00566288 -0.00350000 0.03542363
v 0.00566288 -0.00297847 0.03744784
v 0.00566288 -0.00272557 0.03774957
v 0.00566288 -0.00163534 -0.03862276
v 0.00566288 -0.00163534 0.03862276
v 0.00566288 -0.00054511 -0.03897706
v 0.00566288 -0.00054511 0.03897706
v 0.00566288 0.00054511 -0.03897706
v 0.00566288 0.00054511 0.03897706
v 0.00566288 0.00163534 -0.03862276
v 0.00566288 0.00163534 0.03862276
v 0.00566288 0.00272557 -0.03774957
v 0.00566288 0.00272557 0.03774957
v 0.00566288 0.00297847 -0.03744784
v 0.00566288 0.00350000 -0.03542363
v 0.00566288 0.00350000 -0.03339942
v 0.00566288 0.00350000 -0.03137521
v 0.00566288 0.00350000 -0.02935101
v 0.00566288 0.00350000 -0.02732680
v 0.00566288 0.00350000 -0.02530259
v 0.00566288 0.00350000 -0.02327838
v 0.00566288 0.00350000 -0.02125418
v 0.00566288 0.00350000 -0.01922997
v 0.00566288 0.00350000 -0.01720576
v 0.00566288 0.00350000 -0.01518155
v 0.00566288 0.00350000 -0.01315735
v 0.00566288 0.00350000 -0.01113314
v 0.00566288 0.00350000 -0.00910893
v 0.00566288 0.00350000 -0.00708473
v 0.00566288 0.00350000 -0.00506052
v 0.00566288 0.00350000 -0.00303631
v 0.00566288 0.00350000 -0.00101210
v 0.00566288 0.00350000 0.00101210
v 0.00566288 0.00350000 0.00303631
v 0.00566288 0.00350000 0.00506052
v 0.00566288 0.00350000 0.00708473
v 0.00566288 0.00350000 0.00910893
v 0.00566288 0.00350000 0.01113314
v 0.00566288 0.00350000 0.01315735
v 0.00566288 0.00350000 0.01518155
v 0.00566288 0.00350000 0.01720576
v 0.00566288 0.00350000 0.01922997
v 0.00566288 0.00350000 0.02125418
v 0.00566288 0.00350000 0.02327838
v 0.00566288 0.00350000 0.02530259
v 0.00566288 0.00350000 0.02732680
v 0.00566288 0.00350000 0.02935101
v 0.00566288 0.00350000 0.03137521
v 0.00566288 0.00350000 0.03339942
v 0.00566288 0.00350000 0.03542363
v 0.00566288 0.00297847 0.03744784
v 0.00792804 -0.00297847 -0.03744784
v 0.00792804 -0.00272557 -0.03774957
v 0.00792804 -0.00350000 -0.03542363
v 0.00792804 -0.00350000 -0.03339942
v 0.00792804 -0.00350000 -0.03137521
v 0.00792804 -0.00350000 -0.02935101
v 0.00792804 -0.00350000 -0.02732680
v 0.00792804 -0.00350000 -0.02530259
v 0.00792804 -0.00350000 -0.02327838
v 0.00792804 -0.00350000 -0.02125418
v 0.00792804 -0.00350000 -0.01922997
v 0.00792804 -0.00350000 -0.01720576
v 0.00792804 -0.00350000 -0.01518155
v 0.00792804 -0.00350000 -0.01315735
v 0.00792804 -0.00350000 -0.01113314
v 0.00792804 -0.00350000 -0.00910893
v 0.00792804 -0.00350000 -0.00708473
v 0.00792804 -0.00350000 -0.00506052
v 0.00792804 -0.00350000 -0.00303631
v 0.00792804 -0.00350000 -0.00101210
v 0.00792804 -0.00350000 0.00101210
v 0.00792804 -0.00350000 0.00303631
v 0.00792804 -0.00350000 0.00506052
v 0.00792804 -0.00350000 0.00708473
v 0.00792804 -0.00350000 0.00910893
v 0.00792804 -0.00350000 0.01113314
v 0.00792804 -0.00350000 0.01315735
v 0.00792804 -0.00350000 0.01518155
v 0.00792804 -0.00350000 0.01720576
v 0.00792804 -0.00350000 0.01922997
v 0.00792804 -0.00350000 0.02125418
v 0.00792804 -0.00350000 0.02327838
v 0.00792804 -0.00350000 0.02530259
v 0.00792804 -0.00350000 0.02732680
v 0.00792804 -0.00350000 0.02935101
v 0.00792804 -0.00350000 0.03137521
v 0.00792804 -0.00350000 0.03339942
v 0.00792804 -0.00350000 0.03542363
v 0.00792804 -0.00297847 0.03744784
v 0.00792804 -0.00272557 0.03774957
v 0.00792804 -0.00163534 -0.03862276
v 0.00792804 -0.00163534 0.03862276
v 0.00792804 -0.00054511 -0.03897706
v 0.00792804 -0.00054511 0.03897706
v 0.00792804 0.00054511 -0.03897706
v 0.00792804 0.00054511 0.03897706
v 0.00792804 0.00163534 -0.03862276
v 0.00792804 0.00163534 0.03862276
v 0.00792804 0.00272557 -0.03774957
v 0.00792804 0.00272557 0.03774957
v 0.00792804 0.00297847 -0.03744784
v 0.00792804 0.00350000 -0.03542363
v 0.00792804 0.00350000 -0.03339942
v 0.00792804 0.00350000 -0.03137521
v 0.00792804 0.00350000 -0.02935101
v 0.00792804 0.00350000 -0.02732680
v 0.00792804 0.00350000 -0.02530259
v 0.00792804 0.00350000 -0.02327838
v 0.00792804 0.00350000 -0.02125418
v 0.00792804 0.00350000 -0.01922997
v 0.00792804 0.00350000 -0.01720576
v 0.00792804 0.00350000 -0.01518155
v 0.00792804 0.00350000 -0.01315735
v 0.00792804 0.00350000 -0.01113314
v 0.00792804 0.00350000 -0.00910893
v 0.00792804 0.00350000 -0.00708473
v 0.00792804 0.00350000 -0.00506052
v 0.00792804 0.00350000 -0.00303631
v 0.00792804 0.00350000 -0.00101210
v 0.00792804 0.00350000 0.00101210
v 0.00792804 0.00350000 0.00303631
v 0.00792804 0.00350000 0.00506052
v 0.00792804 0.00350000 0.00708473
v 0.00792804 0.00350000 0.00910893
v 0.00792804 0.00350000 0.01113314
v 0.00792804 0.00350000 0.01315735
v 0.00792804 0.00350000 0.01518155
v 0.00792804 0.00350000 0.01720576
v 0.00792804 0.00350000 0.01922997
v 0.00792804 0.00350000 0.02125418
v 0.00792804 0.00350000 0.02327838
v 0.00792804 0.00350000 0.02530259
v 0.00792804 0.00350000 0.02732680
v 0.00792804 0.00350000 0.02935101
v 0.00792804 0.00350000 0.03137521
v 0.00792804 0.00350000 0.03339942
v 0.00792804 0.00350000 0.03542363
v 0.00792804 0.00297847 0.03744784
v 0.01019319 -0.00297847 -0.03744784
v 0.01019319 -0.00272557 -0.03774957
v 0.01019319 -0.00350000 -0.03542363
v 0.01019319 -0.00350000 -0.03339942
v 0.01019319 -0.00350000 -0.03137521
v 0.01019319 -0.00350000 -0.02935101
v 0.01019319 -0.00350000 -0.02732680
v 0.01019319 -0.00350000 -0.02530259
v 0.01019319 -0.00350000 -0.02327838
v 0.01019319 -0.00350000 -0.02125418
v 0.01019319 -0.00350000 -0.01922997
v 0.01019319 -0.00350000 -0.01720576
v 0.01019319 -0.00350000 -0.01518155
v 0.01019319 -0.00350000 -0.01315735
v 0.01019319 -0.00350000 -0.01113314
v 0.01019319 -0.00350000 -0.00910893
v 0.01019319 -0.00350000 -0.00708473
v 0.01019319 -0.00350000 -0.00506052
v 0.01019319 -0.00350000 -0.00303631
v 0.01019319 -0.00350000 -0.00101210
v 0.01019319 -0.00350000 0.00101210
v 0.01019319 -0.00350000 0.00303631
v 0.01019319 -0.00350000 0.00506052
v 0.01019319 -0.00350000 0.00708473
v 0.01019319 -0.00350000 0.00910893
v 0.01019319 -0.00350000 0.01113314
v 0.01019319 -0.00350000 0.01315735
v 0.01019319 -0.00350000 0.01518155
v 0.01019319 -0.00350000 0.01720576
v 0.01019319 -0.00350000 0.01922997
v 0.01019319 -0.00350000 0.02125418
v 0.01019319 -0.00350000 0.02327838
v 0.01019319 -0.00350000 0.02530259
v 0.01019319 -0.00350000 0.02732680
v 0.01019319 -0.00350000 0.02935101
v 0.01019319 -0.00350000 0.03137521
v 0.01019319 -0.00350000 0.03339942
v 0.01019319 -0.00350000 0.03542363
v 0.01019319 -0.00297847 0.03744784
v 0.01019319 -0.00272557 0.03774957
v 0.01019319 -0.00163534 -0.03862276
v 0.01019319 -0.00163534 0.03862276
v 0.01019319 -0.00054511 -0.03897706
v 0.01019319 -0.00054511 0.03897706
v 0.01019319 0.00054511 -0.03897706
v 0.01019319 0.00054511 0.03897706
v 0.01019319 0.00163534 -0.03862276
v 0.01019319 0.00163534 0.03862276
v 0.01019319 0.00272557 -0.03774957
v 0.01019319 0.00272557 0.03774957
v 0.01019319 0.00297847 -0.03744784
v 0.01019319 0.00350000 -0.03542363
v 0.01019319 0.00350000 -0.03339942
v 0.01019319 0.00350000 -0.03137521
v 0.01019319 0.00350000 -0.02935101
v 0.01019319 0.00350000 -0.02732680
v 0.01019319 0.00350000 -0.02530259
v 0.01019319 0.00350000 -0.02327838
v 0.01019319 0.00350000 -0.02125418
v 0.01019319 0.00350000 -0.01922997
v 0.01019319 0.00350000 -0.01720576
v 0.01019319 0.00350000 -0.01518155
v 0.01019319 0.00350000 -0.01315735
v 0.01019319 0.00350000 -0.01113314
v 0.01019319 0.00350000 -0.00910893
v 0.01019319 0.00350000 -0.00708473
v 0.01019319 0.00350000 -0.00506052
v 0.01019319 0.00350000 -0.00303631
v 0.01019319 0.00350000 -0.00101210
v 0.01019319 0.00350000 0.00101210
v 0.01019319 0.00350000 0.00303631
v 0.01019319 0.00350000 0.00506052
v 0.01019319 0.00350000 0.00708473
v 0.01019319 0.00350000 0.00910893
v 0.01019319 0.00350000 0.01113314
v 0.01019319 0.00350000 0.01315735
v 0.01019319 0.00350000 0.01518155
v 0.01019319 0.00350000 0.01720576
v 0.01019319 0.00350000 0.01922997
v 0.01019319 0.00350000 0.02125418
v 0.01019319 0.00350000 0.02327838
v 0.01019319 0.00350000 0.02530259
v 0.01019319 0.00350000 0.02732680
v 0.01019319 0.00350000 0.02935101
v 0.01019319 0.00350000 0.03137521
v 0.01019319 0.00350000 0.03339942
v 0.01019319 0.00350000 0.03542363
v 0.01019319 0.00297847 0.03744784
v 0.01245834 -0.00297847 -0.03744784
v 0.01245834 -0.00272557 -0.03774957
v 0.01245834 -0.00350000 -0.03542363
v 0.01245834 -0.00350000 -0.03339942
v 0.01245834 -0.00350000 -0.03137521
v 0.01245834 -0.00350000 -0.02935101
v 0.01245834 -0.00350000 -0.02732680
v 0.01245834 -0.00350000 -0.02530259
v 0.01245834 -0.00350000 -0.02327838
v 0.01245834 -0.00350000 -0.02125418
v 0.01245834 -0.00350000 -0.01922997
v 0.01245834 -0.00350000 -0.01720576
v 0.01245834 -0.00350000 -0.01518155
v 0.01245834 -0.00350000 -0.01315735
v 0.01245834 -0.00350000 -0.01113314
v 0.01245834 -0.00350000 -0.00910893
v 0.01245834 -0.00350000 -0.00708473
v 0.01245834 -0.00350000 -0.00506052
v 0.01245834 -0.00350000 -0.00303631
v 0.01245834 -0.00350000 -0.00101210
v 0.01245834 -0.00350000 0.00101210
v 0.01245834 -0.00350000 0.00303631
v 0.01245834 -0.00350000 0.00506052
v 0.01245834 -0.00350000 0.00708473
v 0.01245834 -0.00350000 0.00910893
v 0.01245834 -0.00350000 0.01113314
v 0.01245834 -0.00350000 0.01315735
v 0.01245834 -0.00350000 0.01518155
v 0.01245834 -0.00350000 0.01720576
v 0.01245834 -0.00350000 0.01922997
v 0.01245834 -0.00350000 0.02125418
v 0.01245834 -0.00350000 0.02327838
v 0.01245834 -0.00350000 0.02530259
v 0.01245834 -0.00350000 0.02732680
v 0.01245834 -0.00350000 0.02935101
v 0.01245834 -0.00350000 0.03137521
v 0.01245834 -0.00350000 0.03339942
v 0.01245834 -0.00350000 0.03542363
v 0.01245834 -0.00297847 0.03744784
v 0.01245834 -0.00272557 0.03774957
v 0.01245834 -0.00163534 -0.03862276
v 0.01245834 -0.00163534 0.03862276
v 0.01245834 -0.00054511 -0.03897706
v 0.01245834 -0.00054511 0.03897706
v 0.01245834 0.00054511 -0.03897706
v 0.01245834 0.00054511 0.03897706
v 0.01245834 0.00163534 -0.03862276
v 0.01245834 0.00163534 0.03862276
v 0.01245834 0.00272557 -0.03774957
v 0.01245834 0.00272557 0.03774957
v 0.01245834 0.00297847 -0.03744784
v 0.01245834 0.00350000 -0.03542363
v 0.01245834 0.00350000 -0.03339942
v 0.01245834 0.00350000 -0.03137521
v 0.01245834 0.00350000 -0.02935101
v 0.01245834 0.00350000 -0.02732680
v 0.01245834 0.00350000 -0.02530259
v 0.01245834 0.00350000 -0.02327838
v 0.01245834 0.00350000 -0.02125418
v 0.01245834 0.00350000 -0.01922997
v 0.01245834 0.00350000 -0.01720576
v 0.01245834 0.00350000 -0.01518155
v 0.01245834 0.00350000 -0.01315735
v 0.01245834 0.00350000 -0.01113314
v 0.01245834 0.00350000 -0.00910893
v 0.01245834 0.00350000 -0.00708473
v 0.01245834 0.00350000 -0.00506052
v 0.01245834 0.00350000 -0.00303631
v 0.01245834 0.00350000 -0.00101210
v 0.01245834 0.00350000 0.00101210
v 0.01245834 0.00350000 0.00303631
v 0.01245834 0.00350000 0.00506052
v 0.01245834 0.00350000 0.00708473
v 0.01245834 0.00350000 0.00910893
v 0.01245834 0.00350000 0.01113314
v 0.01245834 0.00350000 0.01315735
v 0.01245834 0.00350000 0.01518155
v 0.01245834 0.00350000 0.01720576
v 0.01245834 0.00350000 0.01922997
v 0.01245834 0.00350000 0.02125418
v 0.01245834 0.00350000 0.02327838
v 0.01245834 0.00350000 0.02530259
v 0.01245834 0.00350000 0.02732680
v 0.01245834 0.00350000 0.02935101
v 0.01245834 0.00350000 0.03137521
v 0.01245834 0.00350000 0.03339942
v 0.01245834 0.00350000 0.03542363
v 0.01245834 0.00297847 0.03744784
v 0.01472349 -0.00297847 -0.03744784
v 0.01472349 -0.00272557 -0.03774957
v 0.01472349 -0.00350000 -0.03542363
v 0.01472349 -0.00350000 -0.03339942
v 0.01472349 -0.00350000 -0.03137521
v 0.01472349 -0.00350000 -0.02935101
v 0.01472349 -0.00350000 -0.02732680
v 0.01472349 -0.00350000 -0.02530259
v 0.01472349 -0.00350000 -0.02327838
v 0.01472349 -0.00350000 -0.02125418
v 0.01472349 -0.00350000 -0.01922997
v 0.01472349 -0.00350000 -0.01720576
v 0.01472349 -0.00350000 -0.01518155
v 0.01472349 -0.00350000 -0.01315735
v 0.01472349 -0.00350000 -0.01113314
v 0.01472349 -0.00350000 -0.00910893
v 0.01472349 -0.00350000 -0.00708473
v 0.01472349 -0.00350000 -0.00506052
v 0.01472349 -0.00350000 -0.00303631
v 0.01472349 -0.00350000 -0.00101210
v 0.01472349 -0.00350000 0.00101210
v 0.01472349 -0.00350000 0.00303631
v 0.01472349 -0.00350000 0.00506052
v 0.01472349 -0.00350000 0.00708473
v 0.01472349 -0.00350000 0.00910893
v 0.01472349 -0.00350000 0.01113314
v 0.01472349 -0.00350000 0.01315735
v 0.01472349 -0.00350000 0.01518155
v 0.01472349 -0.00350000 0.01720576
v 0.01472349 -0.00350000 0.01922997
v 0.01472349 -0.00350000 0.02125418
v 0.01472349 -0.00350000 0.02327838
v 0.01472349 -0.00350000 0.02530259
v 0.01472349 -0.00350000 0.02732680
v 0.01472349 -0.00350000 0.02935101
v 0.01472349 -0.00350000 0.03137521
v 0.01472349 -0.00350000 0.03339942
v 0.01472349 -0.00350000 0.03542363
v 0.01472349 -0.00297847 0.03744784
v 0.01472349 -0.00272557 0.03774957
v 0.01472349 -0.00163534 -0.03862276
v 0.01472349 -0.00163534 0.03862276
v 0.01472349 -0.00054511 -0.03897706
v 0.01472349 -0.00054511 0.03897706
v 0.01472349 0.00054511 -0.03897706
v 0.01472349 0.00054511 0.03897706
v 0.01472349 0.00163534 -0.03862276
v 0.01472349 0.00163534 0.03862276
v 0.01472349 0.00272557 -0.03774957
v 0.01472349 0.00272557 0.03774957
v 0.01472349 0.00297847 -0.03744784
v 0.01472349 0.00350000 -0.03542363
v 0.01472349 0.00350000 -0.03339942
v 0.01472349 0.00350000 -0.03137521
v 0.01472349 0.00350000 -0.02935101
v 0.01472349 0.00350000 -0.02732680
v 0.01472349 0.00350000 -0.02530259
v 0.01472349 0.00350000 -0.02327838
v 0.01472349 0.00350000 -0.02125418
v 0.01472349 0.00350000 -0.01922997
v 0.01472349 0.00350000 -0.01720576
v 0.01472349 0.00350000 -0.01518155
v 0.01472349 0.00350000 -0.01315735
v 0.01472349 0.00350000 -0.01113314
v 0.01472349 0.00350000 -0.00910893
v 0.01472349 0.00350000 -0.00708473
v 0.01472349 0.00350000 -0.00506052
v 0.01472349 0.00350000 -0.00303631
v 0.01472349 0.00350000 -0.00101210
v 0.01472349 0.00350000 0.00101210
v 0.01472349 0.00350000 0.00303631
v 0.01472349 0.00350000 0.00506052
v 0.01472349 0.00350000 0.00708473
v 0.01472349 0.00350000 0.00910893
v 0.01472349 0.00350000 0.01113314
v 0.01472349 0.00350000 0.01315735
v 0.01472349 0.00350000 0.01518155
v 0.01472349 0.00350000 0.01720576
v 0.01472349 0.00350000 0.01922997
v 0.01472349 0.00350000 0.02125418
v 0.01472349 0.00350000 0.02327838
v 0.01472349 0.00350000 0.02530259
v 0.01472349 0.00350000 0.02732680
v 0.01472349 0.00350000 0.02935101
v 0.01472349 0.00350000 0.03137521
v 0.01472349 0.00350000 0.03339942
v 0.01472349 0.00350000 0.03542363
v 0.01472349 0.00297847 0.03744784
v 0.01698865 -0.00297847 -0.03744784
v 0.01698865 -0.00272557 -0.03774957
v 0.01698865 -0.00350000 -0.03542363
v 0.01698865 -0.00350000 -0.03339942
v 0.01698865 -0.00350000 -0.03137521
v 0.01698865 -0.00350000 -0.02935101
v 0.01698865 -0.00350000 -0.02732680
v 0.01698865 -0.00350000 -0.02530259
v 0.01698865 -0.00350000 -0.02327838
v 0.01698865 -0.00350000 -0.02125418
v 0.01698865 -0.00350000 -0.01922997
v 0.01698865 -0.00350000 -0.01720576
v 0.01698865 -0.00350000 -0.01518155
v 0.01698865 -0.00350000 -0.01315735
v 0.01698865 -0.00350000 -0.01113314
v 0.01698865 -0.00350000 -0.00910893
v 0.01698865 -0.00350000 -0.00708473
v 0.01698865 -0.00350000 -0.00506052
v 0.01698865 -0.00350000 -0.00303631
v 0.01698865 -0.00350000 -0.00101210
v 0.01698865 -0.00350000 0.00101210
v 0.01698865 -0.00350000 0.00303631
v 0.01698865 -0.00350000 0.00506052
v 0.01698865 -0.00350000 0.00708473
v 0.01698865 -0.00350000 0.00910893
v 0.01698865 -0.00350000 0.01113314
v 0.01698865 -0.00350000 0.01315735
v 0.01698865 -0.00350000 0.01518155
v 0.01698865 -0.00350000 0.01720576
v 0.01698865 -0.00350000 0.01922997
v 0.01698865 -0.00350000 0.02125418
v 0.01698865 -0.00350000 0.02327838
v 0.01698865 -0.00350000 0.02530259
v 0.01698865 -0.00350000 0.02732680
v 0.01698865 -0.00350000 0.02935101
v 0.01698865 -0.00350000 0.03137521
v 0.01698865 -0.00350000 0.03339942
v 0.01698865 -0.00350000 0.03542363
v 0.01698865 -0.00297847 0.03744784
v 0.01698865 -0.00272557 0.03774957
v 0.01698865 -0.00163534 -0.03862276
v 0.01698865 -0.00163534 0.03862276
v 0.01698865 -0.00054511 -0.03897706
v 0.01698865 -0.00054511 0.03897706
v 0.01698865 0.00054511 -0.03897706
v 0.01698865 0.00054511 0.03897706
v 0.01698865 0.00163534 -0.03862276
v 0.01698865 0.00163534 0.03862276
v 0.01698865 0.00272557 -0.03774957
v 0.01698865 0.00272557 0.03774957
v 0.01698865 0.00297847 -0.03744784
v 0.01698865 0.00350000 -0.03542363
v 0.01698865 0.00350000 -0.03339942
v 0.01698865 0.00350000 -0.03137521
v 0.01698865 0.00350000 -0.02935101
v 0.01698865 0.00350000 -0.02732680
v 0.01698865 0.00350000 -0.02530259
v 0.01698865 0.00350000 -0.02327838
v 0.01698865 0.00350000 -0.02125418
v 0.01698865 0.00350000 -0.01922997
v 0.01698865 0.00350000 -0.01720576
v 0.01698865 0.00350000 -0.01518155
v 0.01698865 0.00350000 -0.01315735
v 0.01698865 0.00350000 -0.01113314
v 0.01698865 0.00350000 -0.00910893
v 0.01698865 0.00350000 -0.00708473
v 0.01698865 0.00350000 -0.00506052
v 0.01698865 0.00350000 -0.00303631
v 0.01698865 0.00350000 -0.00101210
v 0.01698865 0.00350000 0.00101210
v 0.01698865 0.00350000 0.00303631
v 0.01698865 0.00350000 0.00506052
v 0.01698865 0.00350000 0.00708473
v 0.01698865 0.00350000 0.00910893
v 0.01698865 0.00350000 0.01113314
v 0.01698865 0.00350000 0.01315735
v 0.01698865 0.00350000 0.01518155
v 0.01698865 0.00350000 0.01720576
v 0.01698865 0.00350000 0.01922997
v 0.01698865 0.00350000 0.02125418
v 0.01698865 0.00350000 0.02327838
v 0.01698865 0.00350000 0.02530259
v 0.01698865 0.00350000 0.02732680
v 0.01698865 0.00350000 0.02935101
v 0.01698865 0.00350000 0.03137521
v 0.01698865 0.00350000 0.03339942
v 0.01698865 0.00350000 0.03542363
v 0.01698865 0.00297847 0.03744784
v 0.01925380 -0.00297847 -0.03744784
v 0.01925380 -0.00272557 -0.03774957
v 0.01925380 -0.00350000 -0.03542363
v 0.01925380 -0.00350000 -0.03339942
v 0.01925380 -0.00350000 -0.03137521
v 0.01925380 -0.00350000 -0.02935101
v 0.01925380 -0.00350000 -0.02732680
v 0.01925380 -0.00350000 -0.02530259
v 0.01925380 -0.00350000 -0.02327838
v 0.01925380 -0.00350000 -0.02125418
v 0.01925380 -0.00350000 -0.01922997
v 0.01925380 -0.00350000 -0.01720576
v 0.01925380 -0.00350000 -0.01518155
v 0.01925380 -0.00350000 -0.01315735
v 0.01925380 -0.00350000 -0.01113314
v 0.01925380 -0.00350000 -0.00910893
v 0.01925380 -0.00350000 -0.00708473
v 0.01925380 -0.00350000 -0.00506052
v 0.01925380 -0.00350000 -0.00303631
v 0.01925380 -0.00350000 -0.00101210
v 0.01925380 -0.00350000 0.00101210
v 0.01925380 -0.00350000 0.00303631
v 0.01925380 -0.00350000 0.00506052
v 0.01925380 -0.00350000 0.00708473
v 0.01925380 -0.00350000 0.00910893
v 0.01925380 -0.00350000 0.01113314
v 0.01925380 -0.00350000 0.01315735
v 0.01925380 -0.00350000 0.01518155
v 0.01925380 -0.00350000 0.01720576
v 0.01925380 -0.00350000 0.01922997
v 0.01925380 -0.00350000 0.02125418
v 0.01925380 -0.00350000 0.02327838
v 0.01925380 -0.00350000 0.02530259
v 0.01925380 -0.00350000 0.02732680
v 0.01925380 -0.00350000 0.02935101
v 0.01925380 -0.00350000 0.03137521
v 0.01925380 -0.00350000 0.03339942
v 0.01925380 -0.00350000 0.03542363
v 0.01925380 -0.00297847 0.03744784
v 0.01925380 -0.00272557 0.03774957
v 0.01925380 -0.00163534 -0.03862276
v 0.01925380 -0.00163534 0.03862276
v 0.01925380 -0.00054511 -0.03897706
v 0.01925380 -0.00054511 0.03897706
v 0.01925380 0.00054511 -0.03897706
v 0.01925380 0.00054511 0.03897706
v 0.01925380 0.00163534 -0.03862276
v 0.01925380 0.00163534 0.03862276
v 0.01925380 0.00272557 -0.03774957
v 0.01925380 0.00272557 0.03774957
v 0.01925380 0.00297847 -0.03744784
v 0.01925380 0.00350000 -0.03542363
v 0.01925380 0.00350000 -0.03339942
v 0.01925380 0.00350000 -0.03137521
v 0.01925380 0.00350000 -0.02935101
v 0.01925380 0.00350000 -0.02732680
v 0.01925380 0.00350000 -0.02530259
v 0.01925380 0.00350000 -0.02327838
v 0.01925380 0.00350000 -0.02125418
v 0.01925380 0.00350000 -0.01922997
v 0.01925380 0.00350000 -0.01720576
v 0.01925380 0.00350000 -0.01518155
v 0.01925380 0.00350000 -0.01315735
v 0.01925380 0.00350000 -0.01113314
v 0.01925380 0.00350000 -0.00910893
v 0.01925380 0.00350000 -0.00708473
v 0.01925380 0.00350000 -0.00506052
v 0.01925380 0.00350000 -0.00303631
v 0.01925380 0.00350000 -0.00101210
v 0.01925380 0.00350000 0.00101210
v 0.01925380 0.00350000 0.00303631
v 0.01925380 0.00350000 0.00506052
v 0.01925380 0.00350000 0.00708473
v 0.01925380 0.00350000 0.00910893
v 0.01925380 0.00350000 0.01113314
v 0.01925380 0.00350000 0.01315735
v 0.01925380 0.00350000 0.01518155
v 0.01925380 0.00350000 0.01720576
v 0.01925380 0.00350000 0.01922997
v 0.01925380 0.00350000 0.02125418
v 0.01925380 0.00350000 0.02327838
v 0.01925380 0.00350000 0.02530259
v 0.01925380 0.00350000 0.02732680
v 0.01925380 0.00350000 0.02935101
v 0.01925380 0.00350000 0.03137521
v 0.01925380 0.00350000 0.03339942
v 0.01925380 0.00350000 0.03542363
v 0.01925380 0.00297847 0.03744784
v 0.02151895 -0.00297847 -0.03744784
v 0.02151895 -0.00272557 -0.03774957
v 0.02151895 -0.00350000 -0.03542363
v 0.02151895 -0.00350000 -0.03339942
v 0.02151895 -0.00350000 -0.03137521
v 0.02151895 -0.00350000 -0.02935101
v 0.02151895 -0.00350000 -0.02732680
v 0.02151895 -0.00350000 -0.02530259
v 0.02151895 -0.00350000 -0.02327838
v 0.02151895 -0.00350000 -0.02125418
v 0.02151895 -0.00350000 -0.01922997
v 0.02151895 -0.00350000 -0.01720576
v 0.02151895 -0.00350000 -0.01518155
v 0.02151895 -0.00350000 -0.01315735
v 0.02151895 -0.00350000 -0.01113314
v 0.02151895 -0.00350000 -0.00910893
v 0.02151895 -0.00350000 -0.00708473
v 0.02151895 -0.00350000 -0.00506052
v 0.02151895 -0.00350000 -0.00303631
v 0.02151895 -0.00350000 -0.00101210
v 0.02151895 -0.00350000 0.00101210
v 0.02151895 -0.00350000 0.00303631
v 0.02151895 -0.00350000 0.00506052
v 0.02151895 -0.00350000 0.00708473
v 0.02151895 -0.00350000 0.00910893
v 0.02151895 -0.00350000 0.01113314
v 0.02151895 -0.00350000 0.01315735
v 0.02151895 -0.00350000 0.01518155
v 0.02151895 -0.00350000 0.01720576
v 0.02151895 -0.00350000 0.01922997
v 0.02151895 -0.00350000 0.02125418
v 0.02151895 -0.00350000 0.02327838
v 0.02151895 -0.00350000 0.02530259
v 0.02151895 -0.00350000 0.02732680
v 0.02151895 -0.00350000 0.02935101
v 0.02151895 -0.00350000 0.03137521
v 0.02151895 -0.00350000 0.03339942
v 0.02151895 -0.00350000 0.03542363
v 0.02151895 -0.00297847 0.03744784
v 0.02151895 -0.00272557 0.03774957
v 0.02151895 -0.00163534 -0.03862276
v 0.02151895 -0.00163534 0.03862276
v 0.02151895 -0.00054511 -0.03897706
v 0.02151895 -0.00054511 0.03897706
v 0.02151895 0.00054511 -0.03897706
v 0.02151895 0.00054511 0.03897706
v 0.02151895 0.00163534 -0.03862276
v 0.02151895 0.00163534 0.03862276
v 0.02151895 0.00272557 -0.03774957
v 0.02151895 0.00272557 0.03774957
v 0.02151895 0.00297847 -0.03744784
v 0.02151895 0.00350000 -0.03542363
v 0.02151895 0.00350000 -0.03339942
v 0.02151895 0.00350000 -0.03137521
v 0.02151895 0.00350000 -0.02935101
v 0.02151895 0.00350000 -0.02732680
v 0.02151895 0.00350000 -0.02530259
v 0.02151895 0.00350000 -0.02327838
v 0.02151895 0.00350000 -0.02125418
v 0.02151895 0.00350000 -0.01922997
v 0.02151895 0.00350000 -0.01720576
v 0.02151895 0.00350000 -0.01518155
v 0.02151895 0.00350000 -0.01315735
v 0.02151895 0.00350000 -0.01113314
v 0.02151895 0.00350000 -0.00910893
v 0.02151895 0.00350000 -0.00708473
v 0.02151895 0.00350000 -0.00506052
v 0.02151895 0.00350000 -0.00303631
v 0.02151895 0.00350000 -0.00101210
v 0.02151895 0.00350000 0.00101210
v 0.02151895 0.00350000 0.00303631
v 0.02151895 0.00350000 0.00506052
v 0.02151895 0.00350000 0.00708473
v 0.02151895 0.00350000 0.00910893
v 0.02151895 0.00350000 0.01113314
v 0.02151895 0.00350000 0.01315735
v 0.02151895 0.00350000 0.01518155
v 0.02151895 0.00350000 0.01720576
v 0.02151895 0.00350000 0.01922997
v 0.02151895 0.00350000 0.02125418
v 0.02151895 0.00350000 0.02327838
v 0.02151895 0.00350000 0.02530259
v 0.02151895 0.00350000 0.02732680
v 0.02151895 0.00350000 0.02935101
v 0.02151895 0.00350000 0.03137521
v 0.02151895 0.00350000 0.03339942
v 0.02151895 0.00350000 0.03542363
v 0.02151895 0.00297847 0.03744784
v 0.02378411 -0.00297847 -0.03744784
v 0.02378411 -0.00272557 -0.03774957
v 0.02378411 -0.00350000 -0.03542363
v 0.02378411 -0.00350000 -0.03339942
v 0.02378411 -0.00350000 -0.03137521
v 0.02378411 -0.00350000 -0.02935101
v 0.02378411 -0.00350000 -0.02732680
v 0.02378411 -0.00350000 -0.02530259
v 0.02378411 -0.00350000 -0.02327838
v 0.02378411 -0.00350000 -0.02125418
v 0.02378411 -0.00350000 -0.01922997
v 0.02378411 -0.00350000 -0.01720576
v 0.02378411 -0.00350000 -0.01518155
v 0.02378411 -0.00350000 -0.01315735
v 0.02378411 -0.00350000 -0.01113314
v 0.02378411 -0.00350000 -0.00910893
v 0.02378411 -0.00350000 -0.00708473
v 0.02378411 -0.00350000 -0.00506052
v 0.02378411 -0.00350000 -0.00303631
v 0.02378411 -0.00350000 -0.00101210
v 0.02378411 -0.00350000 0.00101210
v 0.02378411 -0.00350000 0.00303631
v 0.02378411 -0.00350000 0.00506052
v 0.02378411 -0.00350000 0.00708473
v 0.02378411 -0.00350000 0.00910893
v 0.02378411 -0.00350000 0.01113314
v 0.02378411 -0.00350000 0.01315735
v 0.02378411 -0.00350000 0.01518155
v 0.02378411 -0.00350000 0.01720576
v 0.02378411 -0.00350000 0.01922997
v 0.02378411 -0.00350000 0.02125418
v 0.02378411 -0.00350000 0.02327838
v 0.02378411 -0.00350000 0.02530259
v 0.02378411 -0.00350000 0.02732680
v 0.02378411 -0.00350000 0.02935101
v 0.02378411 -0.00350000 0.03137521
v 0.02378411 -0.00350000 0.03339942
v 0.02378411 -0.00350000 0.03542363
v 0.02378411 -0.00297847 0.03744784
v 0.02378411 -0.00272557 0.03774957
v 0.02378411 -0.00163534 -0.03862276
v 0.02378411 -0.00163534 0.03862276
v 0.02378411 -0.00054511 -0.03897706
v 0.02378411 -0.00054511 0.03897706
v 0.02378411 0.00054511 -0.03897706
v 0.02378411 0.00054511 0.03897706
v 0.02378411 0.00163534 -0.03862276
v 0.02378411 0.00163534 0.03862276
v 0.02378411 0.00272557 -0.03774957
v 0.02378411 0.00272557 0.03774957
v 0.02378411 0.00297847 -0.03744784
v 0.02378411 0.00350000 -0.03542363
v 0.02378411 0.00350000 -0.03339942
v 0.02378411 0.00350000 -0.03137521
v 0.02378411 0.00350000 -0.02935101
v 0.02378411 0.00350000 -0.02732680
v 0.02378411 0.00350000 -0.02530259
v 0.02378411 0.00350000 -0.02327838
v 0.02378411 0.00350000 -0.02125418
v 0.02378411 0.00350000 -0.01922997
v 0.02378411 0.00350000 -0.01720576
v 0.02378411 0.00350000 -0.01518155
v 0.02378411 0.00350000 -0.01315735
v 0.02378411 0.00350000 -0.01113314
v 0.02378411 0.00350000 -0.00910893
v 0.02378411 0.00350000 -0.00708473
v 0.02378411 0.00350000 -0.00506052
v 0.02378411 0.00350000 -0.00303631
v 0.02378411 0.00350000 -0.00101210
v 0.02378411 0.00350000 0.00101210
v 0.02378411 0.00350000 0.00303631
v 0.02378411 0.00350000 0.00506052
v 0.02378411 0.00350000 0.00708473
v 0.02378411 0.00350000 0.00910893
v 0.02378411 0.00350000 0.01113314
v 0.02378411 0.00350000 0.01315735
v 0.02378411 0.00350000 0.01518155
v 0.02378411 0.00350000 0.01720576
v 0.02378411 0.00350000 0.01922997
v 0.02378411 0.00350000 0.02125418
v 0.02378411 0.00350000 0.02327838
v 0.02378411 0.00350000 0.02530259
v 0.02378411 0.00350000 0.02732680
v 0.02378411 0.00350000 0.02935101
v 0.02378411 0.00350000 0.03137521
v 0.02378411 0.00350000 0.03339942
v 0.02378411 0.00350000 0.03542363
v 0.02378411 0.00297847 0.03744784
v 0.02604926 -0.00297847 -0.03744784
v 0.02604926 -0.00272557 -0.03774957
v 0.02604926 -0.00350000 -0.03542363
v 0.02604926 -0.00350000 -0.03339942
v 0.02604926 -0.00350000 -0.03137521
v 0.02604926 -0.00350000 -0.02935101
v 0.02604926 -0.00350000 -0.02732680
v 0.02604926 -0.00350000 -0.02530259
v 0.02604926 -0.00350000 -0.02327838
v 0.02604926 -0.00350000 -0.02125418
v 0.02604926 -0.00350000 -0.01922997
v 0.02604926 -0.00350000 -0.01720576
v 0.02604926 -0.00350000 -0.01518155
v 0.02604926 -0.00350000 -0.01315735
v 0.02604926 -0.00350000 -0.01113314
v 0.02604926 -0.00350000 -0.00910893
v 0.02604926 -0.00350000 -0.00708473
v 0.02604926 -0.00350000 -0.00506052
v 0.02604926 -0.00350000 -0.00303631
v 0.02604926 -0.00350000 -0.00101210
v 0.02604926 -0.00350000 0.00101210
v 0.02604926 -0.00350000 0.00303631
v 0.02604926 -0.00350000 0.00506052
v 0.02604926 -0.00350000 0.00708473
v 0.02604926 -0.00350000 0.00910893
v 0.02604926 -0.00350000 0.01113314
v 0.02604926 -0.00350000 0.01315735
v 0.02604926 -0.00350000 0.01518155
v 0.02604926 -0.00350000 0.01720576
v 0.02604926 -0.00350000 0.01922997
v 0.02604926 -0.00350000 0.02125418
v 0.02604926 -0.00350000 0.02327838
v 0.02604926 -0.00350000 0.02530259
v 0.02604926 -0.00350000 0.02732680
v 0.02604926 -0.00350000 0.02935101
v 0.02604926 -0.00350000 0.03137521
v 0.02604926 -0.00350000 0.03339942
v 0.02604926 -0.00350000 0.03542363
v 0.02604926 -0.00297847 0.03744784
v 0.02604926 -0.00272557 0.03774957
v 0.02604926 -0.00163534 -0.03862276
v 0.02604926 -0.00163534 0.03862276
v 0.02604926 -0.00054511 -0.03897706
v 0.02604926 -0.00054511 0.03897706
v 0.02604926 0.00054511 -0.03897706
v 0.02604926 0.00054511 0.03897706
v 0.02604926 0.00163534 -0.03862276
v 0.02604926 0.00163534 0.03862276
v 0.02604926 0.00272557 -0.03774957
v 0.02604926 0.00272557 0.03774957
v 0.02604926 0.00297847 -0.03744784
v 0.02604926 0.00350000 -0.03542363
v 0.02604926 0.00350000 -0.03339942
v 0.02604926 0.00350000 -0.03137521
v 0.02604926 0.00350000 -0.02935101
v 0.02604926 0.00350000 -0.02732680
v 0.02604926 0.00350000 -0.02530259
v 0.02604926 0.00350000 -0.02327838
v 0.02604926 0.00350000 -0.02125418
v 0.02604926 0.00350000 -0.01922997
v 0.02604926 0.00350000 -0.01720576
v 0.02604926 0.00350000 -0.01518155
v 0.02604926 0.00350000 -0.01315735
v 0.02604926 0.00350000 -0.01113314
v 0.02604926 0.00350000 -0.00910893
v 0.02604926 0.00350000 -0.00708473
v 0.02604926 0.00350000 -0.00506052
v 0.02604926 0.00350000 -0.00303631
v 0.02604926 0.00350000 -0.00101210
v 0.02604926 0.00350000 0.00101210
v 0.02604926 0.00350000 0.00303631
v 0.02604926 0.00350000 0.00506052
v 0.02604926 0.00350000 0.00708473
v 0.02604926 0.00350000 0.00910893
v 0.02604926 0.00350000 0.01113314
v 0.02604926 0.00350000 0.01315735
v 0.02604926 0.00350000 0.01518155
v 0.02604926 0.00350000 0.01720576
v 0.02604926 0.00350000 0.01922997
v 0.02604926 0.00350000 0.02125418
v 0.02604926 0.00350000 0.02327838
v 0.02604926 0.00350000 0.02530259
v 0.02604926 0.00350000 0.02732680
v 0.02604926 0.00350000 0.02935101
v 0.02604926 0.00350000 0.03137521
v 0.02604926 0.00350000 0.03339942
v 0.02604926 0.00350000 0.03542363
v 0.02604926 0.00297847 0.03744784
v 0.02831441 -0.00297847 -0.03744784
v 0.02831441 -0.00272557 -0.03774957
v 0.02831441 -0.00350000 -0.03542363
v 0.02831441 -0.00350000 -0.03339942
v 0.02831441 -0.00350000 -0.03137521
v 0.02831441 -0.00350000 -0.02935101
v 0.02831441 -0.00350000 -0.02732680
v 0.02831441 -0.00350000 -0.02530259
v 0.02831441 -0.00350000 -0.02327838
v 0.02831441 -0.00350000 -0.02125418
v 0.02831441 -0.00350000 -0.01922997
v 0.02831441 -0.00350000 -0.01720576
v 0.02831441 -0.00350000 -0.01518155
v 0.02831441 -0.00350000 -0.01315735
v 0.02831441 -0.00350000 -0.01113314
v 0.02831441 -0.00350000 -0.00910893
v 0.02831441 -0.00350000 -0.00708473
v 0.02831441 -0.00350000 -0.00506052
v 0.02831441 -0.00350000 -0.00303631
v 0.02831441 -0.00350000 -0.00101210
v 0.02831441 -0.00350000 0.00101210
v 0.02831441 -0.00350000 0.00303631
v 0.02831441 -0.00350000 0.00506052
v 0.02831441 -0.00350000 0.00708473
v 0.02831441 -0.00350000 0.00910893
v 0.02831441 -0.00350000 0.01113314
v 0.02831441 -0.00350000 0.01315735
v 0.02831441 -0.00350000 0.01518155
v 0.02831441 -0.00350000 0.01720576
v 0.02831441 -0.00350000 0.01922997
v 0.02831441 -0.00350000 0.02125418
v 0.02831441 -0.00350000 0.02327838
v 0.02831441 -0.00350000 0.02530259
v 0.02831441 -0.00350000 0.02732680
v 0.02831441 -0.00350000 0.02935101
v 0.02831441 -0.00350000 0.03137521
v 0.02831441 -0.00350000 0.03339942
v 0.02831441 -0.00350000 0.03542363
v 0.02831441 -0.00297847 0.03744784
v 0.02831441 -0.00272557 0.03774957
v 0.02831441 -0.00163534 -0.03862276
v 0.02831441 -0.00163534 0.03862276
v 0.02831441 -0.00054511 -0.03897706
v 0.02831441 -0.00054511 0.03897706
v 0.02831441 0.00054511 -0.03897706
v 0.02831441 0.00054511 0.03897706
v 0.02831441 0.00163534 -0.03862276
v 0.02831441 0.00163534 0.03862276
v 0.02831441 0.00272557 -0.03774957
v 0.02831441 0.00272557 0.03774957
v 0.02831441 0.00297847 -0.03744784
v 0.02831441 0.00350000 -0.03542363
v 0.02831441 0.00350000 -0.03339942
v 0.02831441 0.00350000 -0.03137521
v 0.02831441 0.00350000 -0.02935101
v 0.02831441 0.00350000 -0.02732680
v 0.02831441 0.00350000 -0.02530259
v 0.02831441 0.00350000 -0.02327838
v 0.02831441 0.00350000 -0.02125418
v 0.02831441 0.00350000 -0.01922997
v 0.02831441 0.00350000 -0.01720576
v 0.02831441 0.00350000 -0.01518155
v 0.02831441 0.00350000 -0.01315735
v 0.02831441 0.00350000 -0.01113314
v 0.02831441 0.00350000 -0.00910893
v 0.02831441 0.00350000 -0.00708473
v 0.02831441 0.00350000 -0.00506052
v 0.02831441 0.00350000 -0.00303631
v 0.02831441 0.00350000 -0.00101210
v 0.02831441 0.00350000 0.00101210
v 0.02831441 0.00350000 0.00303631
v 0.02831441 0.00350000 0.00506052
v 0.02831441 0.00350000 0.00708473
v 0.02831441 0.00350000 0.00910893
v 0.02831441 0.00350000 0.01113314
v 0.02831441 0.00350000 0.01315735
v 0.02831441 0.00350000 0.01518155
v 0.02831441 0.00350000 0.01720576
v 0.02831441 0.00350000 0.01922997
v 0.02831441 0.00350000 0.02125418
v 0.02831441 0.00350000 0.02327838
v 0.02831441 0.00350000 0.02530259
v 0.02831441 0.00350000 0.02732680
v 0.02831441 0.00350000 0.02935101
v 0.02831441 0.00350000 0.03137521
v 0.02831441 0.00350000 0.03339942
v 0.02831441 0.00350000 0.03542363
v 0.02831441 0.00297847 0.03744784
v 0.03057957 -0.00297847 -0.03744784
v 0.03057957 -0.00272557 -0.03774957
v 0.03057957 -0.00350000 -0.03542363
v 0.03057957 -0.00350000 -0.03339942
v 0.03057957 -0.00350000 -0.03137521
v 0.03057957 -0.00350000 -0.02935101
v 0.03057957 -0.00350000 -0.02732680
v 0.03057957 -0.00350000 -0.02530259
v 0.03057957 -0.00350000 -0.02327838
v 0.03057957 -0.00350000 -0.02125418
v 0.03057957 -0.00350000 -0.01922997
v 0.03057957 -0.00350000 -0.01720576
v 0.03057957 -0.00350000 -0.01518155
v 0.03057957 -0.00350000 -0.01315735
v 0.03057957 -0.00350000 -0.01113314
v 0.03057957 -0.00350000 -0.00910893
v 0.03057957 -0.00350000 -0.00708473
v 0.03057957 -0.00350000 -0.00506052
v 0.03057957 -0.00350000 -0.00303631
v 0.03057957 -0.00350000 -0.00101210
v 0.03057957 -0.00350000 0.00101210
v 0.03057957 -0.00350000 0.00303631
v 0.03057957 -0.00350000 0.00506052
v 0.03057957 -0.00350000 0.00708473
v 0.03057957 -0.00350000 0.00910893
v 0.03057957 -0.00350000 0.01113314
v 0.03057957 -0.00350000 0.01315735
v 0.03057957 -0.00350000 0.01518155
v 0.03057957 -0.00350000 0.01720576
v 0.03057957 -0.00350000 0.01922997
v 0.03057957 -0.00350000 0.02125418
v 0.03057957 -0.00350000 0.02327838
v 0.03057957 -0.00350000 0.02530259
v 0.03057957 -0.00350000 0.02732680
v 0.03057957 -0.00350000 0.02935101
v 0.03057957 -0.00350000 0.03137521
v 0.03057957 -0.00350000 0.03339942
v 0.03057957 -0.00350000 0.03542363
v 0.03057957 -0.00297847 0.03744784
v 0.03057957 -0.00272557 0.03774957
v 0.03057957 -0.00163534 -0.03862276
v 0.03057957 -0.00163534 0.03862276
v 0.03057957 -0.00054511 -0.03897706
v 0.03057957 -0.00054511 0.03897706
v 0.03057957 0.00054511 -0.03897706
v 0.03057957 0.00054511 0.03897706
v 0.03057957 0.00163534 -0.03862276
v 0.03057957 0.00163534 0.03862276
v 0.03057957 0.00272557 -0.03774957
v 0.03057957 0.00272557 0.03774957
v 0.03057957 0.00297847 -0.03744784
v 0.03057957 0.00350000 -0.03542363
v 0.03057957 0.00350000 -0.03339942
v 0.03057957 0.00350000 -0.03137521
v 0.03057957 0.00350000 -0.02935101
v 0.03057957 0.00350000 -0.02732680
v 0.03057957 0.00350000 -0.02530259
v 0.03057957 0.00350000 -0.02327838
v 0.03057957 0.00350000 -0.02125418
v 0.03057957 0.00350000 -0.01922997
v 0.03057957 0.00350000 -0.01720576
v 0.03057957 0.00350000 -0.01518155
v 0.03057957 0.00350000 -0.01315735
v 0.03057957 0.00350000 -0.01113314
v 0.03057957 0.00350000 -0.00910893
v 0.03057957 0.00350000 -0.00708473
v 0.03057957 0.00350000 -0.00506052
v 0.03057957 0.00350000 -0.00303631
v 0.03057957 0.00350000 -0.00101210
v 0.03057957 0.00350000 0.00101210
v 0.03057957 0.00350000 0.00303631
v 0.03057957 0.00350000 0.00506052
v 0.03057957 0.00350000 0.00708473
v 0.03057957 0.00350000 0.00910893
v 0.03057957 0.00350000 0.01113314
v 0.03057957 0.00350000 0.01315735
v 0.03057957 0.00350000 0.01518155
v 0.03057957 0.00350000 0.01720576
v 0.03057957 0.00350000 0.01922997
v 0.03057957 0.00350000 0.02125418
v 0.03057957 0.00350000 0.02327838
v 0.03057957 0.00350000 0.02530259
v 0.03057957 0.00350000 0.02732680
v 0.03057957 0.00350000 0.02935101
v 0.03057957 0.00350000 0.03137521
v 0.03057957 0.00350000 0.03339942
v 0.03057957 0.00350000 0.03542363
v 0.03057957 0.00297847 0.03744784
v 0.03284472 -0.00297847 -0.03744784
v 0.03284472 -0.00272557 -0.03774957
v 0.03284472 -0.00350000 -0.03542363
v 0.03284472 -0.00350000 -0.03339942
v 0.03284472 -0.00350000 -0.03137521
v 0.03284472 -0.00350000 -0.02935101
v 0.03284472 -0.00350000 -0.02732680
v 0.03284472 -0.00350000 -0.02530259
v 0.03284472 -0.00350000 -0.02327838
v 0.03284472 -0.00350000 -0.02125418
v 0.03284472 -0.00350000 -0.01922997
v 0.03284472 -0.00350000 -0.01720576
v 0.03284472 -0.00350000 -0.01518155
v 0.03284472 -0.00350000 -0.01315735
v 0.03284472 -0.00350000 -0.01113314
v 0.03284472 -0.00350000 -0.00910893
v 0.03284472 -0.00350000 -0.00708473
v 0.03284472 -0.00350000 -0.00506052
v 0.03284472 -0.00350000 -0.00303631
v 0.03284472 -0.00350000 -0.00101210
v 0.03284472 -0.00350000 0.00101210
v 0.03284472 -0.00350000 0.00303631
v 0.03284472 -0.00350000 0.00506052
v 0.03284472 -0.00350000 0.00708473
v 0.03284472 -0.00350000 0.00910893
v 0.03284472 -0.00350000 0.01113314
v 0.03284472 -0.00350000 0.01315735
v 0.03284472 -0.00350000 0.01518155
v 0.03284472 -0.00350000 0.01720576
v 0.03284472 -0.00350000 0.01922997
v 0.03284472 -0.00350000 0.02125418
v 0.03284472 -0.00350000 0.02327838
v 0.03284472 -0.00350000 0.02530259
v 0.03284472 -0.00350000 0.02732680
v 0.03284472 -0.00350000 0.02935101
v 0.03284472 -0.00350000 0.03137521
v 0.03284472 -0.00350000 0.03339942
v 0.03284472 -0.00350000 0.03542363
v 0.03284472 -0.00297847 0.03744784
v 0.03284472 -0.00272557 0.03774957
v 0.03284472 -0.00163534 -0.03862276
v 0.03284472 -0.00163534 0.03862276
v 0.03284472 -0.00054511 -0.03897706
v 0.03284472 -0.00054511 0.03897706
v 0.03284472 0.00054511 -0.03897706
v 0.03284472 0.00054511 0.03897706
v 0.03284472 0.00163534 -0.03862276
v 0.03284472 0.00163534 0.03862276
v 0.03284472 0.00272557 -0.03774957
v 0.03284472 0.00272557 0.03774957
v 0.03284472 0.00297847 -0.03744784
v 0.03284472 0.00350000 -0.03542363
v 0.03284472 0.00350000 -0.03339942
v 0.03284472 0.00350000 -0.03137521
v 0.03284472 0.00350000 -0.02935101
v 0.03284472 0.00350000 -0.02732680
v 0.03284472 0.00350000 -0.02530259
v 0.03284472 0.00350000 -0.02327838
v 0.03284472 0.00350000 -0.02125418
v 0.03284472 0.00350000 -0.01922997
v 0.03284472 0.00350000 -0.01720576
v 0.03284472 0.00350000 -0.01518155
v 0.03284472 0.00350000 -0.01315735
v 0.03284472 0.00350000 -0.01113314
v 0.03284472 0.00350000 -0.00910893
v 0.03284472 0.00350000 -0.00708473
v 0.03284472 0.00350000 -0.00506052
v 0.03284472 0.00350000 -0.00303631
v 0.03284472 0.00350000 -0.00101210
v 0.03284472 0.00350000 0.00101210
v 0.03284472 0.00350000 0.00303631
v 0.03284472 0.00350000 0.00506052
v 0.03284472 0.00350000 0.00708473
v 0.03284472 0.00350000 0.00910893
v 0.03284472 0.00350000 0.01113314
v 0.03284472 0.00350000 0.01315735
v 0.03284472 0.00350000 0.01518155
v 0.03284472 0.00350000 0.01720576
v 0.03284472 0.00350000 0.01922997
v 0.03284472 0.00350000 0.02125418
v 0.03284472 0.00350000 0.02327838
v 0.03284472 0.00350000 0.02530259
v 0.03284472 0.00350000 0.02732680
v 0.03284472 0.00350000 0.02935101
v 0.03284472 0.00350000 0.03137521
v 0.03284472 0.00350000 0.03339942
v 0.03284472 0.00350000 0.03542363
v 0.03284472 0.00297847 0.03744784
v 0.03510987 -0.00297847 -0.03744784
v 0.03510987 -0.00272557 -0.03774957
v 0.03510987 -0.00350000 -0.03542363
v 0.03510987 -0.00350000 -0.03339942
v 0.03510987 -0.00350000 -0.03137521
v 0.03510987 -0.00350000 -0.02935101
v 0.03510987 -0.00350000 -0.02732680
v 0.03510987 -0.00350000 -0.02530259
v 0.03510987 -0.00350000 -0.02327838
v 0.03510987 -0.00350000 -0.02125418
v 0.03510987 -0.00350000 -0.01922997
v 0.03510987 -0.00350000 -0.01720576
v 0.03510987 -0.00350000 -0.01518155
v 0.03510987 -0.00350000 -0.01315735
v 0.03510987 -0.00350000 -0.01113314
v 0.03510987 -0.00350000 -0.00910893
v 0.03510987 -0.00350000 -0.00708473
v 0.03510987 -0.00350000 -0.00506052
v 0.03510987 -0.00350000 -0.00303631
v 0.03510987 -0.00350000 -0.00101210
v 0.03510987 -0.00350000 0.00101210
v 0.03510987 -0.00350000 0.00303631
v 0.03510987 -0.00350000 0.00506052
v 0.03510987 -0.00350000 0.00708473
v 0.03510987 -0.00350000 0.00910893
v 0.03510987 -0.00350000 0.01113314
v 0.03510987 -0.00350000 0.01315735
v 0.03510987 -0.00350000 0.01518155
v 0.03510987 -0.00350000 0.01720576
v 0.03510987 -0.00350000 0.01922997
v 0.03510987 -0.00350000 0.02125418
v 0.03510987 -0.00350000 0.02327838
v 0.03510987 -0.00350000 0.02530259
v 0.03510987 -0.00350000 0.02732680
v 0.03510987 -0.00350000 0.02935101
v 0.03510987 -0.00350000 0.03137521
v 0.03510987 -0.00350000 0.03339942
v 0.03510987 -0.00350000 0.03542363
v 0.03510987 -0.00297847 0.03744784
v 0.03510987 -0.00272557 0.03774957
v 0.03510987 -0.00163534 -0.03862276
v 0.03510987 -0.00163534 0.03862276
v 0.03510987 -0.00054511 -0.03897706
v 0.03510987 -0.00054511 0.03897706
v 0.03510987 0.00054511 -0.03897706
v 0.03510987 0.00054511 0.03897706
v 0.03510987 0.00163534 -0.03862276
v 0.03510987 0.00163534 0.03862276
v 0.03510987 0.00272557 -0.03774957
v 0.03510987 0.00272557 0.03774957
v 0.03510987 0.00297847 -0.03744784
v 0.03510987 0.00350000 -0.03542363
v 0.03510987 0.00350000 -0.03339942
v 0.03510987 0.00350000 -0.03137521
v 0.03510987 0.00350000 -0.02935101
v 0.03510987 0.00350000 -0.02732680
v 0.03510987 0.00350000 -0.02530259
v 0.03510987 0.00350000 -0.02327838
v 0.03510987 0.00350000 -0.02125418
v 0.03510987 0.00350000 -0.01922997
v 0.03510987 0.00350000 -0.01720576
v 0.03510987 0.00350000 -0.01518155
v 0.03510987 0.00350000 -0.01315735
v 0.03510987 0.00350000 -0.01113314
v 0.03510987 0.00350000 -0.00910893
v 0.03510987 0.00350000 -0.00708473
v 0.03510987 0.00350000 -0.00506052
v 0.03510987 0.00350000 -0.00303631
v 0.03510987 0.00350000 -0.00101210
v 0.03510987 0.00350000 0.00101210
v 0.03510987 0.00350000 0.00303631
v 0.03510987 0.00350000 0.00506052
v 0.03510987 0.00350000 0.00708473
v 0.03510987 0.00350000 0.00910893
v 0.03510987 0.00350000 0.01113314
v 0.03510987 0.00350000 0.01315735
v 0.03510987 0.00350000 0.01518155
v 0.03510987 0.00350000 0.01720576
v 0.03510987 0.00350000 0.01922997
v 0.03510987 0.00350000 0.02125418
v 0.03510987 0.00350000 0.02327838
v 0.03510987 0.00350000 0.02530259
v 0.03510987 0.00350000 0.02732680
v 0.03510987 0.00350000 0.02935101
v 0.03510987 0.00350000 0.03137521
v 0.03510987 0.00350000 0.03339942
v 0.03510987 0.00350000 0.03542363
v 0.03510987 0.00297847 0.03744784
v 0.03737503 -0.00297847 -0.03744784
v 0.03737503 -0.00272557 -0.03774957
v 0.03737503 -0.00350000 -0.03542363
v 0.03737503 -0.00350000 -0.03339942
v 0.03737503 -0.00350000 -0.03137521
v 0.03737503 -0.00350000 -0.02935101
v 0.03737503 -0.00350000 -0.02732680
v 0.03737503 -0.00350000 -0.02530259
v 0.03737503 -0.00350000 -0.02327838
v 0.03737503 -0.00350000 -0.02125418
v 0.03737503 -0.00350000 -0.01922997
v 0.03737503 -0.00350000 -0.01720576
v 0.03737503 -0.00350000 -0.01518155
v 0.03737503 -0.00350000 -0.01315735
v 0.03737503 -0.00350000 -0.01113314
v 0.03737503 -0.00350000 -0.00910893
v 0.03737503 -0.00350000 -0.00708473
v 0.03737503 -0.00350000 -0.00506052
v 0.03737503 -0.00350000 -0.00303631
v 0.03737503 -0.00350000 -0.00101210
v 0.03737503 -0.00350000 0.00101210
v 0.03737503 -0.00350000 0.00303631
v 0.03737503 -0.00350000 0.00506052
v 0.03737503 -0.00350000 0.00708473
v 0.03737503 -0.00350000 0.00910893
v 0.03737503 -0.00350000 0.01113314
v 0.03737503 -0.00350000 0.01315735
v 0.03737503 -0.00350000 0.01518155
v 0.03737503 -0.00350000 0.01720576
v 0.03737503 -0.00350000 0.01922997
v 0.03737503 -0.00350000 0.02125418
v 0.03737503 -0.00350000 0.02327838
v 0.03737503 -0.00350000 0.02530259
v 0.03737503 -0.00350000 0.02732680
v 0.03737503 -0.00350000 0.02935101
v 0.03737503 -0.00350000 0.03137521
v 0.03737503 -0.00350000 0.03339942
v 0.03737503 -0.00350000 0.03542363
v 0.03737503 -0.00297847 0.03744784
v 0.03737503 -0.00272557 0.03774957
v 0.03737503 -0.00163534 -0.03862276
v 0.03737503 -0.00163534 0.03862276
v 0.03737503 -0.00054511 -0.03897706
v 0.03737503 -0.00054511 0.03897706
v 0.03737503 0.00054511 -0.03897706
v 0.03737503 0.00054511 0.03897706
v 0.03737503 0.00163534 -0.03862276
v 0.03737503 0.00163534 0.03862276
v 0.03737503 0.00272557 -0.03774957
v 0.03737503 0.00272557 0.03774957
v 0.03737503 0.00297847 -0.03744784
v 0.03737503 0.00350000 -0.03542363
v 0.03737503 0.00350000 -0.03339942
v 0.03737503 0.00350000 -0.03137521
v 0.03737503 0.00350000 -0.02935101
v 0.03737503 0.00350000 -0.02732680
v 0.03737503 0.00350000 -0.02530259
v 0.03737503 0.00350000 -0.02327838
v 0.03737503 0.00350000 -0.02125418
v 0.03737503 0.00350000 -0.01922997
v 0.03737503 0.00350000 -0.01720576
v 0.03737503 0.00350000 -0.01518155
v 0.03737503 0.00350000 -0.01315735
v 0.03737503 0.00350000 -0.01113314
v 0.03737503 0.00350000 -0.00910893
v 0.03737503 0.00350000 -0.00708473
v 0.03737503 0.00350000 -0.00506052
v 0.03737503 0.00350000 -0.00303631
v 0.03737503 0.00350000 -0.00101210
v 0.03737503 0.00350000 0.00101210
v 0.03737503 0.00350000 0.00303631
v 0.03737503 0.00350000 0.00506052
v 0.03737503 0.00350000 0.00708473
v 0.03737503 0.00350000 0.00910893
v 0.03737503 0.00350000 0.01113314
v 0.03737503 0.00350000 0.01315735
v 0.03737503 0.00350000 0.01518155
v 0.03737503 0.00350000 0.01720576
v 0.03737503 0.00350000 0.01922997
v 0.03737503 0.00350000 0.02125418
v 0.03737503 0.00350000 0.02327838
v 0.03737503 0.00350000 0.02530259
v 0.03737503 0.00350000 0.02732680
v 0.03737503 0.00350000 0.02935101
v 0.03737503 0.00350000 0.03137521
v 0.03737503 0.00350000 0.03339942
v 0.03737503 0.00350000 0.03542363
v 0.03737503 0.00297847 0.03744784
v 0.03964018 -0.00297847 -0.03744784
v 0.03964018 -0.00272557 -0.03774957
v 0.03964018 -0.00350000 -0.03542363
v 0.03964018 -0.00350000 -0.03339942
v 0.03964018 -0.00350000 -0.03137521
v 0.03964018 -0.00350000 -0.02935101
v 0.03964018 -0.00350000 -0.02732680
v 0.03964018 -0.00350000 -0.02530259
v 0.03964018 -0.00350000 -0.02327838
v 0.03964018 -0.00350000 -0.02125418
v 0.03964018 -0.00350000 -0.01922997
v 0.03964018 -0.00350000 -0.01720576
v 0.03964018 -0.00350000 -0.01518155
v 0.03964018 -0.00350000 -0.01315735
v 0.03964018 -0.00350000 -0.01113314
v 0.03964018 -0.00350000 -0.00910893
v 0.03964018 -0.00350000 -0.00708473
v 0.03964018 -0.00350000 -0.00506052
v 0.03964018 -0.00350000 -0.00303631
v 0.03964018 -0.00350000 -0.00101210
v 0.03964018 -0.00350000 0.00101210
v 0.03964018 -0.00350000 0.00303631
v 0.03964018 -0.00350000 0.00506052
v 0.03964018 -0.00350000 0.00708473
v 0.03964018 -0.00350000 0.00910893
v 0.03964018 -0.00350000 0.01113314
v 0.03964018 -0.00350000 0.01315735
v 0.03964018 -0.00350000 0.01518155
v 0.03964018 -0.00350000 0.01720576
v 0.03964018 -0.00350000 0.01922997
v 0.03964018 -0.00350000 0.02125418
v 0.03964018 -0.00350000 0.02327838
v 0.03964018 -0.00350000 0.02530259
v 0.03964018 -0.00350000 0.02732680
v 0.03964018 -0.00350000 0.02935101
v 0.03964018 -0.00350000 0.03137521
v 0.03964018 -0.00350000 0.03339942
v 0.03964018 -0.00350000 0.03542363
v 0.03964018 -0.00297847 0.03744784
v 0.03964018 -0.00272557 0.03774957
v 0.03964018 -0.00163534 -0.03862276
v 0.03964018 -0.00163534 0.03862276
v 0.03964018 -0.00054511 -0.03897706
v 0.03964018 -0.00054511 0.03897706
v 0.03964018 0.00054511 -0.03897706
v 0.03964018 0.00054511 0.03897706
v 0.03964018 0.00163534 -0.03862276
v 0.03964018 0.00163534 0.03862276
v 0.03964018 0.00272557 -0.03774957
v 0.03964018 0.00272557 0.03774957
v 0.03964018 0.00297847 -0.03744784
v 0.03964018 0.00350000 -0.03542363
v 0.03964018 0.00350000 -0.03339942
v 0.03964018 0.00350000 -0.03137521
v 0.03964018 0.00350000 -0.02935101
v 0.03964018 0.00350000 -0.02732680
v 0.03964018 0.00350000 -0.02530259
v 0.03964018 0.00350000 -0.02327838
v 0.03964018 0.00350000 -0.02125418
v 0.03964018 0.00350000 -0.01922997
v 0.03964018 0.00350000 -0.01720576
v 0.03964018 0.00350000 -0.01518155
v 0.03964018 0.00350000 -0.01315735
v 0.03964018 0.00350000 -0.01113314
v 0.03964018 0.00350000 -0.00910893
v 0.03964018 0.00350000 -0.00708473
v 0.03964018 0.00350000 -0.00506052
v 0.03964018 0.00350000 -0.00303631
v 0.03964018 0.00350000 -0.00101210
v 0.03964018 0.00350000 0.00101210
v 0.03964018 0.00350000 0.00303631
v 0.03964018 0.00350000 0.00506052
v 0.03964018 0.00350000 0.00708473
v 0.03964018 0.00350000 0.00910893
v 0.03964018 0.00350000 0.01113314
v 0.03964018 0.00350000 0.01315735
v 0.03964018 0.00350000 0.01518155
v 0.03964018 0.00350000 0.01720576
v 0.03964018 0.00350000 0.01922997
v 0.03964018 0.00350000 0.02125418
v 0.03964018 0.00350000 0.02327838
v 0.03964018 0.00350000 0.02530259
v 0.03964018 0.00350000 0.02732680
v 0.03964018 0.00350000 0.02935101
v 0.03964018 0.00350000 0.03137521
v 0.03964018 0.00350000 0.03339942
v 0.03964018 0.00350000 0.03542363
v 0.03964018 0.00297847 0.03744784
v 0.04190533 -0.00297847 -0.03744784
v 0.04190533 -0.00272557 -0.03774957
v 0.04190533 -0.00350000 -0.03542363
v 0.04190533 -0.00350000 -0.03339942
v 0.04190533 -0.00350000 -0.03137521
v 0.04190533 -0.00350000 -0.02935101
v 0.04190533 -0.00350000 -0.02732680
v 0.04190533 -0.00350000 -0.02530259
v 0.04190533 -0.00350000 -0.02327838
v 0.04190533 -0.00350000 -0.02125418
v 0.04190533 -0.00350000 -0.01922997
v 0.04190533 -0.00350000 -0.01720576
v 0.04190533 -0.00350000 -0.01518155
v 0.04190533 -0.00350000 -0.01315735
v 0.04190533 -0.00350000 -0.01113314
v 0.04190533 -0.00350000 -0.00910893
v 0.04190533 -0.00350000 -0.00708473
v 0.04190533 -0.00350000 -0.00506052
v 0.04190533 -0.00350000 -0.00303631
v 0.04190533 -0.00350000 -0.00101210
v 0.04190533 -0.00350000 0.00101210
v 0.04190533 -0.00350000 0.00303631
v 0.04190533 -0.00350000 0.00506052
v 0.04190533 -0.00350000 0.00708473
v 0.04190533 -0.00350000 0.00910893
v 0.04190533 -0.00350000 0.01113314
v 0.04190533 -0.00350000 0.01315735
v 0.04190533 -0.00350000 0.01518155
v 0.04190533 -0.00350000 0.01720576
v 0.04190533 -0.00350000 0.01922997
v 0.04190533 -0.00350000 0.02125418
v 0.04190533 -0.00350000 0.02327838
v 0.04190533 -0.00350000 0.02530259
v 0.04190533 -0.00350000 0.02732680
v 0.04190533 -0.00350000 0.02935101
v 0.04190533 -0.00350000 0.03137521
v 0.04190533 -0.00350000 0.03339942
v 0.04190533 -0.00350000 0.03542363
v 0.04190533 -0.00297847 0.03744784
v 0.04190533 -0.00272557 0.03774957
v 0.04190533 -0.00163534 -0.03862276
v 0.04190533 -0.00163534 0.03862276
v 0.04190533 -0.00054511 -0.03897706
v 0.04190533 -0.00054511 0.03897706
v 0.04190533 0.00054511 -0.03897706
v 0.04190533 0.00054511 0.03897706
v 0.04190533 0.00163534 -0.03862276
v 0.04190533 0.00163534 0.03862276
v 0.04190533 0.00272557 -0.03774957
v 0.04190533 0.00272557 0.03774957
v 0.04190533 0.00297847 -0.03744784
v 0.04190533 0.00350000 -0.03542363
v 0.04190533 0.00350000 -0.03339942
v 0.04190533 0.00350000 -0.03137521
v 0.04190533 0.00350000 -0.02935101
v 0.04190533 0.00350000 -0.02732680
v 0.04190533 0.00350000 -0.02530259
v 0.04190533 0.00350000 -0.02327838
v 0.04190533 0.00350000 -0.02125418
v 0.04190533 0.00350000 -0.01922997
v 0.04190533 0.00350000 -0.01720576
v 0.04190533 0.00350000 -0.01518155
v 0.04190533 0.00350000 -0.01315735
v 0.04190533 0.00350000 -0.01113314
v 0.04190533 0.00350000 -0.00910893
v 0.04190533 0.00350000 -0.00708473
v 0.04190533 0.00350000 -0.00506052
v 0.04190533 0.00350000 -0.00303631
v 0.04190533 0.00350000 -0.00101210
v 0.04190533 0.00350000 0.00101210
v 0.04190533 0.00350000 0.00303631
v 0.04190533 0.00350000 0.00506052
v 0.04190533 0.00350000 0.00708473
v 0.04190533 0.00350000 0.00910893
v 0.04190533 0.00350000 0.01113314
v 0.04190533 0.00350000 0.01315735
v 0.04190533 0.00350000 0.01518155
v 0.04190533 0.00350000 0.01720576
v 0.04190533 0.00350000 0.01922997
v 0.04190533 0.00350000 0.02125418
v 0.04190533 0.00350000 0.02327838
v 0.04190533 0.00350000 0.02530259
v 0.04190533 0.00350000 0.02732680
v 0.04190533 0.00350000 0.02935101
v 0.04190533 0.00350000 0.03137521
v 0.04190533 0.00350000 0.03339942
v 0.04190533 0.00350000 0.03542363
v 0.04190533 0.00297847 0.03744784
v 0.04417048 -0.00297847 -0.03744784
v 0.04417048 -0.00272557 -0.03774957
v 0.04417048 -0.00350000 -0.03542363
v 0.04417048 -0.00350000 -0.03339942
v 0.04417048 -0.00350000 -0.03137521
v 0.04417048 -0.00350000 -0.02935101
v 0.04417048 -0.00350000 -0.02732680
v 0.04417048 -0.00350000 -0.02530259
v 0.04417048 -0.00350000 -0.02327838
v 0.04417048 -0.00350000 -0.02125418
v 0.04417048 -0.00350000 -0.01922997
v 0.04417048 -0.00350000 -0.01720576
v 0.04417048 -0.00350000 -0.01518155
v 0.04417048 -0.00350000 -0.01315735
v 0.04417048 -0.00350000 -0.01113314
v 0.04417048 -0.00350000 -0.00910893
v 0.04417048 -0.00350000 -0.00708473
v 0.04417048 -0.00350000 -0.00506052
v 0.04417048 -0.00350000 -0.00303631
v 0.04417048 -0.00350000 -0.00101210
v 0.04417048 -0.00350000 0.00101210
v 0.04417048 -0.00350000 0.00303631
v 0.04417048 -0.00350000 0.00506052
v 0.04417048 -0.00350000 0.00708473
v 0.04417048 -0.00350000 0.00910893
v 0.04417048 -0.00350000 0.01113314
v 0.04417048 -0.00350000 0.01315735
v 0.04417048 -0.00350000 0.01518155
v 0.04417048 -0.00350000 0.01720576
v 0.04417048 -0.00350000 0.01922997
v 0.04417048 -0.00350000 0.02125418
v 0.04417048 -0.00350000 0.02327838
v 0.04417048 -0.00350000 0.02530259
v 0.04417048 -0.00350000 0.02732680
v 0.04417048 -0.00350000 0.02935101
v 0.04417048 -0.00350000 0.03137521
v 0.04417048 -0.00350000 0.03339942
v 0.04417048 -0.00350000 0.03542363
v 0.04417048 -0.00297847 0.03744784
v 0.04417048 -0.00272557 0.03774957
v 0.04417048 -0.00163534 -0.03862276
v 0.04417048 -0.00163534 0.03862276
v 0.04417048 -0.00054511 -0.03897706
v 0.04417048 -0.00054511 0.03897706
v 0.04417048 0.00054511 -0.03897706
v 0.04417048 0.00054511 0.03897706
v 0.04417048 0.00163534 -0.03862276
v 0.04417048 0.00163534 0.03862276
v 0.04417048 0.00272557 -0.03774957
v 0.04417048 0.00272557 0.03774957
v 0.04417048 0.00297847 -0.03744784
v 0.04417048 0.00350000 -0.03542363
v 0.04417048 0.00350000 -0.03339942
v 0.04417048 0.00350000 -0.03137521
v 0.04417048 0.00350000 -0.02935101
v 0.04417048 0.00350000 -0.02732680
v 0.04417048 0.00350000 -0.02530259
v 0.04417048 0.00350000 -0.02327838
v 0.04417048 0.00350000 -0.02125418
v 0.04417048 0.00350000 -0.01922997
v 0.04417048 0.00350000 -0.01720576
v 0.04417048 0.00350000 -0.01518155
v 0.04417048 0.00350000 -0.01315735
v 0.04417048 0.00350000 -0.01113314
v 0.04417048 0.00350000 -0.00910893
v 0.04417048 0.00350000 -0.00708473
v 0.04417048 0.00350000 -0.00506052
v 0.04417048 0.00350000 -0.00303631
v 0.04417048 0.00350000 -0.00101210
v 0.04417048 0.00350000 0.00101210
v 0.04417048 0.00350000 0.00303631
v 0.04417048 0.00350000 0.00506052
v 0.04417048 0.00350000 0.00708473
v 0.04417048 0.00350000 0.00910893
v 0.04417048 0.00350000 0.01113314
v 0.04417048 0.00350000 0.01315735
v 0.04417048 0.00350000 0.01518155
v 0.04417048 0.00350000 0.01720576
v 0.04417048 0.00350000 0.01922997
v 0.04417048 0.00350000 0.02125418
v 0.04417048 0.00350000 0.02327838
v 0.04417048 0.00350000 0.02530259
v 0.04417048 0.00350000 0.02732680
v 0.04417048 0.00350000 0.02935101
v 0.04417048 0.00350000 0.03137521
v 0.04417048 0.00350000 0.03339942
v 0.04417048 0.00350000 0.03542363
v 0.04417048 0.00297847 0.03744784
v 0.04643564 -0.00297847 -0.03744784
v 0.04643564 -0.00272557 -0.03774957
v 0.04643564 -0.00350000 -0.03542363
v 0.04643564 -0.00350000 -0.03339942
v 0.04643564 -0.00350000 -0.03137521
v 0.04643564 -0.00350000 -0.02935101
v 0.04643564 -0.00350000 -0.02732680
v 0.04643564 -0.00350000 -0.02530259
v 0.04643564 -0.00350000 -0.02327838
v 0.04643564 -0.00350000 -0.02125418
v 0.04643564 -0.00350000 -0.01922997
v 0.04643564 -0.00350000 -0.01720576
v 0.04643564 -0.00350000 -0.01518155
v 0.04643564 -0.00350000 -0.01315735
v 0.04643564 -0.00350000 -0.01113314
v 0.04643564 -0.00350000 -0.00910893
v 0.04643564 -0.00350000 -0.00708473
v 0.04643564 -0.00350000 -0.00506052
v 0.04643564 -0.00350000 -0.00303631
v 0.04643564 -0.00350000 -0.00101210
v 0.04643564 -0.00350000 0.00101210
v 0.04643564 -0.00350000 0.00303631
v 0.04643564 -0.00350000 0.00506052
v 0.04643564 -0.00350000 0.00708473
v 0.04643564 -0.00350000 0.00910893
v 0.04643564 -0.00350000 0.01113314
v 0.04643564 -0.00350000 0.01315735
v 0.04643564 -0.00350000 0.01518155
v 0.04643564 -0.00350000 0.01720576
v 0.04643564 -0.00350000 0.01922997
v 0.04643564 -0.00350000 0.02125418
v 0.04643564 -0.00350000 0.02327838
v 0.04643564 -0.00350000 0.02530259
v 0.04643564 -0.00350000 0.02732680
v 0.04643564 -0.00350000 0.02935101
v 0.04643564 -0.00350000 0.03137521
v 0.04643564 -0.00350000 0.03339942
v 0.04643564 -0.00350000 0.03542363
v 0.04643564 -0.00297847 0.03744784
v 0.04643564 -0.00272557 0.03774957
v 0.04643564 -0.00163534 -0.03862276
v 0.04643564 -0.00163534 0.03862276
v 0.04643564 -0.00054511 -0.03897706
v 0.04643564 -0.00054511 0.03897706
v 0.04643564 0.00054511 -0.03897706
v 0.04643564 0.00054511 0.03897706
v 0.04643564 0.00163534 -0.03862276
v 0.04643564 0.00163534 0.03862276
v 0.04643564 0.00272557 -0.03774957
v 0.04643564 0.00272557 0.03774957
v 0.04643564 0.00297847 -0.03744784
v 0.04643564 0.00350000 -0.03542363
v 0.04643564 0.00350000 -0.03339942
v 0.04643564 0.00350000 -0.03137521
v 0.04643564 0.00350000 -0.02935101
v 0.04643564 0.00350000 -0.02732680
v 0.04643564 0.00350000 -0.02530259
v 0.04643564 0.00350000 -0.02327838
v 0.04643564 0.00350000 -0.02125418
v 0.04643564 0.00350000 -0.01922997
v 0.04643564 0.00350000 -0.01720576
v 0.04643564 0.00350000 -0.01518155
v 0.04643564 0.00350000 -0.01315735
v 0.04643564 0.00350000 -0.01113314
v 0.04643564 0.00350000 -0.00910893
v 0.04643564 0.00350000 -0.00708473
v 0.04643564 0.00350000 -0.00506052
v 0.04643564 0.00350000 -0.00303631
v 0.04643564 0.00350000 -0.00101210
v 0.04643564 0.00350000 0.00101210
v 0.04643564 0.00350000 0.00303631
v 0.04643564 0.00350000 0.00506052
v 0.04643564 0.00350000 0.00708473
v 0.04643564 0.00350000 0.00910893
v 0.04643564 0.00350000 0.01113314
v 0.04643564 0.00350000 0.01315735
v 0.04643564 0.00350000 0.01518155
v 0.04643564 0.00350000 0.01720576
v 0.04643564 0.00350000 0.01922997
v 0.04643564 0.00350000 0.02125418
v 0.04643564 0.00350000 0.02327838
v 0.04643564 0.00350000 0.02530259
v 0.04643564 0.00350000 0.02732680
v 0.04643564 0.00350000 0.02935101
v 0.04643564 0.00350000 0.03137521
v 0.04643564 0.00350000 0.03339942
v 0.04643564 0.00350000 0.03542363
v 0.04643564 0.00297847 0.03744784
v 0.04870079 -0.00297847 -0.03744784
v 0.04870079 -0.00272557 -0.03774957
v 0.04870079 -0.00350000 -0.03542363
v 0.04870079 -0.00350000 -0.03339942
v 0.04870079 -0.00350000 -0.03137521
v 0.04870079 -0.00350000 -0.02935101
v 0.04870079 -0.00350000 -0.02732680
v 0.04870079 -0.00350000 -0.02530259
v 0.04870079 -0.00350000 -0.02327838
v 0.04870079 -0.00350000 -0.02125418
v 0.04870079 -0.00350000 -0.01922997
v 0.04870079 -0.00350000 -0.01720576
v 0.04870079 -0.00350000 -0.01518155
v 0.04870079 -0.00350000 -0.01315735
v 0.04870079 -0.00350000 -0.01113314
v 0.04870079 -0.00350000 -0.00910893
v 0.04870079 -0.00350000 -0.00708473
v 0.04870079 -0.00350000 -0.00506052
v 0.04870079 -0.00350000 -0.00303631
v 0.04870079 -0.00350000 -0.00101210
v 0.04870079 -0.00350000 0.00101210
v 0.04870079 -0.00350000 0.00303631
v 0.04870079 -0.00350000 0.00506052
v 0.04870079 -0.00350000 0.00708473
v 0.04870079 -0.00350000 0.00910893
v 0.04870079 -0.00350000 0.01113314
v 0.04870079 -0.00350000 0.01315735
v 0.04870079 -0.00350000 0.01518155
v 0.04870079 -0.00350000 0.01720576
v 0.04870079 -0.00350000 0.01922997
v 0.04870079 -0.00350000 0.02125418
v 0.04870079 -0.00350000 0.02327838
v 0.04870079 -0.00350000 0.02530259
v 0.04870079 -0.00350000 0.02732680
v 0.04870079 -0.00350000 0.02935101
v 0.04870079 -0.00350000 0.03137521
v 0.04870079 -0.00350000 0.03339942
v 0.04870079 -0.00350000 0.03542363
v 0.04870079 -0.00297847 0.03744784
v 0.04870079 -0.00272557 0.03774957
v 0.04870079 -0.00163534 -0.03862276
v 0.04870079 -0.00163534 0.03862276
v 0.04870079 -0.00054511 -0.03897706
v 0.04870079 -0.00054511 0.03897706
v 0.04870079 0.00054511 -0.03897706
v 0.04870079 0.00054511 0.03897706
v 0.04870079 0.00163534 -0.03862276
v 0.04870079 0.00163534 0.03862276
v 0.04870079 0.00272557 -0.03774957
v 0.04870079 0.00272557 0.03774957
v 0.04870079 0.00297847 -0.03744784
v 0.04870079 0.00350000 -0.03542363
v 0.04870079 0.00350000 -0.03339942
v 0.04870079 0.00350000 -0.03137521
v 0.04870079 0.00350000 -0.02935101
v 0.04870079 0.00350000 -0.02732680
v 0.04870079 0.00350000 -0.02530259
v 0.04870079 0.00350000 -0.02327838
v 0.04870079 0.00350000 -0.02125418
v 0.04870079 0.00350000 -0.01922997
v 0.04870079 0.00350000 -0.01720576
v 0.04870079 0.00350000 -0.01518155
v 0.04870079 0.00350000 -0.01315735
v 0.04870079 0.00350000 -0.01113314
v 0.04870079 0.00350000 -0.00910893
v 0.04870079 0.00350000 -0.00708473
v 0.04870079 0.00350000 -0.00506052
v 0.04870079 0.00350000 -0.00303631
v 0.04870079 0.00350000 -0.00101210
v 0.04870079 0.00350000 0.00101210
v 0.04870079 0.00350000 0.00303631
v 0.04870079 0.00350000 0.00506052
v 0.04870079 0.00350000 0.00708473
v 0.04870079 0.00350000 0.00910893
v 0.04870079 0.00350000 0.01113314
v 0.04870079 0.00350000 0.01315735
v 0.04870079 0.00350000 0.01518155
v 0.04870079 0.00350000 0.01720576
v 0.04870079 0.00350000 0.01922997
v 0.04870079 0.00350000 0.02125418
v 0.04870079 0.00350000 0.02327838
v 0.04870079 0.00350000 0.02530259
v 0.04870079 0.00350000 0.02732680
v 0.04870079 0.00350000 0.02935101
v 0.04870079 0.00350000 0.03137521
v 0.04870079 0.00350000 0.03339942
v 0.04870079 0.00350000 0.03542363
v 0.04870079 0.00297847 0.03744784
v 0.05062510 -0.00272557 -0.03744784
v 0.05096594 -0.00272557 -0.03729250
v 0.05096594 -0.00323184 -0.03542363
v 0.05096594 -0.00323184 -0.03339942
v 0.05096594 -0.00323184 -0.03137521
v 0.05096594 -0.00323184 -0.02935101
v 0.05096594 -0.00323184 -0.02732680
v 0.05096594 -0.00323184 -0.02530259
v 0.05096594 -0.00323184 -0.02327838
v 0.05096594 -0.00323184 -0.02125418
v 0.05096594 -0.00323184 -0.01922997
v 0.05096594 -0.00323184 -0.01720576
v 0.05096594 -0.00323184 -0.01518155
v 0.05096594 -0.00323184 -0.01315735
v 0.05096594 -0.00323184 -0.01113314
v 0.05096594 -0.00323184 -0.00910893
v 0.05096594 -0.00323184 -0.00708473
v 0.05096594 -0.00323184 -0.00506052
v 0.05096594 -0.00323184 -0.00303631
v 0.05096594 -0.00323184 -0.00101210
v 0.05096594 -0.00323184 0.00101210
v 0.05096594 -0.00323184 0.00303631
v 0.05096594 -0.00323184 0.00506052
v 0.05096594 -0.00323184 0.00708473
v 0.05096594 -0.00323184 0.00910893
v 0.05096594 -0.00323184 0.01113314
v 0.05096594 -0.00323184 0.01315735
v 0.05096594 -0.00323184 0.01518155
v 0.05096594 -0.00323184 0.01720576
v 0.05096594 -0.00323184 0.01922997
v 0.05096594 -0.00323184 0.02125418
v 0.05096594 -0.00323184 0.02327838
v 0.05096594 -0.00323184 0.02530259
v 0.05096594 -0.00323184 0.02732680
v 0.05096594 -0.00323184 0.02935101
v 0.05096594 -0.00323184 0.03137521
v 0.05096594 -0.00323184 0.03339942
v 0.05096594 -0.00323184 0.03542363
v 0.05062510 -0.00272557 0.03744784
v 0.05096594 -0.00272557 0.03729250
v 0.05096594 -0.00266760 -0.03744784
v 0.05096594 -0.00163534 -0.03830324
v 0.05096594 -0.00266760 0.03744784
v 0.05096594 -0.00163534 0.03830324
v 0.05096594 -0.00054511 -0.03868352
v 0.05096594 -0.00054511 0.03868352
v 0.05096594 0.00054511 -0.03868352
v 0.05096594 0.00054511 0.03868352
v 0.05096594 0.00163534 -0.03830324
v 0.05096594 0.00163534 0.03830324
v 0.05096594 0.00266760 -0.03744784
v 0.05062510 0.00272557 -0.03744784
v 0.05096594 0.00272557 -0.03729250
v 0.05062510 0.00272557 0.03744784
v 0.05096594 0.00272557 0.03729250
v 0.05096594 0.00266760 0.03744784
v 0.05096594 0.00323184 -0.03542363
v 0.05096594 0.00323184 -0.03339942
v 0.05096594 0.00323184 -0.03137521
v 0.05096594 0.00323184 -0.02935101
v 0.05096594 0.00323184 -0.02732680
v 0.05096594 0.00323184 -0.02530259
v 0.05096594 0.00323184 -0.02327838
v 0.05096594 0.00323184 -0.02125418
v 0.05096594 0.00323184 -0.01922997
v 0.05096594 0.00323184 -0.01720576
v 0.05096594 0.00323184 -0.01518155
v 0.05096594 0.00323184 -0.01315735
v 0.05096594 0.00323184 -0.01113314
v 0.05096594 0.00323184 -0.00910893
v 0.05096594 0.00323184 -0.00708473
v 0.05096594 0.00323184 -0.00506052
v 0.05096594 0.00323184 -0.00303631
v 0.05096594 0.00323184 -0.00101210
v 0.05096594 0.00323184 0.00101210
v 0.05096594 0.00323184 0.00303631
v 0.05096594 0.00323184 0.00506052
v 0.05096594 0.00323184 0.00708473
v 0.05096594 0.00323184 0.00910893
v 0.05096594 0.00323184 0.01113314
v 0.05096594 0.00323184 0.01315735
v 0.05096594 0.00323184 0.01518155
v 0.05096594 0.00323184 0.01720576
v 0.05096594 0.00323184 0.01922997
v 0.05096594 0.00323184 0.02125418
v 0.05096594 0.00323184 0.02327838
v 0.05096594 0.00323184 0.02530259
v 0.05096594 0.00323184 0.02732680
v 0.05096594 0.00323184 0.02935101
v 0.05096594 0.00323184 0.03137521
v 0.05096594 0.00323184 0.03339942
v 0.05096594 0.00323184 0.03542363
v 0.05166202 -0.00272557 -0.03542363
v 0.05166202 -0.00272557 -0.03339942
v 0.05166202 -0.00272557 -0.03137521
v 0.05166202 -0.00272557 -0.02935101
v 0.05166202 -0.00272557 -0.02732680
v 0.05166202 -0.00272557 -0.02530259
v 0.05166202 -0.00272557 -0.02327838
v 0.05166202 -0.00272557 -0.02125418
v 0.05166202 -0.00272557 -0.01922997
v 0.05166202 -0.00272557 -0.01720576
v 0.05166202 -0.00272557 -0.01518155
v 0.05166202 -0.00272557 -0.01315735
v 0.05166202 -0.00272557 -0.01113314
v 0.05166202 -0.00272557 -0.00910893
v 0.05166202 -0.00272557 -0.00708473
v 0.05166202 -0.00272557 -0.00506052
v 0.05166202 -0.00272557 -0.00303631
v 0.05166202 -0.00272557 -0.00101210
v 0.05166202 -0.00272557 0.00101210
v 0.05166202 -0.00272557 0.00303631
v 0.05166202 -0.00272557 0.00506052
v 0.05166202 -0.00272557 0.00708473
v 0.05166202 -0.00272557 0.00910893
v 0.05166202 -0.00272557 0.01113314
v 0.05166202 -0.00272557 0.01315735
v 0.05166202 -0.00272557 0.01518155
v 0.05166202 -0.00272557 0.01720576
v 0.05166202 -0.00272557 0.01922997
v 0.05166202 -0.00272557 0.02125418
v 0.05166202 -0.00272557 0.02327838
v 0.05166202 -0.00272557 0.02530259
v 0.05166202 -0.00272557 0.02732680
v 0.05166202 -0.00272557 0.02935101
v 0.05166202 -0.00272557 0.03137521
v 0.05166202 -0.00272557 0.03339942
v 0.05166202 -0.00272557 0.03542363
v 0.05194397 -0.00163534 -0.03744784
v 0.05261044 -0.00163534 -0.03542363
v 0.05261044 -0.00163534 -0.03339942
v 0.05261044 -0.00163534 -0.03137521
v 0.05261044 -0.00163534 -0.02935101
v 0.05261044 -0.00163534 -0.02732680
v 0.05261044 -0.00163534 -0.02530259
v 0.05261044 -0.00163534 -0.02327838
v 0.05261044 -0.00163534 -0.02125418
v 0.05261044 -0.00163534 -0.01922997
v 0.05261044 -0.00163534 -0.01720576
v 0.05261044 -0.00163534 -0.01518155
v 0.05261044 -0.00163534 -0.01315735
v 0.05261044 -0.00163534 -0.01113314
v 0.05261044 -0.00163534 -0.00910893
v 0.05261044 -0.00163534 -0.00708473
v 0.05261044 -0.00163534 -0.00506052
v 0.05261044 -0.00163534 -0.00303631
v 0.05261044 -0.00163534 -0.00101210
v 0.05261044 -0.00163534 0.00101210
v 0.05261044 -0.00163534 0.00303631
v 0.05261044 -0.00163534 0.00506052
v 0.05261044 -0.00163534 0.00708473
v 0.05261044 -0.00163534 0.00910893
v 0.05261044 -0.00163534 0.01113314
v 0.05261044 -0.00163534 0.01315735
v 0.05261044 -0.00163534 0.01518155
v 0.05261044 -0.00163534 0.01720576
v 0.05261044 -0.00163534 0.01922997
v 0.05261044 -0.00163534 0.02125418
v 0.05261044 -0.00163534 0.02327838
v 0.05261044 -0.00163534 0.02530259
v 0.05261044 -0.00163534 0.02732680
v 0.05261044 -0.00163534 0.02935101
v 0.05261044 -0.00163534 0.03137521
v 0.05261044 -0.00163534 0.03339942
v 0.05261044 -0.00163534 0.03542363
v 0.05194397 -0.00163534 0.03744784
v 0.05237754 -0.00054511 -0.03744784
v 0.05297712 -0.00054511 -0.03542363
v 0.05297712 -0.00054511 -0.03339942
v 0.05297712 -0.00054511 -0.03137521
v 0.05297712 -0.00054511 -0.02935101
v 0.05297712 -0.00054511 -0.02732680
v 0.05297712 -0.00054511 -0.02530259
v 0.05297712 -0.00054511 -0.02327838
v 0.05297712 -0.00054511 -0.02125418
v 0.05297712 -0.00054511 -0.01922997
v 0.05297712 -0.00054511 -0.01720576
v 0.05297712 -0.00054511 -0.01518155
v 0.05297712 -0.00054511 -0.01315735
v 0.05297712 -0.00054511 -0.01113314
v 0.05297712 -0.00054511 -0.00910893
v 0.05297712 -0.00054511 -0.00708473
v 0.05297712 -0.00054511 -0.00506052
v 0.05297712 -0.00054511 -0.00303631
v 0.05297712 -0.00054511 -0.00101210
v 0.05297712 -0.00054511 0.00101210
v 0.05297712 -0.00054511 0.00303631
v 0.05297712 -0.00054511 0.00506052
v 0.05297712 -0.00054511 0.00708473
v 0.05297712 -0.00054511 0.00910893
v 0.05297712 -0.00054511 0.01113314
v 0.05297712 -0.00054511 0.01315735
v 0.05297712 -0.00054511 0.01518155
v 0.05297712 -0.00054511 0.01720576
v 0.05297712 -0.00054511 0.01922997
v 0.05297712 -0.00054511 0.02125418
v 0.05297712 -0.00054511 0.02327838
v 0.05297712 -0.00054511 0.02530259
v 0.05297712 -0.00054511 0.02732680
v 0.05297712 -0.00054511 0.02935101
v 0.05297712 -0.00054511 0.03137521
v 0.05297712 -0.00054511 0.03339942
v 0.05297712 -0.00054511 0.03542363
v 0.05237754 -0.00054511 0.03744784
v 0.05237754 0.00054511 -0.03744784
v 0.05297712 0.00054511 -0.03542363
v 0.05297712 0.00054511 -0.03339942
v 0.05297712 0.00054511 -0.03137521
v 0.05297712 0.00054511 -0.02935101
v 0.05297712 0.00054511 -0.02732680
v 0.05297712 0.00054511 -0.02530259
v 0.05297712 0.00054511 -0.02327838
v 0.05297712 0.00054511 -0.02125418
v 0.05297712 0.00054511 -0.01922997
v 0.05297712 0.00054511 -0.01720576
v 0.05297712 0.00054511 -0.01518155
v 0.05297712 0.00054511 -0.01315735
v 0.05297712 0.00054511 -0.01113314
v 0.05297712 0.00054511 -0.00910893
v 0.05297712 0.00054511 -0.00708473
v 0.05297712 0.00054511 -0.00506052
v 0.05297712 0.00054511 -0.00303631
v 0.05297712 0.00054511 -0.00101210
v 0.05297712 0.00054511 0.00101210
v 0.05297712 0.00054511 0.00303631
v 0.05297712 0.00054511 0.00506052
v 0.05297712 0.00054511 0.00708473
v 0.05297712 0.00054511 0.00910893
v 0.05297712 0.00054511 0.01113314
v 0.05297712 0.00054511 0.01315735
v 0.05297712 0.00054511 0.01518155
v 0.05297712 0.00054511 0.01720576
v 0.05297712 0.00054511 0.01922997
v 0.05297712 0.00054511 0.02125418
v 0.05297712 0.00054511 0.02327838
v 0.05297712 0.00054511 0.02530259
v 0.05297712 0.00054511 0.02732680
v 0.05297712 0.00054511 0.02935101
v 0.05297712 0.00054511 0.03137521
v 0.05297712 0.00054511 0.03339942
v 0.05297712 0.00054511 0.03542363
v 0.05237754 0.00054511 0.03744784
v 0.05194397 0.00163534 -0.03744784
v 0.05261044 0.00163534 -0.03542363
v 0.05261044 0.00163534 -0.03339942
v 0.05261044 0.00163534 -0.03137521
v 0.05261044 0.00163534 -0.02935101
v 0.05261044 0.00163534 -0.02732680
v 0.05261044 0.00163534 -0.02530259
v 0.05261044 0.00163534 -0.02327838
v 0.05261044 0.00163534 -0.02125418
v 0.05261044 0.00163534 -0.01922997
v 0.05261044 0.00163534 -0.01720576
v 0.05261044 0.00163534 -0.01518155
v 0.05261044 0.00163534 -0.01315735
v 0.05261044 0.00163534 -0.01113314
v 0.05261044 0.00163534 -0.00910893
v 0.05261044 0.00163534 -0.00708473
v 0.05261044 0.00163534 -0.00506052
v 0.05261044 0.00163534 -0.00303631
v 0.05261044 0.00163534 -0.00101210
v 0.05261044 0.00163534 0.00101210
v 0.05261044 0.00163534 0.00303631
v 0.05261044 0.00163534 0.00506052
v 0.05261044 0.00163534 0.00708473
v 0.05261044 0.00163534 0.00910893
v 0.05261044 0.00163534 0.01113314
v 0.05261044 0.00163534 0.01315735
v 0.05261044 0.00163534 0.01518155
v 0.05261044 0.00163534 0.01720576
v 0.05261044 0.00163534 0.01922997
v 0.05261044 0.00163534 0.02125418
v 0.05261044 0.00163534 0.02327838
v 0.05261044 0.00163534 0.02530259
v 0.05261044 0.00163534 0.02732680
v 0.05261044 0.00163534 0.02935101
v 0.05261044 0.00163534 0.03137521
v 0.05261044 0.00163534 0.03339942
v 0.05261044 0.00163534 0.03542363
v 0.05194397 0.00163534 0.03744784
v 0.05166202 0.00272557 -0.03542363
v 0.05166202 0.00272557 -0.03339942
v 0.05166202 0.00272557 -0.03137521
v 0.05166202 0.00272557 -0.02935101
v 0.05166202 0.00272557 -0.02732680
v 0.05166202 0.00272557 -0.02530259
v 0.05166202 0.00272557 -0.02327838
v 0.05166202 0.00272557 -0.02125418
v 0.05166202 0.00272557 -0.01922997
v 0.05166202 0.00272557 -0.01720576
v 0.05166202 0.00272557 -0.01518155
v 0.05166202 0.00272557 -0.01315735
v 0.05166202 0.00272557 -0.01113314
v 0.05166202 0.00272557 -0.00910893
v 0.05166202 0.00272557 -0.00708473
v 0.05166202 0.00272557 -0.00506052
v 0.05166202 0.00272557 -0.00303631
v 0.05166202 0.00272557 -0.00101210
v 0.05166202 0.00272557 0.00101210
v 0.05166202 0.00272557 0.00303631
v 0.05166202 0.00272557 0.00506052
v 0.05166202 0.00272557 0.00708473
v 0.05166202 0.00272557 0.00910893
v 0.05166202 0.00272557 0.01113314
v 0.05166202 0.00272557 0.01315735
v 0.05166202 0.00272557 0.01518155
v 0.05166202 0.00272557 0.01720576
v 0.05166202 0.00272557 0.01922997
v 0.05166202 0.00272557 0.02125418
v 0.05166202 0.00272557 0.02327838
v 0.05166202 0.00272557 0.02530259
v 0.05166202 0.00272557 0.02732680
v 0.05166202 0.00272557 0.02935101
v 0.05166202 0.00272557 0.03137521
v 0.05166202 0.00272557 0.03339942
v 0.05166202 0.00272557 0.03542363
f 3 2 1
f 5 4 1
f 5 1 2
f 7 6 4
f 7 4 5
f 9 8 6
f 9 6 7
f 11 10 8
f 11 8 9
f 13 12 10
f 13 10 11
f 15 14 12
f 15 12 13
f 17 16 14
f 17 14 15
f 19 18 16
f 19 16 17
f 21 20 18
f 21 18 19
f 23 22 20
f 23 20 21
f 25 24 22
f 25 22 23
f 27 26 24
f 27 24 25
f 29 28 26
f 29 26 27
f 31 30 28
f 31 28 29
f 33 32 30
f 33 30 31
f 35 34 32
f 35 32 33
f 37 36 34
f 37 34 35
f 39 38 36
f 39 36 37
f 41 40 38
f 41 38 39
f 43 42 40
f 43 40 41
f 45 44 42
f 45 42 43
f 47 46 44
f 47 44 45
f 49 48 46
f 49 46 47
f 51 50 48
f 51 48 49
f 53 52 50
f 53 50 51
f 55 54 52
f 55 52 53
f 57 56 54
f 57 54 55
f 59 58 56
f 59 56 57
f 61 60 58
f 61 58 59
f 63 62 60
f 63 60 61
f 65 64 62
f 65 62 63
f 67 66 64
f 67 64 65
f 69 68 66
f 69 66 67
f 71 70 68
f 71 68 69
f 73 72 70
f 73 70 71
f 74 72 73
f 77 76 75
f 75 76 3
f 1 75 3
f 78 75 1
f 79 1 4
f 78 1 79
f 80 4 6
f 79 4 80
f 81 6 8
f 80 6 81
f 82 8 10
f 81 8 82
f 83 10 12
f 82 10 83
f 84 12 14
f 83 12 84
f 85 14 16
f 84 14 85
f 86 16 18
f 85 16 86
f 87 18 20
f 86 18 87
f 88 20 22
f 87 20 88
f 89 22 24
f 88 22 89
f 90 24 26
f 89 24 90
f 91 26 28
f 90 26 91
f 92 28 30
f 91 28 92
f 93 30 32
f 92 30 93
f 94 32 34
f 93 32 94
f 95 34 36
f 94 34 95
f 96 36 38
f 95 36 96
f 97 38 40
f 96 38 97
f 98 40 42
f 97 40 98
f 99 42 44
f 98 42 99
f 100 44 46
f 99 44 100
f 101 46 48
f 100 46 101
f 102 48 50
f 101 48 102
f 103 50 52
f 102 50 103
f 104 52 54
f 103 52 104
f 105 54 56
f 104 54 105
f 106 56 58
f 105 56 106
f 107 58 60
f 106 58 107
f 108 60 62
f 107 60 108
f 109 62 64
f 108 62 109
f 110 64 66
f 109 64 110
f 111 66 68
f 110 66 111
f 112 68 70
f 111 68 112
f 113 70 72
f 112 70 113
f 72 74 114
f 115 72 114
f 113 72 115
f 116 115 114
f 77 75 117
f 77 117 118
f 119 75 78
f 117 75 119
f 120 78 79
f 119 78 120
f 121 79 80
f 120 79 121
f 122 80 81
f 121 80 122
f 123 81 82
f 122 81 123
f 124 82 83
f 123 82 124
f 125 83 84
f 124 83 125
f 126 84 85
f 125 84 126
f 127 85 86
f 126 85 127
f 128 86 87
f 127 86 128
f 129 87 88
f 128 87 129
f 130 88 89
f 129 88 130
f 131 89 90
f 130 89 131
f 132 90 91
f 131 90 132
f 133 91 92
f 132 91 133
f 134 92 93
f 133 92 134
f 135 93 94
f 134 93 135
f 136 94 95
f 135 94 136
f 137 95 96
f 136 95 137
f 138 96 97
f 137 96 138
f 139 97 98
f 138 97 139
f 140 98 99
f 139 98 140
f 141 99 100
f 140 99 141
f 142 100 101
f 141 100 142
f 143 101 102
f 142 101 143
f 144 102 103
f 143 102 144
f 145 103 104
f 144 103 145
f 146 104 105
f 145 104 146
f 147 105 106
f 146 105 147
f 148 106 107
f 147 106 148
f 149 107 108
f 148 107 149
f 150 108 109
f 149 108 150
f 151 109 110
f 150 109 151
f 152 110 111
f 151 110 152
f 153 111 112
f 152 111 153
f 154 112 113
f 153 112 154
f 155 113 115
f 154 113 155
f 115 116 156
f 115 156 155
f 118 117 157
f 118 157 158
f 159 117 119
f 157 117 159
f 160 119 120
f 159 119 160
f 161 120 121
f 160 120 161
f 162 121 122
f 161 121 162
f 163 122 123
f 162 122 163
f 164 123 124
f 163 123 164
f 165 124 125
f 164 124 165
f 166 125 126
f 165 125 166
f 167 126 127
f 166 126 167
f 168 127 128
f 167 127 168
f 169 128 129
f 168 128 169
f 170 129 130
f 169 129 170
f 171 130 131
f 170 130 171
f 172 131 132
f 171 131 172
f 173 132 133
f 172 132 173
f 174 133 134
f 173 133 174
f 175 134 135
f 174 134 175
f 176 135 136
f 175 135 176
f 177 136 137
f 176 136 177
f 178 137 138
f 177 137 178
f 179 138 139
f 178 138 179
f 180 139 140
f 179 139 180
f 181 140 141
f 180 140 181
f 182 141 142
f 181 141 182
f 183 142 143
f 182 142 183
f 184 143 144
f 183 143 184
f 185 144 145
f 184 144 185
f 186 145 146
f 185 145 186
f 187 146 147
f 186 146 187
f 188 147 148
f 187 147 188
f 189 148 149
f 188 148 189
f 190 149 150
f 189 149 190
f 191 150 151
f 190 150 191
f 192 151 152
f 191 151 192
f 193 152 153
f 192 152 193
f 194 153 154
f 193 153 194
f 195 154 155
f 194 154 195
f 155 156 196
f 155 196 195
f 158 157 197
f 158 197 198
f 199 157 159
f 197 157 199
f 200 159 160
f 199 159 200
f 201 160 161
f 200 160 201
f 202 161 162
f 201 161 202
f 203 162 163
f 202 162 203
f 204 163 164
f 203 163 204
f 205 164 165
f 204 164 205
f 206 165 166
f 205 165 206
f 207 166 167
f 206 166 207
f 208 167 168
f 207 167 208
f 209 168 169
f 208 168 209
f 210 169 170
f 209 169 210
f 211 170 171
f 210 170 211
f 212 171 172
f 211 171 212
f 213 172 173
f 212 172 213
f 214 173 174
f 213 173 214
f 215 174 175
f 214 174 215
f 216 175 176
f 215 175 216
f 217 176 177
f 216 176 217
f 218 177 178
f 217 177 218
f 219 178 179
f 218 178 219
f 220 179 180
f 219 179 220
f 221 180 181
f 220 180 221
f 222 181 182
f 221 181 222
f 223 182 183
f 222 182 223
f 224 183 184
f 223 183 224
f 225 184 185
f 224 184 225
f 226 185 186
f 225 185 226
f 227 186 187
f 226 186 227
f 228 187 188
f 227 187 228
f 229 188 189
f 228 188 229
f 230 189 190
f 229 189 230
f 231 190 191
f 230 190 231
f 232 191 192
f 231 191 232
f 233 192 193
f 232 192 233
f 234 193 194
f 233 193 234
f 235 194 195
f 234 194 235
f 195 196 236
f 195 236 235
f 237 198 197
f 239 238 237
f 197 239 237
f 199 239 197
f 240 199 200
f 239 199 240
f 241 200 201
f 240 200 241
f 242 201 202
f 241 201 242
f 243 202 203
f 242 202 243
f 244 203 204
f 243 203 244
f 245 204 205
f 244 204 245
f 246 205 206
f 245 205 246
f 247 206 207
f 246 206 247
f 248 207 208
f 247 207 248
f 249 208 209
f 248 208 249
f 250 209 210
f 249 209 250
f 251 210 211
f 250 210 251
f 252 211 212
f 251 211 252
f 253 212 213
f 252 212 253
f 254 213 214
f 253 213 254
f 255 214 215
f 254 214 255
f 256 215 216
f 255 215 256
f 257 216 217
f 256 216 257
f 258 217 218
f 257 217 258
f 259 218 219
f 258 218 259
f 260 219 220
f 259 219 260
f 261 220 221
f 260 220 261
f 262 221 222
f 261 221 262
f 263 222 223
f 262 222 263
f 264 223 224
f 263 223 264
f 265 224 225
f 264 224 265
f 266 225 226
f 265 225 266
f 267 226 227
f 266 226 267
f 268 227 228
f 267 227 268
f 269 228 229
f 268 228 269
f 270 229 230
f 269 229 270
f 271 230 231
f 270 230 271
f 272 231 232
f 271 231 272
f 273 232 233
f 272 232 273
f 274 233 234
f 273 233 274
f 235 276 275
f 274 235 275
f 234 235 274
f 276 235 236
f 277 238 239
f 277 239 240
f 277 240 278
f 278 240 241
f 278 241 279
f 279 241 242
f 279 242 280
f 280 242 243
f 280 243 281
f 281 243 244
f 281 244 282
f 282 244 245
f 282 245 283
f 283 245 246
f 283 246 284
f 284 246 247
f 284 247 285
f 285 247 248
f 285 248 286
f 286 248 249
f 286 249 287
f 287 249 250
f 287 250 288
f 288 250 251
f 288 251 289
f 289 251 252
f 289 252 290
f 290 252 253
f 290 253 291
f 291 253 254
f 291 254 292
f 292 254 255
f 292 255 293
f 293 255 256
f 293 256 294
f 294 256 257
f 294 257 295
f 295 257 258
f 295 258 296
f 296 258 259
f 296 259 297
f 297 259 260
f 297 260 298
f 298 260 261
f 298 261 299
f 299 261 262
f 299 262 300
f 300 262 263
f 300 263 301
f 301 263 264
f 301 264 302
f 302 264 265
f 302 265 303
f 303 265 266
f 303 266 304
f 304 266 267
f 304 267 305
f 305 267 268
f 305 268 306
f 306 268 269
f 306 269 307
f 307 269 270
f 307 270 308
f 308 270 271
f 308 271 309
f 309 271 272
f 309 272 310
f 310 272 273
f 310 273 311
f 311 273 274
f 311 274 312
f 312 274 275
f 315 314 313
f 2 3 313
f 314 2 313
f 316 2 314
f 2 317 5
f 316 317 2
f 5 318 7
f 317 318 5
f 7 319 9
f 318 319 7
f 9 320 11
f 319 320 9
f 11 321 13
f 320 321 11
f 13 322 15
f 321 322 13
f 15 323 17
f 322 323 15
f 17 324 19
f 323 324 17
f 19 325 21
f 324 325 19
f 21 326 23
f 325 326 21
f 23 327 25
f 326 327 23
f 25 328 27
f 327 328 25
f 27 329 29
f 328 329 27
f 29 330 31
f 329 330 29
f 31 331 33
f 330 331 31
f 33 332 35
f 331 332 33
f 35 333 37
f 332 333 35
f 37 334 39
f 333 334 37
f 39 335 41
f 334 335 39
f 41 336 43
f 335 336 41
f 43 337 45
f 336 337 43
f 45 338 47
f 337 338 45
f 47 339 49
f 338 339 47
f 49 340 51
f 339 340 49
f 51 341 53
f 340 341 51
f 53 342 55
f 341 342 53
f 55 343 57
f 342 343 55
f 57 344 59
f 343 344 57
f 59 345 61
f 344 345 59
f 61 346 63
f 345 346 61
f 63 347 65
f 346 347 63
f 65 348 67
f 347 348 65
f 67 349 69
f 348 349 67
f 69 350 71
f 349 350 69
f 71 351 73
f 350 351 71
f 353 352 74
f 73 353 74
f 351 353 73
f 354 352 353
f 315 313 76
f 77 315 76
f 355 315 77
f 76 313 3
f 352 114 74
f 116 114 352
f 354 116 352
f 356 116 354
f 118 355 77
f 118 357 355
f 356 156 116
f 358 156 356
f 158 357 118
f 158 359 357
f 358 196 156
f 360 196 358
f 198 359 158
f 198 361 359
f 360 236 196
f 362 236 360
f 198 237 363
f 364 198 363
f 361 198 364
f 238 363 237
f 365 275 276
f 366 365 276
f 236 366 276
f 362 366 236
f 367 364 363
f 367 363 238
f 277 367 238
f 368 367 277
f 369 277 278
f 369 368 277
f 370 278 279
f 370 369 278
f 371 279 280
f 371 370 279
f 372 280 281
f 372 371 280
f 373 281 282
f 373 372 281
f 374 282 283
f 374 373 282
f 375 283 284
f 375 374 283
f 376 284 285
f 376 375 284
f 377 285 286
f 377 376 285
f 378 286 287
f 378 377 286
f 379 287 288
f 379 378 287
f 380 288 289
f 380 379 288
f 381 289 290
f 381 380 289
f 382 290 291
f 382 381 290
f 383 291 292
f 383 382 291
f 384 292 293
f 384 383 292
f 385 293 294
f 385 384 293
f 386 294 295
f 386 385 294
f 387 295 296
f 387 386 295
f 388 296 297
f 388 387 296
f 389 297 298
f 389 388 297
f 390 298 299
f 390 389 298
f 391 299 300
f 391 390 299
f 392 300 301
f 392 391 300
f 393 301 302
f 393 392 301
f 394 302 303
f 394 393 302
f 395 303 304
f 395 394 303
f 396 304 305
f 396 395 304
f 397 305 306
f 397 396 305
f 398 306 307
f 398 397 306
f 399 307 308
f 399 398 307
f 400 308 309
f 400 399 308
f 401 309 310
f 401 400 309
f 402 310 311
f 402 401 310
f 403 311 312
f 403 402 311
f 312 275 365
f 404 312 365
f 403 312 404
f 404 365 366
f 406 405 314
f 406 314 315
f 314 407 316
f 405 407 314
f 316 408 317
f 407 408 316
f 317 409 318
f 408 409 317
f 318 410 319
f 409 410 318
f 319 411 320
f 410 411 319
f 320 412 321
f 411 412 320
f 321 413 322
f 412 413 321
f 322 414 323
f 413 414 322
f 323 415 324
f 414 415 323
f 324 416 325
f 415 416 324
f 325 417 326
f 416 417 325
f 326 418 327
f 417 418 326
f 327 419 328
f 418 419 327
f 328 420 329
f 419 420 328
f 329 421 330
f 420 421 329
f 330 422 331
f 421 422 330
f 331 423 332
f 422 423 331
f 332 424 333
f 423 424 332
f 333 425 334
f 424 425 333
f 334 426 335
f 425 426 334
f 335 427 336
f 426 427 335
f 336 428 337
f 427 428 336
f 337 429 338
f 428 429 337
f 338 430 339
f 429 430 338
f 339 431 340
f 430 431 339
f 340 432 341
f 431 432 340
f 341 433 342
f 432 433 341
f 342 434 343
f 433 434 342
f 343 435 344
f 434 435 343
f 344 436 345
f 435 436 344
f 345 437 346
f 436 437 345
f 346 438 347
f 437 438 346
f 347 439 348
f 438 439 347
f 348 440 349
f 439 440 348
f 349 441 350
f 440 441 349
f 350 442 351
f 441 442 350
f 351 443 353
f 442 443 351
f 354 353 443
f 354 443 444
f 355 406 315
f 355 445 406
f 444 356 354
f 446 356 444
f 357 445 355
f 357 447 445
f 446 358 356
f 448 358 446
f 359 447 357
f 359 449 447
f 448 360 358
f 450 360 448
f 361 449 359
f 361 451 449
f 450 362 360
f 452 362 450
f 364 451 361
f 364 453 451
f 452 366 362
f 454 366 452
f 455 453 364
f 455 364 367
f 456 367 368
f 456 455 367
f 457 368 369
f 457 456 368
f 458 369 370
f 458 457 369
f 459 370 371
f 459 458 370
f 460 371 372
f 460 459 371
f 461 372 373
f 461 460 372
f 462 373 374
f 462 461 373
f 463 374 375
f 463 462 374
f 464 375 376
f 464 463 375
f 465 376 377
f 465 464 376
f 466 377 378
f 466 465 377
f 467 378 379
f 467 466 378
f 468 379 380
f 468 467 379
f 469 380 381
f 469 468 380
f 470 381 382
f 470 469 381
f 471 382 383
f 471 470 382
f 472 383 384
f 472 471 383
f 473 384 385
f 473 472 384
f 474 385 386
f 474 473 385
f 475 386 387
f 475 474 386
f 476 387 388
f 476 475 387
f 477 388 389
f 477 476 388
f 478 389 390
f 478 477 389
f 479 390 391
f 479 478 390
f 480 391 392
f 480 479 391
f 481 392 393
f 481 480 392
f 482 393 394
f 482 481 393
f 483 394 395
f 483 482 394
f 484 395 396
f 484 483 395
f 485 396 397
f 485 484 396
f 486 397 398
f 486 485 397
f 487 398 399
f 487 486 398
f 488 399 400
f 488 487 399
f 489 400 401
f 489 488 400
f 490 401 402
f 490 489 401
f 491 402 403
f 491 490 402
f 492 403 404
f 492 491 403
f 404 366 454
f 404 454 492
f 494 493 405
f 494 405 406
f 405 495 407
f 493 495 405
f 407 496 408
f 495 496 407
f 408 497 409
f 496 497 408
f 409 498 410
f 497 498 409
f 410 499 411
f 498 499 410
f 411 500 412
f 499 500 411
f 412 501 413
f 500 501 412
f 413 502 414
f 501 502 413
f 414 503 415
f 502 503 414
f 415 504 416
f 503 504 415
f 416 505 417
f 504 505 416
f 417 506 418
f 505 506 417
f 418 507 419
f 506 507 418
f 419 508 420
f 507 508 419
f 420 509 421
f 508 509 420
f 421 510 422
f 509 510 421
f 422 511 423
f 510 511 422
f 423 512 424
f 511 512 423
f 424 513 425
f 512 513 424
f 425 514 426
f 513 514 425
f 426 515 427
f 514 515 426
f 427 516 428
f 515 516 427
f 428 517 429
f 516 517 428
f 429 518 430
f 517 518 429
f 430 519 431
f 518 519 430
f 431 520 432
f 519 520 431
f 432 521 433
f 520 521 432
f 433 522 434
f 521 522 433
f 434 523 435
f 522 523 434
f 435 524 436
f 523 524 435
f 436 525 437
f 524 525 436
f 437 526 438
f 525 526 437
f 438 527 439
f 526 527 438
f 439 528 440
f 527 528 439
f 440 529 441
f 528 529 440
f 441 530 442
f 529 530 441
f 442 531 443
f 530 531 442
f 444 443 531
f 444 531 532
f 445 494 406
f 445 533 494
f 532 446 444
f 534 446 532
f 447 533 445
f 447 535 533
f 534 448 446
f 536 448 534
f 449 535 447
f 449 537 535
f 536 450 448
f 538 450 536
f 451 537 449
f 451 539 537
f 538 452 450
f 540 452 538
f 453 539 451
f 453 541 539
f 540 454 452
f 542 454 540
f 543 541 453
f 543 453 455
f 544 455 456
f 544 543 455
f 545 456 457
f 545 544 456
f 546 457 458
f 546 545 457
f 547 458 459
f 547 546 458
f 548 459 460
f 548 547 459
f 549 460 461
f 549 548 460
f 550 461 462
f 550 549 461
f 551 462 463
f 551 550 462
f 552 463 464
f 552 551 463
f 553 464 465
f 553 552 464
f 554 465 466
f 554 553 465
f 555 466 467
f 555 554 466
f 556 467 468
f 556 555 467
f 557 468 469
f 557 556 468
f 558 469 470
f 558 557 469
f 559 470 471
f 559 558 470
f 560 471 472
f 560 559 471
f 561 472 473
f 561 560 472
f 562 473 474
f 562 561 473
f 563 474 475
f 563 562 474
f 564 475 476
f 564 563 475
f 565 476 477
f 565 564 476
f 566 477 478
f 566 565 477
f 567 478 479
f 567 566 478
f 568 479 480
f 568 567 479
f 569 480 481
f 569 568 480
f 570 481 482
f 570 569 481
f 571 482 483
f 571 570 482
f 572 483 484
f 572 571 483
f 573 484 485
f 573 572 484
f 574 485 486
f 574 573 485
f 575 486 487
f 575 574 486
f 576 487 488
f 576 575 487
f 577 488 489
f 577 576 488
f 578 489 490
f 578 577 489
f 579 490 491
f 579 578 490
f 580 491 492
f 580 579 491
f 492 454 542
f 492 542 580
f 582 581 493
f 582 493 494
f 493 583 495
f 581 583 493
f 495 584 496
f 583 584 495
f 496 585 497
f 584 585 496
f 497 586 498
f 585 586 497
f 498 587 499
f 586 587 498
f 499 588 500
f 587 588 499
f 500 589 501
f 588 589 500
f 501 590 502
f 589 590 501
f 502 591 503
f 590 591 502
f 503 592 504
f 591 592 503
f 504 593 505
f 592 593 504
f 505 594 506
f 593 594 505
f 506 595 507
f 594 595 506
f 507 596 508
f 595 596 507
f 508 597 509
f 596 597 508
f 509 598 510
f 597 598 509
f 510 599 511
f 598 599 510
f 511 600 512
f 599 600 511
f 512 601 513
f 600 601 512
f 513 602 514
f 601 602 513
f 514 603 515
f 602 603 514
f 515 604 516
f 603 604 515
f 516 605 517
f 604 605 516
f 517 606 518
f 605 606 517
f 518 607 519
f 606 607 518
f 519 608 520
f 607 608 519
f 520 609 521
f 608 609 520
f 521 610 522
f 609 610 521
f 522 611 523
f 610 611 522
f 523 612 524
f 611 612 523
f 524 613 525
f 612 613 524
f 525 614 526
f 613 614 525
f 526 615 527
f 614 615 526
f 527 616 528
f 615 616 527
f 528 617 529
f 616 617 528
f 529 618 530
f 617 618 529
f 530 619 531
f 618 619 530
f 532 531 619
f 532 619 620
f 533 582 494
f 533 621 582
f 620 534 532
f 622 534 620
f 535 621 533
f 535 623 621
f 622 536 534
f 624 536 622
f 537 623 535
f 537 625 623
f 624 538 536
f 626 538 624
f 539 625 537
f 539 627 625
f 626 540 538
f 628 540 626
f 541 627 539
f 541 629 627
f 628 542 540
f 630 542 628
f 631 629 541
f 631 541 543
f 632 543 544
f 632 631 543
f 633 544 545
f 633 632 544
f 634 545 546
f 634 633 545
f 635 546 547
f 635 634 546
f 636 547 548
f 636 635 547
f 637 548 549
f 637 636 548
f 638 549 550
f 638 637 549
f 639 550 551
f 639 638 550
f 640 551 552
f 640 639 551
f 641 552 553
f 641 640 552
f 642 553 554
f 642 641 553
f 643 554 555
f 643 642 554
f 644 555 556
f 644 643 555
f 645 556 557
f 645 644 556
f 646 557 558
f 646 645 557
f 647 558 559
f 647 646 558
f 648 559 560
f 648 647 559
f 649 560 561
f 649 648 560
f 650 561 562
f 650 649 561
f 651 562 563
f 651 650 562
f 652 563 564
f 652 651 563
f 653 564 565
f 653 652 564
f 654 565 566
f 654 653 565
f 655 566 567
f 655 654 566
f 656 567 568
f 656 655 567
f 657 568 569
f 657 656 568
f 658 569 570
f 658 657 569
f 659 570 571
f 659 658 570
f 660 571 572
f 660 659 571
f 661 572 573
f 661 660 572
f 662 573 574
f 662 661 573
f 663 574 575
f 663 662 574
f 664 575 576
f 664 663 575
f 665 576 577
f 665 664 576
f 666 577 578
f 666 665 577
f 667 578 579
f 667 666 578
f 668 579 580
f 668 667 579
f 580 542 630
f 580 630 668
f 670 669 581
f 670 581 582
f 581 671 583
f 669 671 581
f 583 672 584
f 671 672 583
f 584 673 585
f 672 673 584
f 585 674 586
f 673 674 585
f 586 675 587
f 674 675 586
f 587 676 588
f 675 676 587
f 588 677 589
f 676 677 588
f 589 678 590
f 677 678 589
f 590 679 591
f 678 679 590
f 591 680 592
f 679 680 591
f 592 681 593
f 680 681 592
f 593 682 594
f 681 682 593
f 594 683 595
f 682 683 594
f 595 684 596
f 683 684 595
f 596 685 597
f 684 685 596
f 597 686 598
f 685 686 597
f 598 687 599
f 686 687 598
f 599 688 600
f 687 688 599
f 600 689 601
f 688 689 600
f 601 690 602
f 689 690 601
f 602 691 603
f 690 691 602
f 603 692 604
f 691 692 603
f 604 693 605
f 692 693 604
f 605 694 606
f 693 694 605
f 606 695 607
f 694 695 606
f 607 696 608
f 695 696 607
f 608 697 609
f 696 697 608
f 609 698 610
f 697 698 609
f 610 699 611
f 698 699 610
f 611 700 612
f 699 700 611
f 612 701 613
f 700 701 612
f 613 702 614
f 701 702 613
f 614 703 615
f 702 703 614
f 615 704 616
f 703 704 615
f 616 705 617
f 704 705 616
f 617 706 618
f 705 706 617
f 618 707 619
f 706 707 618
f 620 619 707
f 620 707 708
f 621 670 582
f 621 709 670
f 708 622 620
f 710 622 708
f 623 709 621
f 623 711 709
f 710 624 622
f 712 624 710
f 625 711 623
f 625 713 711
f 712 626 624
f 714 626 712
f 627 713 625
f 627 715 713
f 714 628 626
f 716 628 714
f 629 715 627
f 629 717 715
f 716 630 628
f 718 630 716
f 719 717 629
f 719 629 631
f 720 631 632
f 720 719 631
f 721 632 633
f 721 720 632
f 722 633 634
f 722 721 633
f 723 634 635
f 723 722 634
f 724 635 636
f 724 723 635
f 725 636 637
f 725 724 636
f 726 637 638
f 726 725 637
f 727 638 639
f 727 726 638
f 728 639 640
f 728 727 639
f 729 640 641
f 729 728 640
f 730 641 642
f 730 729 641
f 731 642 643
f 731 730 642
f 732 643 644
f 732 731 643
f 733 644 645
f 733 732 644
f 734 645 646
f 734 733 645
f 735 646 647
f 735 734 646
f 736 647 648
f 736 735 647
f 737 648 649
f 737 736 648
f 738 649 650
f 738 737 649
f 739 650 651
f 739 738 650
f 740 651 652
f 740 739 651
f 741 652 653
f 741 740 652
f 742 653 654
f 742 741 653
f 743 654 655
f 743 742 654
f 744 655 656
f 744 743 655
f 745 656 657
f 745 744 656
f 746 657 658
f 746 745 657
f 747 658 659
f 747 746 658
f 748 659 660
f 748 747 659
f 749 660 661
f 749 748 660
f 750 661 662
f 750 749 661
f 751 662 663
f 751 750 662
f 752 663 664
f 752 751 663
f 753 664 665
f 753 752 664
f 754 665 666
f 754 753 665
f 755 666 667
f 755 754 666
f 756 667 668
f 756 755 667
f 668 630 718
f 668 718 756
f 758 757 669
f 758 669 670
f 669 759 671
f 757 759 669
f 671 760 672
f 759 760 671
f 672 761 673
f 760 761 672
f 673 762 674
f 761 762 673
f 674 763 675
f 762 763 674
f 675 764 676
f 763 764 675
f 676 765 677
f 764 765 676
f 677 766 678
f 765 766 677
f 678 767 679
f 766 767 678
f 679 768 680
f 767 768 679
f 680 769 681
f 768 769 680
f 681 770 682
f 769 770 681
f 682 771 683
f 770 771 682
f 683 772 684
f 771 772 683
f 684 773 685
f 772 773 684
f 685 774 686
f 773 774 685
f 686 775 687
f 774 775 686
f 687 776 688
f 775 776 687
f 688 777 689
f 776 777 688
f 689 778 690
f 777 778 689
f 690 779 691
f 778 779 690
f 691 780 692
f 779 780 691
f 692 781 693
f 780 781 692
f 693 782 694
f 781 782 693
f 694 783 695
f 782 783 694
f 695 784 696
f 783 784 695
f 696 785 697
f 784 785 696
f 697 786 698
f 785 786 697
f 698 787 699
f 786 787 698
f 699 788 700
f 787 788 699
f 700 789 701
f 788 789 700
f 701 790 702
f 789 790 701
f 702 791 703
f 790 791 702
f 703 792 704
f 791 792 703
f 704 793 705
f 792 793 704
f 705 794 706
f 793 794 705
f 706 795 707
f 794 795 706
f 708 707 795
f 708 795 796
f 709 758 670
f 709 797 758
f 796 710 708
f 798 710 796
f 711 797 709
f 711 799 797
f 798 712 710
f 800 712 798
f 713 799 711
f 713 801 799
f 800 714 712
f 802 714 800
f 715 801 713
f 715 803 801
f 802 716 714
f 804 716 802
f 717 803 715
f 717 805 803
f 804 718 716
f 806 718 804
f 807 805 717
f 807 717 719
f 808 719 720
f 808 807 719
f 809 720 721
f 809 808 720
f 810 721 722
f 810 809 721
f 811 722 723
f 811 810 722
f 812 723 724
f 812 811 723
f 813 724 725
f 813 812 724
f 814 725 726
f 814 813 725
f 815 726 727
f 815 814 726
f 816 727 728
f 816 815 727
f 817 728 729
f 817 816 728
f 818 729 730
f 818 817 729
f 819 730 731
f 819 818 730
f 820 731 732
f 820 819 731
f 821 732 733
f 821 820 732
f 822 733 734
f 822 821 733
f 823 734 735
f 823 822 734
f 824 735 736
f 824 823 735
f 825 736 737
f 825 824 736
f 826 737 738
f 826 825 737
f 827 738 739
f 827 826 738
f 828 739 740
f 828 827 739
f 829 740 741
f 829 828 740
f 830 741 742
f 830 829 741
f 831 742 743
f 831 830 742
f 832 743 744
f 832 831 743
f 833 744 745
f 833 832 744
f 834 745 746
f 834 833 745
f 835 746 747
f 835 834 746
f 836 747 748
f 836 835 747
f 837 748 749
f 837 836 748
f 838 749 750
f 838 837 749
f 839 750 751
f 839 838 750
f 840 751 752
f 840 839 751
f 841 752 753
f 841 840 752
f 842 753 754
f 842 841 753
f 843 754 755
f 843 842 754
f 844 755 756
f 844 843 755
f 756 718 806
f 756 806 844
f 846 845 757
f 846 757 758
f 757 847 759
f 845 847 757
f 759 848 760
f 847 848 759
f 760 849 761
f 848 849 760
f 761 850 762
f 849 850 761
f 762 851 763
f 850 851 762
f 763 852 764
f 851 852 763
f 764 853 765
f 852 853 764
f 765 854 766
f 853 854 765
f 766 855 767
f 854 855 766
f 767 856 768
f 855 856 767
f 768 857 769
f 856 857 768
f 769 858 770
f 857 858 769
f 770 859 771
f 858 859 770
f 771 860 772
f 859 860 771
f 772 861 773
f 860 861 772
f 773 862 774
f 861 862 773
f 774 863 775
f 862 863 774
f 775 864 776
f 863 864 775
f 776 865 777
f 864 865 776
f 777 866 778
f 865 866 777
f 778 867 779
f 866 867 778
f 779 868 780
f 867 868 779
f 780 869 781
f 868 869 780
f 781 870 782
f 869 870 781
f 782 871 783
f 870 871 782
f 783 872 784
f 871 872 783
f 784 873 785
f 872 873 784
f 785 874 786
f 873 874 785
f 786 875 787
f 874 875 786
f 787 876 788
f 875 876 787
f 788 877 789
f 876 877 788
f 789 878 790
f 877 878 789
f 790 879 791
f 878 879 790
f 791 880 792
f 879 880 791
f 792 881 793
f 880 881 792
f 793 882 794
f 881 882 793
f 794 883 795
f 882 883 794
f 796 795 883
f 796 883 884
f 797 846 758
f 797 885 846
f 884 798 796
f 886 798 884
f 799 885 797
f 799 887 885
f 886 800 798
f 888 800 886
f 801 887 799
f 801 889 887
f 888 802 800
f 890 802 888
f 803 889 801
f 803 891 889
f 890 804 802
f 892 804 890
f 805 891 803
f 805 893 891
f 892 806 804
f 894 806 892
f 895 893 805
f 895 805 807
f 896 807 808
f 896 895 807
f 897 808 809
f 897 896 808
f 898 809 810
f 898 897 809
f 899 810 811
f 899 898 810
f 900 811 812
f 900 899 811
f 901 812 813
f 901 900 812
f 902 813 814
f 902 901 813
f 903 814 815
f 903 902 814
f 904 815 816
f 904 903 815
f 905 816 817
f 905 904 816
f 906 817 818
f 906 905 817
f 907 818 819
f 907 906 818
f 908 819 820
f 908 907 819
f 909 820 821
f 909 908 820
f 910 821 822
f 910 909 821
f 911 822 823
f 911 910 822
f 912 823 824
f 912 911 823
f 913 824 825
f 913 912 824
f 914 825 826
f 914 913 825
f 915 826 827
f 915 914 826
f 916 827 828
f 916 915 827
f 917 828 829
f 917 916 828
f 918 829 830
f 918 917 829
f 919 830 831
f 919 918 830
f 920 831 832
f 920 919 831
f 921 832 833
f 921 920 832
f 922 833 834
f 922 921 833
f 923 834 835
f 923 922 834
f 924 835 836
f 924 923 835
f 925 836 837
f 925 924 836
f 926 837 838
f 926 925 837
f 927 838 839
f 927 926 838
f 928 839 840
f 928 927 839
f 929 840 841
f 929 928 840
f 930 841 842
f 930 929 841
f 931 842 843
f 931 930 842
f 932 843 844
f 932 931 843
f 844 806 894
f 844 894 932
f 934 933 845
f 934 845 846
f 845 935 847
f 933 935 845
f 847 936 848
f 935 936 847
f 848 937 849
f 936 937 848
f 849 938 850
f 937 938 849
f 850 939 851
f 938 939 850
f 851 940 852
f 939 940 851
f 852 941 853
f 940 941 852
f 853 942 854
f 941 942 853
f 854 943 855
f 942 943 854
f 855 944 856
f 943 944 855
f 856 945 857
f 944 945 856
f 857 946 858
f 945 946 857
f 858 947 859
f 946 947 858
f 859 948 860
f 947 948 859
f 860 949 861
f 948 949 860
f 861 950 862
f 949 950 861
f 862 951 863
f 950 951 862
f 863 952 864
f 951 952 863
f 864 953 865
f 952 953 864
f 865 954 866
f 953 954 865
f 866 955 867
f 954 955 866
f 867 956 868
f 955 956 867
f 868 957 869
f 956 957 868
f 869 958 870
f 957 958 869
f 870 959 871
f 958 959 870
f 871 960 872
f 959 960 871
f 872 961 873
f 960 961 872
f 873 962 874
f 961 962 873
f 874 963 875
f 962 963 874
f 875 964 876
f 963 964 875
f 876 965 877
f 964 965 876
f 877 966 878
f 965 966 877
f 878 967 879
f 966 967 878
f 879 968 880
f 967 968 879
f 880 969 881
f 968 969 880
f 881 970 882
f 969 970 881
f 882 971 883
f 970 971 882
f 884 883 971
f 884 971 972
f 885 934 846
f 885 973 934
f 972 886 884
f 974 886 972
f 887 973 885
f 887 975 973
f 974 888 886
f 976 888 974
f 889 975 887
f 889 977 975
f 976 890 888
f 978 890 976
f 891 977 889
f 891 979 977
f 978 892 890
f 980 892 978
f 893 979 891
f 893 981 979
f 980 894 892
f 982 894 980
f 983 981 893
f 983 893 895
f 984 895 896
f 984 983 895
f 985 896 897
f 985 984 896
f 986 897 898
f 986 985 897
f 987 898 899
f 987 986 898
f 988 899 900
f 988 987 899
f 989 900 901
f 989 988 900
f 990 901 902
f 990 989 901
f 991 902 903
f 991 990 902
f 992 903 904
f 992 991 903
f 993 904 905
f 993 992 904
f 994 905 906
f 994 993 905
f 995 906 907
f 995 994 906
f 996 907 908
f 996 995 907
f 997 908 909
f 997 996 908
f 998 909 910
f 998 997 909
f 999 910 911
f 999 998 910
f 1000 911 912
f 1000 999 911
f 1001 912 913
f 1001 1000 912
f 1002 913 914
f 1002 1001 913
f 1003 914 915
f 1003 1002 914
f 1004 915 916
f 1004 1003 915
f 1005 916 917
f 1005 1004 916
f 1006 917 918
f 1006 1005 917
f 1007 918 919
f 1007 1006 918
f 1008 919 920
f 1008 1007 919
f 1009 920 921
f 1009 1008 920
f 1010 921 922
f 1010 1009 921
f 1011 922 923
f 1011 1010 922
f 1012 923 924
f 1012 1011 923
f 1013 924 925
f 1013 1012 924
f 1014 925 926
f 1014 1013 925
f 1015 926 927
f 1015 1014 926
f 1016 927 928
f 1016 1015 927
f 1017 928 929
f 1017 1016 928
f 1018 929 930
f 1018 1017 929
f 1019 930 931
f 1019 1018 930
f 1020 931 932
f 1020 1019 931
f 932 894 982
f 932 982 1020
f 1022 1021 933
f 1022 933 934
f 933 1023 935
f 1021 1023 933
f 935 1024 936
f 1023 1024 935
f 936 1025 937
f 1024 1025 936
f 937 1026 938
f 1025 1026 937
f 938 1027 939
f 1026 1027 938
f 939 1028 940
f 1027 1028 939
f 940 1029 941
f 1028 1029 940
f 941 1030 942
f 1029 1030 941
f 942 1031 943
f 1030 1031 942
f 943 1032 944
f 1031 1032 943
f 944 1033 945
f 1032 1033 944
f 945 1034 946
f 1033 1034 945
f 946 1035 947
f 1034 1035 946
f 947 1036 948
f 1035 1036 947
f 948 1037 949
f 1036 1037 948
f 949 1038 950
f 1037 1038 949
f 950 1039 951
f 1038 1039 950
f 951 1040 952
f 1039 1040 951
f 952 1041 953
f 1040 1041 952
f 953 1042 954
f 1041 1042 953
f 954 1043 955
f 1042 1043 954
f 955 1044 956
f 1043 1044 955
f 956 1045 957
f 1044 1045 956
f 957 1046 958
f 1045 1046 957
f 958 1047 959
f 1046 1047 958
f 959 1048 960
f 1047 1048 959
f 960 1049 961
f 1048 1049 960
f 961 1050 962
f 1049 1050 961
f 962 1051 963
f 1050 1051 962
f 963 1052 964
f 1051 1052 963
f 964 1053 965
f 1052 1053 964
f 965 1054 966
f 1053 1054 965
f 966 1055 967
f 1054 1055 966
f 967 1056 968
f 1055 1056 967
f 968 1057 969
f 1056 1057 968
f 969 1058 970
f 1057 1058 969
f 970 1059 971
f 1058 1059 970
f 972 971 1059
f 972 1059 1060
f 973 1022 934
f 973 1061 1022
f 1060 974 972
f 1062 974 1060
f 975 1061 973
f 975 1063 1061
f 1062 976 974
f 1064 976 1062
f 977 1063 975
f 977 1065 1063
f 1064 978 976
f 1066 978 1064
f 979 1065 977
f 979 1067 1065
f 1066 980 978
f 1068 980 1066
f 981 1067 979
f 981 1069 1067
f 1068 982 980
f 1070 982 1068
f 1071 1069 981
f 1071 981 983
f 1072 983 984
f 1072 1071 983
f 1073 984 985
f 1073 1072 984
f 1074 985 986
f 1074 1073 985
f 1075 986 987
f 1075 1074 986
f 1076 987 988
f 1076 1075 987
f 1077 988 989
f 1077 1076 988
f 1078 989 990
f 1078 1077 989
f 1079 990 991
f 1079 1078 990
f 1080 991 992
f 1080 1079 991
f 1081 992 993
f 1081 1080 992
f 1082 993 994
f 1082 1081 993
f 1083 994 995
f 1083 1082 994
f 1084 995 996
f 1084 1083 995
f 1085 996 997
f 1085 1084 996
f 1086 997 998
f 1086 1085 997
f 1087 998 999
f 1087 1086 998
f 1088 999 1000
f 1088 1087 999
f 1089 1000 1001
f 1089 1088 1000
f 1090 1001 1002
f 1090 1089 1001
f 1091 1002 1003
f 1091 1090 1002
f 1092 1003 1004
f 1092 1091 1003
f 1093 1004 1005
f 1093 1092 1004
f 1094 1005 1006
f 1094 1093 1005
f 1095 1006 1007
f 1095 1094 1006
f 1096 1007 1008
f 1096 1095 1007
f 1097 1008 1009
f 1097 1096 1008
f 1098 1009 1010
f 1098 1097 1009
f 1099 1010 1011
f 1099 1098 1010
f 1100 1011 1012
f 1100 1099 1011
f 1101 1012 1013
f 1101 1100 1012
f 1102 1013 1014
f 1102 1101 1013
f 1103 1014 1015
f 1103 1102 1014
f 1104 1015 1016
f 1104 1103 1015
f 1105 1016 1017
f 1105 1104 1016
f 1106 1017 1018
f 1106 1105 1017
f 1107 1018 1019
f 1107 1106 1018
f 1108 1019 1020
f 1108 1107 1019
f 1020 982 1070
f 1020 1070 1108
f 1110 1109 1021
f 1110 1021 1022
f 1021 1111 1023
f 1109 1111 1021
f 1023 1112 1024
f 1111 1112 1023
f 1024 1113 1025
f 1112 1113 1024
f 1025 1114 1026
f 1113 1114 1025
f 1026 1115 1027
f 1114 1115 1026
f 1027 1116 1028
f 1115 1116 1027
f 1028 1117 1029
f 1116 1117 1028
f 1029 1118 1030
f 1117 1118 1029
f 1030 1119 1031
f 1118 1119 1030
f 1031 1120 1032
f 1119 1120 1031
f 1032 1121 1033
f 1120 1121 1032
f 1033 1122 1034
f 1121 1122 1033
f 1034 1123 1035
f 1122 1123 1034
f 1035 1124 1036
f 1123 1124 1035
f 1036 1125 1037
f 1124 1125 1036
f 1037 1126 1038
f 1125 1126 1037
f 1038 1127 1039
f 1126 1127 1038
f 1039 1128 1040
f 1127 1128 1039
f 1040 1129 1041
f 1128 1129 1040
f 1041 1130 1042
f 1129 1130 1041
f 1042 1131 1043
f 1130 1131 1042
f 1043 1132 1044
f 1131 1132 1043
f 1044 1133 1045
f 1132 1133 1044
f 1045 1134 1046
f 1133 1134 1045
f 1046 1135 1047
f 1134 1135 1046
f 1047 1136 1048
f 1135 1136 1047
f 1048 1137 1049
f 1136 1137 1048
f 1049 1138 1050
f 1137 1138 1049
f 1050 1139 1051
f 1138 1139 1050
f 1051 1140 1052
f 1139 1140 1051
f 1052 1141 1053
f 1140 1141 1052
f 1053 1142 1054
f 1141 1142 1053
f 1054 1143 1055
f 1142 1143 1054
f 1055 1144 1056
f 1143 1144 1055
f 1056 1145 1057
f 1144 1145 1056
f 1057 1146 1058
f 1145 1146 1057
f 1058 1147 1059
f 1146 1147 1058
f 1060 1059 1147
f 1060 1147 1148
f 1061 1110 1022
f 1061 1149 1110
f 1148 1062 1060
f 1150 1062 1148
f 1063 1149 1061
f 1063 1151 1149
f 1150 1064 1062
f 1152 1064 1150
f 1065 1151 1063
f 1065 1153 1151
f 1152 1066 1064
f 1154 1066 1152
f 1067 1153 1065
f 1067 1155 1153
f 1154 1068 1066
f 1156 1068 1154
f 1069 1155 1067
f 1069 1157 1155
f 1156 1070 1068
f 1158 1070 1156
f 1159 1157 1069
f 1159 1069 1071
f 1160 1071 1072
f 1160 1159 1071
f 1161 1072 1073
f 1161 1160 1072
f 1162 1073 1074
f 1162 1161 1073
f 1163 1074 1075
f 1163 1162 1074
f 1164 1075 1076
f 1164 1163 1075
f 1165 1076 1077
f 1165 1164 1076
f 1166 1077 1078
f 1166 1165 1077
f 1167 1078 1079
f 1167 1166 1078
f 1168 1079 1080
f 1168 1167 1079
f 1169 1080 1081
f 1169 1168 1080
f 1170 1081 1082
f 1170 1169 1081
f 1171 1082 1083
f 1171 1170 1082
f 1172 1083 1084
f 1172 1171 1083
f 1173 1084 1085
f 1173 1172 1084
f 1174 1085 1086
f 1174 1173 1085
f 1175 1086 1087
f 1175 1174 1086
f 1176 1087 1088
f 1176 1175 1087
f 1177 1088 1089
f 1177 1176 1088
f 1178 1089 1090
f 1178 1177 1089
f 1179 1090 1091
f 1179 1178 1090
f 1180 1091 1092
f 1180 1179 1091
f 1181 1092 1093
f 1181 1180 1092
f 1182 1093 1094
f 1182 1181 1093
f 1183 1094 1095
f 1183 1182 1094
f 1184 1095 1096
f 1184 1183 1095
f 1185 1096 1097
f 1185 1184 1096
f 1186 1097 1098
f 1186 1185 1097
f 1187 1098 1099
f 1187 1186 1098
f 1188 1099 1100
f 1188 1187 1099
f 1189 1100 1101
f 1189 1188 1100
f 1190 1101 1102
f 1190 1189 1101
f 1191 1102 1103
f 1191 1190 1102
f 1192 1103 1104
f 1192 1191 1103
f 1193 1104 1105
f 1193 1192 1104
f 1194 1105 1106
f 1194 1193 1105
f 1195 1106 1107
f 1195 1194 1106
f 1196 1107 1108
f 1196 1195 1107
f 1108 1070 1158
f 1108 1158 1196
f 1198 1197 1109
f 1198 1109 1110
f 1109 1199 1111
f 1197 1199 1109
f 1111 1200 1112
f 1199 1200 1111
f 1112 1201 1113
f 1200 1201 1112
f 1113 1202 1114
f 1201 1202 1113
f 1114 1203 1115
f 1202 1203 1114
f 1115 1204 1116
f 1203 1204 1115
f 1116 1205 1117
f 1204 1205 1116
f 1117 1206 1118
f 1205 1206 1117
f 1118 1207 1119
f 1206 1207 1118
f 1119 1208 1120
f 1207 1208 1119
f 1120 1209 1121
f 1208 1209 1120
f 1121 1210 1122
f 1209 1210 1121
f 1122 1211 1123
f 1210 1211 1122
f 1123 1212 1124
f 1211 1212 1123
f 1124 1213 1125
f 1212 1213 1124
f 1125 1214 1126
f 1213 1214 1125
f 1126 1215 1127
f 1214 1215 1126
f 1127 1216 1128
f 1215 1216 1127
f 1128 1217 1129
f 1216 1217 1128
f 1129 1218 1130
f 1217 1218 1129
f 1130 1219 1131
f 1218 1219 1130
f 1131 1220 1132
f 1219 1220 1131
f 1132 1221 1133
f 1220 1221 1132
f 1133 1222 1134
f 1221 1222 1133
f 1134 1223 1135
f 1222 1223 1134
f 1135 1224 1136
f 1223 1224 1135
f 1136 1225 1137
f 1224 1225 1136
f 1137 1226 1138
f 1225 1226 1137
f 1138 1227 1139
f 1226 1227 1138
f 1139 1228 1140
f 1227 1228 1139
f 1140 1229 1141
f 1228 1229 1140
f 1141 1230 1142
f 1229 1230 1141
f 1142 1231 1143
f 1230 1231 1142
f 1143 1232 1144
f 1231 1232 1143
f 1144 1233 1145
f 1232 1233 1144
f 1145 1234 1146
f 1233 1234 1145
f 1146 1235 1147
f 1234 1235 1146
f 1148 1147 1235
f 1148 1235 1236
f 1149 1198 1110
f 1149 1237 1198
f 1236 1150 1148
f 1238 1150 1236
f 1151 1237 1149
f 1151 1239 1237
f 1238 1152 1150
f 1240 1152 1238
f 1153 1239 1151
f 1153 1241 1239
f 1240 1154 1152
f 1242 1154 1240
f 1155 1241 1153
f 1155 1243 1241
f 1242 1156 1154
f 1244 1156 1242
f 1157 1243 1155
f 1157 1245 1243
f 1244 1158 1156
f 1246 1158 1244
f 1247 1245 1157
f 1247 1157 1159
f 1248 1159 1160
f 1248 1247 1159
f 1249 1160 1161
f 1249 1248 1160
f 1250 1161 1162
f 1250 1249 1161
f 1251 1162 1163
f 1251 1250 1162
f 1252 1163 1164
f 1252 1251 1163
f 1253 1164 1165
f 1253 1252 1164
f 1254 1165 1166
f 1254 1253 1165
f 1255 1166 1167
f 1255 1254 1166
f 1256 1167 1168
f 1256 1255 1167
f 1257 1168 1169
f 1257 1256 1168
f 1258 1169 1170
f 1258 1257 1169
f 1259 1170 1171
f 1259 1258 1170
f 1260 1171 1172
f 1260 1259 1171
f 1261 1172 1173
f 1261 1260 1172
f 1262 1173 1174
f 1262 1261 1173
f 1263 1174 1175
f 1263 1262 1174
f 1264 1175 1176
f 1264 1263 1175
f 1265 1176 1177
f 1265 1264 1176
f 1266 1177 1178
f 1266 1265 1177
f 1267 1178 1179
f 1267 1266 1178
f 1268 1179 1180
f 1268 1267 1179
f 1269 1180 1181
f 1269 1268 1180
f 1270 1181 1182
f 1270 1269 1181
f 1271 1182 1183
f 1271 1270 1182
f 1272 1183 1184
f 1272 1271 1183
f 1273 1184 1185
f 1273 1272 1184
f 1274 1185 1186
f 1274 1273 1185
f 1275 1186 1187
f 1275 1274 1186
f 1276 1187 1188
f 1276 1275 1187
f 1277 1188 1189
f 1277 1276 1188
f 1278 1189 1190
f 1278 1277 1189
f 1279 1190 1191
f 1279 1278 1190
f 1280 1191 1192
f 1280 1279 1191
f 1281 1192 1193
f 1281 1280 1192
f 1282 1193 1194
f 1282 1281 1193
f 1283 1194 1195
f 1283 1282 1194
f 1284 1195 1196
f 1284 1283 1195
f 1196 1158 1246
f 1196 1246 1284
f 1286 1285 1197
f 1286 1197 1198
f 1197 1287 1199
f 1285 1287 1197
f 1199 1288 1200
f 1287 1288 1199
f 1200 1289 1201
f 1288 1289 1200
f 1201 1290 1202
f 1289 1290 1201
f 1202 1291 1203
f 1290 1291 1202
f 1203 1292 1204
f 1291 1292 1203
f 1204 1293 1205
f 1292 1293 1204
f 1205 1294 1206
f 1293 1294 1205
f 1206 1295 1207
f 1294 1295 1206
f 1207 1296 1208
f 1295 1296 1207
f 1208 1297 1209
f 1296 1297 1208
f 1209 1298 1210
f 1297 1298 1209
f 1210 1299 1211
f 1298 1299 1210
f 1211 1300 1212
f 1299 1300 1211
f 1212 1301 1213
f 1300 1301 1212
f 1213 1302 1214
f 1301 1302 1213
f 1214 1303 1215
f 1302 1303 1214
f 1215 1304 1216
f 1303 1304 1215
f 1216 1305 1217
f 1304 1305 1216
f 1217 1306 1218
f 1305 1306 1217
f 1218 1307 1219
f 1306 1307 1218
f 1219 1308 1220
f 1307 1308 1219
f 1220 1309 1221
f 1308 1309 1220
f 1221 1310 1222
f 1309 1310 1221
f 1222 1311 1223
f 1310 1311 1222
f 1223 1312 1224
f 1311 1312 1223
f 1224 1313 1225
f 1312 1313 1224
f 1225 1314 1226
f 1313 1314 1225
f 1226 1315 1227
f 1314 1315 1226
f 1227 1316 1228
f 1315 1316 1227
f 1228 1317 1229
f 1316 1317 1228
f 1229 1318 1230
f 1317 1318 1229
f 1230 1319 1231
f 1318 1319 1230
f 1231 1320 1232
f 1319 1320 1231
f 1232 1321 1233
f 1320 1321 1232
f 1233 1322 1234
f 1321 1322 1233
f 1234 1323 1235
f 1322 1323 1234
f 1236 1235 1323
f 1236 1323 1324
f 1237 1286 1198
f 1237 1325 1286
f 1324 1238 1236
f 1326 1238 1324
f 1239 1325 1237
f 1239 1327 1325
f 1326 1240 1238
f 1328 1240 1326
f 1241 1327 1239
f 1241 1329 1327
f 1328 1242 1240
f 1330 1242 1328
f 1243 1329 1241
f 1243 1331 1329
f 1330 1244 1242
f 1332 1244 1330
f 1245 1331 1243
f 1245 1333 1331
f 1332 1246 1244
f 1334 1246 1332
f 1335 1333 1245
f 1335 1245 1247
f 1336 1247 1248
f 1336 1335 1247
f 1337 1248 1249
f 1337 1336 1248
f 1338 1249 1250
f 1338 1337 1249
f 1339 1250 1251
f 1339 1338 1250
f 1340 1251 1252
f 1340 1339 1251
f 1341 1252 1253
f 1341 1340 1252
f 1342 1253 1254
f 1342 1341 1253
f 1343 1254 1255
f 1343 1342 1254
f 1344 1255 1256
f 1344 1343 1255
f 1345 1256 1257
f 1345 1344 1256
f 1346 1257 1258
f 1346 1345 1257
f 1347 1258 1259
f 1347 1346 1258
f 1348 1259 1260
f 1348 1347 1259
f 1349 1260 1261
f 1349 1348 1260
f 1350 1261 1262
f 1350 1349 1261
f 1351 1262 1263
f 1351 1350 1262
f 1352 1263 1264
f 1352 1351 1263
f 1353 1264 1265
f 1353 1352 1264
f 1354 1265 1266
f 1354 1353 1265
f 1355 1266 1267
f 1355 1354 1266
f 1356 1267 1268
f 1356 1355 1267
f 1357 1268 1269
f 1357 1356 1268
f 1358 1269 1270
f 1358 1357 1269
f 1359 1270 1271
f 1359 1358 1270
f 1360 1271 1272
f 1360 1359 1271
f 1361 1272 1273
f 1361 1360 1272
f 1362 1273 1274
f 1362 1361 1273
f 1363 1274 1275
f 1363 1362 1274
f 1364 1275 1276
f 1364 1363 1275
f 1365 1276 1277
f 1365 1364 1276
f 1366 1277 1278
f 1366 1365 1277
f 1367 1278 1279
f 1367 1366 1278
f 1368 1279 1280
f 1368 1367 1279
f 1369 1280 1281
f 1369 1368 1280
f 1370 1281 1282
f 1370 1369 1281
f 1371 1282 1283
f 1371 1370 1282
f 1372 1283 1284
f 1372 1371 1283
f 1284 1246 1334
f 1284 1334 1372
f 1374 1373 1285
f 1374 1285 1286
f 1285 1375 1287
f 1373 1375 1285
f 1287 1376 1288
f 1375 1376 1287
f 1288 1377 1289
f 1376 1377 1288
f 1289 1378 1290
f 1377 1378 1289
f 1290 1379 1291
f 1378 1379 1290
f 1291 1380 1292
f 1379 1380 1291
f 1292 1381 1293
f 1380 1381 1292
f 1293 1382 1294
f 1381 1382 1293
f 1294 1383 1295
f 1382 1383 1294
f 1295 1384 1296
f 1383 1384 1295
f 1296 1385 1297
f 1384 1385 1296
f 1297 1386 1298
f 1385 1386 1297
f 1298 1387 1299
f 1386 1387 1298
f 1299 1388 1300
f 1387 1388 1299
f 1300 1389 1301
f 1388 1389 1300
f 1301 1390 1302
f 1389 1390 1301
f 1302 1391 1303
f 1390 1391 1302
f 1303 1392 1304
f 1391 1392 1303
f 1304 1393 1305
f 1392 1393 1304
f 1305 1394 1306
f 1393 1394 1305
f 1306 1395 1307
f 1394 1395 1306
f 1307 1396 1308
f 1395 1396 1307
f 1308 1397 1309
f 1396 1397 1308
f 1309 1398 1310
f 1397 1398 1309
f 1310 1399 1311
f 1398 1399 1310
f 1311 1400 1312
f 1399 1400 1311
f 1312 1401 1313
f 1400 1401 1312
f 1313 1402 1314
f 1401 1402 1313
f 1314 1403 1315
f 1402 1403 1314
f 1315 1404 1316
f 1403 1404 1315
f 1316 1405 1317
f 1404 1405 1316
f 1317 1406 1318
f 1405 1406 1317
f 1318 1407 1319
f 1406 1407 1318
f 1319 1408 1320
f 1407 1408 1319
f 1320 1409 1321
f 1408 1409 1320
f 1321 1410 1322
f 1409 1410 1321
f 1322 1411 1323
f 1410 1411 1322
f 1324 1323 1411
f 1324 1411 1412
f 1325 1374 1286
f 1325 1413 1374
f 1412 1326 1324
f 1414 1326 1412
f 1327 1413 1325
f 1327 1415 1413
f 1414 1328 1326
f 1416 1328 1414
f 1329 1415 1327
f 1329 1417 1415
f 1416 1330 1328
f 1418 1330 1416
f 1331 1417 1329
f 1331 1419 1417
f 1418 1332 1330
f 1420 1332 1418
f 1333 1419 1331
f 1333 1421 1419
f 1420 1334 1332
f 1422 1334 1420
f 1423 1421 1333
f 1423 1333 1335
f 1424 1335 1336
f 1424 1423 1335
f 1425 1336 1337
f 1425 1424 1336
f 1426 1337 1338
f 1426 1425 1337
f 1427 1338 1339
f 1427 1426 1338
f 1428 1339 1340
f 1428 1427 1339
f 1429 1340 1341
f 1429 1428 1340
f 1430 1341 1342
f 1430 1429 1341
f 1431 1342 1343
f 1431 1430 1342
f 1432 1343 1344
f 1432 1431 1343
f 1433 1344 1345
f 1433 1432 1344
f 1434 1345 1346
f 1434 1433 1345
f 1435 1346 1347
f 1435 1434 1346
f 1436 1347 1348
f 1436 1435 1347
f 1437 1348 1349
f 1437 1436 1348
f 1438 1349 1350
f 1438 1437 1349
f 1439 1350 1351
f 1439 1438 1350
f 1440 1351 1352
f 1440 1439 1351
f 1441 1352 1353
f 1441 1440 1352
f 1442 1353 1354
f 1442 1441 1353
f 1443 1354 1355
f 1443 1442 1354
f 1444 1355 1356
f 1444 1443 1355
f 1445 1356 1357
f 1445 1444 1356
f 1446 1357 1358
f 1446 1445 1357
f 1447 1358 1359
f 1447 1446 1358
f 1448 1359 1360
f 1448 1447 1359
f 1449 1360 1361
f 1449 1448 1360
f 1450 1361 1362
f 1450 1449 1361
f 1451 1362 1363
f 1451 1450 1362
f 1452 1363 1364
f 1452 1451 1363
f 1453 1364 1365
f 1453 1452 1364
f 1454 1365 1366
f 1454 1453 1365
f 1455 1366 1367
f 1455 1454 1366
f 1456 1367 1368
f 1456 1455 1367
f 1457 1368 1369
f 1457 1456 1368
f 1458 1369 1370
f 1458 1457 1369
f 1459 1370 1371
f 1459 1458 1370
f 1460 1371 1372
f 1460 1459 1371
f 1372 1334 1422
f 1372 1422 1460
f 1462 1461 1373
f 1462 1373 1374
f 1373 1463 1375
f 1461 1463 1373
f 1375 1464 1376
f 1463 1464 1375
f 1376 1465 1377
f 1464 1465 1376
f 1377 1466 1378
f 1465 1466 1377
f 1378 1467 1379
f 1466 1467 1378
f 1379 1468 1380
f 1467 1468 1379
f 1380 1469 1381
f 1468 1469 1380
f 1381 1470 1382
f 1469 1470 1381
f 1382 1471 1383
f 1470 1471 1382
f 1383 1472 1384
f 1471 1472 1383
f 1384 1473 1385
f 1472 1473 1384
f 1385 1474 1386
f 1473 1474 1385
f 1386 1475 1387
f 1474 1475 1386
f 1387 1476 1388
f 1475 1476 1387
f 1388 1477 1389
f 1476 1477 1388
f 1389 1478 1390
f 1477 1478 1389
f 1390 1479 1391
f 1478 1479 1390
f 1391 1480 1392
f 1479 1480 1391
f 1392 1481 1393
f 1480 1481 1392
f 1393 1482 1394
f 1481 1482 1393
f 1394 1483 1395
f 1482 1483 1394
f 1395 1484 1396
f 1483 1484 1395
f 1396 1485 1397
f 1484 1485 1396
f 1397 1486 1398
f 1485 1486 1397
f 1398 1487 1399
f 1486 1487 1398
f 1399 1488 1400
f 1487 1488 1399
f 1400 1489 1401
f 1488 1489 1400
f 1401 1490 1402
f 1489 1490 1401
f 1402 1491 1403
f 1490 1491 1402
f 1403 1492 1404
f 1491 1492 1403
f 1404 1493 1405
f 1492 1493 1404
f 1405 1494 1406
f 1493 1494 1405
f 1406 1495 1407
f 1494 1495 1406
f 1407 1496 1408
f 1495 1496 1407
f 1408 1497 1409
f 1496 1497 1408
f 1409 1498 1410
f 1497 1498 1409
f 1410 1499 1411
f 1498 1499 1410
f 1412 1411 1499
f 1412 1499 1500
f 1413 1462 1374
f 1413 1501 1462
f 1500 1414 1412
f 1502 1414 1500
f 1415 1501 1413
f 1415 1503 1501
f 1502 1416 1414
f 1504 1416 1502
f 1417 1503 1415
f 1417 1505 1503
f 1504 1418 1416
f 1506 1418 1504
f 1419 1505 1417
f 1419 1507 1505
f 1506 1420 1418
f 1508 1420 1506
f 1421 1507 1419
f 1421 1509 1507
f 1508 1422 1420
f 1510 1422 1508
f 1511 1509 1421
f 1511 1421 1423
f 1512 1423 1424
f 1512 1511 1423
f 1513 1424 1425
f 1513 1512 1424
f 1514 1425 1426
f 1514 1513 1425
f 1515 1426 1427
f 1515 1514 1426
f 1516 1427 1428
f 1516 1515 1427
f 1517 1428 1429
f 1517 1516 1428
f 1518 1429 1430
f 1518 1517 1429
f 1519 1430 1431
f 1519 1518 1430
f 1520 1431 1432
f 1520 1519 1431
f 1521 1432 1433
f 1521 1520 1432
f 1522 1433 1434
f 1522 1521 1433
f 1523 1434 1435
f 1523 1522 1434
f 1524 1435 1436
f 1524 1523 1435
f 1525 1436 1437
f 1525 1524 1436
f 1526 1437 1438
f 1526 1525 1437
f 1527 1438 1439
f 1527 1526 1438
f 1528 1439 1440
f 1528 1527 1439
f 1529 1440 1441
f 1529 1528 1440
f 1530 1441 1442
f 1530 1529 1441
f 1531 1442 1443
f 1531 1530 1442
f 1532 1443 1444
f 1532 1531 1443
f 1533 1444 1445
f 1533 1532 1444
f 1534 1445 1446
f 1534 1533 1445
f 1535 1446 1447
f 1535 1534 1446
f 1536 1447 1448
f 1536 1535 1447
f 1537 1448 1449
f 1537 1536 1448
f 1538 1449 1450
f 1538 1537 1449
f 1539 1450 1451
f 1539 1538 1450
f 1540 1451 1452
f 1540 1539 1451
f 1541 1452 1453
f 1541 1540 1452
f 1542 1453 1454
f 1542 1541 1453
f 1543 1454 1455
f 1543 1542 1454
f 1544 1455 1456
f 1544 1543 1455
f 1545 1456 1457
f 1545 1544 1456
f 1546 1457 1458
f 1546 1545 1457
f 1547 1458 1459
f 1547 1546 1458
f 1548 1459 1460
f 1548 1547 1459
f 1460 1422 1510
f 1460 1510 1548
f 1550 1549 1461
f 1550 1461 1462
f 1461 1551 1463
f 1549 1551 1461
f 1463 1552 1464
f 1551 1552 1463
f 1464 1553 1465
f 1552 1553 1464
f 1465 1554 1466
f 1553 1554 1465
f 1466 1555 1467
f 1554 1555 1466
f 1467 1556 1468
f 1555 1556 1467
f 1468 1557 1469
f 1556 1557 1468
f 1469 1558 1470
f 1557 1558 1469
f 1470 1559 1471
f 1558 1559 1470
f 1471 1560 1472
f 1559 1560 1471
f 1472 1561 1473
f 1560 1561 1472
f 1473 1562 1474
f 1561 1562 1473
f 1474 1563 1475
f 1562 1563 1474
f 1475 1564 1476
f 1563 1564 1475
f 1476 1565 1477
f 1564 1565 1476
f 1477 1566 1478
f 1565 1566 1477
f 1478 1567 1479
f 1566 1567 1478
f 1479 1568 1480
f 1567 1568 1479
f 1480 1569 1481
f 1568 1569 1480
f 1481 1570 1482
f 1569 1570 1481
f 1482 1571 1483
f 1570 1571 1482
f 1483 1572 1484
f 1571 1572 1483
f 1484 1573 1485
f 1572 1573 1484
f 1485 1574 1486
f 1573 1574 1485
f 1486 1575 1487
f 1574 1575 1486
f 1487 1576 1488
f 1575 1576 1487
f 1488 1577 1489
f 1576 1577 1488
f 1489 1578 1490
f 1577 1578 1489
f 1490 1579 1491
f 1578 1579 1490
f 1491 1580 1492
f 1579 1580 1491
f 1492 1581 1493
f 1580 1581 1492
f 1493 1582 1494
f 1581 1582 1493
f 1494 1583 1495
f 1582 1583 1494
f 1495 1584 1496
f 1583 1584 1495
f 1496 1585 1497
f 1584 1585 1496
f 1497 1586 1498
f 1585 1586 1497
f 1498 1587 1499
f 1586 1587 1498
f 1500 1499 1587
f 1500 1587 1588
f 1501 1550 1462
f 1501 1589 1550
f 1588 1502 1500
f 1590 1502 1588
f 1503 1589 1501
f 1503 1591 1589
f 1590 1504 1502
f 1592 1504 1590
f 1505 1591 1503
f 1505 1593 1591
f 1592 1506 1504
f 1594 1506 1592
f 1507 1593 1505
f 1507 1595 1593
f 1594 1508 1506
f 1596 1508 1594
f 1509 1595 1507
f 1509 1597 1595
f 1596 1510 1508
f 1598 1510 1596
f 1599 1597 1509
f 1599 1509 1511
f 1600 1511 1512
f 1600 1599 1511
f 1601 1512 1513
f 1601 1600 1512
f 1602 1513 1514
f 1602 1601 1513
f 1603 1514 1515
f 1603 1602 1514
f 1604 1515 1516
f 1604 1603 1515
f 1605 1516 1517
f 1605 1604 1516
f 1606 1517 1518
f 1606 1605 1517
f 1607 1518 1519
f 1607 1606 1518
f 1608 1519 1520
f 1608 1607 1519
f 1609 1520 1521
f 1609 1608 1520
f 1610 1521 1522
f 1610 1609 1521
f 1611 1522 1523
f 1611 1610 1522
f 1612 1523 1524
f 1612 1611 1523
f 1613 1524 1525
f 1613 1612 1524
f 1614 1525 1526
f 1614 1613 1525
f 1615 1526 1527
f 1615 1614 1526
f 1616 1527 1528
f 1616 1615 1527
f 1617 1528 1529
f 1617 1616 1528
f 1618 1529 1530
f 1618 1617 1529
f 1619 1530 1531
f 1619 1618 1530
f 1620 1531 1532
f 1620 1619 1531
f 1621 1532 1533
f 1621 1620 1532
f 1622 1533 1534
f 1622 1621 1533
f 1623 1534 1535
f 1623 1622 1534
f 1624 1535 1536
f 1624 1623 1535
f 1625 1536 1537
f 1625 1624 1536
f 1626 1537 1538
f 1626 1625 1537
f 1627 1538 1539
f 1627 1626 1538
f 1628 1539 1540
f 1628 1627 1539
f 1629 1540 1541
f 1629 1628 1540
f 1630 1541 1542
f 1630 1629 1541
f 1631 1542 1543
f 1631 1630 1542
f 1632 1543 1544
f 1632 1631 1543
f 1633 1544 1545
f 1633 1632 1544
f 1634 1545 1546
f 1634 1633 1545
f 1635 1546 1547
f 1635 1634 1546
f 1636 1547 1548
f 1636 1635 1547
f 1548 1510 1598
f 1548 1598 1636
f 1638 1637 1549
f 1638 1549 1550
f 1549 1639 1551
f 1637 1639 1549
f 1551 1640 1552
f 1639 1640 1551
f 1552 1641 1553
f 1640 1641 1552
f 1553 1642 1554
f 1641 1642 1553
f 1554 1643 1555
f 1642 1643 1554
f 1555 1644 1556
f 1643 1644 1555
f 1556 1645 1557
f 1644 1645 1556
f 1557 1646 1558
f 1645 1646 1557
f 1558 1647 1559
f 1646 1647 1558
f 1559 1648 1560
f 1647 1648 1559
f 1560 1649 1561
f 1648 1649 1560
f 1561 1650 1562
f 1649 1650 1561
f 1562 1651 1563
f 1650 1651 1562
f 1563 1652 1564
f 1651 1652 1563
f 1564 1653 1565
f 1652 1653 1564
f 1565 1654 1566
f 1653 1654 1565
f 1566 1655 1567
f 1654 1655 1566
f 1567 1656 1568
f 1655 1656 1567
f 1568 1657 1569
f 1656 1657 1568
f 1569 1658 1570
f 1657 1658 1569
f 1570 1659 1571
f 1658 1659 1570
f 1571 1660 1572
f 1659 1660 1571
f 1572 1661 1573
f 1660 1661 1572
f 1573 1662 1574
f 1661 1662 1573
f 1574 1663 1575
f 1662 1663 1574
f 1575 1664 1576
f 1663 1664 1575
f 1576 1665 1577
f 1664 1665 1576
f 1577 1666 1578
f 1665 1666 1577
f 1578 1667 1579
f 1666 1667 1578
f 1579 1668 1580
f 1667 1668 1579
f 1580 1669 1581
f 1668 1669 1580
f 1581 1670 1582
f 1669 1670 1581
f 1582 1671 1583
f 1670 1671 1582
f 1583 1672 1584
f 1671 1672 1583
f 1584 1673 1585
f 1672 1673 1584
f 1585 1674 1586
f 1673 1674 1585
f 1586 1675 1587
f 1674 1675 1586
f 1588 1587 1675
f 1588 1675 1676
f 1589 1638 1550
f 1589 1677 1638
f 1676 1590 1588
f 1678 1590 1676
f 1591 1677 1589
f 1591 1679 1677
f 1678 1592 1590
f 1680 1592 1678
f 1593 1679 1591
f 1593 1681 1679
f 1680 1594 1592
f 1682 1594 1680
f 1595 1681 1593
f 1595 1683 1681
f 1682 1596 1594
f 1684 1596 1682
f 1597 1683 1595
f 1597 1685 1683
f 1684 1598 1596
f 1686 1598 1684
f 1687 1685 1597
f 1687 1597 1599
f 1688 1599 1600
f 1688 1687 1599
f 1689 1600 1601
f 1689 1688 1600
f 1690 1601 1602
f 1690 1689 1601
f 1691 1602 1603
f 1691 1690 1602
f 1692 1603 1604
f 1692 1691 1603
f 1693 1604 1605
f 1693 1692 1604
f 1694 1605 1606
f 1694 1693 1605
f 1695 1606 1607
f 1695 1694 1606
f 1696 1607 1608
f 1696 1695 1607
f 1697 1608 1609
f 1697 1696 1608
f 1698 1609 1610
f 1698 1697 1609
f 1699 1610 1611
f 1699 1698 1610
f 1700 1611 1612
f 1700 1699 1611
f 1701 1612 1613
f 1701 1700 1612
f 1702 1613 1614
f 1702 1701 1613
f 1703 1614 1615
f 1703 1702 1614
f 1704 1615 1616
f 1704 1703 1615
f 1705 1616 1617
f 1705 1704 1616
f 1706 1617 1618
f 1706 1705 1617
f 1707 1618 1619
f 1707 1706 1618
f 1708 1619 1620
f 1708 1707 1619
f 1709 1620 1621
f 1709 1708 1620
f 1710 1621 1622
f 1710 1709 1621
f 1711 1622 1623
f 1711 1710 1622
f 1712 1623 1624
f 1712 1711 1623
f 1713 1624 1625
f 1713 1712 1624
f 1714 1625 1626
f 1714 1713 1625
f 1715 1626 1627
f 1715 1714 1626
f 1716 1627 1628
f 1716 1715 1627
f 1717 1628 1629
f 1717 1716 1628
f 1718 1629 1630
f 1718 1717 1629
f 1719 1630 1631
f 1719 1718 1630
f 1720 1631 1632
f 1720 1719 1631
f 1721 1632 1633
f 1721 1720 1632
f 1722 1633 1634
f 1722 1721 1633
f 1723 1634 1635
f 1723 1722 1634
f 1724 1635 1636
f 1724 1723 1635
f 1636 1598 1686
f 1636 1686 1724
f 1726 1725 1637
f 1726 1637 1638
f 1637 1727 1639
f 1725 1727 1637
f 1639 1728 1640
f 1727 1728 1639
f 1640 1729 1641
f 1728 1729 1640
f 1641 1730 1642
f 1729 1730 1641
f 1642 1731 1643
f 1730 1731 1642
f 1643 1732 1644
f 1731 1732 1643
f 1644 1733 1645
f 1732 1733 1644
f 1645 1734 1646
f 1733 1734 1645
f 1646 1735 1647
f 1734 1735 1646
f 1647 1736 1648
f 1735 1736 1647
f 1648 1737 1649
f 1736 1737 1648
f 1649 1738 1650
f 1737 1738 1649
f 1650 1739 1651
f 1738 1739 1650
f 1651 1740 1652
f 1739 1740 1651
f 1652 1741 1653
f 1740 1741 1652
f 1653 1742 1654
f 1741 1742 1653
f 1654 1743 1655
f 1742 1743 1654
f 1655 1744 1656
f 1743 1744 1655
f 1656 1745 1657
f 1744 1745 1656
f 1657 1746 1658
f 1745 1746 1657
f 1658 1747 1659
f 1746 1747 1658
f 1659 1748 1660
f 1747 1748 1659
f 1660 1749 1661
f 1748 1749 1660
f 1661 1750 1662
f 1749 1750 1661
f 1662 1751 1663
f 1750 1751 1662
f 1663 1752 1664
f 1751 1752 1663
f 1664 1753 1665
f 1752 1753 1664
f 1665 1754 1666
f 1753 1754 1665
f 1666 1755 1667
f 1754 1755 1666
f 1667 1756 1668
f 1755 1756 1667
f 1668 1757 1669
f 1756 1757 1668
f 1669 1758 1670
f 1757 1758 1669
f 1670 1759 1671
f 1758 1759 1670
f 1671 1760 1672
f 1759 1760 1671
f 1672 1761 1673
f 1760 1761 1672
f 1673 1762 1674
f 1761 1762 1673
f 1674 1763 1675
f 1762 1763 1674
f 1676 1675 1763
f 1676 1763 1764
f 1677 1726 1638
f 1677 1765 1726
f 1764 1678 1676
f 1766 1678 1764
f 1679 1765 1677
f 1679 1767 1765
f 1766 1680 1678
f 1768 1680 1766
f 1681 1767 1679
f 1681 1769 1767
f 1768 1682 1680
f 1770 1682 1768
f 1683 1769 1681
f 1683 1771 1769
f 1770 1684 1682
f 1772 1684 1770
f 1685 1771 1683
f 1685 1773 1771
f 1772 1686 1684
f 1774 1686 1772
f 1775 1773 1685
f 1775 1685 1687
f 1776 1687 1688
f 1776 1775 1687
f 1777 1688 1689
f 1777 1776 1688
f 1778 1689 1690
f 1778 1777 1689
f 1779 1690 1691
f 1779 1778 1690
f 1780 1691 1692
f 1780 1779 1691
f 1781 1692 1693
f 1781 1780 1692
f 1782 1693 1694
f 1782 1781 1693
f 1783 1694 1695
f 1783 1782 1694
f 1784 1695 1696
f 1784 1783 1695
f 1785 1696 1697
f 1785 1784 1696
f 1786 1697 1698
f 1786 1785 1697
f 1787 1698 1699
f 1787 1786 1698
f 1788 1699 1700
f 1788 1787 1699
f 1789 1700 1701
f 1789 1788 1700
f 1790 1701 1702
f 1790 1789 1701
f 1791 1702 1703
f 1791 1790 1702
f 1792 1703 1704
f 1792 1791 1703
f 1793 1704 1705
f 1793 1792 1704
f 1794 1705 1706
f 1794 1793 1705
f 1795 1706 1707
f 1795 1794 1706
f 1796 1707 1708
f 1796 1795 1707
f 1797 1708 1709
f 1797 1796 1708
f 1798 1709 1710
f 1798 1797 1709
f 1799 1710 1711
f 1799 1798 1710
f 1800 1711 1712
f 1800 1799 1711
f 1801 1712 1713
f 1801 1800 1712
f 1802 1713 1714
f 1802 1801 1713
f 1803 1714 1715
f 1803 1802 1714
f 1804 1715 1716
f 1804 1803 1715
f 1805 1716 1717
f 1805 1804 1716
f 1806 1717 1718
f 1806 1805 1717
f 1807 1718 1719
f 1807 1806 1718
f 1808 1719 1720
f 1808 1807 1719
f 1809 1720 1721
f 1809 1808 1720
f 1810 1721 1722
f 1810 1809 1721
f 1811 1722 1723
f 1811 1810 1722
f 1812 1723 1724
f 1812 1811 1723
f 1724 1686 1774
f 1724 1774 1812
f 1814 1813 1725
f 1814 1725 1726
f 1725 1815 1727
f 1813 1815 1725
f 1727 1816 1728
f 1815 1816 1727
f 1728 1817 1729
f 1816 1817 1728
f 1729 1818 1730
f 1817 1818 1729
f 1730 1819 1731
f 1818 1819 1730
f 1731 1820 1732
f 1819 1820 1731
f 1732 1821 1733
f 1820 1821 1732
f 1733 1822 1734
f 1821 1822 1733
f 1734 1823 1735
f 1822 1823 1734
f 1735 1824 1736
f 1823 1824 1735
f 1736 1825 1737
f 1824 1825 1736
f 1737 1826 1738
f 1825 1826 1737
f 1738 1827 1739
f 1826 1827 1738
f 1739 1828 1740
f 1827 1828 1739
f 1740 1829 1741
f 1828 1829 1740
f 1741 1830 1742
f 1829 1830 1741
f 1742 1831 1743
f 1830 1831 1742
f 1743 1832 1744
f 1831 1832 1743
f 1744 1833 1745
f 1832 1833 1744
f 1745 1834 1746
f 1833 1834 1745
f 1746 1835 1747
f 1834 1835 1746
f 1747 1836 1748
f 1835 1836 1747
f 1748 1837 1749
f 1836 1837 1748
f 1749 1838 1750
f 1837 1838 1749
f 1750 1839 1751
f 1838 1839 1750
f 1751 1840 1752
f 1839 1840 1751
f 1752 1841 1753
f 1840 1841 1752
f 1753 1842 1754
f 1841 1842 1753
f 1754 1843 1755
f 1842 1843 1754
f 1755 1844 1756
f 1843 1844 1755
f 1756 1845 1757
f 1844 1845 1756
f 1757 1846 1758
f 1845 1846 1757
f 1758 1847 1759
f 1846 1847 1758
f 1759 1848 1760
f 1847 1848 1759
f 1760 1849 1761
f 1848 1849 1760
f 1761 1850 1762
f 1849 1850 1761
f 1762 1851 1763
f 1850 1851 1762
f 1764 1763 1851
f 1764 1851 1852
f 1765 1814 1726
f 1765 1853 1814
f 1852 1766 1764
f 1854 1766 1852
f 1767 1853 1765
f 1767 1855 1853
f 1854 1768 1766
f 1856 1768 1854
f 1769 1855 1767
f 1769 1857 1855
f 1856 1770 1768
f 1858 1770 1856
f 1771 1857 1769
f 1771 1859 1857
f 1858 1772 1770
f 1860 1772 1858
f 1773 1859 1771
f 1773 1861 1859
f 1860 1774 1772
f 1862 1774 1860
f 1863 1861 1773
f 1863 1773 1775
f 1864 1775 1776
f 1864 1863 1775
f 1865 1776 1777
f 1865 1864 1776
f 1866 1777 1778
f 1866 1865 1777
f 1867 1778 1779
f 1867 1866 1778
f 1868 1779 1780
f 1868 1867 1779
f 1869 1780 1781
f 1869 1868 1780
f 1870 1781 1782
f 1870 1869 1781
f 1871 1782 1783
f 1871 1870 1782
f 1872 1783 1784
f 1872 1871 1783
f 1873 1784 1785
f 1873 1872 1784
f 1874 1785 1786
f 1874 1873 1785
f 1875 1786 1787
f 1875 1874 1786
f 1876 1787 1788
f 1876 1875 1787
f 1877 1788 1789
f 1877 1876 1788
f 1878 1789 1790
f 1878 1877 1789
f 1879 1790 1791
f 1879 1878 1790
f 1880 1791 1792
f 1880 1879 1791
f 1881 1792 1793
f 1881 1880 1792
f 1882 1793 1794
f 1882 1881 1793
f 1883 1794 1795
f 1883 1882 1794
f 1884 1795 1796
f 1884 1883 1795
f 1885 1796 1797
f 1885 1884 1796
f 1886 1797 1798
f 1886 1885 1797
f 1887 1798 1799
f 1887 1886 1798
f 1888 1799 1800
f 1888 1887 1799
f 1889 1800 1801
f 1889 1888 1800
f 1890 1801 1802
f 1890 1889 1801
f 1891 1802 1803
f 1891 1890 1802
f 1892 1803 1804
f 1892 1891 1803
f 1893 1804 1805
f 1893 1892 1804
f 1894 1805 1806
f 1894 1893 1805
f 1895 1806 1807
f 1895 1894 1806
f 1896 1807 1808
f 1896 1895 1807
f 1897 1808 1809
f 1897 1896 1808
f 1898 1809 1810
f 1898 1897 1809
f 1899 1810 1811
f 1899 1898 1810
f 1900 1811 1812
f 1900 1899 1811
f 1812 1774 1862
f 1812 1862 1900
f 1902 1901 1813
f 1902 1813 1814
f 1813 1903 1815
f 1901 1903 1813
f 1815 1904 1816
f 1903 1904 1815
f 1816 1905 1817
f 1904 1905 1816
f 1817 1906 1818
f 1905 1906 1817
f 1818 1907 1819
f 1906 1907 1818
f 1819 1908 1820
f 1907 1908 1819
f 1820 1909 1821
f 1908 1909 1820
f 1821 1910 1822
f 1909 1910 1821
f 1822 1911 1823
f 1910 1911 1822
f 1823 1912 1824
f 1911 1912 1823
f 1824 1913 1825
f 1912 1913 1824
f 1825 1914 1826
f 1913 1914 1825
f 1826 1915 1827
f 1914 1915 1826
f 1827 1916 1828
f 1915 1916 1827
f 1828 1917 1829
f 1916 1917 1828
f 1829 1918 1830
f 1917 1918 1829
f 1830 1919 1831
f 1918 1919 1830
f 1831 1920 1832
f 1919 1920 1831
f 1832 1921 1833
f 1920 1921 1832
f 1833 1922 1834
f 1921 1922 1833
f 1834 1923 1835
f 1922 1923 1834
f 1835 1924 1836
f 1923 1924 1835
f 1836 1925 1837
f 1924 1925 1836
f 1837 1926 1838
f 1925 1926 1837
f 1838 1927 1839
f 1926 1927 1838
f 1839 1928 1840
f 1927 1928 1839
f 1840 1929 1841
f 1928 1929 1840
f 1841 1930 1842
f 1929 1930 1841
f 1842 1931 1843
f 1930 1931 1842
f 1843 1932 1844
f 1931 1932 1843
f 1844 1933 1845
f 1932 1933 1844
f 1845 1934 1846
f 1933 1934 1845
f 1846 1935 1847
f 1934 1935 1846
f 1847 1936 1848
f 1935 1936 1847
f 1848 1937 1849
f 1936 1937 1848
f 1849 1938 1850
f 1937 1938 1849
f 1850 1939 1851
f 1938 1939 1850
f 1852 1851 1939
f 1852 1939 1940
f 1853 1902 1814
f 1853 1941 1902
f 1940 1854 1852
f 1942 1854 1940
f 1855 1941 1853
f 1855 1943 1941
f 1942 1856 1854
f 1944 1856 1942
f 1857 1943 1855
f 1857 1945 1943
f 1944 1858 1856
f 1946 1858 1944
f 1859 1945 1857
f 1859 1947 1945
f 1946 1860 1858
f 1948 1860 1946
f 1861 1947 1859
f 1861 1949 1947
f 1948 1862 1860
f 1950 1862 1948
f 1951 1949 1861
f 1951 1861 1863
f 1952 1863 1864
f 1952 1951 1863
f 1953 1864 1865
f 1953 1952 1864
f 1954 1865 1866
f 1954 1953 1865
f 1955 1866 1867
f 1955 1954 1866
f 1956 1867 1868
f 1956 1955 1867
f 1957 1868 1869
f 1957 1956 1868
f 1958 1869 1870
f 1958 1957 1869
f 1959 1870 1871
f 1959 1958 1870
f 1960 1871 1872
f 1960 1959 1871
f 1961 1872 1873
f 1961 1960 1872
f 1962 1873 1874
f 1962 1961 1873
f 1963 1874 1875
f 1963 1962 1874
f 1964 1875 1876
f 1964 1963 1875
f 1965 1876 1877
f 1965 1964 1876
f 1966 1877 1878
f 1966 1965 1877
f 1967 1878 1879
f 1967 1966 1878
f 1968 1879 1880
f 1968 1967 1879
f 1969 1880 1881
f 1969 1968 1880
f 1970 1881 1882
f 1970 1969 1881
f 1971 1882 1883
f 1971 1970 1882
f 1972 1883 1884
f 1972 1971 1883
f 1973 1884 1885
f 1973 1972 1884
f 1974 1885 1886
f 1974 1973 1885
f 1975 1886 1887
f 1975 1974 1886
f 1976 1887 1888
f 1976 1975 1887
f 1977 1888 1889
f 1977 1976 1888
f 1978 1889 1890
f 1978 1977 1889
f 1979 1890 1891
f 1979 1978 1890
f 1980 1891 1892
f 1980 1979 1891
f 1981 1892 1893
f 1981 1980 1892
f 1982 1893 1894
f 1982 1981 1893
f 1983 1894 1895
f 1983 1982 1894
f 1984 1895 1896
f 1984 1983 1895
f 1985 1896 1897
f 1985 1984 1896
f 1986 1897 1898
f 1986 1985 1897
f 1987 1898 1899
f 1987 1986 1898
f 1988 1899 1900
f 1988 1987 1899
f 1900 1862 1950
f 1900 1950 1988
f 1990 1989 1901
f 1990 1901 1902
f 1901 1991 1903
f 1989 1991 1901
f 1903 1992 1904
f 1991 1992 1903
f 1904 1993 1905
f 1992 1993 1904
f 1905 1994 1906
f 1993 1994 1905
f 1906 1995 1907
f 1994 1995 1906
f 1907 1996 1908
f 1995 1996 1907
f 1908 1997 1909
f 1996 1997 1908
f 1909 1998 1910
f 1997 1998 1909
f 1910 1999 1911
f 1998 1999 1910
f 1911 2000 1912
f 1999 2000 1911
f 1912 2001 1913
f 2000 2001 1912
f 1913 2002 1914
f 2001 2002 1913
f 1914 2003 1915
f 2002 2003 1914
f 1915 2004 1916
f 2003 2004 1915
f 1916 2005 1917
f 2004 2005 1916
f 1917 2006 1918
f 2005 2006 1917
f 1918 2007 1919
f 2006 2007 1918
f 1919 2008 1920
f 2007 2008 1919
f 1920 2009 1921
f 2008 2009 1920
f 1921 2010 1922
f 2009 2010 1921
f 1922 2011 1923
f 2010 2011 1922
f 1923 2012 1924
f 2011 2012 1923
f 1924 2013 1925
f 2012 2013 1924
f 1925 2014 1926
f 2013 2014 1925
f 1926 2015 1927
f 2014 2015 1926
f 1927 2016 1928
f 2015 2016 1927
f 1928 2017 1929
f 2016 2017 1928
f 1929 2018 1930
f 2017 2018 1929
f 1930 2019 1931
f 2018 2019 1930
f 1931 2020 1932
f 2019 2020 1931
f 1932 2021 1933
f 2020 2021 1932
f 1933 2022 1934
f 2021 2022 1933
f 1934 2023 1935
f 2022 2023 1934
f 1935 2024 1936
f 2023 2024 1935
f 1936 2025 1937
f 2024 2025 1936
f 1937 2026 1938
f 2025 2026 1937
f 1938 2027 1939
f 2026 2027 1938
f 1940 1939 2027
f 1940 2027 2028
f 1941 1990 1902
f 1941 2029 1990
f 2028 1942 1940
f 2030 1942 2028
f 1943 2029 1941
f 1943 2031 2029
f 2030 1944 1942
f 2032 1944 2030
f 1945 2031 1943
f 1945 2033 2031
f 2032 1946 1944
f 2034 1946 2032
f 1947 2033 1945
f 1947 2035 2033
f 2034 1948 1946
f 2036 1948 2034
f 1949 2035 1947
f 1949 2037 2035
f 2036 1950 1948
f 2038 1950 2036
f 2039 2037 1949
f 2039 1949 1951
f 2040 1951 1952
f 2040 2039 1951
f 2041 1952 1953
f 2041 2040 1952
f 2042 1953 1954
f 2042 2041 1953
f 2043 1954 1955
f 2043 2042 1954
f 2044 1955 1956
f 2044 2043 1955
f 2045 1956 1957
f 2045 2044 1956
f 2046 1957 1958
f 2046 2045 1957
f 2047 1958 1959
f 2047 2046 1958
f 2048 1959 1960
f 2048 2047 1959
f 2049 1960 1961
f 2049 2048 1960
f 2050 1961 1962
f 2050 2049 1961
f 2051 1962 1963
f 2051 2050 1962
f 2052 1963 1964
f 2052 2051 1963
f 2053 1964 1965
f 2053 2052 1964
f 2054 1965 1966
f 2054 2053 1965
f 2055 1966 1967
f 2055 2054 1966
f 2056 1967 1968
f 2056 2055 1967
f 2057 1968 1969
f 2057 2056 1968
f 2058 1969 1970
f 2058 2057 1969
f 2059 1970 1971
f 2059 2058 1970
f 2060 1971 1972
f 2060 2059 1971
f 2061 1972 1973
f 2061 2060 1972
f 2062 1973 1974
f 2062 2061 1973
f 2063 1974 1975
f 2063 2062 1974
f 2064 1975 1976
f 2064 2063 1975
f 2065 1976 1977
f 2065 2064 1976
f 2066 1977 1978
f 2066 2065 1977
f 2067 1978 1979
f 2067 2066 1978
f 2068 1979 1980
f 2068 2067 1979
f 2069 1980 1981
f 2069 2068 1980
f 2070 1981 1982
f 2070 2069 1981
f 2071 1982 1983
f 2071 2070 1982
f 2072 1983 1984
f 2072 2071 1983
f 2073 1984 1985
f 2073 2072 1984
f 2074 1985 1986
f 2074 2073 1985
f 2075 1986 1987
f 2075 2074 1986
f 2076 1987 1988
f 2076 2075 1987
f 1988 1950 2038
f 1988 2038 2076
f 2078 2077 1989
f 2078 1989 1990
f 1989 2079 1991
f 2077 2079 1989
f 1991 2080 1992
f 2079 2080 1991
f 1992 2081 1993
f 2080 2081 1992
f 1993 2082 1994
f 2081 2082 1993
f 1994 2083 1995
f 2082 2083 1994
f 1995 2084 1996
f 2083 2084 1995
f 1996 2085 1997
f 2084 2085 1996
f 1997 2086 1998
f 2085 2086 1997
f 1998 2087 1999
f 2086 2087 1998
f 1999 2088 2000
f 2087 2088 1999
f 2000 2089 2001
f 2088 2089 2000
f 2001 2090 2002
f 2089 2090 2001
f 2002 2091 2003
f 2090 2091 2002
f 2003 2092 2004
f 2091 2092 2003
f 2004 2093 2005
f 2092 2093 2004
f 2005 2094 2006
f 2093 2094 2005
f 2006 2095 2007
f 2094 2095 2006
f 2007 2096 2008
f 2095 2096 2007
f 2008 2097 2009
f 2096 2097 2008
f 2009 2098 2010
f 2097 2098 2009
f 2010 2099 2011
f 2098 2099 2010
f 2011 2100 2012
f 2099 2100 2011
f 2012 2101 2013
f 2100 2101 2012
f 2013 2102 2014
f 2101 2102 2013
f 2014 2103 2015
f 2102 2103 2014
f 2015 2104 2016
f 2103 2104 2015
f 2016 2105 2017
f 2104 2105 2016
f 2017 2106 2018
f 2105 2106 2017
f 2018 2107 2019
f 2106 2107 2018
f 2019 2108 2020
f 2107 2108 2019
f 2020 2109 2021
f 2108 2109 2020
f 2021 2110 2022
f 2109 2110 2021
f 2022 2111 2023
f 2110 2111 2022
f 2023 2112 2024
f 2111 2112 2023
f 2024 2113 2025
f 2112 2113 2024
f 2025 2114 2026
f 2113 2114 2025
f 2026 2115 2027
f 2114 2115 2026
f 2028 2027 2115
f 2028 2115 2116
f 2029 2078 1990
f 2029 2117 2078
f 2116 2030 2028
f 2118 2030 2116
f 2031 2117 2029
f 2031 2119 2117
f 2118 2032 2030
f 2120 2032 2118
f 2033 2119 2031
f 2033 2121 2119
f 2120 2034 2032
f 2122 2034 2120
f 2035 2121 2033
f 2035 2123 2121
f 2122 2036 2034
f 2124 2036 2122
f 2037 2123 2035
f 2037 2125 2123
f 2124 2038 2036
f 2126 2038 2124
f 2127 2125 2037
f 2127 2037 2039
f 2128 2039 2040
f 2128 2127 2039
f 2129 2040 2041
f 2129 2128 2040
f 2130 2041 2042
f 2130 2129 2041
f 2131 2042 2043
f 2131 2130 2042
f 2132 2043 2044
f 2132 2131 2043
f 2133 2044 2045
f 2133 2132 2044
f 2134 2045 2046
f 2134 2133 2045
f 2135 2046 2047
f 2135 2134 2046
f 2136 2047 2048
f 2136 2135 2047
f 2137 2048 2049
f 2137 2136 2048
f 2138 2049 2050
f 2138 2137 2049
f 2139 2050 2051
f 2139 2138 2050
f 2140 2051 2052
f 2140 2139 2051
f 2141 2052 2053
f 2141 2140 2052
f 2142 2053 2054
f 2142 2141 2053
f 2143 2054 2055
f 2143 2142 2054
f 2144 2055 2056
f 2144 2143 2055
f 2145 2056 2057
f 2145 2144 2056
f 2146 2057 2058
f 2146 2145 2057
f 2147 2058 2059
f 2147 2146 2058
f 2148 2059 2060
f 2148 2147 2059
f 2149 2060 2061
f 2149 2148 2060
f 2150 2061 2062
f 2150 2149 2061
f 2151 2062 2063
f 2151 2150 2062
f 2152 2063 2064
f 2152 2151 2063
f 2153 2064 2065
f 2153 2152 2064
f 2154 2065 2066
f 2154 2153 2065
f 2155 2066 2067
f 2155 2154 2066
f 2156 2067 2068
f 2156 2155 2067
f 2157 2068 2069
f 2157 2156 2068
f 2158 2069 2070
f 2158 2157 2069
f 2159 2070 2071
f 2159 2158 2070
f 2160 2071 2072
f 2160 2159 2071
f 2161 2072 2073
f 2161 2160 2072
f 2162 2073 2074
f 2162 2161 2073
f 2163 2074 2075
f 2163 2162 2074
f 2164 2075 2076
f 2164 2163 2075
f 2076 2038 2126
f 2076 2126 2164
f 2166 2165 2077
f 2166 2077 2078
f 2077 2167 2079
f 2165 2167 2077
f 2079 2168 2080
f 2167 2168 2079
f 2080 2169 2081
f 2168 2169 2080
f 2081 2170 2082
f 2169 2170 2081
f 2082 2171 2083
f 2170 2171 2082
f 2083 2172 2084
f 2171 2172 2083
f 2084 2173 2085
f 2172 2173 2084
f 2085 2174 2086
f 2173 2174 2085
f 2086 2175 2087
f 2174 2175 2086
f 2087 2176 2088
f 2175 2176 2087
f 2088 2177 2089
f 2176 2177 2088
f 2089 2178 2090
f 2177 2178 2089
f 2090 2179 2091
f 2178 2179 2090
f 2091 2180 2092
f 2179 2180 2091
f 2092 2181 2093
f 2180 2181 2092
f 2093 2182 2094
f 2181 2182 2093
f 2094 2183 2095
f 2182 2183 2094
f 2095 2184 2096
f 2183 2184 2095
f 2096 2185 2097
f 2184 2185 2096
f 2097 2186 2098
f 2185 2186 2097
f 2098 2187 2099
f 2186 2187 2098
f 2099 2188 2100
f 2187 2188 2099
f 2100 2189 2101
f 2188 2189 2100
f 2101 2190 2102
f 2189 2190 2101
f 2102 2191 2103
f 2190 2191 2102
f 2103 2192 2104
f 2191 2192 2103
f 2104 2193 2105
f 2192 2193 2104
f 2105 2194 2106
f 2193 2194 2105
f 2106 2195 2107
f 2194 2195 2106
f 2107 2196 2108
f 2195 2196 2107
f 2108 2197 2109
f 2196 2197 2108
f 2109 2198 2110
f 2197 2198 2109
f 2110 2199 2111
f 2198 2199 2110
f 2111 2200 2112
f 2199 2200 2111
f 2112 2201 2113
f 2200 2201 2112
f 2113 2202 2114
f 2201 2202 2113
f 2114 2203 2115
f 2202 2203 2114
f 2116 2115 2203
f 2116 2203 2204
f 2117 2166 2078
f 2117 2205 2166
f 2204 2118 2116
f 2206 2118 2204
f 2119 2205 2117
f 2119 2207 2205
f 2206 2120 2118
f 2208 2120 2206
f 2121 2207 2119
f 2121 2209 2207
f 2208 2122 2120
f 2210 2122 2208
f 2123 2209 2121
f 2123 2211 2209
f 2210 2124 2122
f 2212 2124 2210
f 2125 2211 2123
f 2125 2213 2211
f 2212 2126 2124
f 2214 2126 2212
f 2215 2213 2125
f 2215 2125 2127
f 2216 2127 2128
f 2216 2215 2127
f 2217 2128 2129
f 2217 2216 2128
f 2218 2129 2130
f 2218 2217 2129
f 2219 2130 2131
f 2219 2218 2130
f 2220 2131 2132
f 2220 2219 2131
f 2221 2132 2133
f 2221 2220 2132
f 2222 2133 2134
f 2222 2221 2133
f 2223 2134 2135
f 2223 2222 2134
f 2224 2135 2136
f 2224 2223 2135
f 2225 2136 2137
f 2225 2224 2136
f 2226 2137 2138
f 2226 2225 2137
f 2227 2138 2139
f 2227 2226 2138
f 2228 2139 2140
f 2228 2227 2139
f 2229 2140 2141
f 2229 2228 2140
f 2230 2141 2142
f 2230 2229 2141
f 2231 2142 2143
f 2231 2230 2142
f 2232 2143 2144
f 2232 2231 2143
f 2233 2144 2145
f 2233 2232 2144
f 2234 2145 2146
f 2234 2233 2145
f 2235 2146 2147
f 2235 2234 2146
f 2236 2147 2148
f 2236 2235 2147
f 2237 2148 2149
f 2237 2236 2148
f 2238 2149 2150
f 2238 2237 2149
f 2239 2150 2151
f 2239 2238 2150
f 2240 2151 2152
f 2240 2239 2151
f 2241 2152 2153
f 2241 2240 2152
f 2242 2153 2154
f 2242 2241 2153
f 2243 2154 2155
f 2243 2242 2154
f 2244 2155 2156
f 2244 2243 2155
f 2245 2156 2157
f 2245 2244 2156
f 2246 2157 2158
f 2246 2245 2157
f 2247 2158 2159
f 2247 2246 2158
f 2248 2159 2160
f 2248 2247 2159
f 2249 2160 2161
f 2249 2248 2160
f 2250 2161 2162
f 2250 2249 2161
f 2251 2162 2163
f 2251 2250 2162
f 2252 2163 2164
f 2252 2251 2163
f 2164 2126 2214
f 2164 2214 2252
f 2254 2253 2165
f 2254 2165 2166
f 2165 2255 2167
f 2253 2255 2165
f 2167 2256 2168
f 2255 2256 2167
f 2168 2257 2169
f 2256 2257 2168
f 2169 2258 2170
f 2257 2258 2169
f 2170 2259 2171
f 2258 2259 2170
f 2171 2260 2172
f 2259 2260 2171
f 2172 2261 2173
f 2260 2261 2172
f 2173 2262 2174
f 2261 2262 2173
f 2174 2263 2175
f 2262 2263 2174
f 2175 2264 2176
f 2263 2264 2175
f 2176 2265 2177
f 2264 2265 2176
f 2177 2266 2178
f 2265 2266 2177
f 2178 2267 2179
f 2266 2267 2178
f 2179 2268 2180
f 2267 2268 2179
f 2180 2269 2181
f 2268 2269 2180
f 2181 2270 2182
f 2269 2270 2181
f 2182 2271 2183
f 2270 2271 2182
f 2183 2272 2184
f 2271 2272 2183
f 2184 2273 2185
f 2272 2273 2184
f 2185 2274 2186
f 2273 2274 2185
f 2186 2275 2187
f 2274 2275 2186
f 2187 2276 2188
f 2275 2276 2187
f 2188 2277 2189
f 2276 2277 2188
f 2189 2278 2190
f 2277 2278 2189
f 2190 2279 2191
f 2278 2279 2190
f 2191 2280 2192
f 2279 2280 2191
f 2192 2281 2193
f 2280 2281 2192
f 2193 2282 2194
f 2281 2282 2193
f 2194 2283 2195
f 2282 2283 2194
f 2195 2284 2196
f 2283 2284 2195
f 2196 2285 2197
f 2284 2285 2196
f 2197 2286 2198
f 2285 2286 2197
f 2198 2287 2199
f 2286 2287 2198
f 2199 2288 2200
f 2287 2288 2199
f 2200 2289 2201
f 2288 2289 2200
f 2201 2290 2202
f 2289 2290 2201
f 2202 2291 2203
f 2290 2291 2202
f 2204 2203 2291
f 2204 2291 2292
f 2205 2254 2166
f 2205 2293 2254
f 2292 2206 2204
f 2294 2206 2292
f 2207 2293 2205
f 2207 2295 2293
f 2294 2208 2206
f 2296 2208 2294
f 2209 2295 2207
f 2209 2297 2295
f 2296 2210 2208
f 2298 2210 2296
f 2211 2297 2209
f 2211 2299 2297
f 2298 2212 2210
f 2300 2212 2298
f 2213 2299 2211
f 2213 2301 2299
f 2300 2214 2212
f 2302 2214 2300
f 2303 2301 2213
f 2303 2213 2215
f 2304 2215 2216
f 2304 2303 2215
f 2305 2216 2217
f 2305 2304 2216
f 2306 2217 2218
f 2306 2305 2217
f 2307 2218 2219
f 2307 2306 2218
f 2308 2219 2220
f 2308 2307 2219
f 2309 2220 2221
f 2309 2308 2220
f 2310 2221 2222
f 2310 2309 2221
f 2311 2222 2223
f 2311 2310 2222
f 2312 2223 2224
f 2312 2311 2223
f 2313 2224 2225
f 2313 2312 2224
f 2314 2225 2226
f 2314 2313 2225
f 2315 2226 2227
f 2315 2314 2226
f 2316 2227 2228
f 2316 2315 2227
f 2317 2228 2229
f 2317 2316 2228
f 2318 2229 2230
f 2318 2317 2229
f 2319 2230 2231
f 2319 2318 2230
f 2320 2231 2232
f 2320 2319 2231
f 2321 2232 2233
f 2321 2320 2232
f 2322 2233 2234
f 2322 2321 2233
f 2323 2234 2235
f 2323 2322 2234
f 2324 2235 2236
f 2324 2323 2235
f 2325 2236 2237
f 2325 2324 2236
f 2326 2237 2238
f 2326 2325 2237
f 2327 2238 2239
f 2327 2326 2238
f 2328 2239 2240
f 2328 2327 2239
f 2329 2240 2241
f 2329 2328 2240
f 2330 2241 2242
f 2330 2329 2241
f 2331 2242 2243
f 2331 2330 2242
f 2332 2243 2244
f 2332 2331 2243
f 2333 2244 2245
f 2333 2332 2244
f 2334 2245 2246
f 2334 2333 2245
f 2335 2246 2247
f 2335 2334 2246
f 2336 2247 2248
f 2336 2335 2247
f 2337 2248 2249
f 2337 2336 2248
f 2338 2249 2250
f 2338 2337 2249
f 2339 2250 2251
f 2339 2338 2250
f 2340 2251 2252
f 2340 2339 2251
f 2252 2214 2302
f 2252 2302 2340
f 2342 2341 2253
f 2342 2253 2254
f 2253 2343 2255
f 2341 2343 2253
f 2255 2344 2256
f 2343 2344 2255
f 2256 2345 2257
f 2344 2345 2256
f 2257 2346 2258
f 2345 2346 2257
f 2258 2347 2259
f 2346 2347 2258
f 2259 2348 2260
f 2347 2348 2259
f 2260 2349 2261
f 2348 2349 2260
f 2261 2350 2262
f 2349 2350 2261
f 2262 2351 2263
f 2350 2351 2262
f 2263 2352 2264
f 2351 2352 2263
f 2264 2353 2265
f 2352 2353 2264
f 2265 2354 2266
f 2353 2354 2265
f 2266 2355 2267
f 2354 2355 2266
f 2267 2356 2268
f 2355 2356 2267
f 2268 2357 2269
f 2356 2357 2268
f 2269 2358 2270
f 2357 2358 2269
f 2270 2359 2271
f 2358 2359 2270
f 2271 2360 2272
f 2359 2360 2271
f 2272 2361 2273
f 2360 2361 2272
f 2273 2362 2274
f 2361 2362 2273
f 2274 2363 2275
f 2362 2363 2274
f 2275 2364 2276
f 2363 2364 2275
f 2276 2365 2277
f 2364 2365 2276
f 2277 2366 2278
f 2365 2366 2277
f 2278 2367 2279
f 2366 2367 2278
f 2279 2368 2280
f 2367 2368 2279
f 2280 2369 2281
f 2368 2369 2280
f 2281 2370 2282
f 2369 2370 2281
f 2282 2371 2283
f 2370 2371 2282
f 2283 2372 2284
f 2371 2372 2283
f 2284 2373 2285
f 2372 2373 2284
f 2285 2374 2286
f 2373 2374 2285
f 2286 2375 2287
f 2374 2375 2286
f 2287 2376 2288
f 2375 2376 2287
f 2288 2377 2289
f 2376 2377 2288
f 2289 2378 2290
f 2377 2378 2289
f 2290 2379 2291
f 2378 2379 2290
f 2292 2291 2379
f 2292 2379 2380
f 2293 2342 2254
f 2293 2381 2342
f 2380 2294 2292
f 2382 2294 2380
f 2295 2381 2293
f 2295 2383 2381
f 2382 2296 2294
f 2384 2296 2382
f 2297 2383 2295
f 2297 2385 2383
f 2384 2298 2296
f 2386 2298 2384
f 2299 2385 2297
f 2299 2387 2385
f 2386 2300 2298
f 2388 2300 2386
f 2301 2387 2299
f 2301 2389 2387
f 2388 2302 2300
f 2390 2302 2388
f 2391 2389 2301
f 2391 2301 2303
f 2392 2303 2304
f 2392 2391 2303
f 2393 2304 2305
f 2393 2392 2304
f 2394 2305 2306
f 2394 2393 2305
f 2395 2306 2307
f 2395 2394 2306
f 2396 2307 2308
f 2396 2395 2307
f 2397 2308 2309
f 2397 2396 2308
f 2398 2309 2310
f 2398 2397 2309
f 2399 2310 2311
f 2399 2398 2310
f 2400 2311 2312
f 2400 2399 2311
f 2401 2312 2313
f 2401 2400 2312
f 2402 2313 2314
f 2402 2401 2313
f 2403 2314 2315
f 2403 2402 2314
f 2404 2315 2316
f 2404 2403 2315
f 2405 2316 2317
f 2405 2404 2316
f 2406 2317 2318
f 2406 2405 2317
f 2407 2318 2319
f 2407 2406 2318
f 2408 2319 2320
f 2408 2407 2319
f 2409 2320 2321
f 2409 2408 2320
f 2410 2321 2322
f 2410 2409 2321
f 2411 2322 2323
f 2411 2410 2322
f 2412 2323 2324
f 2412 2411 2323
f 2413 2324 2325
f 2413 2412 2324
f 2414 2325 2326
f 2414 2413 2325
f 2415 2326 2327
f 2415 2414 2326
f 2416 2327 2328
f 2416 2415 2327
f 2417 2328 2329
f 2417 2416 2328
f 2418 2329 2330
f 2418 2417 2329
f 2419 2330 2331
f 2419 2418 2330
f 2420 2331 2332
f 2420 2419 2331
f 2421 2332 2333
f 2421 2420 2332
f 2422 2333 2334
f 2422 2421 2333
f 2423 2334 2335
f 2423 2422 2334
f 2424 2335 2336
f 2424 2423 2335
f 2425 2336 2337
f 2425 2424 2336
f 2426 2337 2338
f 2426 2425 2337
f 2427 2338 2339
f 2427 2426 2338
f 2428 2339 2340
f 2428 2427 2339
f 2340 2302 2390
f 2340 2390 2428
f 2430 2429 2341
f 2430 2341 2342
f 2341 2431 2343
f 2429 2431 2341
f 2343 2432 2344
f 2431 2432 2343
f 2344 2433 2345
f 2432 2433 2344
f 2345 2434 2346
f 2433 2434 2345
f 2346 2435 2347
f 2434 2435 2346
f 2347 2436 2348
f 2435 2436 2347
f 2348 2437 2349
f 2436 2437 2348
f 2349 2438 2350
f 2437 2438 2349
f 2350 2439 2351
f 2438 2439 2350
f 2351 2440 2352
f 2439 2440 2351
f 2352 2441 2353
f 2440 2441 2352
f 2353 2442 2354
f 2441 2442 2353
f 2354 2443 2355
f 2442 2443 2354
f 2355 2444 2356
f 2443 2444 2355
f 2356 2445 2357
f 2444 2445 2356
f 2357 2446 2358
f 2445 2446 2357
f 2358 2447 2359
f 2446 2447 2358
f 2359 2448 2360
f 2447 2448 2359
f 2360 2449 2361
f 2448 2449 2360
f 2361 2450 2362
f 2449 2450 2361
f 2362 2451 2363
f 2450 2451 2362
f 2363 2452 2364
f 2451 2452 2363
f 2364 2453 2365
f 2452 2453 2364
f 2365 2454 2366
f 2453 2454 2365
f 2366 2455 2367
f 2454 2455 2366
f 2367 2456 2368
f 2455 2456 2367
f 2368 2457 2369
f 2456 2457 2368
f 2369 2458 2370
f 2457 2458 2369
f 2370 2459 2371
f 2458 2459 2370
f 2371 2460 2372
f 2459 2460 2371
f 2372 2461 2373
f 2460 2461 2372
f 2373 2462 2374
f 2461 2462 2373
f 2374 2463 2375
f 2462 2463 2374
f 2375 2464 2376
f 2463 2464 2375
f 2376 2465 2377
f 2464 2465 2376
f 2377 2466 2378
f 2465 2466 2377
f 2378 2467 2379
f 2466 2467 2378
f 2380 2379 2467
f 2380 2467 2468
f 2381 2430 2342
f 2381 2469 2430
f 2468 2382 2380
f 2470 2382 2468
f 2383 2469 2381
f 2383 2471 2469
f 2470 2384 2382
f 2472 2384 2470
f 2385 2471 2383
f 2385 2473 2471
f 2472 2386 2384
f 2474 2386 2472
f 2387 2473 2385
f 2387 2475 2473
f 2474 2388 2386
f 2476 2388 2474
f 2389 2475 2387
f 2389 2477 2475
f 2476 2390 2388
f 2478 2390 2476
f 2479 2477 2389
f 2479 2389 2391
f 2480 2391 2392
f 2480 2479 2391
f 2481 2392 2393
f 2481 2480 2392
f 2482 2393 2394
f 2482 2481 2393
f 2483 2394 2395
f 2483 2482 2394
f 2484 2395 2396
f 2484 2483 2395
f 2485 2396 2397
f 2485 2484 2396
f 2486 2397 2398
f 2486 2485 2397
f 2487 2398 2399
f 2487 2486 2398
f 2488 2399 2400
f 2488 2487 2399
f 2489 2400 2401
f 2489 2488 2400
f 2490 2401 2402
f 2490 2489 2401
f 2491 2402 2403
f 2491 2490 2402
f 2492 2403 2404
f 2492 2491 2403
f 2493 2404 2405
f 2493 2492 2404
f 2494 2405 2406
f 2494 2493 2405
f 2495 2406 2407
f 2495 2494 2406
f 2496 2407 2408
f 2496 2495 2407
f 2497 2408 2409
f 2497 2496 2408
f 2498 2409 2410
f 2498 2497 2409
f 2499 2410 2411
f 2499 2498 2410
f 2500 2411 2412
f 2500 2499 2411
f 2501 2412 2413
f 2501 2500 2412
f 2502 2413 2414
f 2502 2501 2413
f 2503 2414 2415
f 2503 2502 2414
f 2504 2415 2416
f 2504 2503 2415
f 2505 2416 2417
f 2505 2504 2416
f 2506 2417 2418
f 2506 2505 2417
f 2507 2418 2419
f 2507 2506 2418
f 2508 2419 2420
f 2508 2507 2419
f 2509 2420 2421
f 2509 2508 2420
f 2510 2421 2422
f 2510 2509 2421
f 2511 2422 2423
f 2511 2510 2422
f 2512 2423 2424
f 2512 2511 2423
f 2513 2424 2425
f 2513 2512 2424
f 2514 2425 2426
f 2514 2513 2425
f 2515 2426 2427
f 2515 2514 2426
f 2516 2427 2428
f 2516 2515 2427
f 2428 2390 2478
f 2428 2478 2516
f 2518 2517 2429
f 2518 2429 2430
f 2429 2519 2431
f 2517 2519 2429
f 2431 2520 2432
f 2519 2520 2431
f 2432 2521 2433
f 2520 2521 2432
f 2433 2522 2434
f 2521 2522 2433
f 2434 2523 2435
f 2522 2523 2434
f 2435 2524 2436
f 2523 2524 2435
f 2436 2525 2437
f 2524 2525 2436
f 2437 2526 2438
f 2525 2526 2437
f 2438 2527 2439
f 2526 2527 2438
f 2439 2528 2440
f 2527 2528 2439
f 2440 2529 2441
f 2528 2529 2440
f 2441 2530 2442
f 2529 2530 2441
f 2442 2531 2443
f 2530 2531 2442
f 2443 2532 2444
f 2531 2532 2443
f 2444 2533 2445
f 2532 2533 2444
f 2445 2534 2446
f 2533 2534 2445
f 2446 2535 2447
f 2534 2535 2446
f 2447 2536 2448
f 2535 2536 2447
f 2448 2537 2449
f 2536 2537 2448
f 2449 2538 2450
f 2537 2538 2449
f 2450 2539 2451
f 2538 2539 2450
f 2451 2540 2452
f 2539 2540 2451
f 2452 2541 2453
f 2540 2541 2452
f 2453 2542 2454
f 2541 2542 2453
f 2454 2543 2455
f 2542 2543 2454
f 2455 2544 2456
f 2543 2544 2455
f 2456 2545 2457
f 2544 2545 2456
f 2457 2546 2458
f 2545 2546 2457
f 2458 2547 2459
f 2546 2547 2458
f 2459 2548 2460
f 2547 2548 2459
f 2460 2549 2461
f 2548 2549 2460
f 2461 2550 2462
f 2549 2550 2461
f 2462 2551 2463
f 2550 2551 2462
f 2463 2552 2464
f 2551 2552 2463
f 2464 2553 2465
f 2552 2553 2464
f 2465 2554 2466
f 2553 2554 2465
f 2466 2555 2467
f 2554 2555 2466
f 2468 2467 2555
f 2468 2555 2556
f 2469 2518 2430
f 2469 2557 2518
f 2556 2470 2468
f 2558 2470 2556
f 2471 2557 2469
f 2471 2559 2557
f 2558 2472 2470
f 2560 2472 2558
f 2473 2559 2471
f 2473 2561 2559
f 2560 2474 2472
f 2562 2474 2560
f 2475 2561 2473
f 2475 2563 2561
f 2562 2476 2474
f 2564 2476 2562
f 2477 2563 2475
f 2477 2565 2563
f 2564 2478 2476
f 2566 2478 2564
f 2567 2565 2477
f 2567 2477 2479
f 2568 2479 2480
f 2568 2567 2479
f 2569 2480 2481
f 2569 2568 2480
f 2570 2481 2482
f 2570 2569 2481
f 2571 2482 2483
f 2571 2570 2482
f 2572 2483 2484
f 2572 2571 2483
f 2573 2484 2485
f 2573 2572 2484
f 2574 2485 2486
f 2574 2573 2485
f 2575 2486 2487
f 2575 2574 2486
f 2576 2487 2488
f 2576 2575 2487
f 2577 2488 2489
f 2577 2576 2488
f 2578 2489 2490
f 2578 2577 2489
f 2579 2490 2491
f 2579 2578 2490
f 2580 2491 2492
f 2580 2579 2491
f 2581 2492 2493
f 2581 2580 2492
f 2582 2493 2494
f 2582 2581 2493
f 2583 2494 2495
f 2583 2582 2494
f 2584 2495 2496
f 2584 2583 2495
f 2585 2496 2497
f 2585 2584 2496
f 2586 2497 2498
f 2586 2585 2497
f 2587 2498 2499
f 2587 2586 2498
f 2588 2499 2500
f 2588 2587 2499
f 2589 2500 2501
f 2589 2588 2500
f 2590 2501 2502
f 2590 2589 2501
f 2591 2502 2503
f 2591 2590 2502
f 2592 2503 2504
f 2592 2591 2503
f 2593 2504 2505
f 2593 2592 2504
f 2594 2505 2506
f 2594 2593 2505
f 2595 2506 2507
f 2595 2594 2506
f 2596 2507 2508
f 2596 2595 2507
f 2597 2508 2509
f 2597 2596 2508
f 2598 2509 2510
f 2598 2597 2509
f 2599 2510 2511
f 2599 2598 2510
f 2600 2511 2512
f 2600 2599 2511
f 2601 2512 2513
f 2601 2600 2512
f 2602 2513 2514
f 2602 2601 2513
f 2603 2514 2515
f 2603 2602 2514
f 2604 2515 2516
f 2604 2603 2515
f 2516 2478 2566
f 2516 2566 2604
f 2606 2605 2517
f 2606 2517 2518
f 2517 2607 2519
f 2605 2607 2517
f 2519 2608 2520
f 2607 2608 2519
f 2520 2609 2521
f 2608 2609 2520
f 2521 2610 2522
f 2609 2610 2521
f 2522 2611 2523
f 2610 2611 2522
f 2523 2612 2524
f 2611 2612 2523
f 2524 2613 2525
f 2612 2613 2524
f 2525 2614 2526
f 2613 2614 2525
f 2526 2615 2527
f 2614 2615 2526
f 2527 2616 2528
f 2615 2616 2527
f 2528 2617 2529
f 2616 2617 2528
f 2529 2618 2530
f 2617 2618 2529
f 2530 2619 2531
f 2618 2619 2530
f 2531 2620 2532
f 2619 2620 2531
f 2532 2621 2533
f 2620 2621 2532
f 2533 2622 2534
f 2621 2622 2533
f 2534 2623 2535
f 2622 2623 2534
f 2535 2624 2536
f 2623 2624 2535
f 2536 2625 2537
f 2624 2625 2536
f 2537 2626 2538
f 2625 2626 2537
f 2538 2627 2539
f 2626 2627 2538
f 2539 2628 2540
f 2627 2628 2539
f 2540 2629 2541
f 2628 2629 2540
f 2541 2630 2542
f 2629 2630 2541
f 2542 2631 2543
f 2630 2631 2542
f 2543 2632 2544
f 2631 2632 2543
f 2544 2633 2545
f 2632 2633 2544
f 2545 2634 2546
f 2633 2634 2545
f 2546 2635 2547
f 2634 2635 2546
f 2547 2636 2548
f 2635 2636 2547
f 2548 2637 2549
f 2636 2637 2548
f 2549 2638 2550
f 2637 2638 2549
f 2550 2639 2551
f 2638 2639 2550
f 2551 2640 2552
f 2639 2640 2551
f 2552 2641 2553
f 2640 2641 2552
f 2553 2642 2554
f 2641 2642 2553
f 2554 2643 2555
f 2642 2643 2554
f 2556 2555 2643
f 2556 2643 2644
f 2557 2606 2518
f 2557 2645 2606
f 2644 2558 2556
f 2646 2558 2644
f 2559 2645 2557
f 2559 2647 2645
f 2646 2560 2558
f 2648 2560 2646
f 2561 2647 2559
f 2561 2649 2647
f 2648 2562 2560
f 2650 2562 2648
f 2563 2649 2561
f 2563 2651 2649
f 2650 2564 2562
f 2652 2564 2650
f 2565 2651 2563
f 2565 2653 2651
f 2652 2566 2564
f 2654 2566 2652
f 2655 2653 2565
f 2655 2565 2567
f 2656 2567 2568
f 2656 2655 2567
f 2657 2568 2569
f 2657 2656 2568
f 2658 2569 2570
f 2658 2657 2569
f 2659 2570 2571
f 2659 2658 2570
f 2660 2571 2572
f 2660 2659 2571
f 2661 2572 2573
f 2661 2660 2572
f 2662 2573 2574
f 2662 2661 2573
f 2663 2574 2575
f 2663 2662 2574
f 2664 2575 2576
f 2664 2663 2575
f 2665 2576 2577
f 2665 2664 2576
f 2666 2577 2578
f 2666 2665 2577
f 2667 2578 2579
f 2667 2666 2578
f 2668 2579 2580
f 2668 2667 2579
f 2669 2580 2581
f 2669 2668 2580
f 2670 2581 2582
f 2670 2669 2581
f 2671 2582 2583
f 2671 2670 2582
f 2672 2583 2584
f 2672 2671 2583
f 2673 2584 2585
f 2673 2672 2584
f 2674 2585 2586
f 2674 2673 2585
f 2675 2586 2587
f 2675 2674 2586
f 2676 2587 2588
f 2676 2675 2587
f 2677 2588 2589
f 2677 2676 2588
f 2678 2589 2590
f 2678 2677 2589
f 2679 2590 2591
f 2679 2678 2590
f 2680 2591 2592
f 2680 2679 2591
f 2681 2592 2593
f 2681 2680 2592
f 2682 2593 2594
f 2682 2681 2593
f 2683 2594 2595
f 2683 2682 2594
f 2684 2595 2596
f 2684 2683 2595
f 2685 2596 2597
f 2685 2684 2596
f 2686 2597 2598
f 2686 2685 2597
f 2687 2598 2599
f 2687 2686 2598
f 2688 2599 2600
f 2688 2687 2599
f 2689 2600 2601
f 2689 2688 2600
f 2690 2601 2602
f 2690 2689 2601
f 2691 2602 2603
f 2691 2690 2602
f 2692 2603 2604
f 2692 2691 2603
f 2604 2566 2654
f 2604 2654 2692
f 2694 2693 2605
f 2694 2605 2606
f 2605 2695 2607
f 2693 2695 2605
f 2607 2696 2608
f 2695 2696 2607
f 2608 2697 2609
f 2696 2697 2608
f 2609 2698 2610
f 2697 2698 2609
f 2610 2699 2611
f 2698 2699 2610
f 2611 2700 2612
f 2699 2700 2611
f 2612 2701 2613
f 2700 2701 2612
f 2613 2702 2614
f 2701 2702 2613
f 2614 2703 2615
f 2702 2703 2614
f 2615 2704 2616
f 2703 2704 2615
f 2616 2705 2617
f 2704 2705 2616
f 2617 2706 2618
f 2705 2706 2617
f 2618 2707 2619
f 2706 2707 2618
f 2619 2708 2620
f 2707 2708 2619
f 2620 2709 2621
f 2708 2709 2620
f 2621 2710 2622
f 2709 2710 2621
f 2622 2711 2623
f 2710 2711 2622
f 2623 2712 2624
f 2711 2712 2623
f 2624 2713 2625
f 2712 2713 2624
f 2625 2714 2626
f 2713 2714 2625
f 2626 2715 2627
f 2714 2715 2626
f 2627 2716 2628
f 2715 2716 2627
f 2628 2717 2629
f 2716 2717 2628
f 2629 2718 2630
f 2717 2718 2629
f 2630 2719 2631
f 2718 2719 2630
f 2631 2720 2632
f 2719 2720 2631
f 2632 2721 2633
f 2720 2721 2632
f 2633 2722 2634
f 2721 2722 2633
f 2634 2723 2635
f 2722 2723 2634
f 2635 2724 2636
f 2723 2724 2635
f 2636 2725 2637
f 2724 2725 2636
f 2637 2726 2638
f 2725 2726 2637
f 2638 2727 2639
f 2726 2727 2638
f 2639 2728 2640
f 2727 2728 2639
f 2640 2729 2641
f 2728 2729 2640
f 2641 2730 2642
f 2729 2730 2641
f 2642 2731 2643
f 2730 2731 2642
f 2644 2643 2731
f 2644 2731 2732
f 2645 2694 2606
f 2645 2733 2694
f 2732 2646 2644
f 2734 2646 2732
f 2647 2733 2645
f 2647 2735 2733
f 2734 2648 2646
f 2736 2648 2734
f 2649 2735 2647
f 2649 2737 2735
f 2736 2650 2648
f 2738 2650 2736
f 2651 2737 2649
f 2651 2739 2737
f 2738 2652 2650
f 2740 2652 2738
f 2653 2739 2651
f 2653 2741 2739
f 2740 2654 2652
f 2742 2654 2740
f 2743 2741 2653
f 2743 2653 2655
f 2744 2655 2656
f 2744 2743 2655
f 2745 2656 2657
f 2745 2744 2656
f 2746 2657 2658
f 2746 2745 2657
f 2747 2658 2659
f 2747 2746 2658
f 2748 2659 2660
f 2748 2747 2659
f 2749 2660 2661
f 2749 2748 2660
f 2750 2661 2662
f 2750 2749 2661
f 2751 2662 2663
f 2751 2750 2662
f 2752 2663 2664
f 2752 2751 2663
f 2753 2664 2665
f 2753 2752 2664
f 2754 2665 2666
f 2754 2753 2665
f 2755 2666 2667
f 2755 2754 2666
f 2756 2667 2668
f 2756 2755 2667
f 2757 2668 2669
f 2757 2756 2668
f 2758 2669 2670
f 2758 2757 2669
f 2759 2670 2671
f 2759 2758 2670
f 2760 2671 2672
f 2760 2759 2671
f 2761 2672 2673
f 2761 2760 2672
f 2762 2673 2674
f 2762 2761 2673
f 2763 2674 2675
f 2763 2762 2674
f 2764 2675 2676
f 2764 2763 2675
f 2765 2676 2677
f 2765 2764 2676
f 2766 2677 2678
f 2766 2765 2677
f 2767 2678 2679
f 2767 2766 2678
f 2768 2679 2680
f 2768 2767 2679
f 2769 2680 2681
f 2769 2768 2680
f 2770 2681 2682
f 2770 2769 2681
f 2771 2682 2683
f 2771 2770 2682
f 2772 2683 2684
f 2772 2771 2683
f 2773 2684 2685
f 2773 2772 2684
f 2774 2685 2686
f 2774 2773 2685
f 2775 2686 2687
f 2775 2774 2686
f 2776 2687 2688
f 2776 2775 2687
f 2777 2688 2689
f 2777 2776 2688
f 2778 2689 2690
f 2778 2777 2689
f 2779 2690 2691
f 2779 2778 2690
f 2780 2691 2692
f 2780 2779 2691
f 2692 2654 2742
f 2692 2742 2780
f 2782 2781 2693
f 2782 2693 2694
f 2693 2783 2695
f 2781 2783 2693
f 2695 2784 2696
f 2783 2784 2695
f 2696 2785 2697
f 2784 2785 2696
f 2697 2786 2698
f 2785 2786 2697
f 2698 2787 2699
f 2786 2787 2698
f 2699 2788 2700
f 2787 2788 2699
f 2700 2789 2701
f 2788 2789 2700
f 2701 2790 2702
f 2789 2790 2701
f 2702 2791 2703
f 2790 2791 2702
f 2703 2792 2704
f 2791 2792 2703
f 2704 2793 2705
f 2792 2793 2704
f 2705 2794 2706
f 2793 2794 2705
f 2706 2795 2707
f 2794 2795 2706
f 2707 2796 2708
f 2795 2796 2707
f 2708 2797 2709
f 2796 2797 2708
f 2709 2798 2710
f 2797 2798 2709
f 2710 2799 2711
f 2798 2799 2710
f 2711 2800 2712
f 2799 2800 2711
f 2712 2801 2713
f 2800 2801 2712
f 2713 2802 2714
f 2801 2802 2713
f 2714 2803 2715
f 2802 2803 2714
f 2715 2804 2716
f 2803 2804 2715
f 2716 2805 2717
f 2804 2805 2716
f 2717 2806 2718
f 2805 2806 2717
f 2718 2807 2719
f 2806 2807 2718
f 2719 2808 2720
f 2807 2808 2719
f 2720 2809 2721
f 2808 2809 2720
f 2721 2810 2722
f 2809 2810 2721
f 2722 2811 2723
f 2810 2811 2722
f 2723 2812 2724
f 2811 2812 2723
f 2724 2813 2725
f 2812 2813 2724
f 2725 2814 2726
f 2813 2814 2725
f 2726 2815 2727
f 2814 2815 2726
f 2727 2816 2728
f 2815 2816 2727
f 2728 2817 2729
f 2816 2817 2728
f 2729 2818 2730
f 2817 2818 2729
f 2730 2819 2731
f 2818 2819 2730
f 2732 2731 2819
f 2732 2819 2820
f 2733 2782 2694
f 2733 2821 2782
f 2820 2734 2732
f 2822 2734 2820
f 2735 2821 2733
f 2735 2823 2821
f 2822 2736 2734
f 2824 2736 2822
f 2737 2823 2735
f 2737 2825 2823
f 2824 2738 2736
f 2826 2738 2824
f 2739 2825 2737
f 2739 2827 2825
f 2826 2740 2738
f 2828 2740 2826
f 2741 2827 2739
f 2741 2829 2827
f 2828 2742 2740
f 2830 2742 2828
f 2831 2829 2741
f 2831 2741 2743
f 2832 2743 2744
f 2832 2831 2743
f 2833 2744 2745
f 2833 2832 2744
f 2834 2745 2746
f 2834 2833 2745
f 2835 2746 2747
f 2835 2834 2746
f 2836 2747 2748
f 2836 2835 2747
f 2837 2748 2749
f 2837 2836 2748
f 2838 2749 2750
f 2838 2837 2749
f 2839 2750 2751
f 2839 2838 2750
f 2840 2751 2752
f 2840 2839 2751
f 2841 2752 2753
f 2841 2840 2752
f 2842 2753 2754
f 2842 2841 2753
f 2843 2754 2755
f 2843 2842 2754
f 2844 2755 2756
f 2844 2843 2755
f 2845 2756 2757
f 2845 2844 2756
f 2846 2757 2758
f 2846 2845 2757
f 2847 2758 2759
f 2847 2846 2758
f 2848 2759 2760
f 2848 2847 2759
f 2849 2760 2761
f 2849 2848 2760
f 2850 2761 2762
f 2850 2849 2761
f 2851 2762 2763
f 2851 2850 2762
f 2852 2763 2764
f 2852 2851 2763
f 2853 2764 2765
f 2853 2852 2764
f 2854 2765 2766
f 2854 2853 2765
f 2855 2766 2767
f 2855 2854 2766
f 2856 2767 2768
f 2856 2855 2767
f 2857 2768 2769
f 2857 2856 2768
f 2858 2769 2770
f 2858 2857 2769
f 2859 2770 2771
f 2859 2858 2770
f 2860 2771 2772
f 2860 2859 2771
f 2861 2772 2773
f 2861 2860 2772
f 2862 2773 2774
f 2862 2861 2773
f 2863 2774 2775
f 2863 2862 2774
f 2864 2775 2776
f 2864 2863 2775
f 2865 2776 2777
f 2865 2864 2776
f 2866 2777 2778
f 2866 2865 2777
f 2867 2778 2779
f 2867 2866 2778
f 2868 2779 2780
f 2868 2867 2779
f 2780 2742 2830
f 2780 2830 2868
f 2870 2869 2781
f 2870 2781 2782
f 2781 2871 2783
f 2869 2871 2781
f 2783 2872 2784
f 2871 2872 2783
f 2784 2873 2785
f 2872 2873 2784
f 2785 2874 2786
f 2873 2874 2785
f 2786 2875 2787
f 2874 2875 2786
f 2787 2876 2788
f 2875 2876 2787
f 2788 2877 2789
f 2876 2877 2788
f 2789 2878 2790
f 2877 2878 2789
f 2790 2879 2791
f 2878 2879 2790
f 2791 2880 2792
f 2879 2880 2791
f 2792 2881 2793
f 2880 2881 2792
f 2793 2882 2794
f 2881 2882 2793
f 2794 2883 2795
f 2882 2883 2794
f 2795 2884 2796
f 2883 2884 2795
f 2796 2885 2797
f 2884 2885 2796
f 2797 2886 2798
f 2885 2886 2797
f 2798 2887 2799
f 2886 2887 2798
f 2799 2888 2800
f 2887 2888 2799
f 2800 2889 2801
f 2888 2889 2800
f 2801 2890 2802
f 2889 2890 2801
f 2802 2891 2803
f 2890 2891 2802
f 2803 2892 2804
f 2891 2892 2803
f 2804 2893 2805
f 2892 2893 2804
f 2805 2894 2806
f 2893 2894 2805
f 2806 2895 2807
f 2894 2895 2806
f 2807 2896 2808
f 2895 2896 2807
f 2808 2897 2809
f 2896 2897 2808
f 2809 2898 2810
f 2897 2898 2809
f 2810 2899 2811
f 2898 2899 2810
f 2811 2900 2812
f 2899 2900 2811
f 2812 2901 2813
f 2900 2901 2812
f 2813 2902 2814
f 2901 2902 2813
f 2814 2903 2815
f 2902 2903 2814
f 2815 2904 2816
f 2903 2904 2815
f 2816 2905 2817
f 2904 2905 2816
f 2817 2906 2818
f 2905 2906 2817
f 2818 2907 2819
f 2906 2907 2818
f 2820 2819 2907
f 2820 2907 2908
f 2821 2870 2782
f 2821 2909 2870
f 2908 2822 2820
f 2910 2822 2908
f 2823 2909 2821
f 2823 2911 2909
f 2910 2824 2822
f 2912 2824 2910
f 2825 2911 2823
f 2825 2913 2911
f 2912 2826 2824
f 2914 2826 2912
f 2827 2913 2825
f 2827 2915 2913
f 2914 2828 2826
f 2916 2828 2914
f 2829 2915 2827
f 2829 2917 2915
f 2916 2830 2828
f 2918 2830 2916
f 2919 2917 2829
f 2919 2829 2831
f 2920 2831 2832
f 2920 2919 2831
f 2921 2832 2833
f 2921 2920 2832
f 2922 2833 2834
f 2922 2921 2833
f 2923 2834 2835
f 2923 2922 2834
f 2924 2835 2836
f 2924 2923 2835
f 2925 2836 2837
f 2925 2924 2836
f 2926 2837 2838
f 2926 2925 2837
f 2927 2838 2839
f 2927 2926 2838
f 2928 2839 2840
f 2928 2927 2839
f 2929 2840 2841
f 2929 2928 2840
f 2930 2841 2842
f 2930 2929 2841
f 2931 2842 2843
f 2931 2930 2842
f 2932 2843 2844
f 2932 2931 2843
f 2933 2844 2845
f 2933 2932 2844
f 2934 2845 2846
f 2934 2933 2845
f 2935 2846 2847
f 2935 2934 2846
f 2936 2847 2848
f 2936 2935 2847
f 2937 2848 2849
f 2937 2936 2848
f 2938 2849 2850
f 2938 2937 2849
f 2939 2850 2851
f 2939 2938 2850
f 2940 2851 2852
f 2940 2939 2851
f 2941 2852 2853
f 2941 2940 2852
f 2942 2853 2854
f 2942 2941 2853
f 2943 2854 2855
f 2943 2942 2854
f 2944 2855 2856
f 2944 2943 2855
f 2945 2856 2857
f 2945 2944 2856
f 2946 2857 2858
f 2946 2945 2857
f 2947 2858 2859
f 2947 2946 2858
f 2948 2859 2860
f 2948 2947 2859
f 2949 2860 2861
f 2949 2948 2860
f 2950 2861 2862
f 2950 2949 2861
f 2951 2862 2863
f 2951 2950 2862
f 2952 2863 2864
f 2952 2951 2863
f 2953 2864 2865
f 2953 2952 2864
f 2954 2865 2866
f 2954 2953 2865
f 2955 2866 2867
f 2955 2954 2866
f 2956 2867 2868
f 2956 2955 2867
f 2868 2830 2918
f 2868 2918 2956
f 2958 2957 2869
f 2958 2869 2870
f 2869 2959 2871
f 2957 2959 2869
f 2871 2960 2872
f 2959 2960 2871
f 2872 2961 2873
f 2960 2961 2872
f 2873 2962 2874
f 2961 2962 2873
f 2874 2963 2875
f 2962 2963 2874
f 2875 2964 2876
f 2963 2964 2875
f 2876 2965 2877
f 2964 2965 2876
f 2877 2966 2878
f 2965 2966 2877
f 2878 2967 2879
f 2966 2967 2878
f 2879 2968 2880
f 2967 2968 2879
f 2880 2969 2881
f 2968 2969 2880
f 2881 2970 2882
f 2969 2970 2881
f 2882 2971 2883
f 2970 2971 2882
f 2883 2972 2884
f 2971 2972 2883
f 2884 2973 2885
f 2972 2973 2884
f 2885 2974 2886
f 2973 2974 2885
f 2886 2975 2887
f 2974 2975 2886
f 2887 2976 2888
f 2975 2976 2887
f 2888 2977 2889
f 2976 2977 2888
f 2889 2978 2890
f 2977 2978 2889
f 2890 2979 2891
f 2978 2979 2890
f 2891 2980 2892
f 2979 2980 2891
f 2892 2981 2893
f 2980 2981 2892
f 2893 2982 2894
f 2981 2982 2893
f 2894 2983 2895
f 2982 2983 2894
f 2895 2984 2896
f 2983 2984 2895
f 2896 2985 2897
f 2984 2985 2896
f 2897 2986 2898
f 2985 2986 2897
f 2898 2987 2899
f 2986 2987 2898
f 2899 2988 2900
f 2987 2988 2899
f 2900 2989 2901
f 2988 2989 2900
f 2901 2990 2902
f 2989 2990 2901
f 2902 2991 2903
f 2990 2991 2902
f 2903 2992 2904
f 2991 2992 2903
f 2904 2993 2905
f 2992 2993 2904
f 2905 2994 2906
f 2993 2994 2905
f 2906 2995 2907
f 2994 2995 2906
f 2908 2907 2995
f 2908 2995 2996
f 2909 2958 2870
f 2909 2997 2958
f 2996 2910 2908
f 2998 2910 2996
f 2911 2997 2909
f 2911 2999 2997
f 2998 2912 2910
f 3000 2912 2998
f 2913 2999 2911
f 2913 3001 2999
f 3000 2914 2912
f 3002 2914 3000
f 2915 3001 2913
f 2915 3003 3001
f 3002 2916 2914
f 3004 2916 3002
f 2917 3003 2915
f 2917 3005 3003
f 3004 2918 2916
f 3006 2918 3004
f 3007 3005 2917
f 3007 2917 2919
f 3008 2919 2920
f 3008 3007 2919
f 3009 2920 2921
f 3009 3008 2920
f 3010 2921 2922
f 3010 3009 2921
f 3011 2922 2923
f 3011 3010 2922
f 3012 2923 2924
f 3012 3011 2923
f 3013 2924 2925
f 3013 3012 2924
f 3014 2925 2926
f 3014 3013 2925
f 3015 2926 2927
f 3015 3014 2926
f 3016 2927 2928
f 3016 3015 2927
f 3017 2928 2929
f 3017 3016 2928
f 3018 2929 2930
f 3018 3017 2929
f 3019 2930 2931
f 3019 3018 2930
f 3020 2931 2932
f 3020 3019 2931
f 3021 2932 2933
f 3021 3020 2932
f 3022 2933 2934
f 3022 3021 2933
f 3023 2934 2935
f 3023 3022 2934
f 3024 2935 2936
f 3024 3023 2935
f 3025 2936 2937
f 3025 3024 2936
f 3026 2937 2938
f 3026 3025 2937
f 3027 2938 2939
f 3027 3026 2938
f 3028 2939 2940
f 3028 3027 2939
f 3029 2940 2941
f 3029 3028 2940
f 3030 2941 2942
f 3030 3029 2941
f 3031 2942 2943
f 3031 3030 2942
f 3032 2943 2944
f 3032 3031 2943
f 3033 2944 2945
f 3033 3032 2944
f 3034 2945 2946
f 3034 3033 2945
f 3035 2946 2947
f 3035 3034 2946
f 3036 2947 2948
f 3036 3035 2947
f 3037 2948 2949
f 3037 3036 2948
f 3038 2949 2950
f 3038 3037 2949
f 3039 2950 2951
f 3039 3038 2950
f 3040 2951 2952
f 3040 3039 2951
f 3041 2952 2953
f 3041 3040 2952
f 3042 2953 2954
f 3042 3041 2953
f 3043 2954 2955
f 3043 3042 2954
f 3044 2955 2956
f 3044 3043 2955
f 2956 2918 3006
f 2956 3006 3044
f 3046 3045 2957
f 3046 2957 2958
f 2957 3047 2959
f 3045 3047 2957
f 2959 3048 2960
f 3047 3048 2959
f 2960 3049 2961
f 3048 3049 2960
f 2961 3050 2962
f 3049 3050 2961
f 2962 3051 2963
f 3050 3051 2962
f 2963 3052 2964
f 3051 3052 2963
f 2964 3053 2965
f 3052 3053 2964
f 2965 3054 2966
f 3053 3054 2965
f 2966 3055 2967
f 3054 3055 2966
f 2967 3056 2968
f 3055 3056 2967
f 2968 3057 2969
f 3056 3057 2968
f 2969 3058 2970
f 3057 3058 2969
f 2970 3059 2971
f 3058 3059 2970
f 2971 3060 2972
f 3059 3060 2971
f 2972 3061 2973
f 3060 3061 2972
f 2973 3062 2974
f 3061 3062 2973
f 2974 3063 2975
f 3062 3063 2974
f 2975 3064 2976
f 3063 3064 2975
f 2976 3065 2977
f 3064 3065 2976
f 2977 3066 2978
f 3065 3066 2977
f 2978 3067 2979
f 3066 3067 2978
f 2979 3068 2980
f 3067 3068 2979
f 2980 3069 2981
f 3068 3069 2980
f 2981 3070 2982
f 3069 3070 2981
f 2982 3071 2983
f 3070 3071 2982
f 2983 3072 2984
f 3071 3072 2983
f 2984 3073 2985
f 3072 3073 2984
f 2985 3074 2986
f 3073 3074 2985
f 2986 3075 2987
f 3074 3075 2986
f 2987 3076 2988
f 3075 3076 2987
f 2988 3077 2989
f 3076 3077 2988
f 2989 3078 2990
f 3077 3078 2989
f 2990 3079 2991
f 3078 3079 2990
f 2991 3080 2992
f 3079 3080 2991
f 2992 3081 2993
f 3080 3081 2992
f 2993 3082 2994
f 3081 3082 2993
f 2994 3083 2995
f 3082 3083 2994
f 2996 2995 3083
f 2996 3083 3084
f 2997 3046 2958
f 2997 3085 3046
f 3084 2998 2996
f 3086 2998 3084
f 2999 3085 2997
f 2999 3087 3085
f 3086 3000 2998
f 3088 3000 3086
f 3001 3087 2999
f 3001 3089 3087
f 3088 3002 3000
f 3090 3002 3088
f 3003 3089 3001
f 3003 3091 3089
f 3090 3004 3002
f 3092 3004 3090
f 3005 3091 3003
f 3005 3093 3091
f 3092 3006 3004
f 3094 3006 3092
f 3095 3093 3005
f 3095 3005 3007
f 3096 3007 3008
f 3096 3095 3007
f 3097 3008 3009
f 3097 3096 3008
f 3098 3009 3010
f 3098 3097 3009
f 3099 3010 3011
f 3099 3098 3010
f 3100 3011 3012
f 3100 3099 3011
f 3101 3012 3013
f 3101 3100 3012
f 3102 3013 3014
f 3102 3101 3013
f 3103 3014 3015
f 3103 3102 3014
f 3104 3015 3016
f 3104 3103 3015
f 3105 3016 3017
f 3105 3104 3016
f 3106 3017 3018
f 3106 3105 3017
f 3107 3018 3019
f 3107 3106 3018
f 3108 3019 3020
f 3108 3107 3019
f 3109 3020 3021
f 3109 3108 3020
f 3110 3021 3022
f 3110 3109 3021
f 3111 3022 3023
f 3111 3110 3022
f 3112 3023 3024
f 3112 3111 3023
f 3113 3024 3025
f 3113 3112 3024
f 3114 3025 3026
f 3114 3113 3025
f 3115 3026 3027
f 3115 3114 3026
f 3116 3027 3028
f 3116 3115 3027
f 3117 3028 3029
f 3117 3116 3028
f 3118 3029 3030
f 3118 3117 3029
f 3119 3030 3031
f 3119 3118 3030
f 3120 3031 3032
f 3120 3119 3031
f 3121 3032 3033
f 3121 3120 3032
f 3122 3033 3034
f 3122 3121 3033
f 3123 3034 3035
f 3123 3122 3034
f 3124 3035 3036
f 3124 3123 3035
f 3125 3036 3037
f 3125 3124 3036
f 3126 3037 3038
f 3126 3125 3037
f 3127 3038 3039
f 3127 3126 3038
f 3128 3039 3040
f 3128 3127 3039
f 3129 3040 3041
f 3129 3128 3040
f 3130 3041 3042
f 3130 3129 3041
f 3131 3042 3043
f 3131 3130 3042
f 3132 3043 3044
f 3132 3131 3043
f 3044 3006 3094
f 3044 3094 3132
f 3134 3133 3045
f 3134 3045 3046
f 3045 3135 3047
f 3133 3135 3045
f 3047 3136 3048
f 3135 3136 3047
f 3048 3137 3049
f 3136 3137 3048
f 3049 3138 3050
f 3137 3138 3049
f 3050 3139 3051
f 3138 3139 3050
f 3051 3140 3052
f 3139 3140 3051
f 3052 3141 3053
f 3140 3141 3052
f 3053 3142 3054
f 3141 3142 3053
f 3054 3143 3055
f 3142 3143 3054
f 3055 3144 3056
f 3143 3144 3055
f 3056 3145 3057
f 3144 3145 3056
f 3057 3146 3058
f 3145 3146 3057
f 3058 3147 3059
f 3146 3147 3058
f 3059 3148 3060
f 3147 3148 3059
f 3060 3149 3061
f 3148 3149 3060
f 3061 3150 3062
f 3149 3150 3061
f 3062 3151 3063
f 3150 3151 3062
f 3063 3152 3064
f 3151 3152 3063
f 3064 3153 3065
f 3152 3153 3064
f 3065 3154 3066
f 3153 3154 3065
f 3066 3155 3067
f 3154 3155 3066
f 3067 3156 3068
f 3155 3156 3067
f 3068 3157 3069
f 3156 3157 3068
f 3069 3158 3070
f 3157 3158 3069
f 3070 3159 3071
f 3158 3159 3070
f 3071 3160 3072
f 3159 3160 3071
f 3072 3161 3073
f 3160 3161 3072
f 3073 3162 3074
f 3161 3162 3073
f 3074 3163 3075
f 3162 3163 3074
f 3075 3164 3076
f 3163 3164 3075
f 3076 3165 3077
f 3164 3165 3076
f 3077 3166 3078
f 3165 3166 3077
f 3078 3167 3079
f 3166 3167 3078
f 3079 3168 3080
f 3167 3168 3079
f 3080 3169 3081
f 3168 3169 3080
f 3081 3170 3082
f 3169 3170 3081
f 3082 3171 3083
f 3170 3171 3082
f 3084 3083 3171
f 3084 3171 3172
f 3085 3134 3046
f 3085 3173 3134
f 3172 3086 3084
f 3174 3086 3172
f 3087 3173 3085
f 3087 3175 3173
f 3174 3088 3086
f 3176 3088 3174
f 3089 3175 3087
f 3089 3177 3175
f 3176 3090 3088
f 3178 3090 3176
f 3091 3177 3089
f 3091 3179 3177
f 3178 3092 3090
f 3180 3092 3178
f 3093 3179 3091
f 3093 3181 3179
f 3180 3094 3092
f 3182 3094 3180
f 3183 3181 3093
f 3183 3093 3095
f 3184 3095 3096
f 3184 3183 3095
f 3185 3096 3097
f 3185 3184 3096
f 3186 3097 3098
f 3186 3185 3097
f 3187 3098 3099
f 3187 3186 3098
f 3188 3099 3100
f 3188 3187 3099
f 3189 3100 3101
f 3189 3188 3100
f 3190 3101 3102
f 3190 3189 3101
f 3191 3102 3103
f 3191 3190 3102
f 3192 3103 3104
f 3192 3191 3103
f 3193 3104 3105
f 3193 3192 3104
f 3194 3105 3106
f 3194 3193 3105
f 3195 3106 3107
f 3195 3194 3106
f 3196 3107 3108
f 3196 3195 3107
f 3197 3108 3109
f 3197 3196 3108
f 3198 3109 3110
f 3198 3197 3109
f 3199 3110 3111
f 3199 3198 3110
f 3200 3111 3112
f 3200 3199 3111
f 3201 3112 3113
f 3201 3200 3112
f 3202 3113 3114
f 3202 3201 3113
f 3203 3114 3115
f 3203 3202 3114
f 3204 3115 3116
f 3204 3203 3115
f 3205 3116 3117
f 3205 3204 3116
f 3206 3117 3118
f 3206 3205 3117
f 3207 3118 3119
f 3207 3206 3118
f 3208 3119 3120
f 3208 3207 3119
f 3209 3120 3121
f 3209 3208 3120
f 3210 3121 3122
f 3210 3209 3121
f 3211 3122 3123
f 3211 3210 3122
f 3212 3123 3124
f 3212 3211 3123
f 3213 3124 3125
f 3213 3212 3124
f 3214 3125 3126
f 3214 3213 3125
f 3215 3126 3127
f 3215 3214 3126
f 3216 3127 3128
f 3216 3215 3127
f 3217 3128 3129
f 3217 3216 3128
f 3218 3129 3130
f 3218 3217 3129
f 3219 3130 3131
f 3219 3218 3130
f 3220 3131 3132
f 3220 3219 3131
f 3132 3094 3182
f 3132 3182 3220
f 3222 3221 3133
f 3222 3133 3134
f 3133 3223 3135
f 3221 3223 3133
f 3135 3224 3136
f 3223 3224 3135
f 3136 3225 3137
f 3224 3225 3136
f 3137 3226 3138
f 3225 3226 3137
f 3138 3227 3139
f 3226 3227 3138
f 3139 3228 3140
f 3227 3228 3139
f 3140 3229 3141
f 3228 3229 3140
f 3141 3230 3142
f 3229 3230 3141
f 3142 3231 3143
f 3230 3231 3142
f 3143 3232 3144
f 3231 3232 3143
f 3144 3233 3145
f 3232 3233 3144
f 3145 3234 3146
f 3233 3234 3145
f 3146 3235 3147
f 3234 3235 3146
f 3147 3236 3148
f 3235 3236 3147
f 3148 3237 3149
f 3236 3237 3148
f 3149 3238 3150
f 3237 3238 3149
f 3150 3239 3151
f 3238 3239 3150
f 3151 3240 3152
f 3239 3240 3151
f 3152 3241 3153
f 3240 3241 3152
f 3153 3242 3154
f 3241 3242 3153
f 3154 3243 3155
f 3242 3243 3154
f 3155 3244 3156
f 3243 3244 3155
f 3156 3245 3157
f 3244 3245 3156
f 3157 3246 3158
f 3245 3246 3157
f 3158 3247 3159
f 3246 3247 3158
f 3159 3248 3160
f 3247 3248 3159
f 3160 3249 3161
f 3248 3249 3160
f 3161 3250 3162
f 3249 3250 3161
f 3162 3251 3163
f 3250 3251 3162
f 3163 3252 3164
f 3251 3252 3163
f 3164 3253 3165
f 3252 3253 3164
f 3165 3254 3166
f 3253 3254 3165
f 3166 3255 3167
f 3254 3255 3166
f 3167 3256 3168
f 3255 3256 3167
f 3168 3257 3169
f 3256 3257 3168
f 3169 3258 3170
f 3257 3258 3169
f 3170 3259 3171
f 3258 3259 3170
f 3172 3171 3259
f 3172 3259 3260
f 3173 3222 3134
f 3173 3261 3222
f 3260 3174 3172
f 3262 3174 3260
f 3175 3261 3173
f 3175 3263 3261
f 3262 3176 3174
f 3264 3176 3262
f 3177 3263 3175
f 3177 3265 3263
f 3264 3178 3176
f 3266 3178 3264
f 3179 3265 3177
f 3179 3267 3265
f 3266 3180 3178
f 3268 3180 3266
f 3181 3267 3179
f 3181 3269 3267
f 3268 3182 3180
f 3270 3182 3268
f 3271 3269 3181
f 3271 3181 3183
f 3272 3183 3184
f 3272 3271 3183
f 3273 3184 3185
f 3273 3272 3184
f 3274 3185 3186
f 3274 3273 3185
f 3275 3186 3187
f 3275 3274 3186
f 3276 3187 3188
f 3276 3275 3187
f 3277 3188 3189
f 3277 3276 3188
f 3278 3189 3190
f 3278 3277 3189
f 3279 3190 3191
f 3279 3278 3190
f 3280 3191 3192
f 3280 3279 3191
f 3281 3192 3193
f 3281 3280 3192
f 3282 3193 3194
f 3282 3281 3193
f 3283 3194 3195
f 3283 3282 3194
f 3284 3195 3196
f 3284 3283 3195
f 3285 3196 3197
f 3285 3284 3196
f 3286 3197 3198
f 3286 3285 3197
f 3287 3198 3199
f 3287 3286 3198
f 3288 3199 3200
f 3288 3287 3199
f 3289 3200 3201
f 3289 3288 3200
f 3290 3201 3202
f 3290 3289 3201
f 3291 3202 3203
f 3291 3290 3202
f 3292 3203 3204
f 3292 3291 3203
f 3293 3204 3205
f 3293 3292 3204
f 3294 3205 3206
f 3294 3293 3205
f 3295 3206 3207
f 3295 3294 3206
f 3296 3207 3208
f 3296 3295 3207
f 3297 3208 3209
f 3297 3296 3208
f 3298 3209 3210
f 3298 3297 3209
f 3299 3210 3211
f 3299 3298 3210
f 3300 3211 3212
f 3300 3299 3211
f 3301 3212 3213
f 3301 3300 3212
f 3302 3213 3214
f 3302 3301 3213
f 3303 3214 3215
f 3303 3302 3214
f 3304 3215 3216
f 3304 3303 3215
f 3305 3216 3217
f 3305 3304 3216
f 3306 3217 3218
f 3306 3305 3217
f 3307 3218 3219
f 3307 3306 3218
f 3308 3219 3220
f 3308 3307 3219
f 3220 3182 3270
f 3220 3270 3308
f 3310 3309 3221
f 3310 3221 3222
f 3221 3311 3223
f 3309 3311 3221
f 3223 3312 3224
f 3311 3312 3223
f 3224 3313 3225
f 3312 3313 3224
f 3225 3314 3226
f 3313 3314 3225
f 3226 3315 3227
f 3314 3315 3226
f 3227 3316 3228
f 3315 3316 3227
f 3228 3317 3229
f 3316 3317 3228
f 3229 3318 3230
f 3317 3318 3229
f 3230 3319 3231
f 3318 3319 3230
f 3231 3320 3232
f 3319 3320 3231
f 3232 3321 3233
f 3320 3321 3232
f 3233 3322 3234
f 3321 3322 3233
f 3234 3323 3235
f 3322 3323 3234
f 3235 3324 3236
f 3323 3324 3235
f 3236 3325 3237
f 3324 3325 3236
f 3237 3326 3238
f 3325 3326 3237
f 3238 3327 3239
f 3326 3327 3238
f 3239 3328 3240
f 3327 3328 3239
f 3240 3329 3241
f 3328 3329 3240
f 3241 3330 3242
f 3329 3330 3241
f 3242 3331 3243
f 3330 3331 3242
f 3243 3332 3244
f 3331 3332 3243
f 3244 3333 3245
f 3332 3333 3244
f 3245 3334 3246
f 3333 3334 3245
f 3246 3335 3247
f 3334 3335 3246
f 3247 3336 3248
f 3335 3336 3247
f 3248 3337 3249
f 3336 3337 3248
f 3249 3338 3250
f 3337 3338 3249
f 3250 3339 3251
f 3338 3339 3250
f 3251 3340 3252
f 3339 3340 3251
f 3252 3341 3253
f 3340 3341 3252
f 3253 3342 3254
f 3341 3342 3253
f 3254 3343 3255
f 3342 3343 3254
f 3255 3344 3256
f 3343 3344 3255
f 3256 3345 3257
f 3344 3345 3256
f 3257 3346 3258
f 3345 3346 3257
f 3258 3347 3259
f 3346 3347 3258
f 3260 3259 3347
f 3260 3347 3348
f 3261 3310 3222
f 3261 3349 3310
f 3348 3262 3260
f 3350 3262 3348
f 3263 3349 3261
f 3263 3351 3349
f 3350 3264 3262
f 3352 3264 3350
f 3265 3351 3263
f 3265 3353 3351
f 3352 3266 3264
f 3354 3266 3352
f 3267 3353 3265
f 3267 3355 3353
f 3354 3268 3266
f 3356 3268 3354
f 3269 3355 3267
f 3269 3357 3355
f 3356 3270 3268
f 3358 3270 3356
f 3359 3357 3269
f 3359 3269 3271
f 3360 3271 3272
f 3360 3359 3271
f 3361 3272 3273
f 3361 3360 3272
f 3362 3273 3274
f 3362 3361 3273
f 3363 3274 3275
f 3363 3362 3274
f 3364 3275 3276
f 3364 3363 3275
f 3365 3276 3277
f 3365 3364 3276
f 3366 3277 3278
f 3366 3365 3277
f 3367 3278 3279
f 3367 3366 3278
f 3368 3279 3280
f 3368 3367 3279
f 3369 3280 3281
f 3369 3368 3280
f 3370 3281 3282
f 3370 3369 3281
f 3371 3282 3283
f 3371 3370 3282
f 3372 3283 3284
f 3372 3371 3283
f 3373 3284 3285
f 3373 3372 3284
f 3374 3285 3286
f 3374 3373 3285
f 3375 3286 3287
f 3375 3374 3286
f 3376 3287 3288
f 3376 3375 3287
f 3377 3288 3289
f 3377 3376 3288
f 3378 3289 3290
f 3378 3377 3289
f 3379 3290 3291
f 3379 3378 3290
f 3380 3291 3292
f 3380 3379 3291
f 3381 3292 3293
f 3381 3380 3292
f 3382 3293 3294
f 3382 3381 3293
f 3383 3294 3295
f 3383 3382 3294
f 3384 3295 3296
f 3384 3383 3295
f 3385 3296 3297
f 3385 3384 3296
f 3386 3297 3298
f 3386 3385 3297
f 3387 3298 3299
f 3387 3386 3298
f 3388 3299 3300
f 3388 3387 3299
f 3389 3300 3301
f 3389 3388 3300
f 3390 3301 3302
f 3390 3389 3301
f 3391 3302 3303
f 3391 3390 3302
f 3392 3303 3304
f 3392 3391 3303
f 3393 3304 3305
f 3393 3392 3304
f 3394 3305 3306
f 3394 3393 3305
f 3395 3306 3307
f 3395 3394 3306
f 3396 3307 3308
f 3396 3395 3307
f 3308 3270 3358
f 3308 3358 3396
f 3398 3397 3309
f 3398 3309 3310
f 3309 3399 3311
f 3397 3399 3309
f 3311 3400 3312
f 3399 3400 3311
f 3312 3401 3313
f 3400 3401 3312
f 3313 3402 3314
f 3401 3402 3313
f 3314 3403 3315
f 3402 3403 3314
f 3315 3404 3316
f 3403 3404 3315
f 3316 3405 3317
f 3404 3405 3316
f 3317 3406 3318
f 3405 3406 3317
f 3318 3407 3319
f 3406 3407 3318
f 3319 3408 3320
f 3407 3408 3319
f 3320 3409 3321
f 3408 3409 3320
f 3321 3410 3322
f 3409 3410 3321
f 3322 3411 3323
f 3410 3411 3322
f 3323 3412 3324
f 3411 3412 3323
f 3324 3413 3325
f 3412 3413 3324
f 3325 3414 3326
f 3413 3414 3325
f 3326 3415 3327
f 3414 3415 3326
f 3327 3416 3328
f 3415 3416 3327
f 3328 3417 3329
f 3416 3417 3328
f 3329 3418 3330
f 3417 3418 3329
f 3330 3419 3331
f 3418 3419 3330
f 3331 3420 3332
f 3419 3420 3331
f 3332 3421 3333
f 3420 3421 3332
f 3333 3422 3334
f 3421 3422 3333
f 3334 3423 3335
f 3422 3423 3334
f 3335 3424 3336
f 3423 3424 3335
f 3336 3425 3337
f 3424 3425 3336
f 3337 3426 3338
f 3425 3426 3337
f 3338 3427 3339
f 3426 3427 3338
f 3339 3428 3340
f 3427 3428 3339
f 3340 3429 3341
f 3428 3429 3340
f 3341 3430 3342
f 3429 3430 3341
f 3342 3431 3343
f 3430 3431 3342
f 3343 3432 3344
f 3431 3432 3343
f 3344 3433 3345
f 3432 3433 3344
f 3345 3434 3346
f 3433 3434 3345
f 3346 3435 3347
f 3434 3435 3346
f 3348 3347 3435
f 3348 3435 3436
f 3349 3398 3310
f 3349 3437 3398
f 3436 3350 3348
f 3438 3350 3436
f 3351 3437 3349
f 3351 3439 3437
f 3438 3352 3350
f 3440 3352 3438
f 3353 3439 3351
f 3353 3441 3439
f 3440 3354 3352
f 3442 3354 3440
f 3355 3441 3353
f 3355 3443 3441
f 3442 3356 3354
f 3444 3356 3442
f 3357 3443 3355
f 3357 3445 3443
f 3444 3358 3356
f 3446 3358 3444
f 3447 3445 3357
f 3447 3357 3359
f 3448 3359 3360
f 3448 3447 3359
f 3449 3360 3361
f 3449 3448 3360
f 3450 3361 3362
f 3450 3449 3361
f 3451 3362 3363
f 3451 3450 3362
f 3452 3363 3364
f 3452 3451 3363
f 3453 3364 3365
f 3453 3452 3364
f 3454 3365 3366
f 3454 3453 3365
f 3455 3366 3367
f 3455 3454 3366
f 3456 3367 3368
f 3456 3455 3367
f 3457 3368 3369
f 3457 3456 3368
f 3458 3369 3370
f 3458 3457 3369
f 3459 3370 3371
f 3459 3458 3370
f 3460 3371 3372
f 3460 3459 3371
f 3461 3372 3373
f 3461 3460 3372
f 3462 3373 3374
f 3462 3461 3373
f 3463 3374 3375
f 3463 3462 3374
f 3464 3375 3376
f 3464 3463 3375
f 3465 3376 3377
f 3465 3464 3376
f 3466 3377 3378
f 3466 3465 3377
f 3467 3378 3379
f 3467 3466 3378
f 3468 3379 3380
f 3468 3467 3379
f 3469 3380 3381
f 3469 3468 3380
f 3470 3381 3382
f 3470 3469 3381
f 3471 3382 3383
f 3471 3470 3382
f 3472 3383 3384
f 3472 3471 3383
f 3473 3384 3385
f 3473 3472 3384
f 3474 3385 3386
f 3474 3473 3385
f 3475 3386 3387
f 3475 3474 3386
f 3476 3387 3388
f 3476 3475 3387
f 3477 3388 3389
f 3477 3476 3388
f 3478 3389 3390
f 3478 3477 3389
f 3479 3390 3391
f 3479 3478 3390
f 3480 3391 3392
f 3480 3479 3391
f 3481 3392 3393
f 3481 3480 3392
f 3482 3393 3394
f 3482 3481 3393
f 3483 3394 3395
f 3483 3482 3394
f 3484 3395 3396
f 3484 3483 3395
f 3396 3358 3446
f 3396 3446 3484
f 3486 3485 3397
f 3486 3397 3398
f 3397 3487 3399
f 3485 3487 3397
f 3399 3488 3400
f 3487 3488 3399
f 3400 3489 3401
f 3488 3489 3400
f 3401 3490 3402
f 3489 3490 3401
f 3402 3491 3403
f 3490 3491 3402
f 3403 3492 3404
f 3491 3492 3403
f 3404 3493 3405
f 3492 3493 3404
f 3405 3494 3406
f 3493 3494 3405
f 3406 3495 3407
f 3494 3495 3406
f 3407 3496 3408
f 3495 3496 3407
f 3408 3497 3409
f 3496 3497 3408
f 3409 3498 3410
f 3497 3498 3409
f 3410 3499 3411
f 3498 3499 3410
f 3411 3500 3412
f 3499 3500 3411
f 3412 3501 3413
f 3500 3501 3412
f 3413 3502 3414
f 3501 3502 3413
f 3414 3503 3415
f 3502 3503 3414
f 3415 3504 3416
f 3503 3504 3415
f 3416 3505 3417
f 3504 3505 3416
f 3417 3506 3418
f 3505 3506 3417
f 3418 3507 3419
f 3506 3507 3418
f 3419 3508 3420
f 3507 3508 3419
f 3420 3509 3421
f 3508 3509 3420
f 3421 3510 3422
f 3509 3510 3421
f 3422 3511 3423
f 3510 3511 3422
f 3423 3512 3424
f 3511 3512 3423
f 3424 3513 3425
f 3512 3513 3424
f 3425 3514 3426
f 3513 3514 3425
f 3426 3515 3427
f 3514 3515 3426
f 3427 3516 3428
f 3515 3516 3427
f 3428 3517 3429
f 3516 3517 3428
f 3429 3518 3430
f 3517 3518 3429
f 3430 3519 3431
f 3518 3519 3430
f 3431 3520 3432
f 3519 3520 3431
f 3432 3521 3433
f 3520 3521 3432
f 3433 3522 3434
f 3521 3522 3433
f 3434 3523 3435
f 3522 3523 3434
f 3436 3435 3523
f 3436 3523 3524
f 3437 3486 3398
f 3437 3525 3486
f 3524 3438 3436
f 3526 3438 3524
f 3439 3525 3437
f 3439 3527 3525
f 3526 3440 3438
f 3528 3440 3526
f 3441 3527 3439
f 3441 3529 3527
f 3528 3442 3440
f 3530 3442 3528
f 3443 3529 3441
f 3443 3531 3529
f 3530 3444 3442
f 3532 3444 3530
f 3445 3531 3443
f 3445 3533 3531
f 3532 3446 3444
f 3534 3446 3532
f 3535 3533 3445
f 3535 3445 3447
f 3536 3447 3448
f 3536 3535 3447
f 3537 3448 3449
f 3537 3536 3448
f 3538 3449 3450
f 3538 3537 3449
f 3539 3450 3451
f 3539 3538 3450
f 3540 3451 3452
f 3540 3539 3451
f 3541 3452 3453
f 3541 3540 3452
f 3542 3453 3454
f 3542 3541 3453
f 3543 3454 3455
f 3543 3542 3454
f 3544 3455 3456
f 3544 3543 3455
f 3545 3456 3457
f 3545 3544 3456
f 3546 3457 3458
f 3546 3545 3457
f 3547 3458 3459
f 3547 3546 3458
f 3548 3459 3460
f 3548 3547 3459
f 3549 3460 3461
f 3549 3548 3460
f 3550 3461 3462
f 3550 3549 3461
f 3551 3462 3463
f 3551 3550 3462
f 3552 3463 3464
f 3552 3551 3463
f 3553 3464 3465
f 3553 3552 3464
f 3554 3465 3466
f 3554 3553 3465
f 3555 3466 3467
f 3555 3554 3466
f 3556 3467 3468
f 3556 3555 3467
f 3557 3468 3469
f 3557 3556 3468
f 3558 3469 3470
f 3558 3557 3469
f 3559 3470 3471
f 3559 3558 3470
f 3560 3471 3472
f 3560 3559 3471
f 3561 3472 3473
f 3561 3560 3472
f 3562 3473 3474
f 3562 3561 3473
f 3563 3474 3475
f 3563 3562 3474
f 3564 3475 3476
f 3564 3563 3475
f 3565 3476 3477
f 3565 3564 3476
f 3566 3477 3478
f 3566 3565 3477
f 3567 3478 3479
f 3567 3566 3478
f 3568 3479 3480
f 3568 3567 3479
f 3569 3480 3481
f 3569 3568 3480
f 3570 3481 3482
f 3570 3569 3481
f 3571 3482 3483
f 3571 3570 3482
f 3572 3483 3484
f 3572 3571 3483
f 3484 3446 3534
f 3484 3534 3572
f 3574 3573 3485
f 3574 3485 3486
f 3485 3575 3487
f 3573 3575 3485
f 3487 3576 3488
f 3575 3576 3487
f 3488 3577 3489
f 3576 3577 3488
f 3489 3578 3490
f 3577 3578 3489
f 3490 3579 3491
f 3578 3579 3490
f 3491 3580 3492
f 3579 3580 3491
f 3492 3581 3493
f 3580 3581 3492
f 3493 3582 3494
f 3581 3582 3493
f 3494 3583 3495
f 3582 3583 3494
f 3495 3584 3496
f 3583 3584 3495
f 3496 3585 3497
f 3584 3585 3496
f 3497 3586 3498
f 3585 3586 3497
f 3498 3587 3499
f 3586 3587 3498
f 3499 3588 3500
f 3587 3588 3499
f 3500 3589 3501
f 3588 3589 3500
f 3501 3590 3502
f 3589 3590 3501
f 3502 3591 3503
f 3590 3591 3502
f 3503 3592 3504
f 3591 3592 3503
f 3504 3593 3505
f 3592 3593 3504
f 3505 3594 3506
f 3593 3594 3505
f 3506 3595 3507
f 3594 3595 3506
f 3507 3596 3508
f 3595 3596 3507
f 3508 3597 3509
f 3596 3597 3508
f 3509 3598 3510
f 3597 3598 3509
f 3510 3599 3511
f 3598 3599 3510
f 3511 3600 3512
f 3599 3600 3511
f 3512 3601 3513
f 3600 3601 3512
f 3513 3602 3514
f 3601 3602 3513
f 3514 3603 3515
f 3602 3603 3514
f 3515 3604 3516
f 3603 3604 3515
f 3516 3605 3517
f 3604 3605 3516
f 3517 3606 3518
f 3605 3606 3517
f 3518 3607 3519
f 3606 3607 3518
f 3519 3608 3520
f 3607 3608 3519
f 3520 3609 3521
f 3608 3609 3520
f 3521 3610 3522
f 3609 3610 3521
f 3522 3611 3523
f 3610 3611 3522
f 3524 3523 3611
f 3524 3611 3612
f 3525 3574 3486
f 3525 3613 3574
f 3612 3526 3524
f 3614 3526 3612
f 3527 3613 3525
f 3527 3615 3613
f 3614 3528 3526
f 3616 3528 3614
f 3529 3615 3527
f 3529 3617 3615
f 3616 3530 3528
f 3618 3530 3616
f 3531 3617 3529
f 3531 3619 3617
f 3618 3532 3530
f 3620 3532 3618
f 3533 3619 3531
f 3533 3621 3619
f 3620 3534 3532
f 3622 3534 3620
f 3623 3621 3533
f 3623 3533 3535
f 3624 3535 3536
f 3624 3623 3535
f 3625 3536 3537
f 3625 3624 3536
f 3626 3537 3538
f 3626 3625 3537
f 3627 3538 3539
f 3627 3626 3538
f 3628 3539 3540
f 3628 3627 3539
f 3629 3540 3541
f 3629 3628 3540
f 3630 3541 3542
f 3630 3629 3541
f 3631 3542 3543
f 3631 3630 3542
f 3632 3543 3544
f 3632 3631 3543
f 3633 3544 3545
f 3633 3632 3544
f 3634 3545 3546
f 3634 3633 3545
f 3635 3546 3547
f 3635 3634 3546
f 3636 3547 3548
f 3636 3635 3547
f 3637 3548 3549
f 3637 3636 3548
f 3638 3549 3550
f 3638 3637 3549
f 3639 3550 3551
f 3639 3638 3550
f 3640 3551 3552
f 3640 3639 3551
f 3641 3552 3553
f 3641 3640 3552
f 3642 3553 3554
f 3642 3641 3553
f 3643 3554 3555
f 3643 3642 3554
f 3644 3555 3556
f 3644 3643 3555
f 3645 3556 3557
f 3645 3644 3556
f 3646 3557 3558
f 3646 3645 3557
f 3647 3558 3559
f 3647 3646 3558
f 3648 3559 3560
f 3648 3647 3559
f 3649 3560 3561
f 3649 3648 3560
f 3650 3561 3562
f 3650 3649 3561
f 3651 3562 3563
f 3651 3650 3562
f 3652 3563 3564
f 3652 3651 3563
f 3653 3564 3565
f 3653 3652 3564
f 3654 3565 3566
f 3654 3653 3565
f 3655 3566 3567
f 3655 3654 3566
f 3656 3567 3568
f 3656 3655 3567
f 3657 3568 3569
f 3657 3656 3568
f 3658 3569 3570
f 3658 3657 3569
f 3659 3570 3571
f 3659 3658 3570
f 3660 3571 3572
f 3660 3659 3571
f 3572 3534 3622
f 3572 3622 3660
f 3662 3661 3573
f 3662 3573 3574
f 3573 3663 3575
f 3661 3663 3573
f 3575 3664 3576
f 3663 3664 3575
f 3576 3665 3577
f 3664 3665 3576
f 3577 3666 3578
f 3665 3666 3577
f 3578 3667 3579
f 3666 3667 3578
f 3579 3668 3580
f 3667 3668 3579
f 3580 3669 3581
f 3668 3669 3580
f 3581 3670 3582
f 3669 3670 3581
f 3582 3671 3583
f 3670 3671 3582
f 3583 3672 3584
f 3671 3672 3583
f 3584 3673 3585
f 3672 3673 3584
f 3585 3674 3586
f 3673 3674 3585
f 3586 3675 3587
f 3674 3675 3586
f 3587 3676 3588
f 3675 3676 3587
f 3588 3677 3589
f 3676 3677 3588
f 3589 3678 3590
f 3677 3678 3589
f 3590 3679 3591
f 3678 3679 3590
f 3591 3680 3592
f 3679 3680 3591
f 3592 3681 3593
f 3680 3681 3592
f 3593 3682 3594
f 3681 3682 3593
f 3594 3683 3595
f 3682 3683 3594
f 3595 3684 3596
f 3683 3684 3595
f 3596 3685 3597
f 3684 3685 3596
f 3597 3686 3598
f 3685 3686 3597
f 3598 3687 3599
f 3686 3687 3598
f 3599 3688 3600
f 3687 3688 3599
f 3600 3689 3601
f 3688 3689 3600
f 3601 3690 3602
f 3689 3690 3601
f 3602 3691 3603
f 3690 3691 3602
f 3603 3692 3604
f 3691 3692 3603
f 3604 3693 3605
f 3692 3693 3604
f 3605 3694 3606
f 3693 3694 3605
f 3606 3695 3607
f 3694 3695 3606
f 3607 3696 3608
f 3695 3696 3607
f 3608 3697 3609
f 3696 3697 3608
f 3609 3698 3610
f 3697 3698 3609
f 3610 3699 3611
f 3698 3699 3610
f 3612 3611 3699
f 3612 3699 3700
f 3613 3662 3574
f 3613 3701 3662
f 3700 3614 3612
f 3702 3614 3700
f 3615 3701 3613
f 3615 3703 3701
f 3702 3616 3614
f 3704 3616 3702
f 3617 3703 3615
f 3617 3705 3703
f 3704 3618 3616
f 3706 3618 3704
f 3619 3705 3617
f 3619 3707 3705
f 3706 3620 3618
f 3708 3620 3706
f 3621 3707 3619
f 3621 3709 3707
f 3708 3622 3620
f 3710 3622 3708
f 3711 3709 3621
f 3711 3621 3623
f 3712 3623 3624
f 3712 3711 3623
f 3713 3624 3625
f 3713 3712 3624
f 3714 3625 3626
f 3714 3713 3625
f 3715 3626 3627
f 3715 3714 3626
f 3716 3627 3628
f 3716 3715 3627
f 3717 3628 3629
f 3717 3716 3628
f 3718 3629 3630
f 3718 3717 3629
f 3719 3630 3631
f 3719 3718 3630
f 3720 3631 3632
f 3720 3719 3631
f 3721 3632 3633
f 3721 3720 3632
f 3722 3633 3634
f 3722 3721 3633
f 3723 3634 3635
f 3723 3722 3634
f 3724 3635 3636
f 3724 3723 3635
f 3725 3636 3637
f 3725 3724 3636
f 3726 3637 3638
f 3726 3725 3637
f 3727 3638 3639
f 3727 3726 3638
f 3728 3639 3640
f 3728 3727 3639
f 3729 3640 3641
f 3729 3728 3640
f 3730 3641 3642
f 3730 3729 3641
f 3731 3642 3643
f 3731 3730 3642
f 3732 3643 3644
f 3732 3731 3643
f 3733 3644 3645
f 3733 3732 3644
f 3734 3645 3646
f 3734 3733 3645
f 3735 3646 3647
f 3735 3734 3646
f 3736 3647 3648
f 3736 3735 3647
f 3737 3648 3649
f 3737 3736 3648
f 3738 3649 3650
f 3738 3737 3649
f 3739 3650 3651
f 3739 3738 3650
f 3740 3651 3652
f 3740 3739 3651
f 3741 3652 3653
f 3741 3740 3652
f 3742 3653 3654
f 3742 3741 3653
f 3743 3654 3655
f 3743 3742 3654
f 3744 3655 3656
f 3744 3743 3655
f 3745 3656 3657
f 3745 3744 3656
f 3746 3657 3658
f 3746 3745 3657
f 3747 3658 3659
f 3747 3746 3658
f 3748 3659 3660
f 3748 3747 3659
f 3660 3622 3710
f 3660 3710 3748
f 3750 3749 3661
f 3750 3661 3662
f 3661 3751 3663
f 3749 3751 3661
f 3663 3752 3664
f 3751 3752 3663
f 3664 3753 3665
f 3752 3753 3664
f 3665 3754 3666
f 3753 3754 3665
f 3666 3755 3667
f 3754 3755 3666
f 3667 3756 3668
f 3755 3756 3667
f 3668 3757 3669
f 3756 3757 3668
f 3669 3758 3670
f 3757 3758 3669
f 3670 3759 3671
f 3758 3759 3670
f 3671 3760 3672
f 3759 3760 3671
f 3672 3761 3673
f 3760 3761 3672
f 3673 3762 3674
f 3761 3762 3673
f 3674 3763 3675
f 3762 3763 3674
f 3675 3764 3676
f 3763 3764 3675
f 3676 3765 3677
f 3764 3765 3676
f 3677 3766 3678
f 3765 3766 3677
f 3678 3767 3679
f 3766 3767 3678
f 3679 3768 3680
f 3767 3768 3679
f 3680 3769 3681
f 3768 3769 3680
f 3681 3770 3682
f 3769 3770 3681
f 3682 3771 3683
f 3770 3771 3682
f 3683 3772 3684
f 3771 3772 3683
f 3684 3773 3685
f 3772 3773 3684
f 3685 3774 3686
f 3773 3774 3685
f 3686 3775 3687
f 3774 3775 3686
f 3687 3776 3688
f 3775 3776 3687
f 3688 3777 3689
f 3776 3777 3688
f 3689 3778 3690
f 3777 3778 3689
f 3690 3779 3691
f 3778 3779 3690
f 3691 3780 3692
f 3779 3780 3691
f 3692 3781 3693
f 3780 3781 3692
f 3693 3782 3694
f 3781 3782 3693
f 3694 3783 3695
f 3782 3783 3694
f 3695 3784 3696
f 3783 3784 3695
f 3696 3785 3697
f 3784 3785 3696
f 3697 3786 3698
f 3785 3786 3697
f 3698 3787 3699
f 3786 3787 3698
f 3700 3699 3787
f 3700 3787 3788
f 3701 3750 3662
f 3701 3789 3750
f 3788 3702 3700
f 3790 3702 3788
f 3703 3789 3701
f 3703 3791 3789
f 3790 3704 3702
f 3792 3704 3790
f 3705 3791 3703
f 3705 3793 3791
f 3792 3706 3704
f 3794 3706 3792
f 3707 3793 3705
f 3707 3795 3793
f 3794 3708 3706
f 3796 3708 3794
f 3709 3795 3707
f 3709 3797 3795
f 3796 3710 3708
f 3798 3710 3796
f 3799 3797 3709
f 3799 3709 3711
f 3800 3711 3712
f 3800 3799 3711
f 3801 3712 3713
f 3801 3800 3712
f 3802 3713 3714
f 3802 3801 3713
f 3803 3714 3715
f 3803 3802 3714
f 3804 3715 3716
f 3804 3803 3715
f 3805 3716 3717
f 3805 3804 3716
f 3806 3717 3718
f 3806 3805 3717
f 3807 3718 3719
f 3807 3806 3718
f 3808 3719 3720
f 3808 3807 3719
f 3809 3720 3721
f 3809 3808 3720
f 3810 3721 3722
f 3810 3809 3721
f 3811 3722 3723
f 3811 3810 3722
f 3812 3723 3724
f 3812 3811 3723
f 3813 3724 3725
f 3813 3812 3724
f 3814 3725 3726
f 3814 3813 3725
f 3815 3726 3727
f 3815 3814 3726
f 3816 3727 3728
f 3816 3815 3727
f 3817 3728 3729
f 3817 3816 3728
f 3818 3729 3730
f 3818 3817 3729
f 3819 3730 3731
f 3819 3818 3730
f 3820 3731 3732
f 3820 3819 3731
f 3821 3732 3733
f 3821 3820 3732
f 3822 3733 3734
f 3822 3821 3733
f 3823 3734 3735
f 3823 3822 3734
f 3824 3735 3736
f 3824 3823 3735
f 3825 3736 3737
f 3825 3824 3736
f 3826 3737 3738
f 3826 3825 3737
f 3827 3738 3739
f 3827 3826 3738
f 3828 3739 3740
f 3828 3827 3739
f 3829 3740 3741
f 3829 3828 3740
f 3830 3741 3742
f 3830 3829 3741
f 3831 3742 3743
f 3831 3830 3742
f 3832 3743 3744
f 3832 3831 3743
f 3833 3744 3745
f 3833 3832 3744
f 3834 3745 3746
f 3834 3833 3745
f 3835 3746 3747
f 3835 3834 3746
f 3836 3747 3748
f 3836 3835 3747
f 3748 3710 3798
f 3748 3798 3836
f 3838 3837 3749
f 3838 3749 3750
f 3749 3839 3751
f 3837 3839 3749
f 3751 3840 3752
f 3839 3840 3751
f 3752 3841 3753
f 3840 3841 3752
f 3753 3842 3754
f 3841 3842 3753
f 3754 3843 3755
f 3842 3843 3754
f 3755 3844 3756
f 3843 3844 3755
f 3756 3845 3757
f 3844 3845 3756
f 3757 3846 3758
f 3845 3846 3757
f 3758 3847 3759
f 3846 3847 3758
f 3759 3848 3760
f 3847 3848 3759
f 3760 3849 3761
f 3848 3849 3760
f 3761 3850 3762
f 3849 3850 3761
f 3762 3851 3763
f 3850 3851 3762
f 3763 3852 3764
f 3851 3852 3763
f 3764 3853 3765
f 3852 3853 3764
f 3765 3854 3766
f 3853 3854 3765
f 3766 3855 3767
f 3854 3855 3766
f 3767 3856 3768
f 3855 3856 3767
f 3768 3857 3769
f 3856 3857 3768
f 3769 3858 3770
f 3857 3858 3769
f 3770 3859 3771
f 3858 3859 3770
f 3771 3860 3772
f 3859 3860 3771
f 3772 3861 3773
f 3860 3861 3772
f 3773 3862 3774
f 3861 3862 3773
f 3774 3863 3775
f 3862 3863 3774
f 3775 3864 3776
f 3863 3864 3775
f 3776 3865 3777
f 3864 3865 3776
f 3777 3866 3778
f 3865 3866 3777
f 3778 3867 3779
f 3866 3867 3778
f 3779 3868 3780
f 3867 3868 3779
f 3780 3869 3781
f 3868 3869 3780
f 3781 3870 3782
f 3869 3870 3781
f 3782 3871 3783
f 3870 3871 3782
f 3783 3872 3784
f 3871 3872 3783
f 3784 3873 3785
f 3872 3873 3784
f 3785 3874 3786
f 3873 3874 3785
f 3786 3875 3787
f 3874 3875 3786
f 3788 3787 3875
f 3788 3875 3876
f 3789 3838 3750
f 3789 3877 3838
f 3876 3790 3788
f 3878 3790 3876
f 3791 3877 3789
f 3791 3879 3877
f 3878 3792 3790
f 3880 3792 3878
f 3793 3879 3791
f 3793 3881 3879
f 3880 3794 3792
f 3882 3794 3880
f 3795 3881 3793
f 3795 3883 3881
f 3882 3796 3794
f 3884 3796 3882
f 3797 3883 3795
f 3797 3885 3883
f 3884 3798 3796
f 3886 3798 3884
f 3887 3885 3797
f 3887 3797 3799
f 3888 3799 3800
f 3888 3887 3799
f 3889 3800 3801
f 3889 3888 3800
f 3890 3801 3802
f 3890 3889 3801
f 3891 3802 3803
f 3891 3890 3802
f 3892 3803 3804
f 3892 3891 3803
f 3893 3804 3805
f 3893 3892 3804
f 3894 3805 3806
f 3894 3893 3805
f 3895 3806 3807
f 3895 3894 3806
f 3896 3807 3808
f 3896 3895 3807
f 3897 3808 3809
f 3897 3896 3808
f 3898 3809 3810
f 3898 3897 3809
f 3899 3810 3811
f 3899 3898 3810
f 3900 3811 3812
f 3900 3899 3811
f 3901 3812 3813
f 3901 3900 3812
f 3902 3813 3814
f 3902 3901 3813
f 3903 3814 3815
f 3903 3902 3814
f 3904 3815 3816
f 3904 3903 3815
f 3905 3816 3817
f 3905 3904 3816
f 3906 3817 3818
f 3906 3905 3817
f 3907 3818 3819
f 3907 3906 3818
f 3908 3819 3820
f 3908 3907 3819
f 3909 3820 3821
f 3909 3908 3820
f 3910 3821 3822
f 3910 3909 3821
f 3911 3822 3823
f 3911 3910 3822
f 3912 3823 3824
f 3912 3911 3823
f 3913 3824 3825
f 3913 3912 3824
f 3914 3825 3826
f 3914 3913 3825
f 3915 3826 3827
f 3915 3914 3826
f 3916 3827 3828
f 3916 3915 3827
f 3917 3828 3829
f 3917 3916 3828
f 3918 3829 3830
f 3918 3917 3829
f 3919 3830 3831
f 3919 3918 3830
f 3920 3831 3832
f 3920 3919 3831
f 3921 3832 3833
f 3921 3920 3832
f 3922 3833 3834
f 3922 3921 3833
f 3923 3834 3835
f 3923 3922 3834
f 3924 3835 3836
f 3924 3923 3835
f 3836 3798 3886
f 3836 3886 3924
f 3926 3925 3837
f 3926 3837 3838
f 3837 3927 3839
f 3925 3927 3837
f 3839 3928 3840
f 3927 3928 3839
f 3840 3929 3841
f 3928 3929 3840
f 3841 3930 3842
f 3929 3930 3841
f 3842 3931 3843
f 3930 3931 3842
f 3843 3932 3844
f 3931 3932 3843
f 3844 3933 3845
f 3932 3933 3844
f 3845 3934 3846
f 3933 3934 3845
f 3846 3935 3847
f 3934 3935 3846
f 3847 3936 3848
f 3935 3936 3847
f 3848 3937 3849
f 3936 3937 3848
f 3849 3938 3850
f 3937 3938 3849
f 3850 3939 3851
f 3938 3939 3850
f 3851 3940 3852
f 3939 3940 3851
f 3852 3941 3853
f 3940 3941 3852
f 3853 3942 3854
f 3941 3942 3853
f 3854 3943 3855
f 3942 3943 3854
f 3855 3944 3856
f 3943 3944 3855
f 3856 3945 3857
f 3944 3945 3856
f 3857 3946 3858
f 3945 3946 3857
f 3858 3947 3859
f 3946 3947 3858
f 3859 3948 3860
f 3947 3948 3859
f 3860 3949 3861
f 3948 3949 3860
f 3861 3950 3862
f 3949 3950 3861
f 3862 3951 3863
f 3950 3951 3862
f 3863 3952 3864
f 3951 3952 3863
f 3864 3953 3865
f 3952 3953 3864
f 3865 3954 3866
f 3953 3954 3865
f 3866 3955 3867
f 3954 3955 3866
f 3867 3956 3868
f 3955 3956 3867
f 3868 3957 3869
f 3956 3957 3868
f 3869 3958 3870
f 3957 3958 3869
f 3870 3959 3871
f 3958 3959 3870
f 3871 3960 3872
f 3959 3960 3871
f 3872 3961 3873
f 3960 3961 3872
f 3873 3962 3874
f 3961 3962 3873
f 3874 3963 3875
f 3962 3963 3874
f 3876 3875 3963
f 3876 3963 3964
f 3877 3926 3838
f 3877 3965 3926
f 3964 3878 3876
f 3966 3878 3964
f 3879 3965 3877
f 3879 3967 3965
f 3966 3880 3878
f 3968 3880 3966
f 3881 3967 3879
f 3881 3969 3967
f 3968 3882 3880
f 3970 3882 3968
f 3883 3969 3881
f 3883 3971 3969
f 3970 3884 3882
f 3972 3884 3970
f 3885 3971 3883
f 3885 3973 3971
f 3972 3886 3884
f 3974 3886 3972
f 3975 3973 3885
f 3975 3885 3887
f 3976 3887 3888
f 3976 3975 3887
f 3977 3888 3889
f 3977 3976 3888
f 3978 3889 3890
f 3978 3977 3889
f 3979 3890 3891
f 3979 3978 3890
f 3980 3891 3892
f 3980 3979 3891
f 3981 3892 3893
f 3981 3980 3892
f 3982 3893 3894
f 3982 3981 3893
f 3983 3894 3895
f 3983 3982 3894
f 3984 3895 3896
f 3984 3983 3895
f 3985 3896 3897
f 3985 3984 3896
f 3986 3897 3898
f 3986 3985 3897
f 3987 3898 3899
f 3987 3986 3898
f 3988 3899 3900
f 3988 3987 3899
f 3989 3900 3901
f 3989 3988 3900
f 3990 3901 3902
f 3990 3989 3901
f 3991 3902 3903
f 3991 3990 3902
f 3992 3903 3904
f 3992 3991 3903
f 3993 3904 3905
f 3993 3992 3904
f 3994 3905 3906
f 3994 3993 3905
f 3995 3906 3907
f 3995 3994 3906
f 3996 3907 3908
f 3996 3995 3907
f 3997 3908 3909
f 3997 3996 3908
f 3998 3909 3910
f 3998 3997 3909
f 3999 3910 3911
f 3999 3998 3910
f 4000 3911 3912
f 4000 3999 3911
f 4001 3912 3913
f 4001 4000 3912
f 4002 3913 3914
f 4002 4001 3913
f 4003 3914 3915
f 4003 4002 3914
f 4004 3915 3916
f 4004 4003 3915
f 4005 3916 3917
f 4005 4004 3916
f 4006 3917 3918
f 4006 4005 3917
f 4007 3918 3919
f 4007 4006 3918
f 4008 3919 3920
f 4008 4007 3919
f 4009 3920 3921
f 4009 4008 3920
f 4010 3921 3922
f 4010 4009 3921
f 4011 3922 3923
f 4011 4010 3922
f 4012 3923 3924
f 4012 4011 3923
f 3924 3886 3974
f 3924 3974 4012
f 4014 4013 3925
f 4014 3925 3926
f 3925 4015 3927
f 4013 4015 3925
f 3927 4016 3928
f 4015 4016 3927
f 3928 4017 3929
f 4016 4017 3928
f 3929 4018 3930
f 4017 4018 3929
f 3930 4019 3931
f 4018 4019 3930
f 3931 4020 3932
f 4019 4020 3931
f 3932 4021 3933
f 4020 4021 3932
f 3933 4022 3934
f 4021 4022 3933
f 3934 4023 3935
f 4022 4023 3934
f 3935 4024 3936
f 4023 4024 3935
f 3936 4025 3937
f 4024 4025 3936
f 3937 4026 3938
f 4025 4026 3937
f 3938 4027 3939
f 4026 4027 3938
f 3939 4028 3940
f 4027 4028 3939
f 3940 4029 3941
f 4028 4029 3940
f 3941 4030 3942
f 4029 4030 3941
f 3942 4031 3943
f 4030 4031 3942
f 3943 4032 3944
f 4031 4032 3943
f 3944 4033 3945
f 4032 4033 3944
f 3945 4034 3946
f 4033 4034 3945
f 3946 4035 3947
f 4034 4035 3946
f 3947 4036 3948
f 4035 4036 3947
f 3948 4037 3949
f 4036 4037 3948
f 3949 4038 3950
f 4037 4038 3949
f 3950 4039 3951
f 4038 4039 3950
f 3951 4040 3952
f 4039 4040 3951
f 3952 4041 3953
f 4040 4041 3952
f 3953 4042 3954
f 4041 4042 3953
f 3954 4043 3955
f 4042 4043 3954
f 3955 4044 3956
f 4043 4044 3955
f 3956 4045 3957
f 4044 4045 3956
f 3957 4046 3958
f 4045 4046 3957
f 3958 4047 3959
f 4046 4047 3958
f 3959 4048 3960
f 4047 4048 3959
f 3960 4049 3961
f 4048 4049 3960
f 3961 4050 3962
f 4049 4050 3961
f 3962 4051 3963
f 4050 4051 3962
f 3964 3963 4051
f 3964 4051 4052
f 3965 4014 3926
f 3965 4053 4014
f 4052 3966 3964
f 4054 3966 4052
f 3967 4053 3965
f 3967 4055 4053
f 4054 3968 3966
f 4056 3968 4054
f 3969 4055 3967
f 3969 4057 4055
f 4056 3970 3968
f 4058 3970 4056
f 3971 4057 3969
f 3971 4059 4057
f 4058 3972 3970
f 4060 3972 4058
f 3973 4059 3971
f 3973 4061 4059
f 4060 3974 3972
f 4062 3974 4060
f 4063 4061 3973
f 4063 3973 3975
f 4064 3975 3976
f 4064 4063 3975
f 4065 3976 3977
f 4065 4064 3976
f 4066 3977 3978
f 4066 4065 3977
f 4067 3978 3979
f 4067 4066 3978
f 4068 3979 3980
f 4068 4067 3979
f 4069 3980 3981
f 4069 4068 3980
f 4070 3981 3982
f 4070 4069 3981
f 4071 3982 3983
f 4071 4070 3982
f 4072 3983 3984
f 4072 4071 3983
f 4073 3984 3985
f 4073 4072 3984
f 4074 3985 3986
f 4074 4073 3985
f 4075 3986 3987
f 4075 4074 3986
f 4076 3987 3988
f 4076 4075 3987
f 4077 3988 3989
f 4077 4076 3988
f 4078 3989 3990
f 4078 4077 3989
f 4079 3990 3991
f 4079 4078 3990
f 4080 3991 3992
f 4080 4079 3991
f 4081 3992 3993
f 4081 4080 3992
f 4082 3993 3994
f 4082 4081 3993
f 4083 3994 3995
f 4083 4082 3994
f 4084 3995 3996
f 4084 4083 3995
f 4085 3996 3997
f 4085 4084 3996
f 4086 3997 3998
f 4086 4085 3997
f 4087 3998 3999
f 4087 4086 3998
f 4088 3999 4000
f 4088 4087 3999
f 4089 4000 4001
f 4089 4088 4000
f 4090 4001 4002
f 4090 4089 4001
f 4091 4002 4003
f 4091 4090 4002
f 4092 4003 4004
f 4092 4091 4003
f 4093 4004 4005
f 4093 4092 4004
f 4094 4005 4006
f 4094 4093 4005
f 4095 4006 4007
f 4095 4094 4006
f 4096 4007 4008
f 4096 4095 4007
f 4097 4008 4009
f 4097 4096 4008
f 4098 4009 4010
f 4098 4097 4009
f 4099 4010 4011
f 4099 4098 4010
f 4100 4011 4012
f 4100 4099 4011
f 4012 3974 4062
f 4012 4062 4100
f 4102 4101 4013
f 4102 4013 4014
f 4013 4103 4015
f 4101 4103 4013
f 4015 4104 4016
f 4103 4104 4015
f 4016 4105 4017
f 4104 4105 4016
f 4017 4106 4018
f 4105 4106 4017
f 4018 4107 4019
f 4106 4107 4018
f 4019 4108 4020
f 4107 4108 4019
f 4020 4109 4021
f 4108 4109 4020
f 4021 4110 4022
f 4109 4110 4021
f 4022 4111 4023
f 4110 4111 4022
f 4023 4112 4024
f 4111 4112 4023
f 4024 4113 4025
f 4112 4113 4024
f 4025 4114 4026
f 4113 4114 4025
f 4026 4115 4027
f 4114 4115 4026
f 4027 4116 4028
f 4115 4116 4027
f 4028 4117 4029
f 4116 4117 4028
f 4029 4118 4030
f 4117 4118 4029
f 4030 4119 4031
f 4118 4119 4030
f 4031 4120 4032
f 4119 4120 4031
f 4032 4121 4033
f 4120 4121 4032
f 4033 4122 4034
f 4121 4122 4033
f 4034 4123 4035
f 4122 4123 4034
f 4035 4124 4036
f 4123 4124 4035
f 4036 4125 4037
f 4124 4125 4036
f 4037 4126 4038
f 4125 4126 4037
f 4038 4127 4039
f 4126 4127 4038
f 4039 4128 4040
f 4127 4128 4039
f 4040 4129 4041
f 4128 4129 4040
f 4041 4130 4042
f 4129 4130 4041
f 4042 4131 4043
f 4130 4131 4042
f 4043 4132 4044
f 4131 4132 4043
f 4044 4133 4045
f 4132 4133 4044
f 4045 4134 4046
f 4133 4134 4045
f 4046 4135 4047
f 4134 4135 4046
f 4047 4136 4048
f 4135 4136 4047
f 4048 4137 4049
f 4136 4137 4048
f 4049 4138 4050
f 4137 4138 4049
f 4050 4139 4051
f 4138 4139 4050
f 4052 4051 4139
f 4052 4139 4140
f 4053 4102 4014
f 4053 4141 4102
f 4140 4054 4052
f 4142 4054 4140
f 4055 4141 4053
f 4055 4143 4141
f 4142 4056 4054
f 4144 4056 4142
f 4057 4143 4055
f 4057 4145 4143
f 4144 4058 4056
f 4146 4058 4144
f 4059 4145 4057
f 4059 4147 4145
f 4146 4060 4058
f 4148 4060 4146
f 4061 4147 4059
f 4061 4149 4147
f 4148 4062 4060
f 4150 4062 4148
f 4151 4149 4061
f 4151 4061 4063
f 4152 4063 4064
f 4152 4151 4063
f 4153 4064 4065
f 4153 4152 4064
f 4154 4065 4066
f 4154 4153 4065
f 4155 4066 4067
f 4155 4154 4066
f 4156 4067 4068
f 4156 4155 4067
f 4157 4068 4069
f 4157 4156 4068
f 4158 4069 4070
f 4158 4157 4069
f 4159 4070 4071
f 4159 4158 4070
f 4160 4071 4072
f 4160 4159 4071
f 4161 4072 4073
f 4161 4160 4072
f 4162 4073 4074
f 4162 4161 4073
f 4163 4074 4075
f 4163 4162 4074
f 4164 4075 4076
f 4164 4163 4075
f 4165 4076 4077
f 4165 4164 4076
f 4166 4077 4078
f 4166 4165 4077
f 4167 4078 4079
f 4167 4166 4078
f 4168 4079 4080
f 4168 4167 4079
f 4169 4080 4081
f 4169 4168 4080
f 4170 4081 4082
f 4170 4169 4081
f 4171 4082 4083
f 4171 4170 4082
f 4172 4083 4084
f 4172 4171 4083
f 4173 4084 4085
f 4173 4172 4084
f 4174 4085 4086
f 4174 4173 4085
f 4175 4086 4087
f 4175 4174 4086
f 4176 4087 4088
f 4176 4175 4087
f 4177 4088 4089
f 4177 4176 4088
f 4178 4089 4090
f 4178 4177 4089
f 4179 4090 4091
f 4179 4178 4090
f 4180 4091 4092
f 4180 4179 4091
f 4181 4092 4093
f 4181 4180 4092
f 4182 4093 4094
f 4182 4181 4093
f 4183 4094 4095
f 4183 4182 4094
f 4184 4095 4096
f 4184 4183 4095
f 4185 4096 4097
f 4185 4184 4096
f 4186 4097 4098
f 4186 4185 4097
f 4187 4098 4099
f 4187 4186 4098
f 4188 4099 4100
f 4188 4187 4099
f 4100 4062 4150
f 4100 4150 4188
f 4102 4189 4101
f 4101 4189 4190
f 4191 4101 4190
f 4103 4101 4191
f 4103 4192 4104
f 4191 4192 4103
f 4104 4193 4105
f 4192 4193 4104
f 4105 4194 4106
f 4193 4194 4105
f 4106 4195 4107
f 4194 4195 4106
f 4107 4196 4108
f 4195 4196 4107
f 4108 4197 4109
f 4196 4197 4108
f 4109 4198 4110
f 4197 4198 4109
f 4110 4199 4111
f 4198 4199 4110
f 4111 4200 4112
f 4199 4200 4111
f 4112 4201 4113
f 4200 4201 4112
f 4113 4202 4114
f 4201 4202 4113
f 4114 4203 4115
f 4202 4203 4114
f 4115 4204 4116
f 4203 4204 4115
f 4116 4205 4117
f 4204 4205 4116
f 4117 4206 4118
f 4205 4206 4117
f 4118 4207 4119
f 4206 4207 4118
f 4119 4208 4120
f 4207 4208 4119
f 4120 4209 4121
f 4208 4209 4120
f 4121 4210 4122
f 4209 4210 4121
f 4122 4211 4123
f 4210 4211 4122
f 4123 4212 4124
f 4211 4212 4123
f 4124 4213 4125
f 4212 4213 4124
f 4125 4214 4126
f 4213 4214 4125
f 4126 4215 4127
f 4214 4215 4126
f 4127 4216 4128
f 4215 4216 4127
f 4128 4217 4129
f 4216 4217 4128
f 4129 4218 4130
f 4217 4218 4129
f 4130 4219 4131
f 4218 4219 4130
f 4131 4220 4132
f 4219 4220 4131
f 4132 4221 4133
f 4220 4221 4132
f 4133 4222 4134
f 4221 4222 4133
f 4134 4223 4135
f 4222 4223 4134
f 4135 4224 4136
f 4223 4224 4135
f 4136 4225 4137
f 4224 4225 4136
f 4137 4226 4138
f 4225 4226 4137
f 4226 4228 4227
f 4139 4226 4227
f 4138 4226 4139
f 4227 4140 4139
f 4230 4229 4189
f 4102 4230 4189
f 4141 4230 4102
f 4189 4229 4190
f 4228 4231 4227
f 4140 4227 4231
f 4232 4140 4231
f 4142 4140 4232
f 4143 4230 4141
f 4143 4233 4230
f 4232 4144 4142
f 4234 4144 4232
f 4145 4233 4143
f 4145 4235 4233
f 4234 4146 4144
f 4236 4146 4234
f 4147 4235 4145
f 4147 4237 4235
f 4236 4148 4146
f 4238 4148 4236
f 4149 4240 4239
f 4237 4149 4239
f 4147 4149 4237
f 4240 4241 4239
f 4244 4243 4242
f 4238 4244 4242
f 4150 4238 4242
f 4148 4238 4150
f 4151 4240 4149
f 4245 4241 4240
f 4151 4245 4240
f 4152 4245 4151
f 4246 4152 4153
f 4246 4245 4152
f 4247 4153 4154
f 4247 4246 4153
f 4248 4154 4155
f 4248 4247 4154
f 4249 4155 4156
f 4249 4248 4155
f 4250 4156 4157
f 4250 4249 4156
f 4251 4157 4158
f 4251 4250 4157
f 4252 4158 4159
f 4252 4251 4158
f 4253 4159 4160
f 4253 4252 4159
f 4254 4160 4161
f 4254 4253 4160
f 4255 4161 4162
f 4255 4254 4161
f 4256 4162 4163
f 4256 4255 4162
f 4257 4163 4164
f 4257 4256 4163
f 4258 4164 4165
f 4258 4257 4164
f 4259 4165 4166
f 4259 4258 4165
f 4260 4166 4167
f 4260 4259 4166
f 4261 4167 4168
f 4261 4260 4167
f 4262 4168 4169
f 4262 4261 4168
f 4263 4169 4170
f 4263 4262 4169
f 4264 4170 4171
f 4264 4263 4170
f 4265 4171 4172
f 4265 4264 4171
f 4266 4172 4173
f 4266 4265 4172
f 4267 4173 4174
f 4267 4266 4173
f 4268 4174 4175
f 4268 4267 4174
f 4269 4175 4176
f 4269 4268 4175
f 4270 4176 4177
f 4270 4269 4176
f 4271 4177 4178
f 4271 4270 4177
f 4272 4178 4179
f 4272 4271 4178
f 4273 4179 4180
f 4273 4272 4179
f 4274 4180 4181
f 4274 4273 4180
f 4275 4181 4182
f 4275 4274 4181
f 4276 4182 4183
f 4276 4275 4182
f 4277 4183 4184
f 4277 4276 4183
f 4278 4184 4185
f 4278 4277 4184
f 4279 4185 4186
f 4279 4278 4185
f 4280 4186 4187
f 4280 4279 4186
f 4188 4242 4243
f 4280 4188 4243
f 4187 4188 4280
f 4242 4188 4150
f 4190 4281 4191
f 4282 4192 4191
f 4282 4191 4281
f 4283 4193 4192
f 4283 4192 4282
f 4284 4194 4193
f 4284 4193 4283
f 4285 4195 4194
f 4285 4194 4284
f 4286 4196 4195
f 4286 4195 4285
f 4287 4197 4196
f 4287 4196 4286
f 4288 4198 4197
f 4288 4197 4287
f 4289 4199 4198
f 4289 4198 4288
f 4290 4200 4199
f 4290 4199 4289
f 4291 4201 4200
f 4291 4200 4290
f 4292 4202 4201
f 4292 4201 4291
f 4293 4203 4202
f 4293 4202 4292
f 4294 4204 4203
f 4294 4203 4293
f 4295 4205 4204
f 4295 4204 4294
f 4296 4206 4205
f 4296 4205 4295
f 4297 4207 4206
f 4297 4206 4296
f 4298 4208 4207
f 4298 4207 4297
f 4299 4209 4208
f 4299 4208 4298
f 4300 4210 4209
f 4300 4209 4299
f 4301 4211 4210
f 4301 4210 4300
f 4302 4212 4211
f 4302 4211 4301
f 4303 4213 4212
f 4303 4212 4302
f 4304 4214 4213
f 4304 4213 4303
f 4305 4215 4214
f 4305 4214 4304
f 4306 4216 4215
f 4306 4215 4305
f 4307 4217 4216
f 4307 4216 4306
f 4308 4218 4217
f 4308 4217 4307
f 4309 4219 4218
f 4309 4218 4308
f 4310 4220 4219
f 4310 4219 4309
f 4311 4221 4220
f 4311 4220 4310
f 4312 4222 4221
f 4312 4221 4311
f 4313 4223 4222
f 4313 4222 4312
f 4314 4224 4223
f 4314 4223 4313
f 4315 4225 4224
f 4315 4224 4314
f 4316 4226 4225
f 4316 4225 4315
f 4316 4228 4226
f 4230 4317 4229
f 4281 4190 4229
f 4317 4281 4229
f 4318 4281 4317
f 4281 4319 4282
f 4281 4318 4319
f 4282 4320 4283
f 4282 4319 4320
f 4283 4321 4284
f 4283 4320 4321
f 4284 4322 4285
f 4284 4321 4322
f 4285 4323 4286
f 4285 4322 4323
f 4286 4324 4287
f 4286 4323 4324
f 4287 4325 4288
f 4287 4324 4325
f 4288 4326 4289
f 4288 4325 4326
f 4289 4327 4290
f 4289 4326 4327
f 4290 4328 4291
f 4290 4327 4328
f 4291 4329 4292
f 4291 4328 4329
f 4292 4330 4293
f 4292 4329 4330
f 4293 4331 4294
f 4293 4330 4331
f 4294 4332 4295
f 4294 4331 4332
f 4295 4333 4296
f 4295 4332 4333
f 4296 4334 4297
f 4296 4333 4334
f 4297 4335 4298
f 4297 4334 4335
f 4298 4336 4299
f 4298 4335 4336
f 4299 4337 4300
f 4299 4336 4337
f 4300 4338 4301
f 4300 4337 4338
f 4301 4339 4302
f 4301 4338 4339
f 4302 4340 4303
f 4302 4339 4340
f 4303 4341 4304
f 4303 4340 4341
f 4304 4342 4305
f 4304 4341 4342
f 4305 4343 4306
f 4305 4342 4343
f 4306 4344 4307
f 4306 4343 4344
f 4307 4345 4308
f 4307 4344 4345
f 4308 4346 4309
f 4308 4345 4346
f 4309 4347 4310
f 4309 4346 4347
f 4310 4348 4311
f 4310 4347 4348
f 4311 4349 4312
f 4311 4348 4349
f 4312 4350 4313
f 4312 4349 4350
f 4313 4351 4314
f 4313 4350 4351
f 4314 4352 4315
f 4314 4351 4352
f 4315 4353 4316
f 4315 4352 4353
f 4354 4231 4228
f 4316 4354 4228
f 4353 4354 4316
f 4354 4232 4231
f 4233 4355 4317
f 4233 4317 4230
f 4317 4356 4318
f 4317 4355 4356
f 4318 4357 4319
f 4318 4356 4357
f 4319 4358 4320
f 4319 4357 4358
f 4320 4359 4321
f 4320 4358 4359
f 4321 4360 4322
f 4321 4359 4360
f 4322 4361 4323
f 4322 4360 4361
f 4323 4362 4324
f 4323 4361 4362
f 4324 4363 4325
f 4324 4362 4363
f 4325 4364 4326
f 4325 4363 4364
f 4326 4365 4327
f 4326 4364 4365
f 4327 4366 4328
f 4327 4365 4366
f 4328 4367 4329
f 4328 4366 4367
f 4329 4368 4330
f 4329 4367 4368
f 4330 4369 4331
f 4330 4368 4369
f 4331 4370 4332
f 4331 4369 4370
f 4332 4371 4333
f 4332 4370 4371
f 4333 4372 4334
f 4333 4371 4372
f 4334 4373 4335
f 4334 4372 4373
f 4335 4374 4336
f 4335 4373 4374
f 4336 4375 4337
f 4336 4374 4375
f 4337 4376 4338
f 4337 4375 4376
f 4338 4377 4339
f 4338 4376 4377
f 4339 4378 4340
f 4339 4377 4378
f 4340 4379 4341
f 4340 4378 4379
f 4341 4380 4342
f 4341 4379 4380
f 4342 4381 4343
f 4342 4380 4381
f 4343 4382 4344
f 4343 4381 4382
f 4344 4383 4345
f 4344 4382 4383
f 4345 4384 4346
f 4345 4383 4384
f 4346 4385 4347
f 4346 4384 4385
f 4347 4386 4348
f 4347 4385 4386
f 4348 4387 4349
f 4348 4386 4387
f 4349 4388 4350
f 4349 4387 4388
f 4350 4389 4351
f 4350 4388 4389
f 4351 4390 4352
f 4351 4389 4390
f 4352 4391 4353
f 4352 4390 4391
f 4353 4392 4354
f 4353 4391 4392
f 4392 4234 4232
f 4392 4232 4354
f 4235 4393 4355
f 4235 4355 4233
f 4355 4394 4356
f 4355 4393 4394
f 4356 4395 4357
f 4356 4394 4395
f 4357 4396 4358
f 4357 4395 4396
f 4358 4397 4359
f 4358 4396 4397
f 4359 4398 4360
f 4359 4397 4398
f 4360 4399 4361
f 4360 4398 4399
f 4361 4400 4362
f 4361 4399 4400
f 4362 4401 4363
f 4362 4400 4401
f 4363 4402 4364
f 4363 4401 4402
f 4364 4403 4365
f 4364 4402 4403
f 4365 4404 4366
f 4365 4403 4404
f 4366 4405 4367
f 4366 4404 4405
f 4367 4406 4368
f 4367 4405 4406
f 4368 4407 4369
f 4368 4406 4407
f 4369 4408 4370
f 4369 4407 4408
f 4370 4409 4371
f 4370 4408 4409
f 4371 4410 4372
f 4371 4409 4410
f 4372 4411 4373
f 4372 4410 4411
f 4373 4412 4374
f 4373 4411 4412
f 4374 4413 4375
f 4374 4412 4413
f 4375 4414 4376
f 4375 4413 4414
f 4376 4415 4377
f 4376 4414 4415
f 4377 4416 4378
f 4377 4415 4416
f 4378 4417 4379
f 4378 4416 4417
f 4379 4418 4380
f 4379 4417 4418
f 4380 4419 4381
f 4380 4418 4419
f 4381 4420 4382
f 4381 4419 4420
f 4382 4421 4383
f 4382 4420 4421
f 4383 4422 4384
f 4383 4421 4422
f 4384 4423 4385
f 4384 4422 4423
f 4385 4424 4386
f 4385 4423 4424
f 4386 4425 4387
f 4386 4424 4425
f 4387 4426 4388
f 4387 4425 4426
f 4388 4427 4389
f 4388 4426 4427
f 4389 4428 4390
f 4389 4427 4428
f 4390 4429 4391
f 4390 4428 4429
f 4391 4430 4392
f 4391 4429 4430
f 4430 4236 4234
f 4430 4234 4392
f 4237 4431 4393
f 4237 4393 4235
f 4393 4432 4394
f 4393 4431 4432
f 4394 4433 4395
f 4394 4432 4433
f 4395 4434 4396
f 4395 4433 4434
f 4396 4435 4397
f 4396 4434 4435
f 4397 4436 4398
f 4397 4435 4436
f 4398 4437 4399
f 4398 4436 4437
f 4399 4438 4400
f 4399 4437 4438
f 4400 4439 4401
f 4400 4438 4439
f 4401 4440 4402
f 4401 4439 4440
f 4402 4441 4403
f 4402 4440 4441
f 4403 4442 4404
f 4403 4441 4442
f 4404 4443 4405
f 4404 4442 4443
f 4405 4444 4406
f 4405 4443 4444
f 4406 4445 4407
f 4406 4444 4445
f 4407 4446 4408
f 4407 4445 4446
f 4408 4447 4409
f 4408 4446 4447
f 4409 4448 4410
f 4409 4447 4448
f 4410 4449 4411
f 4410 4448 4449
f 4411 4450 4412
f 4411 4449 4450
f 4412 4451 4413
f 4412 4450 4451
f 4413 4452 4414
f 4413 4451 4452
f 4414 4453 4415
f 4414 4452 4453
f 4415 4454 4416
f 4415 4453 4454
f 4416 4455 4417
f 4416 4454 4455
f 4417 4456 4418
f 4417 4455 4456
f 4418 4457 4419
f 4418 4456 4457
f 4419 4458 4420
f 4419 4457 4458
f 4420 4459 4421
f 4420 4458 4459
f 4421 4460 4422
f 4421 4459 4460
f 4422 4461 4423
f 4422 4460 4461
f 4423 4462 4424
f 4423 4461 4462
f 4424 4463 4425
f 4424 4462 4463
f 4425 4464 4426
f 4425 4463 4464
f 4426 4465 4427
f 4426 4464 4465
f 4427 4466 4428
f 4427 4465 4466
f 4428 4467 4429
f 4428 4466 4467
f 4429 4468 4430
f 4429 4467 4468
f 4468 4238 4236
f 4468 4236 4430
f 4239 4431 4237
f 4431 4239 4241
f 4469 4431 4241
f 4432 4431 4469
f 4432 4470 4433
f 4432 4469 4470
f 4433 4471 4434
f 4433 4470 4471
f 4434 4472 4435
f 4434 4471 4472
f 4435 4473 4436
f 4435 4472 4473
f 4436 4474 4437
f 4436 4473 4474
f 4437 4475 4438
f 4437 4474 4475
f 4438 4476 4439
f 4438 4475 4476
f 4439 4477 4440
f 4439 4476 4477
f 4440 4478 4441
f 4440 4477 4478
f 4441 4479 4442
f 4441 4478 4479
f 4442 4480 4443
f 4442 4479 4480
f 4443 4481 4444
f 4443 4480 4481
f 4444 4482 4445
f 4444 4481 4482
f 4445 4483 4446
f 4445 4482 4483
f 4446 4484 4447
f 4446 4483 4484
f 4447 4485 4448
f 4447 4484 4485
f 4448 4486 4449
f 4448 4485 4486
f 4449 4487 4450
f 4449 4486 4487
f 4450 4488 4451
f 4450 4487 4488
f 4451 4489 4452
f 4451 4488 4489
f 4452 4490 4453
f 4452 4489 4490
f 4453 4491 4454
f 4453 4490 4491
f 4454 4492 4455
f 4454 4491 4492
f 4455 4493 4456
f 4455 4492 4493
f 4456 4494 4457
f 4456 4493 4494
f 4457 4495 4458
f 4457 4494 4495
f 4458 4496 4459
f 4458 4495 4496
f 4459 4497 4460
f 4459 4496 4497
f 4460 4498 4461
f 4460 4497 4498
f 4461 4499 4462
f 4461 4498 4499
f 4462 4500 4463
f 4462 4499 4500
f 4463 4501 4464
f 4463 4500 4501
f 4464 4502 4465
f 4464 4501 4502
f 4465 4503 4466
f 4465 4502 4503
f 4466 4504 4467
f 4466 4503 4504
f 4504 4243 4244
f 4468 4504 4244
f 4467 4504 4468
f 4468 4244 4238
f 4245 4469 4241
f 4469 4245 4246
f 4469 4246 4470
f 4470 4246 4247
f 4470 4247 4471
f 4471 4247 4248
f 4471 4248 4472
f 4472 4248 4249
f 4472 4249 4473
f 4473 4249 4250
f 4473 4250 4474
f 4474 4250 4251
f 4474 4251 4475
f 4475 4251 4252
f 4475 4252 4476
f 4476 4252 4253
f 4476 4253 4477
f 4477 4253 4254
f 4477 4254 4478
f 4478 4254 4255
f 4478 4255 4479
f 4479 4255 4256
f 4479 4256 4480
f 4480 4256 4257
f 4480 4257 4481
f 4481 4257 4258
f 4481 4258 4482
f 4482 4258 4259
f 4482 4259 4483
f 4483 4259 4260
f 4483 4260 4484
f 4484 4260 4261
f 4484 4261 4485
f 4485 4261 4262
f 4485 4262 4486
f 4486 4262 4263
f 4486 4263 4487
f 4487 4263 4264
f 4487 4264 4488
f 4488 4264 4265
f 4488 4265 4489
f 4489 4265 4266
f 4489 4266 4490
f 4490 4266 4267
f 4490 4267 4491
f 4491 4267 4268
f 4491 4268 4492
f 4492 4268 4269
f 4492 4269 4493
f 4493 4269 4270
f 4493 4270 4494
f 4494 4270 4271
f 4494 4271 4495
f 4495 4271 4272
f 4495 4272 4496
f 4496 4272 4273
f 4496 4273 4497
f 4497 4273 4274
f 4497 4274 4498
f 4498 4274 4275
f 4498 4275 4499
f 4499 4275 4276
f 4499 4276 4500
f 4500 4276 4277
f 4500 4277 4501
f 4501 4277 4278
f 4501 4278 4502
f 4502 4278 4279
f 4502 4279 4503
f 4503 4279 4280
f 4503 4280 4504
f 4504 4280 4243

