# https://github.com/mikedh/trimesh
v -0.05831001 -0.03217432 -0.03876064
v -0.05795364 -0.03262366 -0.03876064
v -0.05795364 -0.03217432 -0.04019093
v -0.05834846 -0.03217432 -0.03654574
v -0.05795364 -0.03267207 -0.03654574
v -0.05834846 -0.03217432 -0.03433085
v -0.05795364 -0.03267207 -0.03433085
v -0.05834846 -0.03217432 -0.03211596
v -0.05795364 -0.03267207 -0.03211596
v -0.05834846 -0.03217432 -0.02990106
v -0.05795364 -0.03267207 -0.02990106
v -0.05834846 -0.03217432 -0.02768617
v -0.05795364 -0.03267207 -0.02768617
v -0.05834846 -0.03217432 -0.02547128
v -0.05795364 -0.03267207 -0.02547128
v -0.05834846 -0.03217432 -0.02325638
v -0.05795364 -0.03267207 -0.02325638
v -0.05834846 -0.03217432 -0.02104149
v -0.05795364 -0.03267207 -0.02104149
v -0.05834846 -0.03217432 -0.01882660
v -0.05795364 -0.03267207 -0.01882660
v -0.05834846 -0.03217432 -0.01661170
v -0.05795364 -0.03267207 -0.01661170
v -0.05834846 -0.03217432 -0.01439681
v -0.05795364 -0.03267207 -0.01439681
v -0.05834846 -0.03217432 -0.01218191
v -0.05795364 -0.03267207 -0.01218191
v -0.05834846 -0.03217432 -0.00996702
v -0.05795364 -0.03267207 -0.00996702
v -0.05834846 -0.03217432 -0.00775213
v -0.05795364 -0.03267207 -0.00775213
v -0.05834846 -0.03217432 -0.00553723
v -0.05795364 -0.03267207 -0.00553723
v -0.05834846 -0.03217432 -0.00332234
v -0.05795364 -0.03267207 -0.00332234
v -0.05834846 -0.03217432 -0.00110745
v -0.05795364 -0.03267207 -0.00110745
v -0.05834846 -0.03217432 0.00110745
v -0.05795364 -0.03267207 0.00110745
v -0.05834846 -0.03217432 0.00332234
v -0.05795364 -0.03267207 0.00332234
v -0.05834846 -0.03217432 0.00553723
v -0.05795364 -0.03267207 0.00553723
v -0.05834846 -0.03217432 0.00775213
v -0.05795364 -0.03267207 0.00775213
v -0.05834846 -0.03217432 0.00996702
v -0.05795364 -0.03267207 0.00996702
v -0.05834846 -0.03217432 0.01218191
v -0.05795364 -0.03267207 0.01218191
v -0.05834846 -0.03217432 0.01439681
v -0.05795364 -0.03267207 0.01439681
v -0.05834846 -0.03217432 0.01661170
v -0.05795364 -0.03267207 0.01661170
v -0.05834846 -0.03217432 0.01882660
v -0.05795364 -0.03267207 0.01882660
v -0.05834846 -0.03217432 0.02104149
v -0.05795364 -0.03267207 0.02104149
v -0.05834846 -0.03217432 0.02325638
v -0.05795364 -0.03267207 0.02325638
v -0.05834846 -0.03217432 0.02547128
v -0.05795364 -0.03267207 0.02547128
v -0.05834846 -0.03217432 0.02768617
v -0.05795364 -0.03267207 0.02768617
v -0.05834846 -0.03217432 0.02990106
v -0.05795364 -0.03267207 0.02990106
v -0.05834846 -0.03217432 0.03211596
v -0.05795364 -0.03267207 0.03211596
v -0.05834846 -0.03217432 0.03433085
v -0.05795364 -0.03267207 0.03433085
v -0.05834846 -0.03217432 0.03654574
v -0.05795364 -0.03267207 0.03654574
v -0.05831001 -0.03217432 0.03876064
v -0.05795364 -0.03262366 0.03876064
v -0.05795364 -0.03217432 0.04019094
v -0.05894494 -0.02995541 -0.04097553
v -0.05795364 -0.03182546 -0.04097553
v -0.05795364 -0.02995541 -0.04283757
v -0.05945722 -0.02995541 -0.03876064
v -0.05949204 -0.02995541 -0.03654574
v -0.05949204 -0.02995541 -0.03433085
v -0.05949204 -0.02995541 -0.03211596
v -0.05949204 -0.02995541 -0.02990106
v -0.05949204 -0.02995541 -0.02768617
v -0.05949204 -0.02995541 -0.02547128
v -0.05949204 -0.02995541 -0.02325638
v -0.05949204 -0.02995541 -0.02104149
v -0.05949204 -0.02995541 -0.01882660
v -0.05949204 -0.02995541 -0.01661170
v -0.05949204 -0.02995541 -0.01439681
v -0.05949204 -0.02995541 -0.01218191
v -0.05949204 -0.02995541 -0.00996702
v -0.05949204 -0.02995541 -0.00775213
v -0.05949204 -0.02995541 -0.00553723
v -0.05949204 -0.02995541 -0.00332234
v -0.05949204 -0.02995541 -0.00110745
v -0.05949204 -0.02995541 0.00110745
v -0.05949204 -0.02995541 0.00332234
v -0.05949204 -0.02995541 0.00553723
v -0.05949204 -0.02995541 0.00775213
v -0.05949204 -0.02995541 0.00996702
v -0.05949204 -0.02995541 0.01218191
v -0.05949204 -0.02995541 0.01439681
v -0.05949204 -0.02995541 0.01661170
v -0.05949204 -0.02995541 0.01882660
v -0.05949204 -0.02995541 0.02104149
v -0.05949204 -0.02995541 0.02325638
v -0.05949204 -0.02995541 0.02547128
v -0.05949204 -0.02995541 0.02768617
v -0.05949204 -0.02995541 0.02990106
v -0.05949204 -0.02995541 0.03211596
v -0.05949204 -0.02995541 0.03433085
v -0.05949204 -0.02995541 0.03654574
v -0.05945722 -0.02995541 0.03876064
v -0.05795364 -0.03182546 0.04097553
v -0.05894494 -0.02995541 0.04097553
v -0.05795364 -0.02995541 0.04283757
v -0.05830131 -0.02773649 -0.04319043
v -0.05795364 -0.02914840 -0.04319043
v -0.05795364 -0.02773649 -0.04362784
v -0.05945220 -0.02773649 -0.04097553
v -0.05993679 -0.02773649 -0.03876064
v -0.05996949 -0.02773649 -0.03654574
v -0.05996949 -0.02773649 -0.03433085
v -0.05996949 -0.02773649 -0.03211596
v -0.05996949 -0.02773649 -0.02990106
v -0.05996949 -0.02773649 -0.02768617
v -0.05996949 -0.02773649 -0.02547128
v -0.05996949 -0.02773649 -0.02325638
v -0.05996949 -0.02773649 -0.02104149
v -0.05996949 -0.02773649 -0.01882660
v -0.05996949 -0.02773649 -0.01661170
v -0.05996949 -0.02773649 -0.01439681
v -0.05996949 -0.02773649 -0.01218191
v -0.05996949 -0.02773649 -0.00996702
v -0.05996949 -0.02773649 -0.00775213
v -0.05996949 -0.02773649 -0.00553723
v -0.05996949 -0.02773649 -0.00332234
v -0.05996949 -0.02773649 -0.00110745
v -0.05996949 -0.02773649 0.00110745
v -0.05996949 -0.02773649 0.00332234
v -0.05996949 -0.02773649 0.00553723
v -0.05996949 -0.02773649 0.00775213
v -0.05996949 -0.02773649 0.00996702
v -0.05996949 -0.02773649 0.01218191
v -0.05996949 -0.02773649 0.01439681
v -0.05996949 -0.02773649 0.01661170
v -0.05996949 -0.02773649 0.01882660
v -0.05996949 -0.02773649 0.02104149
v -0.05996949 -0.02773649 0.02325638
v -0.05996949 -0.02773649 0.02547128
v -0.05996949 -0.02773649 0.02768617
v -0.05996949 -0.02773649 0.02990106
v -0.05996949 -0.02773649 0.03211596
v -0.05996949 -0.02773649 0.03433085
v -0.05996949 -0.02773649 0.03654574
v -0.05993679 -0.02773649 0.03876064
v -0.05945220 -0.02773649 0.04097553
v -0.05795364 -0.02914840 0.04319043
v -0.05830131 -0.02773649 0.04319043
v -0.05795364 -0.02773649 0.04362784
v -0.05833738 -0.02551757 -0.04319043
v -0.05795364 -0.02551757 -0.04367316
v -0.05948487 -0.02551757 -0.04097553
v -0.05996745 -0.02551757 -0.03876064
v -0.06000000 -0.02551757 -0.03654574
v -0.06000000 -0.02551757 -0.03433085
v -0.06000000 -0.02551757 -0.03211596
v -0.06000000 -0.02551757 -0.02990106
v -0.06000000 -0.02551757 -0.02768617
v -0.06000000 -0.02551757 -0.02547128
v -0.06000000 -0.02551757 -0.02325638
v -0.06000000 -0.02551757 -0.02104149
v -0.06000000 -0.02551757 -0.01882660
v -0.06000000 -0.02551757 -0.01661170
v -0.06000000 -0.02551757 -0.01439681
v -0.06000000 -0.02551757 -0.01218191
v -0.06000000 -0.02551757 -0.00996702
v -0.06000000 -0.02551757 -0.00775213
v -0.06000000 -0.02551757 -0.00553723
v -0.06000000 -0.02551757 -0.00332234
v -0.06000000 -0.02551757 -0.00110745
v -0.06000000 -0.02551757 0.00110745
v -0.06000000 -0.02551757 0.00332234
v -0.06000000 -0.02551757 0.00553723
v -0.06000000 -0.02551757 0.00775213
v -0.06000000 -0.02551757 0.00996702
v -0.06000000 -0.02551757 0.01218191
v -0.06000000 -0.02551757 0.01439681
v -0.06000000 -0.02551757 0.01661170
v -0.06000000 -0.02551757 0.01882660
v -0.06000000 -0.02551757 0.02104149
v -0.06000000 -0.02551757 0.02325638
v -0.06000000 -0.02551757 0.02547128
v -0.06000000 -0.02551757 0.02768617
v -0.06000000 -0.02551757 0.02990106
v -0.06000000 -0.02551757 0.03211596
v -0.06000000 -0.02551757 0.03433085
v -0.06000000 -0.02551757 0.03654574
v -0.05996745 -0.02551757 0.03876064
v -0.05948487 -0.02551757 0.04097553
v -0.05833738 -0.02551757 0.04319043
v -0.05795364 -0.02551757 0.04367316
v -0.05833738 -0.02329865 -0.04319043
v -0.05795364 -0.02329865 -0.04367316
v -0.05948487 -0.02329865 -0.04097553
v -0.05996745 -0.02329865 -0.03876064
v -0.06000000 -0.02329865 -0.03654574
v -0.06000000 -0.02329865 -0.03433085
v -0.06000000 -0.02329865 -0.03211596
v -0.06000000 -0.02329865 -0.02990106
v -0.06000000 -0.02329865 -0.02768617
v -0.06000000 -0.02329865 -0.02547128
v -0.06000000 -0.02329865 -0.02325638
v -0.06000000 -0.02329865 -0.02104149
v -0.06000000 -0.02329865 -0.01882660
v -0.06000000 -0.02329865 -0.01661170
v -0.06000000 -0.02329865 -0.01439681
v -0.06000000 -0.02329865 -0.01218191
v -0.06000000 -0.02329865 -0.00996702
v -0.06000000 -0.02329865 -0.00775213
v -0.06000000 -0.02329865 -0.00553723
v -0.06000000 -0.02329865 -0.00332234
v -0.06000000 -0.02329865 -0.00110745
v -0.06000000 -0.02329865 0.00110745
v -0.06000000 -0.02329865 0.00332234
v -0.06000000 -0.02329865 0.00553723
v -0.06000000 -0.02329865 0.00775213
v -0.06000000 -0.02329865 0.00996702
v -0.06000000 -0.02329865 0.01218191
v -0.06000000 -0.02329865 0.01439681
v -0.06000000 -0.02329865 0.01661170
v -0.06000000 -0.02329865 0.01882660
v -0.06000000 -0.02329865 0.02104149
v -0.06000000 -0.02329865 0.02325638
v -0.06000000 -0.02329865 0.02547128
v -0.06000000 -0.02329865 0.02768617
v -0.06000000 -0.02329865 0.02990106
v -0.06000000 -0.02329865 0.03211596
v -0.06000000 -0.02329865 0.03433085
v -0.06000000 -0.02329865 0.03654574
v -0.05996745 -0.02329865 0.03876064
v -0.05948487 -0.02329865 0.04097553
v -0.05833738 -0.02329865 0.04319043
v -0.05795364 -0.02329865 0.04367316
v -0.05833738 -0.02107973 -0.04319043
v -0.05795364 -0.02107973 -0.04367316
v -0.05948487 -0.02107973 -0.04097553
v -0.05996745 -0.02107973 -0.03876064
v -0.06000000 -0.02107973 -0.03654574
v -0.06000000 -0.02107973 -0.03433085
v -0.06000000 -0.02107973 -0.03211596
v -0.06000000 -0.02107973 -0.02990106
v -0.06000000 -0.02107973 -0.02768617
v -0.06000000 -0.02107973 -0.02547128
v -0.06000000 -0.02107973 -0.02325638
v -0.06000000 -0.02107973 -0.02104149
v -0.06000000 -0.02107973 -0.01882660
v -0.06000000 -0.02107973 -0.01661170
v -0.06000000 -0.02107973 -0.01439681
v -0.06000000 -0.02107973 -0.01218191
v -0.06000000 -0.02107973 -0.00996702
v -0.06000000 -0.02107973 -0.00775213
v -0.06000000 -0.02107973 -0.00553723
v -0.06000000 -0.02107973 -0.00332234
v -0.06000000 -0.02107973 -0.00110745
v -0.06000000 -0.02107973 0.00110745
v -0.06000000 -0.02107973 0.00332234
v -0.06000000 -0.02107973 0.00553723
v -0.06000000 -0.02107973 0.00775213
v -0.06000000 -0.02107973 0.00996702
v -0.06000000 -0.02107973 0.01218191
v -0.06000000 -0.02107973 0.01439681
v -0.06000000 -0.02107973 0.01661170
v -0.06000000 -0.02107973 0.01882660
v -0.06000000 -0.02107973 0.02104149
v -0.06000000 -0.02107973 0.02325638
v -0.06000000 -0.02107973 0.02547128
v -0.06000000 -0.02107973 0.02768617
v -0.06000000 -0.02107973 0.02990106
v -0.06000000 -0.02107973 0.03211596
v -0.06000000 -0.02107973 0.03433085
v -0.06000000 -0.02107973 0.03654574
v -0.05996745 -0.02107973 0.03876064
v -0.05948487 -0.02107973 0.04097553
v -0.05833738 -0.02107973 0.04319043
v -0.05795364 -0.02107973 0.04367316
v -0.05833738 -0.01886081 -0.04319043
v -0.05795364 -0.01886081 -0.04367316
v -0.05948487 -0.01886081 -0.04097553
v -0.05996745 -0.01886081 -0.03876064
v -0.06000000 -0.01886081 -0.03654574
v -0.06000000 -0.01886081 -0.03433085
v -0.06000000 -0.01886081 -0.03211596
v -0.06000000 -0.01886081 -0.02990106
v -0.06000000 -0.01886081 -0.02768617
v -0.06000000 -0.01886081 -0.02547128
v -0.06000000 -0.01886081 -0.02325638
v -0.06000000 -0.01886081 -0.02104149
v -0.06000000 -0.01886081 -0.01882660
v -0.06000000 -0.01886081 -0.01661170
v -0.06000000 -0.01886081 -0.01439681
v -0.06000000 -0.01886081 -0.01218191
v -0.06000000 -0.01886081 -0.00996702
v -0.06000000 -0.01886081 -0.00775213
v -0.06000000 -0.01886081 -0.00553723
v -0.06000000 -0.01886081 -0.00332234
v -0.06000000 -0.01886081 -0.00110745
v -0.06000000 -0.01886081 0.00110745
v -0.06000000 -0.01886081 0.00332234
v -0.06000000 -0.01886081 0.00553723
v -0.06000000 -0.01886081 0.00775213
v -0.06000000 -0.01886081 0.00996702
v -0.06000000 -0.01886081 0.01218191
v -0.06000000 -0.01886081 0.01439681
v -0.06000000 -0.01886081 0.01661170
v -0.06000000 -0.01886081 0.01882660
v -0.06000000 -0.01886081 0.02104149
v -0.06000000 -0.01886081 0.02325638
v -0.06000000 -0.01886081 0.02547128
v -0.06000000 -0.01886081 0.02768617
v -0.06000000 -0.01886081 0.02990106
v -0.06000000 -0.01886081 0.03211596
v -0.06000000 -0.01886081 0.03433085
v -0.06000000 -0.01886081 0.03654574
v -0.05996745 -0.01886081 0.03876064
v -0.05948487 -0.01886081 0.04097553
v -0.05833738 -0.01886081 0.04319043
v -0.05795364 -0.01886081 0.04367316
v -0.05833738 -0.01664189 -0.04319043
v -0.05795364 -0.01664189 -0.04367316
v -0.05948487 -0.01664189 -0.04097553
v -0.05996745 -0.01664189 -0.03876064
v -0.06000000 -0.01664189 -0.03654574
v -0.06000000 -0.01664189 -0.03433085
v -0.06000000 -0.01664189 -0.03211596
v -0.06000000 -0.01664189 -0.02990106
v -0.06000000 -0.01664189 -0.02768617
v -0.06000000 -0.01664189 -0.02547128
v -0.06000000 -0.01664189 -0.02325638
v -0.06000000 -0.01664189 -0.02104149
v -0.06000000 -0.01664189 -0.01882660
v -0.06000000 -0.01664189 -0.01661170
v -0.06000000 -0.01664189 -0.01439681
v -0.06000000 -0.01664189 -0.01218191
v -0.06000000 -0.01664189 -0.00996702
v -0.06000000 -0.01664189 -0.00775213
v -0.06000000 -0.01664189 -0.00553723
v -0.06000000 -0.01664189 -0.00332234
v -0.06000000 -0.01664189 -0.00110745
v -0.06000000 -0.01664189 0.00110745
v -0.06000000 -0.01664189 0.00332234
v -0.06000000 -0.01664189 0.00553723
v -0.06000000 -0.01664189 0.00775213
v -0.06000000 -0.01664189 0.00996702
v -0.06000000 -0.01664189 0.01218191
v -0.06000000 -0.01664189 0.01439681
v -0.06000000 -0.01664189 0.01661170
v -0.06000000 -0.01664189 0.01882660
v -0.06000000 -0.01664189 0.02104149
v -0.06000000 -0.01664189 0.02325638
v -0.06000000 -0.01664189 0.02547128
v -0.06000000 -0.01664189 0.02768617
v -0.06000000 -0.01664189 0.02990106
v -0.06000000 -0.01664189 0.03211596
v -0.06000000 -0.01664189 0.03433085
v -0.06000000 -0.01664189 0.03654574
v -0.05996745 -0.01664189 0.03876064
v -0.05948487 -0.01664189 0.04097553
v -0.05833738 -0.01664189 0.04319043
v -0.05795364 -0.01664189 0.04367316
v -0.05833738 -0.01442297 -0.04319043
v -0.05795364 -0.01442297 -0.04367316
v -0.05948487 -0.01442297 -0.04097553
v -0.05996745 -0.01442297 -0.03876064
v -0.06000000 -0.01442297 -0.03654574
v -0.06000000 -0.01442297 -0.03433085
v -0.06000000 -0.01442297 -0.03211596
v -0.06000000 -0.01442297 -0.02990106
v -0.06000000 -0.01442297 -0.02768617
v -0.06000000 -0.01442297 -0.02547128
v -0.06000000 -0.01442297 -0.02325638
v -0.06000000 -0.01442297 -0.02104149
v -0.06000000 -0.01442297 -0.01882660
v -0.06000000 -0.01442297 -0.01661170
v -0.06000000 -0.01442297 -0.01439681
v -0.06000000 -0.01442297 -0.01218191
v -0.06000000 -0.01442297 -0.00996702
v -0.06000000 -0.01442297 -0.00775213
v -0.06000000 -0.01442297 -0.00553723
v -0.06000000 -0.01442297 -0.00332234
v -0.06000000 -0.01442297 -0.00110745
v -0.06000000 -0.01442297 0.00110745
v -0.06000000 -0.01442297 0.00332234
v -0.06000000 -0.01442297 0.00553723
v -0.06000000 -0.01442297 0.00775213
v -0.06000000 -0.01442297 0.00996702
v -0.06000000 -0.01442297 0.01218191
v -0.06000000 -0.01442297 0.01439681
v -0.06000000 -0.01442297 0.01661170
v -0.06000000 -0.01442297 0.01882660
v -0.06000000 -0.01442297 0.02104149
v -0.06000000 -0.01442297 0.02325638
v -0.06000000 -0.01442297 0.02547128
v -0.06000000 -0.01442297 0.02768617
v -0.06000000 -0.01442297 0.02990106
v -0.06000000 -0.01442297 0.03211596
v -0.06000000 -0.01442297 0.03433085
v -0.06000000 -0.01442297 0.03654574
v -0.05996745 -0.01442297 0.03876064
v -0.05948487 -0.01442297 0.04097553
v -0.05833738 -0.01442297 0.04319043
v -0.05795364 -0.01442297 0.04367316
v -0.05833738 -0.01220405 -0.04319043
v -0.05795364 -0.01220405 -0.04367316
v -0.05948487 -0.01220405 -0.04097553
v -0.05996745 -0.01220405 -0.03876064
v -0.06000000 -0.01220405 -0.03654574
v -0.06000000 -0.01220405 -0.03433085
v -0.06000000 -0.01220405 -0.03211596
v -0.06000000 -0.01220405 -0.02990106
v -0.06000000 -0.01220405 -0.02768617
v -0.06000000 -0.01220405 -0.02547128
v -0.06000000 -0.01220405 -0.02325638
v -0.06000000 -0.01220405 -0.02104149
v -0.06000000 -0.01220405 -0.01882660
v -0.06000000 -0.01220405 -0.01661170
v -0.06000000 -0.01220405 -0.01439681
v -0.06000000 -0.01220405 -0.01218191
v -0.06000000 -0.01220405 -0.00996702
v -0.06000000 -0.01220405 -0.00775213
v -0.06000000 -0.01220405 -0.00553723
v -0.06000000 -0.01220405 -0.00332234
v -0.06000000 -0.01220405 -0.00110745
v -0.06000000 -0.01220405 0.00110745
v -0.06000000 -0.01220405 0.00332234
v -0.06000000 -0.01220405 0.00553723
v -0.06000000 -0.01220405 0.00775213
v -0.06000000 -0.01220405 0.00996702
v -0.06000000 -0.01220405 0.01218191
v -0.06000000 -0.01220405 0.01439681
v -0.06000000 -0.01220405 0.01661170
v -0.06000000 -0.01220405 0.01882660
v -0.06000000 -0.01220405 0.02104149
v -0.06000000 -0.01220405 0.02325638
v -0.06000000 -0.01220405 0.02547128
v -0.06000000 -0.01220405 0.02768617
v -0.06000000 -0.01220405 0.02990106
v -0.06000000 -0.01220405 0.03211596
v -0.06000000 -0.01220405 0.03433085
v -0.06000000 -0.01220405 0.03654574
v -0.05996745 -0.01220405 0.03876064
v -0.05948487 -0.01220405 0.04097553
v -0.05833738 -0.01220405 0.04319043
v -0.05795364 -0.01220405 0.04367316
v -0.05833738 -0.00998514 -0.04319043
v -0.05795364 -0.00998514 -0.04367316
v -0.05948487 -0.00998514 -0.04097553
v -0.05996745 -0.00998514 -0.03876064
v -0.06000000 -0.00998514 -0.03654574
v -0.06000000 -0.00998514 -0.03433085
v -0.06000000 -0.00998514 -0.03211596
v -0.06000000 -0.00998514 -0.02990106
v -0.06000000 -0.00998514 -0.02768617
v -0.06000000 -0.00998514 -0.02547128
v -0.06000000 -0.00998514 -0.02325638
v -0.06000000 -0.00998514 -0.02104149
v -0.06000000 -0.00998514 -0.01882660
v -0.06000000 -0.00998514 -0.01661170
v -0.06000000 -0.00998514 -0.01439681
v -0.06000000 -0.00998514 -0.01218191
v -0.06000000 -0.00998514 -0.00996702
v -0.06000000 -0.00998514 -0.00775213
v -0.06000000 -0.00998514 -0.00553723
v -0.06000000 -0.00998514 -0.00332234
v -0.06000000 -0.00998514 -0.00110745
v -0.06000000 -0.00998514 0.00110745
v -0.06000000 -0.00998514 0.00332234
v -0.06000000 -0.00998514 0.00553723
v -0.06000000 -0.00998514 0.00775213
v -0.06000000 -0.00998514 0.00996702
v -0.06000000 -0.00998514 0.01218191
v -0.06000000 -0.00998514 0.01439681
v -0.06000000 -0.00998514 0.01661170
v -0.06000000 -0.00998514 0.01882660
v -0.06000000 -0.00998514 0.02104149
v -0.06000000 -0.00998514 0.02325638
v -0.06000000 -0.00998514 0.02547128
v -0.06000000 -0.00998514 0.02768617
v -0.06000000 -0.00998514 0.02990106
v -0.06000000 -0.00998514 0.03211596
v -0.06000000 -0.00998514 0.03433085
v -0.06000000 -0.00998514 0.03654574
v -0.05996745 -0.00998514 0.03876064
v -0.05948487 -0.00998514 0.04097553
v -0.05833738 -0.00998514 0.04319043
v -0.05795364 -0.00998514 0.04367316
v -0.05833738 -0.00776622 -0.04319043
v -0.05795364 -0.00776622 -0.04367316
v -0.05948487 -0.00776622 -0.04097553
v -0.05996745 -0.00776622 -0.03876064
v -0.06000000 -0.00776622 -0.03654574
v -0.06000000 -0.00776622 -0.03433085
v -0.06000000 -0.00776622 -0.03211596
v -0.06000000 -0.00776622 -0.02990106
v -0.06000000 -0.00776622 -0.02768617
v -0.06000000 -0.00776622 -0.02547128
v -0.06000000 -0.00776622 -0.02325638
v -0.06000000 -0.00776622 -0.02104149
v -0.06000000 -0.00776622 -0.01882660
v -0.06000000 -0.00776622 -0.01661170
v -0.06000000 -0.00776622 -0.01439681
v -0.06000000 -0.00776622 -0.01218191
v -0.06000000 -0.00776622 -0.00996702
v -0.06000000 -0.00776622 -0.00775213
v -0.06000000 -0.00776622 -0.00553723
v -0.06000000 -0.00776622 -0.00332234
v -0.06000000 -0.00776622 -0.00110745
v -0.06000000 -0.00776622 0.00110745
v -0.06000000 -0.00776622 0.00332234
v -0.06000000 -0.00776622 0.00553723
v -0.06000000 -0.00776622 0.00775213
v -0.06000000 -0.00776622 0.00996702
v -0.06000000 -0.00776622 0.01218191
v -0.06000000 -0.00776622 0.01439681
v -0.06000000 -0.00776622 0.01661170
v -0.06000000 -0.00776622 0.01882660
v -0.06000000 -0.00776622 0.02104149
v -0.06000000 -0.00776622 0.02325638
v -0.06000000 -0.00776622 0.02547128
v -0.06000000 -0.00776622 0.02768617
v -0.06000000 -0.00776622 0.02990106
v -0.06000000 -0.00776622 0.03211596
v -0.06000000 -0.00776622 0.03433085
v -0.06000000 -0.00776622 0.03654574
v -0.05996745 -0.00776622 0.03876064
v -0.05948487 -0.00776622 0.04097553
v -0.05833738 -0.00776622 0.04319043
v -0.05795364 -0.00776622 0.04367316
v -0.05833738 -0.00554730 -0.04319043
v -0.05795364 -0.00554730 -0.04367316
v -0.05948487 -0.00554730 -0.04097553
v -0.05996745 -0.00554730 -0.03876064
v -0.06000000 -0.00554730 -0.03654574
v -0.06000000 -0.00554730 -0.03433085
v -0.06000000 -0.00554730 -0.03211596
v -0.06000000 -0.00554730 -0.02990106
v -0.06000000 -0.00554730 -0.02768617
v -0.06000000 -0.00554730 -0.02547128
v -0.06000000 -0.00554730 -0.02325638
v -0.06000000 -0.00554730 -0.02104149
v -0.06000000 -0.00554730 -0.01882660
v -0.06000000 -0.00554730 -0.01661170
v -0.06000000 -0.00554730 -0.01439681
v -0.06000000 -0.00554730 -0.01218191
v -0.06000000 -0.00554730 -0.00996702
v -0.06000000 -0.00554730 -0.00775213
v -0.06000000 -0.00554730 -0.00553723
v -0.06000000 -0.00554730 -0.00332234
v -0.06000000 -0.00554730 -0.00110745
v -0.06000000 -0.00554730 0.00110745
v -0.06000000 -0.00554730 0.00332234
v -0.06000000 -0.00554730 0.00553723
v -0.06000000 -0.00554730 0.00775213
v -0.06000000 -0.00554730 0.00996702
v -0.06000000 -0.00554730 0.01218191
v -0.06000000 -0.00554730 0.01439681
v -0.06000000 -0.00554730 0.01661170
v -0.06000000 -0.00554730 0.01882660
v -0.06000000 -0.00554730 0.02104149
v -0.06000000 -0.00554730 0.02325638
v -0.06000000 -0.00554730 0.02547128
v -0.06000000 -0.00554730 0.02768617
v -0.06000000 -0.00554730 0.02990106
v -0.06000000 -0.00554730 0.03211596
v -0.06000000 -0.00554730 0.03433085
v -0.06000000 -0.00554730 0.03654574
v -0.05996745 -0.00554730 0.03876064
v -0.05948487 -0.00554730 0.04097553
v -0.05833738 -0.00554730 0.04319043
v -0.05795364 -0.00554730 0.04367316
v -0.05833738 -0.00332838 -0.04319043
v -0.05795364 -0.00332838 -0.04367316
v -0.05948487 -0.00332838 -0.04097553
v -0.05996745 -0.00332838 -0.03876064
v -0.06000000 -0.00332838 -0.03654574
v -0.06000000 -0.00332838 -0.03433085
v -0.06000000 -0.00332838 -0.03211596
v -0.06000000 -0.00332838 -0.02990106
v -0.06000000 -0.00332838 -0.02768617
v -0.06000000 -0.00332838 -0.02547128
v -0.06000000 -0.00332838 -0.02325638
v -0.06000000 -0.00332838 -0.02104149
v -0.06000000 -0.00332838 -0.01882660
v -0.06000000 -0.00332838 -0.01661170
v -0.06000000 -0.00332838 -0.01439681
v -0.06000000 -0.00332838 -0.01218191
v -0.06000000 -0.00332838 -0.00996702
v -0.06000000 -0.00332838 -0.00775213
v -0.06000000 -0.00332838 -0.00553723
v -0.06000000 -0.00332838 -0.00332234
v -0.06000000 -0.00332838 -0.00110745
v -0.06000000 -0.00332838 0.00110745
v -0.06000000 -0.00332838 0.00332234
v -0.06000000 -0.00332838 0.00553723
v -0.06000000 -0.00332838 0.00775213
v -0.06000000 -0.00332838 0.00996702
v -0.06000000 -0.00332838 0.01218191
v -0.06000000 -0.00332838 0.01439681
v -0.06000000 -0.00332838 0.01661170
v -0.06000000 -0.00332838 0.01882660
v -0.06000000 -0.00332838 0.02104149
v -0.06000000 -0.00332838 0.02325638
v -0.06000000 -0.00332838 0.02547128
v -0.06000000 -0.00332838 0.02768617
v -0.06000000 -0.00332838 0.02990106
v -0.06000000 -0.00332838 0.03211596
v -0.06000000 -0.00332838 0.03433085
v -0.06000000 -0.00332838 0.03654574
v -0.05996745 -0.00332838 0.03876064
v -0.05948487 -0.00332838 0.04097553
v -0.05833738 -0.00332838 0.04319043
v -0.05795364 -0.00332838 0.04367316
v -0.05833738 -0.00110946 -0.04319043
v -0.05795364 -0.00110946 -0.04367316
v -0.05948487 -0.00110946 -0.04097553
v -0.05996745 -0.00110946 -0.03876064
v -0.06000000 -0.00110946 -0.03654574
v -0.06000000 -0.00110946 -0.03433085
v -0.06000000 -0.00110946 -0.03211596
v -0.06000000 -0.00110946 -0.02990106
v -0.06000000 -0.00110946 -0.02768617
v -0.06000000 -0.00110946 -0.02547128
v -0.06000000 -0.00110946 -0.02325638
v -0.06000000 -0.00110946 -0.02104149
v -0.06000000 -0.00110946 -0.01882660
v -0.06000000 -0.00110946 -0.01661170
v -0.06000000 -0.00110946 -0.01439681
v -0.06000000 -0.00110946 -0.01218191
v -0.06000000 -0.00110946 -0.00996702
v -0.06000000 -0.00110946 -0.00775213
v -0.06000000 -0.00110946 -0.00553723
v -0.06000000 -0.00110946 -0.00332234
v -0.06000000 -0.00110946 -0.00110745
v -0.06000000 -0.00110946 0.00110745
v -0.06000000 -0.00110946 0.00332234
v -0.06000000 -0.00110946 0.00553723
v -0.06000000 -0.00110946 0.00775213
v -0.06000000 -0.00110946 0.00996702
v -0.06000000 -0.00110946 0.01218191
v -0.06000000 -0.00110946 0.01439681
v -0.06000000 -0.00110946 0.01661170
v -0.06000000 -0.00110946 0.01882660
v -0.06000000 -0.00110946 0.02104149
v -0.06000000 -0.00110946 0.02325638
v -0.06000000 -0.00110946 0.02547128
v -0.06000000 -0.00110946 0.02768617
v -0.06000000 -0.00110946 0.02990106
v -0.06000000 -0.00110946 0.03211596
v -0.06000000 -0.00110946 0.03433085
v -0.06000000 -0.00110946 0.03654574
v -0.05996745 -0.00110946 0.03876064
v -0.05948487 -0.00110946 0.04097553
v -0.05833738 -0.00110946 0.04319043
v -0.05795364 -0.00110946 0.04367316
v -0.05833738 0.00110946 -0.04319043
v -0.05795364 0.00110946 -0.04367316
v -0.05948487 0.00110946 -0.04097553
v -0.05996745 0.00110946 -0.03876064
v -0.06000000 0.00110946 -0.03654574
v -0.06000000 0.00110946 -0.03433085
v -0.06000000 0.00110946 -0.03211596
v -0.06000000 0.00110946 -0.02990106
v -0.06000000 0.00110946 -0.02768617
v -0.06000000 0.00110946 -0.02547128
v -0.06000000 0.00110946 -0.02325638
v -0.06000000 0.00110946 -0.02104149
v -0.06000000 0.00110946 -0.01882660
v -0.06000000 0.00110946 -0.01661170
v -0.06000000 0.00110946 -0.01439681
v -0.06000000 0.00110946 -0.01218191
v -0.06000000 0.00110946 -0.00996702
v -0.06000000 0.00110946 -0.00775213
v -0.06000000 0.00110946 -0.00553723
v -0.06000000 0.00110946 -0.00332234
v -0.06000000 0.00110946 -0.00110745
v -0.06000000 0.00110946 0.00110745
v -0.06000000 0.00110946 0.00332234
v -0.06000000 0.00110946 0.00553723
v -0.06000000 0.00110946 0.00775213
v -0.06000000 0.00110946 0.00996702
v -0.06000000 0.00110946 0.01218191
v -0.06000000 0.00110946 0.01439681
v -0.06000000 0.00110946 0.01661170
v -0.06000000 0.00110946 0.01882660
v -0.06000000 0.00110946 0.02104149
v -0.06000000 0.00110946 0.02325638
v -0.06000000 0.00110946 0.02547128
v -0.06000000 0.00110946 0.02768617
v -0.06000000 0.00110946 0.02990106
v -0.06000000 0.00110946 0.03211596
v -0.06000000 0.00110946 0.03433085
v -0.06000000 0.00110946 0.03654574
v -0.05996745 0.00110946 0.03876064
v -0.05948487 0.00110946 0.04097553
v -0.05833738 0.00110946 0.04319043
v -0.05795364 0.00110946 0.04367316
v -0.05833738 0.00332838 -0.04319043
v -0.05795364 0.00332838 -0.04367316
v -0.05948487 0.00332838 -0.04097553
v -0.05996745 0.00332838 -0.03876064
v -0.06000000 0.00332838 -0.03654574
v -0.06000000 0.00332838 -0.03433085
v -0.06000000 0.00332838 -0.03211596
v -0.06000000 0.00332838 -0.02990106
v -0.06000000 0.00332838 -0.02768617
v -0.06000000 0.00332838 -0.02547128
v -0.06000000 0.00332838 -0.02325638
v -0.06000000 0.00332838 -0.02104149
v -0.06000000 0.00332838 -0.01882660
v -0.06000000 0.00332838 -0.01661170
v -0.06000000 0.00332838 -0.01439681
v -0.06000000 0.00332838 -0.01218191
v -0.06000000 0.00332838 -0.00996702
v -0.06000000 0.00332838 -0.00775213
v -0.06000000 0.00332838 -0.00553723
v -0.06000000 0.00332838 -0.00332234
v -0.06000000 0.00332838 -0.00110745
v -0.06000000 0.00332838 0.00110745
v -0.06000000 0.00332838 0.00332234
v -0.06000000 0.00332838 0.00553723
v -0.06000000 0.00332838 0.00775213
v -0.06000000 0.00332838 0.00996702
v -0.06000000 0.00332838 0.01218191
v -0.06000000 0.00332838 0.01439681
v -0.06000000 0.00332838 0.01661170
v -0.06000000 0.00332838 0.01882660
v -0.06000000 0.00332838 0.02104149
v -0.06000000 0.00332838 0.02325638
v -0.06000000 0.00332838 0.02547128
v -0.06000000 0.00332838 0.02768617
v -0.06000000 0.00332838 0.02990106
v -0.06000000 0.00332838 0.03211596
v -0.06000000 0.00332838 0.03433085
v -0.06000000 0.00332838 0.03654574
v -0.05996745 0.00332838 0.03876064
v -0.05948487 0.00332838 0.04097553
v -0.05833738 0.00332838 0.04319043
v -0.05795364 0.00332838 0.04367316
v -0.05833738 0.00554730 -0.04319043
v -0.05795364 0.00554730 -0.04367316
v -0.05948487 0.00554730 -0.04097553
v -0.05996745 0.00554730 -0.03876064
v -0.06000000 0.00554730 -0.03654574
v -0.06000000 0.00554730 -0.03433085
v -0.06000000 0.00554730 -0.03211596
v -0.06000000 0.00554730 -0.02990106
v -0.06000000 0.00554730 -0.02768617
v -0.06000000 0.00554730 -0.02547128
v -0.06000000 0.00554730 -0.02325638
v -0.06000000 0.00554730 -0.02104149
v -0.06000000 0.00554730 -0.01882660
v -0.06000000 0.00554730 -0.01661170
v -0.06000000 0.00554730 -0.01439681
v -0.06000000 0.00554730 -0.01218191
v -0.06000000 0.00554730 -0.00996702
v -0.06000000 0.00554730 -0.00775213
v -0.06000000 0.00554730 -0.00553723
v -0.06000000 0.00554730 -0.00332234
v -0.06000000 0.00554730 -0.00110745
v -0.06000000 0.00554730 0.00110745
v -0.06000000 0.00554730 0.00332234
v -0.06000000 0.00554730 0.00553723
v -0.06000000 0.00554730 0.00775213
v -0.06000000 0.00554730 0.00996702
v -0.06000000 0.00554730 0.01218191
v -0.06000000 0.00554730 0.01439681
v -0.06000000 0.00554730 0.01661170
v -0.06000000 0.00554730 0.01882660
v -0.06000000 0.00554730 0.02104149
v -0.06000000 0.00554730 0.02325638
v -0.06000000 0.00554730 0.02547128
v -0.06000000 0.00554730 0.02768617
v -0.06000000 0.00554730 0.02990106
v -0.06000000 0.00554730 0.03211596
v -0.06000000 0.00554730 0.03433085
v -0.06000000 0.00554730 0.03654574
v -0.05996745 0.00554730 0.03876064
v -0.05948487 0.00554730 0.04097553
v -0.05833738 0.00554730 0.04319043
v -0.05795364 0.00554730 0.04367316
v -0.05833738 0.00776622 -0.04319043
v -0.05795364 0.00776622 -0.04367316
v -0.05948487 0.00776622 -0.04097553
v -0.05996745 0.00776622 -0.03876064
v -0.06000000 0.00776622 -0.03654574
v -0.06000000 0.00776622 -0.03433085
v -0.06000000 0.00776622 -0.03211596
v -0.06000000 0.00776622 -0.02990106
v -0.06000000 0.00776622 -0.02768617
v -0.06000000 0.00776622 -0.02547128
v -0.06000000 0.00776622 -0.02325638
v -0.06000000 0.00776622 -0.02104149
v -0.06000000 0.00776622 -0.01882660
v -0.06000000 0.00776622 -0.01661170
v -0.06000000 0.00776622 -0.01439681
v -0.06000000 0.00776622 -0.01218191
v -0.06000000 0.00776622 -0.00996702
v -0.06000000 0.00776622 -0.00775213
v -0.06000000 0.00776622 -0.00553723
v -0.06000000 0.00776622 -0.00332234
v -0.06000000 0.00776622 -0.00110745
v -0.06000000 0.00776622 0.00110745
v -0.06000000 0.00776622 0.00332234
v -0.06000000 0.00776622 0.00553723
v -0.06000000 0.00776622 0.00775213
v -0.06000000 0.00776622 0.00996702
v -0.06000000 0.00776622 0.01218191
v -0.06000000 0.00776622 0.01439681
v -0.06000000 0.00776622 0.01661170
v -0.06000000 0.00776622 0.01882660
v -0.06000000 0.00776622 0.02104149
v -0.06000000 0.00776622 0.02325638
v -0.06000000 0.00776622 0.02547128
v -0.06000000 0.00776622 0.02768617
v -0.06000000 0.00776622 0.02990106
v -0.06000000 0.00776622 0.03211596
v -0.06000000 0.00776622 0.03433085
v -0.06000000 0.00776622 0.03654574
v -0.05996745 0.00776622 0.03876064
v -0.05948487 0.00776622 0.04097553
v -0.05833738 0.00776622 0.04319043
v -0.05795364 0.00776622 0.04367316
v -0.05833738 0.00998514 -0.04319043
v -0.05795364 0.00998514 -0.04367316
v -0.05948487 0.00998514 -0.04097553
v -0.05996745 0.00998514 -0.03876064
v -0.06000000 0.00998514 -0.03654574
v -0.06000000 0.00998514 -0.03433085
v -0.06000000 0.00998514 -0.03211596
v -0.06000000 0.00998514 -0.02990106
v -0.06000000 0.00998514 -0.02768617
v -0.06000000 0.00998514 -0.02547128
v -0.06000000 0.00998514 -0.02325638
v -0.06000000 0.00998514 -0.02104149
v -0.06000000 0.00998514 -0.01882660
v -0.06000000 0.00998514 -0.01661170
v -0.06000000 0.00998514 -0.01439681
v -0.06000000 0.00998514 -0.01218191
v -0.06000000 0.00998514 -0.00996702
v -0.06000000 0.00998514 -0.00775213
v -0.06000000 0.00998514 -0.00553723
v -0.06000000 0.00998514 -0.00332234
v -0.06000000 0.00998514 -0.00110745
v -0.06000000 0.00998514 0.00110745
v -0.06000000 0.00998514 0.00332234
v -0.06000000 0.00998514 0.00553723
v -0.06000000 0.00998514 0.00775213
v -0.06000000 0.00998514 0.00996702
v -0.06000000 0.00998514 0.01218191
v -0.06000000 0.00998514 0.01439681
v -0.06000000 0.00998514 0.01661170
v -0.06000000 0.00998514 0.01882660
v -0.06000000 0.00998514 0.02104149
v -0.06000000 0.00998514 0.02325638
v -0.06000000 0.00998514 0.02547128
v -0.06000000 0.00998514 0.02768617
v -0.06000000 0.00998514 0.02990106
v -0.06000000 0.00998514 0.03211596
v -0.06000000 0.00998514 0.03433085
v -0.06000000 0.00998514 0.03654574
v -0.05996745 0.00998514 0.03876064
v -0.05948487 0.00998514 0.04097553
v -0.05833738 0.00998514 0.04319043
v -0.05795364 0.00998514 0.04367316
v -0.05833738 0.01220405 -0.04319043
v -0.05795364 0.01220405 -0.04367316
v -0.05948487 0.01220405 -0.04097553
v -0.05996745 0.01220405 -0.03876064
v -0.06000000 0.01220405 -0.03654574
v -0.06000000 0.01220405 -0.03433085
v -0.06000000 0.01220405 -0.03211596
v -0.06000000 0.01220405 -0.02990106
v -0.06000000 0.01220405 -0.02768617
v -0.06000000 0.01220405 -0.02547128
v -0.06000000 0.01220405 -0.02325638
v -0.06000000 0.01220405 -0.02104149
v -0.06000000 0.01220405 -0.01882660
v -0.06000000 0.01220405 -0.01661170
v -0.06000000 0.01220405 -0.01439681
v -0.06000000 0.01220405 -0.01218191
v -0.06000000 0.01220405 -0.00996702
v -0.06000000 0.01220405 -0.00775213
v -0.06000000 0.01220405 -0.00553723
v -0.06000000 0.01220405 -0.00332234
v -0.06000000 0.01220405 -0.00110745
v -0.06000000 0.01220405 0.00110745
v -0.06000000 0.01220405 0.00332234
v -0.06000000 0.01220405 0.00553723
v -0.06000000 0.01220405 0.00775213
v -0.06000000 0.01220405 0.00996702
v -0.06000000 0.01220405 0.01218191
v -0.06000000 0.01220405 0.01439681
v -0.06000000 0.01220405 0.01661170
v -0.06000000 0.01220405 0.01882660
v -0.06000000 0.01220405 0.02104149
v -0.06000000 0.01220405 0.02325638
v -0.06000000 0.01220405 0.02547128
v -0.06000000 0.01220405 0.02768617
v -0.06000000 0.01220405 0.02990106
v -0.06000000 0.01220405 0.03211596
v -0.06000000 0.01220405 0.03433085
v -0.06000000 0.01220405 0.03654574
v -0.05996745 0.01220405 0.03876064
v -0.05948487 0.01220405 0.04097553
v -0.05833738 0.01220405 0.04319043
v -0.05795364 0.01220405 0.04367316
v -0.05833738 0.01442297 -0.04319043
v -0.05795364 0.01442297 -0.04367316
v -0.05948487 0.01442297 -0.04097553
v -0.05996745 0.01442297 -0.03876064
v -0.06000000 0.01442297 -0.03654574
v -0.06000000 0.01442297 -0.03433085
v -0.06000000 0.01442297 -0.03211596
v -0.06000000 0.01442297 -0.02990106
v -0.06000000 0.01442297 -0.02768617
v -0.06000000 0.01442297 -0.02547128
v -0.06000000 0.01442297 -0.02325638
v -0.06000000 0.01442297 -0.02104149
v -0.06000000 0.01442297 -0.01882660
v -0.06000000 0.01442297 -0.01661170
v -0.06000000 0.01442297 -0.01439681
v -0.06000000 0.01442297 -0.01218191
v -0.06000000 0.01442297 -0.00996702
v -0.06000000 0.01442297 -0.00775213
v -0.06000000 0.01442297 -0.00553723
v -0.06000000 0.01442297 -0.00332234
v -0.06000000 0.01442297 -0.00110745
v -0.06000000 0.01442297 0.00110745
v -0.06000000 0.01442297 0.00332234
v -0.06000000 0.01442297 0.00553723
v -0.06000000 0.01442297 0.00775213
v -0.06000000 0.01442297 0.00996702
v -0.06000000 0.01442297 0.01218191
v -0.06000000 0.01442297 0.01439681
v -0.06000000 0.01442297 0.01661170
v -0.06000000 0.01442297 0.01882660
v -0.06000000 0.01442297 0.02104149
v -0.06000000 0.01442297 0.02325638
v -0.06000000 0.01442297 0.02547128
v -0.06000000 0.01442297 0.02768617
v -0.06000000 0.01442297 0.02990106
v -0.06000000 0.01442297 0.03211596
v -0.06000000 0.01442297 0.03433085
v -0.06000000 0.01442297 0.03654574
v -0.05996745 0.01442297 0.03876064
v -0.05948487 0.01442297 0.04097553
v -0.05833738 0.01442297 0.04319043
v -0.05795364 0.01442297 0.04367316
v -0.05833738 0.01664189 -0.04319043
v -0.05795364 0.01664189 -0.04367316
v -0.05948487 0.01664189 -0.04097553
v -0.05996745 0.01664189 -0.03876064
v -0.06000000 0.01664189 -0.03654574
v -0.06000000 0.01664189 -0.03433085
v -0.06000000 0.01664189 -0.03211596
v -0.06000000 0.01664189 -0.02990106
v -0.06000000 0.01664189 -0.02768617
v -0.06000000 0.01664189 -0.02547128
v -0.06000000 0.01664189 -0.02325638
v -0.06000000 0.01664189 -0.02104149
v -0.06000000 0.01664189 -0.01882660
v -0.06000000 0.01664189 -0.01661170
v -0.06000000 0.01664189 -0.01439681
v -0.06000000 0.01664189 -0.01218191
v -0.06000000 0.01664189 -0.00996702
v -0.06000000 0.01664189 -0.00775213
v -0.06000000 0.01664189 -0.00553723
v -0.06000000 0.01664189 -0.00332234
v -0.06000000 0.01664189 -0.00110745
v -0.06000000 0.01664189 0.00110745
v -0.06000000 0.01664189 0.00332234
v -0.06000000 0.01664189 0.00553723
v -0.06000000 0.01664189 0.00775213
v -0.06000000 0.01664189 0.00996702
v -0.06000000 0.01664189 0.01218191
v -0.06000000 0.01664189 0.01439681
v -0.06000000 0.01664189 0.01661170
v -0.06000000 0.01664189 0.01882660
v -0.06000000 0.01664189 0.02104149
v -0.06000000 0.01664189 0.02325638
v -0.06000000 0.01664189 0.02547128
v -0.06000000 0.01664189 0.02768617
v -0.06000000 0.01664189 0.02990106
v -0.06000000 0.01664189 0.03211596
v -0.06000000 0.01664189 0.03433085
v -0.06000000 0.01664189 0.03654574
v -0.05996745 0.01664189 0.03876064
v -0.05948487 0.01664189 0.04097553
v -0.05833738 0.01664189 0.04319043
v -0.05795364 0.01664189 0.04367316
v -0.05833738 0.01886081 -0.04319043
v -0.05795364 0.01886081 -0.04367316
v -0.05948487 0.01886081 -0.04097553
v -0.05996745 0.01886081 -0.03876064
v -0.06000000 0.01886081 -0.03654574
v -0.06000000 0.01886081 -0.03433085
v -0.06000000 0.01886081 -0.03211596
v -0.06000000 0.01886081 -0.02990106
v -0.06000000 0.01886081 -0.02768617
v -0.06000000 0.01886081 -0.02547128
v -0.06000000 0.01886081 -0.02325638
v -0.06000000 0.01886081 -0.02104149
v -0.06000000 0.01886081 -0.01882660
v -0.06000000 0.01886081 -0.01661170
v -0.06000000 0.01886081 -0.01439681
v -0.06000000 0.01886081 -0.01218191
v -0.06000000 0.01886081 -0.00996702
v -0.06000000 0.01886081 -0.00775213
v -0.06000000 0.01886081 -0.00553723
v -0.06000000 0.01886081 -0.00332234
v -0.06000000 0.01886081 -0.00110745
v -0.06000000 0.01886081 0.00110745
v -0.06000000 0.01886081 0.00332234
v -0.06000000 0.01886081 0.00553723
v -0.06000000 0.01886081 0.00775213
v -0.06000000 0.01886081 0.00996702
v -0.06000000 0.01886081 0.01218191
v -0.06000000 0.01886081 0.01439681
v -0.06000000 0.01886081 0.01661170
v -0.06000000 0.01886081 0.01882660
v -0.06000000 0.01886081 0.02104149
v -0.06000000 0.01886081 0.02325638
v -0.06000000 0.01886081 0.02547128
v -0.06000000 0.01886081 0.02768617
v -0.06000000 0.01886081 0.02990106
v -0.06000000 0.01886081 0.03211596
v -0.06000000 0.01886081 0.03433085
v -0.06000000 0.01886081 0.03654574
v -0.05996745 0.01886081 0.03876064
v -0.05948487 0.01886081 0.04097553
v -0.05833738 0.01886081 0.04319043
v -0.05795364 0.01886081 0.04367316
v -0.05833738 0.02107973 -0.04319043
v -0.05795364 0.02107973 -0.04367316
v -0.05948487 0.02107973 -0.04097553
v -0.05996745 0.02107973 -0.03876064
v -0.06000000 0.02107973 -0.03654574
v -0.06000000 0.02107973 -0.03433085
v -0.06000000 0.02107973 -0.03211596
v -0.06000000 0.02107973 -0.02990106
v -0.06000000 0.02107973 -0.02768617
v -0.06000000 0.02107973 -0.02547128
v -0.06000000 0.02107973 -0.02325638
v -0.06000000 0.02107973 -0.02104149
v -0.06000000 0.02107973 -0.01882660
v -0.06000000 0.02107973 -0.01661170
v -0.06000000 0.02107973 -0.01439681
v -0.06000000 0.02107973 -0.01218191
v -0.06000000 0.02107973 -0.00996702
v -0.06000000 0.02107973 -0.00775213
v -0.06000000 0.02107973 -0.00553723
v -0.06000000 0.02107973 -0.00332234
v -0.06000000 0.02107973 -0.00110745
v -0.06000000 0.02107973 0.00110745
v -0.06000000 0.02107973 0.00332234
v -0.06000000 0.02107973 0.00553723
v -0.06000000 0.02107973 0.00775213
v -0.06000000 0.02107973 0.00996702
v -0.06000000 0.02107973 0.01218191
v -0.06000000 0.02107973 0.01439681
v -0.06000000 0.02107973 0.01661170
v -0.06000000 0.02107973 0.01882660
v -0.06000000 0.02107973 0.02104149
v -0.06000000 0.02107973 0.02325638
v -0.06000000 0.02107973 0.02547128
v -0.06000000 0.02107973 0.02768617
v -0.06000000 0.02107973 0.02990106
v -0.06000000 0.02107973 0.03211596
v -0.06000000 0.02107973 0.03433085
v -0.06000000 0.02107973 0.03654574
v -0.05996745 0.02107973 0.03876064
v -0.05948487 0.02107973 0.04097553
v -0.05833738 0.02107973 0.04319043
v -0.05795364 0.02107973 0.04367316
v -0.05833738 0.02329865 -0.04319043
v -0.05795364 0.02329865 -0.04367316
v -0.05948487 0.02329865 -0.04097553
v -0.05996745 0.02329865 -0.03876064
v -0.06000000 0.02329865 -0.03654574
v -0.06000000 0.02329865 -0.03433085
v -0.06000000 0.02329865 -0.03211596
v -0.06000000 0.02329865 -0.02990106
v -0.06000000 0.02329865 -0.02768617
v -0.06000000 0.02329865 -0.02547128
v -0.06000000 0.02329865 -0.02325638
v -0.06000000 0.02329865 -0.02104149
v -0.06000000 0.02329865 -0.01882660
v -0.06000000 0.02329865 -0.01661170
v -0.06000000 0.02329865 -0.01439681
v -0.06000000 0.02329865 -0.01218191
v -0.06000000 0.02329865 -0.00996702
v -0.06000000 0.02329865 -0.00775213
v -0.06000000 0.02329865 -0.00553723
v -0.06000000 0.02329865 -0.00332234
v -0.06000000 0.02329865 -0.00110745
v -0.06000000 0.02329865 0.00110745
v -0.06000000 0.02329865 0.00332234
v -0.06000000 0.02329865 0.00553723
v -0.06000000 0.02329865 0.00775213
v -0.06000000 0.02329865 0.00996702
v -0.06000000 0.02329865 0.01218191
v -0.06000000 0.02329865 0.01439681
v -0.06000000 0.02329865 0.01661170
v -0.06000000 0.02329865 0.01882660
v -0.06000000 0.02329865 0.02104149
v -0.06000000 0.02329865 0.02325638
v -0.06000000 0.02329865 0.02547128
v -0.06000000 0.02329865 0.02768617
v -0.06000000 0.02329865 0.02990106
v -0.06000000 0.02329865 0.03211596
v -0.06000000 0.02329865 0.03433085
v -0.06000000 0.02329865 0.03654574
v -0.05996745 0.02329865 0.03876064
v -0.05948487 0.02329865 0.04097553
v -0.05833738 0.02329865 0.04319043
v -0.05795364 0.02329865 0.04367316
v -0.05833738 0.02551757 -0.04319043
v -0.05795364 0.02551757 -0.04367316
v -0.05948487 0.02551757 -0.04097553
v -0.05996745 0.02551757 -0.03876064
v -0.06000000 0.02551757 -0.03654574
v -0.06000000 0.02551757 -0.03433085
v -0.06000000 0.02551757 -0.03211596
v -0.06000000 0.02551757 -0.02990106
v -0.06000000 0.02551757 -0.02768617
v -0.06000000 0.02551757 -0.02547128
v -0.06000000 0.02551757 -0.02325638
v -0.06000000 0.02551757 -0.02104149
v -0.06000000 0.02551757 -0.01882660
v -0.06000000 0.02551757 -0.01661170
v -0.06000000 0.02551757 -0.01439681
v -0.06000000 0.02551757 -0.01218191
v -0.06000000 0.02551757 -0.00996702
v -0.06000000 0.02551757 -0.00775213
v -0.06000000 0.02551757 -0.00553723
v -0.06000000 0.02551757 -0.00332234
v -0.06000000 0.02551757 -0.00110745
v -0.06000000 0.02551757 0.00110745
v -0.06000000 0.02551757 0.00332234
v -0.06000000 0.02551757 0.00553723
v -0.06000000 0.02551757 0.00775213
v -0.06000000 0.02551757 0.00996702
v -0.06000000 0.02551757 0.01218191
v -0.06000000 0.02551757 0.01439681
v -0.06000000 0.02551757 0.01661170
v -0.06000000 0.02551757 0.01882660
v -0.06000000 0.02551757 0.02104149
v -0.06000000 0.02551757 0.02325638
v -0.06000000 0.02551757 0.02547128
v -0.06000000 0.02551757 0.02768617
v -0.06000000 0.02551757 0.02990106
v -0.06000000 0.02551757 0.03211596
v -0.06000000 0.02551757 0.03433085
v -0.06000000 0.02551757 0.03654574
v -0.05996745 0.02551757 0.03876064
v -0.05948487 0.02551757 0.04097553
v -0.05833738 0.02551757 0.04319043
v -0.05795364 0.02551757 0.04367316
v -0.05830131 0.02773649 -0.04319043
v -0.05795364 0.02773649 -0.04362784
v -0.05945220 0.02773649 -0.04097553
v -0.05993679 0.02773649 -0.03876064
v -0.05996949 0.02773649 -0.03654574
v -0.05996949 0.02773649 -0.03433085
v -0.05996949 0.02773649 -0.03211596
v -0.05996949 0.02773649 -0.02990106
v -0.05996949 0.02773649 -0.02768617
v -0.05996949 0.02773649 -0.02547128
v -0.05996949 0.02773649 -0.02325638
v -0.05996949 0.02773649 -0.02104149
v -0.05996949 0.02773649 -0.01882660
v -0.05996949 0.02773649 -0.01661170
v -0.05996949 0.02773649 -0.01439681
v -0.05996949 0.02773649 -0.01218191
v -0.05996949 0.02773649 -0.00996702
v -0.05996949 0.02773649 -0.00775213
v -0.05996949 0.02773649 -0.00553723
v -0.05996949 0.02773649 -0.00332234
v -0.05996949 0.02773649 -0.00110745
v -0.05996949 0.02773649 0.00110745
v -0.05996949 0.02773649 0.00332234
v -0.05996949 0.02773649 0.00553723
v -0.05996949 0.02773649 0.00775213
v -0.05996949 0.02773649 0.00996702
v -0.05996949 0.02773649 0.01218191
v -0.05996949 0.02773649 0.01439681
v -0.05996949 0.02773649 0.01661170
v -0.05996949 0.02773649 0.01882660
v -0.05996949 0.02773649 0.02104149
v -0.05996949 0.02773649 0.02325638
v -0.05996949 0.02773649 0.02547128
v -0.05996949 0.02773649 0.02768617
v -0.05996949 0.02773649 0.02990106
v -0.05996949 0.02773649 0.03211596
v -0.05996949 0.02773649 0.03433085
v -0.05996949 0.02773649 0.03654574
v -0.05993679 0.02773649 0.03876064
v -0.05945220 0.02773649 0.04097553
v -0.05830131 0.02773649 0.04319043
v -0.05795364 0.02773649 0.04362784
v -0.05795364 0.02914840 -0.04319043
v -0.05795364 0.02995541 -0.04283757
v -0.05894494 0.02995541 -0.04097553
v -0.05945722 0.02995541 -0.03876064
v -0.05949204 0.02995541 -0.03654574
v -0.05949204 0.02995541 -0.03433085
v -0.05949204 0.02995541 -0.03211596
v -0.05949204 0.02995541 -0.02990106
v -0.05949204 0.02995541 -0.02768617
v -0.05949204 0.02995541 -0.02547128
v -0.05949204 0.02995541 -0.02325638
v -0.05949204 0.02995541 -0.02104149
v -0.05949204 0.02995541 -0.01882660
v -0.05949204 0.02995541 -0.01661170
v -0.05949204 0.02995541 -0.01439681
v -0.05949204 0.02995541 -0.01218191
v -0.05949204 0.02995541 -0.00996702
v -0.05949204 0.02995541 -0.00775213
v -0.05949204 0.02995541 -0.00553723
v -0.05949204 0.02995541 -0.00332234
v -0.05949204 0.02995541 -0.00110745
v -0.05949204 0.02995541 0.00110745
v -0.05949204 0.02995541 0.00332234
v -0.05949204 0.02995541 0.00553723
v -0.05949204 0.02995541 0.00775213
v -0.05949204 0.02995541 0.00996702
v -0.05949204 0.02995541 0.01218191
v -0.05949204 0.02995541 0.01439681
v -0.05949204 0.02995541 0.01661170
v -0.05949204 0.02995541 0.01882660
v -0.05949204 0.02995541 0.02104149
v -0.05949204 0.02995541 0.02325638
v -0.05949204 0.02995541 0.02547128
v -0.05949204 0.02995541 0.02768617
v -0.05949204 0.02995541 0.02990106
v -0.05949204 0.02995541 0.03211596
v -0.05949204 0.02995541 0.03433085
v -0.05949204 0.02995541 0.03654574
v -0.05945722 0.02995541 0.03876064
v -0.05894494 0.02995541 0.04097553
v -0.05795364 0.02995541 0.04283757
v -0.05795364 0.02914840 0.04319043
v -0.05795364 0.03182546 -0.04097553
v -0.05795364 0.03217432 -0.04019093
v -0.05831001 0.03217432 -0.03876064
v -0.05834846 0.03217432 -0.03654574
v -0.05834846 0.03217432 -0.03433085
v -0.05834846 0.03217432 -0.03211596
v -0.05834846 0.03217432 -0.02990106
v -0.05834846 0.03217432 -0.02768617
v -0.05834846 0.03217432 -0.02547128
v -0.05834846 0.03217432 -0.02325638
v -0.05834846 0.03217432 -0.02104149
v -0.05834846 0.03217432 -0.01882660
v -0.05834846 0.03217432 -0.01661170
v -0.05834846 0.03217432 -0.01439681
v -0.05834846 0.03217432 -0.01218191
v -0.05834846 0.03217432 -0.00996702
v -0.05834846 0.03217432 -0.00775213
v -0.05834846 0.03217432 -0.00553723
v -0.05834846 0.03217432 -0.00332234
v -0.05834846 0.03217432 -0.00110745
v -0.05834846 0.03217432 0.00110745
v -0.05834846 0.03217432 0.00332234
v -0.05834846 0.03217432 0.00553723
v -0.05834846 0.03217432 0.00775213
v -0.05834846 0.03217432 0.00996702
v -0.05834846 0.03217432 0.01218191
v -0.05834846 0.03217432 0.01439681
v -0.05834846 0.03217432 0.01661170
v -0.05834846 0.03217432 0.01882660
v -0.05834846 0.03217432 0.02104149
v -0.05834846 0.03217432 0.02325638
v -0.05834846 0.03217432 0.02547128
v -0.05834846 0.03217432 0.02768617
v -0.05834846 0.03217432 0.02990106
v -0.05834846 0.03217432 0.03211596
v -0.05834846 0.03217432 0.03433085
v -0.05834846 0.03217432 0.03654574
v -0.05831001 0.03217432 0.03876064
v -0.05795364 0.03217432 0.04019094
v -0.05795364 0.03182546 0.04097553
v -0.05795364 0.03262366 -0.03876064
v -0.05795364 0.03267207 -0.03654574
v -0.05795364 0.03267207 -0.03433085
v -0.05795364 0.03267207 -0.03211596
v -0.05795364 0.03267207 -0.02990106
v -0.05795364 0.03267207 -0.02768617
v -0.05795364 0.03267207 -0.02547128
v -0.05795364 0.03267207 -0.02325638
v -0.05795364 0.03267207 -0.02104149
v -0.05795364 0.03267207 -0.01882660
v -0.05795364 0.03267207 -0.01661170
v -0.05795364 0.03267207 -0.01439681
v -0.05795364 0.03267207 -0.01218191
v -0.05795364 0.03267207 -0.00996702
v -0.05795364 0.03267207 -0.00775213
v -0.05795364 0.03267207 -0.00553723
v -0.05795364 0.03267207 -0.00332234
v -0.05795364 0.03267207 -0.00110745
v -0.05795364 0.03267207 0.00110745
v -0.05795364 0.03267207 0.00332234
v -0.05795364 0.03267207 0.00553723
v -0.05795364 0.03267207 0.00775213
v -0.05795364 0.03267207 0.00996702
v -0.05795364 0.03267207 0.01218191
v -0.05795364 0.03267207 0.01439681
v -0.05795364 0.03267207 0.01661170
v -0.05795364 0.03267207 0.01882660
v -0.05795364 0.03267207 0.02104149
v -0.05795364 0.03267207 0.02325638
v -0.05795364 0.03267207 0.02547128
v -0.05795364 0.03267207 0.02768617
v -0.05795364 0.03267207 0.02990106
v -0.05795364 0.03267207 0.03211596
v -0.05795364 0.03267207 0.03433085
v -0.05795364 0.03267207 0.03654574
v -0.05795364 0.03262366 0.03876064
v -0.05602337 -0.03439324 -0.03876064
v -0.05558818 -0.03469642 -0.03876064
v -0.05558818 -0.03439324 -0.04003521
v -0.05607615 -0.03439324 -0.03654574
v -0.05558818 -0.03473324 -0.03654574
v -0.05607615 -0.03439324 -0.03433085
v -0.05558818 -0.03473324 -0.03433085
v -0.05607615 -0.03439324 -0.03211596
v -0.05558818 -0.03473324 -0.03211596
v -0.05607615 -0.03439324 -0.02990106
v -0.05558818 -0.03473324 -0.02990106
v -0.05607615 -0.03439324 -0.02768617
v -0.05558818 -0.03473324 -0.02768617
v -0.05607615 -0.03439324 -0.02547128
v -0.05558818 -0.03473324 -0.02547128
v -0.05607615 -0.03439324 -0.02325638
v -0.05558818 -0.03473324 -0.02325638
v -0.05607615 -0.03439324 -0.02104149
v -0.05558818 -0.03473324 -0.02104149
v -0.05607615 -0.03439324 -0.01882660
v -0.05558818 -0.03473324 -0.01882660
v -0.05607615 -0.03439324 -0.01661170
v -0.05558818 -0.03473324 -0.01661170
v -0.05607615 -0.03439324 -0.01439681
v -0.05558818 -0.03473324 -0.01439681
v -0.05607615 -0.03439324 -0.01218191
v -0.05558818 -0.03473324 -0.01218191
v -0.05607615 -0.03439324 -0.00996702
v -0.05558818 -0.03473324 -0.00996702
v -0.05607615 -0.03439324 -0.00775213
v -0.05558818 -0.03473324 -0.00775213
v -0.05607615 -0.03439324 -0.00553723
v -0.05558818 -0.03473324 -0.00553723
v -0.05607615 -0.03439324 -0.00332234
v -0.05558818 -0.03473324 -0.00332234
v -0.05607615 -0.03439324 -0.00110745
v -0.05558818 -0.03473324 -0.00110745
v -0.05607615 -0.03439324 0.00110745
v -0.05558818 -0.03473324 0.00110745
v -0.05607615 -0.03439324 0.00332234
v -0.05558818 -0.03473324 0.00332234
v -0.05607615 -0.03439324 0.00553723
v -0.05558818 -0.03473324 0.00553723
v -0.05607615 -0.03439324 0.00775213
v -0.05558818 -0.03473324 0.00775213
v -0.05607615 -0.03439324 0.00996702
v -0.05558818 -0.03473324 0.00996702
v -0.05607615 -0.03439324 0.01218191
v -0.05558818 -0.03473324 0.01218191
v -0.05607615 -0.03439324 0.01439681
v -0.05558818 -0.03473324 0.01439681
v -0.05607615 -0.03439324 0.01661170
v -0.05558818 -0.03473324 0.01661170
v -0.05607615 -0.03439324 0.01882660
v -0.05558818 -0.03473324 0.01882660
v -0.05607615 -0.03439324 0.02104149
v -0.05558818 -0.03473324 0.02104149
v -0.05607615 -0.03439324 0.02325638
v -0.05558818 -0.03473324 0.02325638
v -0.05607615 -0.03439324 0.02547128
v -0.05558818 -0.03473324 0.02547128
v -0.05607615 -0.03439324 0.02768617
v -0.05558818 -0.03473324 0.02768617
v -0.05607615 -0.03439324 0.02990106
v -0.05558818 -0.03473324 0.02990106
v -0.05607615 -0.03439324 0.03211596
v -0.05558818 -0.03473324 0.03211596
v -0.05607615 -0.03439324 0.03433085
v -0.05558818 -0.03473324 0.03433085
v -0.05607615 -0.03439324 0.03654574
v -0.05558818 -0.03473324 0.03654574
v -0.05602337 -0.03439324 0.03876064
v -0.05558818 -0.03469642 0.03876064
v -0.05558818 -0.03439324 0.04003521
v -0.05616210 -0.03217432 -0.04319043
v -0.05558818 -0.03270221 -0.04319043
v -0.05558818 -0.03217432 -0.04371715
v -0.05771632 -0.03217432 -0.04097553
v -0.05558818 -0.03413250 -0.04097553
v -0.05771632 -0.03217432 0.04097553
v -0.05558818 -0.03413250 0.04097553
v -0.05616210 -0.03217432 0.04319043
v -0.05558818 -0.03270221 0.04319043
v -0.05558818 -0.03217432 0.04371715
v -0.05771249 -0.02995541 -0.04319043
v -0.05558818 -0.02995541 -0.04514077
v -0.05771249 -0.02995541 0.04319043
v -0.05558818 -0.02995541 0.04514078
v -0.05601034 -0.02773649 -0.04540532
v -0.05558818 -0.02898752 -0.04540532
v -0.05558818 -0.02773649 -0.04569905
v -0.05601034 -0.02773649 0.04540532
v -0.05558818 -0.02898752 0.04540532
v -0.05558818 -0.02773649 0.04569905
v -0.05605986 -0.02551757 -0.04540532
v -0.05558818 -0.02551757 -0.04573355
v -0.05605986 -0.02551757 0.04540532
v -0.05558818 -0.02551757 0.04573355
v -0.05605986 -0.02329865 -0.04540532
v -0.05558818 -0.02329865 -0.04573355
v -0.05605986 -0.02329865 0.04540532
v -0.05558818 -0.02329865 0.04573355
v -0.05605986 -0.02107973 -0.04540532
v -0.05558818 -0.02107973 -0.04573355
v -0.05605986 -0.02107973 0.04540532
v -0.05558818 -0.02107973 0.04573355
v -0.05605986 -0.01886081 -0.04540532
v -0.05558818 -0.01886081 -0.04573355
v -0.05605986 -0.01886081 0.04540532
v -0.05558818 -0.01886081 0.04573355
v -0.05605986 -0.01664189 -0.04540532
v -0.05558818 -0.01664189 -0.04573355
v -0.05605986 -0.01664189 0.04540532
v -0.05558818 -0.01664189 0.04573355
v -0.05605986 -0.01442297 -0.04540532
v -0.05558818 -0.01442297 -0.04573355
v -0.05605986 -0.01442297 0.04540532
v -0.05558818 -0.01442297 0.04573355
v -0.05605986 -0.01220405 -0.04540532
v -0.05558818 -0.01220405 -0.04573355
v -0.05605986 -0.01220405 0.04540532
v -0.05558818 -0.01220405 0.04573355
v -0.05605986 -0.00998514 -0.04540532
v -0.05558818 -0.00998514 -0.04573355
v -0.05605986 -0.00998514 0.04540532
v -0.05558818 -0.00998514 0.04573355
v -0.05605986 -0.00776622 -0.04540532
v -0.05558818 -0.00776622 -0.04573355
v -0.05605986 -0.00776622 0.04540532
v -0.05558818 -0.00776622 0.04573355
v -0.05605986 -0.00554730 -0.04540532
v -0.05558818 -0.00554730 -0.04573355
v -0.05605986 -0.00554730 0.04540532
v -0.05558818 -0.00554730 0.04573355
v -0.05605986 -0.00332838 -0.04540532
v -0.05558818 -0.00332838 -0.04573355
v -0.05605986 -0.00332838 0.04540532
v -0.05558818 -0.00332838 0.04573355
v -0.05605986 -0.00110946 -0.04540532
v -0.05558818 -0.00110946 -0.04573355
v -0.05605986 -0.00110946 0.04540532
v -0.05558818 -0.00110946 0.04573355
v -0.05605986 0.00110946 -0.04540532
v -0.05558818 0.00110946 -0.04573355
v -0.05605986 0.00110946 0.04540532
v -0.05558818 0.00110946 0.04573355
v -0.05605986 0.00332838 -0.04540532
v -0.05558818 0.00332838 -0.04573355
v -0.05605986 0.00332838 0.04540532
v -0.05558818 0.00332838 0.04573355
v -0.05605986 0.00554730 -0.04540532
v -0.05558818 0.00554730 -0.04573355
v -0.05605986 0.00554730 0.04540532
v -0.05558818 0.00554730 0.04573355
v -0.05605986 0.00776622 -0.04540532
v -0.05558818 0.00776622 -0.04573355
v -0.05605986 0.00776622 0.04540532
v -0.05558818 0.00776622 0.04573355
v -0.05605986 0.00998514 -0.04540532
v -0.05558818 0.00998514 -0.04573355
v -0.05605986 0.00998514 0.04540532
v -0.05558818 0.00998514 0.04573355
v -0.05605986 0.01220405 -0.04540532
v -0.05558818 0.01220405 -0.04573355
v -0.05605986 0.01220405 0.04540532
v -0.05558818 0.01220405 0.04573355
v -0.05605986 0.01442297 -0.04540532
v -0.05558818 0.01442297 -0.04573355
v -0.05605986 0.01442297 0.04540532
v -0.05558818 0.01442297 0.04573355
v -0.05605986 0.01664189 -0.04540532
v -0.05558818 0.01664189 -0.04573355
v -0.05605986 0.01664189 0.04540532
v -0.05558818 0.01664189 0.04573355
v -0.05605986 0.01886081 -0.04540532
v -0.05558818 0.01886081 -0.04573355
v -0.05605986 0.01886081 0.04540532
v -0.05558818 0.01886081 0.04573355
v -0.05605986 0.02107973 -0.04540532
v -0.05558818 0.02107973 -0.04573355
v -0.05605986 0.02107973 0.04540532
v -0.05558818 0.02107973 0.04573355
v -0.05605986 0.02329865 -0.04540532
v -0.05558818 0.02329865 -0.04573355
v -0.05605986 0.02329865 0.04540532
v -0.05558818 0.02329865 0.04573355
v -0.05605986 0.02551757 -0.04540532
v -0.05558818 0.02551757 -0.04573355
v -0.05605986 0.02551757 0.04540532
v -0.05558818 0.02551757 0.04573355
v -0.05601034 0.02773649 -0.04540532
v -0.05558818 0.02773649 -0.04569905
v -0.05601034 0.02773649 0.04540532
v -0.05558818 0.02773649 0.04569905
v -0.05558818 0.02898752 -0.04540532
v -0.05771249 0.02995541 -0.04319043
v -0.05558818 0.02995541 -0.04514077
v -0.05771249 0.02995541 0.04319043
v -0.05558818 0.02995541 0.04514078
v -0.05558818 0.02898752 0.04540532
v -0.05616210 0.03217432 -0.04319043
v -0.05558818 0.03217432 -0.04371715
v -0.05771632 0.03217432 -0.04097553
v -0.05771632 0.03217432 0.04097553
v -0.05616210 0.03217432 0.04319043
v -0.05558818 0.03217432 0.04371715
v -0.05558818 0.03270221 -0.04319043
v -0.05558818 0.03413249 -0.04097553
v -0.05602337 0.03439324 -0.03876064
v -0.05558818 0.03439324 -0.04003521
v -0.05607615 0.03439324 -0.03654574
v -0.05607615 0.03439324 -0.03433085
v -0.05607615 0.03439324 -0.03211596
v -0.05607615 0.03439324 -0.02990106
v -0.05607615 0.03439324 -0.02768617
v -0.05607615 0.03439324 -0.02547128
v -0.05607615 0.03439324 -0.02325638
v -0.05607615 0.03439324 -0.02104149
v -0.05607615 0.03439324 -0.01882660
v -0.05607615 0.03439324 -0.01661170
v -0.05607615 0.03439324 -0.01439681
v -0.05607615 0.03439324 -0.01218191
v -0.05607615 0.03439324 -0.00996702
v -0.05607615 0.03439324 -0.00775213
v -0.05607615 0.03439324 -0.00553723
v -0.05607615 0.03439324 -0.00332234
v -0.05607615 0.03439324 -0.00110745
v -0.05607615 0.03439324 0.00110745
v -0.05607615 0.03439324 0.00332234
v -0.05607615 0.03439324 0.00553723
v -0.05607615 0.03439324 0.00775213
v -0.05607615 0.03439324 0.00996702
v -0.05607615 0.03439324 0.01218191
v -0.05607615 0.03439324 0.01439681
v -0.05607615 0.03439324 0.01661170
v -0.05607615 0.03439324 0.01882660
v -0.05607615 0.03439324 0.02104149
v -0.05607615 0.03439324 0.02325638
v -0.05607615 0.03439324 0.02547128
v -0.05607615 0.03439324 0.02768617
v -0.05607615 0.03439324 0.02990106
v -0.05607615 0.03439324 0.03211596
v -0.05607615 0.03439324 0.03433085
v -0.05607615 0.03439324 0.03654574
v -0.05602337 0.03439324 0.03876064
v -0.05558818 0.03439324 0.04003521
v -0.05558818 0.03413249 0.04097553
v -0.05558818 0.03270221 0.04319043
v -0.05558818 0.03469642 -0.03876064
v -0.05558818 0.03473325 -0.03654574
v -0.05558818 0.03473325 -0.03433085
v -0.05558818 0.03473325 -0.03211596
v -0.05558818 0.03473325 -0.02990106
v -0.05558818 0.03473325 -0.02768617
v -0.05558818 0.03473325 -0.02547128
v -0.05558818 0.03473325 -0.02325638
v -0.05558818 0.03473325 -0.02104149
v -0.05558818 0.03473325 -0.01882660
v -0.05558818 0.03473325 -0.01661170
v -0.05558818 0.03473325 -0.01439681
v -0.05558818 0.03473325 -0.01218191
v -0.05558818 0.03473325 -0.00996702
v -0.05558818 0.03473325 -0.00775213
v -0.05558818 0.03473325 -0.00553723
v -0.05558818 0.03473325 -0.00332234
v -0.05558818 0.03473325 -0.00110745
v -0.05558818 0.03473325 0.00110745
v -0.05558818 0.03473325 0.00332234
v -0.05558818 0.03473325 0.00553723
v -0.05558818 0.03473325 0.00775213
v -0.05558818 0.03473325 0.00996702
v -0.05558818 0.03473325 0.01218191
v -0.05558818 0.03473325 0.01439681
v -0.05558818 0.03473325 0.01661170
v -0.05558818 0.03473325 0.01882660
v -0.05558818 0.03473325 0.02104149
v -0.05558818 0.03473325 0.02325638
v -0.05558818 0.03473325 0.02547128
v -0.05558818 0.03473325 0.02768617
v -0.05558818 0.03473325 0.02990106
v -0.05558818 0.03473325 0.03211596
v -0.05558818 0.03473325 0.03433085
v -0.05558818 0.03473325 0.03654574
v -0.05558818 0.03469642 0.03876064
v -0.05508561 -0.03439324 -0.04097553
v -0.05322273 -0.03518671 -0.04097553
v -0.05322273 -0.03439324 -0.04253879
v -0.05322273 -0.03568301 -0.03876064
v -0.05322273 -0.03571680 -0.03654574
v -0.05322273 -0.03571680 -0.03433085
v -0.05322273 -0.03571680 -0.03211596
v -0.05322273 -0.03571680 -0.02990106
v -0.05322273 -0.03571680 -0.02768617
v -0.05322273 -0.03571680 -0.02547128
v -0.05322273 -0.03571680 -0.02325638
v -0.05322273 -0.03571680 -0.02104149
v -0.05322273 -0.03571680 -0.01882660
v -0.05322273 -0.03571680 -0.01661170
v -0.05322273 -0.03571680 -0.01439681
v -0.05322273 -0.03571680 -0.01218191
v -0.05322273 -0.03571680 -0.00996702
v -0.05322273 -0.03571680 -0.00775213
v -0.05322273 -0.03571680 -0.00553723
v -0.05322273 -0.03571680 -0.00332234
v -0.05322273 -0.03571680 -0.00110745
v -0.05322273 -0.03571680 0.00110745
v -0.05322273 -0.03571680 0.00332234
v -0.05322273 -0.03571680 0.00553723
v -0.05322273 -0.03571680 0.00775213
v -0.05322273 -0.03571680 0.00996702
v -0.05322273 -0.03571680 0.01218191
v -0.05322273 -0.03571680 0.01439681
v -0.05322273 -0.03571680 0.01661170
v -0.05322273 -0.03571680 0.01882660
v -0.05322273 -0.03571680 0.02104149
v -0.05322273 -0.03571680 0.02325638
v -0.05322273 -0.03571680 0.02547128
v -0.05322273 -0.03571680 0.02768617
v -0.05322273 -0.03571680 0.02990106
v -0.05322273 -0.03571680 0.03211596
v -0.05322273 -0.03571680 0.03433085
v -0.05322273 -0.03571680 0.03654574
v -0.05322273 -0.03568301 0.03876064
v -0.05508561 -0.03439324 0.04097553
v -0.05322273 -0.03518671 0.04097553
v -0.05322273 -0.03439324 0.04253879
v -0.05322273 -0.03398465 -0.04319043
v -0.05322273 -0.03217432 -0.04499677
v -0.05322273 -0.03398465 0.04319043
v -0.05322273 -0.03217432 0.04499677
v -0.05507714 -0.02995541 -0.04540532
v -0.05322273 -0.03151826 -0.04540532
v -0.05322273 -0.02995541 -0.04619416
v -0.05322273 -0.03151826 0.04540532
v -0.05507714 -0.02995541 0.04540532
v -0.05322273 -0.02995541 0.04619417
v -0.05322273 -0.02773649 -0.04668514
v -0.05322273 -0.02773649 0.04668514
v -0.05322273 -0.02551757 -0.04671681
v -0.05322273 -0.02551757 0.04671680
v -0.05322273 -0.02329865 -0.04671681
v -0.05322273 -0.02329865 0.04671680
v -0.05322273 -0.02107973 -0.04671681
v -0.05322273 -0.02107973 0.04671680
v -0.05322273 -0.01886081 -0.04671681
v -0.05322273 -0.01886081 0.04671680
v -0.05322273 -0.01664189 -0.04671681
v -0.05322273 -0.01664189 0.04671680
v -0.05322273 -0.01442297 -0.04671681
v -0.05322273 -0.01442297 0.04671680
v -0.05322273 -0.01220405 -0.04671681
v -0.05322273 -0.01220405 0.04671680
v -0.05322273 -0.00998514 -0.04671681
v -0.05322273 -0.00998514 0.04671680
v -0.05322273 -0.00776622 -0.04671681
v -0.05322273 -0.00776622 0.04671680
v -0.05322273 -0.00554730 -0.04671681
v -0.05322273 -0.00554730 0.04671680
v -0.05322273 -0.00332838 -0.04671681
v -0.05322273 -0.00332838 0.04671680
v -0.05322273 -0.00110946 -0.04671681
v -0.05322273 -0.00110946 0.04671680
v -0.05322273 0.00110946 -0.04671681
v -0.05322273 0.00110946 0.04671680
v -0.05322273 0.00332838 -0.04671681
v -0.05322273 0.00332838 0.04671680
v -0.05322273 0.00554730 -0.04671681
v -0.05322273 0.00554730 0.04671680
v -0.05322273 0.00776622 -0.04671681
v -0.05322273 0.00776622 0.04671680
v -0.05322273 0.00998514 -0.04671681
v -0.05322273 0.00998514 0.04671680
v -0.05322273 0.01220405 -0.04671681
v -0.05322273 0.01220405 0.04671680
v -0.05322273 0.01442297 -0.04671681
v -0.05322273 0.01442297 0.04671680
v -0.05322273 0.01664189 -0.04671681
v -0.05322273 0.01664189 0.04671680
v -0.05322273 0.01886081 -0.04671681
v -0.05322273 0.01886081 0.04671680
v -0.05322273 0.02107973 -0.04671681
v -0.05322273 0.02107973 0.04671680
v -0.05322273 0.02329865 -0.04671681
v -0.05322273 0.02329865 0.04671680
v -0.05322273 0.02551757 -0.04671681
v -0.05322273 0.02551757 0.04671680
v -0.05322273 0.02773649 -0.04668514
v -0.05322273 0.02773649 0.04668514
v -0.05507714 0.02995541 -0.04540532
v -0.05322273 0.02995541 -0.04619416
v -0.05507714 0.02995541 0.04540532
v -0.05322273 0.02995541 0.04619417
v -0.05322273 0.03151826 -0.04540532
v -0.05322273 0.03217432 -0.04499677
v -0.05322273 0.03217432 0.04499677
v -0.05322273 0.03151826 0.04540532
v -0.05322273 0.03398465 -0.04319043
v -0.05508561 0.03439324 -0.04097553
v -0.05322273 0.03439324 -0.04253879
v -0.05508561 0.03439324 0.04097553
v -0.05322273 0.03439324 0.04253879
v -0.05322273 0.03398465 0.04319043
v -0.05322273 0.03518671 -0.04097553
v -0.05322273 0.03568301 -0.03876064
v -0.05322273 0.03571680 -0.03654574
v -0.05322273 0.03571680 -0.03433085
v -0.05322273 0.03571680 -0.03211596
v -0.05322273 0.03571680 -0.02990106
v -0.05322273 0.03571680 -0.02768617
v -0.05322273 0.03571680 -0.02547128
v -0.05322273 0.03571680 -0.02325638
v -0.05322273 0.03571680 -0.02104149
v -0.05322273 0.03571680 -0.01882660
v -0.05322273 0.03571680 -0.01661170
v -0.05322273 0.03571680 -0.01439681
v -0.05322273 0.03571680 -0.01218191
v -0.05322273 0.03571680 -0.00996702
v -0.05322273 0.03571680 -0.00775213
v -0.05322273 0.03571680 -0.00553723
v -0.05322273 0.03571680 -0.00332234
v -0.05322273 0.03571680 -0.00110745
v -0.05322273 0.03571680 0.00110745
v -0.05322273 0.03571680 0.00332234
v -0.05322273 0.03571680 0.00553723
v -0.05322273 0.03571680 0.00775213
v -0.05322273 0.03571680 0.00996702
v -0.05322273 0.03571680 0.01218191
v -0.05322273 0.03571680 0.01439681
v -0.05322273 0.03571680 0.01661170
v -0.05322273 0.03571680 0.01882660
v -0.05322273 0.03571680 0.02104149
v -0.05322273 0.03571680 0.02325638
v -0.05322273 0.03571680 0.02547128
v -0.05322273 0.03571680 0.02768617
v -0.05322273 0.03571680 0.02990106
v -0.05322273 0.03571680 0.03211596
v -0.05322273 0.03571680 0.03433085
v -0.05322273 0.03571680 0.03654574
v -0.05322273 0.03568301 0.03876064
v -0.05322273 0.03518671 0.04097553
v -0.05085727 -0.03548588 -0.04097553
v -0.05085727 -0.03439324 -0.04312108
v -0.05085727 -0.03596734 -0.03876064
v -0.05085727 -0.03600000 -0.03654574
v -0.05085727 -0.03600000 -0.03433085
v -0.05085727 -0.03600000 -0.03211596
v -0.05085727 -0.03600000 -0.02990106
v -0.05085727 -0.03600000 -0.02768617
v -0.05085727 -0.03600000 -0.02547128
v -0.05085727 -0.03600000 -0.02325638
v -0.05085727 -0.03600000 -0.02104149
v -0.05085727 -0.03600000 -0.01882660
v -0.05085727 -0.03600000 -0.01661170
v -0.05085727 -0.03600000 -0.01439681
v -0.05085727 -0.03600000 -0.01218191
v -0.05085727 -0.03600000 -0.00996702
v -0.05085727 -0.03600000 -0.00775213
v -0.05085727 -0.03600000 -0.00553723
v -0.05085727 -0.03600000 -0.00332234
v -0.05085727 -0.03600000 -0.00110745
v -0.05085727 -0.03600000 0.00110745
v -0.05085727 -0.03600000 0.00332234
v -0.05085727 -0.03600000 0.00553723
v -0.05085727 -0.03600000 0.00775213
v -0.05085727 -0.03600000 0.00996702
v -0.05085727 -0.03600000 0.01218191
v -0.05085727 -0.03600000 0.01439681
v -0.05085727 -0.03600000 0.01661170
v -0.05085727 -0.03600000 0.01882660
v -0.05085727 -0.03600000 0.02104149
v -0.05085727 -0.03600000 0.02325638
v -0.05085727 -0.03600000 0.02547128
v -0.05085727 -0.03600000 0.02768617
v -0.05085727 -0.03600000 0.02990106
v -0.05085727 -0.03600000 0.03211596
v -0.05085727 -0.03600000 0.03433085
v -0.05085727 -0.03600000 0.03654574
v -0.05085727 -0.03596734 0.03876064
v -0.05085727 -0.03548588 0.04097553
v -0.05085727 -0.03439324 0.04312108
v -0.05085727 -0.03434988 -0.04319043
v -0.05085727 -0.03217432 -0.04536121
v -0.05085727 -0.03434988 0.04319043
v -0.05085727 -0.03217432 0.04536121
v -0.05085727 -0.03210329 -0.04540532
v -0.05085727 -0.02995541 -0.04649305
v -0.05085727 -0.03210329 0.04540532
v -0.05085727 -0.02995541 0.04649305
v -0.05085727 -0.02773649 -0.04696939
v -0.05085727 -0.02773649 0.04696938
v -0.05085727 -0.02551757 -0.04700000
v -0.05085727 -0.02551757 0.04700000
v -0.05085727 -0.02329865 -0.04700000
v -0.05085727 -0.02329865 0.04700000
v -0.05085727 -0.02107973 -0.04700000
v -0.05085727 -0.02107973 0.04700000
v -0.05085727 -0.01886081 -0.04700000
v -0.05085727 -0.01886081 0.04700000
v -0.05085727 -0.01664189 -0.04700000
v -0.05085727 -0.01664189 0.04700000
v -0.05085727 -0.01442297 -0.04700000
v -0.05085727 -0.01442297 0.04700000
v -0.05085727 -0.01220405 -0.04700000
v -0.05085727 -0.01220405 0.04700000
v -0.05085727 -0.00998514 -0.04700000
v -0.05085727 -0.00998514 0.04700000
v -0.05085727 -0.00776622 -0.04700000
v -0.05085727 -0.00776622 0.04700000
v -0.05085727 -0.00554730 -0.04700000
v -0.05085727 -0.00554730 0.04700000
v -0.05085727 -0.00332838 -0.04700000
v -0.05085727 -0.00332838 0.04700000
v -0.05085727 -0.00110946 -0.04700000
v -0.05085727 -0.00110946 0.04700000
v -0.05085727 0.00110946 -0.04700000
v -0.05085727 0.00110946 0.04700000
v -0.05085727 0.00332838 -0.04700000
v -0.05085727 0.00332838 0.04700000
v -0.05085727 0.00554730 -0.04700000
v -0.05085727 0.00554730 0.04700000
v -0.05085727 0.00776622 -0.04700000
v -0.05085727 0.00776622 0.04700000
v -0.05085727 0.00998514 -0.04700000
v -0.05085727 0.00998514 0.04700000
v -0.05085727 0.01220405 -0.04700000
v -0.05085727 0.01220405 0.04700000
v -0.05085727 0.01442297 -0.04700000
v -0.05085727 0.01442297 0.04700000
v -0.05085727 0.01664189 -0.04700000
v -0.05085727 0.01664189 0.04700000
v -0.05085727 0.01886081 -0.04700000
v -0.05085727 0.01886081 0.04700000
v -0.05085727 0.02107973 -0.04700000
v -0.05085727 0.02107973 0.04700000
v -0.05085727 0.02329865 -0.04700000
v -0.05085727 0.02329865 0.04700000
v -0.05085727 0.02551757 -0.04700000
v -0.05085727 0.02551757 0.04700000
v -0.05085727 0.02773649 -0.04696939
v -0.05085727 0.02773649 0.04696938
v -0.05085727 0.02995541 -0.04649305
v -0.05085727 0.02995541 0.04649305
v -0.05085727 0.03210329 -0.04540532
v -0.05085727 0.03217432 -0.04536121
v -0.05085727 0.03217432 0.04536121
v -0.05085727 0.03210329 0.04540532
v -0.05085727 0.03434989 -0.04319043
v -0.05085727 0.03439324 -0.04312108
v -0.05085727 0.03439324 0.04312108
v -0.05085727 0.03434989 0.04319043
v -0.05085727 0.03548588 -0.04097553
v -0.05085727 0.03596734 -0.03876064
v -0.05085727 0.03600000 -0.03654574
v -0.05085727 0.03600000 -0.03433085
v -0.05085727 0.03600000 -0.03211596
v -0.05085727 0.03600000 -0.02990106
v -0.05085727 0.03600000 -0.02768617
v -0.05085727 0.03600000 -0.02547128
v -0.05085727 0.03600000 -0.02325638
v -0.05085727 0.03600000 -0.02104149
v -0.05085727 0.03600000 -0.01882660
v -0.05085727 0.03600000 -0.01661170
v -0.05085727 0.03600000 -0.01439681
v -0.05085727 0.03600000 -0.01218191
v -0.05085727 0.03600000 -0.00996702
v -0.05085727 0.03600000 -0.00775213
v -0.05085727 0.03600000 -0.00553723
v -0.05085727 0.03600000 -0.00332234
v -0.05085727 0.03600000 -0.00110745
v -0.05085727 0.03600000 0.00110745
v -0.05085727 0.03600000 0.00332234
v -0.05085727 0.03600000 0.00553723
v -0.05085727 0.03600000 0.00775213
v -0.05085727 0.03600000 0.00996702
v -0.05085727 0.03600000 0.01218191
v -0.05085727 0.03600000 0.01439681
v -0.05085727 0.03600000 0.01661170
v -0.05085727 0.03600000 0.01882660
v -0.05085727 0.03600000 0.02104149
v -0.05085727 0.03600000 0.02325638
v -0.05085727 0.03600000 0.02547128
v -0.05085727 0.03600000 0.02768617
v -0.05085727 0.03600000 0.02990106
v -0.05085727 0.03600000 0.03211596
v -0.05085727 0.03600000 0.03433085
v -0.05085727 0.03600000 0.03654574
v -0.05085727 0.03596734 0.03876064
v -0.05085727 0.03548588 0.04097553
v -0.04849182 -0.03548588 -0.04097553
v -0.04849182 -0.03439324 -0.04312108
v -0.04849182 -0.03596734 -0.03876064
v -0.04849182 -0.03600000 -0.03654574
v -0.04849182 -0.03600000 -0.03433085
v -0.04849182 -0.03600000 -0.03211596
v -0.04849182 -0.03600000 -0.02990106
v -0.04849182 -0.03600000 -0.02768617
v -0.04849182 -0.03600000 -0.02547128
v -0.04849182 -0.03600000 -0.02325638
v -0.04849182 -0.03600000 -0.02104149
v -0.04849182 -0.03600000 -0.01882660
v -0.04849182 -0.03600000 -0.01661170
v -0.04849182 -0.03600000 -0.01439681
v -0.04849182 -0.03600000 -0.01218191
v -0.04849182 -0.03600000 -0.00996702
v -0.04849182 -0.03600000 -0.00775213
v -0.04849182 -0.03600000 -0.00553723
v -0.04849182 -0.03600000 -0.00332234
v -0.04849182 -0.03600000 -0.00110745
v -0.04849182 -0.03600000 0.00110745
v -0.04849182 -0.03600000 0.00332234
v -0.04849182 -0.03600000 0.00553723
v -0.04849182 -0.03600000 0.00775213
v -0.04849182 -0.03600000 0.00996702
v -0.04849182 -0.03600000 0.01218191
v -0.04849182 -0.03600000 0.01439681
v -0.04849182 -0.03600000 0.01661170
v -0.04849182 -0.03600000 0.01882660
v -0.04849182 -0.03600000 0.02104149
v -0.04849182 -0.03600000 0.02325638
v -0.04849182 -0.03600000 0.02547128
v -0.04849182 -0.03600000 0.02768617
v -0.04849182 -0.03600000 0.02990106
v -0.04849182 -0.03600000 0.03211596
v -0.04849182 -0.03600000 0.03433085
v -0.04849182 -0.03600000 0.03654574
v -0.04849182 -0.03596734 0.03876064
v -0.04849182 -0.03548588 0.04097553
v -0.04849182 -0.03439324 0.04312108
v -0.04849182 -0.03434988 -0.04319043
v -0.04849182 -0.03217432 -0.04536121
v -0.04849182 -0.03434988 0.04319043
v -0.04849182 -0.03217432 0.04536121
v -0.04849182 -0.03210329 -0.04540532
v -0.04849182 -0.02995541 -0.04649305
v -0.04849182 -0.03210329 0.04540532
v -0.04849182 -0.02995541 0.04649305
v -0.04849182 -0.02773649 -0.04696939
v -0.04849182 -0.02773649 0.04696938
v -0.04849182 -0.02551757 -0.04700000
v -0.04849182 -0.02551757 0.04700000
v -0.04849182 -0.02329865 -0.04700000
v -0.04849182 -0.02329865 0.04700000
v -0.04849182 -0.02107973 -0.04700000
v -0.04849182 -0.02107973 0.04700000
v -0.04849182 -0.01886081 -0.04700000
v -0.04849182 -0.01886081 0.04700000
v -0.04849182 -0.01664189 -0.04700000
v -0.04849182 -0.01664189 0.04700000
v -0.04849182 -0.01442297 -0.04700000
v -0.04849182 -0.01442297 0.04700000
v -0.04849182 -0.01220405 -0.04700000
v -0.04849182 -0.01220405 0.04700000
v -0.04849182 -0.00998514 -0.04700000
v -0.04849182 -0.00998514 0.04700000
v -0.04849182 -0.00776622 -0.04700000
v -0.04849182 -0.00776622 0.04700000
v -0.04849182 -0.00554730 -0.04700000
v -0.04849182 -0.00554730 0.04700000
v -0.04849182 -0.00332838 -0.04700000
v -0.04849182 -0.00332838 0.04700000
v -0.04849182 -0.00110946 -0.04700000
v -0.04849182 -0.00110946 0.04700000
v -0.04849182 0.00110946 -0.04700000
v -0.04849182 0.00110946 0.04700000
v -0.04849182 0.00332838 -0.04700000
v -0.04849182 0.00332838 0.04700000
v -0.04849182 0.00554730 -0.04700000
v -0.04849182 0.00554730 0.04700000
v -0.04849182 0.00776622 -0.04700000
v -0.04849182 0.00776622 0.04700000
v -0.04849182 0.00998514 -0.04700000
v -0.04849182 0.00998514 0.04700000
v -0.04849182 0.01220405 -0.04700000
v -0.04849182 0.01220405 0.04700000
v -0.04849182 0.01442297 -0.04700000
v -0.04849182 0.01442297 0.04700000
v -0.04849182 0.01664189 -0.04700000
v -0.04849182 0.01664189 0.04700000
v -0.04849182 0.01886081 -0.04700000
v -0.04849182 0.01886081 0.04700000
v -0.04849182 0.02107973 -0.04700000
v -0.04849182 0.02107973 0.04700000
v -0.04849182 0.02329865 -0.04700000
v -0.04849182 0.02329865 0.04700000
v -0.04849182 0.02551757 -0.04700000
v -0.04849182 0.02551757 0.04700000
v -0.04849182 0.02773649 -0.04696939
v -0.04849182 0.02773649 0.04696938
v -0.04849182 0.02995541 -0.04649305
v -0.04849182 0.02995541 0.04649305
v -0.04849182 0.03210329 -0.04540532
v -0.04849182 0.03217432 -0.04536121
v -0.04849182 0.03217432 0.04536121
v -0.04849182 0.03210329 0.04540532
v -0.04849182 0.03434989 -0.04319043
v -0.04849182 0.03439324 -0.04312108
v -0.04849182 0.03439324 0.04312108
v -0.04849182 0.03434989 0.04319043
v -0.04849182 0.03548588 -0.04097553
v -0.04849182 0.03596734 -0.03876064
v -0.04849182 0.03600000 -0.03654574
v -0.04849182 0.03600000 -0.03433085
v -0.04849182 0.03600000 -0.03211596
v -0.04849182 0.03600000 -0.02990106
v -0.04849182 0.03600000 -0.02768617
v -0.04849182 0.03600000 -0.02547128
v -0.04849182 0.03600000 -0.02325638
v -0.04849182 0.03600000 -0.02104149
v -0.04849182 0.03600000 -0.01882660
v -0.04849182 0.03600000 -0.01661170
v -0.04849182 0.03600000 -0.01439681
v -0.04849182 0.03600000 -0.01218191
v -0.04849182 0.03600000 -0.00996702
v -0.04849182 0.03600000 -0.00775213
v -0.04849182 0.03600000 -0.00553723
v -0.04849182 0.03600000 -0.00332234
v -0.04849182 0.03600000 -0.00110745
v -0.04849182 0.03600000 0.00110745
v -0.04849182 0.03600000 0.00332234
v -0.04849182 0.03600000 0.00553723
v -0.04849182 0.03600000 0.00775213
v -0.04849182 0.03600000 0.00996702
v -0.04849182 0.03600000 0.01218191
v -0.04849182 0.03600000 0.01439681
v -0.04849182 0.03600000 0.01661170
v -0.04849182 0.03600000 0.01882660
v -0.04849182 0.03600000 0.02104149
v -0.04849182 0.03600000 0.02325638
v -0.04849182 0.03600000 0.02547128
v -0.04849182 0.03600000 0.02768617
v -0.04849182 0.03600000 0.02990106
v -0.04849182 0.03600000 0.03211596
v -0.04849182 0.03600000 0.03433085
v -0.04849182 0.03600000 0.03654574
v -0.04849182 0.03596734 0.03876064
v -0.04849182 0.03548588 0.04097553
v -0.04612636 -0.03548588 -0.04097553
v -0.04612636 -0.03439324 -0.04312108
v -0.04612636 -0.03596734 -0.03876064
v -0.04612636 -0.03600000 -0.03654574
v -0.04612636 -0.03600000 -0.03433085
v -0.04612636 -0.03600000 -0.03211596
v -0.04612636 -0.03600000 -0.02990106
v -0.04612636 -0.03600000 -0.02768617
v -0.04612636 -0.03600000 -0.02547128
v -0.04612636 -0.03600000 -0.02325638
v -0.04612636 -0.03600000 -0.02104149
v -0.04612636 -0.03600000 -0.01882660
v -0.04612636 -0.03600000 -0.01661170
v -0.04612636 -0.03600000 -0.01439681
v -0.04612636 -0.03600000 -0.01218191
v -0.04612636 -0.03600000 -0.00996702
v -0.04612636 -0.03600000 -0.00775213
v -0.04612636 -0.03600000 -0.00553723
v -0.04612636 -0.03600000 -0.00332234
v -0.04612636 -0.03600000 -0.00110745
v -0.04612636 -0.03600000 0.00110745
v -0.04612636 -0.03600000 0.00332234
v -0.04612636 -0.03600000 0.00553723
v -0.04612636 -0.03600000 0.00775213
v -0.04612636 -0.03600000 0.00996702
v -0.04612636 -0.03600000 0.01218191
v -0.04612636 -0.03600000 0.01439681
v -0.04612636 -0.03600000 0.01661170
v -0.04612636 -0.03600000 0.01882660
v -0.04612636 -0.03600000 0.02104149
v -0.04612636 -0.03600000 0.02325638
v -0.04612636 -0.03600000 0.02547128
v -0.04612636 -0.03600000 0.02768617
v -0.04612636 -0.03600000 0.02990106
v -0.04612636 -0.03600000 0.03211596
v -0.04612636 -0.03600000 0.03433085
v -0.04612636 -0.03600000 0.03654574
v -0.04612636 -0.03596734 0.03876064
v -0.04612636 -0.03548588 0.04097553
v -0.04612636 -0.03439324 0.04312108
v -0.04612636 -0.03434988 -0.04319043
v -0.04612636 -0.03217432 -0.04536121
v -0.04612636 -0.03434988 0.04319043
v -0.04612636 -0.03217432 0.04536121
v -0.04612636 -0.03210329 -0.04540532
v -0.04612636 -0.02995541 -0.04649305
v -0.04612636 -0.03210329 0.04540532
v -0.04612636 -0.02995541 0.04649305
v -0.04612636 -0.02773649 -0.04696939
v -0.04612636 -0.02773649 0.04696938
v -0.04612636 -0.02551757 -0.04700000
v -0.04612636 -0.02551757 0.04700000
v -0.04612636 -0.02329865 -0.04700000
v -0.04612636 -0.02329865 0.04700000
v -0.04612636 -0.02107973 -0.04700000
v -0.04612636 -0.02107973 0.04700000
v -0.04612636 -0.01886081 -0.04700000
v -0.04612636 -0.01886081 0.04700000
v -0.04612636 -0.01664189 -0.04700000
v -0.04612636 -0.01664189 0.04700000
v -0.04612636 -0.01442297 -0.04700000
v -0.04612636 -0.01442297 0.04700000
v -0.04612636 -0.01220405 -0.04700000
v -0.04612636 -0.01220405 0.04700000
v -0.04612636 -0.00998514 -0.04700000
v -0.04612636 -0.00998514 0.04700000
v -0.04612636 -0.00776622 -0.04700000
v -0.04612636 -0.00776622 0.04700000
v -0.04612636 -0.00554730 -0.04700000
v -0.04612636 -0.00554730 0.04700000
v -0.04612636 -0.00332838 -0.04700000
v -0.04612636 -0.00332838 0.04700000
v -0.04612636 -0.00110946 -0.04700000
v -0.04612636 -0.00110946 0.04700000
v -0.04612636 0.00110946 -0.04700000
v -0.04612636 0.00110946 0.04700000
v -0.04612636 0.00332838 -0.04700000
v -0.04612636 0.00332838 0.04700000
v -0.04612636 0.00554730 -0.04700000
v -0.04612636 0.00554730 0.04700000
v -0.04612636 0.00776622 -0.04700000
v -0.04612636 0.00776622 0.04700000
v -0.04612636 0.00998514 -0.04700000
v -0.04612636 0.00998514 0.04700000
v -0.04612636 0.01220405 -0.04700000
v -0.04612636 0.01220405 0.04700000
v -0.04612636 0.01442297 -0.04700000
v -0.04612636 0.01442297 0.04700000
v -0.04612636 0.01664189 -0.04700000
v -0.04612636 0.01664189 0.04700000
v -0.04612636 0.01886081 -0.04700000
v -0.04612636 0.01886081 0.04700000
v -0.04612636 0.02107973 -0.04700000
v -0.04612636 0.02107973 0.04700000
v -0.04612636 0.02329865 -0.04700000
v -0.04612636 0.02329865 0.04700000
v -0.04612636 0.02551757 -0.04700000
v -0.04612636 0.02551757 0.04700000
v -0.04612636 0.02773649 -0.04696939
v -0.04612636 0.02773649 0.04696938
v -0.04612636 0.02995541 -0.04649305
v -0.04612636 0.02995541 0.04649305
v -0.04612636 0.03210329 -0.04540532
v -0.04612636 0.03217432 -0.04536121
v -0.04612636 0.03217432 0.04536121
v -0.04612636 0.03210329 0.04540532
v -0.04612636 0.03434989 -0.04319043
v -0.04612636 0.03439324 -0.04312108
v -0.04612636 0.03439324 0.04312108
v -0.04612636 0.03434989 0.04319043
v -0.04612636 0.03548588 -0.04097553
v -0.04612636 0.03596734 -0.03876064
v -0.04612636 0.03600000 -0.03654574
v -0.04612636 0.03600000 -0.03433085
v -0.04612636 0.03600000 -0.03211596
v -0.04612636 0.03600000 -0.02990106
v -0.04612636 0.03600000 -0.02768617
v -0.04612636 0.03600000 -0.02547128
v -0.04612636 0.03600000 -0.02325638
v -0.04612636 0.03600000 -0.02104149
v -0.04612636 0.03600000 -0.01882660
v -0.04612636 0.03600000 -0.01661170
v -0.04612636 0.03600000 -0.01439681
v -0.04612636 0.03600000 -0.01218191
v -0.04612636 0.03600000 -0.00996702
v -0.04612636 0.03600000 -0.00775213
v -0.04612636 0.03600000 -0.00553723
v -0.04612636 0.03600000 -0.00332234
v -0.04612636 0.03600000 -0.00110745
v -0.04612636 0.03600000 0.00110745
v -0.04612636 0.03600000 0.00332234
v -0.04612636 0.03600000 0.00553723
v -0.04612636 0.03600000 0.00775213
v -0.04612636 0.03600000 0.00996702
v -0.04612636 0.03600000 0.01218191
v -0.04612636 0.03600000 0.01439681
v -0.04612636 0.03600000 0.01661170
v -0.04612636 0.03600000 0.01882660
v -0.04612636 0.03600000 0.02104149
v -0.04612636 0.03600000 0.02325638
v -0.04612636 0.03600000 0.02547128
v -0.04612636 0.03600000 0.02768617
v -0.04612636 0.03600000 0.02990106
v -0.04612636 0.03600000 0.03211596
v -0.04612636 0.03600000 0.03433085
v -0.04612636 0.03600000 0.03654574
v -0.04612636 0.03596734 0.03876064
v -0.04612636 0.03548588 0.04097553
v -0.04376091 -0.03548588 -0.04097553
v -0.04376091 -0.03439324 -0.04312108
v -0.04376091 -0.03596734 -0.03876064
v -0.04376091 -0.03600000 -0.03654574
v -0.04376091 -0.03600000 -0.03433085
v -0.04376091 -0.03600000 -0.03211596
v -0.04376091 -0.03600000 -0.02990106
v -0.04376091 -0.03600000 -0.02768617
v -0.04376091 -0.03600000 -0.02547128
v -0.04376091 -0.03600000 -0.02325638
v -0.04376091 -0.03600000 -0.02104149
v -0.04376091 -0.03600000 -0.01882660
v -0.04376091 -0.03600000 -0.01661170
v -0.04376091 -0.03600000 -0.01439681
v -0.04376091 -0.03600000 -0.01218191
v -0.04376091 -0.03600000 -0.00996702
v -0.04376091 -0.03600000 -0.00775213
v -0.04376091 -0.03600000 -0.00553723
v -0.04376091 -0.03600000 -0.00332234
v -0.04376091 -0.03600000 -0.00110745
v -0.04376091 -0.03600000 0.00110745
v -0.04376091 -0.03600000 0.00332234
v -0.04376091 -0.03600000 0.00553723
v -0.04376091 -0.03600000 0.00775213
v -0.04376091 -0.03600000 0.00996702
v -0.04376091 -0.03600000 0.01218191
v -0.04376091 -0.03600000 0.01439681
v -0.04376091 -0.03600000 0.01661170
v -0.04376091 -0.03600000 0.01882660
v -0.04376091 -0.03600000 0.02104149
v -0.04376091 -0.03600000 0.02325638
v -0.04376091 -0.03600000 0.02547128
v -0.04376091 -0.03600000 0.02768617
v -0.04376091 -0.03600000 0.02990106
v -0.04376091 -0.03600000 0.03211596
v -0.04376091 -0.03600000 0.03433085
v -0.04376091 -0.03600000 0.03654574
v -0.04376091 -0.03596734 0.03876064
v -0.04376091 -0.03548588 0.04097553
v -0.04376091 -0.03439324 0.04312108
v -0.04376091 -0.03434988 -0.04319043
v -0.04376091 -0.03217432 -0.04536121
v -0.04376091 -0.03434988 0.04319043
v -0.04376091 -0.03217432 0.04536121
v -0.04376091 -0.03210329 -0.04540532
v -0.04376091 -0.02995541 -0.04649305
v -0.04376091 -0.03210329 0.04540532
v -0.04376091 -0.02995541 0.04649305
v -0.04376091 -0.02773649 -0.04696939
v -0.04376091 -0.02773649 0.04696938
v -0.04376091 -0.02551757 -0.04700000
v -0.04376091 -0.02551757 0.04700000
v -0.04376091 -0.02329865 -0.04700000
v -0.04376091 -0.02329865 0.04700000
v -0.04376091 -0.02107973 -0.04700000
v -0.04376091 -0.02107973 0.04700000
v -0.04376091 -0.01886081 -0.04700000
v -0.04376091 -0.01886081 0.04700000
v -0.04376091 -0.01664189 -0.04700000
v -0.04376091 -0.01664189 0.04700000
v -0.04376091 -0.01442297 -0.04700000
v -0.04376091 -0.01442297 0.04700000
v -0.04376091 -0.01220405 -0.04700000
v -0.04376091 -0.01220405 0.04700000
v -0.04376091 -0.00998514 -0.04700000
v -0.04376091 -0.00998514 0.04700000
v -0.04376091 -0.00776622 -0.04700000
v -0.04376091 -0.00776622 0.04700000
v -0.04376091 -0.00554730 -0.04700000
v -0.04376091 -0.00554730 0.04700000
v -0.04376091 -0.00332838 -0.04700000
v -0.04376091 -0.00332838 0.04700000
v -0.04376091 -0.00110946 -0.04700000
v -0.04376091 -0.00110946 0.04700000
v -0.04376091 0.00110946 -0.04700000
v -0.04376091 0.00110946 0.04700000
v -0.04376091 0.00332838 -0.04700000
v -0.04376091 0.00332838 0.04700000
v -0.04376091 0.00554730 -0.04700000
v -0.04376091 0.00554730 0.04700000
v -0.04376091 0.00776622 -0.04700000
v -0.04376091 0.00776622 0.04700000
v -0.04376091 0.00998514 -0.04700000
v -0.04376091 0.00998514 0.04700000
v -0.04376091 0.01220405 -0.04700000
v -0.04376091 0.01220405 0.04700000
v -0.04376091 0.01442297 -0.04700000
v -0.04376091 0.01442297 0.04700000
v -0.04376091 0.01664189 -0.04700000
v -0.04376091 0.01664189 0.04700000
v -0.04376091 0.01886081 -0.04700000
v -0.04376091 0.01886081 0.04700000
v -0.04376091 0.02107973 -0.04700000
v -0.04376091 0.02107973 0.04700000
v -0.04376091 0.02329865 -0.04700000
v -0.04376091 0.02329865 0.04700000
v -0.04376091 0.02551757 -0.04700000
v -0.04376091 0.02551757 0.04700000
v -0.04376091 0.02773649 -0.04696939
v -0.04376091 0.02773649 0.04696938
v -0.04376091 0.02995541 -0.04649305
v -0.04376091 0.02995541 0.04649305
v -0.04376091 0.03210329 -0.04540532
v -0.04376091 0.03217432 -0.04536121
v -0.04376091 0.03217432 0.04536121
v -0.04376091 0.03210329 0.04540532
v -0.04376091 0.03434989 -0.04319043
v -0.04376091 0.03439324 -0.04312108
v -0.04376091 0.03439324 0.04312108
v -0.04376091 0.03434989 0.04319043
v -0.04376091 0.03548588 -0.04097553
v -0.04376091 0.03596734 -0.03876064
v -0.04376091 0.03600000 -0.03654574
v -0.04376091 0.03600000 -0.03433085
v -0.04376091 0.03600000 -0.03211596
v -0.04376091 0.03600000 -0.02990106
v -0.04376091 0.03600000 -0.02768617
v -0.04376091 0.03600000 -0.02547128
v -0.04376091 0.03600000 -0.02325638
v -0.04376091 0.03600000 -0.02104149
v -0.04376091 0.03600000 -0.01882660
v -0.04376091 0.03600000 -0.01661170
v -0.04376091 0.03600000 -0.01439681
v -0.04376091 0.03600000 -0.01218191
v -0.04376091 0.03600000 -0.00996702
v -0.04376091 0.03600000 -0.00775213
v -0.04376091 0.03600000 -0.00553723
v -0.04376091 0.03600000 -0.00332234
v -0.04376091 0.03600000 -0.00110745
v -0.04376091 0.03600000 0.00110745
v -0.04376091 0.03600000 0.00332234
v -0.04376091 0.03600000 0.00553723
v -0.04376091 0.03600000 0.00775213
v -0.04376091 0.03600000 0.00996702
v -0.04376091 0.03600000 0.01218191
v -0.04376091 0.03600000 0.01439681
v -0.04376091 0.03600000 0.01661170
v -0.04376091 0.03600000 0.01882660
v -0.04376091 0.03600000 0.02104149
v -0.04376091 0.03600000 0.02325638
v -0.04376091 0.03600000 0.02547128
v -0.04376091 0.03600000 0.02768617
v -0.04376091 0.03600000 0.02990106
v -0.04376091 0.03600000 0.03211596
v -0.04376091 0.03600000 0.03433085
v -0.04376091 0.03600000 0.03654574
v -0.04376091 0.03596734 0.03876064
v -0.04376091 0.03548588 0.04097553
v -0.04139545 -0.03548588 -0.04097553
v -0.04139545 -0.03439324 -0.04312108
v -0.04139545 -0.03596734 -0.03876064
v -0.04139545 -0.03600000 -0.03654574
v -0.04139545 -0.03600000 -0.03433085
v -0.04139545 -0.03600000 -0.03211596
v -0.04139545 -0.03600000 -0.02990106
v -0.04139545 -0.03600000 -0.02768617
v -0.04139545 -0.03600000 -0.02547128
v -0.04139545 -0.03600000 -0.02325638
v -0.04139545 -0.03600000 -0.02104149
v -0.04139545 -0.03600000 -0.01882660
v -0.04139545 -0.03600000 -0.01661170
v -0.04139545 -0.03600000 -0.01439681
v -0.04139545 -0.03600000 -0.01218191
v -0.04139545 -0.03600000 -0.00996702
v -0.04139545 -0.03600000 -0.00775213
v -0.04139545 -0.03600000 -0.00553723
v -0.04139545 -0.03600000 -0.00332234
v -0.04139545 -0.03600000 -0.00110745
v -0.04139545 -0.03600000 0.00110745
v -0.04139545 -0.03600000 0.00332234
v -0.04139545 -0.03600000 0.00553723
v -0.04139545 -0.03600000 0.00775213
v -0.04139545 -0.03600000 0.00996702
v -0.04139545 -0.03600000 0.01218191
v -0.04139545 -0.03600000 0.01439681
v -0.04139545 -0.03600000 0.01661170
v -0.04139545 -0.03600000 0.01882660
v -0.04139545 -0.03600000 0.02104149
v -0.04139545 -0.03600000 0.02325638
v -0.04139545 -0.03600000 0.02547128
v -0.04139545 -0.03600000 0.02768617
v -0.04139545 -0.03600000 0.02990106
v -0.04139545 -0.03600000 0.03211596
v -0.04139545 -0.03600000 0.03433085
v -0.04139545 -0.03600000 0.03654574
v -0.04139545 -0.03596734 0.03876064
v -0.04139545 -0.03548588 0.04097553
v -0.04139545 -0.03439324 0.04312108
v -0.04139545 -0.03434988 -0.04319043
v -0.04139545 -0.03217432 -0.04536121
v -0.04139545 -0.03434988 0.04319043
v -0.04139545 -0.03217432 0.04536121
v -0.04139545 -0.03210329 -0.04540532
v -0.04139545 -0.02995541 -0.04649305
v -0.04139545 -0.03210329 0.04540532
v -0.04139545 -0.02995541 0.04649305
v -0.04139545 -0.02773649 -0.04696939
v -0.04139545 -0.02773649 0.04696938
v -0.04139545 -0.02551757 -0.04700000
v -0.04139545 -0.02551757 0.04700000
v -0.04139545 -0.02329865 -0.04700000
v -0.04139545 -0.02329865 0.04700000
v -0.04139545 -0.02107973 -0.04700000
v -0.04139545 -0.02107973 0.04700000
v -0.04139545 -0.01886081 -0.04700000
v -0.04139545 -0.01886081 0.04700000
v -0.04139545 -0.01664189 -0.04700000
v -0.04139545 -0.01664189 0.04700000
v -0.04139545 -0.01442297 -0.04700000
v -0.04139545 -0.01442297 0.04700000
v -0.04139545 -0.01220405 -0.04700000
v -0.04139545 -0.01220405 0.04700000
v -0.04139545 -0.00998514 -0.04700000
v -0.04139545 -0.00998514 0.04700000
v -0.04139545 -0.00776622 -0.04700000
v -0.04139545 -0.00776622 0.04700000
v -0.04139545 -0.00554730 -0.04700000
v -0.04139545 -0.00554730 0.04700000
v -0.04139545 -0.00332838 -0.04700000
v -0.04139545 -0.00332838 0.04700000
v -0.04139545 -0.00110946 -0.04700000
v -0.04139545 -0.00110946 0.04700000
v -0.04139545 0.00110946 -0.04700000
v -0.04139545 0.00110946 0.04700000
v -0.04139545 0.00332838 -0.04700000
v -0.04139545 0.00332838 0.04700000
v -0.04139545 0.00554730 -0.04700000
v -0.04139545 0.00554730 0.04700000
v -0.04139545 0.00776622 -0.04700000
v -0.04139545 0.00776622 0.04700000
v -0.04139545 0.00998514 -0.04700000
v -0.04139545 0.00998514 0.04700000
v -0.04139545 0.01220405 -0.04700000
v -0.04139545 0.01220405 0.04700000
v -0.04139545 0.01442297 -0.04700000
v -0.04139545 0.01442297 0.04700000
v -0.04139545 0.01664189 -0.04700000
v -0.04139545 0.01664189 0.04700000
v -0.04139545 0.01886081 -0.04700000
v -0.04139545 0.01886081 0.04700000
v -0.04139545 0.02107973 -0.04700000
v -0.04139545 0.02107973 0.04700000
v -0.04139545 0.02329865 -0.04700000
v -0.04139545 0.02329865 0.04700000
v -0.04139545 0.02551757 -0.04700000
v -0.04139545 0.02551757 0.04700000
v -0.04139545 0.02773649 -0.04696939
v -0.04139545 0.02773649 0.04696938
v -0.04139545 0.02995541 -0.04649305
v -0.04139545 0.02995541 0.04649305
v -0.04139545 0.03210329 -0.04540532
v -0.04139545 0.03217432 -0.04536121
v -0.04139545 0.03217432 0.04536121
v -0.04139545 0.03210329 0.04540532
v -0.04139545 0.03434989 -0.04319043
v -0.04139545 0.03439324 -0.04312108
v -0.04139545 0.03439324 0.04312108
v -0.04139545 0.03434989 0.04319043
v -0.04139545 0.03548588 -0.04097553
v -0.04139545 0.03596734 -0.03876064
v -0.04139545 0.03600000 -0.03654574
v -0.04139545 0.03600000 -0.03433085
v -0.04139545 0.03600000 -0.03211596
v -0.04139545 0.03600000 -0.02990106
v -0.04139545 0.03600000 -0.02768617
v -0.04139545 0.03600000 -0.02547128
v -0.04139545 0.03600000 -0.02325638
v -0.04139545 0.03600000 -0.02104149
v -0.04139545 0.03600000 -0.01882660
v -0.04139545 0.03600000 -0.01661170
v -0.04139545 0.03600000 -0.01439681
v -0.04139545 0.03600000 -0.01218191
v -0.04139545 0.03600000 -0.00996702
v -0.04139545 0.03600000 -0.00775213
v -0.04139545 0.03600000 -0.00553723
v -0.04139545 0.03600000 -0.00332234
v -0.04139545 0.03600000 -0.00110745
v -0.04139545 0.03600000 0.00110745
v -0.04139545 0.03600000 0.00332234
v -0.04139545 0.03600000 0.00553723
v -0.04139545 0.03600000 0.00775213
v -0.04139545 0.03600000 0.00996702
v -0.04139545 0.03600000 0.01218191
v -0.04139545 0.03600000 0.01439681
v -0.04139545 0.03600000 0.01661170
v -0.04139545 0.03600000 0.01882660
v -0.04139545 0.03600000 0.02104149
v -0.04139545 0.03600000 0.02325638
v -0.04139545 0.03600000 0.02547128
v -0.04139545 0.03600000 0.02768617
v -0.04139545 0.03600000 0.02990106
v -0.04139545 0.03600000 0.03211596
v -0.04139545 0.03600000 0.03433085
v -0.04139545 0.03600000 0.03654574
v -0.04139545 0.03596734 0.03876064
v -0.04139545 0.03548588 0.04097553
v -0.03903000 -0.03548588 -0.04097553
v -0.03903000 -0.03439324 -0.04312108
v -0.03903000 -0.03596734 -0.03876064
v -0.03903000 -0.03600000 -0.03654574
v -0.03903000 -0.03600000 -0.03433085
v -0.03903000 -0.03600000 -0.03211596
v -0.03903000 -0.03600000 -0.02990106
v -0.03903000 -0.03600000 -0.02768617
v -0.03903000 -0.03600000 -0.02547128
v -0.03903000 -0.03600000 -0.02325638
v -0.03903000 -0.03600000 -0.02104149
v -0.03903000 -0.03600000 -0.01882660
v -0.03903000 -0.03600000 -0.01661170
v -0.03903000 -0.03600000 -0.01439681
v -0.03903000 -0.03600000 -0.01218191
v -0.03903000 -0.03600000 -0.00996702
v -0.03903000 -0.03600000 -0.00775213
v -0.03903000 -0.03600000 -0.00553723
v -0.03903000 -0.03600000 -0.00332234
v -0.03903000 -0.03600000 -0.00110745
v -0.03903000 -0.03600000 0.00110745
v -0.03903000 -0.03600000 0.00332234
v -0.03903000 -0.03600000 0.00553723
v -0.03903000 -0.03600000 0.00775213
v -0.03903000 -0.03600000 0.00996702
v -0.03903000 -0.03600000 0.01218191
v -0.03903000 -0.03600000 0.01439681
v -0.03903000 -0.03600000 0.01661170
v -0.03903000 -0.03600000 0.01882660
v -0.03903000 -0.03600000 0.02104149
v -0.03903000 -0.03600000 0.02325638
v -0.03903000 -0.03600000 0.02547128
v -0.03903000 -0.03600000 0.02768617
v -0.03903000 -0.03600000 0.02990106
v -0.03903000 -0.03600000 0.03211596
v -0.03903000 -0.03600000 0.03433085
v -0.03903000 -0.03600000 0.03654574
v -0.03903000 -0.03596734 0.03876064
v -0.03903000 -0.03548588 0.04097553
v -0.03903000 -0.03439324 0.04312108
v -0.03903000 -0.03434988 -0.04319043
v -0.03903000 -0.03217432 -0.04536121
v -0.03903000 -0.03434988 0.04319043
v -0.03903000 -0.03217432 0.04536121
v -0.03903000 -0.03210329 -0.04540532
v -0.03903000 -0.02995541 -0.04649305
v -0.03903000 -0.03210329 0.04540532
v -0.03903000 -0.02995541 0.04649305
v -0.03903000 -0.02773649 -0.04696939
v -0.03903000 -0.02773649 0.04696938
v -0.03903000 -0.02551757 -0.04700000
v -0.03903000 -0.02551757 0.04700000
v -0.03903000 -0.02329865 -0.04700000
v -0.03903000 -0.02329865 0.04700000
v -0.03903000 -0.02107973 -0.04700000
v -0.03903000 -0.02107973 0.04700000
v -0.03903000 -0.01886081 -0.04700000
v -0.03903000 -0.01886081 0.04700000
v -0.03903000 -0.01664189 -0.04700000
v -0.03903000 -0.01664189 0.04700000
v -0.03903000 -0.01442297 -0.04700000
v -0.03903000 -0.01442297 0.04700000
v -0.03903000 -0.01220405 -0.04700000
v -0.03903000 -0.01220405 0.04700000
v -0.03903000 -0.00998514 -0.04700000
v -0.03903000 -0.00998514 0.04700000
v -0.03903000 -0.00776622 -0.04700000
v -0.03903000 -0.00776622 0.04700000
v -0.03903000 -0.00554730 -0.04700000
v -0.03903000 -0.00554730 0.04700000
v -0.03903000 -0.00332838 -0.04700000
v -0.03903000 -0.00332838 0.04700000
v -0.03903000 -0.00110946 -0.04700000
v -0.03903000 -0.00110946 0.04700000
v -0.03903000 0.00110946 -0.04700000
v -0.03903000 0.00110946 0.04700000
v -0.03903000 0.00332838 -0.04700000
v -0.03903000 0.00332838 0.04700000
v -0.03903000 0.00554730 -0.04700000
v -0.03903000 0.00554730 0.04700000
v -0.03903000 0.00776622 -0.04700000
v -0.03903000 0.00776622 0.04700000
v -0.03903000 0.00998514 -0.04700000
v -0.03903000 0.00998514 0.04700000
v -0.03903000 0.01220405 -0.04700000
v -0.03903000 0.01220405 0.04700000
v -0.03903000 0.01442297 -0.04700000
v -0.03903000 0.01442297 0.04700000
v -0.03903000 0.01664189 -0.04700000
v -0.03903000 0.01664189 0.04700000
v -0.03903000 0.01886081 -0.04700000
v -0.03903000 0.01886081 0.04700000
v -0.03903000 0.02107973 -0.04700000
v -0.03903000 0.02107973 0.04700000
v -0.03903000 0.02329865 -0.04700000
v -0.03903000 0.02329865 0.04700000
v -0.03903000 0.02551757 -0.04700000
v -0.03903000 0.02551757 0.04700000
v -0.03903000 0.02773649 -0.04696939
v -0.03903000 0.02773649 0.04696938
v -0.03903000 0.02995541 -0.04649305
v -0.03903000 0.02995541 0.04649305
v -0.03903000 0.03210329 -0.04540532
v -0.03903000 0.03217432 -0.04536121
v -0.03903000 0.03217432 0.04536121
v -0.03903000 0.03210329 0.04540532
v -0.03903000 0.03434989 -0.04319043
v -0.03903000 0.03439324 -0.04312108
v -0.03903000 0.03439324 0.04312108
v -0.03903000 0.03434989 0.04319043
v -0.03903000 0.03548588 -0.04097553
v -0.03903000 0.03596734 -0.03876064
v -0.03903000 0.03600000 -0.03654574
v -0.03903000 0.03600000 -0.03433085
v -0.03903000 0.03600000 -0.03211596
v -0.03903000 0.03600000 -0.02990106
v -0.03903000 0.03600000 -0.02768617
v -0.03903000 0.03600000 -0.02547128
v -0.03903000 0.03600000 -0.02325638
v -0.03903000 0.03600000 -0.02104149
v -0.03903000 0.03600000 -0.01882660
v -0.03903000 0.03600000 -0.01661170
v -0.03903000 0.03600000 -0.01439681
v -0.03903000 0.03600000 -0.01218191
v -0.03903000 0.03600000 -0.00996702
v -0.03903000 0.03600000 -0.00775213
v -0.03903000 0.03600000 -0.00553723
v -0.03903000 0.03600000 -0.00332234
v -0.03903000 0.03600000 -0.00110745
v -0.03903000 0.03600000 0.00110745
v -0.03903000 0.03600000 0.00332234
v -0.03903000 0.03600000 0.00553723
v -0.03903000 0.03600000 0.00775213
v -0.03903000 0.03600000 0.00996702
v -0.03903000 0.03600000 0.01218191
v -0.03903000 0.03600000 0.01439681
v -0.03903000 0.03600000 0.01661170
v -0.03903000 0.03600000 0.01882660
v -0.03903000 0.03600000 0.02104149
v -0.03903000 0.03600000 0.02325638
v -0.03903000 0.03600000 0.02547128
v -0.03903000 0.03600000 0.02768617
v -0.03903000 0.03600000 0.02990106
v -0.03903000 0.03600000 0.03211596
v -0.03903000 0.03600000 0.03433085
v -0.03903000 0.03600000 0.03654574
v -0.03903000 0.03596734 0.03876064
v -0.03903000 0.03548588 0.04097553
v -0.03666455 -0.03548588 -0.04097553
v -0.03666455 -0.03439324 -0.04312108
v -0.03666455 -0.03596734 -0.03876064
v -0.03666455 -0.03600000 -0.03654574
v -0.03666455 -0.03600000 -0.03433085
v -0.03666455 -0.03600000 -0.03211596
v -0.03666455 -0.03600000 -0.02990106
v -0.03666455 -0.03600000 -0.02768617
v -0.03666455 -0.03600000 -0.02547128
v -0.03666455 -0.03600000 -0.02325638
v -0.03666455 -0.03600000 -0.02104149
v -0.03666455 -0.03600000 -0.01882660
v -0.03666455 -0.03600000 -0.01661170
v -0.03666455 -0.03600000 -0.01439681
v -0.03666455 -0.03600000 -0.01218191
v -0.03666455 -0.03600000 -0.00996702
v -0.03666455 -0.03600000 -0.00775213
v -0.03666455 -0.03600000 -0.00553723
v -0.03666455 -0.03600000 -0.00332234
v -0.03666455 -0.03600000 -0.00110745
v -0.03666455 -0.03600000 0.00110745
v -0.03666455 -0.03600000 0.00332234
v -0.03666455 -0.03600000 0.00553723
v -0.03666455 -0.03600000 0.00775213
v -0.03666455 -0.03600000 0.00996702
v -0.03666455 -0.03600000 0.01218191
v -0.03666455 -0.03600000 0.01439681
v -0.03666455 -0.03600000 0.01661170
v -0.03666455 -0.03600000 0.01882660
v -0.03666455 -0.03600000 0.02104149
v -0.03666455 -0.03600000 0.02325638
v -0.03666455 -0.03600000 0.02547128
v -0.03666455 -0.03600000 0.02768617
v -0.03666455 -0.03600000 0.02990106
v -0.03666455 -0.03600000 0.03211596
v -0.03666455 -0.03600000 0.03433085
v -0.03666455 -0.03600000 0.03654574
v -0.03666455 -0.03596734 0.03876064
v -0.03666455 -0.03548588 0.04097553
v -0.03666455 -0.03439324 0.04312108
v -0.03666455 -0.03434988 -0.04319043
v -0.03666455 -0.03217432 -0.04536121
v -0.03666455 -0.03434988 0.04319043
v -0.03666455 -0.03217432 0.04536121
v -0.03666455 -0.03210329 -0.04540532
v -0.03666455 -0.02995541 -0.04649305
v -0.03666455 -0.03210329 0.04540532
v -0.03666455 -0.02995541 0.04649305
v -0.03666455 -0.02773649 -0.04696939
v -0.03666455 -0.02773649 0.04696938
v -0.03666455 -0.02551757 -0.04700000
v -0.03666455 -0.02551757 0.04700000
v -0.03666455 -0.02329865 -0.04700000
v -0.03666455 -0.02329865 0.04700000
v -0.03666455 -0.02107973 -0.04700000
v -0.03666455 -0.02107973 0.04700000
v -0.03666455 -0.01886081 -0.04700000
v -0.03666455 -0.01886081 0.04700000
v -0.03666455 -0.01664189 -0.04700000
v -0.03666455 -0.01664189 0.04700000
v -0.03666455 -0.01442297 -0.04700000
v -0.03666455 -0.01442297 0.04700000
v -0.03666455 -0.01220405 -0.04700000
v -0.03666455 -0.01220405 0.04700000
v -0.03666455 -0.00998514 -0.04700000
v -0.03666455 -0.00998514 0.04700000
v -0.03666455 -0.00776622 -0.04700000
v -0.03666455 -0.00776622 0.04700000
v -0.03666455 -0.00554730 -0.04700000
v -0.03666455 -0.00554730 0.04700000
v -0.03666455 -0.00332838 -0.04700000
v -0.03666455 -0.00332838 0.04700000
v -0.03666455 -0.00110946 -0.04700000
v -0.03666455 -0.00110946 0.04700000
v -0.03666455 0.00110946 -0.04700000
v -0.03666455 0.00110946 0.04700000
v -0.03666455 0.00332838 -0.04700000
v -0.03666455 0.00332838 0.04700000
v -0.03666455 0.00554730 -0.04700000
v -0.03666455 0.00554730 0.04700000
v -0.03666455 0.00776622 -0.04700000
v -0.03666455 0.00776622 0.04700000
v -0.03666455 0.00998514 -0.04700000
v -0.03666455 0.00998514 0.04700000
v -0.03666455 0.01220405 -0.04700000
v -0.03666455 0.01220405 0.04700000
v -0.03666455 0.01442297 -0.04700000
v -0.03666455 0.01442297 0.04700000
v -0.03666455 0.01664189 -0.04700000
v -0.03666455 0.01664189 0.04700000
v -0.03666455 0.01886081 -0.04700000
v -0.03666455 0.01886081 0.04700000
v -0.03666455 0.02107973 -0.04700000
v -0.03666455 0.02107973 0.04700000
v -0.03666455 0.02329865 -0.04700000
v -0.03666455 0.02329865 0.04700000
v -0.03666455 0.02551757 -0.04700000
v -0.03666455 0.02551757 0.04700000
v -0.03666455 0.02773649 -0.04696939
v -0.03666455 0.02773649 0.04696938
v -0.03666455 0.02995541 -0.04649305
v -0.03666455 0.02995541 0.04649305
v -0.03666455 0.03210329 -0.04540532
v -0.03666455 0.03217432 -0.04536121
v -0.03666455 0.03217432 0.04536121
v -0.03666455 0.03210329 0.04540532
v -0.03666455 0.03434989 -0.04319043
v -0.03666455 0.03439324 -0.04312108
v -0.03666455 0.03439324 0.04312108
v -0.03666455 0.03434989 0.04319043
v -0.03666455 0.03548588 -0.04097553
v -0.03666455 0.03596734 -0.03876064
v -0.03666455 0.03600000 -0.03654574
v -0.03666455 0.03600000 -0.03433085
v -0.03666455 0.03600000 -0.03211596
v -0.03666455 0.03600000 -0.02990106
v -0.03666455 0.03600000 -0.02768617
v -0.03666455 0.03600000 -0.02547128
v -0.03666455 0.03600000 -0.02325638
v -0.03666455 0.03600000 -0.02104149
v -0.03666455 0.03600000 -0.01882660
v -0.03666455 0.03600000 -0.01661170
v -0.03666455 0.03600000 -0.01439681
v -0.03666455 0.03600000 -0.01218191
v -0.03666455 0.03600000 -0.00996702
v -0.03666455 0.03600000 -0.00775213
v -0.03666455 0.03600000 -0.00553723
v -0.03666455 0.03600000 -0.00332234
v -0.03666455 0.03600000 -0.00110745
v -0.03666455 0.03600000 0.00110745
v -0.03666455 0.03600000 0.00332234
v -0.03666455 0.03600000 0.00553723
v -0.03666455 0.03600000 0.00775213
v -0.03666455 0.03600000 0.00996702
v -0.03666455 0.03600000 0.01218191
v -0.03666455 0.03600000 0.01439681
v -0.03666455 0.03600000 0.01661170
v -0.03666455 0.03600000 0.01882660
v -0.03666455 0.03600000 0.02104149
v -0.03666455 0.03600000 0.02325638
v -0.03666455 0.03600000 0.02547128
v -0.03666455 0.03600000 0.02768617
v -0.03666455 0.03600000 0.02990106
v -0.03666455 0.03600000 0.03211596
v -0.03666455 0.03600000 0.03433085
v -0.03666455 0.03600000 0.03654574
v -0.03666455 0.03596734 0.03876064
v -0.03666455 0.03548588 0.04097553
v -0.03429909 -0.03548588 -0.04097553
v -0.03429909 -0.03439324 -0.04312108
v -0.03429909 -0.03596734 -0.03876064
v -0.03429909 -0.03600000 -0.03654574
v -0.03429909 -0.03600000 -0.03433085
v -0.03429909 -0.03600000 -0.03211596
v -0.03429909 -0.03600000 -0.02990106
v -0.03429909 -0.03600000 -0.02768617
v -0.03429909 -0.03600000 -0.02547128
v -0.03429909 -0.03600000 -0.02325638
v -0.03429909 -0.03600000 -0.02104149
v -0.03429909 -0.03600000 -0.01882660
v -0.03429909 -0.03600000 -0.01661170
v -0.03429909 -0.03600000 -0.01439681
v -0.03429909 -0.03600000 -0.01218191
v -0.03429909 -0.03600000 -0.00996702
v -0.03429909 -0.03600000 -0.00775213
v -0.03429909 -0.03600000 -0.00553723
v -0.03429909 -0.03600000 -0.00332234
v -0.03429909 -0.03600000 -0.00110745
v -0.03429909 -0.03600000 0.00110745
v -0.03429909 -0.03600000 0.00332234
v -0.03429909 -0.03600000 0.00553723
v -0.03429909 -0.03600000 0.00775213
v -0.03429909 -0.03600000 0.00996702
v -0.03429909 -0.03600000 0.01218191
v -0.03429909 -0.03600000 0.01439681
v -0.03429909 -0.03600000 0.01661170
v -0.03429909 -0.03600000 0.01882660
v -0.03429909 -0.03600000 0.02104149
v -0.03429909 -0.03600000 0.02325638
v -0.03429909 -0.03600000 0.02547128
v -0.03429909 -0.03600000 0.02768617
v -0.03429909 -0.03600000 0.02990106
v -0.03429909 -0.03600000 0.03211596
v -0.03429909 -0.03600000 0.03433085
v -0.03429909 -0.03600000 0.03654574
v -0.03429909 -0.03596734 0.03876064
v -0.03429909 -0.03548588 0.04097553
v -0.03429909 -0.03439324 0.04312108
v -0.03429909 -0.03434988 -0.04319043
v -0.03429909 -0.03217432 -0.04536121
v -0.03429909 -0.03434988 0.04319043
v -0.03429909 -0.03217432 0.04536121
v -0.03429909 -0.03210329 -0.04540532
v -0.03429909 -0.02995541 -0.04649305
v -0.03429909 -0.03210329 0.04540532
v -0.03429909 -0.02995541 0.04649305
v -0.03429909 -0.02773649 -0.04696939
v -0.03429909 -0.02773649 0.04696938
v -0.03429909 -0.02551757 -0.04700000
v -0.03429909 -0.02551757 0.04700000
v -0.03429909 -0.02329865 -0.04700000
v -0.03429909 -0.02329865 0.04700000
v -0.03429909 -0.02107973 -0.04700000
v -0.03429909 -0.02107973 0.04700000
v -0.03429909 -0.01886081 -0.04700000
v -0.03429909 -0.01886081 0.04700000
v -0.03429909 -0.01664189 -0.04700000
v -0.03429909 -0.01664189 0.04700000
v -0.03429909 -0.01442297 -0.04700000
v -0.03429909 -0.01442297 0.04700000
v -0.03429909 -0.01220405 -0.04700000
v -0.03429909 -0.01220405 0.04700000
v -0.03429909 -0.00998514 -0.04700000
v -0.03429909 -0.00998514 0.04700000
v -0.03429909 -0.00776622 -0.04700000
v -0.03429909 -0.00776622 0.04700000
v -0.03429909 -0.00554730 -0.04700000
v -0.03429909 -0.00554730 0.04700000
v -0.03429909 -0.00332838 -0.04700000
v -0.03429909 -0.00332838 0.04700000
v -0.03429909 -0.00110946 -0.04700000
v -0.03429909 -0.00110946 0.04700000
v -0.03429909 0.00110946 -0.04700000
v -0.03429909 0.00110946 0.04700000
v -0.03429909 0.00332838 -0.04700000
v -0.03429909 0.00332838 0.04700000
v -0.03429909 0.00554730 -0.04700000
v -0.03429909 0.00554730 0.04700000
v -0.03429909 0.00776622 -0.04700000
v -0.03429909 0.00776622 0.04700000
v -0.03429909 0.00998514 -0.04700000
v -0.03429909 0.00998514 0.04700000
v -0.03429909 0.01220405 -0.04700000
v -0.03429909 0.01220405 0.04700000
v -0.03429909 0.01442297 -0.04700000
v -0.03429909 0.01442297 0.04700000
v -0.03429909 0.01664189 -0.04700000
v -0.03429909 0.01664189 0.04700000
v -0.03429909 0.01886081 -0.04700000
v -0.03429909 0.01886081 0.04700000
v -0.03429909 0.02107973 -0.04700000
v -0.03429909 0.02107973 0.04700000
v -0.03429909 0.02329865 -0.04700000
v -0.03429909 0.02329865 0.04700000
v -0.03429909 0.02551757 -0.04700000
v -0.03429909 0.02551757 0.04700000
v -0.03429909 0.02773649 -0.04696939
v -0.03429909 0.02773649 0.04696938
v -0.03429909 0.02995541 -0.04649305
v -0.03429909 0.02995541 0.04649305
v -0.03429909 0.03210329 -0.04540532
v -0.03429909 0.03217432 -0.04536121
v -0.03429909 0.03217432 0.04536121
v -0.03429909 0.03210329 0.04540532
v -0.03429909 0.03434989 -0.04319043
v -0.03429909 0.03439324 -0.04312108
v -0.03429909 0.03439324 0.04312108
v -0.03429909 0.03434989 0.04319043
v -0.03429909 0.03548588 -0.04097553
v -0.03429909 0.03596734 -0.03876064
v -0.03429909 0.03600000 -0.03654574
v -0.03429909 0.03600000 -0.03433085
v -0.03429909 0.03600000 -0.03211596
v -0.03429909 0.03600000 -0.02990106
v -0.03429909 0.03600000 -0.02768617
v -0.03429909 0.03600000 -0.02547128
v -0.03429909 0.03600000 -0.02325638
v -0.03429909 0.03600000 -0.02104149
v -0.03429909 0.03600000 -0.01882660
v -0.03429909 0.03600000 -0.01661170
v -0.03429909 0.03600000 -0.01439681
v -0.03429909 0.03600000 -0.01218191
v -0.03429909 0.03600000 -0.00996702
v -0.03429909 0.03600000 -0.00775213
v -0.03429909 0.03600000 -0.00553723
v -0.03429909 0.03600000 -0.00332234
v -0.03429909 0.03600000 -0.00110745
v -0.03429909 0.03600000 0.00110745
v -0.03429909 0.03600000 0.00332234
v -0.03429909 0.03600000 0.00553723
v -0.03429909 0.03600000 0.00775213
v -0.03429909 0.03600000 0.00996702
v -0.03429909 0.03600000 0.01218191
v -0.03429909 0.03600000 0.01439681
v -0.03429909 0.03600000 0.01661170
v -0.03429909 0.03600000 0.01882660
v -0.03429909 0.03600000 0.02104149
v -0.03429909 0.03600000 0.02325638
v -0.03429909 0.03600000 0.02547128
v -0.03429909 0.03600000 0.02768617
v -0.03429909 0.03600000 0.02990106
v -0.03429909 0.03600000 0.03211596
v -0.03429909 0.03600000 0.03433085
v -0.03429909 0.03600000 0.03654574
v -0.03429909 0.03596734 0.03876064
v -0.03429909 0.03548588 0.04097553
v -0.03193364 -0.03548588 -0.04097553
v -0.03193364 -0.03439324 -0.04312108
v -0.03193364 -0.03596734 -0.03876064
v -0.03193364 -0.03600000 -0.03654574
v -0.03193364 -0.03600000 -0.03433085
v -0.03193364 -0.03600000 -0.03211596
v -0.03193364 -0.03600000 -0.02990106
v -0.03193364 -0.03600000 -0.02768617
v -0.03193364 -0.03600000 -0.02547128
v -0.03193364 -0.03600000 -0.02325638
v -0.03193364 -0.03600000 -0.02104149
v -0.03193364 -0.03600000 -0.01882660
v -0.03193364 -0.03600000 -0.01661170
v -0.03193364 -0.03600000 -0.01439681
v -0.03193364 -0.03600000 -0.01218191
v -0.03193364 -0.03600000 -0.00996702
v -0.03193364 -0.03600000 -0.00775213
v -0.03193364 -0.03600000 -0.00553723
v -0.03193364 -0.03600000 -0.00332234
v -0.03193364 -0.03600000 -0.00110745
v -0.03193364 -0.03600000 0.00110745
v -0.03193364 -0.03600000 0.00332234
v -0.03193364 -0.03600000 0.00553723
v -0.03193364 -0.03600000 0.00775213
v -0.03193364 -0.03600000 0.00996702
v -0.03193364 -0.03600000 0.01218191
v -0.03193364 -0.03600000 0.01439681
v -0.03193364 -0.03600000 0.01661170
v -0.03193364 -0.03600000 0.01882660
v -0.03193364 -0.03600000 0.02104149
v -0.03193364 -0.03600000 0.02325638
v -0.03193364 -0.03600000 0.02547128
v -0.03193364 -0.03600000 0.02768617
v -0.03193364 -0.03600000 0.02990106
v -0.03193364 -0.03600000 0.03211596
v -0.03193364 -0.03600000 0.03433085
v -0.03193364 -0.03600000 0.03654574
v -0.03193364 -0.03596734 0.03876064
v -0.03193364 -0.03548588 0.04097553
v -0.03193364 -0.03439324 0.04312108
v -0.03193364 -0.03434988 -0.04319043
v -0.03193364 -0.03217432 -0.04536121
v -0.03193364 -0.03434988 0.04319043
v -0.03193364 -0.03217432 0.04536121
v -0.03193364 -0.03210329 -0.04540532
v -0.03193364 -0.02995541 -0.04649305
v -0.03193364 -0.03210329 0.04540532
v -0.03193364 -0.02995541 0.04649305
v -0.03193364 -0.02773649 -0.04696939
v -0.03193364 -0.02773649 0.04696938
v -0.03193364 -0.02551757 -0.04700000
v -0.03193364 -0.02551757 0.04700000
v -0.03193364 -0.02329865 -0.04700000
v -0.03193364 -0.02329865 0.04700000
v -0.03193364 -0.02107973 -0.04700000
v -0.03193364 -0.02107973 0.04700000
v -0.03193364 -0.01886081 -0.04700000
v -0.03193364 -0.01886081 0.04700000
v -0.03193364 -0.01664189 -0.04700000
v -0.03193364 -0.01664189 0.04700000
v -0.03193364 -0.01442297 -0.04700000
v -0.03193364 -0.01442297 0.04700000
v -0.03193364 -0.01220405 -0.04700000
v -0.03193364 -0.01220405 0.04700000
v -0.03193364 -0.00998514 -0.04700000
v -0.03193364 -0.00998514 0.04700000
v -0.03193364 -0.00776622 -0.04700000
v -0.03193364 -0.00776622 0.04700000
v -0.03193364 -0.00554730 -0.04700000
v -0.03193364 -0.00554730 0.04700000
v -0.03193364 -0.00332838 -0.04700000
v -0.03193364 -0.00332838 0.04700000
v -0.03193364 -0.00110946 -0.04700000
v -0.03193364 -0.00110946 0.04700000
v -0.03193364 0.00110946 -0.04700000
v -0.03193364 0.00110946 0.04700000
v -0.03193364 0.00332838 -0.04700000
v -0.03193364 0.00332838 0.04700000
v -0.03193364 0.00554730 -0.04700000
v -0.03193364 0.00554730 0.04700000
v -0.03193364 0.00776622 -0.04700000
v -0.03193364 0.00776622 0.04700000
v -0.03193364 0.00998514 -0.04700000
v -0.03193364 0.00998514 0.04700000
v -0.03193364 0.01220405 -0.04700000
v -0.03193364 0.01220405 0.04700000
v -0.03193364 0.01442297 -0.04700000
v -0.03193364 0.01442297 0.04700000
v -0.03193364 0.01664189 -0.04700000
v -0.03193364 0.01664189 0.04700000
v -0.03193364 0.01886081 -0.04700000
v -0.03193364 0.01886081 0.04700000
v -0.03193364 0.02107973 -0.04700000
v -0.03193364 0.02107973 0.04700000
v -0.03193364 0.02329865 -0.04700000
v -0.03193364 0.02329865 0.04700000
v -0.03193364 0.02551757 -0.04700000
v -0.03193364 0.02551757 0.04700000
v -0.03193364 0.02773649 -0.04696939
v -0.03193364 0.02773649 0.04696938
v -0.03193364 0.02995541 -0.04649305
v -0.03193364 0.02995541 0.04649305
v -0.03193364 0.03210329 -0.04540532
v -0.03193364 0.03217432 -0.04536121
v -0.03193364 0.03217432 0.04536121
v -0.03193364 0.03210329 0.04540532
v -0.03193364 0.03434989 -0.04319043
v -0.03193364 0.03439324 -0.04312108
v -0.03193364 0.03439324 0.04312108
v -0.03193364 0.03434989 0.04319043
v -0.03193364 0.03548588 -0.04097553
v -0.03193364 0.03596734 -0.03876064
v -0.03193364 0.03600000 -0.03654574
v -0.03193364 0.03600000 -0.03433085
v -0.03193364 0.03600000 -0.03211596
v -0.03193364 0.03600000 -0.02990106
v -0.03193364 0.03600000 -0.02768617
v -0.03193364 0.03600000 -0.02547128
v -0.03193364 0.03600000 -0.02325638
v -0.03193364 0.03600000 -0.02104149
v -0.03193364 0.03600000 -0.01882660
v -0.03193364 0.03600000 -0.01661170
v -0.03193364 0.03600000 -0.01439681
v -0.03193364 0.03600000 -0.01218191
v -0.03193364 0.03600000 -0.00996702
v -0.03193364 0.03600000 -0.00775213
v -0.03193364 0.03600000 -0.00553723
v -0.03193364 0.03600000 -0.00332234
v -0.03193364 0.03600000 -0.00110745
v -0.03193364 0.03600000 0.00110745
v -0.03193364 0.03600000 0.00332234
v -0.03193364 0.03600000 0.00553723
v -0.03193364 0.03600000 0.00775213
v -0.03193364 0.03600000 0.00996702
v -0.03193364 0.03600000 0.01218191
v -0.03193364 0.03600000 0.01439681
v -0.03193364 0.03600000 0.01661170
v -0.03193364 0.03600000 0.01882660
v -0.03193364 0.03600000 0.02104149
v -0.03193364 0.03600000 0.02325638
v -0.03193364 0.03600000 0.02547128
v -0.03193364 0.03600000 0.02768617
v -0.03193364 0.03600000 0.02990106
v -0.03193364 0.03600000 0.03211596
v -0.03193364 0.03600000 0.03433085
v -0.03193364 0.03600000 0.03654574
v -0.03193364 0.03596734 0.03876064
v -0.03193364 0.03548588 0.04097553
v -0.02956818 -0.03548588 -0.04097553
v -0.02956818 -0.03439324 -0.04312108
v -0.02956818 -0.03596734 -0.03876064
v -0.02956818 -0.03600000 -0.03654574
v -0.02956818 -0.03600000 -0.03433085
v -0.02956818 -0.03600000 -0.03211596
v -0.02956818 -0.03600000 -0.02990106
v -0.02956818 -0.03600000 -0.02768617
v -0.02956818 -0.03600000 -0.02547128
v -0.02956818 -0.03600000 -0.02325638
v -0.02956818 -0.03600000 -0.02104149
v -0.02956818 -0.03600000 -0.01882660
v -0.02956818 -0.03600000 -0.01661170
v -0.02956818 -0.03600000 -0.01439681
v -0.02956818 -0.03600000 -0.01218191
v -0.02956818 -0.03600000 -0.00996702
v -0.02956818 -0.03600000 -0.00775213
v -0.02956818 -0.03600000 -0.00553723
v -0.02956818 -0.03600000 -0.00332234
v -0.02956818 -0.03600000 -0.00110745
v -0.02956818 -0.03600000 0.00110745
v -0.02956818 -0.03600000 0.00332234
v -0.02956818 -0.03600000 0.00553723
v -0.02956818 -0.03600000 0.00775213
v -0.02956818 -0.03600000 0.00996702
v -0.02956818 -0.03600000 0.01218191
v -0.02956818 -0.03600000 0.01439681
v -0.02956818 -0.03600000 0.01661170
v -0.02956818 -0.03600000 0.01882660
v -0.02956818 -0.03600000 0.02104149
v -0.02956818 -0.03600000 0.02325638
v -0.02956818 -0.03600000 0.02547128
v -0.02956818 -0.03600000 0.02768617
v -0.02956818 -0.03600000 0.02990106
v -0.02956818 -0.03600000 0.03211596
v -0.02956818 -0.03600000 0.03433085
v -0.02956818 -0.03600000 0.03654574
v -0.02956818 -0.03596734 0.03876064
v -0.02956818 -0.03548588 0.04097553
v -0.02956818 -0.03439324 0.04312108
v -0.02956818 -0.03434988 -0.04319043
v -0.02956818 -0.03217432 -0.04536121
v -0.02956818 -0.03434988 0.04319043
v -0.02956818 -0.03217432 0.04536121
v -0.02956818 -0.03210329 -0.04540532
v -0.02956818 -0.02995541 -0.04649305
v -0.02956818 -0.03210329 0.04540532
v -0.02956818 -0.02995541 0.04649305
v -0.02956818 -0.02773649 -0.04696939
v -0.02956818 -0.02773649 0.04696938
v -0.02956818 -0.02551757 -0.04700000
v -0.02956818 -0.02551757 0.04700000
v -0.02956818 -0.02329865 -0.04700000
v -0.02956818 -0.02329865 0.04700000
v -0.02956818 -0.02107973 -0.04700000
v -0.02956818 -0.02107973 0.04700000
v -0.02956818 -0.01886081 -0.04700000
v -0.02956818 -0.01886081 0.04700000
v -0.02956818 -0.01664189 -0.04700000
v -0.02956818 -0.01664189 0.04700000
v -0.02956818 -0.01442297 -0.04700000
v -0.02956818 -0.01442297 0.04700000
v -0.02956818 -0.01220405 -0.04700000
v -0.02956818 -0.01220405 0.04700000
v -0.02956818 -0.00998514 -0.04700000
v -0.02956818 -0.00998514 0.04700000
v -0.02956818 -0.00776622 -0.04700000
v -0.02956818 -0.00776622 0.04700000
v -0.02956818 -0.00554730 -0.04700000
v -0.02956818 -0.00554730 0.04700000
v -0.02956818 -0.00332838 -0.04700000
v -0.02956818 -0.00332838 0.04700000
v -0.02956818 -0.00110946 -0.04700000
v -0.02956818 -0.00110946 0.04700000
v -0.02956818 0.00110946 -0.04700000
v -0.02956818 0.00110946 0.04700000
v -0.02956818 0.00332838 -0.04700000
v -0.02956818 0.00332838 0.04700000
v -0.02956818 0.00554730 -0.04700000
v -0.02956818 0.00554730 0.04700000
v -0.02956818 0.00776622 -0.04700000
v -0.02956818 0.00776622 0.04700000
v -0.02956818 0.00998514 -0.04700000
v -0.02956818 0.00998514 0.04700000
v -0.02956818 0.01220405 -0.04700000
v -0.02956818 0.01220405 0.04700000
v -0.02956818 0.01442297 -0.04700000
v -0.02956818 0.01442297 0.04700000
v -0.02956818 0.01664189 -0.04700000
v -0.02956818 0.01664189 0.04700000
v -0.02956818 0.01886081 -0.04700000
v -0.02956818 0.01886081 0.04700000
v -0.02956818 0.02107973 -0.04700000
v -0.02956818 0.02107973 0.04700000
v -0.02956818 0.02329865 -0.04700000
v -0.02956818 0.02329865 0.04700000
v -0.02956818 0.02551757 -0.04700000
v -0.02956818 0.02551757 0.04700000
v -0.02956818 0.02773649 -0.04696939
v -0.02956818 0.02773649 0.04696938
v -0.02956818 0.02995541 -0.04649305
v -0.02956818 0.02995541 0.04649305
v -0.02956818 0.03210329 -0.04540532
v -0.02956818 0.03217432 -0.04536121
v -0.02956818 0.03217432 0.04536121
v -0.02956818 0.03210329 0.04540532
v -0.02956818 0.03434989 -0.04319043
v -0.02956818 0.03439324 -0.04312108
v -0.02956818 0.03439324 0.04312108
v -0.02956818 0.03434989 0.04319043
v -0.02956818 0.03548588 -0.04097553
v -0.02956818 0.03596734 -0.03876064
v -0.02956818 0.03600000 -0.03654574
v -0.02956818 0.03600000 -0.03433085
v -0.02956818 0.03600000 -0.03211596
v -0.02956818 0.03600000 -0.02990106
v -0.02956818 0.03600000 -0.02768617
v -0.02956818 0.03600000 -0.02547128
v -0.02956818 0.03600000 -0.02325638
v -0.02956818 0.03600000 -0.02104149
v -0.02956818 0.03600000 -0.01882660
v -0.02956818 0.03600000 -0.01661170
v -0.02956818 0.03600000 -0.01439681
v -0.02956818 0.03600000 -0.01218191
v -0.02956818 0.03600000 -0.00996702
v -0.02956818 0.03600000 -0.00775213
v -0.02956818 0.03600000 -0.00553723
v -0.02956818 0.03600000 -0.00332234
v -0.02956818 0.03600000 -0.00110745
v -0.02956818 0.03600000 0.00110745
v -0.02956818 0.03600000 0.00332234
v -0.02956818 0.03600000 0.00553723
v -0.02956818 0.03600000 0.00775213
v -0.02956818 0.03600000 0.00996702
v -0.02956818 0.03600000 0.01218191
v -0.02956818 0.03600000 0.01439681
v -0.02956818 0.03600000 0.01661170
v -0.02956818 0.03600000 0.01882660
v -0.02956818 0.03600000 0.02104149
v -0.02956818 0.03600000 0.02325638
v -0.02956818 0.03600000 0.02547128
v -0.02956818 0.03600000 0.02768617
v -0.02956818 0.03600000 0.02990106
v -0.02956818 0.03600000 0.03211596
v -0.02956818 0.03600000 0.03433085
v -0.02956818 0.03600000 0.03654574
v -0.02956818 0.03596734 0.03876064
v -0.02956818 0.03548588 0.04097553
v -0.02720273 -0.03548588 -0.04097553
v -0.02720273 -0.03439324 -0.04312108
v -0.02720273 -0.03596734 -0.03876064
v -0.02720273 -0.03600000 -0.03654574
v -0.02720273 -0.03600000 -0.03433085
v -0.02720273 -0.03600000 -0.03211596
v -0.02720273 -0.03600000 -0.02990106
v -0.02720273 -0.03600000 -0.02768617
v -0.02720273 -0.03600000 -0.02547128
v -0.02720273 -0.03600000 -0.02325638
v -0.02720273 -0.03600000 -0.02104149
v -0.02720273 -0.03600000 -0.01882660
v -0.02720273 -0.03600000 -0.01661170
v -0.02720273 -0.03600000 -0.01439681
v -0.02720273 -0.03600000 -0.01218191
v -0.02720273 -0.03600000 -0.00996702
v -0.02720273 -0.03600000 -0.00775213
v -0.02720273 -0.03600000 -0.00553723
v -0.02720273 -0.03600000 -0.00332234
v -0.02720273 -0.03600000 -0.00110745
v -0.02720273 -0.03600000 0.00110745
v -0.02720273 -0.03600000 0.00332234
v -0.02720273 -0.03600000 0.00553723
v -0.02720273 -0.03600000 0.00775213
v -0.02720273 -0.03600000 0.00996702
v -0.02720273 -0.03600000 0.01218191
v -0.02720273 -0.03600000 0.01439681
v -0.02720273 -0.03600000 0.01661170
v -0.02720273 -0.03600000 0.01882660
v -0.02720273 -0.03600000 0.02104149
v -0.02720273 -0.03600000 0.02325638
v -0.02720273 -0.03600000 0.02547128
v -0.02720273 -0.03600000 0.02768617
v -0.02720273 -0.03600000 0.02990106
v -0.02720273 -0.03600000 0.03211596
v -0.02720273 -0.03600000 0.03433085
v -0.02720273 -0.03600000 0.03654574
v -0.02720273 -0.03596734 0.03876064
v -0.02720273 -0.03548588 0.04097553
v -0.02720273 -0.03439324 0.04312108
v -0.02720273 -0.03434988 -0.04319043
v -0.02720273 -0.03217432 -0.04536121
v -0.02720273 -0.03434988 0.04319043
v -0.02720273 -0.03217432 0.04536121
v -0.02720273 -0.03210329 -0.04540532
v -0.02720273 -0.02995541 -0.04649305
v -0.02720273 -0.03210329 0.04540532
v -0.02720273 -0.02995541 0.04649305
v -0.02720273 -0.02773649 -0.04696939
v -0.02720273 -0.02773649 0.04696938
v -0.02720273 -0.02551757 -0.04700000
v -0.02720273 -0.02551757 0.04700000
v -0.02720273 -0.02329865 -0.04700000
v -0.02720273 -0.02329865 0.04700000
v -0.02720273 -0.02107973 -0.04700000
v -0.02720273 -0.02107973 0.04700000
v -0.02720273 -0.01886081 -0.04700000
v -0.02720273 -0.01886081 0.04700000
v -0.02720273 -0.01664189 -0.04700000
v -0.02720273 -0.01664189 0.04700000
v -0.02720273 -0.01442297 -0.04700000
v -0.02720273 -0.01442297 0.04700000
v -0.02720273 -0.01220405 -0.04700000
v -0.02720273 -0.01220405 0.04700000
v -0.02720273 -0.00998514 -0.04700000
v -0.02720273 -0.00998514 0.04700000
v -0.02720273 -0.00776622 -0.04700000
v -0.02720273 -0.00776622 0.04700000
v -0.02720273 -0.00554730 -0.04700000
v -0.02720273 -0.00554730 0.04700000
v -0.02720273 -0.00332838 -0.04700000
v -0.02720273 -0.00332838 0.04700000
v -0.02720273 -0.00110946 -0.04700000
v -0.02720273 -0.00110946 0.04700000
v -0.02720273 0.00110946 -0.04700000
v -0.02720273 0.00110946 0.04700000
v -0.02720273 0.00332838 -0.04700000
v -0.02720273 0.00332838 0.04700000
v -0.02720273 0.00554730 -0.04700000
v -0.02720273 0.00554730 0.04700000
v -0.02720273 0.00776622 -0.04700000
v -0.02720273 0.00776622 0.04700000
v -0.02720273 0.00998514 -0.04700000
v -0.02720273 0.00998514 0.04700000
v -0.02720273 0.01220405 -0.04700000
v -0.02720273 0.01220405 0.04700000
v -0.02720273 0.01442297 -0.04700000
v -0.02720273 0.01442297 0.04700000
v -0.02720273 0.01664189 -0.04700000
v -0.02720273 0.01664189 0.04700000
v -0.02720273 0.01886081 -0.04700000
v -0.02720273 0.01886081 0.04700000
v -0.02720273 0.02107973 -0.04700000
v -0.02720273 0.02107973 0.04700000
v -0.02720273 0.02329865 -0.04700000
v -0.02720273 0.02329865 0.04700000
v -0.02720273 0.02551757 -0.04700000
v -0.02720273 0.02551757 0.04700000
v -0.02720273 0.02773649 -0.04696939
v -0.02720273 0.02773649 0.04696938
v -0.02720273 0.02995541 -0.04649305
v -0.02720273 0.02995541 0.04649305
v -0.02720273 0.03210329 -0.04540532
v -0.02720273 0.03217432 -0.04536121
v -0.02720273 0.03217432 0.04536121
v -0.02720273 0.03210329 0.04540532
v -0.02720273 0.03434989 -0.04319043
v -0.02720273 0.03439324 -0.04312108
v -0.02720273 0.03439324 0.04312108
v -0.02720273 0.03434989 0.04319043
v -0.02720273 0.03548588 -0.04097553
v -0.02720273 0.03596734 -0.03876064
v -0.02720273 0.03600000 -0.03654574
v -0.02720273 0.03600000 -0.03433085
v -0.02720273 0.03600000 -0.03211596
v -0.02720273 0.03600000 -0.02990106
v -0.02720273 0.03600000 -0.02768617
v -0.02720273 0.03600000 -0.02547128
v -0.02720273 0.03600000 -0.02325638
v -0.02720273 0.03600000 -0.02104149
v -0.02720273 0.03600000 -0.01882660
v -0.02720273 0.03600000 -0.01661170
v -0.02720273 0.03600000 -0.01439681
v -0.02720273 0.03600000 -0.01218191
v -0.02720273 0.03600000 -0.00996702
v -0.02720273 0.03600000 -0.00775213
v -0.02720273 0.03600000 -0.00553723
v -0.02720273 0.03600000 -0.00332234
v -0.02720273 0.03600000 -0.00110745
v -0.02720273 0.03600000 0.00110745
v -0.02720273 0.03600000 0.00332234
v -0.02720273 0.03600000 0.00553723
v -0.02720273 0.03600000 0.00775213
v -0.02720273 0.03600000 0.00996702
v -0.02720273 0.03600000 0.01218191
v -0.02720273 0.03600000 0.01439681
v -0.02720273 0.03600000 0.01661170
v -0.02720273 0.03600000 0.01882660
v -0.02720273 0.03600000 0.02104149
v -0.02720273 0.03600000 0.02325638
v -0.02720273 0.03600000 0.02547128
v -0.02720273 0.03600000 0.02768617
v -0.02720273 0.03600000 0.02990106
v -0.02720273 0.03600000 0.03211596
v -0.02720273 0.03600000 0.03433085
v -0.02720273 0.03600000 0.03654574
v -0.02720273 0.03596734 0.03876064
v -0.02720273 0.03548588 0.04097553
v -0.02483727 -0.03548588 -0.04097553
v -0.02483727 -0.03439324 -0.04312108
v -0.02483727 -0.03596734 -0.03876064
v -0.02483727 -0.03600000 -0.03654574
v -0.02483727 -0.03600000 -0.03433085
v -0.02483727 -0.03600000 -0.03211596
v -0.02483727 -0.03600000 -0.02990106
v -0.02483727 -0.03600000 -0.02768617
v -0.02483727 -0.03600000 -0.02547128
v -0.02483727 -0.03600000 -0.02325638
v -0.02483727 -0.03600000 -0.02104149
v -0.02483727 -0.03600000 -0.01882660
v -0.02483727 -0.03600000 -0.01661170
v -0.02483727 -0.03600000 -0.01439681
v -0.02483727 -0.03600000 -0.01218191
v -0.02483727 -0.03600000 -0.00996702
v -0.02483727 -0.03600000 -0.00775213
v -0.02483727 -0.03600000 -0.00553723
v -0.02483727 -0.03600000 -0.00332234
v -0.02483727 -0.03600000 -0.00110745
v -0.02483727 -0.03600000 0.00110745
v -0.02483727 -0.03600000 0.00332234
v -0.02483727 -0.03600000 0.00553723
v -0.02483727 -0.03600000 0.00775213
v -0.02483727 -0.03600000 0.00996702
v -0.02483727 -0.03600000 0.01218191
v -0.02483727 -0.03600000 0.01439681
v -0.02483727 -0.03600000 0.01661170
v -0.02483727 -0.03600000 0.01882660
v -0.02483727 -0.03600000 0.02104149
v -0.02483727 -0.03600000 0.02325638
v -0.02483727 -0.03600000 0.02547128
v -0.02483727 -0.03600000 0.02768617
v -0.02483727 -0.03600000 0.02990106
v -0.02483727 -0.03600000 0.03211596
v -0.02483727 -0.03600000 0.03433085
v -0.02483727 -0.03600000 0.03654574
v -0.02483727 -0.03596734 0.03876064
v -0.02483727 -0.03548588 0.04097553
v -0.02483727 -0.03439324 0.04312108
v -0.02483727 -0.03434988 -0.04319043
v -0.02483727 -0.03217432 -0.04536121
v -0.02483727 -0.03434988 0.04319043
v -0.02483727 -0.03217432 0.04536121
v -0.02483727 -0.03210329 -0.04540532
v -0.02483727 -0.02995541 -0.04649305
v -0.02483727 -0.03210329 0.04540532
v -0.02483727 -0.02995541 0.04649305
v -0.02483727 -0.02773649 -0.04696939
v -0.02483727 -0.02773649 0.04696938
v -0.02483727 -0.02551757 -0.04700000
v -0.02483727 -0.02551757 0.04700000
v -0.02483727 -0.02329865 -0.04700000
v -0.02483727 -0.02329865 0.04700000
v -0.02483727 -0.02107973 -0.04700000
v -0.02483727 -0.02107973 0.04700000
v -0.02483727 -0.01886081 -0.04700000
v -0.02483727 -0.01886081 0.04700000
v -0.02483727 -0.01664189 -0.04700000
v -0.02483727 -0.01664189 0.04700000
v -0.02483727 -0.01442297 -0.04700000
v -0.02483727 -0.01442297 0.04700000
v -0.02483727 -0.01220405 -0.04700000
v -0.02483727 -0.01220405 0.04700000
v -0.02483727 -0.00998514 -0.04700000
v -0.02483727 -0.00998514 0.04700000
v -0.02483727 -0.00776622 -0.04700000
v -0.02483727 -0.00776622 0.04700000
v -0.02483727 -0.00554730 -0.04700000
v -0.02483727 -0.00554730 0.04700000
v -0.02483727 -0.00332838 -0.04700000
v -0.02483727 -0.00332838 0.04700000
v -0.02483727 -0.00110946 -0.04700000
v -0.02483727 -0.00110946 0.04700000
v -0.02483727 0.00110946 -0.04700000
v -0.02483727 0.00110946 0.04700000
v -0.02483727 0.00332838 -0.04700000
v -0.02483727 0.00332838 0.04700000
v -0.02483727 0.00554730 -0.04700000
v -0.02483727 0.00554730 0.04700000
v -0.02483727 0.00776622 -0.04700000
v -0.02483727 0.00776622 0.04700000
v -0.02483727 0.00998514 -0.04700000
v -0.02483727 0.00998514 0.04700000
v -0.02483727 0.01220405 -0.04700000
v -0.02483727 0.01220405 0.04700000
v -0.02483727 0.01442297 -0.04700000
v -0.02483727 0.01442297 0.04700000
v -0.02483727 0.01664189 -0.04700000
v -0.02483727 0.01664189 0.04700000
v -0.02483727 0.01886081 -0.04700000
v -0.02483727 0.01886081 0.04700000
v -0.02483727 0.02107973 -0.04700000
v -0.02483727 0.02107973 0.04700000
v -0.02483727 0.02329865 -0.04700000
v -0.02483727 0.02329865 0.04700000
v -0.02483727 0.02551757 -0.04700000
v -0.02483727 0.02551757 0.04700000
v -0.02483727 0.02773649 -0.04696939
v -0.02483727 0.02773649 0.04696938
v -0.02483727 0.02995541 -0.04649305
v -0.02483727 0.02995541 0.04649305
v -0.02483727 0.03210329 -0.04540532
v -0.02483727 0.03217432 -0.04536121
v -0.02483727 0.03217432 0.04536121
v -0.02483727 0.03210329 0.04540532
v -0.02483727 0.03434989 -0.04319043
v -0.02483727 0.03439324 -0.04312108
v -0.02483727 0.03439324 0.04312108
v -0.02483727 0.03434989 0.04319043
v -0.02483727 0.03548588 -0.04097553
v -0.02483727 0.03596734 -0.03876064
v -0.02483727 0.03600000 -0.03654574
v -0.02483727 0.03600000 -0.03433085
v -0.02483727 0.03600000 -0.03211596
v -0.02483727 0.03600000 -0.02990106
v -0.02483727 0.03600000 -0.02768617
v -0.02483727 0.03600000 -0.02547128
v -0.02483727 0.03600000 -0.02325638
v -0.02483727 0.03600000 -0.02104149
v -0.02483727 0.03600000 -0.01882660
v -0.02483727 0.03600000 -0.01661170
v -0.02483727 0.03600000 -0.01439681
v -0.02483727 0.03600000 -0.01218191
v -0.02483727 0.03600000 -0.00996702
v -0.02483727 0.03600000 -0.00775213
v -0.02483727 0.03600000 -0.00553723
v -0.02483727 0.03600000 -0.00332234
v -0.02483727 0.03600000 -0.00110745
v -0.02483727 0.03600000 0.00110745
v -0.02483727 0.03600000 0.00332234
v -0.02483727 0.03600000 0.00553723
v -0.02483727 0.03600000 0.00775213
v -0.02483727 0.03600000 0.00996702
v -0.02483727 0.03600000 0.01218191
v -0.02483727 0.03600000 0.01439681
v -0.02483727 0.03600000 0.01661170
v -0.02483727 0.03600000 0.01882660
v -0.02483727 0.03600000 0.02104149
v -0.02483727 0.03600000 0.02325638
v -0.02483727 0.03600000 0.02547128
v -0.02483727 0.03600000 0.02768617
v -0.02483727 0.03600000 0.02990106
v -0.02483727 0.03600000 0.03211596
v -0.02483727 0.03600000 0.03433085
v -0.02483727 0.03600000 0.03654574
v -0.02483727 0.03596734 0.03876064
v -0.02483727 0.03548588 0.04097553
v -0.02247182 -0.03548588 -0.04097553
v -0.02247182 -0.03439324 -0.04312108
v -0.02247182 -0.03596734 -0.03876064
v -0.02247182 -0.03600000 -0.03654574
v -0.02247182 -0.03600000 -0.03433085
v -0.02247182 -0.03600000 -0.03211596
v -0.02247182 -0.03600000 -0.02990106
v -0.02247182 -0.03600000 -0.02768617
v -0.02247182 -0.03600000 -0.02547128
v -0.02247182 -0.03600000 -0.02325638
v -0.02247182 -0.03600000 -0.02104149
v -0.02247182 -0.03600000 -0.01882660
v -0.02247182 -0.03600000 -0.01661170
v -0.02247182 -0.03600000 -0.01439681
v -0.02247182 -0.03600000 -0.01218191
v -0.02247182 -0.03600000 -0.00996702
v -0.02247182 -0.03600000 -0.00775213
v -0.02247182 -0.03600000 -0.00553723
v -0.02247182 -0.03600000 -0.00332234
v -0.02247182 -0.03600000 -0.00110745
v -0.02247182 -0.03600000 0.00110745
v -0.02247182 -0.03600000 0.00332234
v -0.02247182 -0.03600000 0.00553723
v -0.02247182 -0.03600000 0.00775213
v -0.02247182 -0.03600000 0.00996702
v -0.02247182 -0.03600000 0.01218191
v -0.02247182 -0.03600000 0.01439681
v -0.02247182 -0.03600000 0.01661170
v -0.02247182 -0.03600000 0.01882660
v -0.02247182 -0.03600000 0.02104149
v -0.02247182 -0.03600000 0.02325638
v -0.02247182 -0.03600000 0.02547128
v -0.02247182 -0.03600000 0.02768617
v -0.02247182 -0.03600000 0.02990106
v -0.02247182 -0.03600000 0.03211596
v -0.02247182 -0.03600000 0.03433085
v -0.02247182 -0.03600000 0.03654574
v -0.02247182 -0.03596734 0.03876064
v -0.02247182 -0.03548588 0.04097553
v -0.02247182 -0.03439324 0.04312108
v -0.02247182 -0.03434988 -0.04319043
v -0.02247182 -0.03217432 -0.04536121
v -0.02247182 -0.03434988 0.04319043
v -0.02247182 -0.03217432 0.04536121
v -0.02247182 -0.03210329 -0.04540532
v -0.02247182 -0.02995541 -0.04649305
v -0.02247182 -0.03210329 0.04540532
v -0.02247182 -0.02995541 0.04649305
v -0.02247182 -0.02773649 -0.04696939
v -0.02247182 -0.02773649 0.04696938
v -0.02247182 -0.02551757 -0.04700000
v -0.02247182 -0.02551757 0.04700000
v -0.02247182 -0.02329865 -0.04700000
v -0.02247182 -0.02329865 0.04700000
v -0.02247182 -0.02107973 -0.04700000
v -0.02247182 -0.02107973 0.04700000
v -0.02247182 -0.01886081 -0.04700000
v -0.02247182 -0.01886081 0.04700000
v -0.02247182 -0.01664189 -0.04700000
v -0.02247182 -0.01664189 0.04700000
v -0.02247182 -0.01442297 -0.04700000
v -0.02247182 -0.01442297 0.04700000
v -0.02247182 -0.01220405 -0.04700000
v -0.02247182 -0.01220405 0.04700000
v -0.02247182 -0.00998514 -0.04700000
v -0.02247182 -0.00998514 0.04700000
v -0.02247182 -0.00776622 -0.04700000
v -0.02247182 -0.00776622 0.04700000
v -0.02247182 -0.00554730 -0.04700000
v -0.02247182 -0.00554730 0.04700000
v -0.02247182 -0.00332838 -0.04700000
v -0.02247182 -0.00332838 0.04700000
v -0.02247182 -0.00110946 -0.04700000
v -0.02247182 -0.00110946 0.04700000
v -0.02247182 0.00110946 -0.04700000
v -0.02247182 0.00110946 0.04700000
v -0.02247182 0.00332838 -0.04700000
v -0.02247182 0.00332838 0.04700000
v -0.02247182 0.00554730 -0.04700000
v -0.02247182 0.00554730 0.04700000
v -0.02247182 0.00776622 -0.04700000
v -0.02247182 0.00776622 0.04700000
v -0.02247182 0.00998514 -0.04700000
v -0.02247182 0.00998514 0.04700000
v -0.02247182 0.01220405 -0.04700000
v -0.02247182 0.01220405 0.04700000
v -0.02247182 0.01442297 -0.04700000
v -0.02247182 0.01442297 0.04700000
v -0.02247182 0.01664189 -0.04700000
v -0.02247182 0.01664189 0.04700000
v -0.02247182 0.01886081 -0.04700000
v -0.02247182 0.01886081 0.04700000
v -0.02247182 0.02107973 -0.04700000
v -0.02247182 0.02107973 0.04700000
v -0.02247182 0.02329865 -0.04700000
v -0.02247182 0.02329865 0.04700000
v -0.02247182 0.02551757 -0.04700000
v -0.02247182 0.02551757 0.04700000
v -0.02247182 0.02773649 -0.04696939
v -0.02247182 0.02773649 0.04696938
v -0.02247182 0.02995541 -0.04649305
v -0.02247182 0.02995541 0.04649305
v -0.02247182 0.03210329 -0.04540532
v -0.02247182 0.03217432 -0.04536121
v -0.02247182 0.03217432 0.04536121
v -0.02247182 0.03210329 0.04540532
v -0.02247182 0.03434989 -0.04319043
v -0.02247182 0.03439324 -0.04312108
v -0.02247182 0.03439324 0.04312108
v -0.02247182 0.03434989 0.04319043
v -0.02247182 0.03548588 -0.04097553
v -0.02247182 0.03596734 -0.03876064
v -0.02247182 0.03600000 -0.03654574
v -0.02247182 0.03600000 -0.03433085
v -0.02247182 0.03600000 -0.03211596
v -0.02247182 0.03600000 -0.02990106
v -0.02247182 0.03600000 -0.02768617
v -0.02247182 0.03600000 -0.02547128
v -0.02247182 0.03600000 -0.02325638
v -0.02247182 0.03600000 -0.02104149
v -0.02247182 0.03600000 -0.01882660
v -0.02247182 0.03600000 -0.01661170
v -0.02247182 0.03600000 -0.01439681
v -0.02247182 0.03600000 -0.01218191
v -0.02247182 0.03600000 -0.00996702
v -0.02247182 0.03600000 -0.00775213
v -0.02247182 0.03600000 -0.00553723
v -0.02247182 0.03600000 -0.00332234
v -0.02247182 0.03600000 -0.00110745
v -0.02247182 0.03600000 0.00110745
v -0.02247182 0.03600000 0.00332234
v -0.02247182 0.03600000 0.00553723
v -0.02247182 0.03600000 0.00775213
v -0.02247182 0.03600000 0.00996702
v -0.02247182 0.03600000 0.01218191
v -0.02247182 0.03600000 0.01439681
v -0.02247182 0.03600000 0.01661170
v -0.02247182 0.03600000 0.01882660
v -0.02247182 0.03600000 0.02104149
v -0.02247182 0.03600000 0.02325638
v -0.02247182 0.03600000 0.02547128
v -0.02247182 0.03600000 0.02768617
v -0.02247182 0.03600000 0.02990106
v -0.02247182 0.03600000 0.03211596
v -0.02247182 0.03600000 0.03433085
v -0.02247182 0.03600000 0.03654574
v -0.02247182 0.03596734 0.03876064
v -0.02247182 0.03548588 0.04097553
v -0.02010636 -0.03548588 -0.04097553
v -0.02010636 -0.03439324 -0.04312108
v -0.02010636 -0.03596734 -0.03876064
v -0.02010636 -0.03600000 -0.03654574
v -0.02010636 -0.03600000 -0.03433085
v -0.02010636 -0.03600000 -0.03211596
v -0.02010636 -0.03600000 -0.02990106
v -0.02010636 -0.03600000 -0.02768617
v -0.02010636 -0.03600000 -0.02547128
v -0.02010636 -0.03600000 -0.02325638
v -0.02010636 -0.03600000 -0.02104149
v -0.02010636 -0.03600000 -0.01882660
v -0.02010636 -0.03600000 -0.01661170
v -0.02010636 -0.03600000 -0.01439681
v -0.02010636 -0.03600000 -0.01218191
v -0.02010636 -0.03600000 -0.00996702
v -0.02010636 -0.03600000 -0.00775213
v -0.02010636 -0.03600000 -0.00553723
v -0.02010636 -0.03600000 -0.00332234
v -0.02010636 -0.03600000 -0.00110745
v -0.02010636 -0.03600000 0.00110745
v -0.02010636 -0.03600000 0.00332234
v -0.02010636 -0.03600000 0.00553723
v -0.02010636 -0.03600000 0.00775213
v -0.02010636 -0.03600000 0.00996702
v -0.02010636 -0.03600000 0.01218191
v -0.02010636 -0.03600000 0.01439681
v -0.02010636 -0.03600000 0.01661170
v -0.02010636 -0.03600000 0.01882660
v -0.02010636 -0.03600000 0.02104149
v -0.02010636 -0.03600000 0.02325638
v -0.02010636 -0.03600000 0.02547128
v -0.02010636 -0.03600000 0.02768617
v -0.02010636 -0.03600000 0.02990106
v -0.02010636 -0.03600000 0.03211596
v -0.02010636 -0.03600000 0.03433085
v -0.02010636 -0.03600000 0.03654574
v -0.02010636 -0.03596734 0.03876064
v -0.02010636 -0.03548588 0.04097553
v -0.02010636 -0.03439324 0.04312108
v -0.02010636 -0.03434988 -0.04319043
v -0.02010636 -0.03217432 -0.04536121
v -0.02010636 -0.03434988 0.04319043
v -0.02010636 -0.03217432 0.04536121
v -0.02010636 -0.03210329 -0.04540532
v -0.02010636 -0.02995541 -0.04649305
v -0.02010636 -0.03210329 0.04540532
v -0.02010636 -0.02995541 0.04649305
v -0.02010636 -0.02773649 -0.04696939
v -0.02010636 -0.02773649 0.04696938
v -0.02010636 -0.02551757 -0.04700000
v -0.02010636 -0.02551757 0.04700000
v -0.02010636 -0.02329865 -0.04700000
v -0.02010636 -0.02329865 0.04700000
v -0.02010636 -0.02107973 -0.04700000
v -0.02010636 -0.02107973 0.04700000
v -0.02010636 -0.01886081 -0.04700000
v -0.02010636 -0.01886081 0.04700000
v -0.02010636 -0.01664189 -0.04700000
v -0.02010636 -0.01664189 0.04700000
v -0.02010636 -0.01442297 -0.04700000
v -0.02010636 -0.01442297 0.04700000
v -0.02010636 -0.01220405 -0.04700000
v -0.02010636 -0.01220405 0.04700000
v -0.02010636 -0.00998514 -0.04700000
v -0.02010636 -0.00998514 0.04700000
v -0.02010636 -0.00776622 -0.04700000
v -0.02010636 -0.00776622 0.04700000
v -0.02010636 -0.00554730 -0.04700000
v -0.02010636 -0.00554730 0.04700000
v -0.02010636 -0.00332838 -0.04700000
v -0.02010636 -0.00332838 0.04700000
v -0.02010636 -0.00110946 -0.04700000
v -0.02010636 -0.00110946 0.04700000
v -0.02010636 0.00110946 -0.04700000
v -0.02010636 0.00110946 0.04700000
v -0.02010636 0.00332838 -0.04700000
v -0.02010636 0.00332838 0.04700000
v -0.02010636 0.00554730 -0.04700000
v -0.02010636 0.00554730 0.04700000
v -0.02010636 0.00776622 -0.04700000
v -0.02010636 0.00776622 0.04700000
v -0.02010636 0.00998514 -0.04700000
v -0.02010636 0.00998514 0.04700000
v -0.02010636 0.01220405 -0.04700000
v -0.02010636 0.01220405 0.04700000
v -0.02010636 0.01442297 -0.04700000
v -0.02010636 0.01442297 0.04700000
v -0.02010636 0.01664189 -0.04700000
v -0.02010636 0.01664189 0.04700000
v -0.02010636 0.01886081 -0.04700000
v -0.02010636 0.01886081 0.04700000
v -0.02010636 0.02107973 -0.04700000
v -0.02010636 0.02107973 0.04700000
v -0.02010636 0.02329865 -0.04700000
v -0.02010636 0.02329865 0.04700000
v -0.02010636 0.02551757 -0.04700000
v -0.02010636 0.02551757 0.04700000
v -0.02010636 0.02773649 -0.04696939
v -0.02010636 0.02773649 0.04696938
v -0.02010636 0.02995541 -0.04649305
v -0.02010636 0.02995541 0.04649305
v -0.02010636 0.03210329 -0.04540532
v -0.02010636 0.03217432 -0.04536121
v -0.02010636 0.03217432 0.04536121
v -0.02010636 0.03210329 0.04540532
v -0.02010636 0.03434989 -0.04319043
v -0.02010636 0.03439324 -0.04312108
v -0.02010636 0.03439324 0.04312108
v -0.02010636 0.03434989 0.04319043
v -0.02010636 0.03548588 -0.04097553
v -0.02010636 0.03596734 -0.03876064
v -0.02010636 0.03600000 -0.03654574
v -0.02010636 0.03600000 -0.03433085
v -0.02010636 0.03600000 -0.03211596
v -0.02010636 0.03600000 -0.02990106
v -0.02010636 0.03600000 -0.02768617
v -0.02010636 0.03600000 -0.02547128
v -0.02010636 0.03600000 -0.02325638
v -0.02010636 0.03600000 -0.02104149
v -0.02010636 0.03600000 -0.01882660
v -0.02010636 0.03600000 -0.01661170
v -0.02010636 0.03600000 -0.01439681
v -0.02010636 0.03600000 -0.01218191
v -0.02010636 0.03600000 -0.00996702
v -0.02010636 0.03600000 -0.00775213
v -0.02010636 0.03600000 -0.00553723
v -0.02010636 0.03600000 -0.00332234
v -0.02010636 0.03600000 -0.00110745
v -0.02010636 0.03600000 0.00110745
v -0.02010636 0.03600000 0.00332234
v -0.02010636 0.03600000 0.00553723
v -0.02010636 0.03600000 0.00775213
v -0.02010636 0.03600000 0.00996702
v -0.02010636 0.03600000 0.01218191
v -0.02010636 0.03600000 0.01439681
v -0.02010636 0.03600000 0.01661170
v -0.02010636 0.03600000 0.01882660
v -0.02010636 0.03600000 0.02104149
v -0.02010636 0.03600000 0.02325638
v -0.02010636 0.03600000 0.02547128
v -0.02010636 0.03600000 0.02768617
v -0.02010636 0.03600000 0.02990106
v -0.02010636 0.03600000 0.03211596
v -0.02010636 0.03600000 0.03433085
v -0.02010636 0.03600000 0.03654574
v -0.02010636 0.03596734 0.03876064
v -0.02010636 0.03548588 0.04097553
v -0.01774091 -0.03548588 -0.04097553
v -0.01774091 -0.03439324 -0.04312108
v -0.01774091 -0.03596734 -0.03876064
v -0.01774091 -0.03600000 -0.03654574
v -0.01774091 -0.03600000 -0.03433085
v -0.01774091 -0.03600000 -0.03211596
v -0.01774091 -0.03600000 -0.02990106
v -0.01774091 -0.03600000 -0.02768617
v -0.01774091 -0.03600000 -0.02547128
v -0.01774091 -0.03600000 -0.02325638
v -0.01774091 -0.03600000 -0.02104149
v -0.01774091 -0.03600000 -0.01882660
v -0.01774091 -0.03600000 -0.01661170
v -0.01774091 -0.03600000 -0.01439681
v -0.01774091 -0.03600000 -0.01218191
v -0.01774091 -0.03600000 -0.00996702
v -0.01774091 -0.03600000 -0.00775213
v -0.01774091 -0.03600000 -0.00553723
v -0.01774091 -0.03600000 -0.00332234
v -0.01774091 -0.03600000 -0.00110745
v -0.01774091 -0.03600000 0.00110745
v -0.01774091 -0.03600000 0.00332234
v -0.01774091 -0.03600000 0.00553723
v -0.01774091 -0.03600000 0.00775213
v -0.01774091 -0.03600000 0.00996702
v -0.01774091 -0.03600000 0.01218191
v -0.01774091 -0.03600000 0.01439681
v -0.01774091 -0.03600000 0.01661170
v -0.01774091 -0.03600000 0.01882660
v -0.01774091 -0.03600000 0.02104149
v -0.01774091 -0.03600000 0.02325638
v -0.01774091 -0.03600000 0.02547128
v -0.01774091 -0.03600000 0.02768617
v -0.01774091 -0.03600000 0.02990106
v -0.01774091 -0.03600000 0.03211596
v -0.01774091 -0.03600000 0.03433085
v -0.01774091 -0.03600000 0.03654574
v -0.01774091 -0.03596734 0.03876064
v -0.01774091 -0.03548588 0.04097553
v -0.01774091 -0.03439324 0.04312108
v -0.01774091 -0.03434988 -0.04319043
v -0.01774091 -0.03217432 -0.04536121
v -0.01774091 -0.03434988 0.04319043
v -0.01774091 -0.03217432 0.04536121
v -0.01774091 -0.03210329 -0.04540532
v -0.01774091 -0.02995541 -0.04649305
v -0.01774091 -0.03210329 0.04540532
v -0.01774091 -0.02995541 0.04649305
v -0.01774091 -0.02773649 -0.04696939
v -0.01774091 -0.02773649 0.04696938
v -0.01774091 -0.02551757 -0.04700000
v -0.01774091 -0.02551757 0.04700000
v -0.01774091 -0.02329865 -0.04700000
v -0.01774091 -0.02329865 0.04700000
v -0.01774091 -0.02107973 -0.04700000
v -0.01774091 -0.02107973 0.04700000
v -0.01774091 -0.01886081 -0.04700000
v -0.01774091 -0.01886081 0.04700000
v -0.01774091 -0.01664189 -0.04700000
v -0.01774091 -0.01664189 0.04700000
v -0.01774091 -0.01442297 -0.04700000
v -0.01774091 -0.01442297 0.04700000
v -0.01774091 -0.01220405 -0.04700000
v -0.01774091 -0.01220405 0.04700000
v -0.01774091 -0.00998514 -0.04700000
v -0.01774091 -0.00998514 0.04700000
v -0.01774091 -0.00776622 -0.04700000
v -0.01774091 -0.00776622 0.04700000
v -0.01774091 -0.00554730 -0.04700000
v -0.01774091 -0.00554730 0.04700000
v -0.01774091 -0.00332838 -0.04700000
v -0.01774091 -0.00332838 0.04700000
v -0.01774091 -0.00110946 -0.04700000
v -0.01774091 -0.00110946 0.04700000
v -0.01774091 0.00110946 -0.04700000
v -0.01774091 0.00110946 0.04700000
v -0.01774091 0.00332838 -0.04700000
v -0.01774091 0.00332838 0.04700000
v -0.01774091 0.00554730 -0.04700000
v -0.01774091 0.00554730 0.04700000
v -0.01774091 0.00776622 -0.04700000
v -0.01774091 0.00776622 0.04700000
v -0.01774091 0.00998514 -0.04700000
v -0.01774091 0.00998514 0.04700000
v -0.01774091 0.01220405 -0.04700000
v -0.01774091 0.01220405 0.04700000
v -0.01774091 0.01442297 -0.04700000
v -0.01774091 0.01442297 0.04700000
v -0.01774091 0.01664189 -0.04700000
v -0.01774091 0.01664189 0.04700000
v -0.01774091 0.01886081 -0.04700000
v -0.01774091 0.01886081 0.04700000
v -0.01774091 0.02107973 -0.04700000
v -0.01774091 0.02107973 0.04700000
v -0.01774091 0.02329865 -0.04700000
v -0.01774091 0.02329865 0.04700000
v -0.01774091 0.02551757 -0.04700000
v -0.01774091 0.02551757 0.04700000
v -0.01774091 0.02773649 -0.04696939
v -0.01774091 0.02773649 0.04696938
v -0.01774091 0.02995541 -0.04649305
v -0.01774091 0.02995541 0.04649305
v -0.01774091 0.03210329 -0.04540532
v -0.01774091 0.03217432 -0.04536121
v -0.01774091 0.03217432 0.04536121
v -0.01774091 0.03210329 0.04540532
v -0.01774091 0.03434989 -0.04319043
v -0.01774091 0.03439324 -0.04312108
v -0.01774091 0.03439324 0.04312108
v -0.01774091 0.03434989 0.04319043
v -0.01774091 0.03548588 -0.04097553
v -0.01774091 0.03596734 -0.03876064
v -0.01774091 0.03600000 -0.03654574
v -0.01774091 0.03600000 -0.03433085
v -0.01774091 0.03600000 -0.03211596
v -0.01774091 0.03600000 -0.02990106
v -0.01774091 0.03600000 -0.02768617
v -0.01774091 0.03600000 -0.02547128
v -0.01774091 0.03600000 -0.02325638
v -0.01774091 0.03600000 -0.02104149
v -0.01774091 0.03600000 -0.01882660
v -0.01774091 0.03600000 -0.01661170
v -0.01774091 0.03600000 -0.01439681
v -0.01774091 0.03600000 -0.01218191
v -0.01774091 0.03600000 -0.00996702
v -0.01774091 0.03600000 -0.00775213
v -0.01774091 0.03600000 -0.00553723
v -0.01774091 0.03600000 -0.00332234
v -0.01774091 0.03600000 -0.00110745
v -0.01774091 0.03600000 0.00110745
v -0.01774091 0.03600000 0.00332234
v -0.01774091 0.03600000 0.00553723
v -0.01774091 0.03600000 0.00775213
v -0.01774091 0.03600000 0.00996702
v -0.01774091 0.03600000 0.01218191
v -0.01774091 0.03600000 0.01439681
v -0.01774091 0.03600000 0.01661170
v -0.01774091 0.03600000 0.01882660
v -0.01774091 0.03600000 0.02104149
v -0.01774091 0.03600000 0.02325638
v -0.01774091 0.03600000 0.02547128
v -0.01774091 0.03600000 0.02768617
v -0.01774091 0.03600000 0.02990106
v -0.01774091 0.03600000 0.03211596
v -0.01774091 0.03600000 0.03433085
v -0.01774091 0.03600000 0.03654574
v -0.01774091 0.03596734 0.03876064
v -0.01774091 0.03548588 0.04097553
v -0.01537545 -0.03548588 -0.04097553
v -0.01537545 -0.03439324 -0.04312108
v -0.01537545 -0.03596734 -0.03876064
v -0.01537545 -0.03600000 -0.03654574
v -0.01537545 -0.03600000 -0.03433085
v -0.01537545 -0.03600000 -0.03211596
v -0.01537545 -0.03600000 -0.02990106
v -0.01537545 -0.03600000 -0.02768617
v -0.01537545 -0.03600000 -0.02547128
v -0.01537545 -0.03600000 -0.02325638
v -0.01537545 -0.03600000 -0.02104149
v -0.01537545 -0.03600000 -0.01882660
v -0.01537545 -0.03600000 -0.01661170
v -0.01537545 -0.03600000 -0.01439681
v -0.01537545 -0.03600000 -0.01218191
v -0.01537545 -0.03600000 -0.00996702
v -0.01537545 -0.03600000 -0.00775213
v -0.01537545 -0.03600000 -0.00553723
v -0.01537545 -0.03600000 -0.00332234
v -0.01537545 -0.03600000 -0.00110745
v -0.01537545 -0.03600000 0.00110745
v -0.01537545 -0.03600000 0.00332234
v -0.01537545 -0.03600000 0.00553723
v -0.01537545 -0.03600000 0.00775213
v -0.01537545 -0.03600000 0.00996702
v -0.01537545 -0.03600000 0.01218191
v -0.01537545 -0.03600000 0.01439681
v -0.01537545 -0.03600000 0.01661170
v -0.01537545 -0.03600000 0.01882660
v -0.01537545 -0.03600000 0.02104149
v -0.01537545 -0.03600000 0.02325638
v -0.01537545 -0.03600000 0.02547128
v -0.01537545 -0.03600000 0.02768617
v -0.01537545 -0.03600000 0.02990106
v -0.01537545 -0.03600000 0.03211596
v -0.01537545 -0.03600000 0.03433085
v -0.01537545 -0.03600000 0.03654574
v -0.01537545 -0.03596734 0.03876064
v -0.01537545 -0.03548588 0.04097553
v -0.01537545 -0.03439324 0.04312108
v -0.01537545 -0.03434988 -0.04319043
v -0.01537545 -0.03217432 -0.04536121
v -0.01537545 -0.03434988 0.04319043
v -0.01537545 -0.03217432 0.04536121
v -0.01537545 -0.03210329 -0.04540532
v -0.01537545 -0.02995541 -0.04649305
v -0.01537545 -0.03210329 0.04540532
v -0.01537545 -0.02995541 0.04649305
v -0.01537545 -0.02773649 -0.04696939
v -0.01537545 -0.02773649 0.04696938
v -0.01537545 -0.02551757 -0.04700000
v -0.01537545 -0.02551757 0.04700000
v -0.01537545 -0.02329865 -0.04700000
v -0.01537545 -0.02329865 0.04700000
v -0.01537545 -0.02107973 -0.04700000
v -0.01537545 -0.02107973 0.04700000
v -0.01537545 -0.01886081 -0.04700000
v -0.01537545 -0.01886081 0.04700000
v -0.01537545 -0.01664189 -0.04700000
v -0.01537545 -0.01664189 0.04700000
v -0.01537545 -0.01442297 -0.04700000
v -0.01537545 -0.01442297 0.04700000
v -0.01537545 -0.01220405 -0.04700000
v -0.01537545 -0.01220405 0.04700000
v -0.01537545 -0.00998514 -0.04700000
v -0.01537545 -0.00998514 0.04700000
v -0.01537545 -0.00776622 -0.04700000
v -0.01537545 -0.00776622 0.04700000
v -0.01537545 -0.00554730 -0.04700000
v -0.01537545 -0.00554730 0.04700000
v -0.01537545 -0.00332838 -0.04700000
v -0.01537545 -0.00332838 0.04700000
v -0.01537545 -0.00110946 -0.04700000
v -0.01537545 -0.00110946 0.04700000
v -0.01537545 0.00110946 -0.04700000
v -0.01537545 0.00110946 0.04700000
v -0.01537545 0.00332838 -0.04700000
v -0.01537545 0.00332838 0.04700000
v -0.01537545 0.00554730 -0.04700000
v -0.01537545 0.00554730 0.04700000
v -0.01537545 0.00776622 -0.04700000
v -0.01537545 0.00776622 0.04700000
v -0.01537545 0.00998514 -0.04700000
v -0.01537545 0.00998514 0.04700000
v -0.01537545 0.01220405 -0.04700000
v -0.01537545 0.01220405 0.04700000
v -0.01537545 0.01442297 -0.04700000
v -0.01537545 0.01442297 0.04700000
v -0.01537545 0.01664189 -0.04700000
v -0.01537545 0.01664189 0.04700000
v -0.01537545 0.01886081 -0.04700000
v -0.01537545 0.01886081 0.04700000
v -0.01537545 0.02107973 -0.04700000
v -0.01537545 0.02107973 0.04700000
v -0.01537545 0.02329865 -0.04700000
v -0.01537545 0.02329865 0.04700000
v -0.01537545 0.02551757 -0.04700000
v -0.01537545 0.02551757 0.04700000
v -0.01537545 0.02773649 -0.04696939
v -0.01537545 0.02773649 0.04696938
v -0.01537545 0.02995541 -0.04649305
v -0.01537545 0.02995541 0.04649305
v -0.01537545 0.03210329 -0.04540532
v -0.01537545 0.03217432 -0.04536121
v -0.01537545 0.03217432 0.04536121
v -0.01537545 0.03210329 0.04540532
v -0.01537545 0.03434989 -0.04319043
v -0.01537545 0.03439324 -0.04312108
v -0.01537545 0.03439324 0.04312108
v -0.01537545 0.03434989 0.04319043
v -0.01537545 0.03548588 -0.04097553
v -0.01537545 0.03596734 -0.03876064
v -0.01537545 0.03600000 -0.03654574
v -0.01537545 0.03600000 -0.03433085
v -0.01537545 0.03600000 -0.03211596
v -0.01537545 0.03600000 -0.02990106
v -0.01537545 0.03600000 -0.02768617
v -0.01537545 0.03600000 -0.02547128
v -0.01537545 0.03600000 -0.02325638
v -0.01537545 0.03600000 -0.02104149
v -0.01537545 0.03600000 -0.01882660
v -0.01537545 0.03600000 -0.01661170
v -0.01537545 0.03600000 -0.01439681
v -0.01537545 0.03600000 -0.01218191
v -0.01537545 0.03600000 -0.00996702
v -0.01537545 0.03600000 -0.00775213
v -0.01537545 0.03600000 -0.00553723
v -0.01537545 0.03600000 -0.00332234
v -0.01537545 0.03600000 -0.00110745
v -0.01537545 0.03600000 0.00110745
v -0.01537545 0.03600000 0.00332234
v -0.01537545 0.03600000 0.00553723
v -0.01537545 0.03600000 0.00775213
v -0.01537545 0.03600000 0.00996702
v -0.01537545 0.03600000 0.01218191
v -0.01537545 0.03600000 0.01439681
v -0.01537545 0.03600000 0.01661170
v -0.01537545 0.03600000 0.01882660
v -0.01537545 0.03600000 0.02104149
v -0.01537545 0.03600000 0.02325638
v -0.01537545 0.03600000 0.02547128
v -0.01537545 0.03600000 0.02768617
v -0.01537545 0.03600000 0.02990106
v -0.01537545 0.03600000 0.03211596
v -0.01537545 0.03600000 0.03433085
v -0.01537545 0.03600000 0.03654574
v -0.01537545 0.03596734 0.03876064
v -0.01537545 0.03548588 0.04097553
v -0.01301000 -0.03548588 -0.04097553
v -0.01301000 -0.03439324 -0.04312108
v -0.01301000 -0.03596734 -0.03876064
v -0.01301000 -0.03600000 -0.03654574
v -0.01301000 -0.03600000 -0.03433085
v -0.01301000 -0.03600000 -0.03211596
v -0.01301000 -0.03600000 -0.02990106
v -0.01301000 -0.03600000 -0.02768617
v -0.01301000 -0.03600000 -0.02547128
v -0.01301000 -0.03600000 -0.02325638
v -0.01301000 -0.03600000 -0.02104149
v -0.01301000 -0.03600000 -0.01882660
v -0.01301000 -0.03600000 -0.01661170
v -0.01301000 -0.03600000 -0.01439681
v -0.01301000 -0.03600000 -0.01218191
v -0.01301000 -0.03600000 -0.00996702
v -0.01301000 -0.03600000 -0.00775213
v -0.01301000 -0.03600000 -0.00553723
v -0.01301000 -0.03600000 -0.00332234
v -0.01301000 -0.03600000 -0.00110745
v -0.01301000 -0.03600000 0.00110745
v -0.01301000 -0.03600000 0.00332234
v -0.01301000 -0.03600000 0.00553723
v -0.01301000 -0.03600000 0.00775213
v -0.01301000 -0.03600000 0.00996702
v -0.01301000 -0.03600000 0.01218191
v -0.01301000 -0.03600000 0.01439681
v -0.01301000 -0.03600000 0.01661170
v -0.01301000 -0.03600000 0.01882660
v -0.01301000 -0.03600000 0.02104149
v -0.01301000 -0.03600000 0.02325638
v -0.01301000 -0.03600000 0.02547128
v -0.01301000 -0.03600000 0.02768617
v -0.01301000 -0.03600000 0.02990106
v -0.01301000 -0.03600000 0.03211596
v -0.01301000 -0.03600000 0.03433085
v -0.01301000 -0.03600000 0.03654574
v -0.01301000 -0.03596734 0.03876064
v -0.01301000 -0.03548588 0.04097553
v -0.01301000 -0.03439324 0.04312108
v -0.01301000 -0.03434988 -0.04319043
v -0.01301000 -0.03217432 -0.04536121
v -0.01301000 -0.03434988 0.04319043
v -0.01301000 -0.03217432 0.04536121
v -0.01301000 -0.03210329 -0.04540532
v -0.01301000 -0.02995541 -0.04649305
v -0.01301000 -0.03210329 0.04540532
v -0.01301000 -0.02995541 0.04649305
v -0.01301000 -0.02773649 -0.04696939
v -0.01301000 -0.02773649 0.04696938
v -0.01301000 -0.02551757 -0.04700000
v -0.01301000 -0.02551757 0.04700000
v -0.01301000 -0.02329865 -0.04700000
v -0.01301000 -0.02329865 0.04700000
v -0.01301000 -0.02107973 -0.04700000
v -0.01301000 -0.02107973 0.04700000
v -0.01301000 -0.01886081 -0.04700000
v -0.01301000 -0.01886081 0.04700000
v -0.01301000 -0.01664189 -0.04700000
v -0.01301000 -0.01664189 0.04700000
v -0.01301000 -0.01442297 -0.04700000
v -0.01301000 -0.01442297 0.04700000
v -0.01301000 -0.01220405 -0.04700000
v -0.01301000 -0.01220405 0.04700000
v -0.01301000 -0.00998514 -0.04700000
v -0.01301000 -0.00998514 0.04700000
v -0.01301000 -0.00776622 -0.04700000
v -0.01301000 -0.00776622 0.04700000
v -0.01301000 -0.00554730 -0.04700000
v -0.01301000 -0.00554730 0.04700000
v -0.01301000 -0.00332838 -0.04700000
v -0.01301000 -0.00332838 0.04700000
v -0.01301000 -0.00110946 -0.04700000
v -0.01301000 -0.00110946 0.04700000
v -0.01301000 0.00110946 -0.04700000
v -0.01301000 0.00110946 0.04700000
v -0.01301000 0.00332838 -0.04700000
v -0.01301000 0.00332838 0.04700000
v -0.01301000 0.00554730 -0.04700000
v -0.01301000 0.00554730 0.04700000
v -0.01301000 0.00776622 -0.04700000
v -0.01301000 0.00776622 0.04700000
v -0.01301000 0.00998514 -0.04700000
v -0.01301000 0.00998514 0.04700000
v -0.01301000 0.01220405 -0.04700000
v -0.01301000 0.01220405 0.04700000
v -0.01301000 0.01442297 -0.04700000
v -0.01301000 0.01442297 0.04700000
v -0.01301000 0.01664189 -0.04700000
v -0.01301000 0.01664189 0.04700000
v -0.01301000 0.01886081 -0.04700000
v -0.01301000 0.01886081 0.04700000
v -0.01301000 0.02107973 -0.04700000
v -0.01301000 0.02107973 0.04700000
v -0.01301000 0.02329865 -0.04700000
v -0.01301000 0.02329865 0.04700000
v -0.01301000 0.02551757 -0.04700000
v -0.01301000 0.02551757 0.04700000
v -0.01301000 0.02773649 -0.04696939
v -0.01301000 0.02773649 0.04696938
v -0.01301000 0.02995541 -0.04649305
v -0.01301000 0.02995541 0.04649305
v -0.01301000 0.03210329 -0.04540532
v -0.01301000 0.03217432 -0.04536121
v -0.01301000 0.03217432 0.04536121
v -0.01301000 0.03210329 0.04540532
v -0.01301000 0.03434989 -0.04319043
v -0.01301000 0.03439324 -0.04312108
v -0.01301000 0.03439324 0.04312108
v -0.01301000 0.03434989 0.04319043
v -0.01301000 0.03548588 -0.04097553
v -0.01301000 0.03596734 -0.03876064
v -0.01301000 0.03600000 -0.03654574
v -0.01301000 0.03600000 -0.03433085
v -0.01301000 0.03600000 -0.03211596
v -0.01301000 0.03600000 -0.02990106
v -0.01301000 0.03600000 -0.02768617
v -0.01301000 0.03600000 -0.02547128
v -0.01301000 0.03600000 -0.02325638
v -0.01301000 0.03600000 -0.02104149
v -0.01301000 0.03600000 -0.01882660
v -0.01301000 0.03600000 -0.01661170
v -0.01301000 0.03600000 -0.01439681
v -0.01301000 0.03600000 -0.01218191
v -0.01301000 0.03600000 -0.00996702
v -0.01301000 0.03600000 -0.00775213
v -0.01301000 0.03600000 -0.00553723
v -0.01301000 0.03600000 -0.00332234
v -0.01301000 0.03600000 -0.00110745
v -0.01301000 0.03600000 0.00110745
v -0.01301000 0.03600000 0.00332234
v -0.01301000 0.03600000 0.00553723
v -0.01301000 0.03600000 0.00775213
v -0.01301000 0.03600000 0.00996702
v -0.01301000 0.03600000 0.01218191
v -0.01301000 0.03600000 0.01439681
v -0.01301000 0.03600000 0.01661170
v -0.01301000 0.03600000 0.01882660
v -0.01301000 0.03600000 0.02104149
v -0.01301000 0.03600000 0.02325638
v -0.01301000 0.03600000 0.02547128
v -0.01301000 0.03600000 0.02768617
v -0.01301000 0.03600000 0.02990106
v -0.01301000 0.03600000 0.03211596
v -0.01301000 0.03600000 0.03433085
v -0.01301000 0.03600000 0.03654574
v -0.01301000 0.03596734 0.03876064
v -0.01301000 0.03548588 0.04097553
v -0.01064455 -0.03548588 -0.04097553
v -0.01064455 -0.03439324 -0.04312108
v -0.01064455 -0.03596734 -0.03876064
v -0.01064455 -0.03600000 -0.03654574
v -0.01064455 -0.03600000 -0.03433085
v -0.01064455 -0.03600000 -0.03211596
v -0.01064455 -0.03600000 -0.02990106
v -0.01064455 -0.03600000 -0.02768617
v -0.01064455 -0.03600000 -0.02547128
v -0.01064455 -0.03600000 -0.02325638
v -0.01064455 -0.03600000 -0.02104149
v -0.01064455 -0.03600000 -0.01882660
v -0.01064455 -0.03600000 -0.01661170
v -0.01064455 -0.03600000 -0.01439681
v -0.01064455 -0.03600000 -0.01218191
v -0.01064455 -0.03600000 -0.00996702
v -0.01064455 -0.03600000 -0.00775213
v -0.01064455 -0.03600000 -0.00553723
v -0.01064455 -0.03600000 -0.00332234
v -0.01064455 -0.03600000 -0.00110745
v -0.01064455 -0.03600000 0.00110745
v -0.01064455 -0.03600000 0.00332234
v -0.01064455 -0.03600000 0.00553723
v -0.01064455 -0.03600000 0.00775213
v -0.01064455 -0.03600000 0.00996702
v -0.01064455 -0.03600000 0.01218191
v -0.01064455 -0.03600000 0.01439681
v -0.01064455 -0.03600000 0.01661170
v -0.01064455 -0.03600000 0.01882660
v -0.01064455 -0.03600000 0.02104149
v -0.01064455 -0.03600000 0.02325638
v -0.01064455 -0.03600000 0.02547128
v -0.01064455 -0.03600000 0.02768617
v -0.01064455 -0.03600000 0.02990106
v -0.01064455 -0.03600000 0.03211596
v -0.01064455 -0.03600000 0.03433085
v -0.01064455 -0.03600000 0.03654574
v -0.01064455 -0.03596734 0.03876064
v -0.01064455 -0.03548588 0.04097553
v -0.01064455 -0.03439324 0.04312108
v -0.01064455 -0.03434988 -0.04319043
v -0.01064455 -0.03217432 -0.04536121
v -0.01064455 -0.03434988 0.04319043
v -0.01064455 -0.03217432 0.04536121
v -0.01064455 -0.03210329 -0.04540532
v -0.01064455 -0.02995541 -0.04649305
v -0.01064455 -0.03210329 0.04540532
v -0.01064455 -0.02995541 0.04649305
v -0.01064455 -0.02773649 -0.04696939
v -0.01064455 -0.02773649 0.04696938
v -0.01064455 -0.02551757 -0.04700000
v -0.01064455 -0.02551757 0.04700000
v -0.01064455 -0.02329865 -0.04700000
v -0.01064455 -0.02329865 0.04700000
v -0.01064455 -0.02107973 -0.04700000
v -0.01064455 -0.02107973 0.04700000
v -0.01064455 -0.01886081 -0.04700000
v -0.01064455 -0.01886081 0.04700000
v -0.01064455 -0.01664189 -0.04700000
v -0.01064455 -0.01664189 0.04700000
v -0.01064455 -0.01442297 -0.04700000
v -0.01064455 -0.01442297 0.04700000
v -0.01064455 -0.01220405 -0.04700000
v -0.01064455 -0.01220405 0.04700000
v -0.01064455 -0.00998514 -0.04700000
v -0.01064455 -0.00998514 0.04700000
v -0.01064455 -0.00776622 -0.04700000
v -0.01064455 -0.00776622 0.04700000
v -0.01064455 -0.00554730 -0.04700000
v -0.01064455 -0.00554730 0.04700000
v -0.01064455 -0.00332838 -0.04700000
v -0.01064455 -0.00332838 0.04700000
v -0.01064455 -0.00110946 -0.04700000
v -0.01064455 -0.00110946 0.04700000
v -0.01064455 0.00110946 -0.04700000
v -0.01064455 0.00110946 0.04700000
v -0.01064455 0.00332838 -0.04700000
v -0.01064455 0.00332838 0.04700000
v -0.01064455 0.00554730 -0.04700000
v -0.01064455 0.00554730 0.04700000
v -0.01064455 0.00776622 -0.04700000
v -0.01064455 0.00776622 0.04700000
v -0.01064455 0.00998514 -0.04700000
v -0.01064455 0.00998514 0.04700000
v -0.01064455 0.01220405 -0.04700000
v -0.01064455 0.01220405 0.04700000
v -0.01064455 0.01442297 -0.04700000
v -0.01064455 0.01442297 0.04700000
v -0.01064455 0.01664189 -0.04700000
v -0.01064455 0.01664189 0.04700000
v -0.01064455 0.01886081 -0.04700000
v -0.01064455 0.01886081 0.04700000
v -0.01064455 0.02107973 -0.04700000
v -0.01064455 0.02107973 0.04700000
v -0.01064455 0.02329865 -0.04700000
v -0.01064455 0.02329865 0.04700000
v -0.01064455 0.02551757 -0.04700000
v -0.01064455 0.02551757 0.04700000
v -0.01064455 0.02773649 -0.04696939
v -0.01064455 0.02773649 0.04696938
v -0.01064455 0.02995541 -0.04649305
v -0.01064455 0.02995541 0.04649305
v -0.01064455 0.03210329 -0.04540532
v -0.01064455 0.03217432 -0.04536121
v -0.01064455 0.03217432 0.04536121
v -0.01064455 0.03210329 0.04540532
v -0.01064455 0.03434989 -0.04319043
v -0.01064455 0.03439324 -0.04312108
v -0.01064455 0.03439324 0.04312108
v -0.01064455 0.03434989 0.04319043
v -0.01064455 0.03548588 -0.04097553
v -0.01064455 0.03596734 -0.03876064
v -0.01064455 0.03600000 -0.03654574
v -0.01064455 0.03600000 -0.03433085
v -0.01064455 0.03600000 -0.03211596
v -0.01064455 0.03600000 -0.02990106
v -0.01064455 0.03600000 -0.02768617
v -0.01064455 0.03600000 -0.02547128
v -0.01064455 0.03600000 -0.02325638
v -0.01064455 0.03600000 -0.02104149
v -0.01064455 0.03600000 -0.01882660
v -0.01064455 0.03600000 -0.01661170
v -0.01064455 0.03600000 -0.01439681
v -0.01064455 0.03600000 -0.01218191
v -0.01064455 0.03600000 -0.00996702
v -0.01064455 0.03600000 -0.00775213
v -0.01064455 0.03600000 -0.00553723
v -0.01064455 0.03600000 -0.00332234
v -0.01064455 0.03600000 -0.00110745
v -0.01064455 0.03600000 0.00110745
v -0.01064455 0.03600000 0.00332234
v -0.01064455 0.03600000 0.00553723
v -0.01064455 0.03600000 0.00775213
v -0.01064455 0.03600000 0.00996702
v -0.01064455 0.03600000 0.01218191
v -0.01064455 0.03600000 0.01439681
v -0.01064455 0.03600000 0.01661170
v -0.01064455 0.03600000 0.01882660
v -0.01064455 0.03600000 0.02104149
v -0.01064455 0.03600000 0.02325638
v -0.01064455 0.03600000 0.02547128
v -0.01064455 0.03600000 0.02768617
v -0.01064455 0.03600000 0.02990106
v -0.01064455 0.03600000 0.03211596
v -0.01064455 0.03600000 0.03433085
v -0.01064455 0.03600000 0.03654574
v -0.01064455 0.03596734 0.03876064
v -0.01064455 0.03548588 0.04097553
v -0.00827909 -0.03548588 -0.04097553
v -0.00827909 -0.03439324 -0.04312108
v -0.00827909 -0.03596734 -0.03876064
v -0.00827909 -0.03600000 -0.03654574
v -0.00827909 -0.03600000 -0.03433085
v -0.00827909 -0.03600000 -0.03211596
v -0.00827909 -0.03600000 -0.02990106
v -0.00827909 -0.03600000 -0.02768617
v -0.00827909 -0.03600000 -0.02547128
v -0.00827909 -0.03600000 -0.02325638
v -0.00827909 -0.03600000 -0.02104149
v -0.00827909 -0.03600000 -0.01882660
v -0.00827909 -0.03600000 -0.01661170
v -0.00827909 -0.03600000 -0.01439681
v -0.00827909 -0.03600000 -0.01218191
v -0.00827909 -0.03600000 -0.00996702
v -0.00827909 -0.03600000 -0.00775213
v -0.00827909 -0.03600000 -0.00553723
v -0.00827909 -0.03600000 -0.00332234
v -0.00827909 -0.03600000 -0.00110745
v -0.00827909 -0.03600000 0.00110745
v -0.00827909 -0.03600000 0.00332234
v -0.00827909 -0.03600000 0.00553723
v -0.00827909 -0.03600000 0.00775213
v -0.00827909 -0.03600000 0.00996702
v -0.00827909 -0.03600000 0.01218191
v -0.00827909 -0.03600000 0.01439681
v -0.00827909 -0.03600000 0.01661170
v -0.00827909 -0.03600000 0.01882660
v -0.00827909 -0.03600000 0.02104149
v -0.00827909 -0.03600000 0.02325638
v -0.00827909 -0.03600000 0.02547128
v -0.00827909 -0.03600000 0.02768617
v -0.00827909 -0.03600000 0.02990106
v -0.00827909 -0.03600000 0.03211596
v -0.00827909 -0.03600000 0.03433085
v -0.00827909 -0.03600000 0.03654574
v -0.00827909 -0.03596734 0.03876064
v -0.00827909 -0.03548588 0.04097553
v -0.00827909 -0.03439324 0.04312108
v -0.00827909 -0.03434988 -0.04319043
v -0.00827909 -0.03217432 -0.04536121
v -0.00827909 -0.03434988 0.04319043
v -0.00827909 -0.03217432 0.04536121
v -0.00827909 -0.03210329 -0.04540532
v -0.00827909 -0.02995541 -0.04649305
v -0.00827909 -0.03210329 0.04540532
v -0.00827909 -0.02995541 0.04649305
v -0.00827909 -0.02773649 -0.04696939
v -0.00827909 -0.02773649 0.04696938
v -0.00827909 -0.02551757 -0.04700000
v -0.00827909 -0.02551757 0.04700000
v -0.00827909 -0.02329865 -0.04700000
v -0.00827909 -0.02329865 0.04700000
v -0.00827909 -0.02107973 -0.04700000
v -0.00827909 -0.02107973 0.04700000
v -0.00827909 -0.01886081 -0.04700000
v -0.00827909 -0.01886081 0.04700000
v -0.00827909 -0.01664189 -0.04700000
v -0.00827909 -0.01664189 0.04700000
v -0.00827909 -0.01442297 -0.04700000
v -0.00827909 -0.01442297 0.04700000
v -0.00827909 -0.01220405 -0.04700000
v -0.00827909 -0.01220405 0.04700000
v -0.00827909 -0.00998514 -0.04700000
v -0.00827909 -0.00998514 0.04700000
v -0.00827909 -0.00776622 -0.04700000
v -0.00827909 -0.00776622 0.04700000
v -0.00827909 -0.00554730 -0.04700000
v -0.00827909 -0.00554730 0.04700000
v -0.00827909 -0.00332838 -0.04700000
v -0.00827909 -0.00332838 0.04700000
v -0.00827909 -0.00110946 -0.04700000
v -0.00827909 -0.00110946 0.04700000
v -0.00827909 0.00110946 -0.04700000
v -0.00827909 0.00110946 0.04700000
v -0.00827909 0.00332838 -0.04700000
v -0.00827909 0.00332838 0.04700000
v -0.00827909 0.00554730 -0.04700000
v -0.00827909 0.00554730 0.04700000
v -0.00827909 0.00776622 -0.04700000
v -0.00827909 0.00776622 0.04700000
v -0.00827909 0.00998514 -0.04700000
v -0.00827909 0.00998514 0.04700000
v -0.00827909 0.01220405 -0.04700000
v -0.00827909 0.01220405 0.04700000
v -0.00827909 0.01442297 -0.04700000
v -0.00827909 0.01442297 0.04700000
v -0.00827909 0.01664189 -0.04700000
v -0.00827909 0.01664189 0.04700000
v -0.00827909 0.01886081 -0.04700000
v -0.00827909 0.01886081 0.04700000
v -0.00827909 0.02107973 -0.04700000
v -0.00827909 0.02107973 0.04700000
v -0.00827909 0.02329865 -0.04700000
v -0.00827909 0.02329865 0.04700000
v -0.00827909 0.02551757 -0.04700000
v -0.00827909 0.02551757 0.04700000
v -0.00827909 0.02773649 -0.04696939
v -0.00827909 0.02773649 0.04696938
v -0.00827909 0.02995541 -0.04649305
v -0.00827909 0.02995541 0.04649305
v -0.00827909 0.03210329 -0.04540532
v -0.00827909 0.03217432 -0.04536121
v -0.00827909 0.03217432 0.04536121
v -0.00827909 0.03210329 0.04540532
v -0.00827909 0.03434989 -0.04319043
v -0.00827909 0.03439324 -0.04312108
v -0.00827909 0.03439324 0.04312108
v -0.00827909 0.03434989 0.04319043
v -0.00827909 0.03548588 -0.04097553
v -0.00827909 0.03596734 -0.03876064
v -0.00827909 0.03600000 -0.03654574
v -0.00827909 0.03600000 -0.03433085
v -0.00827909 0.03600000 -0.03211596
v -0.00827909 0.03600000 -0.02990106
v -0.00827909 0.03600000 -0.02768617
v -0.00827909 0.03600000 -0.02547128
v -0.00827909 0.03600000 -0.02325638
v -0.00827909 0.03600000 -0.02104149
v -0.00827909 0.03600000 -0.01882660
v -0.00827909 0.03600000 -0.01661170
v -0.00827909 0.03600000 -0.01439681
v -0.00827909 0.03600000 -0.01218191
v -0.00827909 0.03600000 -0.00996702
v -0.00827909 0.03600000 -0.00775213
v -0.00827909 0.03600000 -0.00553723
v -0.00827909 0.03600000 -0.00332234
v -0.00827909 0.03600000 -0.00110745
v -0.00827909 0.03600000 0.00110745
v -0.00827909 0.03600000 0.00332234
v -0.00827909 0.03600000 0.00553723
v -0.00827909 0.03600000 0.00775213
v -0.00827909 0.03600000 0.00996702
v -0.00827909 0.03600000 0.01218191
v -0.00827909 0.03600000 0.01439681
v -0.00827909 0.03600000 0.01661170
v -0.00827909 0.03600000 0.01882660
v -0.00827909 0.03600000 0.02104149
v -0.00827909 0.03600000 0.02325638
v -0.00827909 0.03600000 0.02547128
v -0.00827909 0.03600000 0.02768617
v -0.00827909 0.03600000 0.02990106
v -0.00827909 0.03600000 0.03211596
v -0.00827909 0.03600000 0.03433085
v -0.00827909 0.03600000 0.03654574
v -0.00827909 0.03596734 0.03876064
v -0.00827909 0.03548588 0.04097553
v -0.00591364 -0.03548588 -0.04097553
v -0.00591364 -0.03439324 -0.04312108
v -0.00591364 -0.03596734 -0.03876064
v -0.00591364 -0.03600000 -0.03654574
v -0.00591364 -0.03600000 -0.03433085
v -0.00591364 -0.03600000 -0.03211596
v -0.00591364 -0.03600000 -0.02990106
v -0.00591364 -0.03600000 -0.02768617
v -0.00591364 -0.03600000 -0.02547128
v -0.00591364 -0.03600000 -0.02325638
v -0.00591364 -0.03600000 -0.02104149
v -0.00591364 -0.03600000 -0.01882660
v -0.00591364 -0.03600000 -0.01661170
v -0.00591364 -0.03600000 -0.01439681
v -0.00591364 -0.03600000 -0.01218191
v -0.00591364 -0.03600000 -0.00996702
v -0.00591364 -0.03600000 -0.00775213
v -0.00591364 -0.03600000 -0.00553723
v -0.00591364 -0.03600000 -0.00332234
v -0.00591364 -0.03600000 -0.00110745
v -0.00591364 -0.03600000 0.00110745
v -0.00591364 -0.03600000 0.00332234
v -0.00591364 -0.03600000 0.00553723
v -0.00591364 -0.03600000 0.00775213
v -0.00591364 -0.03600000 0.00996702
v -0.00591364 -0.03600000 0.01218191
v -0.00591364 -0.03600000 0.01439681
v -0.00591364 -0.03600000 0.01661170
v -0.00591364 -0.03600000 0.01882660
v -0.00591364 -0.03600000 0.02104149
v -0.00591364 -0.03600000 0.02325638
v -0.00591364 -0.03600000 0.02547128
v -0.00591364 -0.03600000 0.02768617
v -0.00591364 -0.03600000 0.02990106
v -0.00591364 -0.03600000 0.03211596
v -0.00591364 -0.03600000 0.03433085
v -0.00591364 -0.03600000 0.03654574
v -0.00591364 -0.03596734 0.03876064
v -0.00591364 -0.03548588 0.04097553
v -0.00591364 -0.03439324 0.04312108
v -0.00591364 -0.03434988 -0.04319043
v -0.00591364 -0.03217432 -0.04536121
v -0.00591364 -0.03434988 0.04319043
v -0.00591364 -0.03217432 0.04536121
v -0.00591364 -0.03210329 -0.04540532
v -0.00591364 -0.02995541 -0.04649305
v -0.00591364 -0.03210329 0.04540532
v -0.00591364 -0.02995541 0.04649305
v -0.00591364 -0.02773649 -0.04696939
v -0.00591364 -0.02773649 0.04696938
v -0.00591364 -0.02551757 -0.04700000
v -0.00591364 -0.02551757 0.04700000
v -0.00591364 -0.02329865 -0.04700000
v -0.00591364 -0.02329865 0.04700000
v -0.00591364 -0.02107973 -0.04700000
v -0.00591364 -0.02107973 0.04700000
v -0.00591364 -0.01886081 -0.04700000
v -0.00591364 -0.01886081 0.04700000
v -0.00591364 -0.01664189 -0.04700000
v -0.00591364 -0.01664189 0.04700000
v -0.00591364 -0.01442297 -0.04700000
v -0.00591364 -0.01442297 0.04700000
v -0.00591364 -0.01220405 -0.04700000
v -0.00591364 -0.01220405 0.04700000
v -0.00591364 -0.00998514 -0.04700000
v -0.00591364 -0.00998514 0.04700000
v -0.00591364 -0.00776622 -0.04700000
v -0.00591364 -0.00776622 0.04700000
v -0.00591364 -0.00554730 -0.04700000
v -0.00591364 -0.00554730 0.04700000
v -0.00591364 -0.00332838 -0.04700000
v -0.00591364 -0.00332838 0.04700000
v -0.00591364 -0.00110946 -0.04700000
v -0.00591364 -0.00110946 0.04700000
v -0.00591364 0.00110946 -0.04700000
v -0.00591364 0.00110946 0.04700000
v -0.00591364 0.00332838 -0.04700000
v -0.00591364 0.00332838 0.04700000
v -0.00591364 0.00554730 -0.04700000
v -0.00591364 0.00554730 0.04700000
v -0.00591364 0.00776622 -0.04700000
v -0.00591364 0.00776622 0.04700000
v -0.00591364 0.00998514 -0.04700000
v -0.00591364 0.00998514 0.04700000
v -0.00591364 0.01220405 -0.04700000
v -0.00591364 0.01220405 0.04700000
v -0.00591364 0.01442297 -0.04700000
v -0.00591364 0.01442297 0.04700000
v -0.00591364 0.01664189 -0.04700000
v -0.00591364 0.01664189 0.04700000
v -0.00591364 0.01886081 -0.04700000
v -0.00591364 0.01886081 0.04700000
v -0.00591364 0.02107973 -0.04700000
v -0.00591364 0.02107973 0.04700000
v -0.00591364 0.02329865 -0.04700000
v -0.00591364 0.02329865 0.04700000
v -0.00591364 0.02551757 -0.04700000
v -0.00591364 0.02551757 0.04700000
v -0.00591364 0.02773649 -0.04696939
v -0.00591364 0.02773649 0.04696938
v -0.00591364 0.02995541 -0.04649305
v -0.00591364 0.02995541 0.04649305
v -0.00591364 0.03210329 -0.04540532
v -0.00591364 0.03217432 -0.04536121
v -0.00591364 0.03217432 0.04536121
v -0.00591364 0.03210329 0.04540532
v -0.00591364 0.03434989 -0.04319043
v -0.00591364 0.03439324 -0.04312108
v -0.00591364 0.03439324 0.04312108
v -0.00591364 0.03434989 0.04319043
v -0.00591364 0.03548588 -0.04097553
v -0.00591364 0.03596734 -0.03876064
v -0.00591364 0.03600000 -0.03654574
v -0.00591364 0.03600000 -0.03433085
v -0.00591364 0.03600000 -0.03211596
v -0.00591364 0.03600000 -0.02990106
v -0.00591364 0.03600000 -0.02768617
v -0.00591364 0.03600000 -0.02547128
v -0.00591364 0.03600000 -0.02325638
v -0.00591364 0.03600000 -0.02104149
v -0.00591364 0.03600000 -0.01882660
v -0.00591364 0.03600000 -0.01661170
v -0.00591364 0.03600000 -0.01439681
v -0.00591364 0.03600000 -0.01218191
v -0.00591364 0.03600000 -0.00996702
v -0.00591364 0.03600000 -0.00775213
v -0.00591364 0.03600000 -0.00553723
v -0.00591364 0.03600000 -0.00332234
v -0.00591364 0.03600000 -0.00110745
v -0.00591364 0.03600000 0.00110745
v -0.00591364 0.03600000 0.00332234
v -0.00591364 0.03600000 0.00553723
v -0.00591364 0.03600000 0.00775213
v -0.00591364 0.03600000 0.00996702
v -0.00591364 0.03600000 0.01218191
v -0.00591364 0.03600000 0.01439681
v -0.00591364 0.03600000 0.01661170
v -0.00591364 0.03600000 0.01882660
v -0.00591364 0.03600000 0.02104149
v -0.00591364 0.03600000 0.02325638
v -0.00591364 0.03600000 0.02547128
v -0.00591364 0.03600000 0.02768617
v -0.00591364 0.03600000 0.02990106
v -0.00591364 0.03600000 0.03211596
v -0.00591364 0.03600000 0.03433085
v -0.00591364 0.03600000 0.03654574
v -0.00591364 0.03596734 0.03876064
v -0.00591364 0.03548588 0.04097553
v -0.00354818 -0.03548588 -0.04097553
v -0.00354818 -0.03439324 -0.04312108
v -0.00354818 -0.03596734 -0.03876064
v -0.00354818 -0.03600000 -0.03654574
v -0.00354818 -0.03600000 -0.03433085
v -0.00354818 -0.03600000 -0.03211596
v -0.00354818 -0.03600000 -0.02990106
v -0.00354818 -0.03600000 -0.02768617
v -0.00354818 -0.03600000 -0.02547128
v -0.00354818 -0.03600000 -0.02325638
v -0.00354818 -0.03600000 -0.02104149
v -0.00354818 -0.03600000 -0.01882660
v -0.00354818 -0.03600000 -0.01661170
v -0.00354818 -0.03600000 -0.01439681
v -0.00354818 -0.03600000 -0.01218191
v -0.00354818 -0.03600000 -0.00996702
v -0.00354818 -0.03600000 -0.00775213
v -0.00354818 -0.03600000 -0.00553723
v -0.00354818 -0.03600000 -0.00332234
v -0.00354818 -0.03600000 -0.00110745
v -0.00354818 -0.03600000 0.00110745
v -0.00354818 -0.03600000 0.00332234
v -0.00354818 -0.03600000 0.00553723
v -0.00354818 -0.03600000 0.00775213
v -0.00354818 -0.03600000 0.00996702
v -0.00354818 -0.03600000 0.01218191
v -0.00354818 -0.03600000 0.01439681
v -0.00354818 -0.03600000 0.01661170
v -0.00354818 -0.03600000 0.01882660
v -0.00354818 -0.03600000 0.02104149
v -0.00354818 -0.03600000 0.02325638
v -0.00354818 -0.03600000 0.02547128
v -0.00354818 -0.03600000 0.02768617
v -0.00354818 -0.03600000 0.02990106
v -0.00354818 -0.03600000 0.03211596
v -0.00354818 -0.03600000 0.03433085
v -0.00354818 -0.03600000 0.03654574
v -0.00354818 -0.03596734 0.03876064
v -0.00354818 -0.03548588 0.04097553
v -0.00354818 -0.03439324 0.04312108
v -0.00354818 -0.03434988 -0.04319043
v -0.00354818 -0.03217432 -0.04536121
v -0.00354818 -0.03434988 0.04319043
v -0.00354818 -0.03217432 0.04536121
v -0.00354818 -0.03210329 -0.04540532
v -0.00354818 -0.02995541 -0.04649305
v -0.00354818 -0.03210329 0.04540532
v -0.00354818 -0.02995541 0.04649305
v -0.00354818 -0.02773649 -0.04696939
v -0.00354818 -0.02773649 0.04696938
v -0.00354818 -0.02551757 -0.04700000
v -0.00354818 -0.02551757 0.04700000
v -0.00354818 -0.02329865 -0.04700000
v -0.00354818 -0.02329865 0.04700000
v -0.00354818 -0.02107973 -0.04700000
v -0.00354818 -0.02107973 0.04700000
v -0.00354818 -0.01886081 -0.04700000
v -0.00354818 -0.01886081 0.04700000
v -0.00354818 -0.01664189 -0.04700000
v -0.00354818 -0.01664189 0.04700000
v -0.00354818 -0.01442297 -0.04700000
v -0.00354818 -0.01442297 0.04700000
v -0.00354818 -0.01220405 -0.04700000
v -0.00354818 -0.01220405 0.04700000
v -0.00354818 -0.00998514 -0.04700000
v -0.00354818 -0.00998514 0.04700000
v -0.00354818 -0.00776622 -0.04700000
v -0.00354818 -0.00776622 0.04700000
v -0.00354818 -0.00554730 -0.04700000
v -0.00354818 -0.00554730 0.04700000
v -0.00354818 -0.00332838 -0.04700000
v -0.00354818 -0.00332838 0.04700000
v -0.00354818 -0.00110946 -0.04700000
v -0.00354818 -0.00110946 0.04700000
v -0.00354818 0.00110946 -0.04700000
v -0.00354818 0.00110946 0.04700000
v -0.00354818 0.00332838 -0.04700000
v -0.00354818 0.00332838 0.04700000
v -0.00354818 0.00554730 -0.04700000
v -0.00354818 0.00554730 0.04700000
v -0.00354818 0.00776622 -0.04700000
v -0.00354818 0.00776622 0.04700000
v -0.00354818 0.00998514 -0.04700000
v -0.00354818 0.00998514 0.04700000
v -0.00354818 0.01220405 -0.04700000
v -0.00354818 0.01220405 0.04700000
v -0.00354818 0.01442297 -0.04700000
v -0.00354818 0.01442297 0.04700000
v -0.00354818 0.01664189 -0.04700000
v -0.00354818 0.01664189 0.04700000
v -0.00354818 0.01886081 -0.04700000
v -0.00354818 0.01886081 0.04700000
v -0.00354818 0.02107973 -0.04700000
v -0.00354818 0.02107973 0.04700000
v -0.00354818 0.02329865 -0.04700000
v -0.00354818 0.02329865 0.04700000
v -0.00354818 0.02551757 -0.04700000
v -0.00354818 0.02551757 0.04700000
v -0.00354818 0.02773649 -0.04696939
v -0.00354818 0.02773649 0.04696938
v -0.00354818 0.02995541 -0.04649305
v -0.00354818 0.02995541 0.04649305
v -0.00354818 0.03210329 -0.04540532
v -0.00354818 0.03217432 -0.04536121
v -0.00354818 0.03217432 0.04536121
v -0.00354818 0.03210329 0.04540532
v -0.00354818 0.03434989 -0.04319043
v -0.00354818 0.03439324 -0.04312108
v -0.00354818 0.03439324 0.04312108
v -0.00354818 0.03434989 0.04319043
v -0.00354818 0.03548588 -0.04097553
v -0.00354818 0.03596734 -0.03876064
v -0.00354818 0.03600000 -0.03654574
v -0.00354818 0.03600000 -0.03433085
v -0.00354818 0.03600000 -0.03211596
v -0.00354818 0.03600000 -0.02990106
v -0.00354818 0.03600000 -0.02768617
v -0.00354818 0.03600000 -0.02547128
v -0.00354818 0.03600000 -0.02325638
v -0.00354818 0.03600000 -0.02104149
v -0.00354818 0.03600000 -0.01882660
v -0.00354818 0.03600000 -0.01661170
v -0.00354818 0.03600000 -0.01439681
v -0.00354818 0.03600000 -0.01218191
v -0.00354818 0.03600000 -0.00996702
v -0.00354818 0.03600000 -0.00775213
v -0.00354818 0.03600000 -0.00553723
v -0.00354818 0.03600000 -0.00332234
v -0.00354818 0.03600000 -0.00110745
v -0.00354818 0.03600000 0.00110745
v -0.00354818 0.03600000 0.00332234
v -0.00354818 0.03600000 0.00553723
v -0.00354818 0.03600000 0.00775213
v -0.00354818 0.03600000 0.00996702
v -0.00354818 0.03600000 0.01218191
v -0.00354818 0.03600000 0.01439681
v -0.00354818 0.03600000 0.01661170
v -0.00354818 0.03600000 0.01882660
v -0.00354818 0.03600000 0.02104149
v -0.00354818 0.03600000 0.02325638
v -0.00354818 0.03600000 0.02547128
v -0.00354818 0.03600000 0.02768617
v -0.00354818 0.03600000 0.02990106
v -0.00354818 0.03600000 0.03211596
v -0.00354818 0.03600000 0.03433085
v -0.00354818 0.03600000 0.03654574
v -0.00354818 0.03596734 0.03876064
v -0.00354818 0.03548588 0.04097553
v -0.00118273 -0.03548588 -0.04097553
v -0.00118273 -0.03439324 -0.04312108
v -0.00118273 -0.03596734 -0.03876064
v -0.00118273 -0.03600000 -0.03654574
v -0.00118273 -0.03600000 -0.03433085
v -0.00118273 -0.03600000 -0.03211596
v -0.00118273 -0.03600000 -0.02990106
v -0.00118273 -0.03600000 -0.02768617
v -0.00118273 -0.03600000 -0.02547128
v -0.00118273 -0.03600000 -0.02325638
v -0.00118273 -0.03600000 -0.02104149
v -0.00118273 -0.03600000 -0.01882660
v -0.00118273 -0.03600000 -0.01661170
v -0.00118273 -0.03600000 -0.01439681
v -0.00118273 -0.03600000 -0.01218191
v -0.00118273 -0.03600000 -0.00996702
v -0.00118273 -0.03600000 -0.00775213
v -0.00118273 -0.03600000 -0.00553723
v -0.00118273 -0.03600000 -0.00332234
v -0.00118273 -0.03600000 -0.00110745
v -0.00118273 -0.03600000 0.00110745
v -0.00118273 -0.03600000 0.00332234
v -0.00118273 -0.03600000 0.00553723
v -0.00118273 -0.03600000 0.00775213
v -0.00118273 -0.03600000 0.00996702
v -0.00118273 -0.03600000 0.01218191
v -0.00118273 -0.03600000 0.01439681
v -0.00118273 -0.03600000 0.01661170
v -0.00118273 -0.03600000 0.01882660
v -0.00118273 -0.03600000 0.02104149
v -0.00118273 -0.03600000 0.02325638
v -0.00118273 -0.03600000 0.02547128
v -0.00118273 -0.03600000 0.02768617
v -0.00118273 -0.03600000 0.02990106
v -0.00118273 -0.03600000 0.03211596
v -0.00118273 -0.03600000 0.03433085
v -0.00118273 -0.03600000 0.03654574
v -0.00118273 -0.03596734 0.03876064
v -0.00118273 -0.03548588 0.04097553
v -0.00118273 -0.03439324 0.04312108
v -0.00118273 -0.03434988 -0.04319043
v -0.00118273 -0.03217432 -0.04536121
v -0.00118273 -0.03434988 0.04319043
v -0.00118273 -0.03217432 0.04536121
v -0.00118273 -0.03210329 -0.04540532
v -0.00118273 -0.02995541 -0.04649305
v -0.00118273 -0.03210329 0.04540532
v -0.00118273 -0.02995541 0.04649305
v -0.00118273 -0.02773649 -0.04696939
v -0.00118273 -0.02773649 0.04696938
v -0.00118273 -0.02551757 -0.04700000
v -0.00118273 -0.02551757 0.04700000
v -0.00118273 -0.02329865 -0.04700000
v -0.00118273 -0.02329865 0.04700000
v -0.00118273 -0.02107973 -0.04700000
v -0.00118273 -0.02107973 0.04700000
v -0.00118273 -0.01886081 -0.04700000
v -0.00118273 -0.01886081 0.04700000
v -0.00118273 -0.01664189 -0.04700000
v -0.00118273 -0.01664189 0.04700000
v -0.00118273 -0.01442297 -0.04700000
v -0.00118273 -0.01442297 0.04700000
v -0.00118273 -0.01220405 -0.04700000
v -0.00118273 -0.01220405 0.04700000
v -0.00118273 -0.00998514 -0.04700000
v -0.00118273 -0.00998514 0.04700000
v -0.00118273 -0.00776622 -0.04700000
v -0.00118273 -0.00776622 0.04700000
v -0.00118273 -0.00554730 -0.04700000
v -0.00118273 -0.00554730 0.04700000
v -0.00118273 -0.00332838 -0.04700000
v -0.00118273 -0.00332838 0.04700000
v -0.00118273 -0.00110946 -0.04700000
v -0.00118273 -0.00110946 0.04700000
v -0.00118273 0.00110946 -0.04700000
v -0.00118273 0.00110946 0.04700000
v -0.00118273 0.00332838 -0.04700000
v -0.00118273 0.00332838 0.04700000
v -0.00118273 0.00554730 -0.04700000
v -0.00118273 0.00554730 0.04700000
v -0.00118273 0.00776622 -0.04700000
v -0.00118273 0.00776622 0.04700000
v -0.00118273 0.00998514 -0.04700000
v -0.00118273 0.00998514 0.04700000
v -0.00118273 0.01220405 -0.04700000
v -0.00118273 0.01220405 0.04700000
v -0.00118273 0.01442297 -0.04700000
v -0.00118273 0.01442297 0.04700000
v -0.00118273 0.01664189 -0.04700000
v -0.00118273 0.01664189 0.04700000
v -0.00118273 0.01886081 -0.04700000
v -0.00118273 0.01886081 0.04700000
v -0.00118273 0.02107973 -0.04700000
v -0.00118273 0.02107973 0.04700000
v -0.00118273 0.02329865 -0.04700000
v -0.00118273 0.02329865 0.04700000
v -0.00118273 0.02551757 -0.04700000
v -0.00118273 0.02551757 0.04700000
v -0.00118273 0.02773649 -0.04696939
v -0.00118273 0.02773649 0.04696938
v -0.00118273 0.02995541 -0.04649305
v -0.00118273 0.02995541 0.04649305
v -0.00118273 0.03210329 -0.04540532
v -0.00118273 0.03217432 -0.04536121
v -0.00118273 0.03217432 0.04536121
v -0.00118273 0.03210329 0.04540532
v -0.00118273 0.03434989 -0.04319043
v -0.00118273 0.03439324 -0.04312108
v -0.00118273 0.03439324 0.04312108
v -0.00118273 0.03434989 0.04319043
v -0.00118273 0.03548588 -0.04097553
v -0.00118273 0.03596734 -0.03876064
v -0.00118273 0.03600000 -0.03654574
v -0.00118273 0.03600000 -0.03433085
v -0.00118273 0.03600000 -0.03211596
v -0.00118273 0.03600000 -0.02990106
v -0.00118273 0.03600000 -0.02768617
v -0.00118273 0.03600000 -0.02547128
v -0.00118273 0.03600000 -0.02325638
v -0.00118273 0.03600000 -0.02104149
v -0.00118273 0.03600000 -0.01882660
v -0.00118273 0.03600000 -0.01661170
v -0.00118273 0.03600000 -0.01439681
v -0.00118273 0.03600000 -0.01218191
v -0.00118273 0.03600000 -0.00996702
v -0.00118273 0.03600000 -0.00775213
v -0.00118273 0.03600000 -0.00553723
v -0.00118273 0.03600000 -0.00332234
v -0.00118273 0.03600000 -0.00110745
v -0.00118273 0.03600000 0.00110745
v -0.00118273 0.03600000 0.00332234
v -0.00118273 0.03600000 0.00553723
v -0.00118273 0.03600000 0.00775213
v -0.00118273 0.03600000 0.00996702
v -0.00118273 0.03600000 0.01218191
v -0.00118273 0.03600000 0.01439681
v -0.00118273 0.03600000 0.01661170
v -0.00118273 0.03600000 0.01882660
v -0.00118273 0.03600000 0.02104149
v -0.00118273 0.03600000 0.02325638
v -0.00118273 0.03600000 0.02547128
v -0.00118273 0.03600000 0.02768617
v -0.00118273 0.03600000 0.02990106
v -0.00118273 0.03600000 0.03211596
v -0.00118273 0.03600000 0.03433085
v -0.00118273 0.03600000 0.03654574
v -0.00118273 0.03596734 0.03876064
v -0.00118273 0.03548588 0.04097553
v 0.00118273 -0.03548588 -0.04097553
v 0.00118273 -0.03439324 -0.04312108
v 0.00118273 -0.03596734 -0.03876064
v 0.00118273 -0.03600000 -0.03654574
v 0.00118273 -0.03600000 -0.03433085
v 0.00118273 -0.03600000 -0.03211596
v 0.00118273 -0.03600000 -0.02990106
v 0.00118273 -0.03600000 -0.02768617
v 0.00118273 -0.03600000 -0.02547128
v 0.00118273 -0.03600000 -0.02325638
v 0.00118273 -0.03600000 -0.02104149
v 0.00118273 -0.03600000 -0.01882660
v 0.00118273 -0.03600000 -0.01661170
v 0.00118273 -0.03600000 -0.01439681
v 0.00118273 -0.03600000 -0.01218191
v 0.00118273 -0.03600000 -0.00996702
v 0.00118273 -0.03600000 -0.00775213
v 0.00118273 -0.03600000 -0.00553723
v 0.00118273 -0.03600000 -0.00332234
v 0.00118273 -0.03600000 -0.00110745
v 0.00118273 -0.03600000 0.00110745
v 0.00118273 -0.03600000 0.00332234
v 0.00118273 -0.03600000 0.00553723
v 0.00118273 -0.03600000 0.00775213
v 0.00118273 -0.03600000 0.00996702
v 0.00118273 -0.03600000 0.01218191
v 0.00118273 -0.03600000 0.01439681
v 0.00118273 -0.03600000 0.01661170
v 0.00118273 -0.03600000 0.01882660
v 0.00118273 -0.03600000 0.02104149
v 0.00118273 -0.03600000 0.02325638
v 0.00118273 -0.03600000 0.02547128
v 0.00118273 -0.03600000 0.02768617
v 0.00118273 -0.03600000 0.02990106
v 0.00118273 -0.03600000 0.03211596
v 0.00118273 -0.03600000 0.03433085
v 0.00118273 -0.03600000 0.03654574
v 0.00118273 -0.03596734 0.03876064
v 0.00118273 -0.03548588 0.04097553
v 0.00118273 -0.03439324 0.04312108
v 0.00118273 -0.03434988 -0.04319043
v 0.00118273 -0.03217432 -0.04536121
v 0.00118273 -0.03434988 0.04319043
v 0.00118273 -0.03217432 0.04536121
v 0.00118273 -0.03210329 -0.04540532
v 0.00118273 -0.02995541 -0.04649305
v 0.00118273 -0.03210329 0.04540532
v 0.00118273 -0.02995541 0.04649305
v 0.00118273 -0.02773649 -0.04696939
v 0.00118273 -0.02773649 0.04696938
v 0.00118273 -0.02551757 -0.04700000
v 0.00118273 -0.02551757 0.04700000
v 0.00118273 -0.02329865 -0.04700000
v 0.00118273 -0.02329865 0.04700000
v 0.00118273 -0.02107973 -0.04700000
v 0.00118273 -0.02107973 0.04700000
v 0.00118273 -0.01886081 -0.04700000
v 0.00118273 -0.01886081 0.04700000
v 0.00118273 -0.01664189 -0.04700000
v 0.00118273 -0.01664189 0.04700000
v 0.00118273 -0.01442297 -0.04700000
v 0.00118273 -0.01442297 0.04700000
v 0.00118273 -0.01220405 -0.04700000
v 0.00118273 -0.01220405 0.04700000
v 0.00118273 -0.00998514 -0.04700000
v 0.00118273 -0.00998514 0.04700000
v 0.00118273 -0.00776622 -0.04700000
v 0.00118273 -0.00776622 0.04700000
v 0.00118273 -0.00554730 -0.04700000
v 0.00118273 -0.00554730 0.04700000
v 0.00118273 -0.00332838 -0.04700000
v 0.00118273 -0.00332838 0.04700000
v 0.00118273 -0.00110946 -0.04700000
v 0.00118273 -0.00110946 0.04700000
v 0.00118273 0.00110946 -0.04700000
v 0.00118273 0.00110946 0.04700000
v 0.00118273 0.00332838 -0.04700000
v 0.00118273 0.00332838 0.04700000
v 0.00118273 0.00554730 -0.04700000
v 0.00118273 0.00554730 0.04700000
v 0.00118273 0.00776622 -0.04700000
v 0.00118273 0.00776622 0.04700000
v 0.00118273 0.00998514 -0.04700000
v 0.00118273 0.00998514 0.04700000
v 0.00118273 0.01220405 -0.04700000
v 0.00118273 0.01220405 0.04700000
v 0.00118273 0.01442297 -0.04700000
v 0.00118273 0.01442297 0.04700000
v 0.00118273 0.01664189 -0.04700000
v 0.00118273 0.01664189 0.04700000
v 0.00118273 0.01886081 -0.04700000
v 0.00118273 0.01886081 0.04700000
v 0.00118273 0.02107973 -0.04700000
v 0.00118273 0.02107973 0.04700000
v 0.00118273 0.02329865 -0.04700000
v 0.00118273 0.02329865 0.04700000
v 0.00118273 0.02551757 -0.04700000
v 0.00118273 0.02551757 0.04700000
v 0.00118273 0.02773649 -0.04696939
v 0.00118273 0.02773649 0.04696938
v 0.00118273 0.02995541 -0.04649305
v 0.00118273 0.02995541 0.04649305
v 0.00118273 0.03210329 -0.04540532
v 0.00118273 0.03217432 -0.04536121
v 0.00118273 0.03217432 0.04536121
v 0.00118273 0.03210329 0.04540532
v 0.00118273 0.03434989 -0.04319043
v 0.00118273 0.03439324 -0.04312108
v 0.00118273 0.03439324 0.04312108
v 0.00118273 0.03434989 0.04319043
v 0.00118273 0.03548588 -0.04097553
v 0.00118273 0.03596734 -0.03876064
v 0.00118273 0.03600000 -0.03654574
v 0.00118273 0.03600000 -0.03433085
v 0.00118273 0.03600000 -0.03211596
v 0.00118273 0.03600000 -0.02990106
v 0.00118273 0.03600000 -0.02768617
v 0.00118273 0.03600000 -0.02547128
v 0.00118273 0.03600000 -0.02325638
v 0.00118273 0.03600000 -0.02104149
v 0.00118273 0.03600000 -0.01882660
v 0.00118273 0.03600000 -0.01661170
v 0.00118273 0.03600000 -0.01439681
v 0.00118273 0.03600000 -0.01218191
v 0.00118273 0.03600000 -0.00996702
v 0.00118273 0.03600000 -0.00775213
v 0.00118273 0.03600000 -0.00553723
v 0.00118273 0.03600000 -0.00332234
v 0.00118273 0.03600000 -0.00110745
v 0.00118273 0.03600000 0.00110745
v 0.00118273 0.03600000 0.00332234
v 0.00118273 0.03600000 0.00553723
v 0.00118273 0.03600000 0.00775213
v 0.00118273 0.03600000 0.00996702
v 0.00118273 0.03600000 0.01218191
v 0.00118273 0.03600000 0.01439681
v 0.00118273 0.03600000 0.01661170
v 0.00118273 0.03600000 0.01882660
v 0.00118273 0.03600000 0.02104149
v 0.00118273 0.03600000 0.02325638
v 0.00118273 0.03600000 0.02547128
v 0.00118273 0.03600000 0.02768617
v 0.00118273 0.03600000 0.02990106
v 0.00118273 0.03600000 0.03211596
v 0.00118273 0.03600000 0.03433085
v 0.00118273 0.03600000 0.03654574
v 0.00118273 0.03596734 0.03876064
v 0.00118273 0.03548588 0.04097553
v 0.00354818 -0.03548588 -0.04097553
v 0.00354818 -0.03439324 -0.04312108
v 0.00354818 -0.03596734 -0.03876064
v 0.00354818 -0.03600000 -0.03654574
v 0.00354818 -0.03600000 -0.03433085
v 0.00354818 -0.03600000 -0.03211596
v 0.00354818 -0.03600000 -0.02990106
v 0.00354818 -0.03600000 -0.02768617
v 0.00354818 -0.03600000 -0.02547128
v 0.00354818 -0.03600000 -0.02325638
v 0.00354818 -0.03600000 -0.02104149
v 0.00354818 -0.03600000 -0.01882660
v 0.00354818 -0.03600000 -0.01661170
v 0.00354818 -0.03600000 -0.01439681
v 0.00354818 -0.03600000 -0.01218191
v 0.00354818 -0.03600000 -0.00996702
v 0.00354818 -0.03600000 -0.00775213
v 0.00354818 -0.03600000 -0.00553723
v 0.00354818 -0.03600000 -0.00332234
v 0.00354818 -0.03600000 -0.00110745
v 0.00354818 -0.03600000 0.00110745
v 0.00354818 -0.03600000 0.00332234
v 0.00354818 -0.03600000 0.00553723
v 0.00354818 -0.03600000 0.00775213
v 0.00354818 -0.03600000 0.00996702
v 0.00354818 -0.03600000 0.01218191
v 0.00354818 -0.03600000 0.01439681
v 0.00354818 -0.03600000 0.01661170
v 0.00354818 -0.03600000 0.01882660
v 0.00354818 -0.03600000 0.02104149
v 0.00354818 -0.03600000 0.02325638
v 0.00354818 -0.03600000 0.02547128
v 0.00354818 -0.03600000 0.02768617
v 0.00354818 -0.03600000 0.02990106
v 0.00354818 -0.03600000 0.03211596
v 0.00354818 -0.03600000 0.03433085
v 0.00354818 -0.03600000 0.03654574
v 0.00354818 -0.03596734 0.03876064
v 0.00354818 -0.03548588 0.04097553
v 0.00354818 -0.03439324 0.04312108
v 0.00354818 -0.03434988 -0.04319043
v 0.00354818 -0.03217432 -0.04536121
v 0.00354818 -0.03434988 0.04319043
v 0.00354818 -0.03217432 0.04536121
v 0.00354818 -0.03210329 -0.04540532
v 0.00354818 -0.02995541 -0.04649305
v 0.00354818 -0.03210329 0.04540532
v 0.00354818 -0.02995541 0.04649305
v 0.00354818 -0.02773649 -0.04696939
v 0.00354818 -0.02773649 0.04696938
v 0.00354818 -0.02551757 -0.04700000
v 0.00354818 -0.02551757 0.04700000
v 0.00354818 -0.02329865 -0.04700000
v 0.00354818 -0.02329865 0.04700000
v 0.00354818 -0.02107973 -0.04700000
v 0.00354818 -0.02107973 0.04700000
v 0.00354818 -0.01886081 -0.04700000
v 0.00354818 -0.01886081 0.04700000
v 0.00354818 -0.01664189 -0.04700000
v 0.00354818 -0.01664189 0.04700000
v 0.00354818 -0.01442297 -0.04700000
v 0.00354818 -0.01442297 0.04700000
v 0.00354818 -0.01220405 -0.04700000
v 0.00354818 -0.01220405 0.04700000
v 0.00354818 -0.00998514 -0.04700000
v 0.00354818 -0.00998514 0.04700000
v 0.00354818 -0.00776622 -0.04700000
v 0.00354818 -0.00776622 0.04700000
v 0.00354818 -0.00554730 -0.04700000
v 0.00354818 -0.00554730 0.04700000
v 0.00354818 -0.00332838 -0.04700000
v 0.00354818 -0.00332838 0.04700000
v 0.00354818 -0.00110946 -0.04700000
v 0.00354818 -0.00110946 0.04700000
v 0.00354818 0.00110946 -0.04700000
v 0.00354818 0.00110946 0.04700000
v 0.00354818 0.00332838 -0.04700000
v 0.00354818 0.00332838 0.04700000
v 0.00354818 0.00554730 -0.04700000
v 0.00354818 0.00554730 0.04700000
v 0.00354818 0.00776622 -0.04700000
v 0.00354818 0.00776622 0.04700000
v 0.00354818 0.00998514 -0.04700000
v 0.00354818 0.00998514 0.04700000
v 0.00354818 0.01220405 -0.04700000
v 0.00354818 0.01220405 0.04700000
v 0.00354818 0.01442297 -0.04700000
v 0.00354818 0.01442297 0.04700000
v 0.00354818 0.01664189 -0.04700000
v 0.00354818 0.01664189 0.04700000
v 0.00354818 0.01886081 -0.04700000
v 0.00354818 0.01886081 0.04700000
v 0.00354818 0.02107973 -0.04700000
v 0.00354818 0.02107973 0.04700000
v 0.00354818 0.02329865 -0.04700000
v 0.00354818 0.02329865 0.04700000
v 0.00354818 0.02551757 -0.04700000
v 0.00354818 0.02551757 0.04700000
v 0.00354818 0.02773649 -0.04696939
v 0.00354818 0.02773649 0.04696938
v 0.00354818 0.02995541 -0.04649305
v 0.00354818 0.02995541 0.04649305
v 0.00354818 0.03210329 -0.04540532
v 0.00354818 0.03217432 -0.04536121
v 0.00354818 0.03217432 0.04536121
v 0.00354818 0.03210329 0.04540532
v 0.00354818 0.03434989 -0.04319043
v 0.00354818 0.03439324 -0.04312108
v 0.00354818 0.03439324 0.04312108
v 0.00354818 0.03434989 0.04319043
v 0.00354818 0.03548588 -0.04097553
v 0.00354818 0.03596734 -0.03876064
v 0.00354818 0.03600000 -0.03654574
v 0.00354818 0.03600000 -0.03433085
v 0.00354818 0.03600000 -0.03211596
v 0.00354818 0.03600000 -0.02990106
v 0.00354818 0.03600000 -0.02768617
v 0.00354818 0.03600000 -0.02547128
v 0.00354818 0.03600000 -0.02325638
v 0.00354818 0.03600000 -0.02104149
v 0.00354818 0.03600000 -0.01882660
v 0.00354818 0.03600000 -0.01661170
v 0.00354818 0.03600000 -0.01439681
v 0.00354818 0.03600000 -0.01218191
v 0.00354818 0.03600000 -0.00996702
v 0.00354818 0.03600000 -0.00775213
v 0.00354818 0.03600000 -0.00553723
v 0.00354818 0.03600000 -0.00332234
v 0.00354818 0.03600000 -0.00110745
v 0.00354818 0.03600000 0.00110745
v 0.00354818 0.03600000 0.00332234
v 0.00354818 0.03600000 0.00553723
v 0.00354818 0.03600000 0.00775213
v 0.00354818 0.03600000 0.00996702
v 0.00354818 0.03600000 0.01218191
v 0.00354818 0.03600000 0.01439681
v 0.00354818 0.03600000 0.01661170
v 0.00354818 0.03600000 0.01882660
v 0.00354818 0.03600000 0.02104149
v 0.00354818 0.03600000 0.02325638
v 0.00354818 0.03600000 0.02547128
v 0.00354818 0.03600000 0.02768617
v 0.00354818 0.03600000 0.02990106
v 0.00354818 0.03600000 0.03211596
v 0.00354818 0.03600000 0.03433085
v 0.00354818 0.03600000 0.03654574
v 0.00354818 0.03596734 0.03876064
v 0.00354818 0.03548588 0.04097553
v 0.00591364 -0.03548588 -0.04097553
v 0.00591364 -0.03439324 -0.04312108
v 0.00591364 -0.03596734 -0.03876064
v 0.00591364 -0.03600000 -0.03654574
v 0.00591364 -0.03600000 -0.03433085
v 0.00591364 -0.03600000 -0.03211596
v 0.00591364 -0.03600000 -0.02990106
v 0.00591364 -0.03600000 -0.02768617
v 0.00591364 -0.03600000 -0.02547128
v 0.00591364 -0.03600000 -0.02325638
v 0.00591364 -0.03600000 -0.02104149
v 0.00591364 -0.03600000 -0.01882660
v 0.00591364 -0.03600000 -0.01661170
v 0.00591364 -0.03600000 -0.01439681
v 0.00591364 -0.03600000 -0.01218191
v 0.00591364 -0.03600000 -0.00996702
v 0.00591364 -0.03600000 -0.00775213
v 0.00591364 -0.03600000 -0.00553723
v 0.00591364 -0.03600000 -0.00332234
v 0.00591364 -0.03600000 -0.00110745
v 0.00591364 -0.03600000 0.00110745
v 0.00591364 -0.03600000 0.00332234
v 0.00591364 -0.03600000 0.00553723
v 0.00591364 -0.03600000 0.00775213
v 0.00591364 -0.03600000 0.00996702
v 0.00591364 -0.03600000 0.01218191
v 0.00591364 -0.03600000 0.01439681
v 0.00591364 -0.03600000 0.01661170
v 0.00591364 -0.03600000 0.01882660
v 0.00591364 -0.03600000 0.02104149
v 0.00591364 -0.03600000 0.02325638
v 0.00591364 -0.03600000 0.02547128
v 0.00591364 -0.03600000 0.02768617
v 0.00591364 -0.03600000 0.02990106
v 0.00591364 -0.03600000 0.03211596
v 0.00591364 -0.03600000 0.03433085
v 0.00591364 -0.03600000 0.03654574
v 0.00591364 -0.03596734 0.03876064
v 0.00591364 -0.03548588 0.04097553
v 0.00591364 -0.03439324 0.04312108
v 0.00591364 -0.03434988 -0.04319043
v 0.00591364 -0.03217432 -0.04536121
v 0.00591364 -0.03434988 0.04319043
v 0.00591364 -0.03217432 0.04536121
v 0.00591364 -0.03210329 -0.04540532
v 0.00591364 -0.02995541 -0.04649305
v 0.00591364 -0.03210329 0.04540532
v 0.00591364 -0.02995541 0.04649305
v 0.00591364 -0.02773649 -0.04696939
v 0.00591364 -0.02773649 0.04696938
v 0.00591364 -0.02551757 -0.04700000
v 0.00591364 -0.02551757 0.04700000
v 0.00591364 -0.02329865 -0.04700000
v 0.00591364 -0.02329865 0.04700000
v 0.00591364 -0.02107973 -0.04700000
v 0.00591364 -0.02107973 0.04700000
v 0.00591364 -0.01886081 -0.04700000
v 0.00591364 -0.01886081 0.04700000
v 0.00591364 -0.01664189 -0.04700000
v 0.00591364 -0.01664189 0.04700000
v 0.00591364 -0.01442297 -0.04700000
v 0.00591364 -0.01442297 0.04700000
v 0.00591364 -0.01220405 -0.04700000
v 0.00591364 -0.01220405 0.04700000
v 0.00591364 -0.00998514 -0.04700000
v 0.00591364 -0.00998514 0.04700000
v 0.00591364 -0.00776622 -0.04700000
v 0.00591364 -0.00776622 0.04700000
v 0.00591364 -0.00554730 -0.04700000
v 0.00591364 -0.00554730 0.04700000
v 0.00591364 -0.00332838 -0.04700000
v 0.00591364 -0.00332838 0.04700000
v 0.00591364 -0.00110946 -0.04700000
v 0.00591364 -0.00110946 0.04700000
v 0.00591364 0.00110946 -0.04700000
v 0.00591364 0.00110946 0.04700000
v 0.00591364 0.00332838 -0.04700000
v 0.00591364 0.00332838 0.04700000
v 0.00591364 0.00554730 -0.04700000
v 0.00591364 0.00554730 0.04700000
v 0.00591364 0.00776622 -0.04700000
v 0.00591364 0.00776622 0.04700000
v 0.00591364 0.00998514 -0.04700000
v 0.00591364 0.00998514 0.04700000
v 0.00591364 0.01220405 -0.04700000
v 0.00591364 0.01220405 0.04700000
v 0.00591364 0.01442297 -0.04700000
v 0.00591364 0.01442297 0.04700000
v 0.00591364 0.01664189 -0.04700000
v 0.00591364 0.01664189 0.04700000
v 0.00591364 0.01886081 -0.04700000
v 0.00591364 0.01886081 0.04700000
v 0.00591364 0.02107973 -0.04700000
v 0.00591364 0.02107973 0.04700000
v 0.00591364 0.02329865 -0.04700000
v 0.00591364 0.02329865 0.04700000
v 0.00591364 0.02551757 -0.04700000
v 0.00591364 0.02551757 0.04700000
v 0.00591364 0.02773649 -0.04696939
v 0.00591364 0.02773649 0.04696938
v 0.00591364 0.02995541 -0.04649305
v 0.00591364 0.02995541 0.04649305
v 0.00591364 0.03210329 -0.04540532
v 0.00591364 0.03217432 -0.04536121
v 0.00591364 0.03217432 0.04536121
v 0.00591364 0.03210329 0.04540532
v 0.00591364 0.03434989 -0.04319043
v 0.00591364 0.03439324 -0.04312108
v 0.00591364 0.03439324 0.04312108
v 0.00591364 0.03434989 0.04319043
v 0.00591364 0.03548588 -0.04097553
v 0.00591364 0.03596734 -0.03876064
v 0.00591364 0.03600000 -0.03654574
v 0.00591364 0.03600000 -0.03433085
v 0.00591364 0.03600000 -0.03211596
v 0.00591364 0.03600000 -0.02990106
v 0.00591364 0.03600000 -0.02768617
v 0.00591364 0.03600000 -0.02547128
v 0.00591364 0.03600000 -0.02325638
v 0.00591364 0.03600000 -0.02104149
v 0.00591364 0.03600000 -0.01882660
v 0.00591364 0.03600000 -0.01661170
v 0.00591364 0.03600000 -0.01439681
v 0.00591364 0.03600000 -0.01218191
v 0.00591364 0.03600000 -0.00996702
v 0.00591364 0.03600000 -0.00775213
v 0.00591364 0.03600000 -0.00553723
v 0.00591364 0.03600000 -0.00332234
v 0.00591364 0.03600000 -0.00110745
v 0.00591364 0.03600000 0.00110745
v 0.00591364 0.03600000 0.00332234
v 0.00591364 0.03600000 0.00553723
v 0.00591364 0.03600000 0.00775213
v 0.00591364 0.03600000 0.00996702
v 0.00591364 0.03600000 0.01218191
v 0.00591364 0.03600000 0.01439681
v 0.00591364 0.03600000 0.01661170
v 0.00591364 0.03600000 0.01882660
v 0.00591364 0.03600000 0.02104149
v 0.00591364 0.03600000 0.02325638
v 0.00591364 0.03600000 0.02547128
v 0.00591364 0.03600000 0.02768617
v 0.00591364 0.03600000 0.02990106
v 0.00591364 0.03600000 0.03211596
v 0.00591364 0.03600000 0.03433085
v 0.00591364 0.03600000 0.03654574
v 0.00591364 0.03596734 0.03876064
v 0.00591364 0.03548588 0.04097553
v 0.00827909 -0.03548588 -0.04097553
v 0.00827909 -0.03439324 -0.04312108
v 0.00827909 -0.03596734 -0.03876064
v 0.00827909 -0.03600000 -0.03654574
v 0.00827909 -0.03600000 -0.03433085
v 0.00827909 -0.03600000 -0.03211596
v 0.00827909 -0.03600000 -0.02990106
v 0.00827909 -0.03600000 -0.02768617
v 0.00827909 -0.03600000 -0.02547128
v 0.00827909 -0.03600000 -0.02325638
v 0.00827909 -0.03600000 -0.02104149
v 0.00827909 -0.03600000 -0.01882660
v 0.00827909 -0.03600000 -0.01661170
v 0.00827909 -0.03600000 -0.01439681
v 0.00827909 -0.03600000 -0.01218191
v 0.00827909 -0.03600000 -0.00996702
v 0.00827909 -0.03600000 -0.00775213
v 0.00827909 -0.03600000 -0.00553723
v 0.00827909 -0.03600000 -0.00332234
v 0.00827909 -0.03600000 -0.00110745
v 0.00827909 -0.03600000 0.00110745
v 0.00827909 -0.03600000 0.00332234
v 0.00827909 -0.03600000 0.00553723
v 0.00827909 -0.03600000 0.00775213
v 0.00827909 -0.03600000 0.00996702
v 0.00827909 -0.03600000 0.01218191
v 0.00827909 -0.03600000 0.01439681
v 0.00827909 -0.03600000 0.01661170
v 0.00827909 -0.03600000 0.01882660
v 0.00827909 -0.03600000 0.02104149
v 0.00827909 -0.03600000 0.02325638
v 0.00827909 -0.03600000 0.02547128
v 0.00827909 -0.03600000 0.02768617
v 0.00827909 -0.03600000 0.02990106
v 0.00827909 -0.03600000 0.03211596
v 0.00827909 -0.03600000 0.03433085
v 0.00827909 -0.03600000 0.03654574
v 0.00827909 -0.03596734 0.03876064
v 0.00827909 -0.03548588 0.04097553
v 0.00827909 -0.03439324 0.04312108
v 0.00827909 -0.03434988 -0.04319043
v 0.00827909 -0.03217432 -0.04536121
v 0.00827909 -0.03434988 0.04319043
v 0.00827909 -0.03217432 0.04536121
v 0.00827909 -0.03210329 -0.04540532
v 0.00827909 -0.02995541 -0.04649305
v 0.00827909 -0.03210329 0.04540532
v 0.00827909 -0.02995541 0.04649305
v 0.00827909 -0.02773649 -0.04696939
v 0.00827909 -0.02773649 0.04696938
v 0.00827909 -0.02551757 -0.04700000
v 0.00827909 -0.02551757 0.04700000
v 0.00827909 -0.02329865 -0.04700000
v 0.00827909 -0.02329865 0.04700000
v 0.00827909 -0.02107973 -0.04700000
v 0.00827909 -0.02107973 0.04700000
v 0.00827909 -0.01886081 -0.04700000
v 0.00827909 -0.01886081 0.04700000
v 0.00827909 -0.01664189 -0.04700000
v 0.00827909 -0.01664189 0.04700000
v 0.00827909 -0.01442297 -0.04700000
v 0.00827909 -0.01442297 0.04700000
v 0.00827909 -0.01220405 -0.04700000
v 0.00827909 -0.01220405 0.04700000
v 0.00827909 -0.00998514 -0.04700000
v 0.00827909 -0.00998514 0.04700000
v 0.00827909 -0.00776622 -0.04700000
v 0.00827909 -0.00776622 0.04700000
v 0.00827909 -0.00554730 -0.04700000
v 0.00827909 -0.00554730 0.04700000
v 0.00827909 -0.00332838 -0.04700000
v 0.00827909 -0.00332838 0.04700000
v 0.00827909 -0.00110946 -0.04700000
v 0.00827909 -0.00110946 0.04700000
v 0.00827909 0.00110946 -0.04700000
v 0.00827909 0.00110946 0.04700000
v 0.00827909 0.00332838 -0.04700000
v 0.00827909 0.00332838 0.04700000
v 0.00827909 0.00554730 -0.04700000
v 0.00827909 0.00554730 0.04700000
v 0.00827909 0.00776622 -0.04700000
v 0.00827909 0.00776622 0.04700000
v 0.00827909 0.00998514 -0.04700000
v 0.00827909 0.00998514 0.04700000
v 0.00827909 0.01220405 -0.04700000
v 0.00827909 0.01220405 0.04700000
v 0.00827909 0.01442297 -0.04700000
v 0.00827909 0.01442297 0.04700000
v 0.00827909 0.01664189 -0.04700000
v 0.00827909 0.01664189 0.04700000
v 0.00827909 0.01886081 -0.04700000
v 0.00827909 0.01886081 0.04700000
v 0.00827909 0.02107973 -0.04700000
v 0.00827909 0.02107973 0.04700000
v 0.00827909 0.02329865 -0.04700000
v 0.00827909 0.02329865 0.04700000
v 0.00827909 0.02551757 -0.04700000
v 0.00827909 0.02551757 0.04700000
v 0.00827909 0.02773649 -0.04696939
v 0.00827909 0.02773649 0.04696938
v 0.00827909 0.02995541 -0.04649305
v 0.00827909 0.02995541 0.04649305
v 0.00827909 0.03210329 -0.04540532
v 0.00827909 0.03217432 -0.04536121
v 0.00827909 0.03217432 0.04536121
v 0.00827909 0.03210329 0.04540532
v 0.00827909 0.03434989 -0.04319043
v 0.00827909 0.03439324 -0.04312108
v 0.00827909 0.03439324 0.04312108
v 0.00827909 0.03434989 0.04319043
v 0.00827909 0.03548588 -0.04097553
v 0.00827909 0.03596734 -0.03876064
v 0.00827909 0.03600000 -0.03654574
v 0.00827909 0.03600000 -0.03433085
v 0.00827909 0.03600000 -0.03211596
v 0.00827909 0.03600000 -0.02990106
v 0.00827909 0.03600000 -0.02768617
v 0.00827909 0.03600000 -0.02547128
v 0.00827909 0.03600000 -0.02325638
v 0.00827909 0.03600000 -0.02104149
v 0.00827909 0.03600000 -0.01882660
v 0.00827909 0.03600000 -0.01661170
v 0.00827909 0.03600000 -0.01439681
v 0.00827909 0.03600000 -0.01218191
v 0.00827909 0.03600000 -0.00996702
v 0.00827909 0.03600000 -0.00775213
v 0.00827909 0.03600000 -0.00553723
v 0.00827909 0.03600000 -0.00332234
v 0.00827909 0.03600000 -0.00110745
v 0.00827909 0.03600000 0.00110745
v 0.00827909 0.03600000 0.00332234
v 0.00827909 0.03600000 0.00553723
v 0.00827909 0.03600000 0.00775213
v 0.00827909 0.03600000 0.00996702
v 0.00827909 0.03600000 0.01218191
v 0.00827909 0.03600000 0.01439681
v 0.00827909 0.03600000 0.01661170
v 0.00827909 0.03600000 0.01882660
v 0.00827909 0.03600000 0.02104149
v 0.00827909 0.03600000 0.02325638
v 0.00827909 0.03600000 0.02547128
v 0.00827909 0.03600000 0.02768617
v 0.00827909 0.03600000 0.02990106
v 0.00827909 0.03600000 0.03211596
v 0.00827909 0.03600000 0.03433085
v 0.00827909 0.03600000 0.03654574
v 0.00827909 0.03596734 0.03876064
v 0.00827909 0.03548588 0.04097553
v 0.01064455 -0.03548588 -0.04097553
v 0.01064455 -0.03439324 -0.04312108
v 0.01064455 -0.03596734 -0.03876064
v 0.01064455 -0.03600000 -0.03654574
v 0.01064455 -0.03600000 -0.03433085
v 0.01064455 -0.03600000 -0.03211596
v 0.01064455 -0.03600000 -0.02990106
v 0.01064455 -0.03600000 -0.02768617
v 0.01064455 -0.03600000 -0.02547128
v 0.01064455 -0.03600000 -0.02325638
v 0.01064455 -0.03600000 -0.02104149
v 0.01064455 -0.03600000 -0.01882660
v 0.01064455 -0.03600000 -0.01661170
v 0.01064455 -0.03600000 -0.01439681
v 0.01064455 -0.03600000 -0.01218191
v 0.01064455 -0.03600000 -0.00996702
v 0.01064455 -0.03600000 -0.00775213
v 0.01064455 -0.03600000 -0.00553723
v 0.01064455 -0.03600000 -0.00332234
v 0.01064455 -0.03600000 -0.00110745
v 0.01064455 -0.03600000 0.00110745
v 0.01064455 -0.03600000 0.00332234
v 0.01064455 -0.03600000 0.00553723
v 0.01064455 -0.03600000 0.00775213
v 0.01064455 -0.03600000 0.00996702
v 0.01064455 -0.03600000 0.01218191
v 0.01064455 -0.03600000 0.01439681
v 0.01064455 -0.03600000 0.01661170
v 0.01064455 -0.03600000 0.01882660
v 0.01064455 -0.03600000 0.02104149
v 0.01064455 -0.03600000 0.02325638
v 0.01064455 -0.03600000 0.02547128
v 0.01064455 -0.03600000 0.02768617
v 0.01064455 -0.03600000 0.02990106
v 0.01064455 -0.03600000 0.03211596
v 0.01064455 -0.03600000 0.03433085
v 0.01064455 -0.03600000 0.03654574
v 0.01064455 -0.03596734 0.03876064
v 0.01064455 -0.03548588 0.04097553
v 0.01064455 -0.03439324 0.04312108
v 0.01064455 -0.03434988 -0.04319043
v 0.01064455 -0.03217432 -0.04536121
v 0.01064455 -0.03434988 0.04319043
v 0.01064455 -0.03217432 0.04536121
v 0.01064455 -0.03210329 -0.04540532
v 0.01064455 -0.02995541 -0.04649305
v 0.01064455 -0.03210329 0.04540532
v 0.01064455 -0.02995541 0.04649305
v 0.01064455 -0.02773649 -0.04696939
v 0.01064455 -0.02773649 0.04696938
v 0.01064455 -0.02551757 -0.04700000
v 0.01064455 -0.02551757 0.04700000
v 0.01064455 -0.02329865 -0.04700000
v 0.01064455 -0.02329865 0.04700000
v 0.01064455 -0.02107973 -0.04700000
v 0.01064455 -0.02107973 0.04700000
v 0.01064455 -0.01886081 -0.04700000
v 0.01064455 -0.01886081 0.04700000
v 0.01064455 -0.01664189 -0.04700000
v 0.01064455 -0.01664189 0.04700000
v 0.01064455 -0.01442297 -0.04700000
v 0.01064455 -0.01442297 0.04700000
v 0.01064455 -0.01220405 -0.04700000
v 0.01064455 -0.01220405 0.04700000
v 0.01064455 -0.00998514 -0.04700000
v 0.01064455 -0.00998514 0.04700000
v 0.01064455 -0.00776622 -0.04700000
v 0.01064455 -0.00776622 0.04700000
v 0.01064455 -0.00554730 -0.04700000
v 0.01064455 -0.00554730 0.04700000
v 0.01064455 -0.00332838 -0.04700000
v 0.01064455 -0.00332838 0.04700000
v 0.01064455 -0.00110946 -0.04700000
v 0.01064455 -0.00110946 0.04700000
v 0.01064455 0.00110946 -0.04700000
v 0.01064455 0.00110946 0.04700000
v 0.01064455 0.00332838 -0.04700000
v 0.01064455 0.00332838 0.04700000
v 0.01064455 0.00554730 -0.04700000
v 0.01064455 0.00554730 0.04700000
v 0.01064455 0.00776622 -0.04700000
v 0.01064455 0.00776622 0.04700000
v 0.01064455 0.00998514 -0.04700000
v 0.01064455 0.00998514 0.04700000
v 0.01064455 0.01220405 -0.04700000
v 0.01064455 0.01220405 0.04700000
v 0.01064455 0.01442297 -0.04700000
v 0.01064455 0.01442297 0.04700000
v 0.01064455 0.01664189 -0.04700000
v 0.01064455 0.01664189 0.04700000
v 0.01064455 0.01886081 -0.04700000
v 0.01064455 0.01886081 0.04700000
v 0.01064455 0.02107973 -0.04700000
v 0.01064455 0.02107973 0.04700000
v 0.01064455 0.02329865 -0.04700000
v 0.01064455 0.02329865 0.04700000
v 0.01064455 0.02551757 -0.04700000
v 0.01064455 0.02551757 0.04700000
v 0.01064455 0.02773649 -0.04696939
v 0.01064455 0.02773649 0.04696938
v 0.01064455 0.02995541 -0.04649305
v 0.01064455 0.02995541 0.04649305
v 0.01064455 0.03210329 -0.04540532
v 0.01064455 0.03217432 -0.04536121
v 0.01064455 0.03217432 0.04536121
v 0.01064455 0.03210329 0.04540532
v 0.01064455 0.03434989 -0.04319043
v 0.01064455 0.03439324 -0.04312108
v 0.01064455 0.03439324 0.04312108
v 0.01064455 0.03434989 0.04319043
v 0.01064455 0.03548588 -0.04097553
v 0.01064455 0.03596734 -0.03876064
v 0.01064455 0.03600000 -0.03654574
v 0.01064455 0.03600000 -0.03433085
v 0.01064455 0.03600000 -0.03211596
v 0.01064455 0.03600000 -0.02990106
v 0.01064455 0.03600000 -0.02768617
v 0.01064455 0.03600000 -0.02547128
v 0.01064455 0.03600000 -0.02325638
v 0.01064455 0.03600000 -0.02104149
v 0.01064455 0.03600000 -0.01882660
v 0.01064455 0.03600000 -0.01661170
v 0.01064455 0.03600000 -0.01439681
v 0.01064455 0.03600000 -0.01218191
v 0.01064455 0.03600000 -0.00996702
v 0.01064455 0.03600000 -0.00775213
v 0.01064455 0.03600000 -0.00553723
v 0.01064455 0.03600000 -0.00332234
v 0.01064455 0.03600000 -0.00110745
v 0.01064455 0.03600000 0.00110745
v 0.01064455 0.03600000 0.00332234
v 0.01064455 0.03600000 0.00553723
v 0.01064455 0.03600000 0.00775213
v 0.01064455 0.03600000 0.00996702
v 0.01064455 0.03600000 0.01218191
v 0.01064455 0.03600000 0.01439681
v 0.01064455 0.03600000 0.01661170
v 0.01064455 0.03600000 0.01882660
v 0.01064455 0.03600000 0.02104149
v 0.01064455 0.03600000 0.02325638
v 0.01064455 0.03600000 0.02547128
v 0.01064455 0.03600000 0.02768617
v 0.01064455 0.03600000 0.02990106
v 0.01064455 0.03600000 0.03211596
v 0.01064455 0.03600000 0.03433085
v 0.01064455 0.03600000 0.03654574
v 0.01064455 0.03596734 0.03876064
v 0.01064455 0.03548588 0.04097553
v 0.01301000 -0.03548588 -0.04097553
v 0.01301000 -0.03439324 -0.04312108
v 0.01301000 -0.03596734 -0.03876064
v 0.01301000 -0.03600000 -0.03654574
v 0.01301000 -0.03600000 -0.03433085
v 0.01301000 -0.03600000 -0.03211596
v 0.01301000 -0.03600000 -0.02990106
v 0.01301000 -0.03600000 -0.02768617
v 0.01301000 -0.03600000 -0.02547128
v 0.01301000 -0.03600000 -0.02325638
v 0.01301000 -0.03600000 -0.02104149
v 0.01301000 -0.03600000 -0.01882660
v 0.01301000 -0.03600000 -0.01661170
v 0.01301000 -0.03600000 -0.01439681
v 0.01301000 -0.03600000 -0.01218191
v 0.01301000 -0.03600000 -0.00996702
v 0.01301000 -0.03600000 -0.00775213
v 0.01301000 -0.03600000 -0.00553723
v 0.01301000 -0.03600000 -0.00332234
v 0.01301000 -0.03600000 -0.00110745
v 0.01301000 -0.03600000 0.00110745
v 0.01301000 -0.03600000 0.00332234
v 0.01301000 -0.03600000 0.00553723
v 0.01301000 -0.03600000 0.00775213
v 0.01301000 -0.03600000 0.00996702
v 0.01301000 -0.03600000 0.01218191
v 0.01301000 -0.03600000 0.01439681
v 0.01301000 -0.03600000 0.01661170
v 0.01301000 -0.03600000 0.01882660
v 0.01301000 -0.03600000 0.02104149
v 0.01301000 -0.03600000 0.02325638
v 0.01301000 -0.03600000 0.02547128
v 0.01301000 -0.03600000 0.02768617
v 0.01301000 -0.03600000 0.02990106
v 0.01301000 -0.03600000 0.03211596
v 0.01301000 -0.03600000 0.03433085
v 0.01301000 -0.03600000 0.03654574
v 0.01301000 -0.03596734 0.03876064
v 0.01301000 -0.03548588 0.04097553
v 0.01301000 -0.03439324 0.04312108
v 0.01301000 -0.03434988 -0.04319043
v 0.01301000 -0.03217432 -0.04536121
v 0.01301000 -0.03434988 0.04319043
v 0.01301000 -0.03217432 0.04536121
v 0.01301000 -0.03210329 -0.04540532
v 0.01301000 -0.02995541 -0.04649305
v 0.01301000 -0.03210329 0.04540532
v 0.01301000 -0.02995541 0.04649305
v 0.01301000 -0.02773649 -0.04696939
v 0.01301000 -0.02773649 0.04696938
v 0.01301000 -0.02551757 -0.04700000
v 0.01301000 -0.02551757 0.04700000
v 0.01301000 -0.02329865 -0.04700000
v 0.01301000 -0.02329865 0.04700000
v 0.01301000 -0.02107973 -0.04700000
v 0.01301000 -0.02107973 0.04700000
v 0.01301000 -0.01886081 -0.04700000
v 0.01301000 -0.01886081 0.04700000
v 0.01301000 -0.01664189 -0.04700000
v 0.01301000 -0.01664189 0.04700000
v 0.01301000 -0.01442297 -0.04700000
v 0.01301000 -0.01442297 0.04700000
v 0.01301000 -0.01220405 -0.04700000
v 0.01301000 -0.01220405 0.04700000
v 0.01301000 -0.00998514 -0.04700000
v 0.01301000 -0.00998514 0.04700000
v 0.01301000 -0.00776622 -0.04700000
v 0.01301000 -0.00776622 0.04700000
v 0.01301000 -0.00554730 -0.04700000
v 0.01301000 -0.00554730 0.04700000
v 0.01301000 -0.00332838 -0.04700000
v 0.01301000 -0.00332838 0.04700000
v 0.01301000 -0.00110946 -0.04700000
v 0.01301000 -0.00110946 0.04700000
v 0.01301000 0.00110946 -0.04700000
v 0.01301000 0.00110946 0.04700000
v 0.01301000 0.00332838 -0.04700000
v 0.01301000 0.00332838 0.04700000
v 0.01301000 0.00554730 -0.04700000
v 0.01301000 0.00554730 0.04700000
v 0.01301000 0.00776622 -0.04700000
v 0.01301000 0.00776622 0.04700000
v 0.01301000 0.00998514 -0.04700000
v 0.01301000 0.00998514 0.04700000
v 0.01301000 0.01220405 -0.04700000
v 0.01301000 0.01220405 0.04700000
v 0.01301000 0.01442297 -0.04700000
v 0.01301000 0.01442297 0.04700000
v 0.01301000 0.01664189 -0.04700000
v 0.01301000 0.01664189 0.04700000
v 0.01301000 0.01886081 -0.04700000
v 0.01301000 0.01886081 0.04700000
v 0.01301000 0.02107973 -0.04700000
v 0.01301000 0.02107973 0.04700000
v 0.01301000 0.02329865 -0.04700000
v 0.01301000 0.02329865 0.04700000
v 0.01301000 0.02551757 -0.04700000
v 0.01301000 0.02551757 0.04700000
v 0.01301000 0.02773649 -0.04696939
v 0.01301000 0.02773649 0.04696938
v 0.01301000 0.02995541 -0.04649305
v 0.01301000 0.02995541 0.04649305
v 0.01301000 0.03210329 -0.04540532
v 0.01301000 0.03217432 -0.04536121
v 0.01301000 0.03217432 0.04536121
v 0.01301000 0.03210329 0.04540532
v 0.01301000 0.03434989 -0.04319043
v 0.01301000 0.03439324 -0.04312108
v 0.01301000 0.03439324 0.04312108
v 0.01301000 0.03434989 0.04319043
v 0.01301000 0.03548588 -0.04097553
v 0.01301000 0.03596734 -0.03876064
v 0.01301000 0.03600000 -0.03654574
v 0.01301000 0.03600000 -0.03433085
v 0.01301000 0.03600000 -0.03211596
v 0.01301000 0.03600000 -0.02990106
v 0.01301000 0.03600000 -0.02768617
v 0.01301000 0.03600000 -0.02547128
v 0.01301000 0.03600000 -0.02325638
v 0.01301000 0.03600000 -0.02104149
v 0.01301000 0.03600000 -0.01882660
v 0.01301000 0.03600000 -0.01661170
v 0.01301000 0.03600000 -0.01439681
v 0.01301000 0.03600000 -0.01218191
v 0.01301000 0.03600000 -0.00996702
v 0.01301000 0.03600000 -0.00775213
v 0.01301000 0.03600000 -0.00553723
v 0.01301000 0.03600000 -0.00332234
v 0.01301000 0.03600000 -0.00110745
v 0.01301000 0.03600000 0.00110745
v 0.01301000 0.03600000 0.00332234
v 0.01301000 0.03600000 0.00553723
v 0.01301000 0.03600000 0.00775213
v 0.01301000 0.03600000 0.00996702
v 0.01301000 0.03600000 0.01218191
v 0.01301000 0.03600000 0.01439681
v 0.01301000 0.03600000 0.01661170
v 0.01301000 0.03600000 0.01882660
v 0.01301000 0.03600000 0.02104149
v 0.01301000 0.03600000 0.02325638
v 0.01301000 0.03600000 0.02547128
v 0.01301000 0.03600000 0.02768617
v 0.01301000 0.03600000 0.02990106
v 0.01301000 0.03600000 0.03211596
v 0.01301000 0.03600000 0.03433085
v 0.01301000 0.03600000 0.03654574
v 0.01301000 0.03596734 0.03876064
v 0.01301000 0.03548588 0.04097553
v 0.01537545 -0.03548588 -0.04097553
v 0.01537545 -0.03439324 -0.04312108
v 0.01537545 -0.03596734 -0.03876064
v 0.01537545 -0.03600000 -0.03654574
v 0.01537545 -0.03600000 -0.03433085
v 0.01537545 -0.03600000 -0.03211596
v 0.01537545 -0.03600000 -0.02990106
v 0.01537545 -0.03600000 -0.02768617
v 0.01537545 -0.03600000 -0.02547128
v 0.01537545 -0.03600000 -0.02325638
v 0.01537545 -0.03600000 -0.02104149
v 0.01537545 -0.03600000 -0.01882660
v 0.01537545 -0.03600000 -0.01661170
v 0.01537545 -0.03600000 -0.01439681
v 0.01537545 -0.03600000 -0.01218191
v 0.01537545 -0.03600000 -0.00996702
v 0.01537545 -0.03600000 -0.00775213
v 0.01537545 -0.03600000 -0.00553723
v 0.01537545 -0.03600000 -0.00332234
v 0.01537545 -0.03600000 -0.00110745
v 0.01537545 -0.03600000 0.00110745
v 0.01537545 -0.03600000 0.00332234
v 0.01537545 -0.03600000 0.00553723
v 0.01537545 -0.03600000 0.00775213
v 0.01537545 -0.03600000 0.00996702
v 0.01537545 -0.03600000 0.01218191
v 0.01537545 -0.03600000 0.01439681
v 0.01537545 -0.03600000 0.01661170
v 0.01537545 -0.03600000 0.01882660
v 0.01537545 -0.03600000 0.02104149
v 0.01537545 -0.03600000 0.02325638
v 0.01537545 -0.03600000 0.02547128
v 0.01537545 -0.03600000 0.02768617
v 0.01537545 -0.03600000 0.02990106
v 0.01537545 -0.03600000 0.03211596
v 0.01537545 -0.03600000 0.03433085
v 0.01537545 -0.03600000 0.03654574
v 0.01537545 -0.03596734 0.03876064
v 0.01537545 -0.03548588 0.04097553
v 0.01537545 -0.03439324 0.04312108
v 0.01537545 -0.03434988 -0.04319043
v 0.01537545 -0.03217432 -0.04536121
v 0.01537545 -0.03434988 0.04319043
v 0.01537545 -0.03217432 0.04536121
v 0.01537545 -0.03210329 -0.04540532
v 0.01537545 -0.02995541 -0.04649305
v 0.01537545 -0.03210329 0.04540532
v 0.01537545 -0.02995541 0.04649305
v 0.01537545 -0.02773649 -0.04696939
v 0.01537545 -0.02773649 0.04696938
v 0.01537545 -0.02551757 -0.04700000
v 0.01537545 -0.02551757 0.04700000
v 0.01537545 -0.02329865 -0.04700000
v 0.01537545 -0.02329865 0.04700000
v 0.01537545 -0.02107973 -0.04700000
v 0.01537545 -0.02107973 0.04700000
v 0.01537545 -0.01886081 -0.04700000
v 0.01537545 -0.01886081 0.04700000
v 0.01537545 -0.01664189 -0.04700000
v 0.01537545 -0.01664189 0.04700000
v 0.01537545 -0.01442297 -0.04700000
v 0.01537545 -0.01442297 0.04700000
v 0.01537545 -0.01220405 -0.04700000
v 0.01537545 -0.01220405 0.04700000
v 0.01537545 -0.00998514 -0.04700000
v 0.01537545 -0.00998514 0.04700000
v 0.01537545 -0.00776622 -0.04700000
v 0.01537545 -0.00776622 0.04700000
v 0.01537545 -0.00554730 -0.04700000
v 0.01537545 -0.00554730 0.04700000
v 0.01537545 -0.00332838 -0.04700000
v 0.01537545 -0.00332838 0.04700000
v 0.01537545 -0.00110946 -0.04700000
v 0.01537545 -0.00110946 0.04700000
v 0.01537545 0.00110946 -0.04700000
v 0.01537545 0.00110946 0.04700000
v 0.01537545 0.00332838 -0.04700000
v 0.01537545 0.00332838 0.04700000
v 0.01537545 0.00554730 -0.04700000
v 0.01537545 0.00554730 0.04700000
v 0.01537545 0.00776622 -0.04700000
v 0.01537545 0.00776622 0.04700000
v 0.01537545 0.00998514 -0.04700000
v 0.01537545 0.00998514 0.04700000
v 0.01537545 0.01220405 -0.04700000
v 0.01537545 0.01220405 0.04700000
v 0.01537545 0.01442297 -0.04700000
v 0.01537545 0.01442297 0.04700000
v 0.01537545 0.01664189 -0.04700000
v 0.01537545 0.01664189 0.04700000
v 0.01537545 0.01886081 -0.04700000
v 0.01537545 0.01886081 0.04700000
v 0.01537545 0.02107973 -0.04700000
v 0.01537545 0.02107973 0.04700000
v 0.01537545 0.02329865 -0.04700000
v 0.01537545 0.02329865 0.04700000
v 0.01537545 0.02551757 -0.04700000
v 0.01537545 0.02551757 0.04700000
v 0.01537545 0.02773649 -0.04696939
v 0.01537545 0.02773649 0.04696938
v 0.01537545 0.02995541 -0.04649305
v 0.01537545 0.02995541 0.04649305
v 0.01537545 0.03210329 -0.04540532
v 0.01537545 0.03217432 -0.04536121
v 0.01537545 0.03217432 0.04536121
v 0.01537545 0.03210329 0.04540532
v 0.01537545 0.03434989 -0.04319043
v 0.01537545 0.03439324 -0.04312108
v 0.01537545 0.03439324 0.04312108
v 0.01537545 0.03434989 0.04319043
v 0.01537545 0.03548588 -0.04097553
v 0.01537545 0.03596734 -0.03876064
v 0.01537545 0.03600000 -0.03654574
v 0.01537545 0.03600000 -0.03433085
v 0.01537545 0.03600000 -0.03211596
v 0.01537545 0.03600000 -0.02990106
v 0.01537545 0.03600000 -0.02768617
v 0.01537545 0.03600000 -0.02547128
v 0.01537545 0.03600000 -0.02325638
v 0.01537545 0.03600000 -0.02104149
v 0.01537545 0.03600000 -0.01882660
v 0.01537545 0.03600000 -0.01661170
v 0.01537545 0.03600000 -0.01439681
v 0.01537545 0.03600000 -0.01218191
v 0.01537545 0.03600000 -0.00996702
v 0.01537545 0.03600000 -0.00775213
v 0.01537545 0.03600000 -0.00553723
v 0.01537545 0.03600000 -0.00332234
v 0.01537545 0.03600000 -0.00110745
v 0.01537545 0.03600000 0.00110745
v 0.01537545 0.03600000 0.00332234
v 0.01537545 0.03600000 0.00553723
v 0.01537545 0.03600000 0.00775213
v 0.01537545 0.03600000 0.00996702
v 0.01537545 0.03600000 0.01218191
v 0.01537545 0.03600000 0.01439681
v 0.01537545 0.03600000 0.01661170
v 0.01537545 0.03600000 0.01882660
v 0.01537545 0.03600000 0.02104149
v 0.01537545 0.03600000 0.02325638
v 0.01537545 0.03600000 0.02547128
v 0.01537545 0.03600000 0.02768617
v 0.01537545 0.03600000 0.02990106
v 0.01537545 0.03600000 0.03211596
v 0.01537545 0.03600000 0.03433085
v 0.01537545 0.03600000 0.03654574
v 0.01537545 0.03596734 0.03876064
v 0.01537545 0.03548588 0.04097553
v 0.01774091 -0.03548588 -0.04097553
v 0.01774091 -0.03439324 -0.04312108
v 0.01774091 -0.03596734 -0.03876064
v 0.01774091 -0.03600000 -0.03654574
v 0.01774091 -0.03600000 -0.03433085
v 0.01774091 -0.03600000 -0.03211596
v 0.01774091 -0.03600000 -0.02990106
v 0.01774091 -0.03600000 -0.02768617
v 0.01774091 -0.03600000 -0.02547128
v 0.01774091 -0.03600000 -0.02325638
v 0.01774091 -0.03600000 -0.02104149
v 0.01774091 -0.03600000 -0.01882660
v 0.01774091 -0.03600000 -0.01661170
v 0.01774091 -0.03600000 -0.01439681
v 0.01774091 -0.03600000 -0.01218191
v 0.01774091 -0.03600000 -0.00996702
v 0.01774091 -0.03600000 -0.00775213
v 0.01774091 -0.03600000 -0.00553723
v 0.01774091 -0.03600000 -0.00332234
v 0.01774091 -0.03600000 -0.00110745
v 0.01774091 -0.03600000 0.00110745
v 0.01774091 -0.03600000 0.00332234
v 0.01774091 -0.03600000 0.00553723
v 0.01774091 -0.03600000 0.00775213
v 0.01774091 -0.03600000 0.00996702
v 0.01774091 -0.03600000 0.01218191
v 0.01774091 -0.03600000 0.01439681
v 0.01774091 -0.03600000 0.01661170
v 0.01774091 -0.03600000 0.01882660
v 0.01774091 -0.03600000 0.02104149
v 0.01774091 -0.03600000 0.02325638
v 0.01774091 -0.03600000 0.02547128
v 0.01774091 -0.03600000 0.02768617
v 0.01774091 -0.03600000 0.02990106
v 0.01774091 -0.03600000 0.03211596
v 0.01774091 -0.03600000 0.03433085
v 0.01774091 -0.03600000 0.03654574
v 0.01774091 -0.03596734 0.03876064
v 0.01774091 -0.03548588 0.04097553
v 0.01774091 -0.03439324 0.04312108
v 0.01774091 -0.03434988 -0.04319043
v 0.01774091 -0.03217432 -0.04536121
v 0.01774091 -0.03434988 0.04319043
v 0.01774091 -0.03217432 0.04536121
v 0.01774091 -0.03210329 -0.04540532
v 0.01774091 -0.02995541 -0.04649305
v 0.01774091 -0.03210329 0.04540532
v 0.01774091 -0.02995541 0.04649305
v 0.01774091 -0.02773649 -0.04696939
v 0.01774091 -0.02773649 0.04696938
v 0.01774091 -0.02551757 -0.04700000
v 0.01774091 -0.02551757 0.04700000
v 0.01774091 -0.02329865 -0.04700000
v 0.01774091 -0.02329865 0.04700000
v 0.01774091 -0.02107973 -0.04700000
v 0.01774091 -0.02107973 0.04700000
v 0.01774091 -0.01886081 -0.04700000
v 0.01774091 -0.01886081 0.04700000
v 0.01774091 -0.01664189 -0.04700000
v 0.01774091 -0.01664189 0.04700000
v 0.01774091 -0.01442297 -0.04700000
v 0.01774091 -0.01442297 0.04700000
v 0.01774091 -0.01220405 -0.04700000
v 0.01774091 -0.01220405 0.04700000
v 0.01774091 -0.00998514 -0.04700000
v 0.01774091 -0.00998514 0.04700000
v 0.01774091 -0.00776622 -0.04700000
v 0.01774091 -0.00776622 0.04700000
v 0.01774091 -0.00554730 -0.04700000
v 0.01774091 -0.00554730 0.04700000
v 0.01774091 -0.00332838 -0.04700000
v 0.01774091 -0.00332838 0.04700000
v 0.01774091 -0.00110946 -0.04700000
v 0.01774091 -0.00110946 0.04700000
v 0.01774091 0.00110946 -0.04700000
v 0.01774091 0.00110946 0.04700000
v 0.01774091 0.00332838 -0.04700000
v 0.01774091 0.00332838 0.04700000
v 0.01774091 0.00554730 -0.04700000
v 0.01774091 0.00554730 0.04700000
v 0.01774091 0.00776622 -0.04700000
v 0.01774091 0.00776622 0.04700000
v 0.01774091 0.00998514 -0.04700000
v 0.01774091 0.00998514 0.04700000
v 0.01774091 0.01220405 -0.04700000
v 0.01774091 0.01220405 0.04700000
v 0.01774091 0.01442297 -0.04700000
v 0.01774091 0.01442297 0.04700000
v 0.01774091 0.01664189 -0.04700000
v 0.01774091 0.01664189 0.04700000
v 0.01774091 0.01886081 -0.04700000
v 0.01774091 0.01886081 0.04700000
v 0.01774091 0.02107973 -0.04700000
v 0.01774091 0.02107973 0.04700000
v 0.01774091 0.02329865 -0.04700000
v 0.01774091 0.02329865 0.04700000
v 0.01774091 0.02551757 -0.04700000
v 0.01774091 0.02551757 0.04700000
v 0.01774091 0.02773649 -0.04696939
v 0.01774091 0.02773649 0.04696938
v 0.01774091 0.02995541 -0.04649305
v 0.01774091 0.02995541 0.04649305
v 0.01774091 0.03210329 -0.04540532
v 0.01774091 0.03217432 -0.04536121
v 0.01774091 0.03217432 0.04536121
v 0.01774091 0.03210329 0.04540532
v 0.01774091 0.03434989 -0.04319043
v 0.01774091 0.03439324 -0.04312108
v 0.01774091 0.03439324 0.04312108
v 0.01774091 0.03434989 0.04319043
v 0.01774091 0.03548588 -0.04097553
v 0.01774091 0.03596734 -0.03876064
v 0.01774091 0.03600000 -0.03654574
v 0.01774091 0.03600000 -0.03433085
v 0.01774091 0.03600000 -0.03211596
v 0.01774091 0.03600000 -0.02990106
v 0.01774091 0.03600000 -0.02768617
v 0.01774091 0.03600000 -0.02547128
v 0.01774091 0.03600000 -0.02325638
v 0.01774091 0.03600000 -0.02104149
v 0.01774091 0.03600000 -0.01882660
v 0.01774091 0.03600000 -0.01661170
v 0.01774091 0.03600000 -0.01439681
v 0.01774091 0.03600000 -0.01218191
v 0.01774091 0.03600000 -0.00996702
v 0.01774091 0.03600000 -0.00775213
v 0.01774091 0.03600000 -0.00553723
v 0.01774091 0.03600000 -0.00332234
v 0.01774091 0.03600000 -0.00110745
v 0.01774091 0.03600000 0.00110745
v 0.01774091 0.03600000 0.00332234
v 0.01774091 0.03600000 0.00553723
v 0.01774091 0.03600000 0.00775213
v 0.01774091 0.03600000 0.00996702
v 0.01774091 0.03600000 0.01218191
v 0.01774091 0.03600000 0.01439681
v 0.01774091 0.03600000 0.01661170
v 0.01774091 0.03600000 0.01882660
v 0.01774091 0.03600000 0.02104149
v 0.01774091 0.03600000 0.02325638
v 0.01774091 0.03600000 0.02547128
v 0.01774091 0.03600000 0.02768617
v 0.01774091 0.03600000 0.02990106
v 0.01774091 0.03600000 0.03211596
v 0.01774091 0.03600000 0.03433085
v 0.01774091 0.03600000 0.03654574
v 0.01774091 0.03596734 0.03876064
v 0.01774091 0.03548588 0.04097553
v 0.02010636 -0.03548588 -0.04097553
v 0.02010636 -0.03439324 -0.04312108
v 0.02010636 -0.03596734 -0.03876064
v 0.02010636 -0.03600000 -0.03654574
v 0.02010636 -0.03600000 -0.03433085
v 0.02010636 -0.03600000 -0.03211596
v 0.02010636 -0.03600000 -0.02990106
v 0.02010636 -0.03600000 -0.02768617
v 0.02010636 -0.03600000 -0.02547128
v 0.02010636 -0.03600000 -0.02325638
v 0.02010636 -0.03600000 -0.02104149
v 0.02010636 -0.03600000 -0.01882660
v 0.02010636 -0.03600000 -0.01661170
v 0.02010636 -0.03600000 -0.01439681
v 0.02010636 -0.03600000 -0.01218191
v 0.02010636 -0.03600000 -0.00996702
v 0.02010636 -0.03600000 -0.00775213
v 0.02010636 -0.03600000 -0.00553723
v 0.02010636 -0.03600000 -0.00332234
v 0.02010636 -0.03600000 -0.00110745
v 0.02010636 -0.03600000 0.00110745
v 0.02010636 -0.03600000 0.00332234
v 0.02010636 -0.03600000 0.00553723
v 0.02010636 -0.03600000 0.00775213
v 0.02010636 -0.03600000 0.00996702
v 0.02010636 -0.03600000 0.01218191
v 0.02010636 -0.03600000 0.01439681
v 0.02010636 -0.03600000 0.01661170
v 0.02010636 -0.03600000 0.01882660
v 0.02010636 -0.03600000 0.02104149
v 0.02010636 -0.03600000 0.02325638
v 0.02010636 -0.03600000 0.02547128
v 0.02010636 -0.03600000 0.02768617
v 0.02010636 -0.03600000 0.02990106
v 0.02010636 -0.03600000 0.03211596
v 0.02010636 -0.03600000 0.03433085
v 0.02010636 -0.03600000 0.03654574
v 0.02010636 -0.03596734 0.03876064
v 0.02010636 -0.03548588 0.04097553
v 0.02010636 -0.03439324 0.04312108
v 0.02010636 -0.03434988 -0.04319043
v 0.02010636 -0.03217432 -0.04536121
v 0.02010636 -0.03434988 0.04319043
v 0.02010636 -0.03217432 0.04536121
v 0.02010636 -0.03210329 -0.04540532
v 0.02010636 -0.02995541 -0.04649305
v 0.02010636 -0.03210329 0.04540532
v 0.02010636 -0.02995541 0.04649305
v 0.02010636 -0.02773649 -0.04696939
v 0.02010636 -0.02773649 0.04696938
v 0.02010636 -0.02551757 -0.04700000
v 0.02010636 -0.02551757 0.04700000
v 0.02010636 -0.02329865 -0.04700000
v 0.02010636 -0.02329865 0.04700000
v 0.02010636 -0.02107973 -0.04700000
v 0.02010636 -0.02107973 0.04700000
v 0.02010636 -0.01886081 -0.04700000
v 0.02010636 -0.01886081 0.04700000
v 0.02010636 -0.01664189 -0.04700000
v 0.02010636 -0.01664189 0.04700000
v 0.02010636 -0.01442297 -0.04700000
v 0.02010636 -0.01442297 0.04700000
v 0.02010636 -0.01220405 -0.04700000
v 0.02010636 -0.01220405 0.04700000
v 0.02010636 -0.00998514 -0.04700000
v 0.02010636 -0.00998514 0.04700000
v 0.02010636 -0.00776622 -0.04700000
v 0.02010636 -0.00776622 0.04700000
v 0.02010636 -0.00554730 -0.04700000
v 0.02010636 -0.00554730 0.04700000
v 0.02010636 -0.00332838 -0.04700000
v 0.02010636 -0.00332838 0.04700000
v 0.02010636 -0.00110946 -0.04700000
v 0.02010636 -0.00110946 0.04700000
v 0.02010636 0.00110946 -0.04700000
v 0.02010636 0.00110946 0.04700000
v 0.02010636 0.00332838 -0.04700000
v 0.02010636 0.00332838 0.04700000
v 0.02010636 0.00554730 -0.04700000
v 0.02010636 0.00554730 0.04700000
v 0.02010636 0.00776622 -0.04700000
v 0.02010636 0.00776622 0.04700000
v 0.02010636 0.00998514 -0.04700000
v 0.02010636 0.00998514 0.04700000
v 0.02010636 0.01220405 -0.04700000
v 0.02010636 0.01220405 0.04700000
v 0.02010636 0.01442297 -0.04700000
v 0.02010636 0.01442297 0.04700000
v 0.02010636 0.01664189 -0.04700000
v 0.02010636 0.01664189 0.04700000
v 0.02010636 0.01886081 -0.04700000
v 0.02010636 0.01886081 0.04700000
v 0.02010636 0.02107973 -0.04700000
v 0.02010636 0.02107973 0.04700000
v 0.02010636 0.02329865 -0.04700000
v 0.02010636 0.02329865 0.04700000
v 0.02010636 0.02551757 -0.04700000
v 0.02010636 0.02551757 0.04700000
v 0.02010636 0.02773649 -0.04696939
v 0.02010636 0.02773649 0.04696938
v 0.02010636 0.02995541 -0.04649305
v 0.02010636 0.02995541 0.04649305
v 0.02010636 0.03210329 -0.04540532
v 0.02010636 0.03217432 -0.04536121
v 0.02010636 0.03217432 0.04536121
v 0.02010636 0.03210329 0.04540532
v 0.02010636 0.03434989 -0.04319043
v 0.02010636 0.03439324 -0.04312108
v 0.02010636 0.03439324 0.04312108
v 0.02010636 0.03434989 0.04319043
v 0.02010636 0.03548588 -0.04097553
v 0.02010636 0.03596734 -0.03876064
v 0.02010636 0.03600000 -0.03654574
v 0.02010636 0.03600000 -0.03433085
v 0.02010636 0.03600000 -0.03211596
v 0.02010636 0.03600000 -0.02990106
v 0.02010636 0.03600000 -0.02768617
v 0.02010636 0.03600000 -0.02547128
v 0.02010636 0.03600000 -0.02325638
v 0.02010636 0.03600000 -0.02104149
v 0.02010636 0.03600000 -0.01882660
v 0.02010636 0.03600000 -0.01661170
v 0.02010636 0.03600000 -0.01439681
v 0.02010636 0.03600000 -0.01218191
v 0.02010636 0.03600000 -0.00996702
v 0.02010636 0.03600000 -0.00775213
v 0.02010636 0.03600000 -0.00553723
v 0.02010636 0.03600000 -0.00332234
v 0.02010636 0.03600000 -0.00110745
v 0.02010636 0.03600000 0.00110745
v 0.02010636 0.03600000 0.00332234
v 0.02010636 0.03600000 0.00553723
v 0.02010636 0.03600000 0.00775213
v 0.02010636 0.03600000 0.00996702
v 0.02010636 0.03600000 0.01218191
v 0.02010636 0.03600000 0.01439681
v 0.02010636 0.03600000 0.01661170
v 0.02010636 0.03600000 0.01882660
v 0.02010636 0.03600000 0.02104149
v 0.02010636 0.03600000 0.02325638
v 0.02010636 0.03600000 0.02547128
v 0.02010636 0.03600000 0.02768617
v 0.02010636 0.03600000 0.02990106
v 0.02010636 0.03600000 0.03211596
v 0.02010636 0.03600000 0.03433085
v 0.02010636 0.03600000 0.03654574
v 0.02010636 0.03596734 0.03876064
v 0.02010636 0.03548588 0.04097553
v 0.02247182 -0.03548588 -0.04097553
v 0.02247182 -0.03439324 -0.04312108
v 0.02247182 -0.03596734 -0.03876064
v 0.02247182 -0.03600000 -0.03654574
v 0.02247182 -0.03600000 -0.03433085
v 0.02247182 -0.03600000 -0.03211596
v 0.02247182 -0.03600000 -0.02990106
v 0.02247182 -0.03600000 -0.02768617
v 0.02247182 -0.03600000 -0.02547128
v 0.02247182 -0.03600000 -0.02325638
v 0.02247182 -0.03600000 -0.02104149
v 0.02247182 -0.03600000 -0.01882660
v 0.02247182 -0.03600000 -0.01661170
v 0.02247182 -0.03600000 -0.01439681
v 0.02247182 -0.03600000 -0.01218191
v 0.02247182 -0.03600000 -0.00996702
v 0.02247182 -0.03600000 -0.00775213
v 0.02247182 -0.03600000 -0.00553723
v 0.02247182 -0.03600000 -0.00332234
v 0.02247182 -0.03600000 -0.00110745
v 0.02247182 -0.03600000 0.00110745
v 0.02247182 -0.03600000 0.00332234
v 0.02247182 -0.03600000 0.00553723
v 0.02247182 -0.03600000 0.00775213
v 0.02247182 -0.03600000 0.00996702
v 0.02247182 -0.03600000 0.01218191
v 0.02247182 -0.03600000 0.01439681
v 0.02247182 -0.03600000 0.01661170
v 0.02247182 -0.03600000 0.01882660
v 0.02247182 -0.03600000 0.02104149
v 0.02247182 -0.03600000 0.02325638
v 0.02247182 -0.03600000 0.02547128
v 0.02247182 -0.03600000 0.02768617
v 0.02247182 -0.03600000 0.02990106
v 0.02247182 -0.03600000 0.03211596
v 0.02247182 -0.03600000 0.03433085
v 0.02247182 -0.03600000 0.03654574
v 0.02247182 -0.03596734 0.03876064
v 0.02247182 -0.03548588 0.04097553
v 0.02247182 -0.03439324 0.04312108
v 0.02247182 -0.03434988 -0.04319043
v 0.02247182 -0.03217432 -0.04536121
v 0.02247182 -0.03434988 0.04319043
v 0.02247182 -0.03217432 0.04536121
v 0.02247182 -0.03210329 -0.04540532
v 0.02247182 -0.02995541 -0.04649305
v 0.02247182 -0.03210329 0.04540532
v 0.02247182 -0.02995541 0.04649305
v 0.02247182 -0.02773649 -0.04696939
v 0.02247182 -0.02773649 0.04696938
v 0.02247182 -0.02551757 -0.04700000
v 0.02247182 -0.02551757 0.04700000
v 0.02247182 -0.02329865 -0.04700000
v 0.02247182 -0.02329865 0.04700000
v 0.02247182 -0.02107973 -0.04700000
v 0.02247182 -0.02107973 0.04700000
v 0.02247182 -0.01886081 -0.04700000
v 0.02247182 -0.01886081 0.04700000
v 0.02247182 -0.01664189 -0.04700000
v 0.02247182 -0.01664189 0.04700000
v 0.02247182 -0.01442297 -0.04700000
v 0.02247182 -0.01442297 0.04700000
v 0.02247182 -0.01220405 -0.04700000
v 0.02247182 -0.01220405 0.04700000
v 0.02247182 -0.00998514 -0.04700000
v 0.02247182 -0.00998514 0.04700000
v 0.02247182 -0.00776622 -0.04700000
v 0.02247182 -0.00776622 0.04700000
v 0.02247182 -0.00554730 -0.04700000
v 0.02247182 -0.00554730 0.04700000
v 0.02247182 -0.00332838 -0.04700000
v 0.02247182 -0.00332838 0.04700000
v 0.02247182 -0.00110946 -0.04700000
v 0.02247182 -0.00110946 0.04700000
v 0.02247182 0.00110946 -0.04700000
v 0.02247182 0.00110946 0.04700000
v 0.02247182 0.00332838 -0.04700000
v 0.02247182 0.00332838 0.04700000
v 0.02247182 0.00554730 -0.04700000
v 0.02247182 0.00554730 0.04700000
v 0.02247182 0.00776622 -0.04700000
v 0.02247182 0.00776622 0.04700000
v 0.02247182 0.00998514 -0.04700000
v 0.02247182 0.00998514 0.04700000
v 0.02247182 0.01220405 -0.04700000
v 0.02247182 0.01220405 0.04700000
v 0.02247182 0.01442297 -0.04700000
v 0.02247182 0.01442297 0.04700000
v 0.02247182 0.01664189 -0.04700000
v 0.02247182 0.01664189 0.04700000
v 0.02247182 0.01886081 -0.04700000
v 0.02247182 0.01886081 0.04700000
v 0.02247182 0.02107973 -0.04700000
v 0.02247182 0.02107973 0.04700000
v 0.02247182 0.02329865 -0.04700000
v 0.02247182 0.02329865 0.04700000
v 0.02247182 0.02551757 -0.04700000
v 0.02247182 0.02551757 0.04700000
v 0.02247182 0.02773649 -0.04696939
v 0.02247182 0.02773649 0.04696938
v 0.02247182 0.02995541 -0.04649305
v 0.02247182 0.02995541 0.04649305
v 0.02247182 0.03210329 -0.04540532
v 0.02247182 0.03217432 -0.04536121
v 0.02247182 0.03217432 0.04536121
v 0.02247182 0.03210329 0.04540532
v 0.02247182 0.03434989 -0.04319043
v 0.02247182 0.03439324 -0.04312108
v 0.02247182 0.03439324 0.04312108
v 0.02247182 0.03434989 0.04319043
v 0.02247182 0.03548588 -0.04097553
v 0.02247182 0.03596734 -0.03876064
v 0.02247182 0.03600000 -0.03654574
v 0.02247182 0.03600000 -0.03433085
v 0.02247182 0.03600000 -0.03211596
v 0.02247182 0.03600000 -0.02990106
v 0.02247182 0.03600000 -0.02768617
v 0.02247182 0.03600000 -0.02547128
v 0.02247182 0.03600000 -0.02325638
v 0.02247182 0.03600000 -0.02104149
v 0.02247182 0.03600000 -0.01882660
v 0.02247182 0.03600000 -0.01661170
v 0.02247182 0.03600000 -0.01439681
v 0.02247182 0.03600000 -0.01218191
v 0.02247182 0.03600000 -0.00996702
v 0.02247182 0.03600000 -0.00775213
v 0.02247182 0.03600000 -0.00553723
v 0.02247182 0.03600000 -0.00332234
v 0.02247182 0.03600000 -0.00110745
v 0.02247182 0.03600000 0.00110745
v 0.02247182 0.03600000 0.00332234
v 0.02247182 0.03600000 0.00553723
v 0.02247182 0.03600000 0.00775213
v 0.02247182 0.03600000 0.00996702
v 0.02247182 0.03600000 0.01218191
v 0.02247182 0.03600000 0.01439681
v 0.02247182 0.03600000 0.01661170
v 0.02247182 0.03600000 0.01882660
v 0.02247182 0.03600000 0.02104149
v 0.02247182 0.03600000 0.02325638
v 0.02247182 0.03600000 0.02547128
v 0.02247182 0.03600000 0.02768617
v 0.02247182 0.03600000 0.02990106
v 0.02247182 0.03600000 0.03211596
v 0.02247182 0.03600000 0.03433085
v 0.02247182 0.03600000 0.03654574
v 0.02247182 0.03596734 0.03876064
v 0.02247182 0.03548588 0.04097553
v 0.02483727 -0.03548588 -0.04097553
v 0.02483727 -0.03439324 -0.04312108
v 0.02483727 -0.03596734 -0.03876064
v 0.02483727 -0.03600000 -0.03654574
v 0.02483727 -0.03600000 -0.03433085
v 0.02483727 -0.03600000 -0.03211596
v 0.02483727 -0.03600000 -0.02990106
v 0.02483727 -0.03600000 -0.02768617
v 0.02483727 -0.03600000 -0.02547128
v 0.02483727 -0.03600000 -0.02325638
v 0.02483727 -0.03600000 -0.02104149
v 0.02483727 -0.03600000 -0.01882660
v 0.02483727 -0.03600000 -0.01661170
v 0.02483727 -0.03600000 -0.01439681
v 0.02483727 -0.03600000 -0.01218191
v 0.02483727 -0.03600000 -0.00996702
v 0.02483727 -0.03600000 -0.00775213
v 0.02483727 -0.03600000 -0.00553723
v 0.02483727 -0.03600000 -0.00332234
v 0.02483727 -0.03600000 -0.00110745
v 0.02483727 -0.03600000 0.00110745
v 0.02483727 -0.03600000 0.00332234
v 0.02483727 -0.03600000 0.00553723
v 0.02483727 -0.03600000 0.00775213
v 0.02483727 -0.03600000 0.00996702
v 0.02483727 -0.03600000 0.01218191
v 0.02483727 -0.03600000 0.01439681
v 0.02483727 -0.03600000 0.01661170
v 0.02483727 -0.03600000 0.01882660
v 0.02483727 -0.03600000 0.02104149
v 0.02483727 -0.03600000 0.02325638
v 0.02483727 -0.03600000 0.02547128
v 0.02483727 -0.03600000 0.02768617
v 0.02483727 -0.03600000 0.02990106
v 0.02483727 -0.03600000 0.03211596
v 0.02483727 -0.03600000 0.03433085
v 0.02483727 -0.03600000 0.03654574
v 0.02483727 -0.03596734 0.03876064
v 0.02483727 -0.03548588 0.04097553
v 0.02483727 -0.03439324 0.04312108
v 0.02483727 -0.03434988 -0.04319043
v 0.02483727 -0.03217432 -0.04536121
v 0.02483727 -0.03434988 0.04319043
v 0.02483727 -0.03217432 0.04536121
v 0.02483727 -0.03210329 -0.04540532
v 0.02483727 -0.02995541 -0.04649305
v 0.02483727 -0.03210329 0.04540532
v 0.02483727 -0.02995541 0.04649305
v 0.02483727 -0.02773649 -0.04696939
v 0.02483727 -0.02773649 0.04696938
v 0.02483727 -0.02551757 -0.04700000
v 0.02483727 -0.02551757 0.04700000
v 0.02483727 -0.02329865 -0.04700000
v 0.02483727 -0.02329865 0.04700000
v 0.02483727 -0.02107973 -0.04700000
v 0.02483727 -0.02107973 0.04700000
v 0.02483727 -0.01886081 -0.04700000
v 0.02483727 -0.01886081 0.04700000
v 0.02483727 -0.01664189 -0.04700000
v 0.02483727 -0.01664189 0.04700000
v 0.02483727 -0.01442297 -0.04700000
v 0.02483727 -0.01442297 0.04700000
v 0.02483727 -0.01220405 -0.04700000
v 0.02483727 -0.01220405 0.04700000
v 0.02483727 -0.00998514 -0.04700000
v 0.02483727 -0.00998514 0.04700000
v 0.02483727 -0.00776622 -0.04700000
v 0.02483727 -0.00776622 0.04700000
v 0.02483727 -0.00554730 -0.04700000
v 0.02483727 -0.00554730 0.04700000
v 0.02483727 -0.00332838 -0.04700000
v 0.02483727 -0.00332838 0.04700000
v 0.02483727 -0.00110946 -0.04700000
v 0.02483727 -0.00110946 0.04700000
v 0.02483727 0.00110946 -0.04700000
v 0.02483727 0.00110946 0.04700000
v 0.02483727 0.00332838 -0.04700000
v 0.02483727 0.00332838 0.04700000
v 0.02483727 0.00554730 -0.04700000
v 0.02483727 0.00554730 0.04700000
v 0.02483727 0.00776622 -0.04700000
v 0.02483727 0.00776622 0.04700000
v 0.02483727 0.00998514 -0.04700000
v 0.02483727 0.00998514 0.04700000
v 0.02483727 0.01220405 -0.04700000
v 0.02483727 0.01220405 0.04700000
v 0.02483727 0.01442297 -0.04700000
v 0.02483727 0.01442297 0.04700000
v 0.02483727 0.01664189 -0.04700000
v 0.02483727 0.01664189 0.04700000
v 0.02483727 0.01886081 -0.04700000
v 0.02483727 0.01886081 0.04700000
v 0.02483727 0.02107973 -0.04700000
v 0.02483727 0.02107973 0.04700000
v 0.02483727 0.02329865 -0.04700000
v 0.02483727 0.02329865 0.04700000
v 0.02483727 0.02551757 -0.04700000
v 0.02483727 0.02551757 0.04700000
v 0.02483727 0.02773649 -0.04696939
v 0.02483727 0.02773649 0.04696938
v 0.02483727 0.02995541 -0.04649305
v 0.02483727 0.02995541 0.04649305
v 0.02483727 0.03210329 -0.04540532
v 0.02483727 0.03217432 -0.04536121
v 0.02483727 0.03217432 0.04536121
v 0.02483727 0.03210329 0.04540532
v 0.02483727 0.03434989 -0.04319043
v 0.02483727 0.03439324 -0.04312108
v 0.02483727 0.03439324 0.04312108
v 0.02483727 0.03434989 0.04319043
v 0.02483727 0.03548588 -0.04097553
v 0.02483727 0.03596734 -0.03876064
v 0.02483727 0.03600000 -0.03654574
v 0.02483727 0.03600000 -0.03433085
v 0.02483727 0.03600000 -0.03211596
v 0.02483727 0.03600000 -0.02990106
v 0.02483727 0.03600000 -0.02768617
v 0.02483727 0.03600000 -0.02547128
v 0.02483727 0.03600000 -0.02325638
v 0.02483727 0.03600000 -0.02104149
v 0.02483727 0.03600000 -0.01882660
v 0.02483727 0.03600000 -0.01661170
v 0.02483727 0.03600000 -0.01439681
v 0.02483727 0.03600000 -0.01218191
v 0.02483727 0.03600000 -0.00996702
v 0.02483727 0.03600000 -0.00775213
v 0.02483727 0.03600000 -0.00553723
v 0.02483727 0.03600000 -0.00332234
v 0.02483727 0.03600000 -0.00110745
v 0.02483727 0.03600000 0.00110745
v 0.02483727 0.03600000 0.00332234
v 0.02483727 0.03600000 0.00553723
v 0.02483727 0.03600000 0.00775213
v 0.02483727 0.03600000 0.00996702
v 0.02483727 0.03600000 0.01218191
v 0.02483727 0.03600000 0.01439681
v 0.02483727 0.03600000 0.01661170
v 0.02483727 0.03600000 0.01882660
v 0.02483727 0.03600000 0.02104149
v 0.02483727 0.03600000 0.02325638
v 0.02483727 0.03600000 0.02547128
v 0.02483727 0.03600000 0.02768617
v 0.02483727 0.03600000 0.02990106
v 0.02483727 0.03600000 0.03211596
v 0.02483727 0.03600000 0.03433085
v 0.02483727 0.03600000 0.03654574
v 0.02483727 0.03596734 0.03876064
v 0.02483727 0.03548588 0.04097553
v 0.02720273 -0.03548588 -0.04097553
v 0.02720273 -0.03439324 -0.04312108
v 0.02720273 -0.03596734 -0.03876064
v 0.02720273 -0.03600000 -0.03654574
v 0.02720273 -0.03600000 -0.03433085
v 0.02720273 -0.03600000 -0.03211596
v 0.02720273 -0.03600000 -0.02990106
v 0.02720273 -0.03600000 -0.02768617
v 0.02720273 -0.03600000 -0.02547128
v 0.02720273 -0.03600000 -0.02325638
v 0.02720273 -0.03600000 -0.02104149
v 0.02720273 -0.03600000 -0.01882660
v 0.02720273 -0.03600000 -0.01661170
v 0.02720273 -0.03600000 -0.01439681
v 0.02720273 -0.03600000 -0.01218191
v 0.02720273 -0.03600000 -0.00996702
v 0.02720273 -0.03600000 -0.00775213
v 0.02720273 -0.03600000 -0.00553723
v 0.02720273 -0.03600000 -0.00332234
v 0.02720273 -0.03600000 -0.00110745
v 0.02720273 -0.03600000 0.00110745
v 0.02720273 -0.03600000 0.00332234
v 0.02720273 -0.03600000 0.00553723
v 0.02720273 -0.03600000 0.00775213
v 0.02720273 -0.03600000 0.00996702
v 0.02720273 -0.03600000 0.01218191
v 0.02720273 -0.03600000 0.01439681
v 0.02720273 -0.03600000 0.01661170
v 0.02720273 -0.03600000 0.01882660
v 0.02720273 -0.03600000 0.02104149
v 0.02720273 -0.03600000 0.02325638
v 0.02720273 -0.03600000 0.02547128
v 0.02720273 -0.03600000 0.02768617
v 0.02720273 -0.03600000 0.02990106
v 0.02720273 -0.03600000 0.03211596
v 0.02720273 -0.03600000 0.03433085
v 0.02720273 -0.03600000 0.03654574
v 0.02720273 -0.03596734 0.03876064
v 0.02720273 -0.03548588 0.04097553
v 0.02720273 -0.03439324 0.04312108
v 0.02720273 -0.03434988 -0.04319043
v 0.02720273 -0.03217432 -0.04536121
v 0.02720273 -0.03434988 0.04319043
v 0.02720273 -0.03217432 0.04536121
v 0.02720273 -0.03210329 -0.04540532
v 0.02720273 -0.02995541 -0.04649305
v 0.02720273 -0.03210329 0.04540532
v 0.02720273 -0.02995541 0.04649305
v 0.02720273 -0.02773649 -0.04696939
v 0.02720273 -0.02773649 0.04696938
v 0.02720273 -0.02551757 -0.04700000
v 0.02720273 -0.02551757 0.04700000
v 0.02720273 -0.02329865 -0.04700000
v 0.02720273 -0.02329865 0.04700000
v 0.02720273 -0.02107973 -0.04700000
v 0.02720273 -0.02107973 0.04700000
v 0.02720273 -0.01886081 -0.04700000
v 0.02720273 -0.01886081 0.04700000
v 0.02720273 -0.01664189 -0.04700000
v 0.02720273 -0.01664189 0.04700000
v 0.02720273 -0.01442297 -0.04700000
v 0.02720273 -0.01442297 0.04700000
v 0.02720273 -0.01220405 -0.04700000
v 0.02720273 -0.01220405 0.04700000
v 0.02720273 -0.00998514 -0.04700000
v 0.02720273 -0.00998514 0.04700000
v 0.02720273 -0.00776622 -0.04700000
v 0.02720273 -0.00776622 0.04700000
v 0.02720273 -0.00554730 -0.04700000
v 0.02720273 -0.00554730 0.04700000
v 0.02720273 -0.00332838 -0.04700000
v 0.02720273 -0.00332838 0.04700000
v 0.02720273 -0.00110946 -0.04700000
v 0.02720273 -0.00110946 0.04700000
v 0.02720273 0.00110946 -0.04700000
v 0.02720273 0.00110946 0.04700000
v 0.02720273 0.00332838 -0.04700000
v 0.02720273 0.00332838 0.04700000
v 0.02720273 0.00554730 -0.04700000
v 0.02720273 0.00554730 0.04700000
v 0.02720273 0.00776622 -0.04700000
v 0.02720273 0.00776622 0.04700000
v 0.02720273 0.00998514 -0.04700000
v 0.02720273 0.00998514 0.04700000
v 0.02720273 0.01220405 -0.04700000
v 0.02720273 0.01220405 0.04700000
v 0.02720273 0.01442297 -0.04700000
v 0.02720273 0.01442297 0.04700000
v 0.02720273 0.01664189 -0.04700000
v 0.02720273 0.01664189 0.04700000
v 0.02720273 0.01886081 -0.04700000
v 0.02720273 0.01886081 0.04700000
v 0.02720273 0.02107973 -0.04700000
v 0.02720273 0.02107973 0.04700000
v 0.02720273 0.02329865 -0.04700000
v 0.02720273 0.02329865 0.04700000
v 0.02720273 0.02551757 -0.04700000
v 0.02720273 0.02551757 0.04700000
v 0.02720273 0.02773649 -0.04696939
v 0.02720273 0.02773649 0.04696938
v 0.02720273 0.02995541 -0.04649305
v 0.02720273 0.02995541 0.04649305
v 0.02720273 0.03210329 -0.04540532
v 0.02720273 0.03217432 -0.04536121
v 0.02720273 0.03217432 0.04536121
v 0.02720273 0.03210329 0.04540532
v 0.02720273 0.03434989 -0.04319043
v 0.02720273 0.03439324 -0.04312108
v 0.02720273 0.03439324 0.04312108
v 0.02720273 0.03434989 0.04319043
v 0.02720273 0.03548588 -0.04097553
v 0.02720273 0.03596734 -0.03876064
v 0.02720273 0.03600000 -0.03654574
v 0.02720273 0.03600000 -0.03433085
v 0.02720273 0.03600000 -0.03211596
v 0.02720273 0.03600000 -0.02990106
v 0.02720273 0.03600000 -0.02768617
v 0.02720273 0.03600000 -0.02547128
v 0.02720273 0.03600000 -0.02325638
v 0.02720273 0.03600000 -0.02104149
v 0.02720273 0.03600000 -0.01882660
v 0.02720273 0.03600000 -0.01661170
v 0.02720273 0.03600000 -0.01439681
v 0.02720273 0.03600000 -0.01218191
v 0.02720273 0.03600000 -0.00996702
v 0.02720273 0.03600000 -0.00775213
v 0.02720273 0.03600000 -0.00553723
v 0.02720273 0.03600000 -0.00332234
v 0.02720273 0.03600000 -0.00110745
v 0.02720273 0.03600000 0.00110745
v 0.02720273 0.03600000 0.00332234
v 0.02720273 0.03600000 0.00553723
v 0.02720273 0.03600000 0.00775213
v 0.02720273 0.03600000 0.00996702
v 0.02720273 0.03600000 0.01218191
v 0.02720273 0.03600000 0.01439681
v 0.02720273 0.03600000 0.01661170
v 0.02720273 0.03600000 0.01882660
v 0.02720273 0.03600000 0.02104149
v 0.02720273 0.03600000 0.02325638
v 0.02720273 0.03600000 0.02547128
v 0.02720273 0.03600000 0.02768617
v 0.02720273 0.03600000 0.02990106
v 0.02720273 0.03600000 0.03211596
v 0.02720273 0.03600000 0.03433085
v 0.02720273 0.03600000 0.03654574
v 0.02720273 0.03596734 0.03876064
v 0.02720273 0.03548588 0.04097553
v 0.02956818 -0.03548588 -0.04097553
v 0.02956818 -0.03439324 -0.04312108
v 0.02956818 -0.03596734 -0.03876064
v 0.02956818 -0.03600000 -0.03654574
v 0.02956818 -0.03600000 -0.03433085
v 0.02956818 -0.03600000 -0.03211596
v 0.02956818 -0.03600000 -0.02990106
v 0.02956818 -0.03600000 -0.02768617
v 0.02956818 -0.03600000 -0.02547128
v 0.02956818 -0.03600000 -0.02325638
v 0.02956818 -0.03600000 -0.02104149
v 0.02956818 -0.03600000 -0.01882660
v 0.02956818 -0.03600000 -0.01661170
v 0.02956818 -0.03600000 -0.01439681
v 0.02956818 -0.03600000 -0.01218191
v 0.02956818 -0.03600000 -0.00996702
v 0.02956818 -0.03600000 -0.00775213
v 0.02956818 -0.03600000 -0.00553723
v 0.02956818 -0.03600000 -0.00332234
v 0.02956818 -0.03600000 -0.00110745
v 0.02956818 -0.03600000 0.00110745
v 0.02956818 -0.03600000 0.00332234
v 0.02956818 -0.03600000 0.00553723
v 0.02956818 -0.03600000 0.00775213
v 0.02956818 -0.03600000 0.00996702
v 0.02956818 -0.03600000 0.01218191
v 0.02956818 -0.03600000 0.01439681
v 0.02956818 -0.03600000 0.01661170
v 0.02956818 -0.03600000 0.01882660
v 0.02956818 -0.03600000 0.02104149
v 0.02956818 -0.03600000 0.02325638
v 0.02956818 -0.03600000 0.02547128
v 0.02956818 -0.03600000 0.02768617
v 0.02956818 -0.03600000 0.02990106
v 0.02956818 -0.03600000 0.03211596
v 0.02956818 -0.03600000 0.03433085
v 0.02956818 -0.03600000 0.03654574
v 0.02956818 -0.03596734 0.03876064
v 0.02956818 -0.03548588 0.04097553
v 0.02956818 -0.03439324 0.04312108
v 0.02956818 -0.03434988 -0.04319043
v 0.02956818 -0.03217432 -0.04536121
v 0.02956818 -0.03434988 0.04319043
v 0.02956818 -0.03217432 0.04536121
v 0.02956818 -0.03210329 -0.04540532
v 0.02956818 -0.02995541 -0.04649305
v 0.02956818 -0.03210329 0.04540532
v 0.02956818 -0.02995541 0.04649305
v 0.02956818 -0.02773649 -0.04696939
v 0.02956818 -0.02773649 0.04696938
v 0.02956818 -0.02551757 -0.04700000
v 0.02956818 -0.02551757 0.04700000
v 0.02956818 -0.02329865 -0.04700000
v 0.02956818 -0.02329865 0.04700000
v 0.02956818 -0.02107973 -0.04700000
v 0.02956818 -0.02107973 0.04700000
v 0.02956818 -0.01886081 -0.04700000
v 0.02956818 -0.01886081 0.04700000
v 0.02956818 -0.01664189 -0.04700000
v 0.02956818 -0.01664189 0.04700000
v 0.02956818 -0.01442297 -0.04700000
v 0.02956818 -0.01442297 0.04700000
v 0.02956818 -0.01220405 -0.04700000
v 0.02956818 -0.01220405 0.04700000
v 0.02956818 -0.00998514 -0.04700000
v 0.02956818 -0.00998514 0.04700000
v 0.02956818 -0.00776622 -0.04700000
v 0.02956818 -0.00776622 0.04700000
v 0.02956818 -0.00554730 -0.04700000
v 0.02956818 -0.00554730 0.04700000
v 0.02956818 -0.00332838 -0.04700000
v 0.02956818 -0.00332838 0.04700000
v 0.02956818 -0.00110946 -0.04700000
v 0.02956818 -0.00110946 0.04700000
v 0.02956818 0.00110946 -0.04700000
v 0.02956818 0.00110946 0.04700000
v 0.02956818 0.00332838 -0.04700000
v 0.02956818 0.00332838 0.04700000
v 0.02956818 0.00554730 -0.04700000
v 0.02956818 0.00554730 0.04700000
v 0.02956818 0.00776622 -0.04700000
v 0.02956818 0.00776622 0.04700000
v 0.02956818 0.00998514 -0.04700000
v 0.02956818 0.00998514 0.04700000
v 0.02956818 0.01220405 -0.04700000
v 0.02956818 0.01220405 0.04700000
v 0.02956818 0.01442297 -0.04700000
v 0.02956818 0.01442297 0.04700000
v 0.02956818 0.01664189 -0.04700000
v 0.02956818 0.01664189 0.04700000
v 0.02956818 0.01886081 -0.04700000
v 0.02956818 0.01886081 0.04700000
v 0.02956818 0.02107973 -0.04700000
v 0.02956818 0.02107973 0.04700000
v 0.02956818 0.02329865 -0.04700000
v 0.02956818 0.02329865 0.04700000
v 0.02956818 0.02551757 -0.04700000
v 0.02956818 0.02551757 0.04700000
v 0.02956818 0.02773649 -0.04696939
v 0.02956818 0.02773649 0.04696938
v 0.02956818 0.02995541 -0.04649305
v 0.02956818 0.02995541 0.04649305
v 0.02956818 0.03210329 -0.04540532
v 0.02956818 0.03217432 -0.04536121
v 0.02956818 0.03217432 0.04536121
v 0.02956818 0.03210329 0.04540532
v 0.02956818 0.03434989 -0.04319043
v 0.02956818 0.03439324 -0.04312108
v 0.02956818 0.03439324 0.04312108
v 0.02956818 0.03434989 0.04319043
v 0.02956818 0.03548588 -0.04097553
v 0.02956818 0.03596734 -0.03876064
v 0.02956818 0.03600000 -0.03654574
v 0.02956818 0.03600000 -0.03433085
v 0.02956818 0.03600000 -0.03211596
v 0.02956818 0.03600000 -0.02990106
v 0.02956818 0.03600000 -0.02768617
v 0.02956818 0.03600000 -0.02547128
v 0.02956818 0.03600000 -0.02325638
v 0.02956818 0.03600000 -0.02104149
v 0.02956818 0.03600000 -0.01882660
v 0.02956818 0.03600000 -0.01661170
v 0.02956818 0.03600000 -0.01439681
v 0.02956818 0.03600000 -0.01218191
v 0.02956818 0.03600000 -0.00996702
v 0.02956818 0.03600000 -0.00775213
v 0.02956818 0.03600000 -0.00553723
v 0.02956818 0.03600000 -0.00332234
v 0.02956818 0.03600000 -0.00110745
v 0.02956818 0.03600000 0.00110745
v 0.02956818 0.03600000 0.00332234
v 0.02956818 0.03600000 0.00553723
v 0.02956818 0.03600000 0.00775213
v 0.02956818 0.03600000 0.00996702
v 0.02956818 0.03600000 0.01218191
v 0.02956818 0.03600000 0.01439681
v 0.02956818 0.03600000 0.01661170
v 0.02956818 0.03600000 0.01882660
v 0.02956818 0.03600000 0.02104149
v 0.02956818 0.03600000 0.02325638
v 0.02956818 0.03600000 0.02547128
v 0.02956818 0.03600000 0.02768617
v 0.02956818 0.03600000 0.02990106
v 0.02956818 0.03600000 0.03211596
v 0.02956818 0.03600000 0.03433085
v 0.02956818 0.03600000 0.03654574
v 0.02956818 0.03596734 0.03876064
v 0.02956818 0.03548588 0.04097553
v 0.03193364 -0.03548588 -0.04097553
v 0.03193364 -0.03439324 -0.04312108
v 0.03193364 -0.03596734 -0.03876064
v 0.03193364 -0.03600000 -0.03654574
v 0.03193364 -0.03600000 -0.03433085
v 0.03193364 -0.03600000 -0.03211596
v 0.03193364 -0.03600000 -0.02990106
v 0.03193364 -0.03600000 -0.02768617
v 0.03193364 -0.03600000 -0.02547128
v 0.03193364 -0.03600000 -0.02325638
v 0.03193364 -0.03600000 -0.02104149
v 0.03193364 -0.03600000 -0.01882660
v 0.03193364 -0.03600000 -0.01661170
v 0.03193364 -0.03600000 -0.01439681
v 0.03193364 -0.03600000 -0.01218191
v 0.03193364 -0.03600000 -0.00996702
v 0.03193364 -0.03600000 -0.00775213
v 0.03193364 -0.03600000 -0.00553723
v 0.03193364 -0.03600000 -0.00332234
v 0.03193364 -0.03600000 -0.00110745
v 0.03193364 -0.03600000 0.00110745
v 0.03193364 -0.03600000 0.00332234
v 0.03193364 -0.03600000 0.00553723
v 0.03193364 -0.03600000 0.00775213
v 0.03193364 -0.03600000 0.00996702
v 0.03193364 -0.03600000 0.01218191
v 0.03193364 -0.03600000 0.01439681
v 0.03193364 -0.03600000 0.01661170
v 0.03193364 -0.03600000 0.01882660
v 0.03193364 -0.03600000 0.02104149
v 0.03193364 -0.03600000 0.02325638
v 0.03193364 -0.03600000 0.02547128
v 0.03193364 -0.03600000 0.02768617
v 0.03193364 -0.03600000 0.02990106
v 0.03193364 -0.03600000 0.03211596
v 0.03193364 -0.03600000 0.03433085
v 0.03193364 -0.03600000 0.03654574
v 0.03193364 -0.03596734 0.03876064
v 0.03193364 -0.03548588 0.04097553
v 0.03193364 -0.03439324 0.04312108
v 0.03193364 -0.03434988 -0.04319043
v 0.03193364 -0.03217432 -0.04536121
v 0.03193364 -0.03434988 0.04319043
v 0.03193364 -0.03217432 0.04536121
v 0.03193364 -0.03210329 -0.04540532
v 0.03193364 -0.02995541 -0.04649305
v 0.03193364 -0.03210329 0.04540532
v 0.03193364 -0.02995541 0.04649305
v 0.03193364 -0.02773649 -0.04696939
v 0.03193364 -0.02773649 0.04696938
v 0.03193364 -0.02551757 -0.04700000
v 0.03193364 -0.02551757 0.04700000
v 0.03193364 -0.02329865 -0.04700000
v 0.03193364 -0.02329865 0.04700000
v 0.03193364 -0.02107973 -0.04700000
v 0.03193364 -0.02107973 0.04700000
v 0.03193364 -0.01886081 -0.04700000
v 0.03193364 -0.01886081 0.04700000
v 0.03193364 -0.01664189 -0.04700000
v 0.03193364 -0.01664189 0.04700000
v 0.03193364 -0.01442297 -0.04700000
v 0.03193364 -0.01442297 0.04700000
v 0.03193364 -0.01220405 -0.04700000
v 0.03193364 -0.01220405 0.04700000
v 0.03193364 -0.00998514 -0.04700000
v 0.03193364 -0.00998514 0.04700000
v 0.03193364 -0.00776622 -0.04700000
v 0.03193364 -0.00776622 0.04700000
v 0.03193364 -0.00554730 -0.04700000
v 0.03193364 -0.00554730 0.04700000
v 0.03193364 -0.00332838 -0.04700000
v 0.03193364 -0.00332838 0.04700000
v 0.03193364 -0.00110946 -0.04700000
v 0.03193364 -0.00110946 0.04700000
v 0.03193364 0.00110946 -0.04700000
v 0.03193364 0.00110946 0.04700000
v 0.03193364 0.00332838 -0.04700000
v 0.03193364 0.00332838 0.04700000
v 0.03193364 0.00554730 -0.04700000
v 0.03193364 0.00554730 0.04700000
v 0.03193364 0.00776622 -0.04700000
v 0.03193364 0.00776622 0.04700000
v 0.03193364 0.00998514 -0.04700000
v 0.03193364 0.00998514 0.04700000
v 0.03193364 0.01220405 -0.04700000
v 0.03193364 0.01220405 0.04700000
v 0.03193364 0.01442297 -0.04700000
v 0.03193364 0.01442297 0.04700000
v 0.03193364 0.01664189 -0.04700000
v 0.03193364 0.01664189 0.04700000
v 0.03193364 0.01886081 -0.04700000
v 0.03193364 0.01886081 0.04700000
v 0.03193364 0.02107973 -0.04700000
v 0.03193364 0.02107973 0.04700000
v 0.03193364 0.02329865 -0.04700000
v 0.03193364 0.02329865 0.04700000
v 0.03193364 0.02551757 -0.04700000
v 0.03193364 0.02551757 0.04700000
v 0.03193364 0.02773649 -0.04696939
v 0.03193364 0.02773649 0.04696938
v 0.03193364 0.02995541 -0.04649305
v 0.03193364 0.02995541 0.04649305
v 0.03193364 0.03210329 -0.04540532
v 0.03193364 0.03217432 -0.04536121
v 0.03193364 0.03217432 0.04536121
v 0.03193364 0.03210329 0.04540532
v 0.03193364 0.03434989 -0.04319043
v 0.03193364 0.03439324 -0.04312108
v 0.03193364 0.03439324 0.04312108
v 0.03193364 0.03434989 0.04319043
v 0.03193364 0.03548588 -0.04097553
v 0.03193364 0.03596734 -0.03876064
v 0.03193364 0.03600000 -0.03654574
v 0.03193364 0.03600000 -0.03433085
v 0.03193364 0.03600000 -0.03211596
v 0.03193364 0.03600000 -0.02990106
v 0.03193364 0.03600000 -0.02768617
v 0.03193364 0.03600000 -0.02547128
v 0.03193364 0.03600000 -0.02325638
v 0.03193364 0.03600000 -0.02104149
v 0.03193364 0.03600000 -0.01882660
v 0.03193364 0.03600000 -0.01661170
v 0.03193364 0.03600000 -0.01439681
v 0.03193364 0.03600000 -0.01218191
v 0.03193364 0.03600000 -0.00996702
v 0.03193364 0.03600000 -0.00775213
v 0.03193364 0.03600000 -0.00553723
v 0.03193364 0.03600000 -0.00332234
v 0.03193364 0.03600000 -0.00110745
v 0.03193364 0.03600000 0.00110745
v 0.03193364 0.03600000 0.00332234
v 0.03193364 0.03600000 0.00553723
v 0.03193364 0.03600000 0.00775213
v 0.03193364 0.03600000 0.00996702
v 0.03193364 0.03600000 0.01218191
v 0.03193364 0.03600000 0.01439681
v 0.03193364 0.03600000 0.01661170
v 0.03193364 0.03600000 0.01882660
v 0.03193364 0.03600000 0.02104149
v 0.03193364 0.03600000 0.02325638
v 0.03193364 0.03600000 0.02547128
v 0.03193364 0.03600000 0.02768617
v 0.03193364 0.03600000 0.02990106
v 0.03193364 0.03600000 0.03211596
v 0.03193364 0.03600000 0.03433085
v 0.03193364 0.03600000 0.03654574
v 0.03193364 0.03596734 0.03876064
v 0.03193364 0.03548588 0.04097553
v 0.03429909 -0.03548588 -0.04097553
v 0.03429909 -0.03439324 -0.04312108
v 0.03429909 -0.03596734 -0.03876064
v 0.03429909 -0.03600000 -0.03654574
v 0.03429909 -0.03600000 -0.03433085
v 0.03429909 -0.03600000 -0.03211596
v 0.03429909 -0.03600000 -0.02990106
v 0.03429909 -0.03600000 -0.02768617
v 0.03429909 -0.03600000 -0.02547128
v 0.03429909 -0.03600000 -0.02325638
v 0.03429909 -0.03600000 -0.02104149
v 0.03429909 -0.03600000 -0.01882660
v 0.03429909 -0.03600000 -0.01661170
v 0.03429909 -0.03600000 -0.01439681
v 0.03429909 -0.03600000 -0.01218191
v 0.03429909 -0.03600000 -0.00996702
v 0.03429909 -0.03600000 -0.00775213
v 0.03429909 -0.03600000 -0.00553723
v 0.03429909 -0.03600000 -0.00332234
v 0.03429909 -0.03600000 -0.00110745
v 0.03429909 -0.03600000 0.00110745
v 0.03429909 -0.03600000 0.00332234
v 0.03429909 -0.03600000 0.00553723
v 0.03429909 -0.03600000 0.00775213
v 0.03429909 -0.03600000 0.00996702
v 0.03429909 -0.03600000 0.01218191
v 0.03429909 -0.03600000 0.01439681
v 0.03429909 -0.03600000 0.01661170
v 0.03429909 -0.03600000 0.01882660
v 0.03429909 -0.03600000 0.02104149
v 0.03429909 -0.03600000 0.02325638
v 0.03429909 -0.03600000 0.02547128
v 0.03429909 -0.03600000 0.02768617
v 0.03429909 -0.03600000 0.02990106
v 0.03429909 -0.03600000 0.03211596
v 0.03429909 -0.03600000 0.03433085
v 0.03429909 -0.03600000 0.03654574
v 0.03429909 -0.03596734 0.03876064
v 0.03429909 -0.03548588 0.04097553
v 0.03429909 -0.03439324 0.04312108
v 0.03429909 -0.03434988 -0.04319043
v 0.03429909 -0.03217432 -0.04536121
v 0.03429909 -0.03434988 0.04319043
v 0.03429909 -0.03217432 0.04536121
v 0.03429909 -0.03210329 -0.04540532
v 0.03429909 -0.02995541 -0.04649305
v 0.03429909 -0.03210329 0.04540532
v 0.03429909 -0.02995541 0.04649305
v 0.03429909 -0.02773649 -0.04696939
v 0.03429909 -0.02773649 0.04696938
v 0.03429909 -0.02551757 -0.04700000
v 0.03429909 -0.02551757 0.04700000
v 0.03429909 -0.02329865 -0.04700000
v 0.03429909 -0.02329865 0.04700000
v 0.03429909 -0.02107973 -0.04700000
v 0.03429909 -0.02107973 0.04700000
v 0.03429909 -0.01886081 -0.04700000
v 0.03429909 -0.01886081 0.04700000
v 0.03429909 -0.01664189 -0.04700000
v 0.03429909 -0.01664189 0.04700000
v 0.03429909 -0.01442297 -0.04700000
v 0.03429909 -0.01442297 0.04700000
v 0.03429909 -0.01220405 -0.04700000
v 0.03429909 -0.01220405 0.04700000
v 0.03429909 -0.00998514 -0.04700000
v 0.03429909 -0.00998514 0.04700000
v 0.03429909 -0.00776622 -0.04700000
v 0.03429909 -0.00776622 0.04700000
v 0.03429909 -0.00554730 -0.04700000
v 0.03429909 -0.00554730 0.04700000
v 0.03429909 -0.00332838 -0.04700000
v 0.03429909 -0.00332838 0.04700000
v 0.03429909 -0.00110946 -0.04700000
v 0.03429909 -0.00110946 0.04700000
v 0.03429909 0.00110946 -0.04700000
v 0.03429909 0.00110946 0.04700000
v 0.03429909 0.00332838 -0.04700000
v 0.03429909 0.00332838 0.04700000
v 0.03429909 0.00554730 -0.04700000
v 0.03429909 0.00554730 0.04700000
v 0.03429909 0.00776622 -0.04700000
v 0.03429909 0.00776622 0.04700000
v 0.03429909 0.00998514 -0.04700000
v 0.03429909 0.00998514 0.04700000
v 0.03429909 0.01220405 -0.04700000
v 0.03429909 0.01220405 0.04700000
v 0.03429909 0.01442297 -0.04700000
v 0.03429909 0.01442297 0.04700000
v 0.03429909 0.01664189 -0.04700000
v 0.03429909 0.01664189 0.04700000
v 0.03429909 0.01886081 -0.04700000
v 0.03429909 0.01886081 0.04700000
v 0.03429909 0.02107973 -0.04700000
v 0.03429909 0.02107973 0.04700000
v 0.03429909 0.02329865 -0.04700000
v 0.03429909 0.02329865 0.04700000
v 0.03429909 0.02551757 -0.04700000
v 0.03429909 0.02551757 0.04700000
v 0.03429909 0.02773649 -0.04696939
v 0.03429909 0.02773649 0.04696938
v 0.03429909 0.02995541 -0.04649305
v 0.03429909 0.02995541 0.04649305
v 0.03429909 0.03210329 -0.04540532
v 0.03429909 0.03217432 -0.04536121
v 0.03429909 0.03217432 0.04536121
v 0.03429909 0.03210329 0.04540532
v 0.03429909 0.03434989 -0.04319043
v 0.03429909 0.03439324 -0.04312108
v 0.03429909 0.03439324 0.04312108
v 0.03429909 0.03434989 0.04319043
v 0.03429909 0.03548588 -0.04097553
v 0.03429909 0.03596734 -0.03876064
v 0.03429909 0.03600000 -0.03654574
v 0.03429909 0.03600000 -0.03433085
v 0.03429909 0.03600000 -0.03211596
v 0.03429909 0.03600000 -0.02990106
v 0.03429909 0.03600000 -0.02768617
v 0.03429909 0.03600000 -0.02547128
v 0.03429909 0.03600000 -0.02325638
v 0.03429909 0.03600000 -0.02104149
v 0.03429909 0.03600000 -0.01882660
v 0.03429909 0.03600000 -0.01661170
v 0.03429909 0.03600000 -0.01439681
v 0.03429909 0.03600000 -0.01218191
v 0.03429909 0.03600000 -0.00996702
v 0.03429909 0.03600000 -0.00775213
v 0.03429909 0.03600000 -0.00553723
v 0.03429909 0.03600000 -0.00332234
v 0.03429909 0.03600000 -0.00110745
v 0.03429909 0.03600000 0.00110745
v 0.03429909 0.03600000 0.00332234
v 0.03429909 0.03600000 0.00553723
v 0.03429909 0.03600000 0.00775213
v 0.03429909 0.03600000 0.00996702
v 0.03429909 0.03600000 0.01218191
v 0.03429909 0.03600000 0.01439681
v 0.03429909 0.03600000 0.01661170
v 0.03429909 0.03600000 0.01882660
v 0.03429909 0.03600000 0.02104149
v 0.03429909 0.03600000 0.02325638
v 0.03429909 0.03600000 0.02547128
v 0.03429909 0.03600000 0.02768617
v 0.03429909 0.03600000 0.02990106
v 0.03429909 0.03600000 0.03211596
v 0.03429909 0.03600000 0.03433085
v 0.03429909 0.03600000 0.03654574
v 0.03429909 0.03596734 0.03876064
v 0.03429909 0.03548588 0.04097553
v 0.03666455 -0.03548588 -0.04097553
v 0.03666455 -0.03439324 -0.04312108
v 0.03666455 -0.03596734 -0.03876064
v 0.03666455 -0.03600000 -0.03654574
v 0.03666455 -0.03600000 -0.03433085
v 0.03666455 -0.03600000 -0.03211596
v 0.03666455 -0.03600000 -0.02990106
v 0.03666455 -0.03600000 -0.02768617
v 0.03666455 -0.03600000 -0.02547128
v 0.03666455 -0.03600000 -0.02325638
v 0.03666455 -0.03600000 -0.02104149
v 0.03666455 -0.03600000 -0.01882660
v 0.03666455 -0.03600000 -0.01661170
v 0.03666455 -0.03600000 -0.01439681
v 0.03666455 -0.03600000 -0.01218191
v 0.03666455 -0.03600000 -0.00996702
v 0.03666455 -0.03600000 -0.00775213
v 0.03666455 -0.03600000 -0.00553723
v 0.03666455 -0.03600000 -0.00332234
v 0.03666455 -0.03600000 -0.00110745
v 0.03666455 -0.03600000 0.00110745
v 0.03666455 -0.03600000 0.00332234
v 0.03666455 -0.03600000 0.00553723
v 0.03666455 -0.03600000 0.00775213
v 0.03666455 -0.03600000 0.00996702
v 0.03666455 -0.03600000 0.01218191
v 0.03666455 -0.03600000 0.01439681
v 0.03666455 -0.03600000 0.01661170
v 0.03666455 -0.03600000 0.01882660
v 0.03666455 -0.03600000 0.02104149
v 0.03666455 -0.03600000 0.02325638
v 0.03666455 -0.03600000 0.02547128
v 0.03666455 -0.03600000 0.02768617
v 0.03666455 -0.03600000 0.02990106
v 0.03666455 -0.03600000 0.03211596
v 0.03666455 -0.03600000 0.03433085
v 0.03666455 -0.03600000 0.03654574
v 0.03666455 -0.03596734 0.03876064
v 0.03666455 -0.03548588 0.04097553
v 0.03666455 -0.03439324 0.04312108
v 0.03666455 -0.03434988 -0.04319043
v 0.03666455 -0.03217432 -0.04536121
v 0.03666455 -0.03434988 0.04319043
v 0.03666455 -0.03217432 0.04536121
v 0.03666455 -0.03210329 -0.04540532
v 0.03666455 -0.02995541 -0.04649305
v 0.03666455 -0.03210329 0.04540532
v 0.03666455 -0.02995541 0.04649305
v 0.03666455 -0.02773649 -0.04696939
v 0.03666455 -0.02773649 0.04696938
v 0.03666455 -0.02551757 -0.04700000
v 0.03666455 -0.02551757 0.04700000
v 0.03666455 -0.02329865 -0.04700000
v 0.03666455 -0.02329865 0.04700000
v 0.03666455 -0.02107973 -0.04700000
v 0.03666455 -0.02107973 0.04700000
v 0.03666455 -0.01886081 -0.04700000
v 0.03666455 -0.01886081 0.04700000
v 0.03666455 -0.01664189 -0.04700000
v 0.03666455 -0.01664189 0.04700000
v 0.03666455 -0.01442297 -0.04700000
v 0.03666455 -0.01442297 0.04700000
v 0.03666455 -0.01220405 -0.04700000
v 0.03666455 -0.01220405 0.04700000
v 0.03666455 -0.00998514 -0.04700000
v 0.03666455 -0.00998514 0.04700000
v 0.03666455 -0.00776622 -0.04700000
v 0.03666455 -0.00776622 0.04700000
v 0.03666455 -0.00554730 -0.04700000
v 0.03666455 -0.00554730 0.04700000
v 0.03666455 -0.00332838 -0.04700000
v 0.03666455 -0.00332838 0.04700000
v 0.03666455 -0.00110946 -0.04700000
v 0.03666455 -0.00110946 0.04700000
v 0.03666455 0.00110946 -0.04700000
v 0.03666455 0.00110946 0.04700000
v 0.03666455 0.00332838 -0.04700000
v 0.03666455 0.00332838 0.04700000
v 0.03666455 0.00554730 -0.04700000
v 0.03666455 0.00554730 0.04700000
v 0.03666455 0.00776622 -0.04700000
v 0.03666455 0.00776622 0.04700000
v 0.03666455 0.00998514 -0.04700000
v 0.03666455 0.00998514 0.04700000
v 0.03666455 0.01220405 -0.04700000
v 0.03666455 0.01220405 0.04700000
v 0.03666455 0.01442297 -0.04700000
v 0.03666455 0.01442297 0.04700000
v 0.03666455 0.01664189 -0.04700000
v 0.03666455 0.01664189 0.04700000
v 0.03666455 0.01886081 -0.04700000
v 0.03666455 0.01886081 0.04700000
v 0.03666455 0.02107973 -0.04700000
v 0.03666455 0.02107973 0.04700000
v 0.03666455 0.02329865 -0.04700000
v 0.03666455 0.02329865 0.04700000
v 0.03666455 0.02551757 -0.04700000
v 0.03666455 0.02551757 0.04700000
v 0.03666455 0.02773649 -0.04696939
v 0.03666455 0.02773649 0.04696938
v 0.03666455 0.02995541 -0.04649305
v 0.03666455 0.02995541 0.04649305
v 0.03666455 0.03210329 -0.04540532
v 0.03666455 0.03217432 -0.04536121
v 0.03666455 0.03217432 0.04536121
v 0.03666455 0.03210329 0.04540532
v 0.03666455 0.03434989 -0.04319043
v 0.03666455 0.03439324 -0.04312108
v 0.03666455 0.03439324 0.04312108
v 0.03666455 0.03434989 0.04319043
v 0.03666455 0.03548588 -0.04097553
v 0.03666455 0.03596734 -0.03876064
v 0.03666455 0.03600000 -0.03654574
v 0.03666455 0.03600000 -0.03433085
v 0.03666455 0.03600000 -0.03211596
v 0.03666455 0.03600000 -0.02990106
v 0.03666455 0.03600000 -0.02768617
v 0.03666455 0.03600000 -0.02547128
v 0.03666455 0.03600000 -0.02325638
v 0.03666455 0.03600000 -0.02104149
v 0.03666455 0.03600000 -0.01882660
v 0.03666455 0.03600000 -0.01661170
v 0.03666455 0.03600000 -0.01439681
v 0.03666455 0.03600000 -0.01218191
v 0.03666455 0.03600000 -0.00996702
v 0.03666455 0.03600000 -0.00775213
v 0.03666455 0.03600000 -0.00553723
v 0.03666455 0.03600000 -0.00332234
v 0.03666455 0.03600000 -0.00110745
v 0.03666455 0.03600000 0.00110745
v 0.03666455 0.03600000 0.00332234
v 0.03666455 0.03600000 0.00553723
v 0.03666455 0.03600000 0.00775213
v 0.03666455 0.03600000 0.00996702
v 0.03666455 0.03600000 0.01218191
v 0.03666455 0.03600000 0.01439681
v 0.03666455 0.03600000 0.01661170
v 0.03666455 0.03600000 0.01882660
v 0.03666455 0.03600000 0.02104149
v 0.03666455 0.03600000 0.02325638
v 0.03666455 0.03600000 0.02547128
v 0.03666455 0.03600000 0.02768617
v 0.03666455 0.03600000 0.02990106
v 0.03666455 0.03600000 0.03211596
v 0.03666455 0.03600000 0.03433085
v 0.03666455 0.03600000 0.03654574
v 0.03666455 0.03596734 0.03876064
v 0.03666455 0.03548588 0.04097553
v 0.03903000 -0.03548588 -0.04097553
v 0.03903000 -0.03439324 -0.04312108
v 0.03903000 -0.03596734 -0.03876064
v 0.03903000 -0.03600000 -0.03654574
v 0.03903000 -0.03600000 -0.03433085
v 0.03903000 -0.03600000 -0.03211596
v 0.03903000 -0.03600000 -0.02990106
v 0.03903000 -0.03600000 -0.02768617
v 0.03903000 -0.03600000 -0.02547128
v 0.03903000 -0.03600000 -0.02325638
v 0.03903000 -0.03600000 -0.02104149
v 0.03903000 -0.03600000 -0.01882660
v 0.03903000 -0.03600000 -0.01661170
v 0.03903000 -0.03600000 -0.01439681
v 0.03903000 -0.03600000 -0.01218191
v 0.03903000 -0.03600000 -0.00996702
v 0.03903000 -0.03600000 -0.00775213
v 0.03903000 -0.03600000 -0.00553723
v 0.03903000 -0.03600000 -0.00332234
v 0.03903000 -0.03600000 -0.00110745
v 0.03903000 -0.03600000 0.00110745
v 0.03903000 -0.03600000 0.00332234
v 0.03903000 -0.03600000 0.00553723
v 0.03903000 -0.03600000 0.00775213
v 0.03903000 -0.03600000 0.00996702
v 0.03903000 -0.03600000 0.01218191
v 0.03903000 -0.03600000 0.01439681
v 0.03903000 -0.03600000 0.01661170
v 0.03903000 -0.03600000 0.01882660
v 0.03903000 -0.03600000 0.02104149
v 0.03903000 -0.03600000 0.02325638
v 0.03903000 -0.03600000 0.02547128
v 0.03903000 -0.03600000 0.02768617
v 0.03903000 -0.03600000 0.02990106
v 0.03903000 -0.03600000 0.03211596
v 0.03903000 -0.03600000 0.03433085
v 0.03903000 -0.03600000 0.03654574
v 0.03903000 -0.03596734 0.03876064
v 0.03903000 -0.03548588 0.04097553
v 0.03903000 -0.03439324 0.04312108
v 0.03903000 -0.03434988 -0.04319043
v 0.03903000 -0.03217432 -0.04536121
v 0.03903000 -0.03434988 0.04319043
v 0.03903000 -0.03217432 0.04536121
v 0.03903000 -0.03210329 -0.04540532
v 0.03903000 -0.02995541 -0.04649305
v 0.03903000 -0.03210329 0.04540532
v 0.03903000 -0.02995541 0.04649305
v 0.03903000 -0.02773649 -0.04696939
v 0.03903000 -0.02773649 0.04696938
v 0.03903000 -0.02551757 -0.04700000
v 0.03903000 -0.02551757 0.04700000
v 0.03903000 -0.02329865 -0.04700000
v 0.03903000 -0.02329865 0.04700000
v 0.03903000 -0.02107973 -0.04700000
v 0.03903000 -0.02107973 0.04700000
v 0.03903000 -0.01886081 -0.04700000
v 0.03903000 -0.01886081 0.04700000
v 0.03903000 -0.01664189 -0.04700000
v 0.03903000 -0.01664189 0.04700000
v 0.03903000 -0.01442297 -0.04700000
v 0.03903000 -0.01442297 0.04700000
v 0.03903000 -0.01220405 -0.04700000
v 0.03903000 -0.01220405 0.04700000
v 0.03903000 -0.00998514 -0.04700000
v 0.03903000 -0.00998514 0.04700000
v 0.03903000 -0.00776622 -0.04700000
v 0.03903000 -0.00776622 0.04700000
v 0.03903000 -0.00554730 -0.04700000
v 0.03903000 -0.00554730 0.04700000
v 0.03903000 -0.00332838 -0.04700000
v 0.03903000 -0.00332838 0.04700000
v 0.03903000 -0.00110946 -0.04700000
v 0.03903000 -0.00110946 0.04700000
v 0.03903000 0.00110946 -0.04700000
v 0.03903000 0.00110946 0.04700000
v 0.03903000 0.00332838 -0.04700000
v 0.03903000 0.00332838 0.04700000
v 0.03903000 0.00554730 -0.04700000
v 0.03903000 0.00554730 0.04700000
v 0.03903000 0.00776622 -0.04700000
v 0.03903000 0.00776622 0.04700000
v 0.03903000 0.00998514 -0.04700000
v 0.03903000 0.00998514 0.04700000
v 0.03903000 0.01220405 -0.04700000
v 0.03903000 0.01220405 0.04700000
v 0.03903000 0.01442297 -0.04700000
v 0.03903000 0.01442297 0.04700000
v 0.03903000 0.01664189 -0.04700000
v 0.03903000 0.01664189 0.04700000
v 0.03903000 0.01886081 -0.04700000
v 0.03903000 0.01886081 0.04700000
v 0.03903000 0.02107973 -0.04700000
v 0.03903000 0.02107973 0.04700000
v 0.03903000 0.02329865 -0.04700000
v 0.03903000 0.02329865 0.04700000
v 0.03903000 0.02551757 -0.04700000
v 0.03903000 0.02551757 0.04700000
v 0.03903000 0.02773649 -0.04696939
v 0.03903000 0.02773649 0.04696938
v 0.03903000 0.02995541 -0.04649305
v 0.03903000 0.02995541 0.04649305
v 0.03903000 0.03210329 -0.04540532
v 0.03903000 0.03217432 -0.04536121
v 0.03903000 0.03217432 0.04536121
v 0.03903000 0.03210329 0.04540532
v 0.03903000 0.03434989 -0.04319043
v 0.03903000 0.03439324 -0.04312108
v 0.03903000 0.03439324 0.04312108
v 0.03903000 0.03434989 0.04319043
v 0.03903000 0.03548588 -0.04097553
v 0.03903000 0.03596734 -0.03876064
v 0.03903000 0.03600000 -0.03654574
v 0.03903000 0.03600000 -0.03433085
v 0.03903000 0.03600000 -0.03211596
v 0.03903000 0.03600000 -0.02990106
v 0.03903000 0.03600000 -0.02768617
v 0.03903000 0.03600000 -0.02547128
v 0.03903000 0.03600000 -0.02325638
v 0.03903000 0.03600000 -0.02104149
v 0.03903000 0.03600000 -0.01882660
v 0.03903000 0.03600000 -0.01661170
v 0.03903000 0.03600000 -0.01439681
v 0.03903000 0.03600000 -0.01218191
v 0.03903000 0.03600000 -0.00996702
v 0.03903000 0.03600000 -0.00775213
v 0.03903000 0.03600000 -0.00553723
v 0.03903000 0.03600000 -0.00332234
v 0.03903000 0.03600000 -0.00110745
v 0.03903000 0.03600000 0.00110745
v 0.03903000 0.03600000 0.00332234
v 0.03903000 0.03600000 0.00553723
v 0.03903000 0.03600000 0.00775213
v 0.03903000 0.03600000 0.00996702
v 0.03903000 0.03600000 0.01218191
v 0.03903000 0.03600000 0.01439681
v 0.03903000 0.03600000 0.01661170
v 0.03903000 0.03600000 0.01882660
v 0.03903000 0.03600000 0.02104149
v 0.03903000 0.03600000 0.02325638
v 0.03903000 0.03600000 0.02547128
v 0.03903000 0.03600000 0.02768617
v 0.03903000 0.03600000 0.02990106
v 0.03903000 0.03600000 0.03211596
v 0.03903000 0.03600000 0.03433085
v 0.03903000 0.03600000 0.03654574
v 0.03903000 0.03596734 0.03876064
v 0.03903000 0.03548588 0.04097553
v 0.04139545 -0.03548588 -0.04097553
v 0.04139545 -0.03439324 -0.04312108
v 0.04139545 -0.03596734 -0.03876064
v 0.04139545 -0.03600000 -0.03654574
v 0.04139545 -0.03600000 -0.03433085
v 0.04139545 -0.03600000 -0.03211596
v 0.04139545 -0.03600000 -0.02990106
v 0.04139545 -0.03600000 -0.02768617
v 0.04139545 -0.03600000 -0.02547128
v 0.04139545 -0.03600000 -0.02325638
v 0.04139545 -0.03600000 -0.02104149
v 0.04139545 -0.03600000 -0.01882660
v 0.04139545 -0.03600000 -0.01661170
v 0.04139545 -0.03600000 -0.01439681
v 0.04139545 -0.03600000 -0.01218191
v 0.04139545 -0.03600000 -0.00996702
v 0.04139545 -0.03600000 -0.00775213
v 0.04139545 -0.03600000 -0.00553723
v 0.04139545 -0.03600000 -0.00332234
v 0.04139545 -0.03600000 -0.00110745
v 0.04139545 -0.03600000 0.00110745
v 0.04139545 -0.03600000 0.00332234
v 0.04139545 -0.03600000 0.00553723
v 0.04139545 -0.03600000 0.00775213
v 0.04139545 -0.03600000 0.00996702
v 0.04139545 -0.03600000 0.01218191
v 0.04139545 -0.03600000 0.01439681
v 0.04139545 -0.03600000 0.01661170
v 0.04139545 -0.03600000 0.01882660
v 0.04139545 -0.03600000 0.02104149
v 0.04139545 -0.03600000 0.02325638
v 0.04139545 -0.03600000 0.02547128
v 0.04139545 -0.03600000 0.02768617
v 0.04139545 -0.03600000 0.02990106
v 0.04139545 -0.03600000 0.03211596
v 0.04139545 -0.03600000 0.03433085
v 0.04139545 -0.03600000 0.03654574
v 0.04139545 -0.03596734 0.03876064
v 0.04139545 -0.03548588 0.04097553
v 0.04139545 -0.03439324 0.04312108
v 0.04139545 -0.03434988 -0.04319043
v 0.04139545 -0.03217432 -0.04536121
v 0.04139545 -0.03434988 0.04319043
v 0.04139545 -0.03217432 0.04536121
v 0.04139545 -0.03210329 -0.04540532
v 0.04139545 -0.02995541 -0.04649305
v 0.04139545 -0.03210329 0.04540532
v 0.04139545 -0.02995541 0.04649305
v 0.04139545 -0.02773649 -0.04696939
v 0.04139545 -0.02773649 0.04696938
v 0.04139545 -0.02551757 -0.04700000
v 0.04139545 -0.02551757 0.04700000
v 0.04139545 -0.02329865 -0.04700000
v 0.04139545 -0.02329865 0.04700000
v 0.04139545 -0.02107973 -0.04700000
v 0.04139545 -0.02107973 0.04700000
v 0.04139545 -0.01886081 -0.04700000
v 0.04139545 -0.01886081 0.04700000
v 0.04139545 -0.01664189 -0.04700000
v 0.04139545 -0.01664189 0.04700000
v 0.04139545 -0.01442297 -0.04700000
v 0.04139545 -0.01442297 0.04700000
v 0.04139545 -0.01220405 -0.04700000
v 0.04139545 -0.01220405 0.04700000
v 0.04139545 -0.00998514 -0.04700000
v 0.04139545 -0.00998514 0.04700000
v 0.04139545 -0.00776622 -0.04700000
v 0.04139545 -0.00776622 0.04700000
v 0.04139545 -0.00554730 -0.04700000
v 0.04139545 -0.00554730 0.04700000
v 0.04139545 -0.00332838 -0.04700000
v 0.04139545 -0.00332838 0.04700000
v 0.04139545 -0.00110946 -0.04700000
v 0.04139545 -0.00110946 0.04700000
v 0.04139545 0.00110946 -0.04700000
v 0.04139545 0.00110946 0.04700000
v 0.04139545 0.00332838 -0.04700000
v 0.04139545 0.00332838 0.04700000
v 0.04139545 0.00554730 -0.04700000
v 0.04139545 0.00554730 0.04700000
v 0.04139545 0.00776622 -0.04700000
v 0.04139545 0.00776622 0.04700000
v 0.04139545 0.00998514 -0.04700000
v 0.04139545 0.00998514 0.04700000
v 0.04139545 0.01220405 -0.04700000
v 0.04139545 0.01220405 0.04700000
v 0.04139545 0.01442297 -0.04700000
v 0.04139545 0.01442297 0.04700000
v 0.04139545 0.01664189 -0.04700000
v 0.04139545 0.01664189 0.04700000
v 0.04139545 0.01886081 -0.04700000
v 0.04139545 0.01886081 0.04700000
v 0.04139545 0.02107973 -0.04700000
v 0.04139545 0.02107973 0.04700000
v 0.04139545 0.02329865 -0.04700000
v 0.04139545 0.02329865 0.04700000
v 0.04139545 0.02551757 -0.04700000
v 0.04139545 0.02551757 0.04700000
v 0.04139545 0.02773649 -0.04696939
v 0.04139545 0.02773649 0.04696938
v 0.04139545 0.02995541 -0.04649305
v 0.04139545 0.02995541 0.04649305
v 0.04139545 0.03210329 -0.04540532
v 0.04139545 0.03217432 -0.04536121
v 0.04139545 0.03217432 0.04536121
v 0.04139545 0.03210329 0.04540532
v 0.04139545 0.03434989 -0.04319043
v 0.04139545 0.03439324 -0.04312108
v 0.04139545 0.03439324 0.04312108
v 0.04139545 0.03434989 0.04319043
v 0.04139545 0.03548588 -0.04097553
v 0.04139545 0.03596734 -0.03876064
v 0.04139545 0.03600000 -0.03654574
v 0.04139545 0.03600000 -0.03433085
v 0.04139545 0.03600000 -0.03211596
v 0.04139545 0.03600000 -0.02990106
v 0.04139545 0.03600000 -0.02768617
v 0.04139545 0.03600000 -0.02547128
v 0.04139545 0.03600000 -0.02325638
v 0.04139545 0.03600000 -0.02104149
v 0.04139545 0.03600000 -0.01882660
v 0.04139545 0.03600000 -0.01661170
v 0.04139545 0.03600000 -0.01439681
v 0.04139545 0.03600000 -0.01218191
v 0.04139545 0.03600000 -0.00996702
v 0.04139545 0.03600000 -0.00775213
v 0.04139545 0.03600000 -0.00553723
v 0.04139545 0.03600000 -0.00332234
v 0.04139545 0.03600000 -0.00110745
v 0.04139545 0.03600000 0.00110745
v 0.04139545 0.03600000 0.00332234
v 0.04139545 0.03600000 0.00553723
v 0.04139545 0.03600000 0.00775213
v 0.04139545 0.03600000 0.00996702
v 0.04139545 0.03600000 0.01218191
v 0.04139545 0.03600000 0.01439681
v 0.04139545 0.03600000 0.01661170
v 0.04139545 0.03600000 0.01882660
v 0.04139545 0.03600000 0.02104149
v 0.04139545 0.03600000 0.02325638
v 0.04139545 0.03600000 0.02547128
v 0.04139545 0.03600000 0.02768617
v 0.04139545 0.03600000 0.02990106
v 0.04139545 0.03600000 0.03211596
v 0.04139545 0.03600000 0.03433085
v 0.04139545 0.03600000 0.03654574
v 0.04139545 0.03596734 0.03876064
v 0.04139545 0.03548588 0.04097553
v 0.04376091 -0.03548588 -0.04097553
v 0.04376091 -0.03439324 -0.04312108
v 0.04376091 -0.03596734 -0.03876064
v 0.04376091 -0.03600000 -0.03654574
v 0.04376091 -0.03600000 -0.03433085
v 0.04376091 -0.03600000 -0.03211596
v 0.04376091 -0.03600000 -0.02990106
v 0.04376091 -0.03600000 -0.02768617
v 0.04376091 -0.03600000 -0.02547128
v 0.04376091 -0.03600000 -0.02325638
v 0.04376091 -0.03600000 -0.02104149
v 0.04376091 -0.03600000 -0.01882660
v 0.04376091 -0.03600000 -0.01661170
v 0.04376091 -0.03600000 -0.01439681
v 0.04376091 -0.03600000 -0.01218191
v 0.04376091 -0.03600000 -0.00996702
v 0.04376091 -0.03600000 -0.00775213
v 0.04376091 -0.03600000 -0.00553723
v 0.04376091 -0.03600000 -0.00332234
v 0.04376091 -0.03600000 -0.00110745
v 0.04376091 -0.03600000 0.00110745
v 0.04376091 -0.03600000 0.00332234
v 0.04376091 -0.03600000 0.00553723
v 0.04376091 -0.03600000 0.00775213
v 0.04376091 -0.03600000 0.00996702
v 0.04376091 -0.03600000 0.01218191
v 0.04376091 -0.03600000 0.01439681
v 0.04376091 -0.03600000 0.01661170
v 0.04376091 -0.03600000 0.01882660
v 0.04376091 -0.03600000 0.02104149
v 0.04376091 -0.03600000 0.02325638
v 0.04376091 -0.03600000 0.02547128
v 0.04376091 -0.03600000 0.02768617
v 0.04376091 -0.03600000 0.02990106
v 0.04376091 -0.03600000 0.03211596
v 0.04376091 -0.03600000 0.03433085
v 0.04376091 -0.03600000 0.03654574
v 0.04376091 -0.03596734 0.03876064
v 0.04376091 -0.03548588 0.04097553
v 0.04376091 -0.03439324 0.04312108
v 0.04376091 -0.03434988 -0.04319043
v 0.04376091 -0.03217432 -0.04536121
v 0.04376091 -0.03434988 0.04319043
v 0.04376091 -0.03217432 0.04536121
v 0.04376091 -0.03210329 -0.04540532
v 0.04376091 -0.02995541 -0.04649305
v 0.04376091 -0.03210329 0.04540532
v 0.04376091 -0.02995541 0.04649305
v 0.04376091 -0.02773649 -0.04696939
v 0.04376091 -0.02773649 0.04696938
v 0.04376091 -0.02551757 -0.04700000
v 0.04376091 -0.02551757 0.04700000
v 0.04376091 -0.02329865 -0.04700000
v 0.04376091 -0.02329865 0.04700000
v 0.04376091 -0.02107973 -0.04700000
v 0.04376091 -0.02107973 0.04700000
v 0.04376091 -0.01886081 -0.04700000
v 0.04376091 -0.01886081 0.04700000
v 0.04376091 -0.01664189 -0.04700000
v 0.04376091 -0.01664189 0.04700000
v 0.04376091 -0.01442297 -0.04700000
v 0.04376091 -0.01442297 0.04700000
v 0.04376091 -0.01220405 -0.04700000
v 0.04376091 -0.01220405 0.04700000
v 0.04376091 -0.00998514 -0.04700000
v 0.04376091 -0.00998514 0.04700000
v 0.04376091 -0.00776622 -0.04700000
v 0.04376091 -0.00776622 0.04700000
v 0.04376091 -0.00554730 -0.04700000
v 0.04376091 -0.00554730 0.04700000
v 0.04376091 -0.00332838 -0.04700000
v 0.04376091 -0.00332838 0.04700000
v 0.04376091 -0.00110946 -0.04700000
v 0.04376091 -0.00110946 0.04700000
v 0.04376091 0.00110946 -0.04700000
v 0.04376091 0.00110946 0.04700000
v 0.04376091 0.00332838 -0.04700000
v 0.04376091 0.00332838 0.04700000
v 0.04376091 0.00554730 -0.04700000
v 0.04376091 0.00554730 0.04700000
v 0.04376091 0.00776622 -0.04700000
v 0.04376091 0.00776622 0.04700000
v 0.04376091 0.00998514 -0.04700000
v 0.04376091 0.00998514 0.04700000
v 0.04376091 0.01220405 -0.04700000
v 0.04376091 0.01220405 0.04700000
v 0.04376091 0.01442297 -0.04700000
v 0.04376091 0.01442297 0.04700000
v 0.04376091 0.01664189 -0.04700000
v 0.04376091 0.01664189 0.04700000
v 0.04376091 0.01886081 -0.04700000
v 0.04376091 0.01886081 0.04700000
v 0.04376091 0.02107973 -0.04700000
v 0.04376091 0.02107973 0.04700000
v 0.04376091 0.02329865 -0.04700000
v 0.04376091 0.02329865 0.04700000
v 0.04376091 0.02551757 -0.04700000
v 0.04376091 0.02551757 0.04700000
v 0.04376091 0.02773649 -0.04696939
v 0.04376091 0.02773649 0.04696938
v 0.04376091 0.02995541 -0.04649305
v 0.04376091 0.02995541 0.04649305
v 0.04376091 0.03210329 -0.04540532
v 0.04376091 0.03217432 -0.04536121
v 0.04376091 0.03217432 0.04536121
v 0.04376091 0.03210329 0.04540532
v 0.04376091 0.03434989 -0.04319043
v 0.04376091 0.03439324 -0.04312108
v 0.04376091 0.03439324 0.04312108
v 0.04376091 0.03434989 0.04319043
v 0.04376091 0.03548588 -0.04097553
v 0.04376091 0.03596734 -0.03876064
v 0.04376091 0.03600000 -0.03654574
v 0.04376091 0.03600000 -0.03433085
v 0.04376091 0.03600000 -0.03211596
v 0.04376091 0.03600000 -0.02990106
v 0.04376091 0.03600000 -0.02768617
v 0.04376091 0.03600000 -0.02547128
v 0.04376091 0.03600000 -0.02325638
v 0.04376091 0.03600000 -0.02104149
v 0.04376091 0.03600000 -0.01882660
v 0.04376091 0.03600000 -0.01661170
v 0.04376091 0.03600000 -0.01439681
v 0.04376091 0.03600000 -0.01218191
v 0.04376091 0.03600000 -0.00996702
v 0.04376091 0.03600000 -0.00775213
v 0.04376091 0.03600000 -0.00553723
v 0.04376091 0.03600000 -0.00332234
v 0.04376091 0.03600000 -0.00110745
v 0.04376091 0.03600000 0.00110745
v 0.04376091 0.03600000 0.00332234
v 0.04376091 0.03600000 0.00553723
v 0.04376091 0.03600000 0.00775213
v 0.04376091 0.03600000 0.00996702
v 0.04376091 0.03600000 0.01218191
v 0.04376091 0.03600000 0.01439681
v 0.04376091 0.03600000 0.01661170
v 0.04376091 0.03600000 0.01882660
v 0.04376091 0.03600000 0.02104149
v 0.04376091 0.03600000 0.02325638
v 0.04376091 0.03600000 0.02547128
v 0.04376091 0.03600000 0.02768617
v 0.04376091 0.03600000 0.02990106
v 0.04376091 0.03600000 0.03211596
v 0.04376091 0.03600000 0.03433085
v 0.04376091 0.03600000 0.03654574
v 0.04376091 0.03596734 0.03876064
v 0.04376091 0.03548588 0.04097553
v 0.04612636 -0.03548588 -0.04097553
v 0.04612636 -0.03439324 -0.04312108
v 0.04612636 -0.03596734 -0.03876064
v 0.04612636 -0.03600000 -0.03654574
v 0.04612636 -0.03600000 -0.03433085
v 0.04612636 -0.03600000 -0.03211596
v 0.04612636 -0.03600000 -0.02990106
v 0.04612636 -0.03600000 -0.02768617
v 0.04612636 -0.03600000 -0.02547128
v 0.04612636 -0.03600000 -0.02325638
v 0.04612636 -0.03600000 -0.02104149
v 0.04612636 -0.03600000 -0.01882660
v 0.04612636 -0.03600000 -0.01661170
v 0.04612636 -0.03600000 -0.01439681
v 0.04612636 -0.03600000 -0.01218191
v 0.04612636 -0.03600000 -0.00996702
v 0.04612636 -0.03600000 -0.00775213
v 0.04612636 -0.03600000 -0.00553723
v 0.04612636 -0.03600000 -0.00332234
v 0.04612636 -0.03600000 -0.00110745
v 0.04612636 -0.03600000 0.00110745
v 0.04612636 -0.03600000 0.00332234
v 0.04612636 -0.03600000 0.00553723
v 0.04612636 -0.03600000 0.00775213
v 0.04612636 -0.03600000 0.00996702
v 0.04612636 -0.03600000 0.01218191
v 0.04612636 -0.03600000 0.01439681
v 0.04612636 -0.03600000 0.01661170
v 0.04612636 -0.03600000 0.01882660
v 0.04612636 -0.03600000 0.02104149
v 0.04612636 -0.03600000 0.02325638
v 0.04612636 -0.03600000 0.02547128
v 0.04612636 -0.03600000 0.02768617
v 0.04612636 -0.03600000 0.02990106
v 0.04612636 -0.03600000 0.03211596
v 0.04612636 -0.03600000 0.03433085
v 0.04612636 -0.03600000 0.03654574
v 0.04612636 -0.03596734 0.03876064
v 0.04612636 -0.03548588 0.04097553
v 0.04612636 -0.03439324 0.04312108
v 0.04612636 -0.03434988 -0.04319043
v 0.04612636 -0.03217432 -0.04536121
v 0.04612636 -0.03434988 0.04319043
v 0.04612636 -0.03217432 0.04536121
v 0.04612636 -0.03210329 -0.04540532
v 0.04612636 -0.02995541 -0.04649305
v 0.04612636 -0.03210329 0.04540532
v 0.04612636 -0.02995541 0.04649305
v 0.04612636 -0.02773649 -0.04696939
v 0.04612636 -0.02773649 0.04696938
v 0.04612636 -0.02551757 -0.04700000
v 0.04612636 -0.02551757 0.04700000
v 0.04612636 -0.02329865 -0.04700000
v 0.04612636 -0.02329865 0.04700000
v 0.04612636 -0.02107973 -0.04700000
v 0.04612636 -0.02107973 0.04700000
v 0.04612636 -0.01886081 -0.04700000
v 0.04612636 -0.01886081 0.04700000
v 0.04612636 -0.01664189 -0.04700000
v 0.04612636 -0.01664189 0.04700000
v 0.04612636 -0.01442297 -0.04700000
v 0.04612636 -0.01442297 0.04700000
v 0.04612636 -0.01220405 -0.04700000
v 0.04612636 -0.01220405 0.04700000
v 0.04612636 -0.00998514 -0.04700000
v 0.04612636 -0.00998514 0.04700000
v 0.04612636 -0.00776622 -0.04700000
v 0.04612636 -0.00776622 0.04700000
v 0.04612636 -0.00554730 -0.04700000
v 0.04612636 -0.00554730 0.04700000
v 0.04612636 -0.00332838 -0.04700000
v 0.04612636 -0.00332838 0.04700000
v 0.04612636 -0.00110946 -0.04700000
v 0.04612636 -0.00110946 0.04700000
v 0.04612636 0.00110946 -0.04700000
v 0.04612636 0.00110946 0.04700000
v 0.04612636 0.00332838 -0.04700000
v 0.04612636 0.00332838 0.04700000
v 0.04612636 0.00554730 -0.04700000
v 0.04612636 0.00554730 0.04700000
v 0.04612636 0.00776622 -0.04700000
v 0.04612636 0.00776622 0.04700000
v 0.04612636 0.00998514 -0.04700000
v 0.04612636 0.00998514 0.04700000
v 0.04612636 0.01220405 -0.04700000
v 0.04612636 0.01220405 0.04700000
v 0.04612636 0.01442297 -0.04700000
v 0.04612636 0.01442297 0.04700000
v 0.04612636 0.01664189 -0.04700000
v 0.04612636 0.01664189 0.04700000
v 0.04612636 0.01886081 -0.04700000
v 0.04612636 0.01886081 0.04700000
v 0.04612636 0.02107973 -0.04700000
v 0.04612636 0.02107973 0.04700000
v 0.04612636 0.02329865 -0.04700000
v 0.04612636 0.02329865 0.04700000
v 0.04612636 0.02551757 -0.04700000
v 0.04612636 0.02551757 0.04700000
v 0.04612636 0.02773649 -0.04696939
v 0.04612636 0.02773649 0.04696938
v 0.04612636 0.02995541 -0.04649305
v 0.04612636 0.02995541 0.04649305
v 0.04612636 0.03210329 -0.04540532
v 0.04612636 0.03217432 -0.04536121
v 0.04612636 0.03217432 0.04536121
v 0.04612636 0.03210329 0.04540532
v 0.04612636 0.03434989 -0.04319043
v 0.04612636 0.03439324 -0.04312108
v 0.04612636 0.03439324 0.04312108
v 0.04612636 0.03434989 0.04319043
v 0.04612636 0.03548588 -0.04097553
v 0.04612636 0.03596734 -0.03876064
v 0.04612636 0.03600000 -0.03654574
v 0.04612636 0.03600000 -0.03433085
v 0.04612636 0.03600000 -0.03211596
v 0.04612636 0.03600000 -0.02990106
v 0.04612636 0.03600000 -0.02768617
v 0.04612636 0.03600000 -0.02547128
v 0.04612636 0.03600000 -0.02325638
v 0.04612636 0.03600000 -0.02104149
v 0.04612636 0.03600000 -0.01882660
v 0.04612636 0.03600000 -0.01661170
v 0.04612636 0.03600000 -0.01439681
v 0.04612636 0.03600000 -0.01218191
v 0.04612636 0.03600000 -0.00996702
v 0.04612636 0.03600000 -0.00775213
v 0.04612636 0.03600000 -0.00553723
v 0.04612636 0.03600000 -0.00332234
v 0.04612636 0.03600000 -0.00110745
v 0.04612636 0.03600000 0.00110745
v 0.04612636 0.03600000 0.00332234
v 0.04612636 0.03600000 0.00553723
v 0.04612636 0.03600000 0.00775213
v 0.04612636 0.03600000 0.00996702
v 0.04612636 0.03600000 0.01218191
v 0.04612636 0.03600000 0.01439681
v 0.04612636 0.03600000 0.01661170
v 0.04612636 0.03600000 0.01882660
v 0.04612636 0.03600000 0.02104149
v 0.04612636 0.03600000 0.02325638
v 0.04612636 0.03600000 0.02547128
v 0.04612636 0.03600000 0.02768617
v 0.04612636 0.03600000 0.02990106
v 0.04612636 0.03600000 0.03211596
v 0.04612636 0.03600000 0.03433085
v 0.04612636 0.03600000 0.03654574
v 0.04612636 0.03596734 0.03876064
v 0.04612636 0.03548588 0.04097553
v 0.04849182 -0.03548588 -0.04097553
v 0.04849182 -0.03439324 -0.04312108
v 0.04849182 -0.03596734 -0.03876064
v 0.04849182 -0.03600000 -0.03654574
v 0.04849182 -0.03600000 -0.03433085
v 0.04849182 -0.03600000 -0.03211596
v 0.04849182 -0.03600000 -0.02990106
v 0.04849182 -0.03600000 -0.02768617
v 0.04849182 -0.03600000 -0.02547128
v 0.04849182 -0.03600000 -0.02325638
v 0.04849182 -0.03600000 -0.02104149
v 0.04849182 -0.03600000 -0.01882660
v 0.04849182 -0.03600000 -0.01661170
v 0.04849182 -0.03600000 -0.01439681
v 0.04849182 -0.03600000 -0.01218191
v 0.04849182 -0.03600000 -0.00996702
v 0.04849182 -0.03600000 -0.00775213
v 0.04849182 -0.03600000 -0.00553723
v 0.04849182 -0.03600000 -0.00332234
v 0.04849182 -0.03600000 -0.00110745
v 0.04849182 -0.03600000 0.00110745
v 0.04849182 -0.03600000 0.00332234
v 0.04849182 -0.03600000 0.00553723
v 0.04849182 -0.03600000 0.00775213
v 0.04849182 -0.03600000 0.00996702
v 0.04849182 -0.03600000 0.01218191
v 0.04849182 -0.03600000 0.01439681
v 0.04849182 -0.03600000 0.01661170
v 0.04849182 -0.03600000 0.01882660
v 0.04849182 -0.03600000 0.02104149
v 0.04849182 -0.03600000 0.02325638
v 0.04849182 -0.03600000 0.02547128
v 0.04849182 -0.03600000 0.02768617
v 0.04849182 -0.03600000 0.02990106
v 0.04849182 -0.03600000 0.03211596
v 0.04849182 -0.03600000 0.03433085
v 0.04849182 -0.03600000 0.03654574
v 0.04849182 -0.03596734 0.03876064
v 0.04849182 -0.03548588 0.04097553
v 0.04849182 -0.03439324 0.04312108
v 0.04849182 -0.03434988 -0.04319043
v 0.04849182 -0.03217432 -0.04536121
v 0.04849182 -0.03434988 0.04319043
v 0.04849182 -0.03217432 0.04536121
v 0.04849182 -0.03210329 -0.04540532
v 0.04849182 -0.02995541 -0.04649305
v 0.04849182 -0.03210329 0.04540532
v 0.04849182 -0.02995541 0.04649305
v 0.04849182 -0.02773649 -0.04696939
v 0.04849182 -0.02773649 0.04696938
v 0.04849182 -0.02551757 -0.04700000
v 0.04849182 -0.02551757 0.04700000
v 0.04849182 -0.02329865 -0.04700000
v 0.04849182 -0.02329865 0.04700000
v 0.04849182 -0.02107973 -0.04700000
v 0.04849182 -0.02107973 0.04700000
v 0.04849182 -0.01886081 -0.04700000
v 0.04849182 -0.01886081 0.04700000
v 0.04849182 -0.01664189 -0.04700000
v 0.04849182 -0.01664189 0.04700000
v 0.04849182 -0.01442297 -0.04700000
v 0.04849182 -0.01442297 0.04700000
v 0.04849182 -0.01220405 -0.04700000
v 0.04849182 -0.01220405 0.04700000
v 0.04849182 -0.00998514 -0.04700000
v 0.04849182 -0.00998514 0.04700000
v 0.04849182 -0.00776622 -0.04700000
v 0.04849182 -0.00776622 0.04700000
v 0.04849182 -0.00554730 -0.04700000
v 0.04849182 -0.00554730 0.04700000
v 0.04849182 -0.00332838 -0.04700000
v 0.04849182 -0.00332838 0.04700000
v 0.04849182 -0.00110946 -0.04700000
v 0.04849182 -0.00110946 0.04700000
v 0.04849182 0.00110946 -0.04700000
v 0.04849182 0.00110946 0.04700000
v 0.04849182 0.00332838 -0.04700000
v 0.04849182 0.00332838 0.04700000
v 0.04849182 0.00554730 -0.04700000
v 0.04849182 0.00554730 0.04700000
v 0.04849182 0.00776622 -0.04700000
v 0.04849182 0.00776622 0.04700000
v 0.04849182 0.00998514 -0.04700000
v 0.04849182 0.00998514 0.04700000
v 0.04849182 0.01220405 -0.04700000
v 0.04849182 0.01220405 0.04700000
v 0.04849182 0.01442297 -0.04700000
v 0.04849182 0.01442297 0.04700000
v 0.04849182 0.01664189 -0.04700000
v 0.04849182 0.01664189 0.04700000
v 0.04849182 0.01886081 -0.04700000
v 0.04849182 0.01886081 0.04700000
v 0.04849182 0.02107973 -0.04700000
v 0.04849182 0.02107973 0.04700000
v 0.04849182 0.02329865 -0.04700000
v 0.04849182 0.02329865 0.04700000
v 0.04849182 0.02551757 -0.04700000
v 0.04849182 0.02551757 0.04700000
v 0.04849182 0.02773649 -0.04696939
v 0.04849182 0.02773649 0.04696938
v 0.04849182 0.02995541 -0.04649305
v 0.04849182 0.02995541 0.04649305
v 0.04849182 0.03210329 -0.04540532
v 0.04849182 0.03217432 -0.04536121
v 0.04849182 0.03217432 0.04536121
v 0.04849182 0.03210329 0.04540532
v 0.04849182 0.03434989 -0.04319043
v 0.04849182 0.03439324 -0.04312108
v 0.04849182 0.03439324 0.04312108
v 0.04849182 0.03434989 0.04319043
v 0.04849182 0.03548588 -0.04097553
v 0.04849182 0.03596734 -0.03876064
v 0.04849182 0.03600000 -0.03654574
v 0.04849182 0.03600000 -0.03433085
v 0.04849182 0.03600000 -0.03211596
v 0.04849182 0.03600000 -0.02990106
v 0.04849182 0.03600000 -0.02768617
v 0.04849182 0.03600000 -0.02547128
v 0.04849182 0.03600000 -0.02325638
v 0.04849182 0.03600000 -0.02104149
v 0.04849182 0.03600000 -0.01882660
v 0.04849182 0.03600000 -0.01661170
v 0.04849182 0.03600000 -0.01439681
v 0.04849182 0.03600000 -0.01218191
v 0.04849182 0.03600000 -0.00996702
v 0.04849182 0.03600000 -0.00775213
v 0.04849182 0.03600000 -0.00553723
v 0.04849182 0.03600000 -0.00332234
v 0.04849182 0.03600000 -0.00110745
v 0.04849182 0.03600000 0.00110745
v 0.04849182 0.03600000 0.00332234
v 0.04849182 0.03600000 0.00553723
v 0.04849182 0.03600000 0.00775213
v 0.04849182 0.03600000 0.00996702
v 0.04849182 0.03600000 0.01218191
v 0.04849182 0.03600000 0.01439681
v 0.04849182 0.03600000 0.01661170
v 0.04849182 0.03600000 0.01882660
v 0.04849182 0.03600000 0.02104149
v 0.04849182 0.03600000 0.02325638
v 0.04849182 0.03600000 0.02547128
v 0.04849182 0.03600000 0.02768617
v 0.04849182 0.03600000 0.02990106
v 0.04849182 0.03600000 0.03211596
v 0.04849182 0.03600000 0.03433085
v 0.04849182 0.03600000 0.03654574
v 0.04849182 0.03596734 0.03876064
v 0.04849182 0.03548588 0.04097553
v 0.05085727 -0.03548588 -0.04097553
v 0.05085727 -0.03439324 -0.04312108
v 0.05085727 -0.03596734 -0.03876064
v 0.05085727 -0.03600000 -0.03654574
v 0.05085727 -0.03600000 -0.03433085
v 0.05085727 -0.03600000 -0.03211596
v 0.05085727 -0.03600000 -0.02990106
v 0.05085727 -0.03600000 -0.02768617
v 0.05085727 -0.03600000 -0.02547128
v 0.05085727 -0.03600000 -0.02325638
v 0.05085727 -0.03600000 -0.02104149
v 0.05085727 -0.03600000 -0.01882660
v 0.05085727 -0.03600000 -0.01661170
v 0.05085727 -0.03600000 -0.01439681
v 0.05085727 -0.03600000 -0.01218191
v 0.05085727 -0.03600000 -0.00996702
v 0.05085727 -0.03600000 -0.00775213
v 0.05085727 -0.03600000 -0.00553723
v 0.05085727 -0.03600000 -0.00332234
v 0.05085727 -0.03600000 -0.00110745
v 0.05085727 -0.03600000 0.00110745
v 0.05085727 -0.03600000 0.00332234
v 0.05085727 -0.03600000 0.00553723
v 0.05085727 -0.03600000 0.00775213
v 0.05085727 -0.03600000 0.00996702
v 0.05085727 -0.03600000 0.01218191
v 0.05085727 -0.03600000 0.01439681
v 0.05085727 -0.03600000 0.01661170
v 0.05085727 -0.03600000 0.01882660
v 0.05085727 -0.03600000 0.02104149
v 0.05085727 -0.03600000 0.02325638
v 0.05085727 -0.03600000 0.02547128
v 0.05085727 -0.03600000 0.02768617
v 0.05085727 -0.03600000 0.02990106
v 0.05085727 -0.03600000 0.03211596
v 0.05085727 -0.03600000 0.03433085
v 0.05085727 -0.03600000 0.03654574
v 0.05085727 -0.03596734 0.03876064
v 0.05085727 -0.03548588 0.04097553
v 0.05085727 -0.03439324 0.04312108
v 0.05085727 -0.03434988 -0.04319043
v 0.05085727 -0.03217432 -0.04536121
v 0.05085727 -0.03434988 0.04319043
v 0.05085727 -0.03217432 0.04536121
v 0.05085727 -0.03210329 -0.04540532
v 0.05085727 -0.02995541 -0.04649305
v 0.05085727 -0.03210329 0.04540532
v 0.05085727 -0.02995541 0.04649305
v 0.05085727 -0.02773649 -0.04696939
v 0.05085727 -0.02773649 0.04696938
v 0.05085727 -0.02551757 -0.04700000
v 0.05085727 -0.02551757 0.04700000
v 0.05085727 -0.02329865 -0.04700000
v 0.05085727 -0.02329865 0.04700000
v 0.05085727 -0.02107973 -0.04700000
v 0.05085727 -0.02107973 0.04700000
v 0.05085727 -0.01886081 -0.04700000
v 0.05085727 -0.01886081 0.04700000
v 0.05085727 -0.01664189 -0.04700000
v 0.05085727 -0.01664189 0.04700000
v 0.05085727 -0.01442297 -0.04700000
v 0.05085727 -0.01442297 0.04700000
v 0.05085727 -0.01220405 -0.04700000
v 0.05085727 -0.01220405 0.04700000
v 0.05085727 -0.00998514 -0.04700000
v 0.05085727 -0.00998514 0.04700000
v 0.05085727 -0.00776622 -0.04700000
v 0.05085727 -0.00776622 0.04700000
v 0.05085727 -0.00554730 -0.04700000
v 0.05085727 -0.00554730 0.04700000
v 0.05085727 -0.00332838 -0.04700000
v 0.05085727 -0.00332838 0.04700000
v 0.05085727 -0.00110946 -0.04700000
v 0.05085727 -0.00110946 0.04700000
v 0.05085727 0.00110946 -0.04700000
v 0.05085727 0.00110946 0.04700000
v 0.05085727 0.00332838 -0.04700000
v 0.05085727 0.00332838 0.04700000
v 0.05085727 0.00554730 -0.04700000
v 0.05085727 0.00554730 0.04700000
v 0.05085727 0.00776622 -0.04700000
v 0.05085727 0.00776622 0.04700000
v 0.05085727 0.00998514 -0.04700000
v 0.05085727 0.00998514 0.04700000
v 0.05085727 0.01220405 -0.04700000
v 0.05085727 0.01220405 0.04700000
v 0.05085727 0.01442297 -0.04700000
v 0.05085727 0.01442297 0.04700000
v 0.05085727 0.01664189 -0.04700000
v 0.05085727 0.01664189 0.04700000
v 0.05085727 0.01886081 -0.04700000
v 0.05085727 0.01886081 0.04700000
v 0.05085727 0.02107973 -0.04700000
v 0.05085727 0.02107973 0.04700000
v 0.05085727 0.02329865 -0.04700000
v 0.05085727 0.02329865 0.04700000
v 0.05085727 0.02551757 -0.04700000
v 0.05085727 0.02551757 0.04700000
v 0.05085727 0.02773649 -0.04696939
v 0.05085727 0.02773649 0.04696938
v 0.05085727 0.02995541 -0.04649305
v 0.05085727 0.02995541 0.04649305
v 0.05085727 0.03210329 -0.04540532
v 0.05085727 0.03217432 -0.04536121
v 0.05085727 0.03217432 0.04536121
v 0.05085727 0.03210329 0.04540532
v 0.05085727 0.03434989 -0.04319043
v 0.05085727 0.03439324 -0.04312108
v 0.05085727 0.03439324 0.04312108
v 0.05085727 0.03434989 0.04319043
v 0.05085727 0.03548588 -0.04097553
v 0.05085727 0.03596734 -0.03876064
v 0.05085727 0.03600000 -0.03654574
v 0.05085727 0.03600000 -0.03433085
v 0.05085727 0.03600000 -0.03211596
v 0.05085727 0.03600000 -0.02990106
v 0.05085727 0.03600000 -0.02768617
v 0.05085727 0.03600000 -0.02547128
v 0.05085727 0.03600000 -0.02325638
v 0.05085727 0.03600000 -0.02104149
v 0.05085727 0.03600000 -0.01882660
v 0.05085727 0.03600000 -0.01661170
v 0.05085727 0.03600000 -0.01439681
v 0.05085727 0.03600000 -0.01218191
v 0.05085727 0.03600000 -0.00996702
v 0.05085727 0.03600000 -0.00775213
v 0.05085727 0.03600000 -0.00553723
v 0.05085727 0.03600000 -0.00332234
v 0.05085727 0.03600000 -0.00110745
v 0.05085727 0.03600000 0.00110745
v 0.05085727 0.03600000 0.00332234
v 0.05085727 0.03600000 0.00553723
v 0.05085727 0.03600000 0.00775213
v 0.05085727 0.03600000 0.00996702
v 0.05085727 0.03600000 0.01218191
v 0.05085727 0.03600000 0.01439681
v 0.05085727 0.03600000 0.01661170
v 0.05085727 0.03600000 0.01882660
v 0.05085727 0.03600000 0.02104149
v 0.05085727 0.03600000 0.02325638
v 0.05085727 0.03600000 0.02547128
v 0.05085727 0.03600000 0.02768617
v 0.05085727 0.03600000 0.02990106
v 0.05085727 0.03600000 0.03211596
v 0.05085727 0.03600000 0.03433085
v 0.05085727 0.03600000 0.03654574
v 0.05085727 0.03596734 0.03876064
v 0.05085727 0.03548588 0.04097553
v 0.05322273 -0.03518671 -0.04097553
v 0.05322273 -0.03439324 -0.04253879
v 0.05322273 -0.03568301 -0.03876064
v 0.05322273 -0.03571680 -0.03654574
v 0.05322273 -0.03571680 -0.03433085
v 0.05322273 -0.03571680 -0.03211596
v 0.05322273 -0.03571680 -0.02990106
v 0.05322273 -0.03571680 -0.02768617
v 0.05322273 -0.03571680 -0.02547128
v 0.05322273 -0.03571680 -0.02325638
v 0.05322273 -0.03571680 -0.02104149
v 0.05322273 -0.03571680 -0.01882660
v 0.05322273 -0.03571680 -0.01661170
v 0.05322273 -0.03571680 -0.01439681
v 0.05322273 -0.03571680 -0.01218191
v 0.05322273 -0.03571680 -0.00996702
v 0.05322273 -0.03571680 -0.00775213
v 0.05322273 -0.03571680 -0.00553723
v 0.05322273 -0.03571680 -0.00332234
v 0.05322273 -0.03571680 -0.00110745
v 0.05322273 -0.03571680 0.00110745
v 0.05322273 -0.03571680 0.00332234
v 0.05322273 -0.03571680 0.00553723
v 0.05322273 -0.03571680 0.00775213
v 0.05322273 -0.03571680 0.00996702
v 0.05322273 -0.03571680 0.01218191
v 0.05322273 -0.03571680 0.01439681
v 0.05322273 -0.03571680 0.01661170
v 0.05322273 -0.03571680 0.01882660
v 0.05322273 -0.03571680 0.02104149
v 0.05322273 -0.03571680 0.02325638
v 0.05322273 -0.03571680 0.02547128
v 0.05322273 -0.03571680 0.02768617
v 0.05322273 -0.03571680 0.02990106
v 0.05322273 -0.03571680 0.03211596
v 0.05322273 -0.03571680 0.03433085
v 0.05322273 -0.03571680 0.03654574
v 0.05322273 -0.03568301 0.03876064
v 0.05322273 -0.03518671 0.04097553
v 0.05322273 -0.03439324 0.04253879
v 0.05322273 -0.03398465 -0.04319043
v 0.05322273 -0.03217432 -0.04499677
v 0.05322273 -0.03398465 0.04319043
v 0.05322273 -0.03217432 0.04499677
v 0.05322273 -0.03151826 -0.04540532
v 0.05322273 -0.02995541 -0.04619416
v 0.05322273 -0.03151826 0.04540532
v 0.05322273 -0.02995541 0.04619417
v 0.05322273 -0.02773649 -0.04668514
v 0.05322273 -0.02773649 0.04668514
v 0.05322273 -0.02551757 -0.04671681
v 0.05322273 -0.02551757 0.04671680
v 0.05322273 -0.02329865 -0.04671681
v 0.05322273 -0.02329865 0.04671680
v 0.05322273 -0.02107973 -0.04671681
v 0.05322273 -0.02107973 0.04671680
v 0.05322273 -0.01886081 -0.04671681
v 0.05322273 -0.01886081 0.04671680
v 0.05322273 -0.01664189 -0.04671681
v 0.05322273 -0.01664189 0.04671680
v 0.05322273 -0.01442297 -0.04671681
v 0.05322273 -0.01442297 0.04671680
v 0.05322273 -0.01220405 -0.04671681
v 0.05322273 -0.01220405 0.04671680
v 0.05322273 -0.00998514 -0.04671681
v 0.05322273 -0.00998514 0.04671680
v 0.05322273 -0.00776622 -0.04671681
v 0.05322273 -0.00776622 0.04671680
v 0.05322273 -0.00554730 -0.04671681
v 0.05322273 -0.00554730 0.04671680
v 0.05322273 -0.00332838 -0.04671681
v 0.05322273 -0.00332838 0.04671680
v 0.05322273 -0.00110946 -0.04671681
v 0.05322273 -0.00110946 0.04671680
v 0.05322273 0.00110946 -0.04671681
v 0.05322273 0.00110946 0.04671680
v 0.05322273 0.00332838 -0.04671681
v 0.05322273 0.00332838 0.04671680
v 0.05322273 0.00554730 -0.04671681
v 0.05322273 0.00554730 0.04671680
v 0.05322273 0.00776622 -0.04671681
v 0.05322273 0.00776622 0.04671680
v 0.05322273 0.00998514 -0.04671681
v 0.05322273 0.00998514 0.04671680
v 0.05322273 0.01220405 -0.04671681
v 0.05322273 0.01220405 0.04671680
v 0.05322273 0.01442297 -0.04671681
v 0.05322273 0.01442297 0.04671680
v 0.05322273 0.01664189 -0.04671681
v 0.05322273 0.01664189 0.04671680
v 0.05322273 0.01886081 -0.04671681
v 0.05322273 0.01886081 0.04671680
v 0.05322273 0.02107973 -0.04671681
v 0.05322273 0.02107973 0.04671680
v 0.05322273 0.02329865 -0.04671681
v 0.05322273 0.02329865 0.04671680
v 0.05322273 0.02551757 -0.04671681
v 0.05322273 0.02551757 0.04671680
v 0.05322273 0.02773649 -0.04668514
v 0.05322273 0.02773649 0.04668514
v 0.05322273 0.02995541 -0.04619416
v 0.05322273 0.02995541 0.04619417
v 0.05322273 0.03151826 -0.04540532
v 0.05322273 0.03217432 -0.04499677
v 0.05322273 0.03217432 0.04499677
v 0.05322273 0.03151826 0.04540532
v 0.05322273 0.03398465 -0.04319043
v 0.05322273 0.03439324 -0.04253879
v 0.05322273 0.03439324 0.04253879
v 0.05322273 0.03398465 0.04319043
v 0.05322273 0.03518671 -0.04097553
v 0.05322273 0.03568301 -0.03876064
v 0.05322273 0.03571680 -0.03654574
v 0.05322273 0.03571680 -0.03433085
v 0.05322273 0.03571680 -0.03211596
v 0.05322273 0.03571680 -0.02990106
v 0.05322273 0.03571680 -0.02768617
v 0.05322273 0.03571680 -0.02547128
v 0.05322273 0.03571680 -0.02325638
v 0.05322273 0.03571680 -0.02104149
v 0.05322273 0.03571680 -0.01882660
v 0.05322273 0.03571680 -0.01661170
v 0.05322273 0.03571680 -0.01439681
v 0.05322273 0.03571680 -0.01218191
v 0.05322273 0.03571680 -0.00996702
v 0.05322273 0.03571680 -0.00775213
v 0.05322273 0.03571680 -0.00553723
v 0.05322273 0.03571680 -0.00332234
v 0.05322273 0.03571680 -0.00110745
v 0.05322273 0.03571680 0.00110745
v 0.05322273 0.03571680 0.00332234
v 0.05322273 0.03571680 0.00553723
v 0.05322273 0.03571680 0.00775213
v 0.05322273 0.03571680 0.00996702
v 0.05322273 0.03571680 0.01218191
v 0.05322273 0.03571680 0.01439681
v 0.05322273 0.03571680 0.01661170
v 0.05322273 0.03571680 0.01882660
v 0.05322273 0.03571680 0.02104149
v 0.05322273 0.03571680 0.02325638
v 0.05322273 0.03571680 0.02547128
v 0.05322273 0.03571680 0.02768617
v 0.05322273 0.03571680 0.02990106
v 0.05322273 0.03571680 0.03211596
v 0.05322273 0.03571680 0.03433085
v 0.05322273 0.03571680 0.03654574
v 0.05322273 0.03568301 0.03876064
v 0.05322273 0.03518671 0.04097553
v 0.05508562 -0.03439324 -0.04097553
v 0.05558818 -0.03439324 -0.04003521
v 0.05558818 -0.03469642 -0.03876064
v 0.05558818 -0.03473324 -0.03654574
v 0.05558818 -0.03473324 -0.03433085
v 0.05558818 -0.03473324 -0.03211596
v 0.05558818 -0.03473324 -0.02990106
v 0.05558818 -0.03473324 -0.02768617
v 0.05558818 -0.03473324 -0.02547128
v 0.05558818 -0.03473324 -0.02325638
v 0.05558818 -0.03473324 -0.02104149
v 0.05558818 -0.03473324 -0.01882660
v 0.05558818 -0.03473324 -0.01661170
v 0.05558818 -0.03473324 -0.01439681
v 0.05558818 -0.03473324 -0.01218191
v 0.05558818 -0.03473324 -0.00996702
v 0.05558818 -0.03473324 -0.00775213
v 0.05558818 -0.03473324 -0.00553723
v 0.05558818 -0.03473324 -0.00332234
v 0.05558818 -0.03473324 -0.00110745
v 0.05558818 -0.03473324 0.00110745
v 0.05558818 -0.03473324 0.00332234
v 0.05558818 -0.03473324 0.00553723
v 0.05558818 -0.03473324 0.00775213
v 0.05558818 -0.03473324 0.00996702
v 0.05558818 -0.03473324 0.01218191
v 0.05558818 -0.03473324 0.01439681
v 0.05558818 -0.03473324 0.01661170
v 0.05558818 -0.03473324 0.01882660
v 0.05558818 -0.03473324 0.02104149
v 0.05558818 -0.03473324 0.02325638
v 0.05558818 -0.03473324 0.02547128
v 0.05558818 -0.03473324 0.02768617
v 0.05558818 -0.03473324 0.02990106
v 0.05558818 -0.03473324 0.03211596
v 0.05558818 -0.03473324 0.03433085
v 0.05558818 -0.03473324 0.03654574
v 0.05558818 -0.03469642 0.03876064
v 0.05508562 -0.03439324 0.04097553
v 0.05558818 -0.03439324 0.04003521
v 0.05558818 -0.03270221 -0.04319043
v 0.05558818 -0.03217432 -0.04371715
v 0.05558818 -0.03413250 -0.04097553
v 0.05558818 -0.03413250 0.04097553
v 0.05558818 -0.03270221 0.04319043
v 0.05558818 -0.03217432 0.04371715
v 0.05507715 -0.02995541 -0.04540532
v 0.05558818 -0.02995541 -0.04514077
v 0.05507715 -0.02995541 0.04540532
v 0.05558818 -0.02995541 0.04514078
v 0.05558818 -0.02898752 -0.04540532
v 0.05558818 -0.02773649 -0.04569905
v 0.05558818 -0.02898752 0.04540532
v 0.05558818 -0.02773649 0.04569905
v 0.05558818 -0.02551757 -0.04573355
v 0.05558818 -0.02551757 0.04573355
v 0.05558818 -0.02329865 -0.04573355
v 0.05558818 -0.02329865 0.04573355
v 0.05558818 -0.02107973 -0.04573355
v 0.05558818 -0.02107973 0.04573355
v 0.05558818 -0.01886081 -0.04573355
v 0.05558818 -0.01886081 0.04573355
v 0.05558818 -0.01664189 -0.04573355
v 0.05558818 -0.01664189 0.04573355
v 0.05558818 -0.01442297 -0.04573355
v 0.05558818 -0.01442297 0.04573355
v 0.05558818 -0.01220405 -0.04573355
v 0.05558818 -0.01220405 0.04573355
v 0.05558818 -0.00998514 -0.04573355
v 0.05558818 -0.00998514 0.04573355
v 0.05558818 -0.00776622 -0.04573355
v 0.05558818 -0.00776622 0.04573355
v 0.05558818 -0.00554730 -0.04573355
v 0.05558818 -0.00554730 0.04573355
v 0.05558818 -0.00332838 -0.04573355
v 0.05558818 -0.00332838 0.04573355
v 0.05558818 -0.00110946 -0.04573355
v 0.05558818 -0.00110946 0.04573355
v 0.05558818 0.00110946 -0.04573355
v 0.05558818 0.00110946 0.04573355
v 0.05558818 0.00332838 -0.04573355
v 0.05558818 0.00332838 0.04573355
v 0.05558818 0.00554730 -0.04573355
v 0.05558818 0.00554730 0.04573355
v 0.05558818 0.00776622 -0.04573355
v 0.05558818 0.00776622 0.04573355
v 0.05558818 0.00998514 -0.04573355
v 0.05558818 0.00998514 0.04573355
v 0.05558818 0.01220405 -0.04573355
v 0.05558818 0.01220405 0.04573355
v 0.05558818 0.01442297 -0.04573355
v 0.05558818 0.01442297 0.04573355
v 0.05558818 0.01664189 -0.04573355
v 0.05558818 0.01664189 0.04573355
v 0.05558818 0.01886081 -0.04573355
v 0.05558818 0.01886081 0.04573355
v 0.05558818 0.02107973 -0.04573355
v 0.05558818 0.02107973 0.04573355
v 0.05558818 0.02329865 -0.04573355
v 0.05558818 0.02329865 0.04573355
v 0.05558818 0.02551757 -0.04573355
v 0.05558818 0.02551757 0.04573355
v 0.05558818 0.02773649 -0.04569905
v 0.05558818 0.02773649 0.04569905
v 0.05558818 0.02898752 -0.04540532
v 0.05507715 0.02995541 -0.04540532
v 0.05558818 0.02995541 -0.04514077
v 0.05507715 0.02995541 0.04540532
v 0.05558818 0.02995541 0.04514078
v 0.05558818 0.02898752 0.04540532
v 0.05558818 0.03217432 -0.04371715
v 0.05558818 0.03217432 0.04371715
v 0.05558818 0.03270221 -0.04319043
v 0.05558818 0.03413249 -0.04097553
v 0.05508562 0.03439324 -0.04097553
v 0.05558818 0.03439324 -0.04003521
v 0.05508562 0.03439324 0.04097553
v 0.05558818 0.03439324 0.04003521
v 0.05558818 0.03413249 0.04097553
v 0.05558818 0.03270221 0.04319043
v 0.05558818 0.03469642 -0.03876064
v 0.05558818 0.03473325 -0.03654574
v 0.05558818 0.03473325 -0.03433085
v 0.05558818 0.03473325 -0.03211596
v 0.05558818 0.03473325 -0.02990106
v 0.05558818 0.03473325 -0.02768617
v 0.05558818 0.03473325 -0.02547128
v 0.05558818 0.03473325 -0.02325638
v 0.05558818 0.03473325 -0.02104149
v 0.05558818 0.03473325 -0.01882660
v 0.05558818 0.03473325 -0.01661170
v 0.05558818 0.03473325 -0.01439681
v 0.05558818 0.03473325 -0.01218191
v 0.05558818 0.03473325 -0.00996702
v 0.05558818 0.03473325 -0.00775213
v 0.05558818 0.03473325 -0.00553723
v 0.05558818 0.03473325 -0.00332234
v 0.05558818 0.03473325 -0.00110745
v 0.05558818 0.03473325 0.00110745
v 0.05558818 0.03473325 0.00332234
v 0.05558818 0.03473325 0.00553723
v 0.05558818 0.03473325 0.00775213
v 0.05558818 0.03473325 0.00996702
v 0.05558818 0.03473325 0.01218191
v 0.05558818 0.03473325 0.01439681
v 0.05558818 0.03473325 0.01661170
v 0.05558818 0.03473325 0.01882660
v 0.05558818 0.03473325 0.02104149
v 0.05558818 0.03473325 0.02325638
v 0.05558818 0.03473325 0.02547128
v 0.05558818 0.03473325 0.02768617
v 0.05558818 0.03473325 0.02990106
v 0.05558818 0.03473325 0.03211596
v 0.05558818 0.03473325 0.03433085
v 0.05558818 0.03473325 0.03654574
v 0.05558818 0.03469642 0.03876064
v 0.05602337 -0.03439324 -0.03876064
v 0.05607615 -0.03439324 -0.03654574
v 0.05607615 -0.03439324 -0.03433085
v 0.05607615 -0.03439324 -0.03211596
v 0.05607615 -0.03439324 -0.02990106
v 0.05607615 -0.03439324 -0.02768617
v 0.05607615 -0.03439324 -0.02547128
v 0.05607615 -0.03439324 -0.02325638
v 0.05607615 -0.03439324 -0.02104149
v 0.05607615 -0.03439324 -0.01882660
v 0.05607615 -0.03439324 -0.01661170
v 0.05607615 -0.03439324 -0.01439681
v 0.05607615 -0.03439324 -0.01218191
v 0.05607615 -0.03439324 -0.00996702
v 0.05607615 -0.03439324 -0.00775213
v 0.05607615 -0.03439324 -0.00553723
v 0.05607615 -0.03439324 -0.00332234
v 0.05607615 -0.03439324 -0.00110745
v 0.05607615 -0.03439324 0.00110745
v 0.05607615 -0.03439324 0.00332234
v 0.05607615 -0.03439324 0.00553723
v 0.05607615 -0.03439324 0.00775213
v 0.05607615 -0.03439324 0.00996702
v 0.05607615 -0.03439324 0.01218191
v 0.05607615 -0.03439324 0.01439681
v 0.05607615 -0.03439324 0.01661170
v 0.05607615 -0.03439324 0.01882660
v 0.05607615 -0.03439324 0.02104149
v 0.05607615 -0.03439324 0.02325638
v 0.05607615 -0.03439324 0.02547128
v 0.05607615 -0.03439324 0.02768617
v 0.05607615 -0.03439324 0.02990106
v 0.05607615 -0.03439324 0.03211596
v 0.05607615 -0.03439324 0.03433085
v 0.05607615 -0.03439324 0.03654574
v 0.05602337 -0.03439324 0.03876064
v 0.05616210 -0.03217432 -0.04319043
v 0.05771632 -0.03217432 -0.04097553
v 0.05795364 -0.03217432 -0.04019093
v 0.05795364 -0.03262366 -0.03876064
v 0.05795364 -0.03267207 -0.03654574
v 0.05795364 -0.03267207 -0.03433085
v 0.05795364 -0.03267207 -0.03211596
v 0.05795364 -0.03267207 -0.02990106
v 0.05795364 -0.03267207 -0.02768617
v 0.05795364 -0.03267207 -0.02547128
v 0.05795364 -0.03267207 -0.02325638
v 0.05795364 -0.03267207 -0.02104149
v 0.05795364 -0.03267207 -0.01882660
v 0.05795364 -0.03267207 -0.01661170
v 0.05795364 -0.03267207 -0.01439681
v 0.05795364 -0.03267207 -0.01218191
v 0.05795364 -0.03267207 -0.00996702
v 0.05795364 -0.03267207 -0.00775213
v 0.05795364 -0.03267207 -0.00553723
v 0.05795364 -0.03267207 -0.00332234
v 0.05795364 -0.03267207 -0.00110745
v 0.05795364 -0.03267207 0.00110745
v 0.05795364 -0.03267207 0.00332234
v 0.05795364 -0.03267207 0.00553723
v 0.05795364 -0.03267207 0.00775213
v 0.05795364 -0.03267207 0.00996702
v 0.05795364 -0.03267207 0.01218191
v 0.05795364 -0.03267207 0.01439681
v 0.05795364 -0.03267207 0.01661170
v 0.05795364 -0.03267207 0.01882660
v 0.05795364 -0.03267207 0.02104149
v 0.05795364 -0.03267207 0.02325638
v 0.05795364 -0.03267207 0.02547128
v 0.05795364 -0.03267207 0.02768617
v 0.05795364 -0.03267207 0.02990106
v 0.05795364 -0.03267207 0.03211596
v 0.05795364 -0.03267207 0.03433085
v 0.05795364 -0.03267207 0.03654574
v 0.05795364 -0.03262366 0.03876064
v 0.05771632 -0.03217432 0.04097553
v 0.05795364 -0.03217432 0.04019094
v 0.05616210 -0.03217432 0.04319043
v 0.05771249 -0.02995541 -0.04319043
v 0.05795364 -0.02995541 -0.04283757
v 0.05795364 -0.03182546 -0.04097553
v 0.05795364 -0.03182546 0.04097553
v 0.05771249 -0.02995541 0.04319043
v 0.05795364 -0.02995541 0.04283757
v 0.05601034 -0.02773649 -0.04540532
v 0.05795364 -0.02773649 -0.04362784
v 0.05795364 -0.02914840 -0.04319043
v 0.05795364 -0.02914840 0.04319043
v 0.05601034 -0.02773649 0.04540532
v 0.05795364 -0.02773649 0.04362784
v 0.05605986 -0.02551757 -0.04540532
v 0.05795364 -0.02551757 -0.04367316
v 0.05605986 -0.02551757 0.04540532
v 0.05795364 -0.02551757 0.04367316
v 0.05605986 -0.02329865 -0.04540532
v 0.05795364 -0.02329865 -0.04367316
v 0.05605986 -0.02329865 0.04540532
v 0.05795364 -0.02329865 0.04367316
v 0.05605986 -0.02107973 -0.04540532
v 0.05795364 -0.02107973 -0.04367316
v 0.05605986 -0.02107973 0.04540532
v 0.05795364 -0.02107973 0.04367316
v 0.05605986 -0.01886081 -0.04540532
v 0.05795364 -0.01886081 -0.04367316
v 0.05605986 -0.01886081 0.04540532
v 0.05795364 -0.01886081 0.04367316
v 0.05605986 -0.01664189 -0.04540532
v 0.05795364 -0.01664189 -0.04367316
v 0.05605986 -0.01664189 0.04540532
v 0.05795364 -0.01664189 0.04367316
v 0.05605986 -0.01442297 -0.04540532
v 0.05795364 -0.01442297 -0.04367316
v 0.05605986 -0.01442297 0.04540532
v 0.05795364 -0.01442297 0.04367316
v 0.05605986 -0.01220405 -0.04540532
v 0.05795364 -0.01220405 -0.04367316
v 0.05605986 -0.01220405 0.04540532
v 0.05795364 -0.01220405 0.04367316
v 0.05605986 -0.00998514 -0.04540532
v 0.05795364 -0.00998514 -0.04367316
v 0.05605986 -0.00998514 0.04540532
v 0.05795364 -0.00998514 0.04367316
v 0.05605986 -0.00776622 -0.04540532
v 0.05795364 -0.00776622 -0.04367316
v 0.05605986 -0.00776622 0.04540532
v 0.05795364 -0.00776622 0.04367316
v 0.05605986 -0.00554730 -0.04540532
v 0.05795364 -0.00554730 -0.04367316
v 0.05605986 -0.00554730 0.04540532
v 0.05795364 -0.00554730 0.04367316
v 0.05605986 -0.00332838 -0.04540532
v 0.05795364 -0.00332838 -0.04367316
v 0.05605986 -0.00332838 0.04540532
v 0.05795364 -0.00332838 0.04367316
v 0.05605986 -0.00110946 -0.04540532
v 0.05795364 -0.00110946 -0.04367316
v 0.05605986 -0.00110946 0.04540532
v 0.05795364 -0.00110946 0.04367316
v 0.05605986 0.00110946 -0.04540532
v 0.05795364 0.00110946 -0.04367316
v 0.05605986 0.00110946 0.04540532
v 0.05795364 0.00110946 0.04367316
v 0.05605986 0.00332838 -0.04540532
v 0.05795364 0.00332838 -0.04367316
v 0.05605986 0.00332838 0.04540532
v 0.05795364 0.00332838 0.04367316
v 0.05605986 0.00554730 -0.04540532
v 0.05795364 0.00554730 -0.04367316
v 0.05605986 0.00554730 0.04540532
v 0.05795364 0.00554730 0.04367316
v 0.05605986 0.00776622 -0.04540532
v 0.05795364 0.00776622 -0.04367316
v 0.05605986 0.00776622 0.04540532
v 0.05795364 0.00776622 0.04367316
v 0.05605986 0.00998514 -0.04540532
v 0.05795364 0.00998514 -0.04367316
v 0.05605986 0.00998514 0.04540532
v 0.05795364 0.00998514 0.04367316
v 0.05605986 0.01220405 -0.04540532
v 0.05795364 0.01220405 -0.04367316
v 0.05605986 0.01220405 0.04540532
v 0.05795364 0.01220405 0.04367316
v 0.05605986 0.01442297 -0.04540532
v 0.05795364 0.01442297 -0.04367316
v 0.05605986 0.01442297 0.04540532
v 0.05795364 0.01442297 0.04367316
v 0.05605986 0.01664189 -0.04540532
v 0.05795364 0.01664189 -0.04367316
v 0.05605986 0.01664189 0.04540532
v 0.05795364 0.01664189 0.04367316
v 0.05605986 0.01886081 -0.04540532
v 0.05795364 0.01886081 -0.04367316
v 0.05605986 0.01886081 0.04540532
v 0.05795364 0.01886081 0.04367316
v 0.05605986 0.02107973 -0.04540532
v 0.05795364 0.02107973 -0.04367316
v 0.05605986 0.02107973 0.04540532
v 0.05795364 0.02107973 0.04367316
v 0.05605986 0.02329865 -0.04540532
v 0.05795364 0.02329865 -0.04367316
v 0.05605986 0.02329865 0.04540532
v 0.05795364 0.02329865 0.04367316
v 0.05605986 0.02551757 -0.04540532
v 0.05795364 0.02551757 -0.04367316
v 0.05605986 0.02551757 0.04540532
v 0.05795364 0.02551757 0.04367316
v 0.05601034 0.02773649 -0.04540532
v 0.05795364 0.02773649 -0.04362784
v 0.05601034 0.02773649 0.04540532
v 0.05795364 0.02773649 0.04362784
v 0.05795364 0.02914840 -0.04319043
v 0.05771249 0.02995541 -0.04319043
v 0.05795364 0.02995541 -0.04283757
v 0.05771249 0.02995541 0.04319043
v 0.05795364 0.02995541 0.04283757
v 0.05795364 0.02914840 0.04319043
v 0.05616210 0.03217432 -0.04319043
v 0.05795364 0.03182546 -0.04097553
v 0.05771632 0.03217432 -0.04097553
v 0.05795364 0.03217432 -0.04019093
v 0.05771632 0.03217432 0.04097553
v 0.05795364 0.03217432 0.04019094
v 0.05795364 0.03182546 0.04097553
v 0.05616210 0.03217432 0.04319043
v 0.05795364 0.03262366 -0.03876064
v 0.05602337 0.03439324 -0.03876064
v 0.05795364 0.03267207 -0.03654574
v 0.05607615 0.03439324 -0.03654574
v 0.05795364 0.03267207 -0.03433085
v 0.05607615 0.03439324 -0.03433085
v 0.05795364 0.03267207 -0.03211596
v 0.05607615 0.03439324 -0.03211596
v 0.05795364 0.03267207 -0.02990106
v 0.05607615 0.03439324 -0.02990106
v 0.05795364 0.03267207 -0.02768617
v 0.05607615 0.03439324 -0.02768617
v 0.05795364 0.03267207 -0.02547128
v 0.05607615 0.03439324 -0.02547128
v 0.05795364 0.03267207 -0.02325638
v 0.05607615 0.03439324 -0.02325638
v 0.05795364 0.03267207 -0.02104149
v 0.05607615 0.03439324 -0.02104149
v 0.05795364 0.03267207 -0.01882660
v 0.05607615 0.03439324 -0.01882660
v 0.05795364 0.03267207 -0.01661170
v 0.05607615 0.03439324 -0.01661170
v 0.05795364 0.03267207 -0.01439681
v 0.05607615 0.03439324 -0.01439681
v 0.05795364 0.03267207 -0.01218191
v 0.05607615 0.03439324 -0.01218191
v 0.05795364 0.03267207 -0.00996702
v 0.05607615 0.03439324 -0.00996702
v 0.05795364 0.03267207 -0.00775213
v 0.05607615 0.03439324 -0.00775213
v 0.05795364 0.03267207 -0.00553723
v 0.05607615 0.03439324 -0.00553723
v 0.05795364 0.03267207 -0.00332234
v 0.05607615 0.03439324 -0.00332234
v 0.05795364 0.03267207 -0.00110745
v 0.05607615 0.03439324 -0.00110745
v 0.05795364 0.03267207 0.00110745
v 0.05607615 0.03439324 0.00110745
v 0.05795364 0.03267207 0.00332234
v 0.05607615 0.03439324 0.00332234
v 0.05795364 0.03267207 0.00553723
v 0.05607615 0.03439324 0.00553723
v 0.05795364 0.03267207 0.00775213
v 0.05607615 0.03439324 0.00775213
v 0.05795364 0.03267207 0.00996702
v 0.05607615 0.03439324 0.00996702
v 0.05795364 0.03267207 0.01218191
v 0.05607615 0.03439324 0.01218191
v 0.05795364 0.03267207 0.01439681
v 0.05607615 0.03439324 0.01439681
v 0.05795364 0.03267207 0.01661170
v 0.05607615 0.03439324 0.01661170
v 0.05795364 0.03267207 0.01882660
v 0.05607615 0.03439324 0.01882660
v 0.05795364 0.03267207 0.02104149
v 0.05607615 0.03439324 0.02104149
v 0.05795364 0.03267207 0.02325638
v 0.05607615 0.03439324 0.02325638
v 0.05795364 0.03267207 0.02547128
v 0.05607615 0.03439324 0.02547128
v 0.05795364 0.03267207 0.02768617
v 0.05607615 0.03439324 0.02768617
v 0.05795364 0.03267207 0.02990106
v 0.05607615 0.03439324 0.02990106
v 0.05795364 0.03267207 0.03211596
v 0.05607615 0.03439324 0.03211596
v 0.05795364 0.03267207 0.03433085
v 0.05607615 0.03439324 0.03433085
v 0.05795364 0.03267207 0.03654574
v 0.05607615 0.03439324 0.03654574
v 0.05795364 0.03262366 0.03876064
v 0.05602337 0.03439324 0.03876064
v 0.05831001 -0.03217432 -0.03876064
v 0.05834846 -0.03217432 -0.03654574
v 0.05834846 -0.03217432 -0.03433085
v 0.05834846 -0.03217432 -0.03211596
v 0.05834846 -0.03217432 -0.02990106
v 0.05834846 -0.03217432 -0.02768617
v 0.05834846 -0.03217432 -0.02547128
v 0.05834846 -0.03217432 -0.02325638
v 0.05834846 -0.03217432 -0.02104149
v 0.05834846 -0.03217432 -0.01882660
v 0.05834846 -0.03217432 -0.01661170
v 0.05834846 -0.03217432 -0.01439681
v 0.05834846 -0.03217432 -0.01218191
v 0.05834846 -0.03217432 -0.00996702
v 0.05834846 -0.03217432 -0.00775213
v 0.05834846 -0.03217432 -0.00553723
v 0.05834846 -0.03217432 -0.00332234
v 0.05834846 -0.03217432 -0.00110745
v 0.05834846 -0.03217432 0.00110745
v 0.05834846 -0.03217432 0.00332234
v 0.05834846 -0.03217432 0.00553723
v 0.05834846 -0.03217432 0.00775213
v 0.05834846 -0.03217432 0.00996702
v 0.05834846 -0.03217432 0.01218191
v 0.05834846 -0.03217432 0.01439681
v 0.05834846 -0.03217432 0.01661170
v 0.05834846 -0.03217432 0.01882660
v 0.05834846 -0.03217432 0.02104149
v 0.05834846 -0.03217432 0.02325638
v 0.05834846 -0.03217432 0.02547128
v 0.05834846 -0.03217432 0.02768617
v 0.05834846 -0.03217432 0.02990106
v 0.05834846 -0.03217432 0.03211596
v 0.05834846 -0.03217432 0.03433085
v 0.05834846 -0.03217432 0.03654574
v 0.05831001 -0.03217432 0.03876064
v 0.05894494 -0.02995541 -0.04097553
v 0.05945722 -0.02995541 -0.03876064
v 0.05949204 -0.02995541 -0.03654574
v 0.05949204 -0.02995541 -0.03433085
v 0.05949204 -0.02995541 -0.03211596
v 0.05949204 -0.02995541 -0.02990106
v 0.05949204 -0.02995541 -0.02768617
v 0.05949204 -0.02995541 -0.02547128
v 0.05949204 -0.02995541 -0.02325638
v 0.05949204 -0.02995541 -0.02104149
v 0.05949204 -0.02995541 -0.01882660
v 0.05949204 -0.02995541 -0.01661170
v 0.05949204 -0.02995541 -0.01439681
v 0.05949204 -0.02995541 -0.01218191
v 0.05949204 -0.02995541 -0.00996702
v 0.05949204 -0.02995541 -0.00775213
v 0.05949204 -0.02995541 -0.00553723
v 0.05949204 -0.02995541 -0.00332234
v 0.05949204 -0.02995541 -0.00110745
v 0.05949204 -0.02995541 0.00110745
v 0.05949204 -0.02995541 0.00332234
v 0.05949204 -0.02995541 0.00553723
v 0.05949204 -0.02995541 0.00775213
v 0.05949204 -0.02995541 0.00996702
v 0.05949204 -0.02995541 0.01218191
v 0.05949204 -0.02995541 0.01439681
v 0.05949204 -0.02995541 0.01661170
v 0.05949204 -0.02995541 0.01882660
v 0.05949204 -0.02995541 0.02104149
v 0.05949204 -0.02995541 0.02325638
v 0.05949204 -0.02995541 0.02547128
v 0.05949204 -0.02995541 0.02768617
v 0.05949204 -0.02995541 0.02990106
v 0.05949204 -0.02995541 0.03211596
v 0.05949204 -0.02995541 0.03433085
v 0.05949204 -0.02995541 0.03654574
v 0.05945722 -0.02995541 0.03876064
v 0.05894494 -0.02995541 0.04097553
v 0.05830131 -0.02773649 -0.04319043
v 0.05945219 -0.02773649 -0.04097553
v 0.05993678 -0.02773649 -0.03876064
v 0.05996949 -0.02773649 -0.03654574
v 0.05996949 -0.02773649 -0.03433085
v 0.05996949 -0.02773649 -0.03211596
v 0.05996949 -0.02773649 -0.02990106
v 0.05996949 -0.02773649 -0.02768617
v 0.05996949 -0.02773649 -0.02547128
v 0.05996949 -0.02773649 -0.02325638
v 0.05996949 -0.02773649 -0.02104149
v 0.05996949 -0.02773649 -0.01882660
v 0.05996949 -0.02773649 -0.01661170
v 0.05996949 -0.02773649 -0.01439681
v 0.05996949 -0.02773649 -0.01218191
v 0.05996949 -0.02773649 -0.00996702
v 0.05996949 -0.02773649 -0.00775213
v 0.05996949 -0.02773649 -0.00553723
v 0.05996949 -0.02773649 -0.00332234
v 0.05996949 -0.02773649 -0.00110745
v 0.05996949 -0.02773649 0.00110745
v 0.05996949 -0.02773649 0.00332234
v 0.05996949 -0.02773649 0.00553723
v 0.05996949 -0.02773649 0.00775213
v 0.05996949 -0.02773649 0.00996702
v 0.05996949 -0.02773649 0.01218191
v 0.05996949 -0.02773649 0.01439681
v 0.05996949 -0.02773649 0.01661170
v 0.05996949 -0.02773649 0.01882660
v 0.05996949 -0.02773649 0.02104149
v 0.05996949 -0.02773649 0.02325638
v 0.05996949 -0.02773649 0.02547128
v 0.05996949 -0.02773649 0.02768617
v 0.05996949 -0.02773649 0.02990106
v 0.05996949 -0.02773649 0.03211596
v 0.05996949 -0.02773649 0.03433085
v 0.05996949 -0.02773649 0.03654574
v 0.05993678 -0.02773649 0.03876064
v 0.05945219 -0.02773649 0.04097553
v 0.05830131 -0.02773649 0.04319043
v 0.05833738 -0.02551757 -0.04319043
v 0.05948487 -0.02551757 -0.04097553
v 0.05996745 -0.02551757 -0.03876064
v 0.06000000 -0.02551757 -0.03654574
v 0.06000000 -0.02551757 -0.03433085
v 0.06000000 -0.02551757 -0.03211596
v 0.06000000 -0.02551757 -0.02990106
v 0.06000000 -0.02551757 -0.02768617
v 0.06000000 -0.02551757 -0.02547128
v 0.06000000 -0.02551757 -0.02325638
v 0.06000000 -0.02551757 -0.02104149
v 0.06000000 -0.02551757 -0.01882660
v 0.06000000 -0.02551757 -0.01661170
v 0.06000000 -0.02551757 -0.01439681
v 0.06000000 -0.02551757 -0.01218191
v 0.06000000 -0.02551757 -0.00996702
v 0.06000000 -0.02551757 -0.00775213
v 0.06000000 -0.02551757 -0.00553723
v 0.06000000 -0.02551757 -0.00332234
v 0.06000000 -0.02551757 -0.00110745
v 0.06000000 -0.02551757 0.00110745
v 0.06000000 -0.02551757 0.00332234
v 0.06000000 -0.02551757 0.00553723
v 0.06000000 -0.02551757 0.00775213
v 0.06000000 -0.02551757 0.00996702
v 0.06000000 -0.02551757 0.01218191
v 0.06000000 -0.02551757 0.01439681
v 0.06000000 -0.02551757 0.01661170
v 0.06000000 -0.02551757 0.01882660
v 0.06000000 -0.02551757 0.02104149
v 0.06000000 -0.02551757 0.02325638
v 0.06000000 -0.02551757 0.02547128
v 0.06000000 -0.02551757 0.02768617
v 0.06000000 -0.02551757 0.02990106
v 0.06000000 -0.02551757 0.03211596
v 0.06000000 -0.02551757 0.03433085
v 0.06000000 -0.02551757 0.03654574
v 0.05996745 -0.02551757 0.03876064
v 0.05948487 -0.02551757 0.04097553
v 0.05833738 -0.02551757 0.04319043
v 0.05833738 -0.02329865 -0.04319043
v 0.05948487 -0.02329865 -0.04097553
v 0.05996745 -0.02329865 -0.03876064
v 0.06000000 -0.02329865 -0.03654574
v 0.06000000 -0.02329865 -0.03433085
v 0.06000000 -0.02329865 -0.03211596
v 0.06000000 -0.02329865 -0.02990106
v 0.06000000 -0.02329865 -0.02768617
v 0.06000000 -0.02329865 -0.02547128
v 0.06000000 -0.02329865 -0.02325638
v 0.06000000 -0.02329865 -0.02104149
v 0.06000000 -0.02329865 -0.01882660
v 0.06000000 -0.02329865 -0.01661170
v 0.06000000 -0.02329865 -0.01439681
v 0.06000000 -0.02329865 -0.01218191
v 0.06000000 -0.02329865 -0.00996702
v 0.06000000 -0.02329865 -0.00775213
v 0.06000000 -0.02329865 -0.00553723
v 0.06000000 -0.02329865 -0.00332234
v 0.06000000 -0.02329865 -0.00110745
v 0.06000000 -0.02329865 0.00110745
v 0.06000000 -0.02329865 0.00332234
v 0.06000000 -0.02329865 0.00553723
v 0.06000000 -0.02329865 0.00775213
v 0.06000000 -0.02329865 0.00996702
v 0.06000000 -0.02329865 0.01218191
v 0.06000000 -0.02329865 0.01439681
v 0.06000000 -0.02329865 0.01661170
v 0.06000000 -0.02329865 0.01882660
v 0.06000000 -0.02329865 0.02104149
v 0.06000000 -0.02329865 0.02325638
v 0.06000000 -0.02329865 0.02547128
v 0.06000000 -0.02329865 0.02768617
v 0.06000000 -0.02329865 0.02990106
v 0.06000000 -0.02329865 0.03211596
v 0.06000000 -0.02329865 0.03433085
v 0.06000000 -0.02329865 0.03654574
v 0.05996745 -0.02329865 0.03876064
v 0.05948487 -0.02329865 0.04097553
v 0.05833738 -0.02329865 0.04319043
v 0.05833738 -0.02107973 -0.04319043
v 0.05948487 -0.02107973 -0.04097553
v 0.05996745 -0.02107973 -0.03876064
v 0.06000000 -0.02107973 -0.03654574
v 0.06000000 -0.02107973 -0.03433085
v 0.06000000 -0.02107973 -0.03211596
v 0.06000000 -0.02107973 -0.02990106
v 0.06000000 -0.02107973 -0.02768617
v 0.06000000 -0.02107973 -0.02547128
v 0.06000000 -0.02107973 -0.02325638
v 0.06000000 -0.02107973 -0.02104149
v 0.06000000 -0.02107973 -0.01882660
v 0.06000000 -0.02107973 -0.01661170
v 0.06000000 -0.02107973 -0.01439681
v 0.06000000 -0.02107973 -0.01218191
v 0.06000000 -0.02107973 -0.00996702
v 0.06000000 -0.02107973 -0.00775213
v 0.06000000 -0.02107973 -0.00553723
v 0.06000000 -0.02107973 -0.00332234
v 0.06000000 -0.02107973 -0.00110745
v 0.06000000 -0.02107973 0.00110745
v 0.06000000 -0.02107973 0.00332234
v 0.06000000 -0.02107973 0.00553723
v 0.06000000 -0.02107973 0.00775213
v 0.06000000 -0.02107973 0.00996702
v 0.06000000 -0.02107973 0.01218191
v 0.06000000 -0.02107973 0.01439681
v 0.06000000 -0.02107973 0.01661170
v 0.06000000 -0.02107973 0.01882660
v 0.06000000 -0.02107973 0.02104149
v 0.06000000 -0.02107973 0.02325638
v 0.06000000 -0.02107973 0.02547128
v 0.06000000 -0.02107973 0.02768617
v 0.06000000 -0.02107973 0.02990106
v 0.06000000 -0.02107973 0.03211596
v 0.06000000 -0.02107973 0.03433085
v 0.06000000 -0.02107973 0.03654574
v 0.05996745 -0.02107973 0.03876064
v 0.05948487 -0.02107973 0.04097553
v 0.05833738 -0.02107973 0.04319043
v 0.05833738 -0.01886081 -0.04319043
v 0.05948487 -0.01886081 -0.04097553
v 0.05996745 -0.01886081 -0.03876064
v 0.06000000 -0.01886081 -0.03654574
v 0.06000000 -0.01886081 -0.03433085
v 0.06000000 -0.01886081 -0.03211596
v 0.06000000 -0.01886081 -0.02990106
v 0.06000000 -0.01886081 -0.02768617
v 0.06000000 -0.01886081 -0.02547128
v 0.06000000 -0.01886081 -0.02325638
v 0.06000000 -0.01886081 -0.02104149
v 0.06000000 -0.01886081 -0.01882660
v 0.06000000 -0.01886081 -0.01661170
v 0.06000000 -0.01886081 -0.01439681
v 0.06000000 -0.01886081 -0.01218191
v 0.06000000 -0.01886081 -0.00996702
v 0.06000000 -0.01886081 -0.00775213
v 0.06000000 -0.01886081 -0.00553723
v 0.06000000 -0.01886081 -0.00332234
v 0.06000000 -0.01886081 -0.00110745
v 0.06000000 -0.01886081 0.00110745
v 0.06000000 -0.01886081 0.00332234
v 0.06000000 -0.01886081 0.00553723
v 0.06000000 -0.01886081 0.00775213
v 0.06000000 -0.01886081 0.00996702
v 0.06000000 -0.01886081 0.01218191
v 0.06000000 -0.01886081 0.01439681
v 0.06000000 -0.01886081 0.01661170
v 0.06000000 -0.01886081 0.01882660
v 0.06000000 -0.01886081 0.02104149
v 0.06000000 -0.01886081 0.02325638
v 0.06000000 -0.01886081 0.02547128
v 0.06000000 -0.01886081 0.02768617
v 0.06000000 -0.01886081 0.02990106
v 0.06000000 -0.01886081 0.03211596
v 0.06000000 -0.01886081 0.03433085
v 0.06000000 -0.01886081 0.03654574
v 0.05996745 -0.01886081 0.03876064
v 0.05948487 -0.01886081 0.04097553
v 0.05833738 -0.01886081 0.04319043
v 0.05833738 -0.01664189 -0.04319043
v 0.05948487 -0.01664189 -0.04097553
v 0.05996745 -0.01664189 -0.03876064
v 0.06000000 -0.01664189 -0.03654574
v 0.06000000 -0.01664189 -0.03433085
v 0.06000000 -0.01664189 -0.03211596
v 0.06000000 -0.01664189 -0.02990106
v 0.06000000 -0.01664189 -0.02768617
v 0.06000000 -0.01664189 -0.02547128
v 0.06000000 -0.01664189 -0.02325638
v 0.06000000 -0.01664189 -0.02104149
v 0.06000000 -0.01664189 -0.01882660
v 0.06000000 -0.01664189 -0.01661170
v 0.06000000 -0.01664189 -0.01439681
v 0.06000000 -0.01664189 -0.01218191
v 0.06000000 -0.01664189 -0.00996702
v 0.06000000 -0.01664189 -0.00775213
v 0.06000000 -0.01664189 -0.00553723
v 0.06000000 -0.01664189 -0.00332234
v 0.06000000 -0.01664189 -0.00110745
v 0.06000000 -0.01664189 0.00110745
v 0.06000000 -0.01664189 0.00332234
v 0.06000000 -0.01664189 0.00553723
v 0.06000000 -0.01664189 0.00775213
v 0.06000000 -0.01664189 0.00996702
v 0.06000000 -0.01664189 0.01218191
v 0.06000000 -0.01664189 0.01439681
v 0.06000000 -0.01664189 0.01661170
v 0.06000000 -0.01664189 0.01882660
v 0.06000000 -0.01664189 0.02104149
v 0.06000000 -0.01664189 0.02325638
v 0.06000000 -0.01664189 0.02547128
v 0.06000000 -0.01664189 0.02768617
v 0.06000000 -0.01664189 0.02990106
v 0.06000000 -0.01664189 0.03211596
v 0.06000000 -0.01664189 0.03433085
v 0.06000000 -0.01664189 0.03654574
v 0.05996745 -0.01664189 0.03876064
v 0.05948487 -0.01664189 0.04097553
v 0.05833738 -0.01664189 0.04319043
v 0.05833738 -0.01442297 -0.04319043
v 0.05948487 -0.01442297 -0.04097553
v 0.05996745 -0.01442297 -0.03876064
v 0.06000000 -0.01442297 -0.03654574
v 0.06000000 -0.01442297 -0.03433085
v 0.06000000 -0.01442297 -0.03211596
v 0.06000000 -0.01442297 -0.02990106
v 0.06000000 -0.01442297 -0.02768617
v 0.06000000 -0.01442297 -0.02547128
v 0.06000000 -0.01442297 -0.02325638
v 0.06000000 -0.01442297 -0.02104149
v 0.06000000 -0.01442297 -0.01882660
v 0.06000000 -0.01442297 -0.01661170
v 0.06000000 -0.01442297 -0.01439681
v 0.06000000 -0.01442297 -0.01218191
v 0.06000000 -0.01442297 -0.00996702
v 0.06000000 -0.01442297 -0.00775213
v 0.06000000 -0.01442297 -0.00553723
v 0.06000000 -0.01442297 -0.00332234
v 0.06000000 -0.01442297 -0.00110745
v 0.06000000 -0.01442297 0.00110745
v 0.06000000 -0.01442297 0.00332234
v 0.06000000 -0.01442297 0.00553723
v 0.06000000 -0.01442297 0.00775213
v 0.06000000 -0.01442297 0.00996702
v 0.06000000 -0.01442297 0.01218191
v 0.06000000 -0.01442297 0.01439681
v 0.06000000 -0.01442297 0.01661170
v 0.06000000 -0.01442297 0.01882660
v 0.06000000 -0.01442297 0.02104149
v 0.06000000 -0.01442297 0.02325638
v 0.06000000 -0.01442297 0.02547128
v 0.06000000 -0.01442297 0.02768617
v 0.06000000 -0.01442297 0.02990106
v 0.06000000 -0.01442297 0.03211596
v 0.06000000 -0.01442297 0.03433085
v 0.06000000 -0.01442297 0.03654574
v 0.05996745 -0.01442297 0.03876064
v 0.05948487 -0.01442297 0.04097553
v 0.05833738 -0.01442297 0.04319043
v 0.05833738 -0.01220405 -0.04319043
v 0.05948487 -0.01220405 -0.04097553
v 0.05996745 -0.01220405 -0.03876064
v 0.06000000 -0.01220405 -0.03654574
v 0.06000000 -0.01220405 -0.03433085
v 0.06000000 -0.01220405 -0.03211596
v 0.06000000 -0.01220405 -0.02990106
v 0.06000000 -0.01220405 -0.02768617
v 0.06000000 -0.01220405 -0.02547128
v 0.06000000 -0.01220405 -0.02325638
v 0.06000000 -0.01220405 -0.02104149
v 0.06000000 -0.01220405 -0.01882660
v 0.06000000 -0.01220405 -0.01661170
v 0.06000000 -0.01220405 -0.01439681
v 0.06000000 -0.01220405 -0.01218191
v 0.06000000 -0.01220405 -0.00996702
v 0.06000000 -0.01220405 -0.00775213
v 0.06000000 -0.01220405 -0.00553723
v 0.06000000 -0.01220405 -0.00332234
v 0.06000000 -0.01220405 -0.00110745
v 0.06000000 -0.01220405 0.00110745
v 0.06000000 -0.01220405 0.00332234
v 0.06000000 -0.01220405 0.00553723
v 0.06000000 -0.01220405 0.00775213
v 0.06000000 -0.01220405 0.00996702
v 0.06000000 -0.01220405 0.01218191
v 0.06000000 -0.01220405 0.01439681
v 0.06000000 -0.01220405 0.01661170
v 0.06000000 -0.01220405 0.01882660
v 0.06000000 -0.01220405 0.02104149
v 0.06000000 -0.01220405 0.02325638
v 0.06000000 -0.01220405 0.02547128
v 0.06000000 -0.01220405 0.02768617
v 0.06000000 -0.01220405 0.02990106
v 0.06000000 -0.01220405 0.03211596
v 0.06000000 -0.01220405 0.03433085
v 0.06000000 -0.01220405 0.03654574
v 0.05996745 -0.01220405 0.03876064
v 0.05948487 -0.01220405 0.04097553
v 0.05833738 -0.01220405 0.04319043
v 0.05833738 -0.00998514 -0.04319043
v 0.05948487 -0.00998514 -0.04097553
v 0.05996745 -0.00998514 -0.03876064
v 0.06000000 -0.00998514 -0.03654574
v 0.06000000 -0.00998514 -0.03433085
v 0.06000000 -0.00998514 -0.03211596
v 0.06000000 -0.00998514 -0.02990106
v 0.06000000 -0.00998514 -0.02768617
v 0.06000000 -0.00998514 -0.02547128
v 0.06000000 -0.00998514 -0.02325638
v 0.06000000 -0.00998514 -0.02104149
v 0.06000000 -0.00998514 -0.01882660
v 0.06000000 -0.00998514 -0.01661170
v 0.06000000 -0.00998514 -0.01439681
v 0.06000000 -0.00998514 -0.01218191
v 0.06000000 -0.00998514 -0.00996702
v 0.06000000 -0.00998514 -0.00775213
v 0.06000000 -0.00998514 -0.00553723
v 0.06000000 -0.00998514 -0.00332234
v 0.06000000 -0.00998514 -0.00110745
v 0.06000000 -0.00998514 0.00110745
v 0.06000000 -0.00998514 0.00332234
v 0.06000000 -0.00998514 0.00553723
v 0.06000000 -0.00998514 0.00775213
v 0.06000000 -0.00998514 0.00996702
v 0.06000000 -0.00998514 0.01218191
v 0.06000000 -0.00998514 0.01439681
v 0.06000000 -0.00998514 0.01661170
v 0.06000000 -0.00998514 0.01882660
v 0.06000000 -0.00998514 0.02104149
v 0.06000000 -0.00998514 0.02325638
v 0.06000000 -0.00998514 0.02547128
v 0.06000000 -0.00998514 0.02768617
v 0.06000000 -0.00998514 0.02990106
v 0.06000000 -0.00998514 0.03211596
v 0.06000000 -0.00998514 0.03433085
v 0.06000000 -0.00998514 0.03654574
v 0.05996745 -0.00998514 0.03876064
v 0.05948487 -0.00998514 0.04097553
v 0.05833738 -0.00998514 0.04319043
v 0.05833738 -0.00776622 -0.04319043
v 0.05948487 -0.00776622 -0.04097553
v 0.05996745 -0.00776622 -0.03876064
v 0.06000000 -0.00776622 -0.03654574
v 0.06000000 -0.00776622 -0.03433085
v 0.06000000 -0.00776622 -0.03211596
v 0.06000000 -0.00776622 -0.02990106
v 0.06000000 -0.00776622 -0.02768617
v 0.06000000 -0.00776622 -0.02547128
v 0.06000000 -0.00776622 -0.02325638
v 0.06000000 -0.00776622 -0.02104149
v 0.06000000 -0.00776622 -0.01882660
v 0.06000000 -0.00776622 -0.01661170
v 0.06000000 -0.00776622 -0.01439681
v 0.06000000 -0.00776622 -0.01218191
v 0.06000000 -0.00776622 -0.00996702
v 0.06000000 -0.00776622 -0.00775213
v 0.06000000 -0.00776622 -0.00553723
v 0.06000000 -0.00776622 -0.00332234
v 0.06000000 -0.00776622 -0.00110745
v 0.06000000 -0.00776622 0.00110745
v 0.06000000 -0.00776622 0.00332234
v 0.06000000 -0.00776622 0.00553723
v 0.06000000 -0.00776622 0.00775213
v 0.06000000 -0.00776622 0.00996702
v 0.06000000 -0.00776622 0.01218191
v 0.06000000 -0.00776622 0.01439681
v 0.06000000 -0.00776622 0.01661170
v 0.06000000 -0.00776622 0.01882660
v 0.06000000 -0.00776622 0.02104149
v 0.06000000 -0.00776622 0.02325638
v 0.06000000 -0.00776622 0.02547128
v 0.06000000 -0.00776622 0.02768617
v 0.06000000 -0.00776622 0.02990106
v 0.06000000 -0.00776622 0.03211596
v 0.06000000 -0.00776622 0.03433085
v 0.06000000 -0.00776622 0.03654574
v 0.05996745 -0.00776622 0.03876064
v 0.05948487 -0.00776622 0.04097553
v 0.05833738 -0.00776622 0.04319043
v 0.05833738 -0.00554730 -0.04319043
v 0.05948487 -0.00554730 -0.04097553
v 0.05996745 -0.00554730 -0.03876064
v 0.06000000 -0.00554730 -0.03654574
v 0.06000000 -0.00554730 -0.03433085
v 0.06000000 -0.00554730 -0.03211596
v 0.06000000 -0.00554730 -0.02990106
v 0.06000000 -0.00554730 -0.02768617
v 0.06000000 -0.00554730 -0.02547128
v 0.06000000 -0.00554730 -0.02325638
v 0.06000000 -0.00554730 -0.02104149
v 0.06000000 -0.00554730 -0.01882660
v 0.06000000 -0.00554730 -0.01661170
v 0.06000000 -0.00554730 -0.01439681
v 0.06000000 -0.00554730 -0.01218191
v 0.06000000 -0.00554730 -0.00996702
v 0.06000000 -0.00554730 -0.00775213
v 0.06000000 -0.00554730 -0.00553723
v 0.06000000 -0.00554730 -0.00332234
v 0.06000000 -0.00554730 -0.00110745
v 0.06000000 -0.00554730 0.00110745
v 0.06000000 -0.00554730 0.00332234
v 0.06000000 -0.00554730 0.00553723
v 0.06000000 -0.00554730 0.00775213
v 0.06000000 -0.00554730 0.00996702
v 0.06000000 -0.00554730 0.01218191
v 0.06000000 -0.00554730 0.01439681
v 0.06000000 -0.00554730 0.01661170
v 0.06000000 -0.00554730 0.01882660
v 0.06000000 -0.00554730 0.02104149
v 0.06000000 -0.00554730 0.02325638
v 0.06000000 -0.00554730 0.02547128
v 0.06000000 -0.00554730 0.02768617
v 0.06000000 -0.00554730 0.02990106
v 0.06000000 -0.00554730 0.03211596
v 0.06000000 -0.00554730 0.03433085
v 0.06000000 -0.00554730 0.03654574
v 0.05996745 -0.00554730 0.03876064
v 0.05948487 -0.00554730 0.04097553
v 0.05833738 -0.00554730 0.04319043
v 0.05833738 -0.00332838 -0.04319043
v 0.05948487 -0.00332838 -0.04097553
v 0.05996745 -0.00332838 -0.03876064
v 0.06000000 -0.00332838 -0.03654574
v 0.06000000 -0.00332838 -0.03433085
v 0.06000000 -0.00332838 -0.03211596
v 0.06000000 -0.00332838 -0.02990106
v 0.06000000 -0.00332838 -0.02768617
v 0.06000000 -0.00332838 -0.02547128
v 0.06000000 -0.00332838 -0.02325638
v 0.06000000 -0.00332838 -0.02104149
v 0.06000000 -0.00332838 -0.01882660
v 0.06000000 -0.00332838 -0.01661170
v 0.06000000 -0.00332838 -0.01439681
v 0.06000000 -0.00332838 -0.01218191
v 0.06000000 -0.00332838 -0.00996702
v 0.06000000 -0.00332838 -0.00775213
v 0.06000000 -0.00332838 -0.00553723
v 0.06000000 -0.00332838 -0.00332234
v 0.06000000 -0.00332838 -0.00110745
v 0.06000000 -0.00332838 0.00110745
v 0.06000000 -0.00332838 0.00332234
v 0.06000000 -0.00332838 0.00553723
v 0.06000000 -0.00332838 0.00775213
v 0.06000000 -0.00332838 0.00996702
v 0.06000000 -0.00332838 0.01218191
v 0.06000000 -0.00332838 0.01439681
v 0.06000000 -0.00332838 0.01661170
v 0.06000000 -0.00332838 0.01882660
v 0.06000000 -0.00332838 0.02104149
v 0.06000000 -0.00332838 0.02325638
v 0.06000000 -0.00332838 0.02547128
v 0.06000000 -0.00332838 0.02768617
v 0.06000000 -0.00332838 0.02990106
v 0.06000000 -0.00332838 0.03211596
v 0.06000000 -0.00332838 0.03433085
v 0.06000000 -0.00332838 0.03654574
v 0.05996745 -0.00332838 0.03876064
v 0.05948487 -0.00332838 0.04097553
v 0.05833738 -0.00332838 0.04319043
v 0.05833738 -0.00110946 -0.04319043
v 0.05948487 -0.00110946 -0.04097553
v 0.05996745 -0.00110946 -0.03876064
v 0.06000000 -0.00110946 -0.03654574
v 0.06000000 -0.00110946 -0.03433085
v 0.06000000 -0.00110946 -0.03211596
v 0.06000000 -0.00110946 -0.02990106
v 0.06000000 -0.00110946 -0.02768617
v 0.06000000 -0.00110946 -0.02547128
v 0.06000000 -0.00110946 -0.02325638
v 0.06000000 -0.00110946 -0.02104149
v 0.06000000 -0.00110946 -0.01882660
v 0.06000000 -0.00110946 -0.01661170
v 0.06000000 -0.00110946 -0.01439681
v 0.06000000 -0.00110946 -0.01218191
v 0.06000000 -0.00110946 -0.00996702
v 0.06000000 -0.00110946 -0.00775213
v 0.06000000 -0.00110946 -0.00553723
v 0.06000000 -0.00110946 -0.00332234
v 0.06000000 -0.00110946 -0.00110745
v 0.06000000 -0.00110946 0.00110745
v 0.06000000 -0.00110946 0.00332234
v 0.06000000 -0.00110946 0.00553723
v 0.06000000 -0.00110946 0.00775213
v 0.06000000 -0.00110946 0.00996702
v 0.06000000 -0.00110946 0.01218191
v 0.06000000 -0.00110946 0.01439681
v 0.06000000 -0.00110946 0.01661170
v 0.06000000 -0.00110946 0.01882660
v 0.06000000 -0.00110946 0.02104149
v 0.06000000 -0.00110946 0.02325638
v 0.06000000 -0.00110946 0.02547128
v 0.06000000 -0.00110946 0.02768617
v 0.06000000 -0.00110946 0.02990106
v 0.06000000 -0.00110946 0.03211596
v 0.06000000 -0.00110946 0.03433085
v 0.06000000 -0.00110946 0.03654574
v 0.05996745 -0.00110946 0.03876064
v 0.05948487 -0.00110946 0.04097553
v 0.05833738 -0.00110946 0.04319043
v 0.05833738 0.00110946 -0.04319043
v 0.05948487 0.00110946 -0.04097553
v 0.05996745 0.00110946 -0.03876064
v 0.06000000 0.00110946 -0.03654574
v 0.06000000 0.00110946 -0.03433085
v 0.06000000 0.00110946 -0.03211596
v 0.06000000 0.00110946 -0.02990106
v 0.06000000 0.00110946 -0.02768617
v 0.06000000 0.00110946 -0.02547128
v 0.06000000 0.00110946 -0.02325638
v 0.06000000 0.00110946 -0.02104149
v 0.06000000 0.00110946 -0.01882660
v 0.06000000 0.00110946 -0.01661170
v 0.06000000 0.00110946 -0.01439681
v 0.06000000 0.00110946 -0.01218191
v 0.06000000 0.00110946 -0.00996702
v 0.06000000 0.00110946 -0.00775213
v 0.06000000 0.00110946 -0.00553723
v 0.06000000 0.00110946 -0.00332234
v 0.06000000 0.00110946 -0.00110745
v 0.06000000 0.00110946 0.00110745
v 0.06000000 0.00110946 0.00332234
v 0.06000000 0.00110946 0.00553723
v 0.06000000 0.00110946 0.00775213
v 0.06000000 0.00110946 0.00996702
v 0.06000000 0.00110946 0.01218191
v 0.06000000 0.00110946 0.01439681
v 0.06000000 0.00110946 0.01661170
v 0.06000000 0.00110946 0.01882660
v 0.06000000 0.00110946 0.02104149
v 0.06000000 0.00110946 0.02325638
v 0.06000000 0.00110946 0.02547128
v 0.06000000 0.00110946 0.02768617
v 0.06000000 0.00110946 0.02990106
v 0.06000000 0.00110946 0.03211596
v 0.06000000 0.00110946 0.03433085
v 0.06000000 0.00110946 0.03654574
v 0.05996745 0.00110946 0.03876064
v 0.05948487 0.00110946 0.04097553
v 0.05833738 0.00110946 0.04319043
v 0.05833738 0.00332838 -0.04319043
v 0.05948487 0.00332838 -0.04097553
v 0.05996745 0.00332838 -0.03876064
v 0.06000000 0.00332838 -0.03654574
v 0.06000000 0.00332838 -0.03433085
v 0.06000000 0.00332838 -0.03211596
v 0.06000000 0.00332838 -0.02990106
v 0.06000000 0.00332838 -0.02768617
v 0.06000000 0.00332838 -0.02547128
v 0.06000000 0.00332838 -0.02325638
v 0.06000000 0.00332838 -0.02104149
v 0.06000000 0.00332838 -0.01882660
v 0.06000000 0.00332838 -0.01661170
v 0.06000000 0.00332838 -0.01439681
v 0.06000000 0.00332838 -0.01218191
v 0.06000000 0.00332838 -0.00996702
v 0.06000000 0.00332838 -0.00775213
v 0.06000000 0.00332838 -0.00553723
v 0.06000000 0.00332838 -0.00332234
v 0.06000000 0.00332838 -0.00110745
v 0.06000000 0.00332838 0.00110745
v 0.06000000 0.00332838 0.00332234
v 0.06000000 0.00332838 0.00553723
v 0.06000000 0.00332838 0.00775213
v 0.06000000 0.00332838 0.00996702
v 0.06000000 0.00332838 0.01218191
v 0.06000000 0.00332838 0.01439681
v 0.06000000 0.00332838 0.01661170
v 0.06000000 0.00332838 0.01882660
v 0.06000000 0.00332838 0.02104149
v 0.06000000 0.00332838 0.02325638
v 0.06000000 0.00332838 0.02547128
v 0.06000000 0.00332838 0.02768617
v 0.06000000 0.00332838 0.02990106
v 0.06000000 0.00332838 0.03211596
v 0.06000000 0.00332838 0.03433085
v 0.06000000 0.00332838 0.03654574
v 0.05996745 0.00332838 0.03876064
v 0.05948487 0.00332838 0.04097553
v 0.05833738 0.00332838 0.04319043
v 0.05833738 0.00554730 -0.04319043
v 0.05948487 0.00554730 -0.04097553
v 0.05996745 0.00554730 -0.03876064
v 0.06000000 0.00554730 -0.03654574
v 0.06000000 0.00554730 -0.03433085
v 0.06000000 0.00554730 -0.03211596
v 0.06000000 0.00554730 -0.02990106
v 0.06000000 0.00554730 -0.02768617
v 0.06000000 0.00554730 -0.02547128
v 0.06000000 0.00554730 -0.02325638
v 0.06000000 0.00554730 -0.02104149
v 0.06000000 0.00554730 -0.01882660
v 0.06000000 0.00554730 -0.01661170
v 0.06000000 0.00554730 -0.01439681
v 0.06000000 0.00554730 -0.01218191
v 0.06000000 0.00554730 -0.00996702
v 0.06000000 0.00554730 -0.00775213
v 0.06000000 0.00554730 -0.00553723
v 0.06000000 0.00554730 -0.00332234
v 0.06000000 0.00554730 -0.00110745
v 0.06000000 0.00554730 0.00110745
v 0.06000000 0.00554730 0.00332234
v 0.06000000 0.00554730 0.00553723
v 0.06000000 0.00554730 0.00775213
v 0.06000000 0.00554730 0.00996702
v 0.06000000 0.00554730 0.01218191
v 0.06000000 0.00554730 0.01439681
v 0.06000000 0.00554730 0.01661170
v 0.06000000 0.00554730 0.01882660
v 0.06000000 0.00554730 0.02104149
v 0.06000000 0.00554730 0.02325638
v 0.06000000 0.00554730 0.02547128
v 0.06000000 0.00554730 0.02768617
v 0.06000000 0.00554730 0.02990106
v 0.06000000 0.00554730 0.03211596
v 0.06000000 0.00554730 0.03433085
v 0.06000000 0.00554730 0.03654574
v 0.05996745 0.00554730 0.03876064
v 0.05948487 0.00554730 0.04097553
v 0.05833738 0.00554730 0.04319043
v 0.05833738 0.00776622 -0.04319043
v 0.05948487 0.00776622 -0.04097553
v 0.05996745 0.00776622 -0.03876064
v 0.06000000 0.00776622 -0.03654574
v 0.06000000 0.00776622 -0.03433085
v 0.06000000 0.00776622 -0.03211596
v 0.06000000 0.00776622 -0.02990106
v 0.06000000 0.00776622 -0.02768617
v 0.06000000 0.00776622 -0.02547128
v 0.06000000 0.00776622 -0.02325638
v 0.06000000 0.00776622 -0.02104149
v 0.06000000 0.00776622 -0.01882660
v 0.06000000 0.00776622 -0.01661170
v 0.06000000 0.00776622 -0.01439681
v 0.06000000 0.00776622 -0.01218191
v 0.06000000 0.00776622 -0.00996702
v 0.06000000 0.00776622 -0.00775213
v 0.06000000 0.00776622 -0.00553723
v 0.06000000 0.00776622 -0.00332234
v 0.06000000 0.00776622 -0.00110745
v 0.06000000 0.00776622 0.00110745
v 0.06000000 0.00776622 0.00332234
v 0.06000000 0.00776622 0.00553723
v 0.06000000 0.00776622 0.00775213
v 0.06000000 0.00776622 0.00996702
v 0.06000000 0.00776622 0.01218191
v 0.06000000 0.00776622 0.01439681
v 0.06000000 0.00776622 0.01661170
v 0.06000000 0.00776622 0.01882660
v 0.06000000 0.00776622 0.02104149
v 0.06000000 0.00776622 0.02325638
v 0.06000000 0.00776622 0.02547128
v 0.06000000 0.00776622 0.02768617
v 0.06000000 0.00776622 0.02990106
v 0.06000000 0.00776622 0.03211596
v 0.06000000 0.00776622 0.03433085
v 0.06000000 0.00776622 0.03654574
v 0.05996745 0.00776622 0.03876064
v 0.05948487 0.00776622 0.04097553
v 0.05833738 0.00776622 0.04319043
v 0.05833738 0.00998514 -0.04319043
v 0.05948487 0.00998514 -0.04097553
v 0.05996745 0.00998514 -0.03876064
v 0.06000000 0.00998514 -0.03654574
v 0.06000000 0.00998514 -0.03433085
v 0.06000000 0.00998514 -0.03211596
v 0.06000000 0.00998514 -0.02990106
v 0.06000000 0.00998514 -0.02768617
v 0.06000000 0.00998514 -0.02547128
v 0.06000000 0.00998514 -0.02325638
v 0.06000000 0.00998514 -0.02104149
v 0.06000000 0.00998514 -0.01882660
v 0.06000000 0.00998514 -0.01661170
v 0.06000000 0.00998514 -0.01439681
v 0.06000000 0.00998514 -0.01218191
v 0.06000000 0.00998514 -0.00996702
v 0.06000000 0.00998514 -0.00775213
v 0.06000000 0.00998514 -0.00553723
v 0.06000000 0.00998514 -0.00332234
v 0.06000000 0.00998514 -0.00110745
v 0.06000000 0.00998514 0.00110745
v 0.06000000 0.00998514 0.00332234
v 0.06000000 0.00998514 0.00553723
v 0.06000000 0.00998514 0.00775213
v 0.06000000 0.00998514 0.00996702
v 0.06000000 0.00998514 0.01218191
v 0.06000000 0.00998514 0.01439681
v 0.06000000 0.00998514 0.01661170
v 0.06000000 0.00998514 0.01882660
v 0.06000000 0.00998514 0.02104149
v 0.06000000 0.00998514 0.02325638
v 0.06000000 0.00998514 0.02547128
v 0.06000000 0.00998514 0.02768617
v 0.06000000 0.00998514 0.02990106
v 0.06000000 0.00998514 0.03211596
v 0.06000000 0.00998514 0.03433085
v 0.06000000 0.00998514 0.03654574
v 0.05996745 0.00998514 0.03876064
v 0.05948487 0.00998514 0.04097553
v 0.05833738 0.00998514 0.04319043
v 0.05833738 0.01220405 -0.04319043
v 0.05948487 0.01220405 -0.04097553
v 0.05996745 0.01220405 -0.03876064
v 0.06000000 0.01220405 -0.03654574
v 0.06000000 0.01220405 -0.03433085
v 0.06000000 0.01220405 -0.03211596
v 0.06000000 0.01220405 -0.02990106
v 0.06000000 0.01220405 -0.02768617
v 0.06000000 0.01220405 -0.02547128
v 0.06000000 0.01220405 -0.02325638
v 0.06000000 0.01220405 -0.02104149
v 0.06000000 0.01220405 -0.01882660
v 0.06000000 0.01220405 -0.01661170
v 0.06000000 0.01220405 -0.01439681
v 0.06000000 0.01220405 -0.01218191
v 0.06000000 0.01220405 -0.00996702
v 0.06000000 0.01220405 -0.00775213
v 0.06000000 0.01220405 -0.00553723
v 0.06000000 0.01220405 -0.00332234
v 0.06000000 0.01220405 -0.00110745
v 0.06000000 0.01220405 0.00110745
v 0.06000000 0.01220405 0.00332234
v 0.06000000 0.01220405 0.00553723
v 0.06000000 0.01220405 0.00775213
v 0.06000000 0.01220405 0.00996702
v 0.06000000 0.01220405 0.01218191
v 0.06000000 0.01220405 0.01439681
v 0.06000000 0.01220405 0.01661170
v 0.06000000 0.01220405 0.01882660
v 0.06000000 0.01220405 0.02104149
v 0.06000000 0.01220405 0.02325638
v 0.06000000 0.01220405 0.02547128
v 0.06000000 0.01220405 0.02768617
v 0.06000000 0.01220405 0.02990106
v 0.06000000 0.01220405 0.03211596
v 0.06000000 0.01220405 0.03433085
v 0.06000000 0.01220405 0.03654574
v 0.05996745 0.01220405 0.03876064
v 0.05948487 0.01220405 0.04097553
v 0.05833738 0.01220405 0.04319043
v 0.05833738 0.01442297 -0.04319043
v 0.05948487 0.01442297 -0.04097553
v 0.05996745 0.01442297 -0.03876064
v 0.06000000 0.01442297 -0.03654574
v 0.06000000 0.01442297 -0.03433085
v 0.06000000 0.01442297 -0.03211596
v 0.06000000 0.01442297 -0.02990106
v 0.06000000 0.01442297 -0.02768617
v 0.06000000 0.01442297 -0.02547128
v 0.06000000 0.01442297 -0.02325638
v 0.06000000 0.01442297 -0.02104149
v 0.06000000 0.01442297 -0.01882660
v 0.06000000 0.01442297 -0.01661170
v 0.06000000 0.01442297 -0.01439681
v 0.06000000 0.01442297 -0.01218191
v 0.06000000 0.01442297 -0.00996702
v 0.06000000 0.01442297 -0.00775213
v 0.06000000 0.01442297 -0.00553723
v 0.06000000 0.01442297 -0.00332234
v 0.06000000 0.01442297 -0.00110745
v 0.06000000 0.01442297 0.00110745
v 0.06000000 0.01442297 0.00332234
v 0.06000000 0.01442297 0.00553723
v 0.06000000 0.01442297 0.00775213
v 0.06000000 0.01442297 0.00996702
v 0.06000000 0.01442297 0.01218191
v 0.06000000 0.01442297 0.01439681
v 0.06000000 0.01442297 0.01661170
v 0.06000000 0.01442297 0.01882660
v 0.06000000 0.01442297 0.02104149
v 0.06000000 0.01442297 0.02325638
v 0.06000000 0.01442297 0.02547128
v 0.06000000 0.01442297 0.02768617
v 0.06000000 0.01442297 0.02990106
v 0.06000000 0.01442297 0.03211596
v 0.06000000 0.01442297 0.03433085
v 0.06000000 0.01442297 0.03654574
v 0.05996745 0.01442297 0.03876064
v 0.05948487 0.01442297 0.04097553
v 0.05833738 0.01442297 0.04319043
v 0.05833738 0.01664189 -0.04319043
v 0.05948487 0.01664189 -0.04097553
v 0.05996745 0.01664189 -0.03876064
v 0.06000000 0.01664189 -0.03654574
v 0.06000000 0.01664189 -0.03433085
v 0.06000000 0.01664189 -0.03211596
v 0.06000000 0.01664189 -0.02990106
v 0.06000000 0.01664189 -0.02768617
v 0.06000000 0.01664189 -0.02547128
v 0.06000000 0.01664189 -0.02325638
v 0.06000000 0.01664189 -0.02104149
v 0.06000000 0.01664189 -0.01882660
v 0.06000000 0.01664189 -0.01661170
v 0.06000000 0.01664189 -0.01439681
v 0.06000000 0.01664189 -0.01218191
v 0.06000000 0.01664189 -0.00996702
v 0.06000000 0.01664189 -0.00775213
v 0.06000000 0.01664189 -0.00553723
v 0.06000000 0.01664189 -0.00332234
v 0.06000000 0.01664189 -0.00110745
v 0.06000000 0.01664189 0.00110745
v 0.06000000 0.01664189 0.00332234
v 0.06000000 0.01664189 0.00553723
v 0.06000000 0.01664189 0.00775213
v 0.06000000 0.01664189 0.00996702
v 0.06000000 0.01664189 0.01218191
v 0.06000000 0.01664189 0.01439681
v 0.06000000 0.01664189 0.01661170
v 0.06000000 0.01664189 0.01882660
v 0.06000000 0.01664189 0.02104149
v 0.06000000 0.01664189 0.02325638
v 0.06000000 0.01664189 0.02547128
v 0.06000000 0.01664189 0.02768617
v 0.06000000 0.01664189 0.02990106
v 0.06000000 0.01664189 0.03211596
v 0.06000000 0.01664189 0.03433085
v 0.06000000 0.01664189 0.03654574
v 0.05996745 0.01664189 0.03876064
v 0.05948487 0.01664189 0.04097553
v 0.05833738 0.01664189 0.04319043
v 0.05833738 0.01886081 -0.04319043
v 0.05948487 0.01886081 -0.04097553
v 0.05996745 0.01886081 -0.03876064
v 0.06000000 0.01886081 -0.03654574
v 0.06000000 0.01886081 -0.03433085
v 0.06000000 0.01886081 -0.03211596
v 0.06000000 0.01886081 -0.02990106
v 0.06000000 0.01886081 -0.02768617
v 0.06000000 0.01886081 -0.02547128
v 0.06000000 0.01886081 -0.02325638
v 0.06000000 0.01886081 -0.02104149
v 0.06000000 0.01886081 -0.01882660
v 0.06000000 0.01886081 -0.01661170
v 0.06000000 0.01886081 -0.01439681
v 0.06000000 0.01886081 -0.01218191
v 0.06000000 0.01886081 -0.00996702
v 0.06000000 0.01886081 -0.00775213
v 0.06000000 0.01886081 -0.00553723
v 0.06000000 0.01886081 -0.00332234
v 0.06000000 0.01886081 -0.00110745
v 0.06000000 0.01886081 0.00110745
v 0.06000000 0.01886081 0.00332234
v 0.06000000 0.01886081 0.00553723
v 0.06000000 0.01886081 0.00775213
v 0.06000000 0.01886081 0.00996702
v 0.06000000 0.01886081 0.01218191
v 0.06000000 0.01886081 0.01439681
v 0.06000000 0.01886081 0.01661170
v 0.06000000 0.01886081 0.01882660
v 0.06000000 0.01886081 0.02104149
v 0.06000000 0.01886081 0.02325638
v 0.06000000 0.01886081 0.02547128
v 0.06000000 0.01886081 0.02768617
v 0.06000000 0.01886081 0.02990106
v 0.06000000 0.01886081 0.03211596
v 0.06000000 0.01886081 0.03433085
v 0.06000000 0.01886081 0.03654574
v 0.05996745 0.01886081 0.03876064
v 0.05948487 0.01886081 0.04097553
v 0.05833738 0.01886081 0.04319043
v 0.05833738 0.02107973 -0.04319043
v 0.05948487 0.02107973 -0.04097553
v 0.05996745 0.02107973 -0.03876064
v 0.06000000 0.02107973 -0.03654574
v 0.06000000 0.02107973 -0.03433085
v 0.06000000 0.02107973 -0.03211596
v 0.06000000 0.02107973 -0.02990106
v 0.06000000 0.02107973 -0.02768617
v 0.06000000 0.02107973 -0.02547128
v 0.06000000 0.02107973 -0.02325638
v 0.06000000 0.02107973 -0.02104149
v 0.06000000 0.02107973 -0.01882660
v 0.06000000 0.02107973 -0.01661170
v 0.06000000 0.02107973 -0.01439681
v 0.06000000 0.02107973 -0.01218191
v 0.06000000 0.02107973 -0.00996702
v 0.06000000 0.02107973 -0.00775213
v 0.06000000 0.02107973 -0.00553723
v 0.06000000 0.02107973 -0.00332234
v 0.06000000 0.02107973 -0.00110745
v 0.06000000 0.02107973 0.00110745
v 0.06000000 0.02107973 0.00332234
v 0.06000000 0.02107973 0.00553723
v 0.06000000 0.02107973 0.00775213
v 0.06000000 0.02107973 0.00996702
v 0.06000000 0.02107973 0.01218191
v 0.06000000 0.02107973 0.01439681
v 0.06000000 0.02107973 0.01661170
v 0.06000000 0.02107973 0.01882660
v 0.06000000 0.02107973 0.02104149
v 0.06000000 0.02107973 0.02325638
v 0.06000000 0.02107973 0.02547128
v 0.06000000 0.02107973 0.02768617
v 0.06000000 0.02107973 0.02990106
v 0.06000000 0.02107973 0.03211596
v 0.06000000 0.02107973 0.03433085
v 0.06000000 0.02107973 0.03654574
v 0.05996745 0.02107973 0.03876064
v 0.05948487 0.02107973 0.04097553
v 0.05833738 0.02107973 0.04319043
v 0.05833738 0.02329865 -0.04319043
v 0.05948487 0.02329865 -0.04097553
v 0.05996745 0.02329865 -0.03876064
v 0.06000000 0.02329865 -0.03654574
v 0.06000000 0.02329865 -0.03433085
v 0.06000000 0.02329865 -0.03211596
v 0.06000000 0.02329865 -0.02990106
v 0.06000000 0.02329865 -0.02768617
v 0.06000000 0.02329865 -0.02547128
v 0.06000000 0.02329865 -0.02325638
v 0.06000000 0.02329865 -0.02104149
v 0.06000000 0.02329865 -0.01882660
v 0.06000000 0.02329865 -0.01661170
v 0.06000000 0.02329865 -0.01439681
v 0.06000000 0.02329865 -0.01218191
v 0.06000000 0.02329865 -0.00996702
v 0.06000000 0.02329865 -0.00775213
v 0.06000000 0.02329865 -0.00553723
v 0.06000000 0.02329865 -0.00332234
v 0.06000000 0.02329865 -0.00110745
v 0.06000000 0.02329865 0.00110745
v 0.06000000 0.02329865 0.00332234
v 0.06000000 0.02329865 0.00553723
v 0.06000000 0.02329865 0.00775213
v 0.06000000 0.02329865 0.00996702
v 0.06000000 0.02329865 0.01218191
v 0.06000000 0.02329865 0.01439681
v 0.06000000 0.02329865 0.01661170
v 0.06000000 0.02329865 0.01882660
v 0.06000000 0.02329865 0.02104149
v 0.06000000 0.02329865 0.02325638
v 0.06000000 0.02329865 0.02547128
v 0.06000000 0.02329865 0.02768617
v 0.06000000 0.02329865 0.02990106
v 0.06000000 0.02329865 0.03211596
v 0.06000000 0.02329865 0.03433085
v 0.06000000 0.02329865 0.03654574
v 0.05996745 0.02329865 0.03876064
v 0.05948487 0.02329865 0.04097553
v 0.05833738 0.02329865 0.04319043
v 0.05833738 0.02551757 -0.04319043
v 0.05948487 0.02551757 -0.04097553
v 0.05996745 0.02551757 -0.03876064
v 0.06000000 0.02551757 -0.03654574
v 0.06000000 0.02551757 -0.03433085
v 0.06000000 0.02551757 -0.03211596
v 0.06000000 0.02551757 -0.02990106
v 0.06000000 0.02551757 -0.02768617
v 0.06000000 0.02551757 -0.02547128
v 0.06000000 0.02551757 -0.02325638
v 0.06000000 0.02551757 -0.02104149
v 0.06000000 0.02551757 -0.01882660
v 0.06000000 0.02551757 -0.01661170
v 0.06000000 0.02551757 -0.01439681
v 0.06000000 0.02551757 -0.01218191
v 0.06000000 0.02551757 -0.00996702
v 0.06000000 0.02551757 -0.00775213
v 0.06000000 0.02551757 -0.00553723
v 0.06000000 0.02551757 -0.00332234
v 0.06000000 0.02551757 -0.00110745
v 0.06000000 0.02551757 0.00110745
v 0.06000000 0.02551757 0.00332234
v 0.06000000 0.02551757 0.00553723
v 0.06000000 0.02551757 0.00775213
v 0.06000000 0.02551757 0.00996702
v 0.06000000 0.02551757 0.01218191
v 0.06000000 0.02551757 0.01439681
v 0.06000000 0.02551757 0.01661170
v 0.06000000 0.02551757 0.01882660
v 0.06000000 0.02551757 0.02104149
v 0.06000000 0.02551757 0.02325638
v 0.06000000 0.02551757 0.02547128
v 0.06000000 0.02551757 0.02768617
v 0.06000000 0.02551757 0.02990106
v 0.06000000 0.02551757 0.03211596
v 0.06000000 0.02551757 0.03433085
v 0.06000000 0.02551757 0.03654574
v 0.05996745 0.02551757 0.03876064
v 0.05948487 0.02551757 0.04097553
v 0.05833738 0.02551757 0.04319043
v 0.05830131 0.02773649 -0.04319043
v 0.05945219 0.02773649 -0.04097553
v 0.05993678 0.02773649 -0.03876064
v 0.05996949 0.02773649 -0.03654574
v 0.05996949 0.02773649 -0.03433085
v 0.05996949 0.02773649 -0.03211596
v 0.05996949 0.02773649 -0.02990106
v 0.05996949 0.02773649 -0.02768617
v 0.05996949 0.02773649 -0.02547128
v 0.05996949 0.02773649 -0.02325638
v 0.05996949 0.02773649 -0.02104149
v 0.05996949 0.02773649 -0.01882660
v 0.05996949 0.02773649 -0.01661170
v 0.05996949 0.02773649 -0.01439681
v 0.05996949 0.02773649 -0.01218191
v 0.05996949 0.02773649 -0.00996702
v 0.05996949 0.02773649 -0.00775213
v 0.05996949 0.02773649 -0.00553723
v 0.05996949 0.02773649 -0.00332234
v 0.05996949 0.02773649 -0.00110745
v 0.05996949 0.02773649 0.00110745
v 0.05996949 0.02773649 0.00332234
v 0.05996949 0.02773649 0.00553723
v 0.05996949 0.02773649 0.00775213
v 0.05996949 0.02773649 0.00996702
v 0.05996949 0.02773649 0.01218191
v 0.05996949 0.02773649 0.01439681
v 0.05996949 0.02773649 0.01661170
v 0.05996949 0.02773649 0.01882660
v 0.05996949 0.02773649 0.02104149
v 0.05996949 0.02773649 0.02325638
v 0.05996949 0.02773649 0.02547128
v 0.05996949 0.02773649 0.02768617
v 0.05996949 0.02773649 0.02990106
v 0.05996949 0.02773649 0.03211596
v 0.05996949 0.02773649 0.03433085
v 0.05996949 0.02773649 0.03654574
v 0.05993678 0.02773649 0.03876064
v 0.05945219 0.02773649 0.04097553
v 0.05830131 0.02773649 0.04319043
v 0.05894494 0.02995541 -0.04097553
v 0.05945722 0.02995541 -0.03876064
v 0.05949204 0.02995541 -0.03654574
v 0.05949204 0.02995541 -0.03433085
v 0.05949204 0.02995541 -0.03211596
v 0.05949204 0.02995541 -0.02990106
v 0.05949204 0.02995541 -0.02768617
v 0.05949204 0.02995541 -0.02547128
v 0.05949204 0.02995541 -0.02325638
v 0.05949204 0.02995541 -0.02104149
v 0.05949204 0.02995541 -0.01882660
v 0.05949204 0.02995541 -0.01661170
v 0.05949204 0.02995541 -0.01439681
v 0.05949204 0.02995541 -0.01218191
v 0.05949204 0.02995541 -0.00996702
v 0.05949204 0.02995541 -0.00775213
v 0.05949204 0.02995541 -0.00553723
v 0.05949204 0.02995541 -0.00332234
v 0.05949204 0.02995541 -0.00110745
v 0.05949204 0.02995541 0.00110745
v 0.05949204 0.02995541 0.00332234
v 0.05949204 0.02995541 0.00553723
v 0.05949204 0.02995541 0.00775213
v 0.05949204 0.02995541 0.00996702
v 0.05949204 0.02995541 0.01218191
v 0.05949204 0.02995541 0.01439681
v 0.05949204 0.02995541 0.01661170
v 0.05949204 0.02995541 0.01882660
v 0.05949204 0.02995541 0.02104149
v 0.05949204 0.02995541 0.02325638
v 0.05949204 0.02995541 0.02547128
v 0.05949204 0.02995541 0.02768617
v 0.05949204 0.02995541 0.02990106
v 0.05949204 0.02995541 0.03211596
v 0.05949204 0.02995541 0.03433085
v 0.05949204 0.02995541 0.03654574
v 0.05945722 0.02995541 0.03876064
v 0.05894494 0.02995541 0.04097553
v 0.05831001 0.03217432 -0.03876064
v 0.05834846 0.03217432 -0.03654574
v 0.05834846 0.03217432 -0.03433085
v 0.05834846 0.03217432 -0.03211596
v 0.05834846 0.03217432 -0.02990106
v 0.05834846 0.03217432 -0.02768617
v 0.05834846 0.03217432 -0.02547128
v 0.05834846 0.03217432 -0.02325638
v 0.05834846 0.03217432 -0.02104149
v 0.05834846 0.03217432 -0.01882660
v 0.05834846 0.03217432 -0.01661170
v 0.05834846 0.03217432 -0.01439681
v 0.05834846 0.03217432 -0.01218191
v 0.05834846 0.03217432 -0.00996702
v 0.05834846 0.03217432 -0.00775213
v 0.05834846 0.03217432 -0.00553723
v 0.05834846 0.03217432 -0.00332234
v 0.05834846 0.03217432 -0.00110745
v 0.05834846 0.03217432 0.00110745
v 0.05834846 0.03217432 0.00332234
v 0.05834846 0.03217432 0.00553723
v 0.05834846 0.03217432 0.00775213
v 0.05834846 0.03217432 0.00996702
v 0.05834846 0.03217432 0.01218191
v 0.05834846 0.03217432 0.01439681
v 0.05834846 0.03217432 0.01661170
v 0.05834846 0.03217432 0.01882660
v 0.05834846 0.03217432 0.02104149
v 0.05834846 0.03217432 0.02325638
v 0.05834846 0.03217432 0.02547128
v 0.05834846 0.03217432 0.02768617
v 0.05834846 0.03217432 0.02990106
v 0.05834846 0.03217432 0.03211596
v 0.05834846 0.03217432 0.03433085
v 0.05834846 0.03217432 0.03654574
v 0.05831001 0.03217432 0.03876064
f 3 2 1
f 5 4 1
f 5 1 2
f 7 6 4
f 7 4 5
f 9 8 6
f 9 6 7
f 11 10 8
f 11 8 9
f 13 12 10
f 13 10 11
f 15 14 12
f 15 12 13
f 17 16 14
f 17 14 15
f 19 18 16
f 19 16 17
f 21 20 18
f 21 18 19
f 23 22 20
f 23 20 21
f 25 24 22
f 25 22 23
f 27 26 24
f 27 24 25
f 29 28 26
f 29 26 27
f 31 30 28
f 31 28 29
f 33 32 30
f 33 30 31
f 35 34 32
f 35 32 33
f 37 36 34
f 37 34 35
f 39 38 36
f 39 36 37
f 41 40 38
f 41 38 39
f 43 42 40
f 43 40 41
f 45 44 42
f 45 42 43
f 47 46 44
f 47 44 45
f 49 48 46
f 49 46 47
f 51 50 48
f 51 48 49
f 53 52 50
f 53 50 51
f 55 54 52
f 55 52 53
f 57 56 54
f 57 54 55
f 59 58 56
f 59 56 57
f 61 60 58
f 61 58 59
f 63 62 60
f 63 60 61
f 65 64 62
f 65 62 63
f 67 66 64
f 67 64 65
f 69 68 66
f 69 66 67
f 71 70 68
f 71 68 69
f 73 72 70
f 73 70 71
f 74 72 73
f 77 76 75
f 75 76 3
f 1 75 3
f 78 75 1
f 79 1 4
f 78 1 79
f 80 4 6
f 79 4 80
f 81 6 8
f 80 6 81
f 82 8 10
f 81 8 82
f 83 10 12
f 82 10 83
f 84 12 14
f 83 12 84
f 85 14 16
f 84 14 85
f 86 16 18
f 85 16 86
f 87 18 20
f 86 18 87
f 88 20 22
f 87 20 88
f 89 22 24
f 88 22 89
f 90 24 26
f 89 24 90
f 91 26 28
f 90 26 91
f 92 28 30
f 91 28 92
f 93 30 32
f 92 30 93
f 94 32 34
f 93 32 94
f 95 34 36
f 94 34 95
f 96 36 38
f 95 36 96
f 97 38 40
f 96 38 97
f 98 40 42
f 97 40 98
f 99 42 44
f 98 42 99
f 100 44 46
f 99 44 100
f 101 46 48
f 100 46 101
f 102 48 50
f 101 48 102
f 103 50 52
f 102 50 103
f 104 52 54
f 103 52 104
f 105 54 56
f 104 54 105
f 106 56 58
f 105 56 106
f 107 58 60
f 106 58 107
f 108 60 62
f 107 60 108
f 109 62 64
f 108 62 109
f 110 64 66
f 109 64 110
f 111 66 68
f 110 66 111
f 112 68 70
f 111 68 112
f 113 70 72
f 112 70 113
f 72 74 114
f 115 72 114
f 113 72 115
f 116 115 114
f 119 118 117
f 117 118 77
f 75 117 77
f 120 117 75
f 121 75 78
f 120 75 121
f 122 78 79
f 121 78 122
f 123 79 80
f 122 79 123
f 124 80 81
f 123 80 124
f 125 81 82
f 124 81 125
f 126 82 83
f 125 82 126
f 127 83 84
f 126 83 127
f 128 84 85
f 127 84 128
f 129 85 86
f 128 85 129
f 130 86 87
f 129 86 130
f 131 87 88
f 130 87 131
f 132 88 89
f 131 88 132
f 133 89 90
f 132 89 133
f 134 90 91
f 133 90 134
f 135 91 92
f 134 91 135
f 136 92 93
f 135 92 136
f 137 93 94
f 136 93 137
f 138 94 95
f 137 94 138
f 139 95 96
f 138 95 139
f 140 96 97
f 139 96 140
f 141 97 98
f 140 97 141
f 142 98 99
f 141 98 142
f 143 99 100
f 142 99 143
f 144 100 101
f 143 100 144
f 145 101 102
f 144 101 145
f 146 102 103
f 145 102 146
f 147 103 104
f 146 103 147
f 148 104 105
f 147 104 148
f 149 105 106
f 148 105 149
f 150 106 107
f 149 106 150
f 151 107 108
f 150 107 151
f 152 108 109
f 151 108 152
f 153 109 110
f 152 109 153
f 154 110 111
f 153 110 154
f 155 111 112
f 154 111 155
f 156 112 113
f 155 112 156
f 157 113 115
f 156 113 157
f 115 116 158
f 159 115 158
f 157 115 159
f 160 159 158
f 119 117 161
f 119 161 162
f 163 117 120
f 161 117 163
f 164 120 121
f 163 120 164
f 165 121 122
f 164 121 165
f 166 122 123
f 165 122 166
f 167 123 124
f 166 123 167
f 168 124 125
f 167 124 168
f 169 125 126
f 168 125 169
f 170 126 127
f 169 126 170
f 171 127 128
f 170 127 171
f 172 128 129
f 171 128 172
f 173 129 130
f 172 129 173
f 174 130 131
f 173 130 174
f 175 131 132
f 174 131 175
f 176 132 133
f 175 132 176
f 177 133 134
f 176 133 177
f 178 134 135
f 177 134 178
f 179 135 136
f 178 135 179
f 180 136 137
f 179 136 180
f 181 137 138
f 180 137 181
f 182 138 139
f 181 138 182
f 183 139 140
f 182 139 183
f 184 140 141
f 183 140 184
f 185 141 142
f 184 141 185
f 186 142 143
f 185 142 186
f 187 143 144
f 186 143 187
f 188 144 145
f 187 144 188
f 189 145 146
f 188 145 189
f 190 146 147
f 189 146 190
f 191 147 148
f 190 147 191
f 192 148 149
f 191 148 192
f 193 149 150
f 192 149 193
f 194 150 151
f 193 150 194
f 195 151 152
f 194 151 195
f 196 152 153
f 195 152 196
f 197 153 154
f 196 153 197
f 198 154 155
f 197 154 198
f 199 155 156
f 198 155 199
f 200 156 157
f 199 156 200
f 201 157 159
f 200 157 201
f 159 160 202
f 159 202 201
f 162 161 203
f 162 203 204
f 205 161 163
f 203 161 205
f 206 163 164
f 205 163 206
f 207 164 165
f 206 164 207
f 208 165 166
f 207 165 208
f 209 166 167
f 208 166 209
f 210 167 168
f 209 167 210
f 211 168 169
f 210 168 211
f 212 169 170
f 211 169 212
f 213 170 171
f 212 170 213
f 214 171 172
f 213 171 214
f 215 172 173
f 214 172 215
f 216 173 174
f 215 173 216
f 217 174 175
f 216 174 217
f 218 175 176
f 217 175 218
f 219 176 177
f 218 176 219
f 220 177 178
f 219 177 220
f 221 178 179
f 220 178 221
f 222 179 180
f 221 179 222
f 223 180 181
f 222 180 223
f 224 181 182
f 223 181 224
f 225 182 183
f 224 182 225
f 226 183 184
f 225 183 226
f 227 184 185
f 226 184 227
f 228 185 186
f 227 185 228
f 229 186 187
f 228 186 229
f 230 187 188
f 229 187 230
f 231 188 189
f 230 188 231
f 232 189 190
f 231 189 232
f 233 190 191
f 232 190 233
f 234 191 192
f 233 191 234
f 235 192 193
f 234 192 235
f 236 193 194
f 235 193 236
f 237 194 195
f 236 194 237
f 238 195 196
f 237 195 238
f 239 196 197
f 238 196 239
f 240 197 198
f 239 197 240
f 241 198 199
f 240 198 241
f 242 199 200
f 241 199 242
f 243 200 201
f 242 200 243
f 201 202 244
f 201 244 243
f 204 203 245
f 204 245 246
f 247 203 205
f 245 203 247
f 248 205 206
f 247 205 248
f 249 206 207
f 248 206 249
f 250 207 208
f 249 207 250
f 251 208 209
f 250 208 251
f 252 209 210
f 251 209 252
f 253 210 211
f 252 210 253
f 254 211 212
f 253 211 254
f 255 212 213
f 254 212 255
f 256 213 214
f 255 213 256
f 257 214 215
f 256 214 257
f 258 215 216
f 257 215 258
f 259 216 217
f 258 216 259
f 260 217 218
f 259 217 260
f 261 218 219
f 260 218 261
f 262 219 220
f 261 219 262
f 263 220 221
f 262 220 263
f 264 221 222
f 263 221 264
f 265 222 223
f 264 222 265
f 266 223 224
f 265 223 266
f 267 224 225
f 266 224 267
f 268 225 226
f 267 225 268
f 269 226 227
f 268 226 269
f 270 227 228
f 269 227 270
f 271 228 229
f 270 228 271
f 272 229 230
f 271 229 272
f 273 230 231
f 272 230 273
f 274 231 232
f 273 231 274
f 275 232 233
f 274 232 275
f 276 233 234
f 275 233 276
f 277 234 235
f 276 234 277
f 278 235 236
f 277 235 278
f 279 236 237
f 278 236 279
f 280 237 238
f 279 237 280
f 281 238 239
f 280 238 281
f 282 239 240
f 281 239 282
f 283 240 241
f 282 240 283
f 284 241 242
f 283 241 284
f 285 242 243
f 284 242 285
f 243 244 286
f 243 286 285
f 246 245 287
f 246 287 288
f 289 245 247
f 287 245 289
f 290 247 248
f 289 247 290
f 291 248 249
f 290 248 291
f 292 249 250
f 291 249 292
f 293 250 251
f 292 250 293
f 294 251 252
f 293 251 294
f 295 252 253
f 294 252 295
f 296 253 254
f 295 253 296
f 297 254 255
f 296 254 297
f 298 255 256
f 297 255 298
f 299 256 257
f 298 256 299
f 300 257 258
f 299 257 300
f 301 258 259
f 300 258 301
f 302 259 260
f 301 259 302
f 303 260 261
f 302 260 303
f 304 261 262
f 303 261 304
f 305 262 263
f 304 262 305
f 306 263 264
f 305 263 306
f 307 264 265
f 306 264 307
f 308 265 266
f 307 265 308
f 309 266 267
f 308 266 309
f 310 267 268
f 309 267 310
f 311 268 269
f 310 268 311
f 312 269 270
f 311 269 312
f 313 270 271
f 312 270 313
f 314 271 272
f 313 271 314
f 315 272 273
f 314 272 315
f 316 273 274
f 315 273 316
f 317 274 275
f 316 274 317
f 318 275 276
f 317 275 318
f 319 276 277
f 318 276 319
f 320 277 278
f 319 277 320
f 321 278 279
f 320 278 321
f 322 279 280
f 321 279 322
f 323 280 281
f 322 280 323
f 324 281 282
f 323 281 324
f 325 282 283
f 324 282 325
f 326 283 284
f 325 283 326
f 327 284 285
f 326 284 327
f 285 286 328
f 285 328 327
f 288 287 329
f 288 329 330
f 331 287 289
f 329 287 331
f 332 289 290
f 331 289 332
f 333 290 291
f 332 290 333
f 334 291 292
f 333 291 334
f 335 292 293
f 334 292 335
f 336 293 294
f 335 293 336
f 337 294 295
f 336 294 337
f 338 295 296
f 337 295 338
f 339 296 297
f 338 296 339
f 340 297 298
f 339 297 340
f 341 298 299
f 340 298 341
f 342 299 300
f 341 299 342
f 343 300 301
f 342 300 343
f 344 301 302
f 343 301 344
f 345 302 303
f 344 302 345
f 346 303 304
f 345 303 346
f 347 304 305
f 346 304 347
f 348 305 306
f 347 305 348
f 349 306 307
f 348 306 349
f 350 307 308
f 349 307 350
f 351 308 309
f 350 308 351
f 352 309 310
f 351 309 352
f 353 310 311
f 352 310 353
f 354 311 312
f 353 311 354
f 355 312 313
f 354 312 355
f 356 313 314
f 355 313 356
f 357 314 315
f 356 314 357
f 358 315 316
f 357 315 358
f 359 316 317
f 358 316 359
f 360 317 318
f 359 317 360
f 361 318 319
f 360 318 361
f 362 319 320
f 361 319 362
f 363 320 321
f 362 320 363
f 364 321 322
f 363 321 364
f 365 322 323
f 364 322 365
f 366 323 324
f 365 323 366
f 367 324 325
f 366 324 367
f 368 325 326
f 367 325 368
f 369 326 327
f 368 326 369
f 327 328 370
f 327 370 369
f 330 329 371
f 330 371 372
f 373 329 331
f 371 329 373
f 374 331 332
f 373 331 374
f 375 332 333
f 374 332 375
f 376 333 334
f 375 333 376
f 377 334 335
f 376 334 377
f 378 335 336
f 377 335 378
f 379 336 337
f 378 336 379
f 380 337 338
f 379 337 380
f 381 338 339
f 380 338 381
f 382 339 340
f 381 339 382
f 383 340 341
f 382 340 383
f 384 341 342
f 383 341 384
f 385 342 343
f 384 342 385
f 386 343 344
f 385 343 386
f 387 344 345
f 386 344 387
f 388 345 346
f 387 345 388
f 389 346 347
f 388 346 389
f 390 347 348
f 389 347 390
f 391 348 349
f 390 348 391
f 392 349 350
f 391 349 392
f 393 350 351
f 392 350 393
f 394 351 352
f 393 351 394
f 395 352 353
f 394 352 395
f 396 353 354
f 395 353 396
f 397 354 355
f 396 354 397
f 398 355 356
f 397 355 398
f 399 356 357
f 398 356 399
f 400 357 358
f 399 357 400
f 401 358 359
f 400 358 401
f 402 359 360
f 401 359 402
f 403 360 361
f 402 360 403
f 404 361 362
f 403 361 404
f 405 362 363
f 404 362 405
f 406 363 364
f 405 363 406
f 407 364 365
f 406 364 407
f 408 365 366
f 407 365 408
f 409 366 367
f 408 366 409
f 410 367 368
f 409 367 410
f 411 368 369
f 410 368 411
f 369 370 412
f 369 412 411
f 372 371 413
f 372 413 414
f 415 371 373
f 413 371 415
f 416 373 374
f 415 373 416
f 417 374 375
f 416 374 417
f 418 375 376
f 417 375 418
f 419 376 377
f 418 376 419
f 420 377 378
f 419 377 420
f 421 378 379
f 420 378 421
f 422 379 380
f 421 379 422
f 423 380 381
f 422 380 423
f 424 381 382
f 423 381 424
f 425 382 383
f 424 382 425
f 426 383 384
f 425 383 426
f 427 384 385
f 426 384 427
f 428 385 386
f 427 385 428
f 429 386 387
f 428 386 429
f 430 387 388
f 429 387 430
f 431 388 389
f 430 388 431
f 432 389 390
f 431 389 432
f 433 390 391
f 432 390 433
f 434 391 392
f 433 391 434
f 435 392 393
f 434 392 435
f 436 393 394
f 435 393 436
f 437 394 395
f 436 394 437
f 438 395 396
f 437 395 438
f 439 396 397
f 438 396 439
f 440 397 398
f 439 397 440
f 441 398 399
f 440 398 441
f 442 399 400
f 441 399 442
f 443 400 401
f 442 400 443
f 444 401 402
f 443 401 444
f 445 402 403
f 444 402 445
f 446 403 404
f 445 403 446
f 447 404 405
f 446 404 447
f 448 405 406
f 447 405 448
f 449 406 407
f 448 406 449
f 450 407 408
f 449 407 450
f 451 408 409
f 450 408 451
f 452 409 410
f 451 409 452
f 453 410 411
f 452 410 453
f 411 412 454
f 411 454 453
f 414 413 455
f 414 455 456
f 457 413 415
f 455 413 457
f 458 415 416
f 457 415 458
f 459 416 417
f 458 416 459
f 460 417 418
f 459 417 460
f 461 418 419
f 460 418 461
f 462 419 420
f 461 419 462
f 463 420 421
f 462 420 463
f 464 421 422
f 463 421 464
f 465 422 423
f 464 422 465
f 466 423 424
f 465 423 466
f 467 424 425
f 466 424 467
f 468 425 426
f 467 425 468
f 469 426 427
f 468 426 469
f 470 427 428
f 469 427 470
f 471 428 429
f 470 428 471
f 472 429 430
f 471 429 472
f 473 430 431
f 472 430 473
f 474 431 432
f 473 431 474
f 475 432 433
f 474 432 475
f 476 433 434
f 475 433 476
f 477 434 435
f 476 434 477
f 478 435 436
f 477 435 478
f 479 436 437
f 478 436 479
f 480 437 438
f 479 437 480
f 481 438 439
f 480 438 481
f 482 439 440
f 481 439 482
f 483 440 441
f 482 440 483
f 484 441 442
f 483 441 484
f 485 442 443
f 484 442 485
f 486 443 444
f 485 443 486
f 487 444 445
f 486 444 487
f 488 445 446
f 487 445 488
f 489 446 447
f 488 446 489
f 490 447 448
f 489 447 490
f 491 448 449
f 490 448 491
f 492 449 450
f 491 449 492
f 493 450 451
f 492 450 493
f 494 451 452
f 493 451 494
f 495 452 453
f 494 452 495
f 453 454 496
f 453 496 495
f 456 455 497
f 456 497 498
f 499 455 457
f 497 455 499
f 500 457 458
f 499 457 500
f 501 458 459
f 500 458 501
f 502 459 460
f 501 459 502
f 503 460 461
f 502 460 503
f 504 461 462
f 503 461 504
f 505 462 463
f 504 462 505
f 506 463 464
f 505 463 506
f 507 464 465
f 506 464 507
f 508 465 466
f 507 465 508
f 509 466 467
f 508 466 509
f 510 467 468
f 509 467 510
f 511 468 469
f 510 468 511
f 512 469 470
f 511 469 512
f 513 470 471
f 512 470 513
f 514 471 472
f 513 471 514
f 515 472 473
f 514 472 515
f 516 473 474
f 515 473 516
f 517 474 475
f 516 474 517
f 518 475 476
f 517 475 518
f 519 476 477
f 518 476 519
f 520 477 478
f 519 477 520
f 521 478 479
f 520 478 521
f 522 479 480
f 521 479 522
f 523 480 481
f 522 480 523
f 524 481 482
f 523 481 524
f 525 482 483
f 524 482 525
f 526 483 484
f 525 483 526
f 527 484 485
f 526 484 527
f 528 485 486
f 527 485 528
f 529 486 487
f 528 486 529
f 530 487 488
f 529 487 530
f 531 488 489
f 530 488 531
f 532 489 490
f 531 489 532
f 533 490 491
f 532 490 533
f 534 491 492
f 533 491 534
f 535 492 493
f 534 492 535
f 536 493 494
f 535 493 536
f 537 494 495
f 536 494 537
f 495 496 538
f 495 538 537
f 498 497 539
f 498 539 540
f 541 497 499
f 539 497 541
f 542 499 500
f 541 499 542
f 543 500 501
f 542 500 543
f 544 501 502
f 543 501 544
f 545 502 503
f 544 502 545
f 546 503 504
f 545 503 546
f 547 504 505
f 546 504 547
f 548 505 506
f 547 505 548
f 549 506 507
f 548 506 549
f 550 507 508
f 549 507 550
f 551 508 509
f 550 508 551
f 552 509 510
f 551 509 552
f 553 510 511
f 552 510 553
f 554 511 512
f 553 511 554
f 555 512 513
f 554 512 555
f 556 513 514
f 555 513 556
f 557 514 515
f 556 514 557
f 558 515 516
f 557 515 558
f 559 516 517
f 558 516 559
f 560 517 518
f 559 517 560
f 561 518 519
f 560 518 561
f 562 519 520
f 561 519 562
f 563 520 521
f 562 520 563
f 564 521 522
f 563 521 564
f 565 522 523
f 564 522 565
f 566 523 524
f 565 523 566
f 567 524 525
f 566 524 567
f 568 525 526
f 567 525 568
f 569 526 527
f 568 526 569
f 570 527 528
f 569 527 570
f 571 528 529
f 570 528 571
f 572 529 530
f 571 529 572
f 573 530 531
f 572 530 573
f 574 531 532
f 573 531 574
f 575 532 533
f 574 532 575
f 576 533 534
f 575 533 576
f 577 534 535
f 576 534 577
f 578 535 536
f 577 535 578
f 579 536 537
f 578 536 579
f 537 538 580
f 537 580 579
f 540 539 581
f 540 581 582
f 583 539 541
f 581 539 583
f 584 541 542
f 583 541 584
f 585 542 543
f 584 542 585
f 586 543 544
f 585 543 586
f 587 544 545
f 586 544 587
f 588 545 546
f 587 545 588
f 589 546 547
f 588 546 589
f 590 547 548
f 589 547 590
f 591 548 549
f 590 548 591
f 592 549 550
f 591 549 592
f 593 550 551
f 592 550 593
f 594 551 552
f 593 551 594
f 595 552 553
f 594 552 595
f 596 553 554
f 595 553 596
f 597 554 555
f 596 554 597
f 598 555 556
f 597 555 598
f 599 556 557
f 598 556 599
f 600 557 558
f 599 557 600
f 601 558 559
f 600 558 601
f 602 559 560
f 601 559 602
f 603 560 561
f 602 560 603
f 604 561 562
f 603 561 604
f 605 562 563
f 604 562 605
f 606 563 564
f 605 563 606
f 607 564 565
f 606 564 607
f 608 565 566
f 607 565 608
f 609 566 567
f 608 566 609
f 610 567 568
f 609 567 610
f 611 568 569
f 610 568 611
f 612 569 570
f 611 569 612
f 613 570 571
f 612 570 613
f 614 571 572
f 613 571 614
f 615 572 573
f 614 572 615
f 616 573 574
f 615 573 616
f 617 574 575
f 616 574 617
f 618 575 576
f 617 575 618
f 619 576 577
f 618 576 619
f 620 577 578
f 619 577 620
f 621 578 579
f 620 578 621
f 579 580 622
f 579 622 621
f 582 581 623
f 582 623 624
f 625 581 583
f 623 581 625
f 626 583 584
f 625 583 626
f 627 584 585
f 626 584 627
f 628 585 586
f 627 585 628
f 629 586 587
f 628 586 629
f 630 587 588
f 629 587 630
f 631 588 589
f 630 588 631
f 632 589 590
f 631 589 632
f 633 590 591
f 632 590 633
f 634 591 592
f 633 591 634
f 635 592 593
f 634 592 635
f 636 593 594
f 635 593 636
f 637 594 595
f 636 594 637
f 638 595 596
f 637 595 638
f 639 596 597
f 638 596 639
f 640 597 598
f 639 597 640
f 641 598 599
f 640 598 641
f 642 599 600
f 641 599 642
f 643 600 601
f 642 600 643
f 644 601 602
f 643 601 644
f 645 602 603
f 644 602 645
f 646 603 604
f 645 603 646
f 647 604 605
f 646 604 647
f 648 605 606
f 647 605 648
f 649 606 607
f 648 606 649
f 650 607 608
f 649 607 650
f 651 608 609
f 650 608 651
f 652 609 610
f 651 609 652
f 653 610 611
f 652 610 653
f 654 611 612
f 653 611 654
f 655 612 613
f 654 612 655
f 656 613 614
f 655 613 656
f 657 614 615
f 656 614 657
f 658 615 616
f 657 615 658
f 659 616 617
f 658 616 659
f 660 617 618
f 659 617 660
f 661 618 619
f 660 618 661
f 662 619 620
f 661 619 662
f 663 620 621
f 662 620 663
f 621 622 664
f 621 664 663
f 624 623 665
f 624 665 666
f 667 623 625
f 665 623 667
f 668 625 626
f 667 625 668
f 669 626 627
f 668 626 669
f 670 627 628
f 669 627 670
f 671 628 629
f 670 628 671
f 672 629 630
f 671 629 672
f 673 630 631
f 672 630 673
f 674 631 632
f 673 631 674
f 675 632 633
f 674 632 675
f 676 633 634
f 675 633 676
f 677 634 635
f 676 634 677
f 678 635 636
f 677 635 678
f 679 636 637
f 678 636 679
f 680 637 638
f 679 637 680
f 681 638 639
f 680 638 681
f 682 639 640
f 681 639 682
f 683 640 641
f 682 640 683
f 684 641 642
f 683 641 684
f 685 642 643
f 684 642 685
f 686 643 644
f 685 643 686
f 687 644 645
f 686 644 687
f 688 645 646
f 687 645 688
f 689 646 647
f 688 646 689
f 690 647 648
f 689 647 690
f 691 648 649
f 690 648 691
f 692 649 650
f 691 649 692
f 693 650 651
f 692 650 693
f 694 651 652
f 693 651 694
f 695 652 653
f 694 652 695
f 696 653 654
f 695 653 696
f 697 654 655
f 696 654 697
f 698 655 656
f 697 655 698
f 699 656 657
f 698 656 699
f 700 657 658
f 699 657 700
f 701 658 659
f 700 658 701
f 702 659 660
f 701 659 702
f 703 660 661
f 702 660 703
f 704 661 662
f 703 661 704
f 705 662 663
f 704 662 705
f 663 664 706
f 663 706 705
f 666 665 707
f 666 707 708
f 709 665 667
f 707 665 709
f 710 667 668
f 709 667 710
f 711 668 669
f 710 668 711
f 712 669 670
f 711 669 712
f 713 670 671
f 712 670 713
f 714 671 672
f 713 671 714
f 715 672 673
f 714 672 715
f 716 673 674
f 715 673 716
f 717 674 675
f 716 674 717
f 718 675 676
f 717 675 718
f 719 676 677
f 718 676 719
f 720 677 678
f 719 677 720
f 721 678 679
f 720 678 721
f 722 679 680
f 721 679 722
f 723 680 681
f 722 680 723
f 724 681 682
f 723 681 724
f 725 682 683
f 724 682 725
f 726 683 684
f 725 683 726
f 727 684 685
f 726 684 727
f 728 685 686
f 727 685 728
f 729 686 687
f 728 686 729
f 730 687 688
f 729 687 730
f 731 688 689
f 730 688 731
f 732 689 690
f 731 689 732
f 733 690 691
f 732 690 733
f 734 691 692
f 733 691 734
f 735 692 693
f 734 692 735
f 736 693 694
f 735 693 736
f 737 694 695
f 736 694 737
f 738 695 696
f 737 695 738
f 739 696 697
f 738 696 739
f 740 697 698
f 739 697 740
f 741 698 699
f 740 698 741
f 742 699 700
f 741 699 742
f 743 700 701
f 742 700 743
f 744 701 702
f 743 701 744
f 745 702 703
f 744 702 745
f 746 703 704
f 745 703 746
f 747 704 705
f 746 704 747
f 705 706 748
f 705 748 747
f 708 707 749
f 708 749 750
f 751 707 709
f 749 707 751
f 752 709 710
f 751 709 752
f 753 710 711
f 752 710 753
f 754 711 712
f 753 711 754
f 755 712 713
f 754 712 755
f 756 713 714
f 755 713 756
f 757 714 715
f 756 714 757
f 758 715 716
f 757 715 758
f 759 716 717
f 758 716 759
f 760 717 718
f 759 717 760
f 761 718 719
f 760 718 761
f 762 719 720
f 761 719 762
f 763 720 721
f 762 720 763
f 764 721 722
f 763 721 764
f 765 722 723
f 764 722 765
f 766 723 724
f 765 723 766
f 767 724 725
f 766 724 767
f 768 725 726
f 767 725 768
f 769 726 727
f 768 726 769
f 770 727 728
f 769 727 770
f 771 728 729
f 770 728 771
f 772 729 730
f 771 729 772
f 773 730 731
f 772 730 773
f 774 731 732
f 773 731 774
f 775 732 733
f 774 732 775
f 776 733 734
f 775 733 776
f 777 734 735
f 776 734 777
f 778 735 736
f 777 735 778
f 779 736 737
f 778 736 779
f 780 737 738
f 779 737 780
f 781 738 739
f 780 738 781
f 782 739 740
f 781 739 782
f 783 740 741
f 782 740 783
f 784 741 742
f 783 741 784
f 785 742 743
f 784 742 785
f 786 743 744
f 785 743 786
f 787 744 745
f 786 744 787
f 788 745 746
f 787 745 788
f 789 746 747
f 788 746 789
f 747 748 790
f 747 790 789
f 750 749 791
f 750 791 792
f 793 749 751
f 791 749 793
f 794 751 752
f 793 751 794
f 795 752 753
f 794 752 795
f 796 753 754
f 795 753 796
f 797 754 755
f 796 754 797
f 798 755 756
f 797 755 798
f 799 756 757
f 798 756 799
f 800 757 758
f 799 757 800
f 801 758 759
f 800 758 801
f 802 759 760
f 801 759 802
f 803 760 761
f 802 760 803
f 804 761 762
f 803 761 804
f 805 762 763
f 804 762 805
f 806 763 764
f 805 763 806
f 807 764 765
f 806 764 807
f 808 765 766
f 807 765 808
f 809 766 767
f 808 766 809
f 810 767 768
f 809 767 810
f 811 768 769
f 810 768 811
f 812 769 770
f 811 769 812
f 813 770 771
f 812 770 813
f 814 771 772
f 813 771 814
f 815 772 773
f 814 772 815
f 816 773 774
f 815 773 816
f 817 774 775
f 816 774 817
f 818 775 776
f 817 775 818
f 819 776 777
f 818 776 819
f 820 777 778
f 819 777 820
f 821 778 779
f 820 778 821
f 822 779 780
f 821 779 822
f 823 780 781
f 822 780 823
f 824 781 782
f 823 781 824
f 825 782 783
f 824 782 825
f 826 783 784
f 825 783 826
f 827 784 785
f 826 784 827
f 828 785 786
f 827 785 828
f 829 786 787
f 828 786 829
f 830 787 788
f 829 787 830
f 831 788 789
f 830 788 831
f 789 790 832
f 789 832 831
f 792 791 833
f 792 833 834
f 835 791 793
f 833 791 835
f 836 793 794
f 835 793 836
f 837 794 795
f 836 794 837
f 838 795 796
f 837 795 838
f 839 796 797
f 838 796 839
f 840 797 798
f 839 797 840
f 841 798 799
f 840 798 841
f 842 799 800
f 841 799 842
f 843 800 801
f 842 800 843
f 844 801 802
f 843 801 844
f 845 802 803
f 844 802 845
f 846 803 804
f 845 803 846
f 847 804 805
f 846 804 847
f 848 805 806
f 847 805 848
f 849 806 807
f 848 806 849
f 850 807 808
f 849 807 850
f 851 808 809
f 850 808 851
f 852 809 810
f 851 809 852
f 853 810 811
f 852 810 853
f 854 811 812
f 853 811 854
f 855 812 813
f 854 812 855
f 856 813 814
f 855 813 856
f 857 814 815
f 856 814 857
f 858 815 816
f 857 815 858
f 859 816 817
f 858 816 859
f 860 817 818
f 859 817 860
f 861 818 819
f 860 818 861
f 862 819 820
f 861 819 862
f 863 820 821
f 862 820 863
f 864 821 822
f 863 821 864
f 865 822 823
f 864 822 865
f 866 823 824
f 865 823 866
f 867 824 825
f 866 824 867
f 868 825 826
f 867 825 868
f 869 826 827
f 868 826 869
f 870 827 828
f 869 827 870
f 871 828 829
f 870 828 871
f 872 829 830
f 871 829 872
f 873 830 831
f 872 830 873
f 831 832 874
f 831 874 873
f 834 833 875
f 834 875 876
f 877 833 835
f 875 833 877
f 878 835 836
f 877 835 878
f 879 836 837
f 878 836 879
f 880 837 838
f 879 837 880
f 881 838 839
f 880 838 881
f 882 839 840
f 881 839 882
f 883 840 841
f 882 840 883
f 884 841 842
f 883 841 884
f 885 842 843
f 884 842 885
f 886 843 844
f 885 843 886
f 887 844 845
f 886 844 887
f 888 845 846
f 887 845 888
f 889 846 847
f 888 846 889
f 890 847 848
f 889 847 890
f 891 848 849
f 890 848 891
f 892 849 850
f 891 849 892
f 893 850 851
f 892 850 893
f 894 851 852
f 893 851 894
f 895 852 853
f 894 852 895
f 896 853 854
f 895 853 896
f 897 854 855
f 896 854 897
f 898 855 856
f 897 855 898
f 899 856 857
f 898 856 899
f 900 857 858
f 899 857 900
f 901 858 859
f 900 858 901
f 902 859 860
f 901 859 902
f 903 860 861
f 902 860 903
f 904 861 862
f 903 861 904
f 905 862 863
f 904 862 905
f 906 863 864
f 905 863 906
f 907 864 865
f 906 864 907
f 908 865 866
f 907 865 908
f 909 866 867
f 908 866 909
f 910 867 868
f 909 867 910
f 911 868 869
f 910 868 911
f 912 869 870
f 911 869 912
f 913 870 871
f 912 870 913
f 914 871 872
f 913 871 914
f 915 872 873
f 914 872 915
f 873 874 916
f 873 916 915
f 876 875 917
f 876 917 918
f 919 875 877
f 917 875 919
f 920 877 878
f 919 877 920
f 921 878 879
f 920 878 921
f 922 879 880
f 921 879 922
f 923 880 881
f 922 880 923
f 924 881 882
f 923 881 924
f 925 882 883
f 924 882 925
f 926 883 884
f 925 883 926
f 927 884 885
f 926 884 927
f 928 885 886
f 927 885 928
f 929 886 887
f 928 886 929
f 930 887 888
f 929 887 930
f 931 888 889
f 930 888 931
f 932 889 890
f 931 889 932
f 933 890 891
f 932 890 933
f 934 891 892
f 933 891 934
f 935 892 893
f 934 892 935
f 936 893 894
f 935 893 936
f 937 894 895
f 936 894 937
f 938 895 896
f 937 895 938
f 939 896 897
f 938 896 939
f 940 897 898
f 939 897 940
f 941 898 899
f 940 898 941
f 942 899 900
f 941 899 942
f 943 900 901
f 942 900 943
f 944 901 902
f 943 901 944
f 945 902 903
f 944 902 945
f 946 903 904
f 945 903 946
f 947 904 905
f 946 904 947
f 948 905 906
f 947 905 948
f 949 906 907
f 948 906 949
f 950 907 908
f 949 907 950
f 951 908 909
f 950 908 951
f 952 909 910
f 951 909 952
f 953 910 911
f 952 910 953
f 954 911 912
f 953 911 954
f 955 912 913
f 954 912 955
f 956 913 914
f 955 913 956
f 957 914 915
f 956 914 957
f 915 916 958
f 915 958 957
f 918 917 959
f 918 959 960
f 961 917 919
f 959 917 961
f 962 919 920
f 961 919 962
f 963 920 921
f 962 920 963
f 964 921 922
f 963 921 964
f 965 922 923
f 964 922 965
f 966 923 924
f 965 923 966
f 967 924 925
f 966 924 967
f 968 925 926
f 967 925 968
f 969 926 927
f 968 926 969
f 970 927 928
f 969 927 970
f 971 928 929
f 970 928 971
f 972 929 930
f 971 929 972
f 973 930 931
f 972 930 973
f 974 931 932
f 973 931 974
f 975 932 933
f 974 932 975
f 976 933 934
f 975 933 976
f 977 934 935
f 976 934 977
f 978 935 936
f 977 935 978
f 979 936 937
f 978 936 979
f 980 937 938
f 979 937 980
f 981 938 939
f 980 938 981
f 982 939 940
f 981 939 982
f 983 940 941
f 982 940 983
f 984 941 942
f 983 941 984
f 985 942 943
f 984 942 985
f 986 943 944
f 985 943 986
f 987 944 945
f 986 944 987
f 988 945 946
f 987 945 988
f 989 946 947
f 988 946 989
f 990 947 948
f 989 947 990
f 991 948 949
f 990 948 991
f 992 949 950
f 991 949 992
f 993 950 951
f 992 950 993
f 994 951 952
f 993 951 994
f 995 952 953
f 994 952 995
f 996 953 954
f 995 953 996
f 997 954 955
f 996 954 997
f 998 955 956
f 997 955 998
f 999 956 957
f 998 956 999
f 957 958 1000
f 957 1000 999
f 960 959 1001
f 960 1001 1002
f 1003 959 961
f 1001 959 1003
f 1004 961 962
f 1003 961 1004
f 1005 962 963
f 1004 962 1005
f 1006 963 964
f 1005 963 1006
f 1007 964 965
f 1006 964 1007
f 1008 965 966
f 1007 965 1008
f 1009 966 967
f 1008 966 1009
f 1010 967 968
f 1009 967 1010
f 1011 968 969
f 1010 968 1011
f 1012 969 970
f 1011 969 1012
f 1013 970 971
f 1012 970 1013
f 1014 971 972
f 1013 971 1014
f 1015 972 973
f 1014 972 1015
f 1016 973 974
f 1015 973 1016
f 1017 974 975
f 1016 974 1017
f 1018 975 976
f 1017 975 1018
f 1019 976 977
f 1018 976 1019
f 1020 977 978
f 1019 977 1020
f 1021 978 979
f 1020 978 1021
f 1022 979 980
f 1021 979 1022
f 1023 980 981
f 1022 980 1023
f 1024 981 982
f 1023 981 1024
f 1025 982 983
f 1024 982 1025
f 1026 983 984
f 1025 983 1026
f 1027 984 985
f 1026 984 1027
f 1028 985 986
f 1027 985 1028
f 1029 986 987
f 1028 986 1029
f 1030 987 988
f 1029 987 1030
f 1031 988 989
f 1030 988 1031
f 1032 989 990
f 1031 989 1032
f 1033 990 991
f 1032 990 1033
f 1034 991 992
f 1033 991 1034
f 1035 992 993
f 1034 992 1035
f 1036 993 994
f 1035 993 1036
f 1037 994 995
f 1036 994 1037
f 1038 995 996
f 1037 995 1038
f 1039 996 997
f 1038 996 1039
f 1040 997 998
f 1039 997 1040
f 1041 998 999
f 1040 998 1041
f 999 1000 1042
f 999 1042 1041
f 1002 1001 1043
f 1002 1043 1044
f 1045 1001 1003
f 1043 1001 1045
f 1046 1003 1004
f 1045 1003 1046
f 1047 1004 1005
f 1046 1004 1047
f 1048 1005 1006
f 1047 1005 1048
f 1049 1006 1007
f 1048 1006 1049
f 1050 1007 1008
f 1049 1007 1050
f 1051 1008 1009
f 1050 1008 1051
f 1052 1009 1010
f 1051 1009 1052
f 1053 1010 1011
f 1052 1010 1053
f 1054 1011 1012
f 1053 1011 1054
f 1055 1012 1013
f 1054 1012 1055
f 1056 1013 1014
f 1055 1013 1056
f 1057 1014 1015
f 1056 1014 1057
f 1058 1015 1016
f 1057 1015 1058
f 1059 1016 1017
f 1058 1016 1059
f 1060 1017 1018
f 1059 1017 1060
f 1061 1018 1019
f 1060 1018 1061
f 1062 1019 1020
f 1061 1019 1062
f 1063 1020 1021
f 1062 1020 1063
f 1064 1021 1022
f 1063 1021 1064
f 1065 1022 1023
f 1064 1022 1065
f 1066 1023 1024
f 1065 1023 1066
f 1067 1024 1025
f 1066 1024 1067
f 1068 1025 1026
f 1067 1025 1068
f 1069 1026 1027
f 1068 1026 1069
f 1070 1027 1028
f 1069 1027 1070
f 1071 1028 1029
f 1070 1028 1071
f 1072 1029 1030
f 1071 1029 1072
f 1073 1030 1031
f 1072 1030 1073
f 1074 1031 1032
f 1073 1031 1074
f 1075 1032 1033
f 1074 1032 1075
f 1076 1033 1034
f 1075 1033 1076
f 1077 1034 1035
f 1076 1034 1077
f 1078 1035 1036
f 1077 1035 1078
f 1079 1036 1037
f 1078 1036 1079
f 1080 1037 1038
f 1079 1037 1080
f 1081 1038 1039
f 1080 1038 1081
f 1082 1039 1040
f 1081 1039 1082
f 1083 1040 1041
f 1082 1040 1083
f 1041 1042 1084
f 1041 1084 1083
f 1044 1043 1085
f 1044 1085 1086
f 1087 1043 1045
f 1085 1043 1087
f 1088 1045 1046
f 1087 1045 1088
f 1089 1046 1047
f 1088 1046 1089
f 1090 1047 1048
f 1089 1047 1090
f 1091 1048 1049
f 1090 1048 1091
f 1092 1049 1050
f 1091 1049 1092
f 1093 1050 1051
f 1092 1050 1093
f 1094 1051 1052
f 1093 1051 1094
f 1095 1052 1053
f 1094 1052 1095
f 1096 1053 1054
f 1095 1053 1096
f 1097 1054 1055
f 1096 1054 1097
f 1098 1055 1056
f 1097 1055 1098
f 1099 1056 1057
f 1098 1056 1099
f 1100 1057 1058
f 1099 1057 1100
f 1101 1058 1059
f 1100 1058 1101
f 1102 1059 1060
f 1101 1059 1102
f 1103 1060 1061
f 1102 1060 1103
f 1104 1061 1062
f 1103 1061 1104
f 1105 1062 1063
f 1104 1062 1105
f 1106 1063 1064
f 1105 1063 1106
f 1107 1064 1065
f 1106 1064 1107
f 1108 1065 1066
f 1107 1065 1108
f 1109 1066 1067
f 1108 1066 1109
f 1110 1067 1068
f 1109 1067 1110
f 1111 1068 1069
f 1110 1068 1111
f 1112 1069 1070
f 1111 1069 1112
f 1113 1070 1071
f 1112 1070 1113
f 1114 1071 1072
f 1113 1071 1114
f 1115 1072 1073
f 1114 1072 1115
f 1116 1073 1074
f 1115 1073 1116
f 1117 1074 1075
f 1116 1074 1117
f 1118 1075 1076
f 1117 1075 1118
f 1119 1076 1077
f 1118 1076 1119
f 1120 1077 1078
f 1119 1077 1120
f 1121 1078 1079
f 1120 1078 1121
f 1122 1079 1080
f 1121 1079 1122
f 1123 1080 1081
f 1122 1080 1123
f 1124 1081 1082
f 1123 1081 1124
f 1125 1082 1083
f 1124 1082 1125
f 1083 1084 1126
f 1083 1126 1125
f 1086 1085 1127
f 1086 1127 1128
f 1129 1085 1087
f 1127 1085 1129
f 1130 1087 1088
f 1129 1087 1130
f 1131 1088 1089
f 1130 1088 1131
f 1132 1089 1090
f 1131 1089 1132
f 1133 1090 1091
f 1132 1090 1133
f 1134 1091 1092
f 1133 1091 1134
f 1135 1092 1093
f 1134 1092 1135
f 1136 1093 1094
f 1135 1093 1136
f 1137 1094 1095
f 1136 1094 1137
f 1138 1095 1096
f 1137 1095 1138
f 1139 1096 1097
f 1138 1096 1139
f 1140 1097 1098
f 1139 1097 1140
f 1141 1098 1099
f 1140 1098 1141
f 1142 1099 1100
f 1141 1099 1142
f 1143 1100 1101
f 1142 1100 1143
f 1144 1101 1102
f 1143 1101 1144
f 1145 1102 1103
f 1144 1102 1145
f 1146 1103 1104
f 1145 1103 1146
f 1147 1104 1105
f 1146 1104 1147
f 1148 1105 1106
f 1147 1105 1148
f 1149 1106 1107
f 1148 1106 1149
f 1150 1107 1108
f 1149 1107 1150
f 1151 1108 1109
f 1150 1108 1151
f 1152 1109 1110
f 1151 1109 1152
f 1153 1110 1111
f 1152 1110 1153
f 1154 1111 1112
f 1153 1111 1154
f 1155 1112 1113
f 1154 1112 1155
f 1156 1113 1114
f 1155 1113 1156
f 1157 1114 1115
f 1156 1114 1157
f 1158 1115 1116
f 1157 1115 1158
f 1159 1116 1117
f 1158 1116 1159
f 1160 1117 1118
f 1159 1117 1160
f 1161 1118 1119
f 1160 1118 1161
f 1162 1119 1120
f 1161 1119 1162
f 1163 1120 1121
f 1162 1120 1163
f 1164 1121 1122
f 1163 1121 1164
f 1165 1122 1123
f 1164 1122 1165
f 1166 1123 1124
f 1165 1123 1166
f 1167 1124 1125
f 1166 1124 1167
f 1125 1126 1168
f 1125 1168 1167
f 1128 1127 1169
f 1128 1169 1170
f 1171 1127 1129
f 1169 1127 1171
f 1172 1129 1130
f 1171 1129 1172
f 1173 1130 1131
f 1172 1130 1173
f 1174 1131 1132
f 1173 1131 1174
f 1175 1132 1133
f 1174 1132 1175
f 1176 1133 1134
f 1175 1133 1176
f 1177 1134 1135
f 1176 1134 1177
f 1178 1135 1136
f 1177 1135 1178
f 1179 1136 1137
f 1178 1136 1179
f 1180 1137 1138
f 1179 1137 1180
f 1181 1138 1139
f 1180 1138 1181
f 1182 1139 1140
f 1181 1139 1182
f 1183 1140 1141
f 1182 1140 1183
f 1184 1141 1142
f 1183 1141 1184
f 1185 1142 1143
f 1184 1142 1185
f 1186 1143 1144
f 1185 1143 1186
f 1187 1144 1145
f 1186 1144 1187
f 1188 1145 1146
f 1187 1145 1188
f 1189 1146 1147
f 1188 1146 1189
f 1190 1147 1148
f 1189 1147 1190
f 1191 1148 1149
f 1190 1148 1191
f 1192 1149 1150
f 1191 1149 1192
f 1193 1150 1151
f 1192 1150 1193
f 1194 1151 1152
f 1193 1151 1194
f 1195 1152 1153
f 1194 1152 1195
f 1196 1153 1154
f 1195 1153 1196
f 1197 1154 1155
f 1196 1154 1197
f 1198 1155 1156
f 1197 1155 1198
f 1199 1156 1157
f 1198 1156 1199
f 1200 1157 1158
f 1199 1157 1200
f 1201 1158 1159
f 1200 1158 1201
f 1202 1159 1160
f 1201 1159 1202
f 1203 1160 1161
f 1202 1160 1203
f 1204 1161 1162
f 1203 1161 1204
f 1205 1162 1163
f 1204 1162 1205
f 1206 1163 1164
f 1205 1163 1206
f 1207 1164 1165
f 1206 1164 1207
f 1208 1165 1166
f 1207 1165 1208
f 1209 1166 1167
f 1208 1166 1209
f 1167 1168 1210
f 1167 1210 1209
f 1211 1170 1169
f 1213 1212 1211
f 1169 1213 1211
f 1171 1213 1169
f 1214 1171 1172
f 1213 1171 1214
f 1215 1172 1173
f 1214 1172 1215
f 1216 1173 1174
f 1215 1173 1216
f 1217 1174 1175
f 1216 1174 1217
f 1218 1175 1176
f 1217 1175 1218
f 1219 1176 1177
f 1218 1176 1219
f 1220 1177 1178
f 1219 1177 1220
f 1221 1178 1179
f 1220 1178 1221
f 1222 1179 1180
f 1221 1179 1222
f 1223 1180 1181
f 1222 1180 1223
f 1224 1181 1182
f 1223 1181 1224
f 1225 1182 1183
f 1224 1182 1225
f 1226 1183 1184
f 1225 1183 1226
f 1227 1184 1185
f 1226 1184 1227
f 1228 1185 1186
f 1227 1185 1228
f 1229 1186 1187
f 1228 1186 1229
f 1230 1187 1188
f 1229 1187 1230
f 1231 1188 1189
f 1230 1188 1231
f 1232 1189 1190
f 1231 1189 1232
f 1233 1190 1191
f 1232 1190 1233
f 1234 1191 1192
f 1233 1191 1234
f 1235 1192 1193
f 1234 1192 1235
f 1236 1193 1194
f 1235 1193 1236
f 1237 1194 1195
f 1236 1194 1237
f 1238 1195 1196
f 1237 1195 1238
f 1239 1196 1197
f 1238 1196 1239
f 1240 1197 1198
f 1239 1197 1240
f 1241 1198 1199
f 1240 1198 1241
f 1242 1199 1200
f 1241 1199 1242
f 1243 1200 1201
f 1242 1200 1243
f 1244 1201 1202
f 1243 1201 1244
f 1245 1202 1203
f 1244 1202 1245
f 1246 1203 1204
f 1245 1203 1246
f 1247 1204 1205
f 1246 1204 1247
f 1248 1205 1206
f 1247 1205 1248
f 1249 1206 1207
f 1248 1206 1249
f 1250 1207 1208
f 1249 1207 1250
f 1209 1252 1251
f 1250 1209 1251
f 1208 1209 1250
f 1252 1209 1210
f 1253 1212 1213
f 1255 1254 1253
f 1213 1255 1253
f 1214 1255 1213
f 1256 1214 1215
f 1255 1214 1256
f 1257 1215 1216
f 1256 1215 1257
f 1258 1216 1217
f 1257 1216 1258
f 1259 1217 1218
f 1258 1217 1259
f 1260 1218 1219
f 1259 1218 1260
f 1261 1219 1220
f 1260 1219 1261
f 1262 1220 1221
f 1261 1220 1262
f 1263 1221 1222
f 1262 1221 1263
f 1264 1222 1223
f 1263 1222 1264
f 1265 1223 1224
f 1264 1223 1265
f 1266 1224 1225
f 1265 1224 1266
f 1267 1225 1226
f 1266 1225 1267
f 1268 1226 1227
f 1267 1226 1268
f 1269 1227 1228
f 1268 1227 1269
f 1270 1228 1229
f 1269 1228 1270
f 1271 1229 1230
f 1270 1229 1271
f 1272 1230 1231
f 1271 1230 1272
f 1273 1231 1232
f 1272 1231 1273
f 1274 1232 1233
f 1273 1232 1274
f 1275 1233 1234
f 1274 1233 1275
f 1276 1234 1235
f 1275 1234 1276
f 1277 1235 1236
f 1276 1235 1277
f 1278 1236 1237
f 1277 1236 1278
f 1279 1237 1238
f 1278 1237 1279
f 1280 1238 1239
f 1279 1238 1280
f 1281 1239 1240
f 1280 1239 1281
f 1282 1240 1241
f 1281 1240 1282
f 1283 1241 1242
f 1282 1241 1283
f 1284 1242 1243
f 1283 1242 1284
f 1285 1243 1244
f 1284 1243 1285
f 1286 1244 1245
f 1285 1244 1286
f 1287 1245 1246
f 1286 1245 1287
f 1288 1246 1247
f 1287 1246 1288
f 1289 1247 1248
f 1288 1247 1289
f 1290 1248 1249
f 1289 1248 1290
f 1250 1292 1291
f 1290 1250 1291
f 1249 1250 1290
f 1292 1250 1251
f 1293 1254 1255
f 1293 1255 1256
f 1293 1256 1294
f 1294 1256 1257
f 1294 1257 1295
f 1295 1257 1258
f 1295 1258 1296
f 1296 1258 1259
f 1296 1259 1297
f 1297 1259 1260
f 1297 1260 1298
f 1298 1260 1261
f 1298 1261 1299
f 1299 1261 1262
f 1299 1262 1300
f 1300 1262 1263
f 1300 1263 1301
f 1301 1263 1264
f 1301 1264 1302
f 1302 1264 1265
f 1302 1265 1303
f 1303 1265 1266
f 1303 1266 1304
f 1304 1266 1267
f 1304 1267 1305
f 1305 1267 1268
f 1305 1268 1306
f 1306 1268 1269
f 1306 1269 1307
f 1307 1269 1270
f 1307 1270 1308
f 1308 1270 1271
f 1308 1271 1309
f 1309 1271 1272
f 1309 1272 1310
f 1310 1272 1273
f 1310 1273 1311
f 1311 1273 1274
f 1311 1274 1312
f 1312 1274 1275
f 1312 1275 1313
f 1313 1275 1276
f 1313 1276 1314
f 1314 1276 1277
f 1314 1277 1315
f 1315 1277 1278
f 1315 1278 1316
f 1316 1278 1279
f 1316 1279 1317
f 1317 1279 1280
f 1317 1280 1318
f 1318 1280 1281
f 1318 1281 1319
f 1319 1281 1282
f 1319 1282 1320
f 1320 1282 1283
f 1320 1283 1321
f 1321 1283 1284
f 1321 1284 1322
f 1322 1284 1285
f 1322 1285 1323
f 1323 1285 1286
f 1323 1286 1324
f 1324 1286 1287
f 1324 1287 1325
f 1325 1287 1288
f 1325 1288 1326
f 1326 1288 1289
f 1326 1289 1327
f 1327 1289 1290
f 1327 1290 1328
f 1328 1290 1291
f 1331 1330 1329
f 1333 1332 1329
f 1333 1329 1330
f 1335 1334 1332
f 1335 1332 1333
f 1337 1336 1334
f 1337 1334 1335
f 1339 1338 1336
f 1339 1336 1337
f 1341 1340 1338
f 1341 1338 1339
f 1343 1342 1340
f 1343 1340 1341
f 1345 1344 1342
f 1345 1342 1343
f 1347 1346 1344
f 1347 1344 1345
f 1349 1348 1346
f 1349 1346 1347
f 1351 1350 1348
f 1351 1348 1349
f 1353 1352 1350
f 1353 1350 1351
f 1355 1354 1352
f 1355 1352 1353
f 1357 1356 1354
f 1357 1354 1355
f 1359 1358 1356
f 1359 1356 1357
f 1361 1360 1358
f 1361 1358 1359
f 1363 1362 1360
f 1363 1360 1361
f 1365 1364 1362
f 1365 1362 1363
f 1367 1366 1364
f 1367 1364 1365
f 1369 1368 1366
f 1369 1366 1367
f 1371 1370 1368
f 1371 1368 1369
f 1373 1372 1370
f 1373 1370 1371
f 1375 1374 1372
f 1375 1372 1373
f 1377 1376 1374
f 1377 1374 1375
f 1379 1378 1376
f 1379 1376 1377
f 1381 1380 1378
f 1381 1378 1379
f 1383 1382 1380
f 1383 1380 1381
f 1385 1384 1382
f 1385 1382 1383
f 1387 1386 1384
f 1387 1384 1385
f 1389 1388 1386
f 1389 1386 1387
f 1391 1390 1388
f 1391 1388 1389
f 1393 1392 1390
f 1393 1390 1391
f 1395 1394 1392
f 1395 1392 1393
f 1397 1396 1394
f 1397 1394 1395
f 1399 1398 1396
f 1399 1396 1397
f 1401 1400 1398
f 1401 1398 1399
f 1402 1400 1401
f 1405 1404 1403
f 1407 1406 1403
f 1407 1403 1404
f 1406 1407 1331
f 1406 1331 1329
f 3 1406 1329
f 2 3 1329
f 2 1329 5
f 5 1329 1332
f 5 1332 7
f 7 1332 1334
f 7 1334 9
f 9 1334 1336
f 9 1336 11
f 11 1336 1338
f 11 1338 13
f 13 1338 1340
f 13 1340 15
f 15 1340 1342
f 15 1342 17
f 17 1342 1344
f 17 1344 19
f 19 1344 1346
f 19 1346 21
f 21 1346 1348
f 21 1348 23
f 23 1348 1350
f 23 1350 25
f 25 1350 1352
f 25 1352 27
f 27 1352 1354
f 27 1354 29
f 29 1354 1356
f 29 1356 31
f 31 1356 1358
f 31 1358 33
f 33 1358 1360
f 33 1360 35
f 35 1360 1362
f 35 1362 37
f 37 1362 1364
f 37 1364 39
f 39 1364 1366
f 39 1366 41
f 41 1366 1368
f 41 1368 43
f 43 1368 1370
f 43 1370 45
f 45 1370 1372
f 45 1372 47
f 47 1372 1374
f 47 1374 49
f 49 1374 1376
f 49 1376 51
f 51 1376 1378
f 51 1378 53
f 53 1378 1380
f 53 1380 55
f 55 1380 1382
f 55 1382 57
f 57 1382 1384
f 57 1384 59
f 59 1384 1386
f 59 1386 61
f 61 1386 1388
f 61 1388 63
f 63 1388 1390
f 63 1390 65
f 65 1390 1392
f 65 1392 67
f 67 1392 1394
f 67 1394 69
f 69 1394 1396
f 69 1396 71
f 71 1396 1398
f 71 1398 73
f 73 1398 1400
f 1409 1408 74
f 1409 74 73
f 1402 1409 73
f 1400 1402 73
f 1411 1410 1408
f 1411 1408 1409
f 1412 1410 1411
f 1405 1403 1413
f 1405 1413 1414
f 77 1413 76
f 1413 1406 76
f 1413 1403 1406
f 76 1406 3
f 1408 114 74
f 114 1408 116
f 1408 1415 116
f 1408 1410 1415
f 1410 1412 1416
f 1410 1416 1415
f 1419 1418 1417
f 1417 1418 1414
f 1417 1414 1413
f 119 1417 1413
f 118 119 1413
f 118 1413 77
f 1415 158 116
f 1421 1420 160
f 1421 160 158
f 1416 1421 158
f 1415 1416 158
f 1422 1420 1421
f 1419 1417 1423
f 1419 1423 1424
f 162 1423 119
f 119 1423 1417
f 1425 202 1420
f 1420 202 160
f 1420 1422 1426
f 1420 1426 1425
f 1424 1423 1427
f 1424 1427 1428
f 204 1427 162
f 162 1427 1423
f 1429 244 1425
f 1425 244 202
f 1425 1426 1430
f 1425 1430 1429
f 1428 1427 1431
f 1428 1431 1432
f 246 1431 204
f 204 1431 1427
f 1433 286 1429
f 1429 286 244
f 1429 1430 1434
f 1429 1434 1433
f 1432 1431 1435
f 1432 1435 1436
f 288 1435 246
f 246 1435 1431
f 1437 328 1433
f 1433 328 286
f 1433 1434 1438
f 1433 1438 1437
f 1436 1435 1439
f 1436 1439 1440
f 330 1439 288
f 288 1439 1435
f 1441 370 1437
f 1437 370 328
f 1437 1438 1442
f 1437 1442 1441
f 1440 1439 1443
f 1440 1443 1444
f 372 1443 330
f 330 1443 1439
f 1445 412 1441
f 1441 412 370
f 1441 1442 1446
f 1441 1446 1445
f 1444 1443 1447
f 1444 1447 1448
f 414 1447 372
f 372 1447 1443
f 1449 454 1445
f 1445 454 412
f 1445 1446 1450
f 1445 1450 1449
f 1448 1447 1451
f 1448 1451 1452
f 456 1451 414
f 414 1451 1447
f 1453 496 1449
f 1449 496 454
f 1449 1450 1454
f 1449 1454 1453
f 1452 1451 1455
f 1452 1455 1456
f 498 1455 456
f 456 1455 1451
f 1457 538 1453
f 1453 538 496
f 1453 1454 1458
f 1453 1458 1457
f 1456 1455 1459
f 1456 1459 1460
f 540 1459 498
f 498 1459 1455
f 1461 580 1457
f 1457 580 538
f 1457 1458 1462
f 1457 1462 1461
f 1460 1459 1463
f 1460 1463 1464
f 582 1463 540
f 540 1463 1459
f 1465 622 1461
f 1461 622 580
f 1461 1462 1466
f 1461 1466 1465
f 1464 1463 1467
f 1464 1467 1468
f 624 1467 582
f 582 1467 1463
f 1469 664 1465
f 1465 664 622
f 1465 1466 1470
f 1465 1470 1469
f 1468 1467 1471
f 1468 1471 1472
f 666 1471 624
f 624 1471 1467
f 1473 706 1469
f 1469 706 664
f 1469 1470 1474
f 1469 1474 1473
f 1472 1471 1475
f 1472 1475 1476
f 708 1475 666
f 666 1475 1471
f 1477 748 1473
f 1473 748 706
f 1473 1474 1478
f 1473 1478 1477
f 1476 1475 1479
f 1476 1479 1480
f 750 1479 708
f 708 1479 1475
f 1481 790 1477
f 1477 790 748
f 1477 1478 1482
f 1477 1482 1481
f 1480 1479 1483
f 1480 1483 1484
f 792 1483 750
f 750 1483 1479
f 1485 832 1481
f 1481 832 790
f 1481 1482 1486
f 1481 1486 1485
f 1484 1483 1487
f 1484 1487 1488
f 834 1487 792
f 792 1487 1483
f 1489 874 1485
f 1485 874 832
f 1485 1486 1490
f 1485 1490 1489
f 1488 1487 1491
f 1488 1491 1492
f 876 1491 834
f 834 1491 1487
f 1493 916 1489
f 1489 916 874
f 1489 1490 1494
f 1489 1494 1493
f 1492 1491 1495
f 1492 1495 1496
f 918 1495 876
f 876 1495 1491
f 1497 958 1493
f 1493 958 916
f 1493 1494 1498
f 1493 1498 1497
f 1496 1495 1499
f 1496 1499 1500
f 960 1499 918
f 918 1499 1495
f 1501 1000 1497
f 1497 1000 958
f 1497 1498 1502
f 1497 1502 1501
f 1500 1499 1503
f 1500 1503 1504
f 1002 1503 960
f 960 1503 1499
f 1505 1042 1501
f 1501 1042 1000
f 1501 1502 1506
f 1501 1506 1505
f 1504 1503 1507
f 1504 1507 1508
f 1044 1507 1002
f 1002 1507 1503
f 1509 1084 1505
f 1505 1084 1042
f 1505 1506 1510
f 1505 1510 1509
f 1508 1507 1511
f 1508 1511 1512
f 1086 1511 1044
f 1044 1511 1507
f 1513 1126 1509
f 1509 1126 1084
f 1509 1510 1514
f 1509 1514 1513
f 1512 1511 1515
f 1512 1515 1516
f 1128 1515 1086
f 1086 1515 1511
f 1517 1168 1513
f 1513 1168 1126
f 1513 1514 1518
f 1513 1518 1517
f 1516 1515 1519
f 1516 1519 1520
f 1170 1519 1128
f 1128 1519 1515
f 1521 1210 1517
f 1517 1210 1168
f 1517 1518 1522
f 1517 1522 1521
f 1523 1520 1519
f 1525 1523 1524
f 1524 1523 1211
f 1523 1519 1211
f 1519 1170 1211
f 1212 1524 1211
f 1526 1251 1252
f 1527 1526 1252
f 1527 1252 1210
f 1528 1527 1210
f 1521 1528 1210
f 1528 1521 1522
f 1525 1524 1529
f 1525 1529 1530
f 1253 1531 1212
f 1531 1524 1212
f 1531 1529 1524
f 1254 1531 1253
f 1532 1291 1292
f 1251 1526 1292
f 1526 1532 1292
f 1526 1533 1532
f 1526 1527 1534
f 1526 1534 1533
f 1535 1530 1529
f 1535 1529 1531
f 1535 1531 1536
f 1538 1536 1537
f 1537 1536 1293
f 1536 1531 1293
f 1531 1254 1293
f 1294 1539 1293
f 1293 1539 1537
f 1295 1540 1294
f 1294 1540 1539
f 1296 1541 1295
f 1295 1541 1540
f 1297 1542 1296
f 1296 1542 1541
f 1298 1543 1297
f 1297 1543 1542
f 1299 1544 1298
f 1298 1544 1543
f 1300 1545 1299
f 1299 1545 1544
f 1301 1546 1300
f 1300 1546 1545
f 1302 1547 1301
f 1301 1547 1546
f 1303 1548 1302
f 1302 1548 1547
f 1304 1549 1303
f 1303 1549 1548
f 1305 1550 1304
f 1304 1550 1549
f 1306 1551 1305
f 1305 1551 1550
f 1307 1552 1306
f 1306 1552 1551
f 1308 1553 1307
f 1307 1553 1552
f 1309 1554 1308
f 1308 1554 1553
f 1310 1555 1309
f 1309 1555 1554
f 1311 1556 1310
f 1310 1556 1555
f 1312 1557 1311
f 1311 1557 1556
f 1313 1558 1312
f 1312 1558 1557
f 1314 1559 1313
f 1313 1559 1558
f 1315 1560 1314
f 1314 1560 1559
f 1316 1561 1315
f 1315 1561 1560
f 1317 1562 1316
f 1316 1562 1561
f 1318 1563 1317
f 1317 1563 1562
f 1319 1564 1318
f 1318 1564 1563
f 1320 1565 1319
f 1319 1565 1564
f 1321 1566 1320
f 1320 1566 1565
f 1322 1567 1321
f 1321 1567 1566
f 1323 1568 1322
f 1322 1568 1567
f 1324 1569 1323
f 1323 1569 1568
f 1325 1570 1324
f 1324 1570 1569
f 1326 1571 1325
f 1325 1571 1570
f 1327 1572 1326
f 1326 1572 1571
f 1328 1573 1327
f 1327 1573 1572
f 1574 1573 1328
f 1574 1328 1291
f 1575 1574 1291
f 1532 1575 1291
f 1575 1532 1533
f 1575 1533 1576
f 1576 1533 1534
f 1577 1538 1537
f 1577 1537 1539
f 1577 1539 1578
f 1578 1539 1540
f 1578 1540 1579
f 1579 1540 1541
f 1579 1541 1580
f 1580 1541 1542
f 1580 1542 1581
f 1581 1542 1543
f 1581 1543 1582
f 1582 1543 1544
f 1582 1544 1583
f 1583 1544 1545
f 1583 1545 1584
f 1584 1545 1546
f 1584 1546 1585
f 1585 1546 1547
f 1585 1547 1586
f 1586 1547 1548
f 1586 1548 1587
f 1587 1548 1549
f 1587 1549 1588
f 1588 1549 1550
f 1588 1550 1589
f 1589 1550 1551
f 1589 1551 1590
f 1590 1551 1552
f 1590 1552 1591
f 1591 1552 1553
f 1591 1553 1592
f 1592 1553 1554
f 1592 1554 1593
f 1593 1554 1555
f 1593 1555 1594
f 1594 1555 1556
f 1594 1556 1595
f 1595 1556 1557
f 1595 1557 1596
f 1596 1557 1558
f 1596 1558 1597
f 1597 1558 1559
f 1597 1559 1598
f 1598 1559 1560
f 1598 1560 1599
f 1599 1560 1561
f 1599 1561 1600
f 1600 1561 1562
f 1600 1562 1601
f 1601 1562 1563
f 1601 1563 1602
f 1602 1563 1564
f 1602 1564 1603
f 1603 1564 1565
f 1603 1565 1604
f 1604 1565 1566
f 1604 1566 1605
f 1605 1566 1567
f 1605 1567 1606
f 1606 1567 1568
f 1606 1568 1607
f 1607 1568 1569
f 1607 1569 1608
f 1608 1569 1570
f 1608 1570 1609
f 1609 1570 1571
f 1609 1571 1610
f 1610 1571 1572
f 1610 1572 1611
f 1611 1572 1573
f 1611 1573 1612
f 1612 1573 1574
f 1615 1614 1613
f 1330 1331 1613
f 1614 1330 1613
f 1616 1330 1614
f 1330 1617 1333
f 1616 1617 1330
f 1333 1618 1335
f 1617 1618 1333
f 1335 1619 1337
f 1618 1619 1335
f 1337 1620 1339
f 1619 1620 1337
f 1339 1621 1341
f 1620 1621 1339
f 1341 1622 1343
f 1621 1622 1341
f 1343 1623 1345
f 1622 1623 1343
f 1345 1624 1347
f 1623 1624 1345
f 1347 1625 1349
f 1624 1625 1347
f 1349 1626 1351
f 1625 1626 1349
f 1351 1627 1353
f 1626 1627 1351
f 1353 1628 1355
f 1627 1628 1353
f 1355 1629 1357
f 1628 1629 1355
f 1357 1630 1359
f 1629 1630 1357
f 1359 1631 1361
f 1630 1631 1359
f 1361 1632 1363
f 1631 1632 1361
f 1363 1633 1365
f 1632 1633 1363
f 1365 1634 1367
f 1633 1634 1365
f 1367 1635 1369
f 1634 1635 1367
f 1369 1636 1371
f 1635 1636 1369
f 1371 1637 1373
f 1636 1637 1371
f 1373 1638 1375
f 1637 1638 1373
f 1375 1639 1377
f 1638 1639 1375
f 1377 1640 1379
f 1639 1640 1377
f 1379 1641 1381
f 1640 1641 1379
f 1381 1642 1383
f 1641 1642 1381
f 1383 1643 1385
f 1642 1643 1383
f 1385 1644 1387
f 1643 1644 1385
f 1387 1645 1389
f 1644 1645 1387
f 1389 1646 1391
f 1645 1646 1389
f 1391 1647 1393
f 1646 1647 1391
f 1393 1648 1395
f 1647 1648 1393
f 1395 1649 1397
f 1648 1649 1395
f 1397 1650 1399
f 1649 1650 1397
f 1399 1651 1401
f 1650 1651 1399
f 1653 1652 1402
f 1401 1653 1402
f 1651 1653 1401
f 1654 1652 1653
f 1656 1655 1404
f 1656 1404 1405
f 1613 1407 1615
f 1407 1655 1615
f 1407 1404 1655
f 1407 1613 1331
f 1652 1409 1402
f 1654 1657 1652
f 1657 1409 1652
f 1657 1411 1409
f 1412 1411 1657
f 1412 1657 1658
f 1661 1660 1659
f 1660 1656 1659
f 1656 1414 1659
f 1656 1405 1414
f 1663 1416 1662
f 1416 1658 1662
f 1416 1412 1658
f 1664 1663 1662
f 1661 1659 1418
f 1419 1661 1418
f 1665 1661 1419
f 1418 1659 1414
f 1663 1421 1416
f 1422 1421 1663
f 1664 1422 1663
f 1666 1422 1664
f 1424 1665 1419
f 1424 1667 1665
f 1666 1426 1422
f 1668 1426 1666
f 1428 1667 1424
f 1428 1669 1667
f 1668 1430 1426
f 1670 1430 1668
f 1432 1669 1428
f 1432 1671 1669
f 1670 1434 1430
f 1672 1434 1670
f 1436 1671 1432
f 1436 1673 1671
f 1672 1438 1434
f 1674 1438 1672
f 1440 1673 1436
f 1440 1675 1673
f 1674 1442 1438
f 1676 1442 1674
f 1444 1675 1440
f 1444 1677 1675
f 1676 1446 1442
f 1678 1446 1676
f 1448 1677 1444
f 1448 1679 1677
f 1678 1450 1446
f 1680 1450 1678
f 1452 1679 1448
f 1452 1681 1679
f 1680 1454 1450
f 1682 1454 1680
f 1456 1681 1452
f 1456 1683 1681
f 1682 1458 1454
f 1684 1458 1682
f 1460 1683 1456
f 1460 1685 1683
f 1684 1462 1458
f 1686 1462 1684
f 1464 1685 1460
f 1464 1687 1685
f 1686 1466 1462
f 1688 1466 1686
f 1468 1687 1464
f 1468 1689 1687
f 1688 1470 1466
f 1690 1470 1688
f 1472 1689 1468
f 1472 1691 1689
f 1690 1474 1470
f 1692 1474 1690
f 1476 1691 1472
f 1476 1693 1691
f 1692 1478 1474
f 1694 1478 1692
f 1480 1693 1476
f 1480 1695 1693
f 1694 1482 1478
f 1696 1482 1694
f 1484 1695 1480
f 1484 1697 1695
f 1696 1486 1482
f 1698 1486 1696
f 1488 1697 1484
f 1488 1699 1697
f 1698 1490 1486
f 1700 1490 1698
f 1492 1699 1488
f 1492 1701 1699
f 1700 1494 1490
f 1702 1494 1700
f 1496 1701 1492
f 1496 1703 1701
f 1702 1498 1494
f 1704 1498 1702
f 1500 1703 1496
f 1500 1705 1703
f 1704 1502 1498
f 1706 1502 1704
f 1504 1705 1500
f 1504 1707 1705
f 1706 1506 1502
f 1708 1506 1706
f 1508 1707 1504
f 1508 1709 1707
f 1708 1510 1506
f 1710 1510 1708
f 1512 1709 1508
f 1512 1711 1709
f 1710 1514 1510
f 1712 1514 1710
f 1516 1711 1512
f 1516 1713 1711
f 1712 1518 1514
f 1714 1518 1712
f 1520 1713 1516
f 1520 1715 1713
f 1714 1522 1518
f 1716 1522 1714
f 1520 1523 1717
f 1718 1520 1717
f 1715 1520 1718
f 1525 1717 1523
f 1719 1527 1528
f 1720 1719 1528
f 1522 1720 1528
f 1716 1720 1522
f 1721 1718 1717
f 1717 1525 1721
f 1525 1722 1721
f 1525 1530 1722
f 1724 1723 1719
f 1723 1527 1719
f 1723 1534 1527
f 1724 1719 1720
f 1725 1722 1530
f 1725 1530 1535
f 1727 1725 1726
f 1725 1536 1726
f 1725 1535 1536
f 1538 1726 1536
f 1728 1574 1575
f 1728 1575 1729
f 1575 1730 1729
f 1575 1576 1730
f 1576 1534 1723
f 1576 1723 1730
f 1731 1727 1726
f 1731 1726 1538
f 1577 1731 1538
f 1732 1731 1577
f 1733 1577 1578
f 1733 1732 1577
f 1734 1578 1579
f 1734 1733 1578
f 1735 1579 1580
f 1735 1734 1579
f 1736 1580 1581
f 1736 1735 1580
f 1737 1581 1582
f 1737 1736 1581
f 1738 1582 1583
f 1738 1737 1582
f 1739 1583 1584
f 1739 1738 1583
f 1740 1584 1585
f 1740 1739 1584
f 1741 1585 1586
f 1741 1740 1585
f 1742 1586 1587
f 1742 1741 1586
f 1743 1587 1588
f 1743 1742 1587
f 1744 1588 1589
f 1744 1743 1588
f 1745 1589 1590
f 1745 1744 1589
f 1746 1590 1591
f 1746 1745 1590
f 1747 1591 1592
f 1747 1746 1591
f 1748 1592 1593
f 1748 1747 1592
f 1749 1593 1594
f 1749 1748 1593
f 1750 1594 1595
f 1750 1749 1594
f 1751 1595 1596
f 1751 1750 1595
f 1752 1596 1597
f 1752 1751 1596
f 1753 1597 1598
f 1753 1752 1597
f 1754 1598 1599
f 1754 1753 1598
f 1755 1599 1600
f 1755 1754 1599
f 1756 1600 1601
f 1756 1755 1600
f 1757 1601 1602
f 1757 1756 1601
f 1758 1602 1603
f 1758 1757 1602
f 1759 1603 1604
f 1759 1758 1603
f 1760 1604 1605
f 1760 1759 1604
f 1761 1605 1606
f 1761 1760 1605
f 1762 1606 1607
f 1762 1761 1606
f 1763 1607 1608
f 1763 1762 1607
f 1764 1608 1609
f 1764 1763 1608
f 1765 1609 1610
f 1765 1764 1609
f 1766 1610 1611
f 1766 1765 1610
f 1767 1611 1612
f 1767 1766 1611
f 1612 1574 1728
f 1768 1612 1728
f 1767 1612 1768
f 1768 1728 1729
f 1770 1769 1614
f 1770 1614 1615
f 1614 1771 1616
f 1769 1771 1614
f 1616 1772 1617
f 1771 1772 1616
f 1617 1773 1618
f 1772 1773 1617
f 1618 1774 1619
f 1773 1774 1618
f 1619 1775 1620
f 1774 1775 1619
f 1620 1776 1621
f 1775 1776 1620
f 1621 1777 1622
f 1776 1777 1621
f 1622 1778 1623
f 1777 1778 1622
f 1623 1779 1624
f 1778 1779 1623
f 1624 1780 1625
f 1779 1780 1624
f 1625 1781 1626
f 1780 1781 1625
f 1626 1782 1627
f 1781 1782 1626
f 1627 1783 1628
f 1782 1783 1627
f 1628 1784 1629
f 1783 1784 1628
f 1629 1785 1630
f 1784 1785 1629
f 1630 1786 1631
f 1785 1786 1630
f 1631 1787 1632
f 1786 1787 1631
f 1632 1788 1633
f 1787 1788 1632
f 1633 1789 1634
f 1788 1789 1633
f 1634 1790 1635
f 1789 1790 1634
f 1635 1791 1636
f 1790 1791 1635
f 1636 1792 1637
f 1791 1792 1636
f 1637 1793 1638
f 1792 1793 1637
f 1638 1794 1639
f 1793 1794 1638
f 1639 1795 1640
f 1794 1795 1639
f 1640 1796 1641
f 1795 1796 1640
f 1641 1797 1642
f 1796 1797 1641
f 1642 1798 1643
f 1797 1798 1642
f 1643 1799 1644
f 1798 1799 1643
f 1644 1800 1645
f 1799 1800 1644
f 1645 1801 1646
f 1800 1801 1645
f 1646 1802 1647
f 1801 1802 1646
f 1647 1803 1648
f 1802 1803 1647
f 1648 1804 1649
f 1803 1804 1648
f 1649 1805 1650
f 1804 1805 1649
f 1650 1806 1651
f 1805 1806 1650
f 1651 1807 1653
f 1806 1807 1651
f 1654 1653 1807
f 1654 1807 1808
f 1810 1809 1655
f 1810 1655 1656
f 1615 1655 1770
f 1770 1655 1809
f 1808 1811 1654
f 1654 1811 1657
f 1658 1657 1811
f 1658 1811 1812
f 1814 1813 1660
f 1814 1660 1661
f 1656 1660 1810
f 1810 1660 1813
f 1812 1815 1658
f 1658 1815 1662
f 1664 1662 1815
f 1664 1815 1816
f 1665 1814 1661
f 1665 1817 1814
f 1816 1666 1664
f 1818 1666 1816
f 1667 1817 1665
f 1667 1819 1817
f 1818 1668 1666
f 1820 1668 1818
f 1669 1819 1667
f 1669 1821 1819
f 1820 1670 1668
f 1822 1670 1820
f 1671 1821 1669
f 1671 1823 1821
f 1822 1672 1670
f 1824 1672 1822
f 1673 1823 1671
f 1673 1825 1823
f 1824 1674 1672
f 1826 1674 1824
f 1675 1825 1673
f 1675 1827 1825
f 1826 1676 1674
f 1828 1676 1826
f 1677 1827 1675
f 1677 1829 1827
f 1828 1678 1676
f 1830 1678 1828
f 1679 1829 1677
f 1679 1831 1829
f 1830 1680 1678
f 1832 1680 1830
f 1681 1831 1679
f 1681 1833 1831
f 1832 1682 1680
f 1834 1682 1832
f 1683 1833 1681
f 1683 1835 1833
f 1834 1684 1682
f 1836 1684 1834
f 1685 1835 1683
f 1685 1837 1835
f 1836 1686 1684
f 1838 1686 1836
f 1687 1837 1685
f 1687 1839 1837
f 1838 1688 1686
f 1840 1688 1838
f 1689 1839 1687
f 1689 1841 1839
f 1840 1690 1688
f 1842 1690 1840
f 1691 1841 1689
f 1691 1843 1841
f 1842 1692 1690
f 1844 1692 1842
f 1693 1843 1691
f 1693 1845 1843
f 1844 1694 1692
f 1846 1694 1844
f 1695 1845 1693
f 1695 1847 1845
f 1846 1696 1694
f 1848 1696 1846
f 1697 1847 1695
f 1697 1849 1847
f 1848 1698 1696
f 1850 1698 1848
f 1699 1849 1697
f 1699 1851 1849
f 1850 1700 1698
f 1852 1700 1850
f 1701 1851 1699
f 1701 1853 1851
f 1852 1702 1700
f 1854 1702 1852
f 1703 1853 1701
f 1703 1855 1853
f 1854 1704 1702
f 1856 1704 1854
f 1705 1855 1703
f 1705 1857 1855
f 1856 1706 1704
f 1858 1706 1856
f 1707 1857 1705
f 1707 1859 1857
f 1858 1708 1706
f 1860 1708 1858
f 1709 1859 1707
f 1709 1861 1859
f 1860 1710 1708
f 1862 1710 1860
f 1711 1861 1709
f 1711 1863 1861
f 1862 1712 1710
f 1864 1712 1862
f 1713 1863 1711
f 1713 1865 1863
f 1864 1714 1712
f 1866 1714 1864
f 1715 1865 1713
f 1715 1867 1865
f 1866 1716 1714
f 1868 1716 1866
f 1718 1867 1715
f 1718 1869 1867
f 1868 1720 1716
f 1870 1720 1868
f 1871 1869 1718
f 1871 1718 1721
f 1721 1722 1871
f 1871 1722 1872
f 1874 1873 1724
f 1724 1873 1723
f 1724 1720 1870
f 1724 1870 1874
f 1875 1872 1722
f 1875 1722 1725
f 1725 1727 1875
f 1875 1727 1876
f 1878 1877 1730
f 1730 1877 1729
f 1730 1723 1873
f 1730 1873 1878
f 1879 1876 1727
f 1879 1727 1731
f 1880 1731 1732
f 1880 1879 1731
f 1881 1732 1733
f 1881 1880 1732
f 1882 1733 1734
f 1882 1881 1733
f 1883 1734 1735
f 1883 1882 1734
f 1884 1735 1736
f 1884 1883 1735
f 1885 1736 1737
f 1885 1884 1736
f 1886 1737 1738
f 1886 1885 1737
f 1887 1738 1739
f 1887 1886 1738
f 1888 1739 1740
f 1888 1887 1739
f 1889 1740 1741
f 1889 1888 1740
f 1890 1741 1742
f 1890 1889 1741
f 1891 1742 1743
f 1891 1890 1742
f 1892 1743 1744
f 1892 1891 1743
f 1893 1744 1745
f 1893 1892 1744
f 1894 1745 1746
f 1894 1893 1745
f 1895 1746 1747
f 1895 1894 1746
f 1896 1747 1748
f 1896 1895 1747
f 1897 1748 1749
f 1897 1896 1748
f 1898 1749 1750
f 1898 1897 1749
f 1899 1750 1751
f 1899 1898 1750
f 1900 1751 1752
f 1900 1899 1751
f 1901 1752 1753
f 1901 1900 1752
f 1902 1753 1754
f 1902 1901 1753
f 1903 1754 1755
f 1903 1902 1754
f 1904 1755 1756
f 1904 1903 1755
f 1905 1756 1757
f 1905 1904 1756
f 1906 1757 1758
f 1906 1905 1757
f 1907 1758 1759
f 1907 1906 1758
f 1908 1759 1760
f 1908 1907 1759
f 1909 1760 1761
f 1909 1908 1760
f 1910 1761 1762
f 1910 1909 1761
f 1911 1762 1763
f 1911 1910 1762
f 1912 1763 1764
f 1912 1911 1763
f 1913 1764 1765
f 1913 1912 1764
f 1914 1765 1766
f 1914 1913 1765
f 1915 1766 1767
f 1915 1914 1766
f 1916 1767 1768
f 1916 1915 1767
f 1768 1729 1877
f 1768 1877 1916
f 1918 1917 1769
f 1918 1769 1770
f 1769 1919 1771
f 1917 1919 1769
f 1771 1920 1772
f 1919 1920 1771
f 1772 1921 1773
f 1920 1921 1772
f 1773 1922 1774
f 1921 1922 1773
f 1774 1923 1775
f 1922 1923 1774
f 1775 1924 1776
f 1923 1924 1775
f 1776 1925 1777
f 1924 1925 1776
f 1777 1926 1778
f 1925 1926 1777
f 1778 1927 1779
f 1926 1927 1778
f 1779 1928 1780
f 1927 1928 1779
f 1780 1929 1781
f 1928 1929 1780
f 1781 1930 1782
f 1929 1930 1781
f 1782 1931 1783
f 1930 1931 1782
f 1783 1932 1784
f 1931 1932 1783
f 1784 1933 1785
f 1932 1933 1784
f 1785 1934 1786
f 1933 1934 1785
f 1786 1935 1787
f 1934 1935 1786
f 1787 1936 1788
f 1935 1936 1787
f 1788 1937 1789
f 1936 1937 1788
f 1789 1938 1790
f 1937 1938 1789
f 1790 1939 1791
f 1938 1939 1790
f 1791 1940 1792
f 1939 1940 1791
f 1792 1941 1793
f 1940 1941 1792
f 1793 1942 1794
f 1941 1942 1793
f 1794 1943 1795
f 1942 1943 1794
f 1795 1944 1796
f 1943 1944 1795
f 1796 1945 1797
f 1944 1945 1796
f 1797 1946 1798
f 1945 1946 1797
f 1798 1947 1799
f 1946 1947 1798
f 1799 1948 1800
f 1947 1948 1799
f 1800 1949 1801
f 1948 1949 1800
f 1801 1950 1802
f 1949 1950 1801
f 1802 1951 1803
f 1950 1951 1802
f 1803 1952 1804
f 1951 1952 1803
f 1804 1953 1805
f 1952 1953 1804
f 1805 1954 1806
f 1953 1954 1805
f 1806 1955 1807
f 1954 1955 1806
f 1808 1807 1955
f 1808 1955 1956
f 1958 1957 1809
f 1958 1809 1810
f 1770 1809 1918
f 1918 1809 1957
f 1956 1959 1808
f 1808 1959 1811
f 1812 1811 1959
f 1812 1959 1960
f 1962 1961 1813
f 1962 1813 1814
f 1810 1813 1958
f 1958 1813 1961
f 1960 1963 1812
f 1812 1963 1815
f 1816 1815 1963
f 1816 1963 1964
f 1817 1962 1814
f 1817 1965 1962
f 1964 1818 1816
f 1966 1818 1964
f 1819 1965 1817
f 1819 1967 1965
f 1966 1820 1818
f 1968 1820 1966
f 1821 1967 1819
f 1821 1969 1967
f 1968 1822 1820
f 1970 1822 1968
f 1823 1969 1821
f 1823 1971 1969
f 1970 1824 1822
f 1972 1824 1970
f 1825 1971 1823
f 1825 1973 1971
f 1972 1826 1824
f 1974 1826 1972
f 1827 1973 1825
f 1827 1975 1973
f 1974 1828 1826
f 1976 1828 1974
f 1829 1975 1827
f 1829 1977 1975
f 1976 1830 1828
f 1978 1830 1976
f 1831 1977 1829
f 1831 1979 1977
f 1978 1832 1830
f 1980 1832 1978
f 1833 1979 1831
f 1833 1981 1979
f 1980 1834 1832
f 1982 1834 1980
f 1835 1981 1833
f 1835 1983 1981
f 1982 1836 1834
f 1984 1836 1982
f 1837 1983 1835
f 1837 1985 1983
f 1984 1838 1836
f 1986 1838 1984
f 1839 1985 1837
f 1839 1987 1985
f 1986 1840 1838
f 1988 1840 1986
f 1841 1987 1839
f 1841 1989 1987
f 1988 1842 1840
f 1990 1842 1988
f 1843 1989 1841
f 1843 1991 1989
f 1990 1844 1842
f 1992 1844 1990
f 1845 1991 1843
f 1845 1993 1991
f 1992 1846 1844
f 1994 1846 1992
f 1847 1993 1845
f 1847 1995 1993
f 1994 1848 1846
f 1996 1848 1994
f 1849 1995 1847
f 1849 1997 1995
f 1996 1850 1848
f 1998 1850 1996
f 1851 1997 1849
f 1851 1999 1997
f 1998 1852 1850
f 2000 1852 1998
f 1853 1999 1851
f 1853 2001 1999
f 2000 1854 1852
f 2002 1854 2000
f 1855 2001 1853
f 1855 2003 2001
f 2002 1856 1854
f 2004 1856 2002
f 1857 2003 1855
f 1857 2005 2003
f 2004 1858 1856
f 2006 1858 2004
f 1859 2005 1857
f 1859 2007 2005
f 2006 1860 1858
f 2008 1860 2006
f 1861 2007 1859
f 1861 2009 2007
f 2008 1862 1860
f 2010 1862 2008
f 1863 2009 1861
f 1863 2011 2009
f 2010 1864 1862
f 2012 1864 2010
f 1865 2011 1863
f 1865 2013 2011
f 2012 1866 1864
f 2014 1866 2012
f 1867 2013 1865
f 1867 2015 2013
f 2014 1868 1866
f 2016 1868 2014
f 1869 2015 1867
f 1869 2017 2015
f 2016 1870 1868
f 2018 1870 2016
f 2019 2017 1869
f 2019 1869 1871
f 1871 1872 2019
f 2019 1872 2020
f 2022 2021 1874
f 1874 2021 1873
f 1874 1870 2018
f 1874 2018 2022
f 2023 2020 1872
f 2023 1872 1875
f 1875 1876 2023
f 2023 1876 2024
f 2026 2025 1878
f 1878 2025 1877
f 1878 1873 2021
f 1878 2021 2026
f 2027 2024 1876
f 2027 1876 1879
f 2028 1879 1880
f 2028 2027 1879
f 2029 1880 1881
f 2029 2028 1880
f 2030 1881 1882
f 2030 2029 1881
f 2031 1882 1883
f 2031 2030 1882
f 2032 1883 1884
f 2032 2031 1883
f 2033 1884 1885
f 2033 2032 1884
f 2034 1885 1886
f 2034 2033 1885
f 2035 1886 1887
f 2035 2034 1886
f 2036 1887 1888
f 2036 2035 1887
f 2037 1888 1889
f 2037 2036 1888
f 2038 1889 1890
f 2038 2037 1889
f 2039 1890 1891
f 2039 2038 1890
f 2040 1891 1892
f 2040 2039 1891
f 2041 1892 1893
f 2041 2040 1892
f 2042 1893 1894
f 2042 2041 1893
f 2043 1894 1895
f 2043 2042 1894
f 2044 1895 1896
f 2044 2043 1895
f 2045 1896 1897
f 2045 2044 1896
f 2046 1897 1898
f 2046 2045 1897
f 2047 1898 1899
f 2047 2046 1898
f 2048 1899 1900
f 2048 2047 1899
f 2049 1900 1901
f 2049 2048 1900
f 2050 1901 1902
f 2050 2049 1901
f 2051 1902 1903
f 2051 2050 1902
f 2052 1903 1904
f 2052 2051 1903
f 2053 1904 1905
f 2053 2052 1904
f 2054 1905 1906
f 2054 2053 1905
f 2055 1906 1907
f 2055 2054 1906
f 2056 1907 1908
f 2056 2055 1907
f 2057 1908 1909
f 2057 2056 1908
f 2058 1909 1910
f 2058 2057 1909
f 2059 1910 1911
f 2059 2058 1910
f 2060 1911 1912
f 2060 2059 1911
f 2061 1912 1913
f 2061 2060 1912
f 2062 1913 1914
f 2062 2061 1913
f 2063 1914 1915
f 2063 2062 1914
f 2064 1915 1916
f 2064 2063 1915
f 1916 1877 2025
f 1916 2025 2064
f 2066 2065 1917
f 2066 1917 1918
f 1917 2067 1919
f 2065 2067 1917
f 1919 2068 1920
f 2067 2068 1919
f 1920 2069 1921
f 2068 2069 1920
f 1921 2070 1922
f 2069 2070 1921
f 1922 2071 1923
f 2070 2071 1922
f 1923 2072 1924
f 2071 2072 1923
f 1924 2073 1925
f 2072 2073 1924
f 1925 2074 1926
f 2073 2074 1925
f 1926 2075 1927
f 2074 2075 1926
f 1927 2076 1928
f 2075 2076 1927
f 1928 2077 1929
f 2076 2077 1928
f 1929 2078 1930
f 2077 2078 1929
f 1930 2079 1931
f 2078 2079 1930
f 1931 2080 1932
f 2079 2080 1931
f 1932 2081 1933
f 2080 2081 1932
f 1933 2082 1934
f 2081 2082 1933
f 1934 2083 1935
f 2082 2083 1934
f 1935 2084 1936
f 2083 2084 1935
f 1936 2085 1937
f 2084 2085 1936
f 1937 2086 1938
f 2085 2086 1937
f 1938 2087 1939
f 2086 2087 1938
f 1939 2088 1940
f 2087 2088 1939
f 1940 2089 1941
f 2088 2089 1940
f 1941 2090 1942
f 2089 2090 1941
f 1942 2091 1943
f 2090 2091 1942
f 1943 2092 1944
f 2091 2092 1943
f 1944 2093 1945
f 2092 2093 1944
f 1945 2094 1946
f 2093 2094 1945
f 1946 2095 1947
f 2094 2095 1946
f 1947 2096 1948
f 2095 2096 1947
f 1948 2097 1949
f 2096 2097 1948
f 1949 2098 1950
f 2097 2098 1949
f 1950 2099 1951
f 2098 2099 1950
f 1951 2100 1952
f 2099 2100 1951
f 1952 2101 1953
f 2100 2101 1952
f 1953 2102 1954
f 2101 2102 1953
f 1954 2103 1955
f 2102 2103 1954
f 1956 1955 2103
f 1956 2103 2104
f 2106 2105 1957
f 2106 1957 1958
f 1918 1957 2066
f 2066 1957 2105
f 2104 2107 1956
f 1956 2107 1959
f 1960 1959 2107
f 1960 2107 2108
f 2110 2109 1961
f 2110 1961 1962
f 1958 1961 2106
f 2106 1961 2109
f 2108 2111 1960
f 1960 2111 1963
f 1964 1963 2111
f 1964 2111 2112
f 1965 2110 1962
f 1965 2113 2110
f 2112 1966 1964
f 2114 1966 2112
f 1967 2113 1965
f 1967 2115 2113
f 2114 1968 1966
f 2116 1968 2114
f 1969 2115 1967
f 1969 2117 2115
f 2116 1970 1968
f 2118 1970 2116
f 1971 2117 1969
f 1971 2119 2117
f 2118 1972 1970
f 2120 1972 2118
f 1973 2119 1971
f 1973 2121 2119
f 2120 1974 1972
f 2122 1974 2120
f 1975 2121 1973
f 1975 2123 2121
f 2122 1976 1974
f 2124 1976 2122
f 1977 2123 1975
f 1977 2125 2123
f 2124 1978 1976
f 2126 1978 2124
f 1979 2125 1977
f 1979 2127 2125
f 2126 1980 1978
f 2128 1980 2126
f 1981 2127 1979
f 1981 2129 2127
f 2128 1982 1980
f 2130 1982 2128
f 1983 2129 1981
f 1983 2131 2129
f 2130 1984 1982
f 2132 1984 2130
f 1985 2131 1983
f 1985 2133 2131
f 2132 1986 1984
f 2134 1986 2132
f 1987 2133 1985
f 1987 2135 2133
f 2134 1988 1986
f 2136 1988 2134
f 1989 2135 1987
f 1989 2137 2135
f 2136 1990 1988
f 2138 1990 2136
f 1991 2137 1989
f 1991 2139 2137
f 2138 1992 1990
f 2140 1992 2138
f 1993 2139 1991
f 1993 2141 2139
f 2140 1994 1992
f 2142 1994 2140
f 1995 2141 1993
f 1995 2143 2141
f 2142 1996 1994
f 2144 1996 2142
f 1997 2143 1995
f 1997 2145 2143
f 2144 1998 1996
f 2146 1998 2144
f 1999 2145 1997
f 1999 2147 2145
f 2146 2000 1998
f 2148 2000 2146
f 2001 2147 1999
f 2001 2149 2147
f 2148 2002 2000
f 2150 2002 2148
f 2003 2149 2001
f 2003 2151 2149
f 2150 2004 2002
f 2152 2004 2150
f 2005 2151 2003
f 2005 2153 2151
f 2152 2006 2004
f 2154 2006 2152
f 2007 2153 2005
f 2007 2155 2153
f 2154 2008 2006
f 2156 2008 2154
f 2009 2155 2007
f 2009 2157 2155
f 2156 2010 2008
f 2158 2010 2156
f 2011 2157 2009
f 2011 2159 2157
f 2158 2012 2010
f 2160 2012 2158
f 2013 2159 2011
f 2013 2161 2159
f 2160 2014 2012
f 2162 2014 2160
f 2015 2161 2013
f 2015 2163 2161
f 2162 2016 2014
f 2164 2016 2162
f 2017 2163 2015
f 2017 2165 2163
f 2164 2018 2016
f 2166 2018 2164
f 2167 2165 2017
f 2167 2017 2019
f 2019 2020 2167
f 2167 2020 2168
f 2170 2169 2022
f 2022 2169 2021
f 2022 2018 2166
f 2022 2166 2170
f 2171 2168 2020
f 2171 2020 2023
f 2023 2024 2171
f 2171 2024 2172
f 2174 2173 2026
f 2026 2173 2025
f 2026 2021 2169
f 2026 2169 2174
f 2175 2172 2024
f 2175 2024 2027
f 2176 2027 2028
f 2176 2175 2027
f 2177 2028 2029
f 2177 2176 2028
f 2178 2029 2030
f 2178 2177 2029
f 2179 2030 2031
f 2179 2178 2030
f 2180 2031 2032
f 2180 2179 2031
f 2181 2032 2033
f 2181 2180 2032
f 2182 2033 2034
f 2182 2181 2033
f 2183 2034 2035
f 2183 2182 2034
f 2184 2035 2036
f 2184 2183 2035
f 2185 2036 2037
f 2185 2184 2036
f 2186 2037 2038
f 2186 2185 2037
f 2187 2038 2039
f 2187 2186 2038
f 2188 2039 2040
f 2188 2187 2039
f 2189 2040 2041
f 2189 2188 2040
f 2190 2041 2042
f 2190 2189 2041
f 2191 2042 2043
f 2191 2190 2042
f 2192 2043 2044
f 2192 2191 2043
f 2193 2044 2045
f 2193 2192 2044
f 2194 2045 2046
f 2194 2193 2045
f 2195 2046 2047
f 2195 2194 2046
f 2196 2047 2048
f 2196 2195 2047
f 2197 2048 2049
f 2197 2196 2048
f 2198 2049 2050
f 2198 2197 2049
f 2199 2050 2051
f 2199 2198 2050
f 2200 2051 2052
f 2200 2199 2051
f 2201 2052 2053
f 2201 2200 2052
f 2202 2053 2054
f 2202 2201 2053
f 2203 2054 2055
f 2203 2202 2054
f 2204 2055 2056
f 2204 2203 2055
f 2205 2056 2057
f 2205 2204 2056
f 2206 2057 2058
f 2206 2205 2057
f 2207 2058 2059
f 2207 2206 2058
f 2208 2059 2060
f 2208 2207 2059
f 2209 2060 2061
f 2209 2208 2060
f 2210 2061 2062
f 2210 2209 2061
f 2211 2062 2063
f 2211 2210 2062
f 2212 2063 2064
f 2212 2211 2063
f 2064 2025 2173
f 2064 2173 2212
f 2214 2213 2065
f 2214 2065 2066
f 2065 2215 2067
f 2213 2215 2065
f 2067 2216 2068
f 2215 2216 2067
f 2068 2217 2069
f 2216 2217 2068
f 2069 2218 2070
f 2217 2218 2069
f 2070 2219 2071
f 2218 2219 2070
f 2071 2220 2072
f 2219 2220 2071
f 2072 2221 2073
f 2220 2221 2072
f 2073 2222 2074
f 2221 2222 2073
f 2074 2223 2075
f 2222 2223 2074
f 2075 2224 2076
f 2223 2224 2075
f 2076 2225 2077
f 2224 2225 2076
f 2077 2226 2078
f 2225 2226 2077
f 2078 2227 2079
f 2226 2227 2078
f 2079 2228 2080
f 2227 2228 2079
f 2080 2229 2081
f 2228 2229 2080
f 2081 2230 2082
f 2229 2230 2081
f 2082 2231 2083
f 2230 2231 2082
f 2083 2232 2084
f 2231 2232 2083
f 2084 2233 2085
f 2232 2233 2084
f 2085 2234 2086
f 2233 2234 2085
f 2086 2235 2087
f 2234 2235 2086
f 2087 2236 2088
f 2235 2236 2087
f 2088 2237 2089
f 2236 2237 2088
f 2089 2238 2090
f 2237 2238 2089
f 2090 2239 2091
f 2238 2239 2090
f 2091 2240 2092
f 2239 2240 2091
f 2092 2241 2093
f 2240 2241 2092
f 2093 2242 2094
f 2241 2242 2093
f 2094 2243 2095
f 2242 2243 2094
f 2095 2244 2096
f 2243 2244 2095
f 2096 2245 2097
f 2244 2245 2096
f 2097 2246 2098
f 2245 2246 2097
f 2098 2247 2099
f 2246 2247 2098
f 2099 2248 2100
f 2247 2248 2099
f 2100 2249 2101
f 2248 2249 2100
f 2101 2250 2102
f 2249 2250 2101
f 2102 2251 2103
f 2250 2251 2102
f 2104 2103 2251
f 2104 2251 2252
f 2254 2253 2105
f 2254 2105 2106
f 2066 2105 2214
f 2214 2105 2253
f 2252 2255 2104
f 2104 2255 2107
f 2108 2107 2255
f 2108 2255 2256
f 2258 2257 2109
f 2258 2109 2110
f 2106 2109 2254
f 2254 2109 2257
f 2256 2259 2108
f 2108 2259 2111
f 2112 2111 2259
f 2112 2259 2260
f 2113 2258 2110
f 2113 2261 2258
f 2260 2114 2112
f 2262 2114 2260
f 2115 2261 2113
f 2115 2263 2261
f 2262 2116 2114
f 2264 2116 2262
f 2117 2263 2115
f 2117 2265 2263
f 2264 2118 2116
f 2266 2118 2264
f 2119 2265 2117
f 2119 2267 2265
f 2266 2120 2118
f 2268 2120 2266
f 2121 2267 2119
f 2121 2269 2267
f 2268 2122 2120
f 2270 2122 2268
f 2123 2269 2121
f 2123 2271 2269
f 2270 2124 2122
f 2272 2124 2270
f 2125 2271 2123
f 2125 2273 2271
f 2272 2126 2124
f 2274 2126 2272
f 2127 2273 2125
f 2127 2275 2273
f 2274 2128 2126
f 2276 2128 2274
f 2129 2275 2127
f 2129 2277 2275
f 2276 2130 2128
f 2278 2130 2276
f 2131 2277 2129
f 2131 2279 2277
f 2278 2132 2130
f 2280 2132 2278
f 2133 2279 2131
f 2133 2281 2279
f 2280 2134 2132
f 2282 2134 2280
f 2135 2281 2133
f 2135 2283 2281
f 2282 2136 2134
f 2284 2136 2282
f 2137 2283 2135
f 2137 2285 2283
f 2284 2138 2136
f 2286 2138 2284
f 2139 2285 2137
f 2139 2287 2285
f 2286 2140 2138
f 2288 2140 2286
f 2141 2287 2139
f 2141 2289 2287
f 2288 2142 2140
f 2290 2142 2288
f 2143 2289 2141
f 2143 2291 2289
f 2290 2144 2142
f 2292 2144 2290
f 2145 2291 2143
f 2145 2293 2291
f 2292 2146 2144
f 2294 2146 2292
f 2147 2293 2145
f 2147 2295 2293
f 2294 2148 2146
f 2296 2148 2294
f 2149 2295 2147
f 2149 2297 2295
f 2296 2150 2148
f 2298 2150 2296
f 2151 2297 2149
f 2151 2299 2297
f 2298 2152 2150
f 2300 2152 2298
f 2153 2299 2151
f 2153 2301 2299
f 2300 2154 2152
f 2302 2154 2300
f 2155 2301 2153
f 2155 2303 2301
f 2302 2156 2154
f 2304 2156 2302
f 2157 2303 2155
f 2157 2305 2303
f 2304 2158 2156
f 2306 2158 2304
f 2159 2305 2157
f 2159 2307 2305
f 2306 2160 2158
f 2308 2160 2306
f 2161 2307 2159
f 2161 2309 2307
f 2308 2162 2160
f 2310 2162 2308
f 2163 2309 2161
f 2163 2311 2309
f 2310 2164 2162
f 2312 2164 2310
f 2165 2311 2163
f 2165 2313 2311
f 2312 2166 2164
f 2314 2166 2312
f 2315 2313 2165
f 2315 2165 2167
f 2167 2168 2315
f 2315 2168 2316
f 2318 2317 2170
f 2170 2317 2169
f 2170 2166 2314
f 2170 2314 2318
f 2319 2316 2168
f 2319 2168 2171
f 2171 2172 2319
f 2319 2172 2320
f 2322 2321 2174
f 2174 2321 2173
f 2174 2169 2317
f 2174 2317 2322
f 2323 2320 2172
f 2323 2172 2175
f 2324 2175 2176
f 2324 2323 2175
f 2325 2176 2177
f 2325 2324 2176
f 2326 2177 2178
f 2326 2325 2177
f 2327 2178 2179
f 2327 2326 2178
f 2328 2179 2180
f 2328 2327 2179
f 2329 2180 2181
f 2329 2328 2180
f 2330 2181 2182
f 2330 2329 2181
f 2331 2182 2183
f 2331 2330 2182
f 2332 2183 2184
f 2332 2331 2183
f 2333 2184 2185
f 2333 2332 2184
f 2334 2185 2186
f 2334 2333 2185
f 2335 2186 2187
f 2335 2334 2186
f 2336 2187 2188
f 2336 2335 2187
f 2337 2188 2189
f 2337 2336 2188
f 2338 2189 2190
f 2338 2337 2189
f 2339 2190 2191
f 2339 2338 2190
f 2340 2191 2192
f 2340 2339 2191
f 2341 2192 2193
f 2341 2340 2192
f 2342 2193 2194
f 2342 2341 2193
f 2343 2194 2195
f 2343 2342 2194
f 2344 2195 2196
f 2344 2343 2195
f 2345 2196 2197
f 2345 2344 2196
f 2346 2197 2198
f 2346 2345 2197
f 2347 2198 2199
f 2347 2346 2198
f 2348 2199 2200
f 2348 2347 2199
f 2349 2200 2201
f 2349 2348 2200
f 2350 2201 2202
f 2350 2349 2201
f 2351 2202 2203
f 2351 2350 2202
f 2352 2203 2204
f 2352 2351 2203
f 2353 2204 2205
f 2353 2352 2204
f 2354 2205 2206
f 2354 2353 2205
f 2355 2206 2207
f 2355 2354 2206
f 2356 2207 2208
f 2356 2355 2207
f 2357 2208 2209
f 2357 2356 2208
f 2358 2209 2210
f 2358 2357 2209
f 2359 2210 2211
f 2359 2358 2210
f 2360 2211 2212
f 2360 2359 2211
f 2212 2173 2321
f 2212 2321 2360
f 2362 2361 2213
f 2362 2213 2214
f 2213 2363 2215
f 2361 2363 2213
f 2215 2364 2216
f 2363 2364 2215
f 2216 2365 2217
f 2364 2365 2216
f 2217 2366 2218
f 2365 2366 2217
f 2218 2367 2219
f 2366 2367 2218
f 2219 2368 2220
f 2367 2368 2219
f 2220 2369 2221
f 2368 2369 2220
f 2221 2370 2222
f 2369 2370 2221
f 2222 2371 2223
f 2370 2371 2222
f 2223 2372 2224
f 2371 2372 2223
f 2224 2373 2225
f 2372 2373 2224
f 2225 2374 2226
f 2373 2374 2225
f 2226 2375 2227
f 2374 2375 2226
f 2227 2376 2228
f 2375 2376 2227
f 2228 2377 2229
f 2376 2377 2228
f 2229 2378 2230
f 2377 2378 2229
f 2230 2379 2231
f 2378 2379 2230
f 2231 2380 2232
f 2379 2380 2231
f 2232 2381 2233
f 2380 2381 2232
f 2233 2382 2234
f 2381 2382 2233
f 2234 2383 2235
f 2382 2383 2234
f 2235 2384 2236
f 2383 2384 2235
f 2236 2385 2237
f 2384 2385 2236
f 2237 2386 2238
f 2385 2386 2237
f 2238 2387 2239
f 2386 2387 2238
f 2239 2388 2240
f 2387 2388 2239
f 2240 2389 2241
f 2388 2389 2240
f 2241 2390 2242
f 2389 2390 2241
f 2242 2391 2243
f 2390 2391 2242
f 2243 2392 2244
f 2391 2392 2243
f 2244 2393 2245
f 2392 2393 2244
f 2245 2394 2246
f 2393 2394 2245
f 2246 2395 2247
f 2394 2395 2246
f 2247 2396 2248
f 2395 2396 2247
f 2248 2397 2249
f 2396 2397 2248
f 2249 2398 2250
f 2397 2398 2249
f 2250 2399 2251
f 2398 2399 2250
f 2252 2251 2399
f 2252 2399 2400
f 2402 2401 2253
f 2402 2253 2254
f 2214 2253 2362
f 2362 2253 2401
f 2400 2403 2252
f 2252 2403 2255
f 2256 2255 2403
f 2256 2403 2404
f 2406 2405 2257
f 2406 2257 2258
f 2254 2257 2402
f 2402 2257 2405
f 2404 2407 2256
f 2256 2407 2259
f 2260 2259 2407
f 2260 2407 2408
f 2261 2406 2258
f 2261 2409 2406
f 2408 2262 2260
f 2410 2262 2408
f 2263 2409 2261
f 2263 2411 2409
f 2410 2264 2262
f 2412 2264 2410
f 2265 2411 2263
f 2265 2413 2411
f 2412 2266 2264
f 2414 2266 2412
f 2267 2413 2265
f 2267 2415 2413
f 2414 2268 2266
f 2416 2268 2414
f 2269 2415 2267
f 2269 2417 2415
f 2416 2270 2268
f 2418 2270 2416
f 2271 2417 2269
f 2271 2419 2417
f 2418 2272 2270
f 2420 2272 2418
f 2273 2419 2271
f 2273 2421 2419
f 2420 2274 2272
f 2422 2274 2420
f 2275 2421 2273
f 2275 2423 2421
f 2422 2276 2274
f 2424 2276 2422
f 2277 2423 2275
f 2277 2425 2423
f 2424 2278 2276
f 2426 2278 2424
f 2279 2425 2277
f 2279 2427 2425
f 2426 2280 2278
f 2428 2280 2426
f 2281 2427 2279
f 2281 2429 2427
f 2428 2282 2280
f 2430 2282 2428
f 2283 2429 2281
f 2283 2431 2429
f 2430 2284 2282
f 2432 2284 2430
f 2285 2431 2283
f 2285 2433 2431
f 2432 2286 2284
f 2434 2286 2432
f 2287 2433 2285
f 2287 2435 2433
f 2434 2288 2286
f 2436 2288 2434
f 2289 2435 2287
f 2289 2437 2435
f 2436 2290 2288
f 2438 2290 2436
f 2291 2437 2289
f 2291 2439 2437
f 2438 2292 2290
f 2440 2292 2438
f 2293 2439 2291
f 2293 2441 2439
f 2440 2294 2292
f 2442 2294 2440
f 2295 2441 2293
f 2295 2443 2441
f 2442 2296 2294
f 2444 2296 2442
f 2297 2443 2295
f 2297 2445 2443
f 2444 2298 2296
f 2446 2298 2444
f 2299 2445 2297
f 2299 2447 2445
f 2446 2300 2298
f 2448 2300 2446
f 2301 2447 2299
f 2301 2449 2447
f 2448 2302 2300
f 2450 2302 2448
f 2303 2449 2301
f 2303 2451 2449
f 2450 2304 2302
f 2452 2304 2450
f 2305 2451 2303
f 2305 2453 2451
f 2452 2306 2304
f 2454 2306 2452
f 2307 2453 2305
f 2307 2455 2453
f 2454 2308 2306
f 2456 2308 2454
f 2309 2455 2307
f 2309 2457 2455
f 2456 2310 2308
f 2458 2310 2456
f 2311 2457 2309
f 2311 2459 2457
f 2458 2312 2310
f 2460 2312 2458
f 2313 2459 2311
f 2313 2461 2459
f 2460 2314 2312
f 2462 2314 2460
f 2463 2461 2313
f 2463 2313 2315
f 2315 2316 2463
f 2463 2316 2464
f 2466 2465 2318
f 2318 2465 2317
f 2318 2314 2462
f 2318 2462 2466
f 2467 2464 2316
f 2467 2316 2319
f 2319 2320 2467
f 2467 2320 2468
f 2470 2469 2322
f 2322 2469 2321
f 2322 2317 2465
f 2322 2465 2470
f 2471 2468 2320
f 2471 2320 2323
f 2472 2323 2324
f 2472 2471 2323
f 2473 2324 2325
f 2473 2472 2324
f 2474 2325 2326
f 2474 2473 2325
f 2475 2326 2327
f 2475 2474 2326
f 2476 2327 2328
f 2476 2475 2327
f 2477 2328 2329
f 2477 2476 2328
f 2478 2329 2330
f 2478 2477 2329
f 2479 2330 2331
f 2479 2478 2330
f 2480 2331 2332
f 2480 2479 2331
f 2481 2332 2333
f 2481 2480 2332
f 2482 2333 2334
f 2482 2481 2333
f 2483 2334 2335
f 2483 2482 2334
f 2484 2335 2336
f 2484 2483 2335
f 2485 2336 2337
f 2485 2484 2336
f 2486 2337 2338
f 2486 2485 2337
f 2487 2338 2339
f 2487 2486 2338
f 2488 2339 2340
f 2488 2487 2339
f 2489 2340 2341
f 2489 2488 2340
f 2490 2341 2342
f 2490 2489 2341
f 2491 2342 2343
f 2491 2490 2342
f 2492 2343 2344
f 2492 2491 2343
f 2493 2344 2345
f 2493 2492 2344
f 2494 2345 2346
f 2494 2493 2345
f 2495 2346 2347
f 2495 2494 2346
f 2496 2347 2348
f 2496 2495 2347
f 2497 2348 2349
f 2497 2496 2348
f 2498 2349 2350
f 2498 2497 2349
f 2499 2350 2351
f 2499 2498 2350
f 2500 2351 2352
f 2500 2499 2351
f 2501 2352 2353
f 2501 2500 2352
f 2502 2353 2354
f 2502 2501 2353
f 2503 2354 2355
f 2503 2502 2354
f 2504 2355 2356
f 2504 2503 2355
f 2505 2356 2357
f 2505 2504 2356
f 2506 2357 2358
f 2506 2505 2357
f 2507 2358 2359
f 2507 2506 2358
f 2508 2359 2360
f 2508 2507 2359
f 2360 2321 2469
f 2360 2469 2508
f 2510 2509 2361
f 2510 2361 2362
f 2361 2511 2363
f 2509 2511 2361
f 2363 2512 2364
f 2511 2512 2363
f 2364 2513 2365
f 2512 2513 2364
f 2365 2514 2366
f 2513 2514 2365
f 2366 2515 2367
f 2514 2515 2366
f 2367 2516 2368
f 2515 2516 2367
f 2368 2517 2369
f 2516 2517 2368
f 2369 2518 2370
f 2517 2518 2369
f 2370 2519 2371
f 2518 2519 2370
f 2371 2520 2372
f 2519 2520 2371
f 2372 2521 2373
f 2520 2521 2372
f 2373 2522 2374
f 2521 2522 2373
f 2374 2523 2375
f 2522 2523 2374
f 2375 2524 2376
f 2523 2524 2375
f 2376 2525 2377
f 2524 2525 2376
f 2377 2526 2378
f 2525 2526 2377
f 2378 2527 2379
f 2526 2527 2378
f 2379 2528 2380
f 2527 2528 2379
f 2380 2529 2381
f 2528 2529 2380
f 2381 2530 2382
f 2529 2530 2381
f 2382 2531 2383
f 2530 2531 2382
f 2383 2532 2384
f 2531 2532 2383
f 2384 2533 2385
f 2532 2533 2384
f 2385 2534 2386
f 2533 2534 2385
f 2386 2535 2387
f 2534 2535 2386
f 2387 2536 2388
f 2535 2536 2387
f 2388 2537 2389
f 2536 2537 2388
f 2389 2538 2390
f 2537 2538 2389
f 2390 2539 2391
f 2538 2539 2390
f 2391 2540 2392
f 2539 2540 2391
f 2392 2541 2393
f 2540 2541 2392
f 2393 2542 2394
f 2541 2542 2393
f 2394 2543 2395
f 2542 2543 2394
f 2395 2544 2396
f 2543 2544 2395
f 2396 2545 2397
f 2544 2545 2396
f 2397 2546 2398
f 2545 2546 2397
f 2398 2547 2399
f 2546 2547 2398
f 2400 2399 2547
f 2400 2547 2548
f 2550 2549 2401
f 2550 2401 2402
f 2362 2401 2510
f 2510 2401 2549
f 2548 2551 2400
f 2400 2551 2403
f 2404 2403 2551
f 2404 2551 2552
f 2554 2553 2405
f 2554 2405 2406
f 2402 2405 2550
f 2550 2405 2553
f 2552 2555 2404
f 2404 2555 2407
f 2408 2407 2555
f 2408 2555 2556
f 2409 2554 2406
f 2409 2557 2554
f 2556 2410 2408
f 2558 2410 2556
f 2411 2557 2409
f 2411 2559 2557
f 2558 2412 2410
f 2560 2412 2558
f 2413 2559 2411
f 2413 2561 2559
f 2560 2414 2412
f 2562 2414 2560
f 2415 2561 2413
f 2415 2563 2561
f 2562 2416 2414
f 2564 2416 2562
f 2417 2563 2415
f 2417 2565 2563
f 2564 2418 2416
f 2566 2418 2564
f 2419 2565 2417
f 2419 2567 2565
f 2566 2420 2418
f 2568 2420 2566
f 2421 2567 2419
f 2421 2569 2567
f 2568 2422 2420
f 2570 2422 2568
f 2423 2569 2421
f 2423 2571 2569
f 2570 2424 2422
f 2572 2424 2570
f 2425 2571 2423
f 2425 2573 2571
f 2572 2426 2424
f 2574 2426 2572
f 2427 2573 2425
f 2427 2575 2573
f 2574 2428 2426
f 2576 2428 2574
f 2429 2575 2427
f 2429 2577 2575
f 2576 2430 2428
f 2578 2430 2576
f 2431 2577 2429
f 2431 2579 2577
f 2578 2432 2430
f 2580 2432 2578
f 2433 2579 2431
f 2433 2581 2579
f 2580 2434 2432
f 2582 2434 2580
f 2435 2581 2433
f 2435 2583 2581
f 2582 2436 2434
f 2584 2436 2582
f 2437 2583 2435
f 2437 2585 2583
f 2584 2438 2436
f 2586 2438 2584
f 2439 2585 2437
f 2439 2587 2585
f 2586 2440 2438
f 2588 2440 2586
f 2441 2587 2439
f 2441 2589 2587
f 2588 2442 2440
f 2590 2442 2588
f 2443 2589 2441
f 2443 2591 2589
f 2590 2444 2442
f 2592 2444 2590
f 2445 2591 2443
f 2445 2593 2591
f 2592 2446 2444
f 2594 2446 2592
f 2447 2593 2445
f 2447 2595 2593
f 2594 2448 2446
f 2596 2448 2594
f 2449 2595 2447
f 2449 2597 2595
f 2596 2450 2448
f 2598 2450 2596
f 2451 2597 2449
f 2451 2599 2597
f 2598 2452 2450
f 2600 2452 2598
f 2453 2599 2451
f 2453 2601 2599
f 2600 2454 2452
f 2602 2454 2600
f 2455 2601 2453
f 2455 2603 2601
f 2602 2456 2454
f 2604 2456 2602
f 2457 2603 2455
f 2457 2605 2603
f 2604 2458 2456
f 2606 2458 2604
f 2459 2605 2457
f 2459 2607 2605
f 2606 2460 2458
f 2608 2460 2606
f 2461 2607 2459
f 2461 2609 2607
f 2608 2462 2460
f 2610 2462 2608
f 2611 2609 2461
f 2611 2461 2463
f 2463 2464 2611
f 2611 2464 2612
f 2614 2613 2466
f 2466 2613 2465
f 2466 2462 2610
f 2466 2610 2614
f 2615 2612 2464
f 2615 2464 2467
f 2467 2468 2615
f 2615 2468 2616
f 2618 2617 2470
f 2470 2617 2469
f 2470 2465 2613
f 2470 2613 2618
f 2619 2616 2468
f 2619 2468 2471
f 2620 2471 2472
f 2620 2619 2471
f 2621 2472 2473
f 2621 2620 2472
f 2622 2473 2474
f 2622 2621 2473
f 2623 2474 2475
f 2623 2622 2474
f 2624 2475 2476
f 2624 2623 2475
f 2625 2476 2477
f 2625 2624 2476
f 2626 2477 2478
f 2626 2625 2477
f 2627 2478 2479
f 2627 2626 2478
f 2628 2479 2480
f 2628 2627 2479
f 2629 2480 2481
f 2629 2628 2480
f 2630 2481 2482
f 2630 2629 2481
f 2631 2482 2483
f 2631 2630 2482
f 2632 2483 2484
f 2632 2631 2483
f 2633 2484 2485
f 2633 2632 2484
f 2634 2485 2486
f 2634 2633 2485
f 2635 2486 2487
f 2635 2634 2486
f 2636 2487 2488
f 2636 2635 2487
f 2637 2488 2489
f 2637 2636 2488
f 2638 2489 2490
f 2638 2637 2489
f 2639 2490 2491
f 2639 2638 2490
f 2640 2491 2492
f 2640 2639 2491
f 2641 2492 2493
f 2641 2640 2492
f 2642 2493 2494
f 2642 2641 2493
f 2643 2494 2495
f 2643 2642 2494
f 2644 2495 2496
f 2644 2643 2495
f 2645 2496 2497
f 2645 2644 2496
f 2646 2497 2498
f 2646 2645 2497
f 2647 2498 2499
f 2647 2646 2498
f 2648 2499 2500
f 2648 2647 2499
f 2649 2500 2501
f 2649 2648 2500
f 2650 2501 2502
f 2650 2649 2501
f 2651 2502 2503
f 2651 2650 2502
f 2652 2503 2504
f 2652 2651 2503
f 2653 2504 2505
f 2653 2652 2504
f 2654 2505 2506
f 2654 2653 2505
f 2655 2506 2507
f 2655 2654 2506
f 2656 2507 2508
f 2656 2655 2507
f 2508 2469 2617
f 2508 2617 2656
f 2658 2657 2509
f 2658 2509 2510
f 2509 2659 2511
f 2657 2659 2509
f 2511 2660 2512
f 2659 2660 2511
f 2512 2661 2513
f 2660 2661 2512
f 2513 2662 2514
f 2661 2662 2513
f 2514 2663 2515
f 2662 2663 2514
f 2515 2664 2516
f 2663 2664 2515
f 2516 2665 2517
f 2664 2665 2516
f 2517 2666 2518
f 2665 2666 2517
f 2518 2667 2519
f 2666 2667 2518
f 2519 2668 2520
f 2667 2668 2519
f 2520 2669 2521
f 2668 2669 2520
f 2521 2670 2522
f 2669 2670 2521
f 2522 2671 2523
f 2670 2671 2522
f 2523 2672 2524
f 2671 2672 2523
f 2524 2673 2525
f 2672 2673 2524
f 2525 2674 2526
f 2673 2674 2525
f 2526 2675 2527
f 2674 2675 2526
f 2527 2676 2528
f 2675 2676 2527
f 2528 2677 2529
f 2676 2677 2528
f 2529 2678 2530
f 2677 2678 2529
f 2530 2679 2531
f 2678 2679 2530
f 2531 2680 2532
f 2679 2680 2531
f 2532 2681 2533
f 2680 2681 2532
f 2533 2682 2534
f 2681 2682 2533
f 2534 2683 2535
f 2682 2683 2534
f 2535 2684 2536
f 2683 2684 2535
f 2536 2685 2537
f 2684 2685 2536
f 2537 2686 2538
f 2685 2686 2537
f 2538 2687 2539
f 2686 2687 2538
f 2539 2688 2540
f 2687 2688 2539
f 2540 2689 2541
f 2688 2689 2540
f 2541 2690 2542
f 2689 2690 2541
f 2542 2691 2543
f 2690 2691 2542
f 2543 2692 2544
f 2691 2692 2543
f 2544 2693 2545
f 2692 2693 2544
f 2545 2694 2546
f 2693 2694 2545
f 2546 2695 2547
f 2694 2695 2546
f 2548 2547 2695
f 2548 2695 2696
f 2698 2697 2549
f 2698 2549 2550
f 2510 2549 2658
f 2658 2549 2697
f 2696 2699 2548
f 2548 2699 2551
f 2552 2551 2699
f 2552 2699 2700
f 2702 2701 2553
f 2702 2553 2554
f 2550 2553 2698
f 2698 2553 2701
f 2700 2703 2552
f 2552 2703 2555
f 2556 2555 2703
f 2556 2703 2704
f 2557 2702 2554
f 2557 2705 2702
f 2704 2558 2556
f 2706 2558 2704
f 2559 2705 2557
f 2559 2707 2705
f 2706 2560 2558
f 2708 2560 2706
f 2561 2707 2559
f 2561 2709 2707
f 2708 2562 2560
f 2710 2562 2708
f 2563 2709 2561
f 2563 2711 2709
f 2710 2564 2562
f 2712 2564 2710
f 2565 2711 2563
f 2565 2713 2711
f 2712 2566 2564
f 2714 2566 2712
f 2567 2713 2565
f 2567 2715 2713
f 2714 2568 2566
f 2716 2568 2714
f 2569 2715 2567
f 2569 2717 2715
f 2716 2570 2568
f 2718 2570 2716
f 2571 2717 2569
f 2571 2719 2717
f 2718 2572 2570
f 2720 2572 2718
f 2573 2719 2571
f 2573 2721 2719
f 2720 2574 2572
f 2722 2574 2720
f 2575 2721 2573
f 2575 2723 2721
f 2722 2576 2574
f 2724 2576 2722
f 2577 2723 2575
f 2577 2725 2723
f 2724 2578 2576
f 2726 2578 2724
f 2579 2725 2577
f 2579 2727 2725
f 2726 2580 2578
f 2728 2580 2726
f 2581 2727 2579
f 2581 2729 2727
f 2728 2582 2580
f 2730 2582 2728
f 2583 2729 2581
f 2583 2731 2729
f 2730 2584 2582
f 2732 2584 2730
f 2585 2731 2583
f 2585 2733 2731
f 2732 2586 2584
f 2734 2586 2732
f 2587 2733 2585
f 2587 2735 2733
f 2734 2588 2586
f 2736 2588 2734
f 2589 2735 2587
f 2589 2737 2735
f 2736 2590 2588
f 2738 2590 2736
f 2591 2737 2589
f 2591 2739 2737
f 2738 2592 2590
f 2740 2592 2738
f 2593 2739 2591
f 2593 2741 2739
f 2740 2594 2592
f 2742 2594 2740
f 2595 2741 2593
f 2595 2743 2741
f 2742 2596 2594
f 2744 2596 2742
f 2597 2743 2595
f 2597 2745 2743
f 2744 2598 2596
f 2746 2598 2744
f 2599 2745 2597
f 2599 2747 2745
f 2746 2600 2598
f 2748 2600 2746
f 2601 2747 2599
f 2601 2749 2747
f 2748 2602 2600
f 2750 2602 2748
f 2603 2749 2601
f 2603 2751 2749
f 2750 2604 2602
f 2752 2604 2750
f 2605 2751 2603
f 2605 2753 2751
f 2752 2606 2604
f 2754 2606 2752
f 2607 2753 2605
f 2607 2755 2753
f 2754 2608 2606
f 2756 2608 2754
f 2609 2755 2607
f 2609 2757 2755
f 2756 2610 2608
f 2758 2610 2756
f 2759 2757 2609
f 2759 2609 2611
f 2611 2612 2759
f 2759 2612 2760
f 2762 2761 2614
f 2614 2761 2613
f 2614 2610 2758
f 2614 2758 2762
f 2763 2760 2612
f 2763 2612 2615
f 2615 2616 2763
f 2763 2616 2764
f 2766 2765 2618
f 2618 2765 2617
f 2618 2613 2761
f 2618 2761 2766
f 2767 2764 2616
f 2767 2616 2619
f 2768 2619 2620
f 2768 2767 2619
f 2769 2620 2621
f 2769 2768 2620
f 2770 2621 2622
f 2770 2769 2621
f 2771 2622 2623
f 2771 2770 2622
f 2772 2623 2624
f 2772 2771 2623
f 2773 2624 2625
f 2773 2772 2624
f 2774 2625 2626
f 2774 2773 2625
f 2775 2626 2627
f 2775 2774 2626
f 2776 2627 2628
f 2776 2775 2627
f 2777 2628 2629
f 2777 2776 2628
f 2778 2629 2630
f 2778 2777 2629
f 2779 2630 2631
f 2779 2778 2630
f 2780 2631 2632
f 2780 2779 2631
f 2781 2632 2633
f 2781 2780 2632
f 2782 2633 2634
f 2782 2781 2633
f 2783 2634 2635
f 2783 2782 2634
f 2784 2635 2636
f 2784 2783 2635
f 2785 2636 2637
f 2785 2784 2636
f 2786 2637 2638
f 2786 2785 2637
f 2787 2638 2639
f 2787 2786 2638
f 2788 2639 2640
f 2788 2787 2639
f 2789 2640 2641
f 2789 2788 2640
f 2790 2641 2642
f 2790 2789 2641
f 2791 2642 2643
f 2791 2790 2642
f 2792 2643 2644
f 2792 2791 2643
f 2793 2644 2645
f 2793 2792 2644
f 2794 2645 2646
f 2794 2793 2645
f 2795 2646 2647
f 2795 2794 2646
f 2796 2647 2648
f 2796 2795 2647
f 2797 2648 2649
f 2797 2796 2648
f 2798 2649 2650
f 2798 2797 2649
f 2799 2650 2651
f 2799 2798 2650
f 2800 2651 2652
f 2800 2799 2651
f 2801 2652 2653
f 2801 2800 2652
f 2802 2653 2654
f 2802 2801 2653
f 2803 2654 2655
f 2803 2802 2654
f 2804 2655 2656
f 2804 2803 2655
f 2656 2617 2765
f 2656 2765 2804
f 2806 2805 2657
f 2806 2657 2658
f 2657 2807 2659
f 2805 2807 2657
f 2659 2808 2660
f 2807 2808 2659
f 2660 2809 2661
f 2808 2809 2660
f 2661 2810 2662
f 2809 2810 2661
f 2662 2811 2663
f 2810 2811 2662
f 2663 2812 2664
f 2811 2812 2663
f 2664 2813 2665
f 2812 2813 2664
f 2665 2814 2666
f 2813 2814 2665
f 2666 2815 2667
f 2814 2815 2666
f 2667 2816 2668
f 2815 2816 2667
f 2668 2817 2669
f 2816 2817 2668
f 2669 2818 2670
f 2817 2818 2669
f 2670 2819 2671
f 2818 2819 2670
f 2671 2820 2672
f 2819 2820 2671
f 2672 2821 2673
f 2820 2821 2672
f 2673 2822 2674
f 2821 2822 2673
f 2674 2823 2675
f 2822 2823 2674
f 2675 2824 2676
f 2823 2824 2675
f 2676 2825 2677
f 2824 2825 2676
f 2677 2826 2678
f 2825 2826 2677
f 2678 2827 2679
f 2826 2827 2678
f 2679 2828 2680
f 2827 2828 2679
f 2680 2829 2681
f 2828 2829 2680
f 2681 2830 2682
f 2829 2830 2681
f 2682 2831 2683
f 2830 2831 2682
f 2683 2832 2684
f 2831 2832 2683
f 2684 2833 2685
f 2832 2833 2684
f 2685 2834 2686
f 2833 2834 2685
f 2686 2835 2687
f 2834 2835 2686
f 2687 2836 2688
f 2835 2836 2687
f 2688 2837 2689
f 2836 2837 2688
f 2689 2838 2690
f 2837 2838 2689
f 2690 2839 2691
f 2838 2839 2690
f 2691 2840 2692
f 2839 2840 2691
f 2692 2841 2693
f 2840 2841 2692
f 2693 2842 2694
f 2841 2842 2693
f 2694 2843 2695
f 2842 2843 2694
f 2696 2695 2843
f 2696 2843 2844
f 2846 2845 2697
f 2846 2697 2698
f 2658 2697 2806
f 2806 2697 2845
f 2844 2847 2696
f 2696 2847 2699
f 2700 2699 2847
f 2700 2847 2848
f 2850 2849 2701
f 2850 2701 2702
f 2698 2701 2846
f 2846 2701 2849
f 2848 2851 2700
f 2700 2851 2703
f 2704 2703 2851
f 2704 2851 2852
f 2705 2850 2702
f 2705 2853 2850
f 2852 2706 2704
f 2854 2706 2852
f 2707 2853 2705
f 2707 2855 2853
f 2854 2708 2706
f 2856 2708 2854
f 2709 2855 2707
f 2709 2857 2855
f 2856 2710 2708
f 2858 2710 2856
f 2711 2857 2709
f 2711 2859 2857
f 2858 2712 2710
f 2860 2712 2858
f 2713 2859 2711
f 2713 2861 2859
f 2860 2714 2712
f 2862 2714 2860
f 2715 2861 2713
f 2715 2863 2861
f 2862 2716 2714
f 2864 2716 2862
f 2717 2863 2715
f 2717 2865 2863
f 2864 2718 2716
f 2866 2718 2864
f 2719 2865 2717
f 2719 2867 2865
f 2866 2720 2718
f 2868 2720 2866
f 2721 2867 2719
f 2721 2869 2867
f 2868 2722 2720
f 2870 2722 2868
f 2723 2869 2721
f 2723 2871 2869
f 2870 2724 2722
f 2872 2724 2870
f 2725 2871 2723
f 2725 2873 2871
f 2872 2726 2724
f 2874 2726 2872
f 2727 2873 2725
f 2727 2875 2873
f 2874 2728 2726
f 2876 2728 2874
f 2729 2875 2727
f 2729 2877 2875
f 2876 2730 2728
f 2878 2730 2876
f 2731 2877 2729
f 2731 2879 2877
f 2878 2732 2730
f 2880 2732 2878
f 2733 2879 2731
f 2733 2881 2879
f 2880 2734 2732
f 2882 2734 2880
f 2735 2881 2733
f 2735 2883 2881
f 2882 2736 2734
f 2884 2736 2882
f 2737 2883 2735
f 2737 2885 2883
f 2884 2738 2736
f 2886 2738 2884
f 2739 2885 2737
f 2739 2887 2885
f 2886 2740 2738
f 2888 2740 2886
f 2741 2887 2739
f 2741 2889 2887
f 2888 2742 2740
f 2890 2742 2888
f 2743 2889 2741
f 2743 2891 2889
f 2890 2744 2742
f 2892 2744 2890
f 2745 2891 2743
f 2745 2893 2891
f 2892 2746 2744
f 2894 2746 2892
f 2747 2893 2745
f 2747 2895 2893
f 2894 2748 2746
f 2896 2748 2894
f 2749 2895 2747
f 2749 2897 2895
f 2896 2750 2748
f 2898 2750 2896
f 2751 2897 2749
f 2751 2899 2897
f 2898 2752 2750
f 2900 2752 2898
f 2753 2899 2751
f 2753 2901 2899
f 2900 2754 2752
f 2902 2754 2900
f 2755 2901 2753
f 2755 2903 2901
f 2902 2756 2754
f 2904 2756 2902
f 2757 2903 2755
f 2757 2905 2903
f 2904 2758 2756
f 2906 2758 2904
f 2907 2905 2757
f 2907 2757 2759
f 2759 2760 2907
f 2907 2760 2908
f 2910 2909 2762
f 2762 2909 2761
f 2762 2758 2906
f 2762 2906 2910
f 2911 2908 2760
f 2911 2760 2763
f 2763 2764 2911
f 2911 2764 2912
f 2914 2913 2766
f 2766 2913 2765
f 2766 2761 2909
f 2766 2909 2914
f 2915 2912 2764
f 2915 2764 2767
f 2916 2767 2768
f 2916 2915 2767
f 2917 2768 2769
f 2917 2916 2768
f 2918 2769 2770
f 2918 2917 2769
f 2919 2770 2771
f 2919 2918 2770
f 2920 2771 2772
f 2920 2919 2771
f 2921 2772 2773
f 2921 2920 2772
f 2922 2773 2774
f 2922 2921 2773
f 2923 2774 2775
f 2923 2922 2774
f 2924 2775 2776
f 2924 2923 2775
f 2925 2776 2777
f 2925 2924 2776
f 2926 2777 2778
f 2926 2925 2777
f 2927 2778 2779
f 2927 2926 2778
f 2928 2779 2780
f 2928 2927 2779
f 2929 2780 2781
f 2929 2928 2780
f 2930 2781 2782
f 2930 2929 2781
f 2931 2782 2783
f 2931 2930 2782
f 2932 2783 2784
f 2932 2931 2783
f 2933 2784 2785
f 2933 2932 2784
f 2934 2785 2786
f 2934 2933 2785
f 2935 2786 2787
f 2935 2934 2786
f 2936 2787 2788
f 2936 2935 2787
f 2937 2788 2789
f 2937 2936 2788
f 2938 2789 2790
f 2938 2937 2789
f 2939 2790 2791
f 2939 2938 2790
f 2940 2791 2792
f 2940 2939 2791
f 2941 2792 2793
f 2941 2940 2792
f 2942 2793 2794
f 2942 2941 2793
f 2943 2794 2795
f 2943 2942 2794
f 2944 2795 2796
f 2944 2943 2795
f 2945 2796 2797
f 2945 2944 2796
f 2946 2797 2798
f 2946 2945 2797
f 2947 2798 2799
f 2947 2946 2798
f 2948 2799 2800
f 2948 2947 2799
f 2949 2800 2801
f 2949 2948 2800
f 2950 2801 2802
f 2950 2949 2801
f 2951 2802 2803
f 2951 2950 2802
f 2952 2803 2804
f 2952 2951 2803
f 2804 2765 2913
f 2804 2913 2952
f 2954 2953 2805
f 2954 2805 2806
f 2805 2955 2807
f 2953 2955 2805
f 2807 2956 2808
f 2955 2956 2807
f 2808 2957 2809
f 2956 2957 2808
f 2809 2958 2810
f 2957 2958 2809
f 2810 2959 2811
f 2958 2959 2810
f 2811 2960 2812
f 2959 2960 2811
f 2812 2961 2813
f 2960 2961 2812
f 2813 2962 2814
f 2961 2962 2813
f 2814 2963 2815
f 2962 2963 2814
f 2815 2964 2816
f 2963 2964 2815
f 2816 2965 2817
f 2964 2965 2816
f 2817 2966 2818
f 2965 2966 2817
f 2818 2967 2819
f 2966 2967 2818
f 2819 2968 2820
f 2967 2968 2819
f 2820 2969 2821
f 2968 2969 2820
f 2821 2970 2822
f 2969 2970 2821
f 2822 2971 2823
f 2970 2971 2822
f 2823 2972 2824
f 2971 2972 2823
f 2824 2973 2825
f 2972 2973 2824
f 2825 2974 2826
f 2973 2974 2825
f 2826 2975 2827
f 2974 2975 2826
f 2827 2976 2828
f 2975 2976 2827
f 2828 2977 2829
f 2976 2977 2828
f 2829 2978 2830
f 2977 2978 2829
f 2830 2979 2831
f 2978 2979 2830
f 2831 2980 2832
f 2979 2980 2831
f 2832 2981 2833
f 2980 2981 2832
f 2833 2982 2834
f 2981 2982 2833
f 2834 2983 2835
f 2982 2983 2834
f 2835 2984 2836
f 2983 2984 2835
f 2836 2985 2837
f 2984 2985 2836
f 2837 2986 2838
f 2985 2986 2837
f 2838 2987 2839
f 2986 2987 2838
f 2839 2988 2840
f 2987 2988 2839
f 2840 2989 2841
f 2988 2989 2840
f 2841 2990 2842
f 2989 2990 2841
f 2842 2991 2843
f 2990 2991 2842
f 2844 2843 2991
f 2844 2991 2992
f 2994 2993 2845
f 2994 2845 2846
f 2806 2845 2954
f 2954 2845 2993
f 2992 2995 2844
f 2844 2995 2847
f 2848 2847 2995
f 2848 2995 2996
f 2998 2997 2849
f 2998 2849 2850
f 2846 2849 2994
f 2994 2849 2997
f 2996 2999 2848
f 2848 2999 2851
f 2852 2851 2999
f 2852 2999 3000
f 2853 2998 2850
f 2853 3001 2998
f 3000 2854 2852
f 3002 2854 3000
f 2855 3001 2853
f 2855 3003 3001
f 3002 2856 2854
f 3004 2856 3002
f 2857 3003 2855
f 2857 3005 3003
f 3004 2858 2856
f 3006 2858 3004
f 2859 3005 2857
f 2859 3007 3005
f 3006 2860 2858
f 3008 2860 3006
f 2861 3007 2859
f 2861 3009 3007
f 3008 2862 2860
f 3010 2862 3008
f 2863 3009 2861
f 2863 3011 3009
f 3010 2864 2862
f 3012 2864 3010
f 2865 3011 2863
f 2865 3013 3011
f 3012 2866 2864
f 3014 2866 3012
f 2867 3013 2865
f 2867 3015 3013
f 3014 2868 2866
f 3016 2868 3014
f 2869 3015 2867
f 2869 3017 3015
f 3016 2870 2868
f 3018 2870 3016
f 2871 3017 2869
f 2871 3019 3017
f 3018 2872 2870
f 3020 2872 3018
f 2873 3019 2871
f 2873 3021 3019
f 3020 2874 2872
f 3022 2874 3020
f 2875 3021 2873
f 2875 3023 3021
f 3022 2876 2874
f 3024 2876 3022
f 2877 3023 2875
f 2877 3025 3023
f 3024 2878 2876
f 3026 2878 3024
f 2879 3025 2877
f 2879 3027 3025
f 3026 2880 2878
f 3028 2880 3026
f 2881 3027 2879
f 2881 3029 3027
f 3028 2882 2880
f 3030 2882 3028
f 2883 3029 2881
f 2883 3031 3029
f 3030 2884 2882
f 3032 2884 3030
f 2885 3031 2883
f 2885 3033 3031
f 3032 2886 2884
f 3034 2886 3032
f 2887 3033 2885
f 2887 3035 3033
f 3034 2888 2886
f 3036 2888 3034
f 2889 3035 2887
f 2889 3037 3035
f 3036 2890 2888
f 3038 2890 3036
f 2891 3037 2889
f 2891 3039 3037
f 3038 2892 2890
f 3040 2892 3038
f 2893 3039 2891
f 2893 3041 3039
f 3040 2894 2892
f 3042 2894 3040
f 2895 3041 2893
f 2895 3043 3041
f 3042 2896 2894
f 3044 2896 3042
f 2897 3043 2895
f 2897 3045 3043
f 3044 2898 2896
f 3046 2898 3044
f 2899 3045 2897
f 2899 3047 3045
f 3046 2900 2898
f 3048 2900 3046
f 2901 3047 2899
f 2901 3049 3047
f 3048 2902 2900
f 3050 2902 3048
f 2903 3049 2901
f 2903 3051 3049
f 3050 2904 2902
f 3052 2904 3050
f 2905 3051 2903
f 2905 3053 3051
f 3052 2906 2904
f 3054 2906 3052
f 3055 3053 2905
f 3055 2905 2907
f 2907 2908 3055
f 3055 2908 3056
f 3058 3057 2910
f 2910 3057 2909
f 2910 2906 3054
f 2910 3054 3058
f 3059 3056 2908
f 3059 2908 2911
f 2911 2912 3059
f 3059 2912 3060
f 3062 3061 2914
f 2914 3061 2913
f 2914 2909 3057
f 2914 3057 3062
f 3063 3060 2912
f 3063 2912 2915
f 3064 2915 2916
f 3064 3063 2915
f 3065 2916 2917
f 3065 3064 2916
f 3066 2917 2918
f 3066 3065 2917
f 3067 2918 2919
f 3067 3066 2918
f 3068 2919 2920
f 3068 3067 2919
f 3069 2920 2921
f 3069 3068 2920
f 3070 2921 2922
f 3070 3069 2921
f 3071 2922 2923
f 3071 3070 2922
f 3072 2923 2924
f 3072 3071 2923
f 3073 2924 2925
f 3073 3072 2924
f 3074 2925 2926
f 3074 3073 2925
f 3075 2926 2927
f 3075 3074 2926
f 3076 2927 2928
f 3076 3075 2927
f 3077 2928 2929
f 3077 3076 2928
f 3078 2929 2930
f 3078 3077 2929
f 3079 2930 2931
f 3079 3078 2930
f 3080 2931 2932
f 3080 3079 2931
f 3081 2932 2933
f 3081 3080 2932
f 3082 2933 2934
f 3082 3081 2933
f 3083 2934 2935
f 3083 3082 2934
f 3084 2935 2936
f 3084 3083 2935
f 3085 2936 2937
f 3085 3084 2936
f 3086 2937 2938
f 3086 3085 2937
f 3087 2938 2939
f 3087 3086 2938
f 3088 2939 2940
f 3088 3087 2939
f 3089 2940 2941
f 3089 3088 2940
f 3090 2941 2942
f 3090 3089 2941
f 3091 2942 2943
f 3091 3090 2942
f 3092 2943 2944
f 3092 3091 2943
f 3093 2944 2945
f 3093 3092 2944
f 3094 2945 2946
f 3094 3093 2945
f 3095 2946 2947
f 3095 3094 2946
f 3096 2947 2948
f 3096 3095 2947
f 3097 2948 2949
f 3097 3096 2948
f 3098 2949 2950
f 3098 3097 2949
f 3099 2950 2951
f 3099 3098 2950
f 3100 2951 2952
f 3100 3099 2951
f 2952 2913 3061
f 2952 3061 3100
f 3102 3101 2953
f 3102 2953 2954
f 2953 3103 2955
f 3101 3103 2953
f 2955 3104 2956
f 3103 3104 2955
f 2956 3105 2957
f 3104 3105 2956
f 2957 3106 2958
f 3105 3106 2957
f 2958 3107 2959
f 3106 3107 2958
f 2959 3108 2960
f 3107 3108 2959
f 2960 3109 2961
f 3108 3109 2960
f 2961 3110 2962
f 3109 3110 2961
f 2962 3111 2963
f 3110 3111 2962
f 2963 3112 2964
f 3111 3112 2963
f 2964 3113 2965
f 3112 3113 2964
f 2965 3114 2966
f 3113 3114 2965
f 2966 3115 2967
f 3114 3115 2966
f 2967 3116 2968
f 3115 3116 2967
f 2968 3117 2969
f 3116 3117 2968
f 2969 3118 2970
f 3117 3118 2969
f 2970 3119 2971
f 3118 3119 2970
f 2971 3120 2972
f 3119 3120 2971
f 2972 3121 2973
f 3120 3121 2972
f 2973 3122 2974
f 3121 3122 2973
f 2974 3123 2975
f 3122 3123 2974
f 2975 3124 2976
f 3123 3124 2975
f 2976 3125 2977
f 3124 3125 2976
f 2977 3126 2978
f 3125 3126 2977
f 2978 3127 2979
f 3126 3127 2978
f 2979 3128 2980
f 3127 3128 2979
f 2980 3129 2981
f 3128 3129 2980
f 2981 3130 2982
f 3129 3130 2981
f 2982 3131 2983
f 3130 3131 2982
f 2983 3132 2984
f 3131 3132 2983
f 2984 3133 2985
f 3132 3133 2984
f 2985 3134 2986
f 3133 3134 2985
f 2986 3135 2987
f 3134 3135 2986
f 2987 3136 2988
f 3135 3136 2987
f 2988 3137 2989
f 3136 3137 2988
f 2989 3138 2990
f 3137 3138 2989
f 2990 3139 2991
f 3138 3139 2990
f 2992 2991 3139
f 2992 3139 3140
f 3142 3141 2993
f 3142 2993 2994
f 2954 2993 3102
f 3102 2993 3141
f 3140 3143 2992
f 2992 3143 2995
f 2996 2995 3143
f 2996 3143 3144
f 3146 3145 2997
f 3146 2997 2998
f 2994 2997 3142
f 3142 2997 3145
f 3144 3147 2996
f 2996 3147 2999
f 3000 2999 3147
f 3000 3147 3148
f 3001 3146 2998
f 3001 3149 3146
f 3148 3002 3000
f 3150 3002 3148
f 3003 3149 3001
f 3003 3151 3149
f 3150 3004 3002
f 3152 3004 3150
f 3005 3151 3003
f 3005 3153 3151
f 3152 3006 3004
f 3154 3006 3152
f 3007 3153 3005
f 3007 3155 3153
f 3154 3008 3006
f 3156 3008 3154
f 3009 3155 3007
f 3009 3157 3155
f 3156 3010 3008
f 3158 3010 3156
f 3011 3157 3009
f 3011 3159 3157
f 3158 3012 3010
f 3160 3012 3158
f 3013 3159 3011
f 3013 3161 3159
f 3160 3014 3012
f 3162 3014 3160
f 3015 3161 3013
f 3015 3163 3161
f 3162 3016 3014
f 3164 3016 3162
f 3017 3163 3015
f 3017 3165 3163
f 3164 3018 3016
f 3166 3018 3164
f 3019 3165 3017
f 3019 3167 3165
f 3166 3020 3018
f 3168 3020 3166
f 3021 3167 3019
f 3021 3169 3167
f 3168 3022 3020
f 3170 3022 3168
f 3023 3169 3021
f 3023 3171 3169
f 3170 3024 3022
f 3172 3024 3170
f 3025 3171 3023
f 3025 3173 3171
f 3172 3026 3024
f 3174 3026 3172
f 3027 3173 3025
f 3027 3175 3173
f 3174 3028 3026
f 3176 3028 3174
f 3029 3175 3027
f 3029 3177 3175
f 3176 3030 3028
f 3178 3030 3176
f 3031 3177 3029
f 3031 3179 3177
f 3178 3032 3030
f 3180 3032 3178
f 3033 3179 3031
f 3033 3181 3179
f 3180 3034 3032
f 3182 3034 3180
f 3035 3181 3033
f 3035 3183 3181
f 3182 3036 3034
f 3184 3036 3182
f 3037 3183 3035
f 3037 3185 3183
f 3184 3038 3036
f 3186 3038 3184
f 3039 3185 3037
f 3039 3187 3185
f 3186 3040 3038
f 3188 3040 3186
f 3041 3187 3039
f 3041 3189 3187
f 3188 3042 3040
f 3190 3042 3188
f 3043 3189 3041
f 3043 3191 3189
f 3190 3044 3042
f 3192 3044 3190
f 3045 3191 3043
f 3045 3193 3191
f 3192 3046 3044
f 3194 3046 3192
f 3047 3193 3045
f 3047 3195 3193
f 3194 3048 3046
f 3196 3048 3194
f 3049 3195 3047
f 3049 3197 3195
f 3196 3050 3048
f 3198 3050 3196
f 3051 3197 3049
f 3051 3199 3197
f 3198 3052 3050
f 3200 3052 3198
f 3053 3199 3051
f 3053 3201 3199
f 3200 3054 3052
f 3202 3054 3200
f 3203 3201 3053
f 3203 3053 3055
f 3055 3056 3203
f 3203 3056 3204
f 3206 3205 3058
f 3058 3205 3057
f 3058 3054 3202
f 3058 3202 3206
f 3207 3204 3056
f 3207 3056 3059
f 3059 3060 3207
f 3207 3060 3208
f 3210 3209 3062
f 3062 3209 3061
f 3062 3057 3205
f 3062 3205 3210
f 3211 3208 3060
f 3211 3060 3063
f 3212 3063 3064
f 3212 3211 3063
f 3213 3064 3065
f 3213 3212 3064
f 3214 3065 3066
f 3214 3213 3065
f 3215 3066 3067
f 3215 3214 3066
f 3216 3067 3068
f 3216 3215 3067
f 3217 3068 3069
f 3217 3216 3068
f 3218 3069 3070
f 3218 3217 3069
f 3219 3070 3071
f 3219 3218 3070
f 3220 3071 3072
f 3220 3219 3071
f 3221 3072 3073
f 3221 3220 3072
f 3222 3073 3074
f 3222 3221 3073
f 3223 3074 3075
f 3223 3222 3074
f 3224 3075 3076
f 3224 3223 3075
f 3225 3076 3077
f 3225 3224 3076
f 3226 3077 3078
f 3226 3225 3077
f 3227 3078 3079
f 3227 3226 3078
f 3228 3079 3080
f 3228 3227 3079
f 3229 3080 3081
f 3229 3228 3080
f 3230 3081 3082
f 3230 3229 3081
f 3231 3082 3083
f 3231 3230 3082
f 3232 3083 3084
f 3232 3231 3083
f 3233 3084 3085
f 3233 3232 3084
f 3234 3085 3086
f 3234 3233 3085
f 3235 3086 3087
f 3235 3234 3086
f 3236 3087 3088
f 3236 3235 3087
f 3237 3088 3089
f 3237 3236 3088
f 3238 3089 3090
f 3238 3237 3089
f 3239 3090 3091
f 3239 3238 3090
f 3240 3091 3092
f 3240 3239 3091
f 3241 3092 3093
f 3241 3240 3092
f 3242 3093 3094
f 3242 3241 3093
f 3243 3094 3095
f 3243 3242 3094
f 3244 3095 3096
f 3244 3243 3095
f 3245 3096 3097
f 3245 3244 3096
f 3246 3097 3098
f 3246 3245 3097
f 3247 3098 3099
f 3247 3246 3098
f 3248 3099 3100
f 3248 3247 3099
f 3100 3061 3209
f 3100 3209 3248
f 3250 3249 3101
f 3250 3101 3102
f 3101 3251 3103
f 3249 3251 3101
f 3103 3252 3104
f 3251 3252 3103
f 3104 3253 3105
f 3252 3253 3104
f 3105 3254 3106
f 3253 3254 3105
f 3106 3255 3107
f 3254 3255 3106
f 3107 3256 3108
f 3255 3256 3107
f 3108 3257 3109
f 3256 3257 3108
f 3109 3258 3110
f 3257 3258 3109
f 3110 3259 3111
f 3258 3259 3110
f 3111 3260 3112
f 3259 3260 3111
f 3112 3261 3113
f 3260 3261 3112
f 3113 3262 3114
f 3261 3262 3113
f 3114 3263 3115
f 3262 3263 3114
f 3115 3264 3116
f 3263 3264 3115
f 3116 3265 3117
f 3264 3265 3116
f 3117 3266 3118
f 3265 3266 3117
f 3118 3267 3119
f 3266 3267 3118
f 3119 3268 3120
f 3267 3268 3119
f 3120 3269 3121
f 3268 3269 3120
f 3121 3270 3122
f 3269 3270 3121
f 3122 3271 3123
f 3270 3271 3122
f 3123 3272 3124
f 3271 3272 3123
f 3124 3273 3125
f 3272 3273 3124
f 3125 3274 3126
f 3273 3274 3125
f 3126 3275 3127
f 3274 3275 3126
f 3127 3276 3128
f 3275 3276 3127
f 3128 3277 3129
f 3276 3277 3128
f 3129 3278 3130
f 3277 3278 3129
f 3130 3279 3131
f 3278 3279 3130
f 3131 3280 3132
f 3279 3280 3131
f 3132 3281 3133
f 3280 3281 3132
f 3133 3282 3134
f 3281 3282 3133
f 3134 3283 3135
f 3282 3283 3134
f 3135 3284 3136
f 3283 3284 3135
f 3136 3285 3137
f 3284 3285 3136
f 3137 3286 3138
f 3285 3286 3137
f 3138 3287 3139
f 3286 3287 3138
f 3140 3139 3287
f 3140 3287 3288
f 3290 3289 3141
f 3290 3141 3142
f 3102 3141 3250
f 3250 3141 3289
f 3288 3291 3140
f 3140 3291 3143
f 3144 3143 3291
f 3144 3291 3292
f 3294 3293 3145
f 3294 3145 3146
f 3142 3145 3290
f 3290 3145 3293
f 3292 3295 3144
f 3144 3295 3147
f 3148 3147 3295
f 3148 3295 3296
f 3149 3294 3146
f 3149 3297 3294
f 3296 3150 3148
f 3298 3150 3296
f 3151 3297 3149
f 3151 3299 3297
f 3298 3152 3150
f 3300 3152 3298
f 3153 3299 3151
f 3153 3301 3299
f 3300 3154 3152
f 3302 3154 3300
f 3155 3301 3153
f 3155 3303 3301
f 3302 3156 3154
f 3304 3156 3302
f 3157 3303 3155
f 3157 3305 3303
f 3304 3158 3156
f 3306 3158 3304
f 3159 3305 3157
f 3159 3307 3305
f 3306 3160 3158
f 3308 3160 3306
f 3161 3307 3159
f 3161 3309 3307
f 3308 3162 3160
f 3310 3162 3308
f 3163 3309 3161
f 3163 3311 3309
f 3310 3164 3162
f 3312 3164 3310
f 3165 3311 3163
f 3165 3313 3311
f 3312 3166 3164
f 3314 3166 3312
f 3167 3313 3165
f 3167 3315 3313
f 3314 3168 3166
f 3316 3168 3314
f 3169 3315 3167
f 3169 3317 3315
f 3316 3170 3168
f 3318 3170 3316
f 3171 3317 3169
f 3171 3319 3317
f 3318 3172 3170
f 3320 3172 3318
f 3173 3319 3171
f 3173 3321 3319
f 3320 3174 3172
f 3322 3174 3320
f 3175 3321 3173
f 3175 3323 3321
f 3322 3176 3174
f 3324 3176 3322
f 3177 3323 3175
f 3177 3325 3323
f 3324 3178 3176
f 3326 3178 3324
f 3179 3325 3177
f 3179 3327 3325
f 3326 3180 3178
f 3328 3180 3326
f 3181 3327 3179
f 3181 3329 3327
f 3328 3182 3180
f 3330 3182 3328
f 3183 3329 3181
f 3183 3331 3329
f 3330 3184 3182
f 3332 3184 3330
f 3185 3331 3183
f 3185 3333 3331
f 3332 3186 3184
f 3334 3186 3332
f 3187 3333 3185
f 3187 3335 3333
f 3334 3188 3186
f 3336 3188 3334
f 3189 3335 3187
f 3189 3337 3335
f 3336 3190 3188
f 3338 3190 3336
f 3191 3337 3189
f 3191 3339 3337
f 3338 3192 3190
f 3340 3192 3338
f 3193 3339 3191
f 3193 3341 3339
f 3340 3194 3192
f 3342 3194 3340
f 3195 3341 3193
f 3195 3343 3341
f 3342 3196 3194
f 3344 3196 3342
f 3197 3343 3195
f 3197 3345 3343
f 3344 3198 3196
f 3346 3198 3344
f 3199 3345 3197
f 3199 3347 3345
f 3346 3200 3198
f 3348 3200 3346
f 3201 3347 3199
f 3201 3349 3347
f 3348 3202 3200
f 3350 3202 3348
f 3351 3349 3201
f 3351 3201 3203
f 3203 3204 3351
f 3351 3204 3352
f 3354 3353 3206
f 3206 3353 3205
f 3206 3202 3350
f 3206 3350 3354
f 3355 3352 3204
f 3355 3204 3207
f 3207 3208 3355
f 3355 3208 3356
f 3358 3357 3210
f 3210 3357 3209
f 3210 3205 3353
f 3210 3353 3358
f 3359 3356 3208
f 3359 3208 3211
f 3360 3211 3212
f 3360 3359 3211
f 3361 3212 3213
f 3361 3360 3212
f 3362 3213 3214
f 3362 3361 3213
f 3363 3214 3215
f 3363 3362 3214
f 3364 3215 3216
f 3364 3363 3215
f 3365 3216 3217
f 3365 3364 3216
f 3366 3217 3218
f 3366 3365 3217
f 3367 3218 3219
f 3367 3366 3218
f 3368 3219 3220
f 3368 3367 3219
f 3369 3220 3221
f 3369 3368 3220
f 3370 3221 3222
f 3370 3369 3221
f 3371 3222 3223
f 3371 3370 3222
f 3372 3223 3224
f 3372 3371 3223
f 3373 3224 3225
f 3373 3372 3224
f 3374 3225 3226
f 3374 3373 3225
f 3375 3226 3227
f 3375 3374 3226
f 3376 3227 3228
f 3376 3375 3227
f 3377 3228 3229
f 3377 3376 3228
f 3378 3229 3230
f 3378 3377 3229
f 3379 3230 3231
f 3379 3378 3230
f 3380 3231 3232
f 3380 3379 3231
f 3381 3232 3233
f 3381 3380 3232
f 3382 3233 3234
f 3382 3381 3233
f 3383 3234 3235
f 3383 3382 3234
f 3384 3235 3236
f 3384 3383 3235
f 3385 3236 3237
f 3385 3384 3236
f 3386 3237 3238
f 3386 3385 3237
f 3387 3238 3239
f 3387 3386 3238
f 3388 3239 3240
f 3388 3387 3239
f 3389 3240 3241
f 3389 3388 3240
f 3390 3241 3242
f 3390 3389 3241
f 3391 3242 3243
f 3391 3390 3242
f 3392 3243 3244
f 3392 3391 3243
f 3393 3244 3245
f 3393 3392 3244
f 3394 3245 3246
f 3394 3393 3245
f 3395 3246 3247
f 3395 3394 3246
f 3396 3247 3248
f 3396 3395 3247
f 3248 3209 3357
f 3248 3357 3396
f 3398 3397 3249
f 3398 3249 3250
f 3249 3399 3251
f 3397 3399 3249
f 3251 3400 3252
f 3399 3400 3251
f 3252 3401 3253
f 3400 3401 3252
f 3253 3402 3254
f 3401 3402 3253
f 3254 3403 3255
f 3402 3403 3254
f 3255 3404 3256
f 3403 3404 3255
f 3256 3405 3257
f 3404 3405 3256
f 3257 3406 3258
f 3405 3406 3257
f 3258 3407 3259
f 3406 3407 3258
f 3259 3408 3260
f 3407 3408 3259
f 3260 3409 3261
f 3408 3409 3260
f 3261 3410 3262
f 3409 3410 3261
f 3262 3411 3263
f 3410 3411 3262
f 3263 3412 3264
f 3411 3412 3263
f 3264 3413 3265
f 3412 3413 3264
f 3265 3414 3266
f 3413 3414 3265
f 3266 3415 3267
f 3414 3415 3266
f 3267 3416 3268
f 3415 3416 3267
f 3268 3417 3269
f 3416 3417 3268
f 3269 3418 3270
f 3417 3418 3269
f 3270 3419 3271
f 3418 3419 3270
f 3271 3420 3272
f 3419 3420 3271
f 3272 3421 3273
f 3420 3421 3272
f 3273 3422 3274
f 3421 3422 3273
f 3274 3423 3275
f 3422 3423 3274
f 3275 3424 3276
f 3423 3424 3275
f 3276 3425 3277
f 3424 3425 3276
f 3277 3426 3278
f 3425 3426 3277
f 3278 3427 3279
f 3426 3427 3278
f 3279 3428 3280
f 3427 3428 3279
f 3280 3429 3281
f 3428 3429 3280
f 3281 3430 3282
f 3429 3430 3281
f 3282 3431 3283
f 3430 3431 3282
f 3283 3432 3284
f 3431 3432 3283
f 3284 3433 3285
f 3432 3433 3284
f 3285 3434 3286
f 3433 3434 3285
f 3286 3435 3287
f 3434 3435 3286
f 3288 3287 3435
f 3288 3435 3436
f 3438 3437 3289
f 3438 3289 3290
f 3250 3289 3398
f 3398 3289 3437
f 3436 3439 3288
f 3288 3439 3291
f 3292 3291 3439
f 3292 3439 3440
f 3442 3441 3293
f 3442 3293 3294
f 3290 3293 3438
f 3438 3293 3441
f 3440 3443 3292
f 3292 3443 3295
f 3296 3295 3443
f 3296 3443 3444
f 3297 3442 3294
f 3297 3445 3442
f 3444 3298 3296
f 3446 3298 3444
f 3299 3445 3297
f 3299 3447 3445
f 3446 3300 3298
f 3448 3300 3446
f 3301 3447 3299
f 3301 3449 3447
f 3448 3302 3300
f 3450 3302 3448
f 3303 3449 3301
f 3303 3451 3449
f 3450 3304 3302
f 3452 3304 3450
f 3305 3451 3303
f 3305 3453 3451
f 3452 3306 3304
f 3454 3306 3452
f 3307 3453 3305
f 3307 3455 3453
f 3454 3308 3306
f 3456 3308 3454
f 3309 3455 3307
f 3309 3457 3455
f 3456 3310 3308
f 3458 3310 3456
f 3311 3457 3309
f 3311 3459 3457
f 3458 3312 3310
f 3460 3312 3458
f 3313 3459 3311
f 3313 3461 3459
f 3460 3314 3312
f 3462 3314 3460
f 3315 3461 3313
f 3315 3463 3461
f 3462 3316 3314
f 3464 3316 3462
f 3317 3463 3315
f 3317 3465 3463
f 3464 3318 3316
f 3466 3318 3464
f 3319 3465 3317
f 3319 3467 3465
f 3466 3320 3318
f 3468 3320 3466
f 3321 3467 3319
f 3321 3469 3467
f 3468 3322 3320
f 3470 3322 3468
f 3323 3469 3321
f 3323 3471 3469
f 3470 3324 3322
f 3472 3324 3470
f 3325 3471 3323
f 3325 3473 3471
f 3472 3326 3324
f 3474 3326 3472
f 3327 3473 3325
f 3327 3475 3473
f 3474 3328 3326
f 3476 3328 3474
f 3329 3475 3327
f 3329 3477 3475
f 3476 3330 3328
f 3478 3330 3476
f 3331 3477 3329
f 3331 3479 3477
f 3478 3332 3330
f 3480 3332 3478
f 3333 3479 3331
f 3333 3481 3479
f 3480 3334 3332
f 3482 3334 3480
f 3335 3481 3333
f 3335 3483 3481
f 3482 3336 3334
f 3484 3336 3482
f 3337 3483 3335
f 3337 3485 3483
f 3484 3338 3336
f 3486 3338 3484
f 3339 3485 3337
f 3339 3487 3485
f 3486 3340 3338
f 3488 3340 3486
f 3341 3487 3339
f 3341 3489 3487
f 3488 3342 3340
f 3490 3342 3488
f 3343 3489 3341
f 3343 3491 3489
f 3490 3344 3342
f 3492 3344 3490
f 3345 3491 3343
f 3345 3493 3491
f 3492 3346 3344
f 3494 3346 3492
f 3347 3493 3345
f 3347 3495 3493
f 3494 3348 3346
f 3496 3348 3494
f 3349 3495 3347
f 3349 3497 3495
f 3496 3350 3348
f 3498 3350 3496
f 3499 3497 3349
f 3499 3349 3351
f 3351 3352 3499
f 3499 3352 3500
f 3502 3501 3354
f 3354 3501 3353
f 3354 3350 3498
f 3354 3498 3502
f 3503 3500 3352
f 3503 3352 3355
f 3355 3356 3503
f 3503 3356 3504
f 3506 3505 3358
f 3358 3505 3357
f 3358 3353 3501
f 3358 3501 3506
f 3507 3504 3356
f 3507 3356 3359
f 3508 3359 3360
f 3508 3507 3359
f 3509 3360 3361
f 3509 3508 3360
f 3510 3361 3362
f 3510 3509 3361
f 3511 3362 3363
f 3511 3510 3362
f 3512 3363 3364
f 3512 3511 3363
f 3513 3364 3365
f 3513 3512 3364
f 3514 3365 3366
f 3514 3513 3365
f 3515 3366 3367
f 3515 3514 3366
f 3516 3367 3368
f 3516 3515 3367
f 3517 3368 3369
f 3517 3516 3368
f 3518 3369 3370
f 3518 3517 3369
f 3519 3370 3371
f 3519 3518 3370
f 3520 3371 3372
f 3520 3519 3371
f 3521 3372 3373
f 3521 3520 3372
f 3522 3373 3374
f 3522 3521 3373
f 3523 3374 3375
f 3523 3522 3374
f 3524 3375 3376
f 3524 3523 3375
f 3525 3376 3377
f 3525 3524 3376
f 3526 3377 3378
f 3526 3525 3377
f 3527 3378 3379
f 3527 3526 3378
f 3528 3379 3380
f 3528 3527 3379
f 3529 3380 3381
f 3529 3528 3380
f 3530 3381 3382
f 3530 3529 3381
f 3531 3382 3383
f 3531 3530 3382
f 3532 3383 3384
f 3532 3531 3383
f 3533 3384 3385
f 3533 3532 3384
f 3534 3385 3386
f 3534 3533 3385
f 3535 3386 3387
f 3535 3534 3386
f 3536 3387 3388
f 3536 3535 3387
f 3537 3388 3389
f 3537 3536 3388
f 3538 3389 3390
f 3538 3537 3389
f 3539 3390 3391
f 3539 3538 3390
f 3540 3391 3392
f 3540 3539 3391
f 3541 3392 3393
f 3541 3540 3392
f 3542 3393 3394
f 3542 3541 3393
f 3543 3394 3395
f 3543 3542 3394
f 3544 3395 3396
f 3544 3543 3395
f 3396 3357 3505
f 3396 3505 3544
f 3546 3545 3397
f 3546 3397 3398
f 3397 3547 3399
f 3545 3547 3397
f 3399 3548 3400
f 3547 3548 3399
f 3400 3549 3401
f 3548 3549 3400
f 3401 3550 3402
f 3549 3550 3401
f 3402 3551 3403
f 3550 3551 3402
f 3403 3552 3404
f 3551 3552 3403
f 3404 3553 3405
f 3552 3553 3404
f 3405 3554 3406
f 3553 3554 3405
f 3406 3555 3407
f 3554 3555 3406
f 3407 3556 3408
f 3555 3556 3407
f 3408 3557 3409
f 3556 3557 3408
f 3409 3558 3410
f 3557 3558 3409
f 3410 3559 3411
f 3558 3559 3410
f 3411 3560 3412
f 3559 3560 3411
f 3412 3561 3413
f 3560 3561 3412
f 3413 3562 3414
f 3561 3562 3413
f 3414 3563 3415
f 3562 3563 3414
f 3415 3564 3416
f 3563 3564 3415
f 3416 3565 3417
f 3564 3565 3416
f 3417 3566 3418
f 3565 3566 3417
f 3418 3567 3419
f 3566 3567 3418
f 3419 3568 3420
f 3567 3568 3419
f 3420 3569 3421
f 3568 3569 3420
f 3421 3570 3422
f 3569 3570 3421
f 3422 3571 3423
f 3570 3571 3422
f 3423 3572 3424
f 3571 3572 3423
f 3424 3573 3425
f 3572 3573 3424
f 3425 3574 3426
f 3573 3574 3425
f 3426 3575 3427
f 3574 3575 3426
f 3427 3576 3428
f 3575 3576 3427
f 3428 3577 3429
f 3576 3577 3428
f 3429 3578 3430
f 3577 3578 3429
f 3430 3579 3431
f 3578 3579 3430
f 3431 3580 3432
f 3579 3580 3431
f 3432 3581 3433
f 3580 3581 3432
f 3433 3582 3434
f 3581 3582 3433
f 3434 3583 3435
f 3582 3583 3434
f 3436 3435 3583
f 3436 3583 3584
f 3586 3585 3437
f 3586 3437 3438
f 3398 3437 3546
f 3546 3437 3585
f 3584 3587 3436
f 3436 3587 3439
f 3440 3439 3587
f 3440 3587 3588
f 3590 3589 3441
f 3590 3441 3442
f 3438 3441 3586
f 3586 3441 3589
f 3588 3591 3440
f 3440 3591 3443
f 3444 3443 3591
f 3444 3591 3592
f 3445 3590 3442
f 3445 3593 3590
f 3592 3446 3444
f 3594 3446 3592
f 3447 3593 3445
f 3447 3595 3593
f 3594 3448 3446
f 3596 3448 3594
f 3449 3595 3447
f 3449 3597 3595
f 3596 3450 3448
f 3598 3450 3596
f 3451 3597 3449
f 3451 3599 3597
f 3598 3452 3450
f 3600 3452 3598
f 3453 3599 3451
f 3453 3601 3599
f 3600 3454 3452
f 3602 3454 3600
f 3455 3601 3453
f 3455 3603 3601
f 3602 3456 3454
f 3604 3456 3602
f 3457 3603 3455
f 3457 3605 3603
f 3604 3458 3456
f 3606 3458 3604
f 3459 3605 3457
f 3459 3607 3605
f 3606 3460 3458
f 3608 3460 3606
f 3461 3607 3459
f 3461 3609 3607
f 3608 3462 3460
f 3610 3462 3608
f 3463 3609 3461
f 3463 3611 3609
f 3610 3464 3462
f 3612 3464 3610
f 3465 3611 3463
f 3465 3613 3611
f 3612 3466 3464
f 3614 3466 3612
f 3467 3613 3465
f 3467 3615 3613
f 3614 3468 3466
f 3616 3468 3614
f 3469 3615 3467
f 3469 3617 3615
f 3616 3470 3468
f 3618 3470 3616
f 3471 3617 3469
f 3471 3619 3617
f 3618 3472 3470
f 3620 3472 3618
f 3473 3619 3471
f 3473 3621 3619
f 3620 3474 3472
f 3622 3474 3620
f 3475 3621 3473
f 3475 3623 3621
f 3622 3476 3474
f 3624 3476 3622
f 3477 3623 3475
f 3477 3625 3623
f 3624 3478 3476
f 3626 3478 3624
f 3479 3625 3477
f 3479 3627 3625
f 3626 3480 3478
f 3628 3480 3626
f 3481 3627 3479
f 3481 3629 3627
f 3628 3482 3480
f 3630 3482 3628
f 3483 3629 3481
f 3483 3631 3629
f 3630 3484 3482
f 3632 3484 3630
f 3485 3631 3483
f 3485 3633 3631
f 3632 3486 3484
f 3634 3486 3632
f 3487 3633 3485
f 3487 3635 3633
f 3634 3488 3486
f 3636 3488 3634
f 3489 3635 3487
f 3489 3637 3635
f 3636 3490 3488
f 3638 3490 3636
f 3491 3637 3489
f 3491 3639 3637
f 3638 3492 3490
f 3640 3492 3638
f 3493 3639 3491
f 3493 3641 3639
f 3640 3494 3492
f 3642 3494 3640
f 3495 3641 3493
f 3495 3643 3641
f 3642 3496 3494
f 3644 3496 3642
f 3497 3643 3495
f 3497 3645 3643
f 3644 3498 3496
f 3646 3498 3644
f 3647 3645 3497
f 3647 3497 3499
f 3499 3500 3647
f 3647 3500 3648
f 3650 3649 3502
f 3502 3649 3501
f 3502 3498 3646
f 3502 3646 3650
f 3651 3648 3500
f 3651 3500 3503
f 3503 3504 3651
f 3651 3504 3652
f 3654 3653 3506
f 3506 3653 3505
f 3506 3501 3649
f 3506 3649 3654
f 3655 3652 3504
f 3655 3504 3507
f 3656 3507 3508
f 3656 3655 3507
f 3657 3508 3509
f 3657 3656 3508
f 3658 3509 3510
f 3658 3657 3509
f 3659 3510 3511
f 3659 3658 3510
f 3660 3511 3512
f 3660 3659 3511
f 3661 3512 3513
f 3661 3660 3512
f 3662 3513 3514
f 3662 3661 3513
f 3663 3514 3515
f 3663 3662 3514
f 3664 3515 3516
f 3664 3663 3515
f 3665 3516 3517
f 3665 3664 3516
f 3666 3517 3518
f 3666 3665 3517
f 3667 3518 3519
f 3667 3666 3518
f 3668 3519 3520
f 3668 3667 3519
f 3669 3520 3521
f 3669 3668 3520
f 3670 3521 3522
f 3670 3669 3521
f 3671 3522 3523
f 3671 3670 3522
f 3672 3523 3524
f 3672 3671 3523
f 3673 3524 3525
f 3673 3672 3524
f 3674 3525 3526
f 3674 3673 3525
f 3675 3526 3527
f 3675 3674 3526
f 3676 3527 3528
f 3676 3675 3527
f 3677 3528 3529
f 3677 3676 3528
f 3678 3529 3530
f 3678 3677 3529
f 3679 3530 3531
f 3679 3678 3530
f 3680 3531 3532
f 3680 3679 3531
f 3681 3532 3533
f 3681 3680 3532
f 3682 3533 3534
f 3682 3681 3533
f 3683 3534 3535
f 3683 3682 3534
f 3684 3535 3536
f 3684 3683 3535
f 3685 3536 3537
f 3685 3684 3536
f 3686 3537 3538
f 3686 3685 3537
f 3687 3538 3539
f 3687 3686 3538
f 3688 3539 3540
f 3688 3687 3539
f 3689 3540 3541
f 3689 3688 3540
f 3690 3541 3542
f 3690 3689 3541
f 3691 3542 3543
f 3691 3690 3542
f 3692 3543 3544
f 3692 3691 3543
f 3544 3505 3653
f 3544 3653 3692
f 3694 3693 3545
f 3694 3545 3546
f 3545 3695 3547
f 3693 3695 3545
f 3547 3696 3548
f 3695 3696 3547
f 3548 3697 3549
f 3696 3697 3548
f 3549 3698 3550
f 3697 3698 3549
f 3550 3699 3551
f 3698 3699 3550
f 3551 3700 3552
f 3699 3700 3551
f 3552 3701 3553
f 3700 3701 3552
f 3553 3702 3554
f 3701 3702 3553
f 3554 3703 3555
f 3702 3703 3554
f 3555 3704 3556
f 3703 3704 3555
f 3556 3705 3557
f 3704 3705 3556
f 3557 3706 3558
f 3705 3706 3557
f 3558 3707 3559
f 3706 3707 3558
f 3559 3708 3560
f 3707 3708 3559
f 3560 3709 3561
f 3708 3709 3560
f 3561 3710 3562
f 3709 3710 3561
f 3562 3711 3563
f 3710 3711 3562
f 3563 3712 3564
f 3711 3712 3563
f 3564 3713 3565
f 3712 3713 3564
f 3565 3714 3566
f 3713 3714 3565
f 3566 3715 3567
f 3714 3715 3566
f 3567 3716 3568
f 3715 3716 3567
f 3568 3717 3569
f 3716 3717 3568
f 3569 3718 3570
f 3717 3718 3569
f 3570 3719 3571
f 3718 3719 3570
f 3571 3720 3572
f 3719 3720 3571
f 3572 3721 3573
f 3720 3721 3572
f 3573 3722 3574
f 3721 3722 3573
f 3574 3723 3575
f 3722 3723 3574
f 3575 3724 3576
f 3723 3724 3575
f 3576 3725 3577
f 3724 3725 3576
f 3577 3726 3578
f 3725 3726 3577
f 3578 3727 3579
f 3726 3727 3578
f 3579 3728 3580
f 3727 3728 3579
f 3580 3729 3581
f 3728 3729 3580
f 3581 3730 3582
f 3729 3730 3581
f 3582 3731 3583
f 3730 3731 3582
f 3584 3583 3731
f 3584 3731 3732
f 3734 3733 3585
f 3734 3585 3586
f 3546 3585 3694
f 3694 3585 3733
f 3732 3735 3584
f 3584 3735 3587
f 3588 3587 3735
f 3588 3735 3736
f 3738 3737 3589
f 3738 3589 3590
f 3586 3589 3734
f 3734 3589 3737
f 3736 3739 3588
f 3588 3739 3591
f 3592 3591 3739
f 3592 3739 3740
f 3593 3738 3590
f 3593 3741 3738
f 3740 3594 3592
f 3742 3594 3740
f 3595 3741 3593
f 3595 3743 3741
f 3742 3596 3594
f 3744 3596 3742
f 3597 3743 3595
f 3597 3745 3743
f 3744 3598 3596
f 3746 3598 3744
f 3599 3745 3597
f 3599 3747 3745
f 3746 3600 3598
f 3748 3600 3746
f 3601 3747 3599
f 3601 3749 3747
f 3748 3602 3600
f 3750 3602 3748
f 3603 3749 3601
f 3603 3751 3749
f 3750 3604 3602
f 3752 3604 3750
f 3605 3751 3603
f 3605 3753 3751
f 3752 3606 3604
f 3754 3606 3752
f 3607 3753 3605
f 3607 3755 3753
f 3754 3608 3606
f 3756 3608 3754
f 3609 3755 3607
f 3609 3757 3755
f 3756 3610 3608
f 3758 3610 3756
f 3611 3757 3609
f 3611 3759 3757
f 3758 3612 3610
f 3760 3612 3758
f 3613 3759 3611
f 3613 3761 3759
f 3760 3614 3612
f 3762 3614 3760
f 3615 3761 3613
f 3615 3763 3761
f 3762 3616 3614
f 3764 3616 3762
f 3617 3763 3615
f 3617 3765 3763
f 3764 3618 3616
f 3766 3618 3764
f 3619 3765 3617
f 3619 3767 3765
f 3766 3620 3618
f 3768 3620 3766
f 3621 3767 3619
f 3621 3769 3767
f 3768 3622 3620
f 3770 3622 3768
f 3623 3769 3621
f 3623 3771 3769
f 3770 3624 3622
f 3772 3624 3770
f 3625 3771 3623
f 3625 3773 3771
f 3772 3626 3624
f 3774 3626 3772
f 3627 3773 3625
f 3627 3775 3773
f 3774 3628 3626
f 3776 3628 3774
f 3629 3775 3627
f 3629 3777 3775
f 3776 3630 3628
f 3778 3630 3776
f 3631 3777 3629
f 3631 3779 3777
f 3778 3632 3630
f 3780 3632 3778
f 3633 3779 3631
f 3633 3781 3779
f 3780 3634 3632
f 3782 3634 3780
f 3635 3781 3633
f 3635 3783 3781
f 3782 3636 3634
f 3784 3636 3782
f 3637 3783 3635
f 3637 3785 3783
f 3784 3638 3636
f 3786 3638 3784
f 3639 3785 3637
f 3639 3787 3785
f 3786 3640 3638
f 3788 3640 3786
f 3641 3787 3639
f 3641 3789 3787
f 3788 3642 3640
f 3790 3642 3788
f 3643 3789 3641
f 3643 3791 3789
f 3790 3644 3642
f 3792 3644 3790
f 3645 3791 3643
f 3645 3793 3791
f 3792 3646 3644
f 3794 3646 3792
f 3795 3793 3645
f 3795 3645 3647
f 3647 3648 3795
f 3795 3648 3796
f 3798 3797 3650
f 3650 3797 3649
f 3650 3646 3794
f 3650 3794 3798
f 3799 3796 3648
f 3799 3648 3651
f 3651 3652 3799
f 3799 3652 3800
f 3802 3801 3654
f 3654 3801 3653
f 3654 3649 3797
f 3654 3797 3802
f 3803 3800 3652
f 3803 3652 3655
f 3804 3655 3656
f 3804 3803 3655
f 3805 3656 3657
f 3805 3804 3656
f 3806 3657 3658
f 3806 3805 3657
f 3807 3658 3659
f 3807 3806 3658
f 3808 3659 3660
f 3808 3807 3659
f 3809 3660 3661
f 3809 3808 3660
f 3810 3661 3662
f 3810 3809 3661
f 3811 3662 3663
f 3811 3810 3662
f 3812 3663 3664
f 3812 3811 3663
f 3813 3664 3665
f 3813 3812 3664
f 3814 3665 3666
f 3814 3813 3665
f 3815 3666 3667
f 3815 3814 3666
f 3816 3667 3668
f 3816 3815 3667
f 3817 3668 3669
f 3817 3816 3668
f 3818 3669 3670
f 3818 3817 3669
f 3819 3670 3671
f 3819 3818 3670
f 3820 3671 3672
f 3820 3819 3671
f 3821 3672 3673
f 3821 3820 3672
f 3822 3673 3674
f 3822 3821 3673
f 3823 3674 3675
f 3823 3822 3674
f 3824 3675 3676
f 3824 3823 3675
f 3825 3676 3677
f 3825 3824 3676
f 3826 3677 3678
f 3826 3825 3677
f 3827 3678 3679
f 3827 3826 3678
f 3828 3679 3680
f 3828 3827 3679
f 3829 3680 3681
f 3829 3828 3680
f 3830 3681 3682
f 3830 3829 3681
f 3831 3682 3683
f 3831 3830 3682
f 3832 3683 3684
f 3832 3831 3683
f 3833 3684 3685
f 3833 3832 3684
f 3834 3685 3686
f 3834 3833 3685
f 3835 3686 3687
f 3835 3834 3686
f 3836 3687 3688
f 3836 3835 3687
f 3837 3688 3689
f 3837 3836 3688
f 3838 3689 3690
f 3838 3837 3689
f 3839 3690 3691
f 3839 3838 3690
f 3840 3691 3692
f 3840 3839 3691
f 3692 3653 3801
f 3692 3801 3840
f 3842 3841 3693
f 3842 3693 3694
f 3693 3843 3695
f 3841 3843 3693
f 3695 3844 3696
f 3843 3844 3695
f 3696 3845 3697
f 3844 3845 3696
f 3697 3846 3698
f 3845 3846 3697
f 3698 3847 3699
f 3846 3847 3698
f 3699 3848 3700
f 3847 3848 3699
f 3700 3849 3701
f 3848 3849 3700
f 3701 3850 3702
f 3849 3850 3701
f 3702 3851 3703
f 3850 3851 3702
f 3703 3852 3704
f 3851 3852 3703
f 3704 3853 3705
f 3852 3853 3704
f 3705 3854 3706
f 3853 3854 3705
f 3706 3855 3707
f 3854 3855 3706
f 3707 3856 3708
f 3855 3856 3707
f 3708 3857 3709
f 3856 3857 3708
f 3709 3858 3710
f 3857 3858 3709
f 3710 3859 3711
f 3858 3859 3710
f 3711 3860 3712
f 3859 3860 3711
f 3712 3861 3713
f 3860 3861 3712
f 3713 3862 3714
f 3861 3862 3713
f 3714 3863 3715
f 3862 3863 3714
f 3715 3864 3716
f 3863 3864 3715
f 3716 3865 3717
f 3864 3865 3716
f 3717 3866 3718
f 3865 3866 3717
f 3718 3867 3719
f 3866 3867 3718
f 3719 3868 3720
f 3867 3868 3719
f 3720 3869 3721
f 3868 3869 3720
f 3721 3870 3722
f 3869 3870 3721
f 3722 3871 3723
f 3870 3871 3722
f 3723 3872 3724
f 3871 3872 3723
f 3724 3873 3725
f 3872 3873 3724
f 3725 3874 3726
f 3873 3874 3725
f 3726 3875 3727
f 3874 3875 3726
f 3727 3876 3728
f 3875 3876 3727
f 3728 3877 3729
f 3876 3877 3728
f 3729 3878 3730
f 3877 3878 3729
f 3730 3879 3731
f 3878 3879 3730
f 3732 3731 3879
f 3732 3879 3880
f 3882 3881 3733
f 3882 3733 3734
f 3694 3733 3842
f 3842 3733 3881
f 3880 3883 3732
f 3732 3883 3735
f 3736 3735 3883
f 3736 3883 3884
f 3886 3885 3737
f 3886 3737 3738
f 3734 3737 3882
f 3882 3737 3885
f 3884 3887 3736
f 3736 3887 3739
f 3740 3739 3887
f 3740 3887 3888
f 3741 3886 3738
f 3741 3889 3886
f 3888 3742 3740
f 3890 3742 3888
f 3743 3889 3741
f 3743 3891 3889
f 3890 3744 3742
f 3892 3744 3890
f 3745 3891 3743
f 3745 3893 3891
f 3892 3746 3744
f 3894 3746 3892
f 3747 3893 3745
f 3747 3895 3893
f 3894 3748 3746
f 3896 3748 3894
f 3749 3895 3747
f 3749 3897 3895
f 3896 3750 3748
f 3898 3750 3896
f 3751 3897 3749
f 3751 3899 3897
f 3898 3752 3750
f 3900 3752 3898
f 3753 3899 3751
f 3753 3901 3899
f 3900 3754 3752
f 3902 3754 3900
f 3755 3901 3753
f 3755 3903 3901
f 3902 3756 3754
f 3904 3756 3902
f 3757 3903 3755
f 3757 3905 3903
f 3904 3758 3756
f 3906 3758 3904
f 3759 3905 3757
f 3759 3907 3905
f 3906 3760 3758
f 3908 3760 3906
f 3761 3907 3759
f 3761 3909 3907
f 3908 3762 3760
f 3910 3762 3908
f 3763 3909 3761
f 3763 3911 3909
f 3910 3764 3762
f 3912 3764 3910
f 3765 3911 3763
f 3765 3913 3911
f 3912 3766 3764
f 3914 3766 3912
f 3767 3913 3765
f 3767 3915 3913
f 3914 3768 3766
f 3916 3768 3914
f 3769 3915 3767
f 3769 3917 3915
f 3916 3770 3768
f 3918 3770 3916
f 3771 3917 3769
f 3771 3919 3917
f 3918 3772 3770
f 3920 3772 3918
f 3773 3919 3771
f 3773 3921 3919
f 3920 3774 3772
f 3922 3774 3920
f 3775 3921 3773
f 3775 3923 3921
f 3922 3776 3774
f 3924 3776 3922
f 3777 3923 3775
f 3777 3925 3923
f 3924 3778 3776
f 3926 3778 3924
f 3779 3925 3777
f 3779 3927 3925
f 3926 3780 3778
f 3928 3780 3926
f 3781 3927 3779
f 3781 3929 3927
f 3928 3782 3780
f 3930 3782 3928
f 3783 3929 3781
f 3783 3931 3929
f 3930 3784 3782
f 3932 3784 3930
f 3785 3931 3783
f 3785 3933 3931
f 3932 3786 3784
f 3934 3786 3932
f 3787 3933 3785
f 3787 3935 3933
f 3934 3788 3786
f 3936 3788 3934
f 3789 3935 3787
f 3789 3937 3935
f 3936 3790 3788
f 3938 3790 3936
f 3791 3937 3789
f 3791 3939 3937
f 3938 3792 3790
f 3940 3792 3938
f 3793 3939 3791
f 3793 3941 3939
f 3940 3794 3792
f 3942 3794 3940
f 3943 3941 3793
f 3943 3793 3795
f 3795 3796 3943
f 3943 3796 3944
f 3946 3945 3798
f 3798 3945 3797
f 3798 3794 3942
f 3798 3942 3946
f 3947 3944 3796
f 3947 3796 3799
f 3799 3800 3947
f 3947 3800 3948
f 3950 3949 3802
f 3802 3949 3801
f 3802 3797 3945
f 3802 3945 3950
f 3951 3948 3800
f 3951 3800 3803
f 3952 3803 3804
f 3952 3951 3803
f 3953 3804 3805
f 3953 3952 3804
f 3954 3805 3806
f 3954 3953 3805
f 3955 3806 3807
f 3955 3954 3806
f 3956 3807 3808
f 3956 3955 3807
f 3957 3808 3809
f 3957 3956 3808
f 3958 3809 3810
f 3958 3957 3809
f 3959 3810 3811
f 3959 3958 3810
f 3960 3811 3812
f 3960 3959 3811
f 3961 3812 3813
f 3961 3960 3812
f 3962 3813 3814
f 3962 3961 3813
f 3963 3814 3815
f 3963 3962 3814
f 3964 3815 3816
f 3964 3963 3815
f 3965 3816 3817
f 3965 3964 3816
f 3966 3817 3818
f 3966 3965 3817
f 3967 3818 3819
f 3967 3966 3818
f 3968 3819 3820
f 3968 3967 3819
f 3969 3820 3821
f 3969 3968 3820
f 3970 3821 3822
f 3970 3969 3821
f 3971 3822 3823
f 3971 3970 3822
f 3972 3823 3824
f 3972 3971 3823
f 3973 3824 3825
f 3973 3972 3824
f 3974 3825 3826
f 3974 3973 3825
f 3975 3826 3827
f 3975 3974 3826
f 3976 3827 3828
f 3976 3975 3827
f 3977 3828 3829
f 3977 3976 3828
f 3978 3829 3830
f 3978 3977 3829
f 3979 3830 3831
f 3979 3978 3830
f 3980 3831 3832
f 3980 3979 3831
f 3981 3832 3833
f 3981 3980 3832
f 3982 3833 3834
f 3982 3981 3833
f 3983 3834 3835
f 3983 3982 3834
f 3984 3835 3836
f 3984 3983 3835
f 3985 3836 3837
f 3985 3984 3836
f 3986 3837 3838
f 3986 3985 3837
f 3987 3838 3839
f 3987 3986 3838
f 3988 3839 3840
f 3988 3987 3839
f 3840 3801 3949
f 3840 3949 3988
f 3990 3989 3841
f 3990 3841 3842
f 3841 3991 3843
f 3989 3991 3841
f 3843 3992 3844
f 3991 3992 3843
f 3844 3993 3845
f 3992 3993 3844
f 3845 3994 3846
f 3993 3994 3845
f 3846 3995 3847
f 3994 3995 3846
f 3847 3996 3848
f 3995 3996 3847
f 3848 3997 3849
f 3996 3997 3848
f 3849 3998 3850
f 3997 3998 3849
f 3850 3999 3851
f 3998 3999 3850
f 3851 4000 3852
f 3999 4000 3851
f 3852 4001 3853
f 4000 4001 3852
f 3853 4002 3854
f 4001 4002 3853
f 3854 4003 3855
f 4002 4003 3854
f 3855 4004 3856
f 4003 4004 3855
f 3856 4005 3857
f 4004 4005 3856
f 3857 4006 3858
f 4005 4006 3857
f 3858 4007 3859
f 4006 4007 3858
f 3859 4008 3860
f 4007 4008 3859
f 3860 4009 3861
f 4008 4009 3860
f 3861 4010 3862
f 4009 4010 3861
f 3862 4011 3863
f 4010 4011 3862
f 3863 4012 3864
f 4011 4012 3863
f 3864 4013 3865
f 4012 4013 3864
f 3865 4014 3866
f 4013 4014 3865
f 3866 4015 3867
f 4014 4015 3866
f 3867 4016 3868
f 4015 4016 3867
f 3868 4017 3869
f 4016 4017 3868
f 3869 4018 3870
f 4017 4018 3869
f 3870 4019 3871
f 4018 4019 3870
f 3871 4020 3872
f 4019 4020 3871
f 3872 4021 3873
f 4020 4021 3872
f 3873 4022 3874
f 4021 4022 3873
f 3874 4023 3875
f 4022 4023 3874
f 3875 4024 3876
f 4023 4024 3875
f 3876 4025 3877
f 4024 4025 3876
f 3877 4026 3878
f 4025 4026 3877
f 3878 4027 3879
f 4026 4027 3878
f 3880 3879 4027
f 3880 4027 4028
f 4030 4029 3881
f 4030 3881 3882
f 3842 3881 3990
f 3990 3881 4029
f 4028 4031 3880
f 3880 4031 3883
f 3884 3883 4031
f 3884 4031 4032
f 4034 4033 3885
f 4034 3885 3886
f 3882 3885 4030
f 4030 3885 4033
f 4032 4035 3884
f 3884 4035 3887
f 3888 3887 4035
f 3888 4035 4036
f 3889 4034 3886
f 3889 4037 4034
f 4036 3890 3888
f 4038 3890 4036
f 3891 4037 3889
f 3891 4039 4037
f 4038 3892 3890
f 4040 3892 4038
f 3893 4039 3891
f 3893 4041 4039
f 4040 3894 3892
f 4042 3894 4040
f 3895 4041 3893
f 3895 4043 4041
f 4042 3896 3894
f 4044 3896 4042
f 3897 4043 3895
f 3897 4045 4043
f 4044 3898 3896
f 4046 3898 4044
f 3899 4045 3897
f 3899 4047 4045
f 4046 3900 3898
f 4048 3900 4046
f 3901 4047 3899
f 3901 4049 4047
f 4048 3902 3900
f 4050 3902 4048
f 3903 4049 3901
f 3903 4051 4049
f 4050 3904 3902
f 4052 3904 4050
f 3905 4051 3903
f 3905 4053 4051
f 4052 3906 3904
f 4054 3906 4052
f 3907 4053 3905
f 3907 4055 4053
f 4054 3908 3906
f 4056 3908 4054
f 3909 4055 3907
f 3909 4057 4055
f 4056 3910 3908
f 4058 3910 4056
f 3911 4057 3909
f 3911 4059 4057
f 4058 3912 3910
f 4060 3912 4058
f 3913 4059 3911
f 3913 4061 4059
f 4060 3914 3912
f 4062 3914 4060
f 3915 4061 3913
f 3915 4063 4061
f 4062 3916 3914
f 4064 3916 4062
f 3917 4063 3915
f 3917 4065 4063
f 4064 3918 3916
f 4066 3918 4064
f 3919 4065 3917
f 3919 4067 4065
f 4066 3920 3918
f 4068 3920 4066
f 3921 4067 3919
f 3921 4069 4067
f 4068 3922 3920
f 4070 3922 4068
f 3923 4069 3921
f 3923 4071 4069
f 4070 3924 3922
f 4072 3924 4070
f 3925 4071 3923
f 3925 4073 4071
f 4072 3926 3924
f 4074 3926 4072
f 3927 4073 3925
f 3927 4075 4073
f 4074 3928 3926
f 4076 3928 4074
f 3929 4075 3927
f 3929 4077 4075
f 4076 3930 3928
f 4078 3930 4076
f 3931 4077 3929
f 3931 4079 4077
f 4078 3932 3930
f 4080 3932 4078
f 3933 4079 3931
f 3933 4081 4079
f 4080 3934 3932
f 4082 3934 4080
f 3935 4081 3933
f 3935 4083 4081
f 4082 3936 3934
f 4084 3936 4082
f 3937 4083 3935
f 3937 4085 4083
f 4084 3938 3936
f 4086 3938 4084
f 3939 4085 3937
f 3939 4087 4085
f 4086 3940 3938
f 4088 3940 4086
f 3941 4087 3939
f 3941 4089 4087
f 4088 3942 3940
f 4090 3942 4088
f 4091 4089 3941
f 4091 3941 3943
f 3943 3944 4091
f 4091 3944 4092
f 4094 4093 3946
f 3946 4093 3945
f 3946 3942 4090
f 3946 4090 4094
f 4095 4092 3944
f 4095 3944 3947
f 3947 3948 4095
f 4095 3948 4096
f 4098 4097 3950
f 3950 4097 3949
f 3950 3945 4093
f 3950 4093 4098
f 4099 4096 3948
f 4099 3948 3951
f 4100 3951 3952
f 4100 4099 3951
f 4101 3952 3953
f 4101 4100 3952
f 4102 3953 3954
f 4102 4101 3953
f 4103 3954 3955
f 4103 4102 3954
f 4104 3955 3956
f 4104 4103 3955
f 4105 3956 3957
f 4105 4104 3956
f 4106 3957 3958
f 4106 4105 3957
f 4107 3958 3959
f 4107 4106 3958
f 4108 3959 3960
f 4108 4107 3959
f 4109 3960 3961
f 4109 4108 3960
f 4110 3961 3962
f 4110 4109 3961
f 4111 3962 3963
f 4111 4110 3962
f 4112 3963 3964
f 4112 4111 3963
f 4113 3964 3965
f 4113 4112 3964
f 4114 3965 3966
f 4114 4113 3965
f 4115 3966 3967
f 4115 4114 3966
f 4116 3967 3968
f 4116 4115 3967
f 4117 3968 3969
f 4117 4116 3968
f 4118 3969 3970
f 4118 4117 3969
f 4119 3970 3971
f 4119 4118 3970
f 4120 3971 3972
f 4120 4119 3971
f 4121 3972 3973
f 4121 4120 3972
f 4122 3973 3974
f 4122 4121 3973
f 4123 3974 3975
f 4123 4122 3974
f 4124 3975 3976
f 4124 4123 3975
f 4125 3976 3977
f 4125 4124 3976
f 4126 3977 3978
f 4126 4125 3977
f 4127 3978 3979
f 4127 4126 3978
f 4128 3979 3980
f 4128 4127 3979
f 4129 3980 3981
f 4129 4128 3980
f 4130 3981 3982
f 4130 4129 3981
f 4131 3982 3983
f 4131 4130 3982
f 4132 3983 3984
f 4132 4131 3983
f 4133 3984 3985
f 4133 4132 3984
f 4134 3985 3986
f 4134 4133 3985
f 4135 3986 3987
f 4135 4134 3986
f 4136 3987 3988
f 4136 4135 3987
f 3988 3949 4097
f 3988 4097 4136
f 4138 4137 3989
f 4138 3989 3990
f 3989 4139 3991
f 4137 4139 3989
f 3991 4140 3992
f 4139 4140 3991
f 3992 4141 3993
f 4140 4141 3992
f 3993 4142 3994
f 4141 4142 3993
f 3994 4143 3995
f 4142 4143 3994
f 3995 4144 3996
f 4143 4144 3995
f 3996 4145 3997
f 4144 4145 3996
f 3997 4146 3998
f 4145 4146 3997
f 3998 4147 3999
f 4146 4147 3998
f 3999 4148 4000
f 4147 4148 3999
f 4000 4149 4001
f 4148 4149 4000
f 4001 4150 4002
f 4149 4150 4001
f 4002 4151 4003
f 4150 4151 4002
f 4003 4152 4004
f 4151 4152 4003
f 4004 4153 4005
f 4152 4153 4004
f 4005 4154 4006
f 4153 4154 4005
f 4006 4155 4007
f 4154 4155 4006
f 4007 4156 4008
f 4155 4156 4007
f 4008 4157 4009
f 4156 4157 4008
f 4009 4158 4010
f 4157 4158 4009
f 4010 4159 4011
f 4158 4159 4010
f 4011 4160 4012
f 4159 4160 4011
f 4012 4161 4013
f 4160 4161 4012
f 4013 4162 4014
f 4161 4162 4013
f 4014 4163 4015
f 4162 4163 4014
f 4015 4164 4016
f 4163 4164 4015
f 4016 4165 4017
f 4164 4165 4016
f 4017 4166 4018
f 4165 4166 4017
f 4018 4167 4019
f 4166 4167 4018
f 4019 4168 4020
f 4167 4168 4019
f 4020 4169 4021
f 4168 4169 4020
f 4021 4170 4022
f 4169 4170 4021
f 4022 4171 4023
f 4170 4171 4022
f 4023 4172 4024
f 4171 4172 4023
f 4024 4173 4025
f 4172 4173 4024
f 4025 4174 4026
f 4173 4174 4025
f 4026 4175 4027
f 4174 4175 4026
f 4028 4027 4175
f 4028 4175 4176
f 4178 4177 4029
f 4178 4029 4030
f 3990 4029 4138
f 4138 4029 4177
f 4176 4179 4028
f 4028 4179 4031
f 4032 4031 4179
f 4032 4179 4180
f 4182 4181 4033
f 4182 4033 4034
f 4030 4033 4178
f 4178 4033 4181
f 4180 4183 4032
f 4032 4183 4035
f 4036 4035 4183
f 4036 4183 4184
f 4037 4182 4034
f 4037 4185 4182
f 4184 4038 4036
f 4186 4038 4184
f 4039 4185 4037
f 4039 4187 4185
f 4186 4040 4038
f 4188 4040 4186
f 4041 4187 4039
f 4041 4189 4187
f 4188 4042 4040
f 4190 4042 4188
f 4043 4189 4041
f 4043 4191 4189
f 4190 4044 4042
f 4192 4044 4190
f 4045 4191 4043
f 4045 4193 4191
f 4192 4046 4044
f 4194 4046 4192
f 4047 4193 4045
f 4047 4195 4193
f 4194 4048 4046
f 4196 4048 4194
f 4049 4195 4047
f 4049 4197 4195
f 4196 4050 4048
f 4198 4050 4196
f 4051 4197 4049
f 4051 4199 4197
f 4198 4052 4050
f 4200 4052 4198
f 4053 4199 4051
f 4053 4201 4199
f 4200 4054 4052
f 4202 4054 4200
f 4055 4201 4053
f 4055 4203 4201
f 4202 4056 4054
f 4204 4056 4202
f 4057 4203 4055
f 4057 4205 4203
f 4204 4058 4056
f 4206 4058 4204
f 4059 4205 4057
f 4059 4207 4205
f 4206 4060 4058
f 4208 4060 4206
f 4061 4207 4059
f 4061 4209 4207
f 4208 4062 4060
f 4210 4062 4208
f 4063 4209 4061
f 4063 4211 4209
f 4210 4064 4062
f 4212 4064 4210
f 4065 4211 4063
f 4065 4213 4211
f 4212 4066 4064
f 4214 4066 4212
f 4067 4213 4065
f 4067 4215 4213
f 4214 4068 4066
f 4216 4068 4214
f 4069 4215 4067
f 4069 4217 4215
f 4216 4070 4068
f 4218 4070 4216
f 4071 4217 4069
f 4071 4219 4217
f 4218 4072 4070
f 4220 4072 4218
f 4073 4219 4071
f 4073 4221 4219
f 4220 4074 4072
f 4222 4074 4220
f 4075 4221 4073
f 4075 4223 4221
f 4222 4076 4074
f 4224 4076 4222
f 4077 4223 4075
f 4077 4225 4223
f 4224 4078 4076
f 4226 4078 4224
f 4079 4225 4077
f 4079 4227 4225
f 4226 4080 4078
f 4228 4080 4226
f 4081 4227 4079
f 4081 4229 4227
f 4228 4082 4080
f 4230 4082 4228
f 4083 4229 4081
f 4083 4231 4229
f 4230 4084 4082
f 4232 4084 4230
f 4085 4231 4083
f 4085 4233 4231
f 4232 4086 4084
f 4234 4086 4232
f 4087 4233 4085
f 4087 4235 4233
f 4234 4088 4086
f 4236 4088 4234
f 4089 4235 4087
f 4089 4237 4235
f 4236 4090 4088
f 4238 4090 4236
f 4239 4237 4089
f 4239 4089 4091
f 4091 4092 4239
f 4239 4092 4240
f 4242 4241 4094
f 4094 4241 4093
f 4094 4090 4238
f 4094 4238 4242
f 4243 4240 4092
f 4243 4092 4095
f 4095 4096 4243
f 4243 4096 4244
f 4246 4245 4098
f 4098 4245 4097
f 4098 4093 4241
f 4098 4241 4246
f 4247 4244 4096
f 4247 4096 4099
f 4248 4099 4100
f 4248 4247 4099
f 4249 4100 4101
f 4249 4248 4100
f 4250 4101 4102
f 4250 4249 4101
f 4251 4102 4103
f 4251 4250 4102
f 4252 4103 4104
f 4252 4251 4103
f 4253 4104 4105
f 4253 4252 4104
f 4254 4105 4106
f 4254 4253 4105
f 4255 4106 4107
f 4255 4254 4106
f 4256 4107 4108
f 4256 4255 4107
f 4257 4108 4109
f 4257 4256 4108
f 4258 4109 4110
f 4258 4257 4109
f 4259 4110 4111
f 4259 4258 4110
f 4260 4111 4112
f 4260 4259 4111
f 4261 4112 4113
f 4261 4260 4112
f 4262 4113 4114
f 4262 4261 4113
f 4263 4114 4115
f 4263 4262 4114
f 4264 4115 4116
f 4264 4263 4115
f 4265 4116 4117
f 4265 4264 4116
f 4266 4117 4118
f 4266 4265 4117
f 4267 4118 4119
f 4267 4266 4118
f 4268 4119 4120
f 4268 4267 4119
f 4269 4120 4121
f 4269 4268 4120
f 4270 4121 4122
f 4270 4269 4121
f 4271 4122 4123
f 4271 4270 4122
f 4272 4123 4124
f 4272 4271 4123
f 4273 4124 4125
f 4273 4272 4124
f 4274 4125 4126
f 4274 4273 4125
f 4275 4126 4127
f 4275 4274 4126
f 4276 4127 4128
f 4276 4275 4127
f 4277 4128 4129
f 4277 4276 4128
f 4278 4129 4130
f 4278 4277 4129
f 4279 4130 4131
f 4279 4278 4130
f 4280 4131 4132
f 4280 4279 4131
f 4281 4132 4133
f 4281 4280 4132
f 4282 4133 4134
f 4282 4281 4133
f 4283 4134 4135
f 4283 4282 4134
f 4284 4135 4136
f 4284 4283 4135
f 4136 4097 4245
f 4136 4245 4284
f 4286 4285 4137
f 4286 4137 4138
f 4137 4287 4139
f 4285 4287 4137
f 4139 4288 4140
f 4287 4288 4139
f 4140 4289 4141
f 4288 4289 4140
f 4141 4290 4142
f 4289 4290 4141
f 4142 4291 4143
f 4290 4291 4142
f 4143 4292 4144
f 4291 4292 4143
f 4144 4293 4145
f 4292 4293 4144
f 4145 4294 4146
f 4293 4294 4145
f 4146 4295 4147
f 4294 4295 4146
f 4147 4296 4148
f 4295 4296 4147
f 4148 4297 4149
f 4296 4297 4148
f 4149 4298 4150
f 4297 4298 4149
f 4150 4299 4151
f 4298 4299 4150
f 4151 4300 4152
f 4299 4300 4151
f 4152 4301 4153
f 4300 4301 4152
f 4153 4302 4154
f 4301 4302 4153
f 4154 4303 4155
f 4302 4303 4154
f 4155 4304 4156
f 4303 4304 4155
f 4156 4305 4157
f 4304 4305 4156
f 4157 4306 4158
f 4305 4306 4157
f 4158 4307 4159
f 4306 4307 4158
f 4159 4308 4160
f 4307 4308 4159
f 4160 4309 4161
f 4308 4309 4160
f 4161 4310 4162
f 4309 4310 4161
f 4162 4311 4163
f 4310 4311 4162
f 4163 4312 4164
f 4311 4312 4163
f 4164 4313 4165
f 4312 4313 4164
f 4165 4314 4166
f 4313 4314 4165
f 4166 4315 4167
f 4314 4315 4166
f 4167 4316 4168
f 4315 4316 4167
f 4168 4317 4169
f 4316 4317 4168
f 4169 4318 4170
f 4317 4318 4169
f 4170 4319 4171
f 4318 4319 4170
f 4171 4320 4172
f 4319 4320 4171
f 4172 4321 4173
f 4320 4321 4172
f 4173 4322 4174
f 4321 4322 4173
f 4174 4323 4175
f 4322 4323 4174
f 4176 4175 4323
f 4176 4323 4324
f 4326 4325 4177
f 4326 4177 4178
f 4138 4177 4286
f 4286 4177 4325
f 4324 4327 4176
f 4176 4327 4179
f 4180 4179 4327
f 4180 4327 4328
f 4330 4329 4181
f 4330 4181 4182
f 4178 4181 4326
f 4326 4181 4329
f 4328 4331 4180
f 4180 4331 4183
f 4184 4183 4331
f 4184 4331 4332
f 4185 4330 4182
f 4185 4333 4330
f 4332 4186 4184
f 4334 4186 4332
f 4187 4333 4185
f 4187 4335 4333
f 4334 4188 4186
f 4336 4188 4334
f 4189 4335 4187
f 4189 4337 4335
f 4336 4190 4188
f 4338 4190 4336
f 4191 4337 4189
f 4191 4339 4337
f 4338 4192 4190
f 4340 4192 4338
f 4193 4339 4191
f 4193 4341 4339
f 4340 4194 4192
f 4342 4194 4340
f 4195 4341 4193
f 4195 4343 4341
f 4342 4196 4194
f 4344 4196 4342
f 4197 4343 4195
f 4197 4345 4343
f 4344 4198 4196
f 4346 4198 4344
f 4199 4345 4197
f 4199 4347 4345
f 4346 4200 4198
f 4348 4200 4346
f 4201 4347 4199
f 4201 4349 4347
f 4348 4202 4200
f 4350 4202 4348
f 4203 4349 4201
f 4203 4351 4349
f 4350 4204 4202
f 4352 4204 4350
f 4205 4351 4203
f 4205 4353 4351
f 4352 4206 4204
f 4354 4206 4352
f 4207 4353 4205
f 4207 4355 4353
f 4354 4208 4206
f 4356 4208 4354
f 4209 4355 4207
f 4209 4357 4355
f 4356 4210 4208
f 4358 4210 4356
f 4211 4357 4209
f 4211 4359 4357
f 4358 4212 4210
f 4360 4212 4358
f 4213 4359 4211
f 4213 4361 4359
f 4360 4214 4212
f 4362 4214 4360
f 4215 4361 4213
f 4215 4363 4361
f 4362 4216 4214
f 4364 4216 4362
f 4217 4363 4215
f 4217 4365 4363
f 4364 4218 4216
f 4366 4218 4364
f 4219 4365 4217
f 4219 4367 4365
f 4366 4220 4218
f 4368 4220 4366
f 4221 4367 4219
f 4221 4369 4367
f 4368 4222 4220
f 4370 4222 4368
f 4223 4369 4221
f 4223 4371 4369
f 4370 4224 4222
f 4372 4224 4370
f 4225 4371 4223
f 4225 4373 4371
f 4372 4226 4224
f 4374 4226 4372
f 4227 4373 4225
f 4227 4375 4373
f 4374 4228 4226
f 4376 4228 4374
f 4229 4375 4227
f 4229 4377 4375
f 4376 4230 4228
f 4378 4230 4376
f 4231 4377 4229
f 4231 4379 4377
f 4378 4232 4230
f 4380 4232 4378
f 4233 4379 4231
f 4233 4381 4379
f 4380 4234 4232
f 4382 4234 4380
f 4235 4381 4233
f 4235 4383 4381
f 4382 4236 4234
f 4384 4236 4382
f 4237 4383 4235
f 4237 4385 4383
f 4384 4238 4236
f 4386 4238 4384
f 4387 4385 4237
f 4387 4237 4239
f 4239 4240 4387
f 4387 4240 4388
f 4390 4389 4242
f 4242 4389 4241
f 4242 4238 4386
f 4242 4386 4390
f 4391 4388 4240
f 4391 4240 4243
f 4243 4244 4391
f 4391 4244 4392
f 4394 4393 4246
f 4246 4393 4245
f 4246 4241 4389
f 4246 4389 4394
f 4395 4392 4244
f 4395 4244 4247
f 4396 4247 4248
f 4396 4395 4247
f 4397 4248 4249
f 4397 4396 4248
f 4398 4249 4250
f 4398 4397 4249
f 4399 4250 4251
f 4399 4398 4250
f 4400 4251 4252
f 4400 4399 4251
f 4401 4252 4253
f 4401 4400 4252
f 4402 4253 4254
f 4402 4401 4253
f 4403 4254 4255
f 4403 4402 4254
f 4404 4255 4256
f 4404 4403 4255
f 4405 4256 4257
f 4405 4404 4256
f 4406 4257 4258
f 4406 4405 4257
f 4407 4258 4259
f 4407 4406 4258
f 4408 4259 4260
f 4408 4407 4259
f 4409 4260 4261
f 4409 4408 4260
f 4410 4261 4262
f 4410 4409 4261
f 4411 4262 4263
f 4411 4410 4262
f 4412 4263 4264
f 4412 4411 4263
f 4413 4264 4265
f 4413 4412 4264
f 4414 4265 4266
f 4414 4413 4265
f 4415 4266 4267
f 4415 4414 4266
f 4416 4267 4268
f 4416 4415 4267
f 4417 4268 4269
f 4417 4416 4268
f 4418 4269 4270
f 4418 4417 4269
f 4419 4270 4271
f 4419 4418 4270
f 4420 4271 4272
f 4420 4419 4271
f 4421 4272 4273
f 4421 4420 4272
f 4422 4273 4274
f 4422 4421 4273
f 4423 4274 4275
f 4423 4422 4274
f 4424 4275 4276
f 4424 4423 4275
f 4425 4276 4277
f 4425 4424 4276
f 4426 4277 4278
f 4426 4425 4277
f 4427 4278 4279
f 4427 4426 4278
f 4428 4279 4280
f 4428 4427 4279
f 4429 4280 4281
f 4429 4428 4280
f 4430 4281 4282
f 4430 4429 4281
f 4431 4282 4283
f 4431 4430 4282
f 4432 4283 4284
f 4432 4431 4283
f 4284 4245 4393
f 4284 4393 4432
f 4434 4433 4285
f 4434 4285 4286
f 4285 4435 4287
f 4433 4435 4285
f 4287 4436 4288
f 4435 4436 4287
f 4288 4437 4289
f 4436 4437 4288
f 4289 4438 4290
f 4437 4438 4289
f 4290 4439 4291
f 4438 4439 4290
f 4291 4440 4292
f 4439 4440 4291
f 4292 4441 4293
f 4440 4441 4292
f 4293 4442 4294
f 4441 4442 4293
f 4294 4443 4295
f 4442 4443 4294
f 4295 4444 4296
f 4443 4444 4295
f 4296 4445 4297
f 4444 4445 4296
f 4297 4446 4298
f 4445 4446 4297
f 4298 4447 4299
f 4446 4447 4298
f 4299 4448 4300
f 4447 4448 4299
f 4300 4449 4301
f 4448 4449 4300
f 4301 4450 4302
f 4449 4450 4301
f 4302 4451 4303
f 4450 4451 4302
f 4303 4452 4304
f 4451 4452 4303
f 4304 4453 4305
f 4452 4453 4304
f 4305 4454 4306
f 4453 4454 4305
f 4306 4455 4307
f 4454 4455 4306
f 4307 4456 4308
f 4455 4456 4307
f 4308 4457 4309
f 4456 4457 4308
f 4309 4458 4310
f 4457 4458 4309
f 4310 4459 4311
f 4458 4459 4310
f 4311 4460 4312
f 4459 4460 4311
f 4312 4461 4313
f 4460 4461 4312
f 4313 4462 4314
f 4461 4462 4313
f 4314 4463 4315
f 4462 4463 4314
f 4315 4464 4316
f 4463 4464 4315
f 4316 4465 4317
f 4464 4465 4316
f 4317 4466 4318
f 4465 4466 4317
f 4318 4467 4319
f 4466 4467 4318
f 4319 4468 4320
f 4467 4468 4319
f 4320 4469 4321
f 4468 4469 4320
f 4321 4470 4322
f 4469 4470 4321
f 4322 4471 4323
f 4470 4471 4322
f 4324 4323 4471
f 4324 4471 4472
f 4474 4473 4325
f 4474 4325 4326
f 4286 4325 4434
f 4434 4325 4473
f 4472 4475 4324
f 4324 4475 4327
f 4328 4327 4475
f 4328 4475 4476
f 4478 4477 4329
f 4478 4329 4330
f 4326 4329 4474
f 4474 4329 4477
f 4476 4479 4328
f 4328 4479 4331
f 4332 4331 4479
f 4332 4479 4480
f 4333 4478 4330
f 4333 4481 4478
f 4480 4334 4332
f 4482 4334 4480
f 4335 4481 4333
f 4335 4483 4481
f 4482 4336 4334
f 4484 4336 4482
f 4337 4483 4335
f 4337 4485 4483
f 4484 4338 4336
f 4486 4338 4484
f 4339 4485 4337
f 4339 4487 4485
f 4486 4340 4338
f 4488 4340 4486
f 4341 4487 4339
f 4341 4489 4487
f 4488 4342 4340
f 4490 4342 4488
f 4343 4489 4341
f 4343 4491 4489
f 4490 4344 4342
f 4492 4344 4490
f 4345 4491 4343
f 4345 4493 4491
f 4492 4346 4344
f 4494 4346 4492
f 4347 4493 4345
f 4347 4495 4493
f 4494 4348 4346
f 4496 4348 4494
f 4349 4495 4347
f 4349 4497 4495
f 4496 4350 4348
f 4498 4350 4496
f 4351 4497 4349
f 4351 4499 4497
f 4498 4352 4350
f 4500 4352 4498
f 4353 4499 4351
f 4353 4501 4499
f 4500 4354 4352
f 4502 4354 4500
f 4355 4501 4353
f 4355 4503 4501
f 4502 4356 4354
f 4504 4356 4502
f 4357 4503 4355
f 4357 4505 4503
f 4504 4358 4356
f 4506 4358 4504
f 4359 4505 4357
f 4359 4507 4505
f 4506 4360 4358
f 4508 4360 4506
f 4361 4507 4359
f 4361 4509 4507
f 4508 4362 4360
f 4510 4362 4508
f 4363 4509 4361
f 4363 4511 4509
f 4510 4364 4362
f 4512 4364 4510
f 4365 4511 4363
f 4365 4513 4511
f 4512 4366 4364
f 4514 4366 4512
f 4367 4513 4365
f 4367 4515 4513
f 4514 4368 4366
f 4516 4368 4514
f 4369 4515 4367
f 4369 4517 4515
f 4516 4370 4368
f 4518 4370 4516
f 4371 4517 4369
f 4371 4519 4517
f 4518 4372 4370
f 4520 4372 4518
f 4373 4519 4371
f 4373 4521 4519
f 4520 4374 4372
f 4522 4374 4520
f 4375 4521 4373
f 4375 4523 4521
f 4522 4376 4374
f 4524 4376 4522
f 4377 4523 4375
f 4377 4525 4523
f 4524 4378 4376
f 4526 4378 4524
f 4379 4525 4377
f 4379 4527 4525
f 4526 4380 4378
f 4528 4380 4526
f 4381 4527 4379
f 4381 4529 4527
f 4528 4382 4380
f 4530 4382 4528
f 4383 4529 4381
f 4383 4531 4529
f 4530 4384 4382
f 4532 4384 4530
f 4385 4531 4383
f 4385 4533 4531
f 4532 4386 4384
f 4534 4386 4532
f 4535 4533 4385
f 4535 4385 4387
f 4387 4388 4535
f 4535 4388 4536
f 4538 4537 4390
f 4390 4537 4389
f 4390 4386 4534
f 4390 4534 4538
f 4539 4536 4388
f 4539 4388 4391
f 4391 4392 4539
f 4539 4392 4540
f 4542 4541 4394
f 4394 4541 4393
f 4394 4389 4537
f 4394 4537 4542
f 4543 4540 4392
f 4543 4392 4395
f 4544 4395 4396
f 4544 4543 4395
f 4545 4396 4397
f 4545 4544 4396
f 4546 4397 4398
f 4546 4545 4397
f 4547 4398 4399
f 4547 4546 4398
f 4548 4399 4400
f 4548 4547 4399
f 4549 4400 4401
f 4549 4548 4400
f 4550 4401 4402
f 4550 4549 4401
f 4551 4402 4403
f 4551 4550 4402
f 4552 4403 4404
f 4552 4551 4403
f 4553 4404 4405
f 4553 4552 4404
f 4554 4405 4406
f 4554 4553 4405
f 4555 4406 4407
f 4555 4554 4406
f 4556 4407 4408
f 4556 4555 4407
f 4557 4408 4409
f 4557 4556 4408
f 4558 4409 4410
f 4558 4557 4409
f 4559 4410 4411
f 4559 4558 4410
f 4560 4411 4412
f 4560 4559 4411
f 4561 4412 4413
f 4561 4560 4412
f 4562 4413 4414
f 4562 4561 4413
f 4563 4414 4415
f 4563 4562 4414
f 4564 4415 4416
f 4564 4563 4415
f 4565 4416 4417
f 4565 4564 4416
f 4566 4417 4418
f 4566 4565 4417
f 4567 4418 4419
f 4567 4566 4418
f 4568 4419 4420
f 4568 4567 4419
f 4569 4420 4421
f 4569 4568 4420
f 4570 4421 4422
f 4570 4569 4421
f 4571 4422 4423
f 4571 4570 4422
f 4572 4423 4424
f 4572 4571 4423
f 4573 4424 4425
f 4573 4572 4424
f 4574 4425 4426
f 4574 4573 4425
f 4575 4426 4427
f 4575 4574 4426
f 4576 4427 4428
f 4576 4575 4427
f 4577 4428 4429
f 4577 4576 4428
f 4578 4429 4430
f 4578 4577 4429
f 4579 4430 4431
f 4579 4578 4430
f 4580 4431 4432
f 4580 4579 4431
f 4432 4393 4541
f 4432 4541 4580
f 4582 4581 4433
f 4582 4433 4434
f 4433 4583 4435
f 4581 4583 4433
f 4435 4584 4436
f 4583 4584 4435
f 4436 4585 4437
f 4584 4585 4436
f 4437 4586 4438
f 4585 4586 4437
f 4438 4587 4439
f 4586 4587 4438
f 4439 4588 4440
f 4587 4588 4439
f 4440 4589 4441
f 4588 4589 4440
f 4441 4590 4442
f 4589 4590 4441
f 4442 4591 4443
f 4590 4591 4442
f 4443 4592 4444
f 4591 4592 4443
f 4444 4593 4445
f 4592 4593 4444
f 4445 4594 4446
f 4593 4594 4445
f 4446 4595 4447
f 4594 4595 4446
f 4447 4596 4448
f 4595 4596 4447
f 4448 4597 4449
f 4596 4597 4448
f 4449 4598 4450
f 4597 4598 4449
f 4450 4599 4451
f 4598 4599 4450
f 4451 4600 4452
f 4599 4600 4451
f 4452 4601 4453
f 4600 4601 4452
f 4453 4602 4454
f 4601 4602 4453
f 4454 4603 4455
f 4602 4603 4454
f 4455 4604 4456
f 4603 4604 4455
f 4456 4605 4457
f 4604 4605 4456
f 4457 4606 4458
f 4605 4606 4457
f 4458 4607 4459
f 4606 4607 4458
f 4459 4608 4460
f 4607 4608 4459
f 4460 4609 4461
f 4608 4609 4460
f 4461 4610 4462
f 4609 4610 4461
f 4462 4611 4463
f 4610 4611 4462
f 4463 4612 4464
f 4611 4612 4463
f 4464 4613 4465
f 4612 4613 4464
f 4465 4614 4466
f 4613 4614 4465
f 4466 4615 4467
f 4614 4615 4466
f 4467 4616 4468
f 4615 4616 4467
f 4468 4617 4469
f 4616 4617 4468
f 4469 4618 4470
f 4617 4618 4469
f 4470 4619 4471
f 4618 4619 4470
f 4472 4471 4619
f 4472 4619 4620
f 4622 4621 4473
f 4622 4473 4474
f 4434 4473 4582
f 4582 4473 4621
f 4620 4623 4472
f 4472 4623 4475
f 4476 4475 4623
f 4476 4623 4624
f 4626 4625 4477
f 4626 4477 4478
f 4474 4477 4622
f 4622 4477 4625
f 4624 4627 4476
f 4476 4627 4479
f 4480 4479 4627
f 4480 4627 4628
f 4481 4626 4478
f 4481 4629 4626
f 4628 4482 4480
f 4630 4482 4628
f 4483 4629 4481
f 4483 4631 4629
f 4630 4484 4482
f 4632 4484 4630
f 4485 4631 4483
f 4485 4633 4631
f 4632 4486 4484
f 4634 4486 4632
f 4487 4633 4485
f 4487 4635 4633
f 4634 4488 4486
f 4636 4488 4634
f 4489 4635 4487
f 4489 4637 4635
f 4636 4490 4488
f 4638 4490 4636
f 4491 4637 4489
f 4491 4639 4637
f 4638 4492 4490
f 4640 4492 4638
f 4493 4639 4491
f 4493 4641 4639
f 4640 4494 4492
f 4642 4494 4640
f 4495 4641 4493
f 4495 4643 4641
f 4642 4496 4494
f 4644 4496 4642
f 4497 4643 4495
f 4497 4645 4643
f 4644 4498 4496
f 4646 4498 4644
f 4499 4645 4497
f 4499 4647 4645
f 4646 4500 4498
f 4648 4500 4646
f 4501 4647 4499
f 4501 4649 4647
f 4648 4502 4500
f 4650 4502 4648
f 4503 4649 4501
f 4503 4651 4649
f 4650 4504 4502
f 4652 4504 4650
f 4505 4651 4503
f 4505 4653 4651
f 4652 4506 4504
f 4654 4506 4652
f 4507 4653 4505
f 4507 4655 4653
f 4654 4508 4506
f 4656 4508 4654
f 4509 4655 4507
f 4509 4657 4655
f 4656 4510 4508
f 4658 4510 4656
f 4511 4657 4509
f 4511 4659 4657
f 4658 4512 4510
f 4660 4512 4658
f 4513 4659 4511
f 4513 4661 4659
f 4660 4514 4512
f 4662 4514 4660
f 4515 4661 4513
f 4515 4663 4661
f 4662 4516 4514
f 4664 4516 4662
f 4517 4663 4515
f 4517 4665 4663
f 4664 4518 4516
f 4666 4518 4664
f 4519 4665 4517
f 4519 4667 4665
f 4666 4520 4518
f 4668 4520 4666
f 4521 4667 4519
f 4521 4669 4667
f 4668 4522 4520
f 4670 4522 4668
f 4523 4669 4521
f 4523 4671 4669
f 4670 4524 4522
f 4672 4524 4670
f 4525 4671 4523
f 4525 4673 4671
f 4672 4526 4524
f 4674 4526 4672
f 4527 4673 4525
f 4527 4675 4673
f 4674 4528 4526
f 4676 4528 4674
f 4529 4675 4527
f 4529 4677 4675
f 4676 4530 4528
f 4678 4530 4676
f 4531 4677 4529
f 4531 4679 4677
f 4678 4532 4530
f 4680 4532 4678
f 4533 4679 4531
f 4533 4681 4679
f 4680 4534 4532
f 4682 4534 4680
f 4683 4681 4533
f 4683 4533 4535
f 4535 4536 4683
f 4683 4536 4684
f 4686 4685 4538
f 4538 4685 4537
f 4538 4534 4682
f 4538 4682 4686
f 4687 4684 4536
f 4687 4536 4539
f 4539 4540 4687
f 4687 4540 4688
f 4690 4689 4542
f 4542 4689 4541
f 4542 4537 4685
f 4542 4685 4690
f 4691 4688 4540
f 4691 4540 4543
f 4692 4543 4544
f 4692 4691 4543
f 4693 4544 4545
f 4693 4692 4544
f 4694 4545 4546
f 4694 4693 4545
f 4695 4546 4547
f 4695 4694 4546
f 4696 4547 4548
f 4696 4695 4547
f 4697 4548 4549
f 4697 4696 4548
f 4698 4549 4550
f 4698 4697 4549
f 4699 4550 4551
f 4699 4698 4550
f 4700 4551 4552
f 4700 4699 4551
f 4701 4552 4553
f 4701 4700 4552
f 4702 4553 4554
f 4702 4701 4553
f 4703 4554 4555
f 4703 4702 4554
f 4704 4555 4556
f 4704 4703 4555
f 4705 4556 4557
f 4705 4704 4556
f 4706 4557 4558
f 4706 4705 4557
f 4707 4558 4559
f 4707 4706 4558
f 4708 4559 4560
f 4708 4707 4559
f 4709 4560 4561
f 4709 4708 4560
f 4710 4561 4562
f 4710 4709 4561
f 4711 4562 4563
f 4711 4710 4562
f 4712 4563 4564
f 4712 4711 4563
f 4713 4564 4565
f 4713 4712 4564
f 4714 4565 4566
f 4714 4713 4565
f 4715 4566 4567
f 4715 4714 4566
f 4716 4567 4568
f 4716 4715 4567
f 4717 4568 4569
f 4717 4716 4568
f 4718 4569 4570
f 4718 4717 4569
f 4719 4570 4571
f 4719 4718 4570
f 4720 4571 4572
f 4720 4719 4571
f 4721 4572 4573
f 4721 4720 4572
f 4722 4573 4574
f 4722 4721 4573
f 4723 4574 4575
f 4723 4722 4574
f 4724 4575 4576
f 4724 4723 4575
f 4725 4576 4577
f 4725 4724 4576
f 4726 4577 4578
f 4726 4725 4577
f 4727 4578 4579
f 4727 4726 4578
f 4728 4579 4580
f 4728 4727 4579
f 4580 4541 4689
f 4580 4689 4728
f 4730 4729 4581
f 4730 4581 4582
f 4581 4731 4583
f 4729 4731 4581
f 4583 4732 4584
f 4731 4732 4583
f 4584 4733 4585
f 4732 4733 4584
f 4585 4734 4586
f 4733 4734 4585
f 4586 4735 4587
f 4734 4735 4586
f 4587 4736 4588
f 4735 4736 4587
f 4588 4737 4589
f 4736 4737 4588
f 4589 4738 4590
f 4737 4738 4589
f 4590 4739 4591
f 4738 4739 4590
f 4591 4740 4592
f 4739 4740 4591
f 4592 4741 4593
f 4740 4741 4592
f 4593 4742 4594
f 4741 4742 4593
f 4594 4743 4595
f 4742 4743 4594
f 4595 4744 4596
f 4743 4744 4595
f 4596 4745 4597
f 4744 4745 4596
f 4597 4746 4598
f 4745 4746 4597
f 4598 4747 4599
f 4746 4747 4598
f 4599 4748 4600
f 4747 4748 4599
f 4600 4749 4601
f 4748 4749 4600
f 4601 4750 4602
f 4749 4750 4601
f 4602 4751 4603
f 4750 4751 4602
f 4603 4752 4604
f 4751 4752 4603
f 4604 4753 4605
f 4752 4753 4604
f 4605 4754 4606
f 4753 4754 4605
f 4606 4755 4607
f 4754 4755 4606
f 4607 4756 4608
f 4755 4756 4607
f 4608 4757 4609
f 4756 4757 4608
f 4609 4758 4610
f 4757 4758 4609
f 4610 4759 4611
f 4758 4759 4610
f 4611 4760 4612
f 4759 4760 4611
f 4612 4761 4613
f 4760 4761 4612
f 4613 4762 4614
f 4761 4762 4613
f 4614 4763 4615
f 4762 4763 4614
f 4615 4764 4616
f 4763 4764 4615
f 4616 4765 4617
f 4764 4765 4616
f 4617 4766 4618
f 4765 4766 4617
f 4618 4767 4619
f 4766 4767 4618
f 4620 4619 4767
f 4620 4767 4768
f 4770 4769 4621
f 4770 4621 4622
f 4582 4621 4730
f 4730 4621 4769
f 4768 4771 4620
f 4620 4771 4623
f 4624 4623 4771
f 4624 4771 4772
f 4774 4773 4625
f 4774 4625 4626
f 4622 4625 4770
f 4770 4625 4773
f 4772 4775 4624
f 4624 4775 4627
f 4628 4627 4775
f 4628 4775 4776
f 4629 4774 4626
f 4629 4777 4774
f 4776 4630 4628
f 4778 4630 4776
f 4631 4777 4629
f 4631 4779 4777
f 4778 4632 4630
f 4780 4632 4778
f 4633 4779 4631
f 4633 4781 4779
f 4780 4634 4632
f 4782 4634 4780
f 4635 4781 4633
f 4635 4783 4781
f 4782 4636 4634
f 4784 4636 4782
f 4637 4783 4635
f 4637 4785 4783
f 4784 4638 4636
f 4786 4638 4784
f 4639 4785 4637
f 4639 4787 4785
f 4786 4640 4638
f 4788 4640 4786
f 4641 4787 4639
f 4641 4789 4787
f 4788 4642 4640
f 4790 4642 4788
f 4643 4789 4641
f 4643 4791 4789
f 4790 4644 4642
f 4792 4644 4790
f 4645 4791 4643
f 4645 4793 4791
f 4792 4646 4644
f 4794 4646 4792
f 4647 4793 4645
f 4647 4795 4793
f 4794 4648 4646
f 4796 4648 4794
f 4649 4795 4647
f 4649 4797 4795
f 4796 4650 4648
f 4798 4650 4796
f 4651 4797 4649
f 4651 4799 4797
f 4798 4652 4650
f 4800 4652 4798
f 4653 4799 4651
f 4653 4801 4799
f 4800 4654 4652
f 4802 4654 4800
f 4655 4801 4653
f 4655 4803 4801
f 4802 4656 4654
f 4804 4656 4802
f 4657 4803 4655
f 4657 4805 4803
f 4804 4658 4656
f 4806 4658 4804
f 4659 4805 4657
f 4659 4807 4805
f 4806 4660 4658
f 4808 4660 4806
f 4661 4807 4659
f 4661 4809 4807
f 4808 4662 4660
f 4810 4662 4808
f 4663 4809 4661
f 4663 4811 4809
f 4810 4664 4662
f 4812 4664 4810
f 4665 4811 4663
f 4665 4813 4811
f 4812 4666 4664
f 4814 4666 4812
f 4667 4813 4665
f 4667 4815 4813
f 4814 4668 4666
f 4816 4668 4814
f 4669 4815 4667
f 4669 4817 4815
f 4816 4670 4668
f 4818 4670 4816
f 4671 4817 4669
f 4671 4819 4817
f 4818 4672 4670
f 4820 4672 4818
f 4673 4819 4671
f 4673 4821 4819
f 4820 4674 4672
f 4822 4674 4820
f 4675 4821 4673
f 4675 4823 4821
f 4822 4676 4674
f 4824 4676 4822
f 4677 4823 4675
f 4677 4825 4823
f 4824 4678 4676
f 4826 4678 4824
f 4679 4825 4677
f 4679 4827 4825
f 4826 4680 4678
f 4828 4680 4826
f 4681 4827 4679
f 4681 4829 4827
f 4828 4682 4680
f 4830 4682 4828
f 4831 4829 4681
f 4831 4681 4683
f 4683 4684 4831
f 4831 4684 4832
f 4834 4833 4686
f 4686 4833 4685
f 4686 4682 4830
f 4686 4830 4834
f 4835 4832 4684
f 4835 4684 4687
f 4687 4688 4835
f 4835 4688 4836
f 4838 4837 4690
f 4690 4837 4689
f 4690 4685 4833
f 4690 4833 4838
f 4839 4836 4688
f 4839 4688 4691
f 4840 4691 4692
f 4840 4839 4691
f 4841 4692 4693
f 4841 4840 4692
f 4842 4693 4694
f 4842 4841 4693
f 4843 4694 4695
f 4843 4842 4694
f 4844 4695 4696
f 4844 4843 4695
f 4845 4696 4697
f 4845 4844 4696
f 4846 4697 4698
f 4846 4845 4697
f 4847 4698 4699
f 4847 4846 4698
f 4848 4699 4700
f 4848 4847 4699
f 4849 4700 4701
f 4849 4848 4700
f 4850 4701 4702
f 4850 4849 4701
f 4851 4702 4703
f 4851 4850 4702
f 4852 4703 4704
f 4852 4851 4703
f 4853 4704 4705
f 4853 4852 4704
f 4854 4705 4706
f 4854 4853 4705
f 4855 4706 4707
f 4855 4854 4706
f 4856 4707 4708
f 4856 4855 4707
f 4857 4708 4709
f 4857 4856 4708
f 4858 4709 4710
f 4858 4857 4709
f 4859 4710 4711
f 4859 4858 4710
f 4860 4711 4712
f 4860 4859 4711
f 4861 4712 4713
f 4861 4860 4712
f 4862 4713 4714
f 4862 4861 4713
f 4863 4714 4715
f 4863 4862 4714
f 4864 4715 4716
f 4864 4863 4715
f 4865 4716 4717
f 4865 4864 4716
f 4866 4717 4718
f 4866 4865 4717
f 4867 4718 4719
f 4867 4866 4718
f 4868 4719 4720
f 4868 4867 4719
f 4869 4720 4721
f 4869 4868 4720
f 4870 4721 4722
f 4870 4869 4721
f 4871 4722 4723
f 4871 4870 4722
f 4872 4723 4724
f 4872 4871 4723
f 4873 4724 4725
f 4873 4872 4724
f 4874 4725 4726
f 4874 4873 4725
f 4875 4726 4727
f 4875 4874 4726
f 4876 4727 4728
f 4876 4875 4727
f 4728 4689 4837
f 4728 4837 4876
f 4878 4877 4729
f 4878 4729 4730
f 4729 4879 4731
f 4877 4879 4729
f 4731 4880 4732
f 4879 4880 4731
f 4732 4881 4733
f 4880 4881 4732
f 4733 4882 4734
f 4881 4882 4733
f 4734 4883 4735
f 4882 4883 4734
f 4735 4884 4736
f 4883 4884 4735
f 4736 4885 4737
f 4884 4885 4736
f 4737 4886 4738
f 4885 4886 4737
f 4738 4887 4739
f 4886 4887 4738
f 4739 4888 4740
f 4887 4888 4739
f 4740 4889 4741
f 4888 4889 4740
f 4741 4890 4742
f 4889 4890 4741
f 4742 4891 4743
f 4890 4891 4742
f 4743 4892 4744
f 4891 4892 4743
f 4744 4893 4745
f 4892 4893 4744
f 4745 4894 4746
f 4893 4894 4745
f 4746 4895 4747
f 4894 4895 4746
f 4747 4896 4748
f 4895 4896 4747
f 4748 4897 4749
f 4896 4897 4748
f 4749 4898 4750
f 4897 4898 4749
f 4750 4899 4751
f 4898 4899 4750
f 4751 4900 4752
f 4899 4900 4751
f 4752 4901 4753
f 4900 4901 4752
f 4753 4902 4754
f 4901 4902 4753
f 4754 4903 4755
f 4902 4903 4754
f 4755 4904 4756
f 4903 4904 4755
f 4756 4905 4757
f 4904 4905 4756
f 4757 4906 4758
f 4905 4906 4757
f 4758 4907 4759
f 4906 4907 4758
f 4759 4908 4760
f 4907 4908 4759
f 4760 4909 4761
f 4908 4909 4760
f 4761 4910 4762
f 4909 4910 4761
f 4762 4911 4763
f 4910 4911 4762
f 4763 4912 4764
f 4911 4912 4763
f 4764 4913 4765
f 4912 4913 4764
f 4765 4914 4766
f 4913 4914 4765
f 4766 4915 4767
f 4914 4915 4766
f 4768 4767 4915
f 4768 4915 4916
f 4918 4917 4769
f 4918 4769 4770
f 4730 4769 4878
f 4878 4769 4917
f 4916 4919 4768
f 4768 4919 4771
f 4772 4771 4919
f 4772 4919 4920
f 4922 4921 4773
f 4922 4773 4774
f 4770 4773 4918
f 4918 4773 4921
f 4920 4923 4772
f 4772 4923 4775
f 4776 4775 4923
f 4776 4923 4924
f 4777 4922 4774
f 4777 4925 4922
f 4924 4778 4776
f 4926 4778 4924
f 4779 4925 4777
f 4779 4927 4925
f 4926 4780 4778
f 4928 4780 4926
f 4781 4927 4779
f 4781 4929 4927
f 4928 4782 4780
f 4930 4782 4928
f 4783 4929 4781
f 4783 4931 4929
f 4930 4784 4782
f 4932 4784 4930
f 4785 4931 4783
f 4785 4933 4931
f 4932 4786 4784
f 4934 4786 4932
f 4787 4933 4785
f 4787 4935 4933
f 4934 4788 4786
f 4936 4788 4934
f 4789 4935 4787
f 4789 4937 4935
f 4936 4790 4788
f 4938 4790 4936
f 4791 4937 4789
f 4791 4939 4937
f 4938 4792 4790
f 4940 4792 4938
f 4793 4939 4791
f 4793 4941 4939
f 4940 4794 4792
f 4942 4794 4940
f 4795 4941 4793
f 4795 4943 4941
f 4942 4796 4794
f 4944 4796 4942
f 4797 4943 4795
f 4797 4945 4943
f 4944 4798 4796
f 4946 4798 4944
f 4799 4945 4797
f 4799 4947 4945
f 4946 4800 4798
f 4948 4800 4946
f 4801 4947 4799
f 4801 4949 4947
f 4948 4802 4800
f 4950 4802 4948
f 4803 4949 4801
f 4803 4951 4949
f 4950 4804 4802
f 4952 4804 4950
f 4805 4951 4803
f 4805 4953 4951
f 4952 4806 4804
f 4954 4806 4952
f 4807 4953 4805
f 4807 4955 4953
f 4954 4808 4806
f 4956 4808 4954
f 4809 4955 4807
f 4809 4957 4955
f 4956 4810 4808
f 4958 4810 4956
f 4811 4957 4809
f 4811 4959 4957
f 4958 4812 4810
f 4960 4812 4958
f 4813 4959 4811
f 4813 4961 4959
f 4960 4814 4812
f 4962 4814 4960
f 4815 4961 4813
f 4815 4963 4961
f 4962 4816 4814
f 4964 4816 4962
f 4817 4963 4815
f 4817 4965 4963
f 4964 4818 4816
f 4966 4818 4964
f 4819 4965 4817
f 4819 4967 4965
f 4966 4820 4818
f 4968 4820 4966
f 4821 4967 4819
f 4821 4969 4967
f 4968 4822 4820
f 4970 4822 4968
f 4823 4969 4821
f 4823 4971 4969
f 4970 4824 4822
f 4972 4824 4970
f 4825 4971 4823
f 4825 4973 4971
f 4972 4826 4824
f 4974 4826 4972
f 4827 4973 4825
f 4827 4975 4973
f 4974 4828 4826
f 4976 4828 4974
f 4829 4975 4827
f 4829 4977 4975
f 4976 4830 4828
f 4978 4830 4976
f 4979 4977 4829
f 4979 4829 4831
f 4831 4832 4979
f 4979 4832 4980
f 4982 4981 4834
f 4834 4981 4833
f 4834 4830 4978
f 4834 4978 4982
f 4983 4980 4832
f 4983 4832 4835
f 4835 4836 4983
f 4983 4836 4984
f 4986 4985 4838
f 4838 4985 4837
f 4838 4833 4981
f 4838 4981 4986
f 4987 4984 4836
f 4987 4836 4839
f 4988 4839 4840
f 4988 4987 4839
f 4989 4840 4841
f 4989 4988 4840
f 4990 4841 4842
f 4990 4989 4841
f 4991 4842 4843
f 4991 4990 4842
f 4992 4843 4844
f 4992 4991 4843
f 4993 4844 4845
f 4993 4992 4844
f 4994 4845 4846
f 4994 4993 4845
f 4995 4846 4847
f 4995 4994 4846
f 4996 4847 4848
f 4996 4995 4847
f 4997 4848 4849
f 4997 4996 4848
f 4998 4849 4850
f 4998 4997 4849
f 4999 4850 4851
f 4999 4998 4850
f 5000 4851 4852
f 5000 4999 4851
f 5001 4852 4853
f 5001 5000 4852
f 5002 4853 4854
f 5002 5001 4853
f 5003 4854 4855
f 5003 5002 4854
f 5004 4855 4856
f 5004 5003 4855
f 5005 4856 4857
f 5005 5004 4856
f 5006 4857 4858
f 5006 5005 4857
f 5007 4858 4859
f 5007 5006 4858
f 5008 4859 4860
f 5008 5007 4859
f 5009 4860 4861
f 5009 5008 4860
f 5010 4861 4862
f 5010 5009 4861
f 5011 4862 4863
f 5011 5010 4862
f 5012 4863 4864
f 5012 5011 4863
f 5013 4864 4865
f 5013 5012 4864
f 5014 4865 4866
f 5014 5013 4865
f 5015 4866 4867
f 5015 5014 4866
f 5016 4867 4868
f 5016 5015 4867
f 5017 4868 4869
f 5017 5016 4868
f 5018 4869 4870
f 5018 5017 4869
f 5019 4870 4871
f 5019 5018 4870
f 5020 4871 4872
f 5020 5019 4871
f 5021 4872 4873
f 5021 5020 4872
f 5022 4873 4874
f 5022 5021 4873
f 5023 4874 4875
f 5023 5022 4874
f 5024 4875 4876
f 5024 5023 4875
f 4876 4837 4985
f 4876 4985 5024
f 5026 5025 4877
f 5026 4877 4878
f 4877 5027 4879
f 5025 5027 4877
f 4879 5028 4880
f 5027 5028 4879
f 4880 5029 4881
f 5028 5029 4880
f 4881 5030 4882
f 5029 5030 4881
f 4882 5031 4883
f 5030 5031 4882
f 4883 5032 4884
f 5031 5032 4883
f 4884 5033 4885
f 5032 5033 4884
f 4885 5034 4886
f 5033 5034 4885
f 4886 5035 4887
f 5034 5035 4886
f 4887 5036 4888
f 5035 5036 4887
f 4888 5037 4889
f 5036 5037 4888
f 4889 5038 4890
f 5037 5038 4889
f 4890 5039 4891
f 5038 5039 4890
f 4891 5040 4892
f 5039 5040 4891
f 4892 5041 4893
f 5040 5041 4892
f 4893 5042 4894
f 5041 5042 4893
f 4894 5043 4895
f 5042 5043 4894
f 4895 5044 4896
f 5043 5044 4895
f 4896 5045 4897
f 5044 5045 4896
f 4897 5046 4898
f 5045 5046 4897
f 4898 5047 4899
f 5046 5047 4898
f 4899 5048 4900
f 5047 5048 4899
f 4900 5049 4901
f 5048 5049 4900
f 4901 5050 4902
f 5049 5050 4901
f 4902 5051 4903
f 5050 5051 4902
f 4903 5052 4904
f 5051 5052 4903
f 4904 5053 4905
f 5052 5053 4904
f 4905 5054 4906
f 5053 5054 4905
f 4906 5055 4907
f 5054 5055 4906
f 4907 5056 4908
f 5055 5056 4907
f 4908 5057 4909
f 5056 5057 4908
f 4909 5058 4910
f 5057 5058 4909
f 4910 5059 4911
f 5058 5059 4910
f 4911 5060 4912
f 5059 5060 4911
f 4912 5061 4913
f 5060 5061 4912
f 4913 5062 4914
f 5061 5062 4913
f 4914 5063 4915
f 5062 5063 4914
f 4916 4915 5063
f 4916 5063 5064
f 5066 5065 4917
f 5066 4917 4918
f 4878 4917 5026
f 5026 4917 5065
f 5064 5067 4916
f 4916 5067 4919
f 4920 4919 5067
f 4920 5067 5068
f 5070 5069 4921
f 5070 4921 4922
f 4918 4921 5066
f 5066 4921 5069
f 5068 5071 4920
f 4920 5071 4923
f 4924 4923 5071
f 4924 5071 5072
f 4925 5070 4922
f 4925 5073 5070
f 5072 4926 4924
f 5074 4926 5072
f 4927 5073 4925
f 4927 5075 5073
f 5074 4928 4926
f 5076 4928 5074
f 4929 5075 4927
f 4929 5077 5075
f 5076 4930 4928
f 5078 4930 5076
f 4931 5077 4929
f 4931 5079 5077
f 5078 4932 4930
f 5080 4932 5078
f 4933 5079 4931
f 4933 5081 5079
f 5080 4934 4932
f 5082 4934 5080
f 4935 5081 4933
f 4935 5083 5081
f 5082 4936 4934
f 5084 4936 5082
f 4937 5083 4935
f 4937 5085 5083
f 5084 4938 4936
f 5086 4938 5084
f 4939 5085 4937
f 4939 5087 5085
f 5086 4940 4938
f 5088 4940 5086
f 4941 5087 4939
f 4941 5089 5087
f 5088 4942 4940
f 5090 4942 5088
f 4943 5089 4941
f 4943 5091 5089
f 5090 4944 4942
f 5092 4944 5090
f 4945 5091 4943
f 4945 5093 5091
f 5092 4946 4944
f 5094 4946 5092
f 4947 5093 4945
f 4947 5095 5093
f 5094 4948 4946
f 5096 4948 5094
f 4949 5095 4947
f 4949 5097 5095
f 5096 4950 4948
f 5098 4950 5096
f 4951 5097 4949
f 4951 5099 5097
f 5098 4952 4950
f 5100 4952 5098
f 4953 5099 4951
f 4953 5101 5099
f 5100 4954 4952
f 5102 4954 5100
f 4955 5101 4953
f 4955 5103 5101
f 5102 4956 4954
f 5104 4956 5102
f 4957 5103 4955
f 4957 5105 5103
f 5104 4958 4956
f 5106 4958 5104
f 4959 5105 4957
f 4959 5107 5105
f 5106 4960 4958
f 5108 4960 5106
f 4961 5107 4959
f 4961 5109 5107
f 5108 4962 4960
f 5110 4962 5108
f 4963 5109 4961
f 4963 5111 5109
f 5110 4964 4962
f 5112 4964 5110
f 4965 5111 4963
f 4965 5113 5111
f 5112 4966 4964
f 5114 4966 5112
f 4967 5113 4965
f 4967 5115 5113
f 5114 4968 4966
f 5116 4968 5114
f 4969 5115 4967
f 4969 5117 5115
f 5116 4970 4968
f 5118 4970 5116
f 4971 5117 4969
f 4971 5119 5117
f 5118 4972 4970
f 5120 4972 5118
f 4973 5119 4971
f 4973 5121 5119
f 5120 4974 4972
f 5122 4974 5120
f 4975 5121 4973
f 4975 5123 5121
f 5122 4976 4974
f 5124 4976 5122
f 4977 5123 4975
f 4977 5125 5123
f 5124 4978 4976
f 5126 4978 5124
f 5127 5125 4977
f 5127 4977 4979
f 4979 4980 5127
f 5127 4980 5128
f 5130 5129 4982
f 4982 5129 4981
f 4982 4978 5126
f 4982 5126 5130
f 5131 5128 4980
f 5131 4980 4983
f 4983 4984 5131
f 5131 4984 5132
f 5134 5133 4986
f 4986 5133 4985
f 4986 4981 5129
f 4986 5129 5134
f 5135 5132 4984
f 5135 4984 4987
f 5136 4987 4988
f 5136 5135 4987
f 5137 4988 4989
f 5137 5136 4988
f 5138 4989 4990
f 5138 5137 4989
f 5139 4990 4991
f 5139 5138 4990
f 5140 4991 4992
f 5140 5139 4991
f 5141 4992 4993
f 5141 5140 4992
f 5142 4993 4994
f 5142 5141 4993
f 5143 4994 4995
f 5143 5142 4994
f 5144 4995 4996
f 5144 5143 4995
f 5145 4996 4997
f 5145 5144 4996
f 5146 4997 4998
f 5146 5145 4997
f 5147 4998 4999
f 5147 5146 4998
f 5148 4999 5000
f 5148 5147 4999
f 5149 5000 5001
f 5149 5148 5000
f 5150 5001 5002
f 5150 5149 5001
f 5151 5002 5003
f 5151 5150 5002
f 5152 5003 5004
f 5152 5151 5003
f 5153 5004 5005
f 5153 5152 5004
f 5154 5005 5006
f 5154 5153 5005
f 5155 5006 5007
f 5155 5154 5006
f 5156 5007 5008
f 5156 5155 5007
f 5157 5008 5009
f 5157 5156 5008
f 5158 5009 5010
f 5158 5157 5009
f 5159 5010 5011
f 5159 5158 5010
f 5160 5011 5012
f 5160 5159 5011
f 5161 5012 5013
f 5161 5160 5012
f 5162 5013 5014
f 5162 5161 5013
f 5163 5014 5015
f 5163 5162 5014
f 5164 5015 5016
f 5164 5163 5015
f 5165 5016 5017
f 5165 5164 5016
f 5166 5017 5018
f 5166 5165 5017
f 5167 5018 5019
f 5167 5166 5018
f 5168 5019 5020
f 5168 5167 5019
f 5169 5020 5021
f 5169 5168 5020
f 5170 5021 5022
f 5170 5169 5021
f 5171 5022 5023
f 5171 5170 5022
f 5172 5023 5024
f 5172 5171 5023
f 5024 4985 5133
f 5024 5133 5172
f 5174 5173 5025
f 5174 5025 5026
f 5025 5175 5027
f 5173 5175 5025
f 5027 5176 5028
f 5175 5176 5027
f 5028 5177 5029
f 5176 5177 5028
f 5029 5178 5030
f 5177 5178 5029
f 5030 5179 5031
f 5178 5179 5030
f 5031 5180 5032
f 5179 5180 5031
f 5032 5181 5033
f 5180 5181 5032
f 5033 5182 5034
f 5181 5182 5033
f 5034 5183 5035
f 5182 5183 5034
f 5035 5184 5036
f 5183 5184 5035
f 5036 5185 5037
f 5184 5185 5036
f 5037 5186 5038
f 5185 5186 5037
f 5038 5187 5039
f 5186 5187 5038
f 5039 5188 5040
f 5187 5188 5039
f 5040 5189 5041
f 5188 5189 5040
f 5041 5190 5042
f 5189 5190 5041
f 5042 5191 5043
f 5190 5191 5042
f 5043 5192 5044
f 5191 5192 5043
f 5044 5193 5045
f 5192 5193 5044
f 5045 5194 5046
f 5193 5194 5045
f 5046 5195 5047
f 5194 5195 5046
f 5047 5196 5048
f 5195 5196 5047
f 5048 5197 5049
f 5196 5197 5048
f 5049 5198 5050
f 5197 5198 5049
f 5050 5199 5051
f 5198 5199 5050
f 5051 5200 5052
f 5199 5200 5051
f 5052 5201 5053
f 5200 5201 5052
f 5053 5202 5054
f 5201 5202 5053
f 5054 5203 5055
f 5202 5203 5054
f 5055 5204 5056
f 5203 5204 5055
f 5056 5205 5057
f 5204 5205 5056
f 5057 5206 5058
f 5205 5206 5057
f 5058 5207 5059
f 5206 5207 5058
f 5059 5208 5060
f 5207 5208 5059
f 5060 5209 5061
f 5208 5209 5060
f 5061 5210 5062
f 5209 5210 5061
f 5062 5211 5063
f 5210 5211 5062
f 5064 5063 5211
f 5064 5211 5212
f 5214 5213 5065
f 5214 5065 5066
f 5026 5065 5174
f 5174 5065 5213
f 5212 5215 5064
f 5064 5215 5067
f 5068 5067 5215
f 5068 5215 5216
f 5218 5217 5069
f 5218 5069 5070
f 5066 5069 5214
f 5214 5069 5217
f 5216 5219 5068
f 5068 5219 5071
f 5072 5071 5219
f 5072 5219 5220
f 5073 5218 5070
f 5073 5221 5218
f 5220 5074 5072
f 5222 5074 5220
f 5075 5221 5073
f 5075 5223 5221
f 5222 5076 5074
f 5224 5076 5222
f 5077 5223 5075
f 5077 5225 5223
f 5224 5078 5076
f 5226 5078 5224
f 5079 5225 5077
f 5079 5227 5225
f 5226 5080 5078
f 5228 5080 5226
f 5081 5227 5079
f 5081 5229 5227
f 5228 5082 5080
f 5230 5082 5228
f 5083 5229 5081
f 5083 5231 5229
f 5230 5084 5082
f 5232 5084 5230
f 5085 5231 5083
f 5085 5233 5231
f 5232 5086 5084
f 5234 5086 5232
f 5087 5233 5085
f 5087 5235 5233
f 5234 5088 5086
f 5236 5088 5234
f 5089 5235 5087
f 5089 5237 5235
f 5236 5090 5088
f 5238 5090 5236
f 5091 5237 5089
f 5091 5239 5237
f 5238 5092 5090
f 5240 5092 5238
f 5093 5239 5091
f 5093 5241 5239
f 5240 5094 5092
f 5242 5094 5240
f 5095 5241 5093
f 5095 5243 5241
f 5242 5096 5094
f 5244 5096 5242
f 5097 5243 5095
f 5097 5245 5243
f 5244 5098 5096
f 5246 5098 5244
f 5099 5245 5097
f 5099 5247 5245
f 5246 5100 5098
f 5248 5100 5246
f 5101 5247 5099
f 5101 5249 5247
f 5248 5102 5100
f 5250 5102 5248
f 5103 5249 5101
f 5103 5251 5249
f 5250 5104 5102
f 5252 5104 5250
f 5105 5251 5103
f 5105 5253 5251
f 5252 5106 5104
f 5254 5106 5252
f 5107 5253 5105
f 5107 5255 5253
f 5254 5108 5106
f 5256 5108 5254
f 5109 5255 5107
f 5109 5257 5255
f 5256 5110 5108
f 5258 5110 5256
f 5111 5257 5109
f 5111 5259 5257
f 5258 5112 5110
f 5260 5112 5258
f 5113 5259 5111
f 5113 5261 5259
f 5260 5114 5112
f 5262 5114 5260
f 5115 5261 5113
f 5115 5263 5261
f 5262 5116 5114
f 5264 5116 5262
f 5117 5263 5115
f 5117 5265 5263
f 5264 5118 5116
f 5266 5118 5264
f 5119 5265 5117
f 5119 5267 5265
f 5266 5120 5118
f 5268 5120 5266
f 5121 5267 5119
f 5121 5269 5267
f 5268 5122 5120
f 5270 5122 5268
f 5123 5269 5121
f 5123 5271 5269
f 5270 5124 5122
f 5272 5124 5270
f 5125 5271 5123
f 5125 5273 5271
f 5272 5126 5124
f 5274 5126 5272
f 5275 5273 5125
f 5275 5125 5127
f 5127 5128 5275
f 5275 5128 5276
f 5278 5277 5130
f 5130 5277 5129
f 5130 5126 5274
f 5130 5274 5278
f 5279 5276 5128
f 5279 5128 5131
f 5131 5132 5279
f 5279 5132 5280
f 5282 5281 5134
f 5134 5281 5133
f 5134 5129 5277
f 5134 5277 5282
f 5283 5280 5132
f 5283 5132 5135
f 5284 5135 5136
f 5284 5283 5135
f 5285 5136 5137
f 5285 5284 5136
f 5286 5137 5138
f 5286 5285 5137
f 5287 5138 5139
f 5287 5286 5138
f 5288 5139 5140
f 5288 5287 5139
f 5289 5140 5141
f 5289 5288 5140
f 5290 5141 5142
f 5290 5289 5141
f 5291 5142 5143
f 5291 5290 5142
f 5292 5143 5144
f 5292 5291 5143
f 5293 5144 5145
f 5293 5292 5144
f 5294 5145 5146
f 5294 5293 5145
f 5295 5146 5147
f 5295 5294 5146
f 5296 5147 5148
f 5296 5295 5147
f 5297 5148 5149
f 5297 5296 5148
f 5298 5149 5150
f 5298 5297 5149
f 5299 5150 5151
f 5299 5298 5150
f 5300 5151 5152
f 5300 5299 5151
f 5301 5152 5153
f 5301 5300 5152
f 5302 5153 5154
f 5302 5301 5153
f 5303 5154 5155
f 5303 5302 5154
f 5304 5155 5156
f 5304 5303 5155
f 5305 5156 5157
f 5305 5304 5156
f 5306 5157 5158
f 5306 5305 5157
f 5307 5158 5159
f 5307 5306 5158
f 5308 5159 5160
f 5308 5307 5159
f 5309 5160 5161
f 5309 5308 5160
f 5310 5161 5162
f 5310 5309 5161
f 5311 5162 5163
f 5311 5310 5162
f 5312 5163 5164
f 5312 5311 5163
f 5313 5164 5165
f 5313 5312 5164
f 5314 5165 5166
f 5314 5313 5165
f 5315 5166 5167
f 5315 5314 5166
f 5316 5167 5168
f 5316 5315 5167
f 5317 5168 5169
f 5317 5316 5168
f 5318 5169 5170
f 5318 5317 5169
f 5319 5170 5171
f 5319 5318 5170
f 5320 5171 5172
f 5320 5319 5171
f 5172 5133 5281
f 5172 5281 5320
f 5322 5321 5173
f 5322 5173 5174
f 5173 5323 5175
f 5321 5323 5173
f 5175 5324 5176
f 5323 5324 5175
f 5176 5325 5177
f 5324 5325 5176
f 5177 5326 5178
f 5325 5326 5177
f 5178 5327 5179
f 5326 5327 5178
f 5179 5328 5180
f 5327 5328 5179
f 5180 5329 5181
f 5328 5329 5180
f 5181 5330 5182
f 5329 5330 5181
f 5182 5331 5183
f 5330 5331 5182
f 5183 5332 5184
f 5331 5332 5183
f 5184 5333 5185
f 5332 5333 5184
f 5185 5334 5186
f 5333 5334 5185
f 5186 5335 5187
f 5334 5335 5186
f 5187 5336 5188
f 5335 5336 5187
f 5188 5337 5189
f 5336 5337 5188
f 5189 5338 5190
f 5337 5338 5189
f 5190 5339 5191
f 5338 5339 5190
f 5191 5340 5192
f 5339 5340 5191
f 5192 5341 5193
f 5340 5341 5192
f 5193 5342 5194
f 5341 5342 5193
f 5194 5343 5195
f 5342 5343 5194
f 5195 5344 5196
f 5343 5344 5195
f 5196 5345 5197
f 5344 5345 5196
f 5197 5346 5198
f 5345 5346 5197
f 5198 5347 5199
f 5346 5347 5198
f 5199 5348 5200
f 5347 5348 5199
f 5200 5349 5201
f 5348 5349 5200
f 5201 5350 5202
f 5349 5350 5201
f 5202 5351 5203
f 5350 5351 5202
f 5203 5352 5204
f 5351 5352 5203
f 5204 5353 5205
f 5352 5353 5204
f 5205 5354 5206
f 5353 5354 5205
f 5206 5355 5207
f 5354 5355 5206
f 5207 5356 5208
f 5355 5356 5207
f 5208 5357 5209
f 5356 5357 5208
f 5209 5358 5210
f 5357 5358 5209
f 5210 5359 5211
f 5358 5359 5210
f 5212 5211 5359
f 5212 5359 5360
f 5362 5361 5213
f 5362 5213 5214
f 5174 5213 5322
f 5322 5213 5361
f 5360 5363 5212
f 5212 5363 5215
f 5216 5215 5363
f 5216 5363 5364
f 5366 5365 5217
f 5366 5217 5218
f 5214 5217 5362
f 5362 5217 5365
f 5364 5367 5216
f 5216 5367 5219
f 5220 5219 5367
f 5220 5367 5368
f 5221 5366 5218
f 5221 5369 5366
f 5368 5222 5220
f 5370 5222 5368
f 5223 5369 5221
f 5223 5371 5369
f 5370 5224 5222
f 5372 5224 5370
f 5225 5371 5223
f 5225 5373 5371
f 5372 5226 5224
f 5374 5226 5372
f 5227 5373 5225
f 5227 5375 5373
f 5374 5228 5226
f 5376 5228 5374
f 5229 5375 5227
f 5229 5377 5375
f 5376 5230 5228
f 5378 5230 5376
f 5231 5377 5229
f 5231 5379 5377
f 5378 5232 5230
f 5380 5232 5378
f 5233 5379 5231
f 5233 5381 5379
f 5380 5234 5232
f 5382 5234 5380
f 5235 5381 5233
f 5235 5383 5381
f 5382 5236 5234
f 5384 5236 5382
f 5237 5383 5235
f 5237 5385 5383
f 5384 5238 5236
f 5386 5238 5384
f 5239 5385 5237
f 5239 5387 5385
f 5386 5240 5238
f 5388 5240 5386
f 5241 5387 5239
f 5241 5389 5387
f 5388 5242 5240
f 5390 5242 5388
f 5243 5389 5241
f 5243 5391 5389
f 5390 5244 5242
f 5392 5244 5390
f 5245 5391 5243
f 5245 5393 5391
f 5392 5246 5244
f 5394 5246 5392
f 5247 5393 5245
f 5247 5395 5393
f 5394 5248 5246
f 5396 5248 5394
f 5249 5395 5247
f 5249 5397 5395
f 5396 5250 5248
f 5398 5250 5396
f 5251 5397 5249
f 5251 5399 5397
f 5398 5252 5250
f 5400 5252 5398
f 5253 5399 5251
f 5253 5401 5399
f 5400 5254 5252
f 5402 5254 5400
f 5255 5401 5253
f 5255 5403 5401
f 5402 5256 5254
f 5404 5256 5402
f 5257 5403 5255
f 5257 5405 5403
f 5404 5258 5256
f 5406 5258 5404
f 5259 5405 5257
f 5259 5407 5405
f 5406 5260 5258
f 5408 5260 5406
f 5261 5407 5259
f 5261 5409 5407
f 5408 5262 5260
f 5410 5262 5408
f 5263 5409 5261
f 5263 5411 5409
f 5410 5264 5262
f 5412 5264 5410
f 5265 5411 5263
f 5265 5413 5411
f 5412 5266 5264
f 5414 5266 5412
f 5267 5413 5265
f 5267 5415 5413
f 5414 5268 5266
f 5416 5268 5414
f 5269 5415 5267
f 5269 5417 5415
f 5416 5270 5268
f 5418 5270 5416
f 5271 5417 5269
f 5271 5419 5417
f 5418 5272 5270
f 5420 5272 5418
f 5273 5419 5271
f 5273 5421 5419
f 5420 5274 5272
f 5422 5274 5420
f 5423 5421 5273
f 5423 5273 5275
f 5275 5276 5423
f 5423 5276 5424
f 5426 5425 5278
f 5278 5425 5277
f 5278 5274 5422
f 5278 5422 5426
f 5427 5424 5276
f 5427 5276 5279
f 5279 5280 5427
f 5427 5280 5428
f 5430 5429 5282
f 5282 5429 5281
f 5282 5277 5425
f 5282 5425 5430
f 5431 5428 5280
f 5431 5280 5283
f 5432 5283 5284
f 5432 5431 5283
f 5433 5284 5285
f 5433 5432 5284
f 5434 5285 5286
f 5434 5433 5285
f 5435 5286 5287
f 5435 5434 5286
f 5436 5287 5288
f 5436 5435 5287
f 5437 5288 5289
f 5437 5436 5288
f 5438 5289 5290
f 5438 5437 5289
f 5439 5290 5291
f 5439 5438 5290
f 5440 5291 5292
f 5440 5439 5291
f 5441 5292 5293
f 5441 5440 5292
f 5442 5293 5294
f 5442 5441 5293
f 5443 5294 5295
f 5443 5442 5294
f 5444 5295 5296
f 5444 5443 5295
f 5445 5296 5297
f 5445 5444 5296
f 5446 5297 5298
f 5446 5445 5297
f 5447 5298 5299
f 5447 5446 5298
f 5448 5299 5300
f 5448 5447 5299
f 5449 5300 5301
f 5449 5448 5300
f 5450 5301 5302
f 5450 5449 5301
f 5451 5302 5303
f 5451 5450 5302
f 5452 5303 5304
f 5452 5451 5303
f 5453 5304 5305
f 5453 5452 5304
f 5454 5305 5306
f 5454 5453 5305
f 5455 5306 5307
f 5455 5454 5306
f 5456 5307 5308
f 5456 5455 5307
f 5457 5308 5309
f 5457 5456 5308
f 5458 5309 5310
f 5458 5457 5309
f 5459 5310 5311
f 5459 5458 5310
f 5460 5311 5312
f 5460 5459 5311
f 5461 5312 5313
f 5461 5460 5312
f 5462 5313 5314
f 5462 5461 5313
f 5463 5314 5315
f 5463 5462 5314
f 5464 5315 5316
f 5464 5463 5315
f 5465 5316 5317
f 5465 5464 5316
f 5466 5317 5318
f 5466 5465 5317
f 5467 5318 5319
f 5467 5466 5318
f 5468 5319 5320
f 5468 5467 5319
f 5320 5281 5429
f 5320 5429 5468
f 5470 5469 5321
f 5470 5321 5322
f 5321 5471 5323
f 5469 5471 5321
f 5323 5472 5324
f 5471 5472 5323
f 5324 5473 5325
f 5472 5473 5324
f 5325 5474 5326
f 5473 5474 5325
f 5326 5475 5327
f 5474 5475 5326
f 5327 5476 5328
f 5475 5476 5327
f 5328 5477 5329
f 5476 5477 5328
f 5329 5478 5330
f 5477 5478 5329
f 5330 5479 5331
f 5478 5479 5330
f 5331 5480 5332
f 5479 5480 5331
f 5332 5481 5333
f 5480 5481 5332
f 5333 5482 5334
f 5481 5482 5333
f 5334 5483 5335
f 5482 5483 5334
f 5335 5484 5336
f 5483 5484 5335
f 5336 5485 5337
f 5484 5485 5336
f 5337 5486 5338
f 5485 5486 5337
f 5338 5487 5339
f 5486 5487 5338
f 5339 5488 5340
f 5487 5488 5339
f 5340 5489 5341
f 5488 5489 5340
f 5341 5490 5342
f 5489 5490 5341
f 5342 5491 5343
f 5490 5491 5342
f 5343 5492 5344
f 5491 5492 5343
f 5344 5493 5345
f 5492 5493 5344
f 5345 5494 5346
f 5493 5494 5345
f 5346 5495 5347
f 5494 5495 5346
f 5347 5496 5348
f 5495 5496 5347
f 5348 5497 5349
f 5496 5497 5348
f 5349 5498 5350
f 5497 5498 5349
f 5350 5499 5351
f 5498 5499 5350
f 5351 5500 5352
f 5499 5500 5351
f 5352 5501 5353
f 5500 5501 5352
f 5353 5502 5354
f 5501 5502 5353
f 5354 5503 5355
f 5502 5503 5354
f 5355 5504 5356
f 5503 5504 5355
f 5356 5505 5357
f 5504 5505 5356
f 5357 5506 5358
f 5505 5506 5357
f 5358 5507 5359
f 5506 5507 5358
f 5360 5359 5507
f 5360 5507 5508
f 5510 5509 5361
f 5510 5361 5362
f 5322 5361 5470
f 5470 5361 5509
f 5508 5511 5360
f 5360 5511 5363
f 5364 5363 5511
f 5364 5511 5512
f 5514 5513 5365
f 5514 5365 5366
f 5362 5365 5510
f 5510 5365 5513
f 5512 5515 5364
f 5364 5515 5367
f 5368 5367 5515
f 5368 5515 5516
f 5369 5514 5366
f 5369 5517 5514
f 5516 5370 5368
f 5518 5370 5516
f 5371 5517 5369
f 5371 5519 5517
f 5518 5372 5370
f 5520 5372 5518
f 5373 5519 5371
f 5373 5521 5519
f 5520 5374 5372
f 5522 5374 5520
f 5375 5521 5373
f 5375 5523 5521
f 5522 5376 5374
f 5524 5376 5522
f 5377 5523 5375
f 5377 5525 5523
f 5524 5378 5376
f 5526 5378 5524
f 5379 5525 5377
f 5379 5527 5525
f 5526 5380 5378
f 5528 5380 5526
f 5381 5527 5379
f 5381 5529 5527
f 5528 5382 5380
f 5530 5382 5528
f 5383 5529 5381
f 5383 5531 5529
f 5530 5384 5382
f 5532 5384 5530
f 5385 5531 5383
f 5385 5533 5531
f 5532 5386 5384
f 5534 5386 5532
f 5387 5533 5385
f 5387 5535 5533
f 5534 5388 5386
f 5536 5388 5534
f 5389 5535 5387
f 5389 5537 5535
f 5536 5390 5388
f 5538 5390 5536
f 5391 5537 5389
f 5391 5539 5537
f 5538 5392 5390
f 5540 5392 5538
f 5393 5539 5391
f 5393 5541 5539
f 5540 5394 5392
f 5542 5394 5540
f 5395 5541 5393
f 5395 5543 5541
f 5542 5396 5394
f 5544 5396 5542
f 5397 5543 5395
f 5397 5545 5543
f 5544 5398 5396
f 5546 5398 5544
f 5399 5545 5397
f 5399 5547 5545
f 5546 5400 5398
f 5548 5400 5546
f 5401 5547 5399
f 5401 5549 5547
f 5548 5402 5400
f 5550 5402 5548
f 5403 5549 5401
f 5403 5551 5549
f 5550 5404 5402
f 5552 5404 5550
f 5405 5551 5403
f 5405 5553 5551
f 5552 5406 5404
f 5554 5406 5552
f 5407 5553 5405
f 5407 5555 5553
f 5554 5408 5406
f 5556 5408 5554
f 5409 5555 5407
f 5409 5557 5555
f 5556 5410 5408
f 5558 5410 5556
f 5411 5557 5409
f 5411 5559 5557
f 5558 5412 5410
f 5560 5412 5558
f 5413 5559 5411
f 5413 5561 5559
f 5560 5414 5412
f 5562 5414 5560
f 5415 5561 5413
f 5415 5563 5561
f 5562 5416 5414
f 5564 5416 5562
f 5417 5563 5415
f 5417 5565 5563
f 5564 5418 5416
f 5566 5418 5564
f 5419 5565 5417
f 5419 5567 5565
f 5566 5420 5418
f 5568 5420 5566
f 5421 5567 5419
f 5421 5569 5567
f 5568 5422 5420
f 5570 5422 5568
f 5571 5569 5421
f 5571 5421 5423
f 5423 5424 5571
f 5571 5424 5572
f 5574 5573 5426
f 5426 5573 5425
f 5426 5422 5570
f 5426 5570 5574
f 5575 5572 5424
f 5575 5424 5427
f 5427 5428 5575
f 5575 5428 5576
f 5578 5577 5430
f 5430 5577 5429
f 5430 5425 5573
f 5430 5573 5578
f 5579 5576 5428
f 5579 5428 5431
f 5580 5431 5432
f 5580 5579 5431
f 5581 5432 5433
f 5581 5580 5432
f 5582 5433 5434
f 5582 5581 5433
f 5583 5434 5435
f 5583 5582 5434
f 5584 5435 5436
f 5584 5583 5435
f 5585 5436 5437
f 5585 5584 5436
f 5586 5437 5438
f 5586 5585 5437
f 5587 5438 5439
f 5587 5586 5438
f 5588 5439 5440
f 5588 5587 5439
f 5589 5440 5441
f 5589 5588 5440
f 5590 5441 5442
f 5590 5589 5441
f 5591 5442 5443
f 5591 5590 5442
f 5592 5443 5444
f 5592 5591 5443
f 5593 5444 5445
f 5593 5592 5444
f 5594 5445 5446
f 5594 5593 5445
f 5595 5446 5447
f 5595 5594 5446
f 5596 5447 5448
f 5596 5595 5447
f 5597 5448 5449
f 5597 5596 5448
f 5598 5449 5450
f 5598 5597 5449
f 5599 5450 5451
f 5599 5598 5450
f 5600 5451 5452
f 5600 5599 5451
f 5601 5452 5453
f 5601 5600 5452
f 5602 5453 5454
f 5602 5601 5453
f 5603 5454 5455
f 5603 5602 5454
f 5604 5455 5456
f 5604 5603 5455
f 5605 5456 5457
f 5605 5604 5456
f 5606 5457 5458
f 5606 5605 5457
f 5607 5458 5459
f 5607 5606 5458
f 5608 5459 5460
f 5608 5607 5459
f 5609 5460 5461
f 5609 5608 5460
f 5610 5461 5462
f 5610 5609 5461
f 5611 5462 5463
f 5611 5610 5462
f 5612 5463 5464
f 5612 5611 5463
f 5613 5464 5465
f 5613 5612 5464
f 5614 5465 5466
f 5614 5613 5465
f 5615 5466 5467
f 5615 5614 5466
f 5616 5467 5468
f 5616 5615 5467
f 5468 5429 5577
f 5468 5577 5616
f 5618 5617 5469
f 5618 5469 5470
f 5469 5619 5471
f 5617 5619 5469
f 5471 5620 5472
f 5619 5620 5471
f 5472 5621 5473
f 5620 5621 5472
f 5473 5622 5474
f 5621 5622 5473
f 5474 5623 5475
f 5622 5623 5474
f 5475 5624 5476
f 5623 5624 5475
f 5476 5625 5477
f 5624 5625 5476
f 5477 5626 5478
f 5625 5626 5477
f 5478 5627 5479
f 5626 5627 5478
f 5479 5628 5480
f 5627 5628 5479
f 5480 5629 5481
f 5628 5629 5480
f 5481 5630 5482
f 5629 5630 5481
f 5482 5631 5483
f 5630 5631 5482
f 5483 5632 5484
f 5631 5632 5483
f 5484 5633 5485
f 5632 5633 5484
f 5485 5634 5486
f 5633 5634 5485
f 5486 5635 5487
f 5634 5635 5486
f 5487 5636 5488
f 5635 5636 5487
f 5488 5637 5489
f 5636 5637 5488
f 5489 5638 5490
f 5637 5638 5489
f 5490 5639 5491
f 5638 5639 5490
f 5491 5640 5492
f 5639 5640 5491
f 5492 5641 5493
f 5640 5641 5492
f 5493 5642 5494
f 5641 5642 5493
f 5494 5643 5495
f 5642 5643 5494
f 5495 5644 5496
f 5643 5644 5495
f 5496 5645 5497
f 5644 5645 5496
f 5497 5646 5498
f 5645 5646 5497
f 5498 5647 5499
f 5646 5647 5498
f 5499 5648 5500
f 5647 5648 5499
f 5500 5649 5501
f 5648 5649 5500
f 5501 5650 5502
f 5649 5650 5501
f 5502 5651 5503
f 5650 5651 5502
f 5503 5652 5504
f 5651 5652 5503
f 5504 5653 5505
f 5652 5653 5504
f 5505 5654 5506
f 5653 5654 5505
f 5506 5655 5507
f 5654 5655 5506
f 5508 5507 5655
f 5508 5655 5656
f 5658 5657 5509
f 5658 5509 5510
f 5470 5509 5618
f 5618 5509 5657
f 5656 5659 5508
f 5508 5659 5511
f 5512 5511 5659
f 5512 5659 5660
f 5662 5661 5513
f 5662 5513 5514
f 5510 5513 5658
f 5658 5513 5661
f 5660 5663 5512
f 5512 5663 5515
f 5516 5515 5663
f 5516 5663 5664
f 5517 5662 5514
f 5517 5665 5662
f 5664 5518 5516
f 5666 5518 5664
f 5519 5665 5517
f 5519 5667 5665
f 5666 5520 5518
f 5668 5520 5666
f 5521 5667 5519
f 5521 5669 5667
f 5668 5522 5520
f 5670 5522 5668
f 5523 5669 5521
f 5523 5671 5669
f 5670 5524 5522
f 5672 5524 5670
f 5525 5671 5523
f 5525 5673 5671
f 5672 5526 5524
f 5674 5526 5672
f 5527 5673 5525
f 5527 5675 5673
f 5674 5528 5526
f 5676 5528 5674
f 5529 5675 5527
f 5529 5677 5675
f 5676 5530 5528
f 5678 5530 5676
f 5531 5677 5529
f 5531 5679 5677
f 5678 5532 5530
f 5680 5532 5678
f 5533 5679 5531
f 5533 5681 5679
f 5680 5534 5532
f 5682 5534 5680
f 5535 5681 5533
f 5535 5683 5681
f 5682 5536 5534
f 5684 5536 5682
f 5537 5683 5535
f 5537 5685 5683
f 5684 5538 5536
f 5686 5538 5684
f 5539 5685 5537
f 5539 5687 5685
f 5686 5540 5538
f 5688 5540 5686
f 5541 5687 5539
f 5541 5689 5687
f 5688 5542 5540
f 5690 5542 5688
f 5543 5689 5541
f 5543 5691 5689
f 5690 5544 5542
f 5692 5544 5690
f 5545 5691 5543
f 5545 5693 5691
f 5692 5546 5544
f 5694 5546 5692
f 5547 5693 5545
f 5547 5695 5693
f 5694 5548 5546
f 5696 5548 5694
f 5549 5695 5547
f 5549 5697 5695
f 5696 5550 5548
f 5698 5550 5696
f 5551 5697 5549
f 5551 5699 5697
f 5698 5552 5550
f 5700 5552 5698
f 5553 5699 5551
f 5553 5701 5699
f 5700 5554 5552
f 5702 5554 5700
f 5555 5701 5553
f 5555 5703 5701
f 5702 5556 5554
f 5704 5556 5702
f 5557 5703 5555
f 5557 5705 5703
f 5704 5558 5556
f 5706 5558 5704
f 5559 5705 5557
f 5559 5707 5705
f 5706 5560 5558
f 5708 5560 5706
f 5561 5707 5559
f 5561 5709 5707
f 5708 5562 5560
f 5710 5562 5708
f 5563 5709 5561
f 5563 5711 5709
f 5710 5564 5562
f 5712 5564 5710
f 5565 5711 5563
f 5565 5713 5711
f 5712 5566 5564
f 5714 5566 5712
f 5567 5713 5565
f 5567 5715 5713
f 5714 5568 5566
f 5716 5568 5714
f 5569 5715 5567
f 5569 5717 5715
f 5716 5570 5568
f 5718 5570 5716
f 5719 5717 5569
f 5719 5569 5571
f 5571 5572 5719
f 5719 5572 5720
f 5722 5721 5574
f 5574 5721 5573
f 5574 5570 5718
f 5574 5718 5722
f 5723 5720 5572
f 5723 5572 5575
f 5575 5576 5723
f 5723 5576 5724
f 5726 5725 5578
f 5578 5725 5577
f 5578 5573 5721
f 5578 5721 5726
f 5727 5724 5576
f 5727 5576 5579
f 5728 5579 5580
f 5728 5727 5579
f 5729 5580 5581
f 5729 5728 5580
f 5730 5581 5582
f 5730 5729 5581
f 5731 5582 5583
f 5731 5730 5582
f 5732 5583 5584
f 5732 5731 5583
f 5733 5584 5585
f 5733 5732 5584
f 5734 5585 5586
f 5734 5733 5585
f 5735 5586 5587
f 5735 5734 5586
f 5736 5587 5588
f 5736 5735 5587
f 5737 5588 5589
f 5737 5736 5588
f 5738 5589 5590
f 5738 5737 5589
f 5739 5590 5591
f 5739 5738 5590
f 5740 5591 5592
f 5740 5739 5591
f 5741 5592 5593
f 5741 5740 5592
f 5742 5593 5594
f 5742 5741 5593
f 5743 5594 5595
f 5743 5742 5594
f 5744 5595 5596
f 5744 5743 5595
f 5745 5596 5597
f 5745 5744 5596
f 5746 5597 5598
f 5746 5745 5597
f 5747 5598 5599
f 5747 5746 5598
f 5748 5599 5600
f 5748 5747 5599
f 5749 5600 5601
f 5749 5748 5600
f 5750 5601 5602
f 5750 5749 5601
f 5751 5602 5603
f 5751 5750 5602
f 5752 5603 5604
f 5752 5751 5603
f 5753 5604 5605
f 5753 5752 5604
f 5754 5605 5606
f 5754 5753 5605
f 5755 5606 5607
f 5755 5754 5606
f 5756 5607 5608
f 5756 5755 5607
f 5757 5608 5609
f 5757 5756 5608
f 5758 5609 5610
f 5758 5757 5609
f 5759 5610 5611
f 5759 5758 5610
f 5760 5611 5612
f 5760 5759 5611
f 5761 5612 5613
f 5761 5760 5612
f 5762 5613 5614
f 5762 5761 5613
f 5763 5614 5615
f 5763 5762 5614
f 5764 5615 5616
f 5764 5763 5615
f 5616 5577 5725
f 5616 5725 5764
f 5766 5765 5617
f 5766 5617 5618
f 5617 5767 5619
f 5765 5767 5617
f 5619 5768 5620
f 5767 5768 5619
f 5620 5769 5621
f 5768 5769 5620
f 5621 5770 5622
f 5769 5770 5621
f 5622 5771 5623
f 5770 5771 5622
f 5623 5772 5624
f 5771 5772 5623
f 5624 5773 5625
f 5772 5773 5624
f 5625 5774 5626
f 5773 5774 5625
f 5626 5775 5627
f 5774 5775 5626
f 5627 5776 5628
f 5775 5776 5627
f 5628 5777 5629
f 5776 5777 5628
f 5629 5778 5630
f 5777 5778 5629
f 5630 5779 5631
f 5778 5779 5630
f 5631 5780 5632
f 5779 5780 5631
f 5632 5781 5633
f 5780 5781 5632
f 5633 5782 5634
f 5781 5782 5633
f 5634 5783 5635
f 5782 5783 5634
f 5635 5784 5636
f 5783 5784 5635
f 5636 5785 5637
f 5784 5785 5636
f 5637 5786 5638
f 5785 5786 5637
f 5638 5787 5639
f 5786 5787 5638
f 5639 5788 5640
f 5787 5788 5639
f 5640 5789 5641
f 5788 5789 5640
f 5641 5790 5642
f 5789 5790 5641
f 5642 5791 5643
f 5790 5791 5642
f 5643 5792 5644
f 5791 5792 5643
f 5644 5793 5645
f 5792 5793 5644
f 5645 5794 5646
f 5793 5794 5645
f 5646 5795 5647
f 5794 5795 5646
f 5647 5796 5648
f 5795 5796 5647
f 5648 5797 5649
f 5796 5797 5648
f 5649 5798 5650
f 5797 5798 5649
f 5650 5799 5651
f 5798 5799 5650
f 5651 5800 5652
f 5799 5800 5651
f 5652 5801 5653
f 5800 5801 5652
f 5653 5802 5654
f 5801 5802 5653
f 5654 5803 5655
f 5802 5803 5654
f 5656 5655 5803
f 5656 5803 5804
f 5806 5805 5657
f 5806 5657 5658
f 5618 5657 5766
f 5766 5657 5805
f 5804 5807 5656
f 5656 5807 5659
f 5660 5659 5807
f 5660 5807 5808
f 5810 5809 5661
f 5810 5661 5662
f 5658 5661 5806
f 5806 5661 5809
f 5808 5811 5660
f 5660 5811 5663
f 5664 5663 5811
f 5664 5811 5812
f 5665 5810 5662
f 5665 5813 5810
f 5812 5666 5664
f 5814 5666 5812
f 5667 5813 5665
f 5667 5815 5813
f 5814 5668 5666
f 5816 5668 5814
f 5669 5815 5667
f 5669 5817 5815
f 5816 5670 5668
f 5818 5670 5816
f 5671 5817 5669
f 5671 5819 5817
f 5818 5672 5670
f 5820 5672 5818
f 5673 5819 5671
f 5673 5821 5819
f 5820 5674 5672
f 5822 5674 5820
f 5675 5821 5673
f 5675 5823 5821
f 5822 5676 5674
f 5824 5676 5822
f 5677 5823 5675
f 5677 5825 5823
f 5824 5678 5676
f 5826 5678 5824
f 5679 5825 5677
f 5679 5827 5825
f 5826 5680 5678
f 5828 5680 5826
f 5681 5827 5679
f 5681 5829 5827
f 5828 5682 5680
f 5830 5682 5828
f 5683 5829 5681
f 5683 5831 5829
f 5830 5684 5682
f 5832 5684 5830
f 5685 5831 5683
f 5685 5833 5831
f 5832 5686 5684
f 5834 5686 5832
f 5687 5833 5685
f 5687 5835 5833
f 5834 5688 5686
f 5836 5688 5834
f 5689 5835 5687
f 5689 5837 5835
f 5836 5690 5688
f 5838 5690 5836
f 5691 5837 5689
f 5691 5839 5837
f 5838 5692 5690
f 5840 5692 5838
f 5693 5839 5691
f 5693 5841 5839
f 5840 5694 5692
f 5842 5694 5840
f 5695 5841 5693
f 5695 5843 5841
f 5842 5696 5694
f 5844 5696 5842
f 5697 5843 5695
f 5697 5845 5843
f 5844 5698 5696
f 5846 5698 5844
f 5699 5845 5697
f 5699 5847 5845
f 5846 5700 5698
f 5848 5700 5846
f 5701 5847 5699
f 5701 5849 5847
f 5848 5702 5700
f 5850 5702 5848
f 5703 5849 5701
f 5703 5851 5849
f 5850 5704 5702
f 5852 5704 5850
f 5705 5851 5703
f 5705 5853 5851
f 5852 5706 5704
f 5854 5706 5852
f 5707 5853 5705
f 5707 5855 5853
f 5854 5708 5706
f 5856 5708 5854
f 5709 5855 5707
f 5709 5857 5855
f 5856 5710 5708
f 5858 5710 5856
f 5711 5857 5709
f 5711 5859 5857
f 5858 5712 5710
f 5860 5712 5858
f 5713 5859 5711
f 5713 5861 5859
f 5860 5714 5712
f 5862 5714 5860
f 5715 5861 5713
f 5715 5863 5861
f 5862 5716 5714
f 5864 5716 5862
f 5717 5863 5715
f 5717 5865 5863
f 5864 5718 5716
f 5866 5718 5864
f 5867 5865 5717
f 5867 5717 5719
f 5719 5720 5867
f 5867 5720 5868
f 5870 5869 5722
f 5722 5869 5721
f 5722 5718 5866
f 5722 5866 5870
f 5871 5868 5720
f 5871 5720 5723
f 5723 5724 5871
f 5871 5724 5872
f 5874 5873 5726
f 5726 5873 5725
f 5726 5721 5869
f 5726 5869 5874
f 5875 5872 5724
f 5875 5724 5727
f 5876 5727 5728
f 5876 5875 5727
f 5877 5728 5729
f 5877 5876 5728
f 5878 5729 5730
f 5878 5877 5729
f 5879 5730 5731
f 5879 5878 5730
f 5880 5731 5732
f 5880 5879 5731
f 5881 5732 5733
f 5881 5880 5732
f 5882 5733 5734
f 5882 5881 5733
f 5883 5734 5735
f 5883 5882 5734
f 5884 5735 5736
f 5884 5883 5735
f 5885 5736 5737
f 5885 5884 5736
f 5886 5737 5738
f 5886 5885 5737
f 5887 5738 5739
f 5887 5886 5738
f 5888 5739 5740
f 5888 5887 5739
f 5889 5740 5741
f 5889 5888 5740
f 5890 5741 5742
f 5890 5889 5741
f 5891 5742 5743
f 5891 5890 5742
f 5892 5743 5744
f 5892 5891 5743
f 5893 5744 5745
f 5893 5892 5744
f 5894 5745 5746
f 5894 5893 5745
f 5895 5746 5747
f 5895 5894 5746
f 5896 5747 5748
f 5896 5895 5747
f 5897 5748 5749
f 5897 5896 5748
f 5898 5749 5750
f 5898 5897 5749
f 5899 5750 5751
f 5899 5898 5750
f 5900 5751 5752
f 5900 5899 5751
f 5901 5752 5753
f 5901 5900 5752
f 5902 5753 5754
f 5902 5901 5753
f 5903 5754 5755
f 5903 5902 5754
f 5904 5755 5756
f 5904 5903 5755
f 5905 5756 5757
f 5905 5904 5756
f 5906 5757 5758
f 5906 5905 5757
f 5907 5758 5759
f 5907 5906 5758
f 5908 5759 5760
f 5908 5907 5759
f 5909 5760 5761
f 5909 5908 5760
f 5910 5761 5762
f 5910 5909 5761
f 5911 5762 5763
f 5911 5910 5762
f 5912 5763 5764
f 5912 5911 5763
f 5764 5725 5873
f 5764 5873 5912
f 5914 5913 5765
f 5914 5765 5766
f 5765 5915 5767
f 5913 5915 5765
f 5767 5916 5768
f 5915 5916 5767
f 5768 5917 5769
f 5916 5917 5768
f 5769 5918 5770
f 5917 5918 5769
f 5770 5919 5771
f 5918 5919 5770
f 5771 5920 5772
f 5919 5920 5771
f 5772 5921 5773
f 5920 5921 5772
f 5773 5922 5774
f 5921 5922 5773
f 5774 5923 5775
f 5922 5923 5774
f 5775 5924 5776
f 5923 5924 5775
f 5776 5925 5777
f 5924 5925 5776
f 5777 5926 5778
f 5925 5926 5777
f 5778 5927 5779
f 5926 5927 5778
f 5779 5928 5780
f 5927 5928 5779
f 5780 5929 5781
f 5928 5929 5780
f 5781 5930 5782
f 5929 5930 5781
f 5782 5931 5783
f 5930 5931 5782
f 5783 5932 5784
f 5931 5932 5783
f 5784 5933 5785
f 5932 5933 5784
f 5785 5934 5786
f 5933 5934 5785
f 5786 5935 5787
f 5934 5935 5786
f 5787 5936 5788
f 5935 5936 5787
f 5788 5937 5789
f 5936 5937 5788
f 5789 5938 5790
f 5937 5938 5789
f 5790 5939 5791
f 5938 5939 5790
f 5791 5940 5792
f 5939 5940 5791
f 5792 5941 5793
f 5940 5941 5792
f 5793 5942 5794
f 5941 5942 5793
f 5794 5943 5795
f 5942 5943 5794
f 5795 5944 5796
f 5943 5944 5795
f 5796 5945 5797
f 5944 5945 5796
f 5797 5946 5798
f 5945 5946 5797
f 5798 5947 5799
f 5946 5947 5798
f 5799 5948 5800
f 5947 5948 5799
f 5800 5949 5801
f 5948 5949 5800
f 5801 5950 5802
f 5949 5950 5801
f 5802 5951 5803
f 5950 5951 5802
f 5804 5803 5951
f 5804 5951 5952
f 5954 5953 5805
f 5954 5805 5806
f 5766 5805 5914
f 5914 5805 5953
f 5952 5955 5804
f 5804 5955 5807
f 5808 5807 5955
f 5808 5955 5956
f 5958 5957 5809
f 5958 5809 5810
f 5806 5809 5954
f 5954 5809 5957
f 5956 5959 5808
f 5808 5959 5811
f 5812 5811 5959
f 5812 5959 5960
f 5813 5958 5810
f 5813 5961 5958
f 5960 5814 5812
f 5962 5814 5960
f 5815 5961 5813
f 5815 5963 5961
f 5962 5816 5814
f 5964 5816 5962
f 5817 5963 5815
f 5817 5965 5963
f 5964 5818 5816
f 5966 5818 5964
f 5819 5965 5817
f 5819 5967 5965
f 5966 5820 5818
f 5968 5820 5966
f 5821 5967 5819
f 5821 5969 5967
f 5968 5822 5820
f 5970 5822 5968
f 5823 5969 5821
f 5823 5971 5969
f 5970 5824 5822
f 5972 5824 5970
f 5825 5971 5823
f 5825 5973 5971
f 5972 5826 5824
f 5974 5826 5972
f 5827 5973 5825
f 5827 5975 5973
f 5974 5828 5826
f 5976 5828 5974
f 5829 5975 5827
f 5829 5977 5975
f 5976 5830 5828
f 5978 5830 5976
f 5831 5977 5829
f 5831 5979 5977
f 5978 5832 5830
f 5980 5832 5978
f 5833 5979 5831
f 5833 5981 5979
f 5980 5834 5832
f 5982 5834 5980
f 5835 5981 5833
f 5835 5983 5981
f 5982 5836 5834
f 5984 5836 5982
f 5837 5983 5835
f 5837 5985 5983
f 5984 5838 5836
f 5986 5838 5984
f 5839 5985 5837
f 5839 5987 5985
f 5986 5840 5838
f 5988 5840 5986
f 5841 5987 5839
f 5841 5989 5987
f 5988 5842 5840
f 5990 5842 5988
f 5843 5989 5841
f 5843 5991 5989
f 5990 5844 5842
f 5992 5844 5990
f 5845 5991 5843
f 5845 5993 5991
f 5992 5846 5844
f 5994 5846 5992
f 5847 5993 5845
f 5847 5995 5993
f 5994 5848 5846
f 5996 5848 5994
f 5849 5995 5847
f 5849 5997 5995
f 5996 5850 5848
f 5998 5850 5996
f 5851 5997 5849
f 5851 5999 5997
f 5998 5852 5850
f 6000 5852 5998
f 5853 5999 5851
f 5853 6001 5999
f 6000 5854 5852
f 6002 5854 6000
f 5855 6001 5853
f 5855 6003 6001
f 6002 5856 5854
f 6004 5856 6002
f 5857 6003 5855
f 5857 6005 6003
f 6004 5858 5856
f 6006 5858 6004
f 5859 6005 5857
f 5859 6007 6005
f 6006 5860 5858
f 6008 5860 6006
f 5861 6007 5859
f 5861 6009 6007
f 6008 5862 5860
f 6010 5862 6008
f 5863 6009 5861
f 5863 6011 6009
f 6010 5864 5862
f 6012 5864 6010
f 5865 6011 5863
f 5865 6013 6011
f 6012 5866 5864
f 6014 5866 6012
f 6015 6013 5865
f 6015 5865 5867
f 5867 5868 6015
f 6015 5868 6016
f 6018 6017 5870
f 5870 6017 5869
f 5870 5866 6014
f 5870 6014 6018
f 6019 6016 5868
f 6019 5868 5871
f 5871 5872 6019
f 6019 5872 6020
f 6022 6021 5874
f 5874 6021 5873
f 5874 5869 6017
f 5874 6017 6022
f 6023 6020 5872
f 6023 5872 5875
f 6024 5875 5876
f 6024 6023 5875
f 6025 5876 5877
f 6025 6024 5876
f 6026 5877 5878
f 6026 6025 5877
f 6027 5878 5879
f 6027 6026 5878
f 6028 5879 5880
f 6028 6027 5879
f 6029 5880 5881
f 6029 6028 5880
f 6030 5881 5882
f 6030 6029 5881
f 6031 5882 5883
f 6031 6030 5882
f 6032 5883 5884
f 6032 6031 5883
f 6033 5884 5885
f 6033 6032 5884
f 6034 5885 5886
f 6034 6033 5885
f 6035 5886 5887
f 6035 6034 5886
f 6036 5887 5888
f 6036 6035 5887
f 6037 5888 5889
f 6037 6036 5888
f 6038 5889 5890
f 6038 6037 5889
f 6039 5890 5891
f 6039 6038 5890
f 6040 5891 5892
f 6040 6039 5891
f 6041 5892 5893
f 6041 6040 5892
f 6042 5893 5894
f 6042 6041 5893
f 6043 5894 5895
f 6043 6042 5894
f 6044 5895 5896
f 6044 6043 5895
f 6045 5896 5897
f 6045 6044 5896
f 6046 5897 5898
f 6046 6045 5897
f 6047 5898 5899
f 6047 6046 5898
f 6048 5899 5900
f 6048 6047 5899
f 6049 5900 5901
f 6049 6048 5900
f 6050 5901 5902
f 6050 6049 5901
f 6051 5902 5903
f 6051 6050 5902
f 6052 5903 5904
f 6052 6051 5903
f 6053 5904 5905
f 6053 6052 5904
f 6054 5905 5906
f 6054 6053 5905
f 6055 5906 5907
f 6055 6054 5906
f 6056 5907 5908
f 6056 6055 5907
f 6057 5908 5909
f 6057 6056 5908
f 6058 5909 5910
f 6058 6057 5909
f 6059 5910 5911
f 6059 6058 5910
f 6060 5911 5912
f 6060 6059 5911
f 5912 5873 6021
f 5912 6021 6060
f 6062 6061 5913
f 6062 5913 5914
f 5913 6063 5915
f 6061 6063 5913
f 5915 6064 5916
f 6063 6064 5915
f 5916 6065 5917
f 6064 6065 5916
f 5917 6066 5918
f 6065 6066 5917
f 5918 6067 5919
f 6066 6067 5918
f 5919 6068 5920
f 6067 6068 5919
f 5920 6069 5921
f 6068 6069 5920
f 5921 6070 5922
f 6069 6070 5921
f 5922 6071 5923
f 6070 6071 5922
f 5923 6072 5924
f 6071 6072 5923
f 5924 6073 5925
f 6072 6073 5924
f 5925 6074 5926
f 6073 6074 5925
f 5926 6075 5927
f 6074 6075 5926
f 5927 6076 5928
f 6075 6076 5927
f 5928 6077 5929
f 6076 6077 5928
f 5929 6078 5930
f 6077 6078 5929
f 5930 6079 5931
f 6078 6079 5930
f 5931 6080 5932
f 6079 6080 5931
f 5932 6081 5933
f 6080 6081 5932
f 5933 6082 5934
f 6081 6082 5933
f 5934 6083 5935
f 6082 6083 5934
f 5935 6084 5936
f 6083 6084 5935
f 5936 6085 5937
f 6084 6085 5936
f 5937 6086 5938
f 6085 6086 5937
f 5938 6087 5939
f 6086 6087 5938
f 5939 6088 5940
f 6087 6088 5939
f 5940 6089 5941
f 6088 6089 5940
f 5941 6090 5942
f 6089 6090 5941
f 5942 6091 5943
f 6090 6091 5942
f 5943 6092 5944
f 6091 6092 5943
f 5944 6093 5945
f 6092 6093 5944
f 5945 6094 5946
f 6093 6094 5945
f 5946 6095 5947
f 6094 6095 5946
f 5947 6096 5948
f 6095 6096 5947
f 5948 6097 5949
f 6096 6097 5948
f 5949 6098 5950
f 6097 6098 5949
f 5950 6099 5951
f 6098 6099 5950
f 5952 5951 6099
f 5952 6099 6100
f 6102 6101 5953
f 6102 5953 5954
f 5914 5953 6062
f 6062 5953 6101
f 6100 6103 5952
f 5952 6103 5955
f 5956 5955 6103
f 5956 6103 6104
f 6106 6105 5957
f 6106 5957 5958
f 5954 5957 6102
f 6102 5957 6105
f 6104 6107 5956
f 5956 6107 5959
f 5960 5959 6107
f 5960 6107 6108
f 5961 6106 5958
f 5961 6109 6106
f 6108 5962 5960
f 6110 5962 6108
f 5963 6109 5961
f 5963 6111 6109
f 6110 5964 5962
f 6112 5964 6110
f 5965 6111 5963
f 5965 6113 6111
f 6112 5966 5964
f 6114 5966 6112
f 5967 6113 5965
f 5967 6115 6113
f 6114 5968 5966
f 6116 5968 6114
f 5969 6115 5967
f 5969 6117 6115
f 6116 5970 5968
f 6118 5970 6116
f 5971 6117 5969
f 5971 6119 6117
f 6118 5972 5970
f 6120 5972 6118
f 5973 6119 5971
f 5973 6121 6119
f 6120 5974 5972
f 6122 5974 6120
f 5975 6121 5973
f 5975 6123 6121
f 6122 5976 5974
f 6124 5976 6122
f 5977 6123 5975
f 5977 6125 6123
f 6124 5978 5976
f 6126 5978 6124
f 5979 6125 5977
f 5979 6127 6125
f 6126 5980 5978
f 6128 5980 6126
f 5981 6127 5979
f 5981 6129 6127
f 6128 5982 5980
f 6130 5982 6128
f 5983 6129 5981
f 5983 6131 6129
f 6130 5984 5982
f 6132 5984 6130
f 5985 6131 5983
f 5985 6133 6131
f 6132 5986 5984
f 6134 5986 6132
f 5987 6133 5985
f 5987 6135 6133
f 6134 5988 5986
f 6136 5988 6134
f 5989 6135 5987
f 5989 6137 6135
f 6136 5990 5988
f 6138 5990 6136
f 5991 6137 5989
f 5991 6139 6137
f 6138 5992 5990
f 6140 5992 6138
f 5993 6139 5991
f 5993 6141 6139
f 6140 5994 5992
f 6142 5994 6140
f 5995 6141 5993
f 5995 6143 6141
f 6142 5996 5994
f 6144 5996 6142
f 5997 6143 5995
f 5997 6145 6143
f 6144 5998 5996
f 6146 5998 6144
f 5999 6145 5997
f 5999 6147 6145
f 6146 6000 5998
f 6148 6000 6146
f 6001 6147 5999
f 6001 6149 6147
f 6148 6002 6000
f 6150 6002 6148
f 6003 6149 6001
f 6003 6151 6149
f 6150 6004 6002
f 6152 6004 6150
f 6005 6151 6003
f 6005 6153 6151
f 6152 6006 6004
f 6154 6006 6152
f 6007 6153 6005
f 6007 6155 6153
f 6154 6008 6006
f 6156 6008 6154
f 6009 6155 6007
f 6009 6157 6155
f 6156 6010 6008
f 6158 6010 6156
f 6011 6157 6009
f 6011 6159 6157
f 6158 6012 6010
f 6160 6012 6158
f 6013 6159 6011
f 6013 6161 6159
f 6160 6014 6012
f 6162 6014 6160
f 6163 6161 6013
f 6163 6013 6015
f 6015 6016 6163
f 6163 6016 6164
f 6166 6165 6018
f 6018 6165 6017
f 6018 6014 6162
f 6018 6162 6166
f 6167 6164 6016
f 6167 6016 6019
f 6019 6020 6167
f 6167 6020 6168
f 6170 6169 6022
f 6022 6169 6021
f 6022 6017 6165
f 6022 6165 6170
f 6171 6168 6020
f 6171 6020 6023
f 6172 6023 6024
f 6172 6171 6023
f 6173 6024 6025
f 6173 6172 6024
f 6174 6025 6026
f 6174 6173 6025
f 6175 6026 6027
f 6175 6174 6026
f 6176 6027 6028
f 6176 6175 6027
f 6177 6028 6029
f 6177 6176 6028
f 6178 6029 6030
f 6178 6177 6029
f 6179 6030 6031
f 6179 6178 6030
f 6180 6031 6032
f 6180 6179 6031
f 6181 6032 6033
f 6181 6180 6032
f 6182 6033 6034
f 6182 6181 6033
f 6183 6034 6035
f 6183 6182 6034
f 6184 6035 6036
f 6184 6183 6035
f 6185 6036 6037
f 6185 6184 6036
f 6186 6037 6038
f 6186 6185 6037
f 6187 6038 6039
f 6187 6186 6038
f 6188 6039 6040
f 6188 6187 6039
f 6189 6040 6041
f 6189 6188 6040
f 6190 6041 6042
f 6190 6189 6041
f 6191 6042 6043
f 6191 6190 6042
f 6192 6043 6044
f 6192 6191 6043
f 6193 6044 6045
f 6193 6192 6044
f 6194 6045 6046
f 6194 6193 6045
f 6195 6046 6047
f 6195 6194 6046
f 6196 6047 6048
f 6196 6195 6047
f 6197 6048 6049
f 6197 6196 6048
f 6198 6049 6050
f 6198 6197 6049
f 6199 6050 6051
f 6199 6198 6050
f 6200 6051 6052
f 6200 6199 6051
f 6201 6052 6053
f 6201 6200 6052
f 6202 6053 6054
f 6202 6201 6053
f 6203 6054 6055
f 6203 6202 6054
f 6204 6055 6056
f 6204 6203 6055
f 6205 6056 6057
f 6205 6204 6056
f 6206 6057 6058
f 6206 6205 6057
f 6207 6058 6059
f 6207 6206 6058
f 6208 6059 6060
f 6208 6207 6059
f 6060 6021 6169
f 6060 6169 6208
f 6210 6209 6061
f 6210 6061 6062
f 6061 6211 6063
f 6209 6211 6061
f 6063 6212 6064
f 6211 6212 6063
f 6064 6213 6065
f 6212 6213 6064
f 6065 6214 6066
f 6213 6214 6065
f 6066 6215 6067
f 6214 6215 6066
f 6067 6216 6068
f 6215 6216 6067
f 6068 6217 6069
f 6216 6217 6068
f 6069 6218 6070
f 6217 6218 6069
f 6070 6219 6071
f 6218 6219 6070
f 6071 6220 6072
f 6219 6220 6071
f 6072 6221 6073
f 6220 6221 6072
f 6073 6222 6074
f 6221 6222 6073
f 6074 6223 6075
f 6222 6223 6074
f 6075 6224 6076
f 6223 6224 6075
f 6076 6225 6077
f 6224 6225 6076
f 6077 6226 6078
f 6225 6226 6077
f 6078 6227 6079
f 6226 6227 6078
f 6079 6228 6080
f 6227 6228 6079
f 6080 6229 6081
f 6228 6229 6080
f 6081 6230 6082
f 6229 6230 6081
f 6082 6231 6083
f 6230 6231 6082
f 6083 6232 6084
f 6231 6232 6083
f 6084 6233 6085
f 6232 6233 6084
f 6085 6234 6086
f 6233 6234 6085
f 6086 6235 6087
f 6234 6235 6086
f 6087 6236 6088
f 6235 6236 6087
f 6088 6237 6089
f 6236 6237 6088
f 6089 6238 6090
f 6237 6238 6089
f 6090 6239 6091
f 6238 6239 6090
f 6091 6240 6092
f 6239 6240 6091
f 6092 6241 6093
f 6240 6241 6092
f 6093 6242 6094
f 6241 6242 6093
f 6094 6243 6095
f 6242 6243 6094
f 6095 6244 6096
f 6243 6244 6095
f 6096 6245 6097
f 6244 6245 6096
f 6097 6246 6098
f 6245 6246 6097
f 6098 6247 6099
f 6246 6247 6098
f 6100 6099 6247
f 6100 6247 6248
f 6250 6249 6101
f 6250 6101 6102
f 6062 6101 6210
f 6210 6101 6249
f 6248 6251 6100
f 6100 6251 6103
f 6104 6103 6251
f 6104 6251 6252
f 6254 6253 6105
f 6254 6105 6106
f 6102 6105 6250
f 6250 6105 6253
f 6252 6255 6104
f 6104 6255 6107
f 6108 6107 6255
f 6108 6255 6256
f 6109 6254 6106
f 6109 6257 6254
f 6256 6110 6108
f 6258 6110 6256
f 6111 6257 6109
f 6111 6259 6257
f 6258 6112 6110
f 6260 6112 6258
f 6113 6259 6111
f 6113 6261 6259
f 6260 6114 6112
f 6262 6114 6260
f 6115 6261 6113
f 6115 6263 6261
f 6262 6116 6114
f 6264 6116 6262
f 6117 6263 6115
f 6117 6265 6263
f 6264 6118 6116
f 6266 6118 6264
f 6119 6265 6117
f 6119 6267 6265
f 6266 6120 6118
f 6268 6120 6266
f 6121 6267 6119
f 6121 6269 6267
f 6268 6122 6120
f 6270 6122 6268
f 6123 6269 6121
f 6123 6271 6269
f 6270 6124 6122
f 6272 6124 6270
f 6125 6271 6123
f 6125 6273 6271
f 6272 6126 6124
f 6274 6126 6272
f 6127 6273 6125
f 6127 6275 6273
f 6274 6128 6126
f 6276 6128 6274
f 6129 6275 6127
f 6129 6277 6275
f 6276 6130 6128
f 6278 6130 6276
f 6131 6277 6129
f 6131 6279 6277
f 6278 6132 6130
f 6280 6132 6278
f 6133 6279 6131
f 6133 6281 6279
f 6280 6134 6132
f 6282 6134 6280
f 6135 6281 6133
f 6135 6283 6281
f 6282 6136 6134
f 6284 6136 6282
f 6137 6283 6135
f 6137 6285 6283
f 6284 6138 6136
f 6286 6138 6284
f 6139 6285 6137
f 6139 6287 6285
f 6286 6140 6138
f 6288 6140 6286
f 6141 6287 6139
f 6141 6289 6287
f 6288 6142 6140
f 6290 6142 6288
f 6143 6289 6141
f 6143 6291 6289
f 6290 6144 6142
f 6292 6144 6290
f 6145 6291 6143
f 6145 6293 6291
f 6292 6146 6144
f 6294 6146 6292
f 6147 6293 6145
f 6147 6295 6293
f 6294 6148 6146
f 6296 6148 6294
f 6149 6295 6147
f 6149 6297 6295
f 6296 6150 6148
f 6298 6150 6296
f 6151 6297 6149
f 6151 6299 6297
f 6298 6152 6150
f 6300 6152 6298
f 6153 6299 6151
f 6153 6301 6299
f 6300 6154 6152
f 6302 6154 6300
f 6155 6301 6153
f 6155 6303 6301
f 6302 6156 6154
f 6304 6156 6302
f 6157 6303 6155
f 6157 6305 6303
f 6304 6158 6156
f 6306 6158 6304
f 6159 6305 6157
f 6159 6307 6305
f 6306 6160 6158
f 6308 6160 6306
f 6161 6307 6159
f 6161 6309 6307
f 6308 6162 6160
f 6310 6162 6308
f 6311 6309 6161
f 6311 6161 6163
f 6163 6164 6311
f 6311 6164 6312
f 6314 6313 6166
f 6166 6313 6165
f 6166 6162 6310
f 6166 6310 6314
f 6315 6312 6164
f 6315 6164 6167
f 6167 6168 6315
f 6315 6168 6316
f 6318 6317 6170
f 6170 6317 6169
f 6170 6165 6313
f 6170 6313 6318
f 6319 6316 6168
f 6319 6168 6171
f 6320 6171 6172
f 6320 6319 6171
f 6321 6172 6173
f 6321 6320 6172
f 6322 6173 6174
f 6322 6321 6173
f 6323 6174 6175
f 6323 6322 6174
f 6324 6175 6176
f 6324 6323 6175
f 6325 6176 6177
f 6325 6324 6176
f 6326 6177 6178
f 6326 6325 6177
f 6327 6178 6179
f 6327 6326 6178
f 6328 6179 6180
f 6328 6327 6179
f 6329 6180 6181
f 6329 6328 6180
f 6330 6181 6182
f 6330 6329 6181
f 6331 6182 6183
f 6331 6330 6182
f 6332 6183 6184
f 6332 6331 6183
f 6333 6184 6185
f 6333 6332 6184
f 6334 6185 6186
f 6334 6333 6185
f 6335 6186 6187
f 6335 6334 6186
f 6336 6187 6188
f 6336 6335 6187
f 6337 6188 6189
f 6337 6336 6188
f 6338 6189 6190
f 6338 6337 6189
f 6339 6190 6191
f 6339 6338 6190
f 6340 6191 6192
f 6340 6339 6191
f 6341 6192 6193
f 6341 6340 6192
f 6342 6193 6194
f 6342 6341 6193
f 6343 6194 6195
f 6343 6342 6194
f 6344 6195 6196
f 6344 6343 6195
f 6345 6196 6197
f 6345 6344 6196
f 6346 6197 6198
f 6346 6345 6197
f 6347 6198 6199
f 6347 6346 6198
f 6348 6199 6200
f 6348 6347 6199
f 6349 6200 6201
f 6349 6348 6200
f 6350 6201 6202
f 6350 6349 6201
f 6351 6202 6203
f 6351 6350 6202
f 6352 6203 6204
f 6352 6351 6203
f 6353 6204 6205
f 6353 6352 6204
f 6354 6205 6206
f 6354 6353 6205
f 6355 6206 6207
f 6355 6354 6206
f 6356 6207 6208
f 6356 6355 6207
f 6208 6169 6317
f 6208 6317 6356
f 6358 6357 6209
f 6358 6209 6210
f 6209 6359 6211
f 6357 6359 6209
f 6211 6360 6212
f 6359 6360 6211
f 6212 6361 6213
f 6360 6361 6212
f 6213 6362 6214
f 6361 6362 6213
f 6214 6363 6215
f 6362 6363 6214
f 6215 6364 6216
f 6363 6364 6215
f 6216 6365 6217
f 6364 6365 6216
f 6217 6366 6218
f 6365 6366 6217
f 6218 6367 6219
f 6366 6367 6218
f 6219 6368 6220
f 6367 6368 6219
f 6220 6369 6221
f 6368 6369 6220
f 6221 6370 6222
f 6369 6370 6221
f 6222 6371 6223
f 6370 6371 6222
f 6223 6372 6224
f 6371 6372 6223
f 6224 6373 6225
f 6372 6373 6224
f 6225 6374 6226
f 6373 6374 6225
f 6226 6375 6227
f 6374 6375 6226
f 6227 6376 6228
f 6375 6376 6227
f 6228 6377 6229
f 6376 6377 6228
f 6229 6378 6230
f 6377 6378 6229
f 6230 6379 6231
f 6378 6379 6230
f 6231 6380 6232
f 6379 6380 6231
f 6232 6381 6233
f 6380 6381 6232
f 6233 6382 6234
f 6381 6382 6233
f 6234 6383 6235
f 6382 6383 6234
f 6235 6384 6236
f 6383 6384 6235
f 6236 6385 6237
f 6384 6385 6236
f 6237 6386 6238
f 6385 6386 6237
f 6238 6387 6239
f 6386 6387 6238
f 6239 6388 6240
f 6387 6388 6239
f 6240 6389 6241
f 6388 6389 6240
f 6241 6390 6242
f 6389 6390 6241
f 6242 6391 6243
f 6390 6391 6242
f 6243 6392 6244
f 6391 6392 6243
f 6244 6393 6245
f 6392 6393 6244
f 6245 6394 6246
f 6393 6394 6245
f 6246 6395 6247
f 6394 6395 6246
f 6248 6247 6395
f 6248 6395 6396
f 6398 6397 6249
f 6398 6249 6250
f 6210 6249 6358
f 6358 6249 6397
f 6396 6399 6248
f 6248 6399 6251
f 6252 6251 6399
f 6252 6399 6400
f 6402 6401 6253
f 6402 6253 6254
f 6250 6253 6398
f 6398 6253 6401
f 6400 6403 6252
f 6252 6403 6255
f 6256 6255 6403
f 6256 6403 6404
f 6257 6402 6254
f 6257 6405 6402
f 6404 6258 6256
f 6406 6258 6404
f 6259 6405 6257
f 6259 6407 6405
f 6406 6260 6258
f 6408 6260 6406
f 6261 6407 6259
f 6261 6409 6407
f 6408 6262 6260
f 6410 6262 6408
f 6263 6409 6261
f 6263 6411 6409
f 6410 6264 6262
f 6412 6264 6410
f 6265 6411 6263
f 6265 6413 6411
f 6412 6266 6264
f 6414 6266 6412
f 6267 6413 6265
f 6267 6415 6413
f 6414 6268 6266
f 6416 6268 6414
f 6269 6415 6267
f 6269 6417 6415
f 6416 6270 6268
f 6418 6270 6416
f 6271 6417 6269
f 6271 6419 6417
f 6418 6272 6270
f 6420 6272 6418
f 6273 6419 6271
f 6273 6421 6419
f 6420 6274 6272
f 6422 6274 6420
f 6275 6421 6273
f 6275 6423 6421
f 6422 6276 6274
f 6424 6276 6422
f 6277 6423 6275
f 6277 6425 6423
f 6424 6278 6276
f 6426 6278 6424
f 6279 6425 6277
f 6279 6427 6425
f 6426 6280 6278
f 6428 6280 6426
f 6281 6427 6279
f 6281 6429 6427
f 6428 6282 6280
f 6430 6282 6428
f 6283 6429 6281
f 6283 6431 6429
f 6430 6284 6282
f 6432 6284 6430
f 6285 6431 6283
f 6285 6433 6431
f 6432 6286 6284
f 6434 6286 6432
f 6287 6433 6285
f 6287 6435 6433
f 6434 6288 6286
f 6436 6288 6434
f 6289 6435 6287
f 6289 6437 6435
f 6436 6290 6288
f 6438 6290 6436
f 6291 6437 6289
f 6291 6439 6437
f 6438 6292 6290
f 6440 6292 6438
f 6293 6439 6291
f 6293 6441 6439
f 6440 6294 6292
f 6442 6294 6440
f 6295 6441 6293
f 6295 6443 6441
f 6442 6296 6294
f 6444 6296 6442
f 6297 6443 6295
f 6297 6445 6443
f 6444 6298 6296
f 6446 6298 6444
f 6299 6445 6297
f 6299 6447 6445
f 6446 6300 6298
f 6448 6300 6446
f 6301 6447 6299
f 6301 6449 6447
f 6448 6302 6300
f 6450 6302 6448
f 6303 6449 6301
f 6303 6451 6449
f 6450 6304 6302
f 6452 6304 6450
f 6305 6451 6303
f 6305 6453 6451
f 6452 6306 6304
f 6454 6306 6452
f 6307 6453 6305
f 6307 6455 6453
f 6454 6308 6306
f 6456 6308 6454
f 6309 6455 6307
f 6309 6457 6455
f 6456 6310 6308
f 6458 6310 6456
f 6459 6457 6309
f 6459 6309 6311
f 6311 6312 6459
f 6459 6312 6460
f 6462 6461 6314
f 6314 6461 6313
f 6314 6310 6458
f 6314 6458 6462
f 6463 6460 6312
f 6463 6312 6315
f 6315 6316 6463
f 6463 6316 6464
f 6466 6465 6318
f 6318 6465 6317
f 6318 6313 6461
f 6318 6461 6466
f 6467 6464 6316
f 6467 6316 6319
f 6468 6319 6320
f 6468 6467 6319
f 6469 6320 6321
f 6469 6468 6320
f 6470 6321 6322
f 6470 6469 6321
f 6471 6322 6323
f 6471 6470 6322
f 6472 6323 6324
f 6472 6471 6323
f 6473 6324 6325
f 6473 6472 6324
f 6474 6325 6326
f 6474 6473 6325
f 6475 6326 6327
f 6475 6474 6326
f 6476 6327 6328
f 6476 6475 6327
f 6477 6328 6329
f 6477 6476 6328
f 6478 6329 6330
f 6478 6477 6329
f 6479 6330 6331
f 6479 6478 6330
f 6480 6331 6332
f 6480 6479 6331
f 6481 6332 6333
f 6481 6480 6332
f 6482 6333 6334
f 6482 6481 6333
f 6483 6334 6335
f 6483 6482 6334
f 6484 6335 6336
f 6484 6483 6335
f 6485 6336 6337
f 6485 6484 6336
f 6486 6337 6338
f 6486 6485 6337
f 6487 6338 6339
f 6487 6486 6338
f 6488 6339 6340
f 6488 6487 6339
f 6489 6340 6341
f 6489 6488 6340
f 6490 6341 6342
f 6490 6489 6341
f 6491 6342 6343
f 6491 6490 6342
f 6492 6343 6344
f 6492 6491 6343
f 6493 6344 6345
f 6493 6492 6344
f 6494 6345 6346
f 6494 6493 6345
f 6495 6346 6347
f 6495 6494 6346
f 6496 6347 6348
f 6496 6495 6347
f 6497 6348 6349
f 6497 6496 6348
f 6498 6349 6350
f 6498 6497 6349
f 6499 6350 6351
f 6499 6498 6350
f 6500 6351 6352
f 6500 6499 6351
f 6501 6352 6353
f 6501 6500 6352
f 6502 6353 6354
f 6502 6501 6353
f 6503 6354 6355
f 6503 6502 6354
f 6504 6355 6356
f 6504 6503 6355
f 6356 6317 6465
f 6356 6465 6504
f 6506 6505 6357
f 6506 6357 6358
f 6357 6507 6359
f 6505 6507 6357
f 6359 6508 6360
f 6507 6508 6359
f 6360 6509 6361
f 6508 6509 6360
f 6361 6510 6362
f 6509 6510 6361
f 6362 6511 6363
f 6510 6511 6362
f 6363 6512 6364
f 6511 6512 6363
f 6364 6513 6365
f 6512 6513 6364
f 6365 6514 6366
f 6513 6514 6365
f 6366 6515 6367
f 6514 6515 6366
f 6367 6516 6368
f 6515 6516 6367
f 6368 6517 6369
f 6516 6517 6368
f 6369 6518 6370
f 6517 6518 6369
f 6370 6519 6371
f 6518 6519 6370
f 6371 6520 6372
f 6519 6520 6371
f 6372 6521 6373
f 6520 6521 6372
f 6373 6522 6374
f 6521 6522 6373
f 6374 6523 6375
f 6522 6523 6374
f 6375 6524 6376
f 6523 6524 6375
f 6376 6525 6377
f 6524 6525 6376
f 6377 6526 6378
f 6525 6526 6377
f 6378 6527 6379
f 6526 6527 6378
f 6379 6528 6380
f 6527 6528 6379
f 6380 6529 6381
f 6528 6529 6380
f 6381 6530 6382
f 6529 6530 6381
f 6382 6531 6383
f 6530 6531 6382
f 6383 6532 6384
f 6531 6532 6383
f 6384 6533 6385
f 6532 6533 6384
f 6385 6534 6386
f 6533 6534 6385
f 6386 6535 6387
f 6534 6535 6386
f 6387 6536 6388
f 6535 6536 6387
f 6388 6537 6389
f 6536 6537 6388
f 6389 6538 6390
f 6537 6538 6389
f 6390 6539 6391
f 6538 6539 6390
f 6391 6540 6392
f 6539 6540 6391
f 6392 6541 6393
f 6540 6541 6392
f 6393 6542 6394
f 6541 6542 6393
f 6394 6543 6395
f 6542 6543 6394
f 6396 6395 6543
f 6396 6543 6544
f 6546 6545 6397
f 6546 6397 6398
f 6358 6397 6506
f 6506 6397 6545
f 6544 6547 6396
f 6396 6547 6399
f 6400 6399 6547
f 6400 6547 6548
f 6550 6549 6401
f 6550 6401 6402
f 6398 6401 6546
f 6546 6401 6549
f 6548 6551 6400
f 6400 6551 6403
f 6404 6403 6551
f 6404 6551 6552
f 6405 6550 6402
f 6405 6553 6550
f 6552 6406 6404
f 6554 6406 6552
f 6407 6553 6405
f 6407 6555 6553
f 6554 6408 6406
f 6556 6408 6554
f 6409 6555 6407
f 6409 6557 6555
f 6556 6410 6408
f 6558 6410 6556
f 6411 6557 6409
f 6411 6559 6557
f 6558 6412 6410
f 6560 6412 6558
f 6413 6559 6411
f 6413 6561 6559
f 6560 6414 6412
f 6562 6414 6560
f 6415 6561 6413
f 6415 6563 6561
f 6562 6416 6414
f 6564 6416 6562
f 6417 6563 6415
f 6417 6565 6563
f 6564 6418 6416
f 6566 6418 6564
f 6419 6565 6417
f 6419 6567 6565
f 6566 6420 6418
f 6568 6420 6566
f 6421 6567 6419
f 6421 6569 6567
f 6568 6422 6420
f 6570 6422 6568
f 6423 6569 6421
f 6423 6571 6569
f 6570 6424 6422
f 6572 6424 6570
f 6425 6571 6423
f 6425 6573 6571
f 6572 6426 6424
f 6574 6426 6572
f 6427 6573 6425
f 6427 6575 6573
f 6574 6428 6426
f 6576 6428 6574
f 6429 6575 6427
f 6429 6577 6575
f 6576 6430 6428
f 6578 6430 6576
f 6431 6577 6429
f 6431 6579 6577
f 6578 6432 6430
f 6580 6432 6578
f 6433 6579 6431
f 6433 6581 6579
f 6580 6434 6432
f 6582 6434 6580
f 6435 6581 6433
f 6435 6583 6581
f 6582 6436 6434
f 6584 6436 6582
f 6437 6583 6435
f 6437 6585 6583
f 6584 6438 6436
f 6586 6438 6584
f 6439 6585 6437
f 6439 6587 6585
f 6586 6440 6438
f 6588 6440 6586
f 6441 6587 6439
f 6441 6589 6587
f 6588 6442 6440
f 6590 6442 6588
f 6443 6589 6441
f 6443 6591 6589
f 6590 6444 6442
f 6592 6444 6590
f 6445 6591 6443
f 6445 6593 6591
f 6592 6446 6444
f 6594 6446 6592
f 6447 6593 6445
f 6447 6595 6593
f 6594 6448 6446
f 6596 6448 6594
f 6449 6595 6447
f 6449 6597 6595
f 6596 6450 6448
f 6598 6450 6596
f 6451 6597 6449
f 6451 6599 6597
f 6598 6452 6450
f 6600 6452 6598
f 6453 6599 6451
f 6453 6601 6599
f 6600 6454 6452
f 6602 6454 6600
f 6455 6601 6453
f 6455 6603 6601
f 6602 6456 6454
f 6604 6456 6602
f 6457 6603 6455
f 6457 6605 6603
f 6604 6458 6456
f 6606 6458 6604
f 6607 6605 6457
f 6607 6457 6459
f 6459 6460 6607
f 6607 6460 6608
f 6610 6609 6462
f 6462 6609 6461
f 6462 6458 6606
f 6462 6606 6610
f 6611 6608 6460
f 6611 6460 6463
f 6463 6464 6611
f 6611 6464 6612
f 6614 6613 6466
f 6466 6613 6465
f 6466 6461 6609
f 6466 6609 6614
f 6615 6612 6464
f 6615 6464 6467
f 6616 6467 6468
f 6616 6615 6467
f 6617 6468 6469
f 6617 6616 6468
f 6618 6469 6470
f 6618 6617 6469
f 6619 6470 6471
f 6619 6618 6470
f 6620 6471 6472
f 6620 6619 6471
f 6621 6472 6473
f 6621 6620 6472
f 6622 6473 6474
f 6622 6621 6473
f 6623 6474 6475
f 6623 6622 6474
f 6624 6475 6476
f 6624 6623 6475
f 6625 6476 6477
f 6625 6624 6476
f 6626 6477 6478
f 6626 6625 6477
f 6627 6478 6479
f 6627 6626 6478
f 6628 6479 6480
f 6628 6627 6479
f 6629 6480 6481
f 6629 6628 6480
f 6630 6481 6482
f 6630 6629 6481
f 6631 6482 6483
f 6631 6630 6482
f 6632 6483 6484
f 6632 6631 6483
f 6633 6484 6485
f 6633 6632 6484
f 6634 6485 6486
f 6634 6633 6485
f 6635 6486 6487
f 6635 6634 6486
f 6636 6487 6488
f 6636 6635 6487
f 6637 6488 6489
f 6637 6636 6488
f 6638 6489 6490
f 6638 6637 6489
f 6639 6490 6491
f 6639 6638 6490
f 6640 6491 6492
f 6640 6639 6491
f 6641 6492 6493
f 6641 6640 6492
f 6642 6493 6494
f 6642 6641 6493
f 6643 6494 6495
f 6643 6642 6494
f 6644 6495 6496
f 6644 6643 6495
f 6645 6496 6497
f 6645 6644 6496
f 6646 6497 6498
f 6646 6645 6497
f 6647 6498 6499
f 6647 6646 6498
f 6648 6499 6500
f 6648 6647 6499
f 6649 6500 6501
f 6649 6648 6500
f 6650 6501 6502
f 6650 6649 6501
f 6651 6502 6503
f 6651 6650 6502
f 6652 6503 6504
f 6652 6651 6503
f 6504 6465 6613
f 6504 6613 6652
f 6654 6653 6505
f 6654 6505 6506
f 6505 6655 6507
f 6653 6655 6505
f 6507 6656 6508
f 6655 6656 6507
f 6508 6657 6509
f 6656 6657 6508
f 6509 6658 6510
f 6657 6658 6509
f 6510 6659 6511
f 6658 6659 6510
f 6511 6660 6512
f 6659 6660 6511
f 6512 6661 6513
f 6660 6661 6512
f 6513 6662 6514
f 6661 6662 6513
f 6514 6663 6515
f 6662 6663 6514
f 6515 6664 6516
f 6663 6664 6515
f 6516 6665 6517
f 6664 6665 6516
f 6517 6666 6518
f 6665 6666 6517
f 6518 6667 6519
f 6666 6667 6518
f 6519 6668 6520
f 6667 6668 6519
f 6520 6669 6521
f 6668 6669 6520
f 6521 6670 6522
f 6669 6670 6521
f 6522 6671 6523
f 6670 6671 6522
f 6523 6672 6524
f 6671 6672 6523
f 6524 6673 6525
f 6672 6673 6524
f 6525 6674 6526
f 6673 6674 6525
f 6526 6675 6527
f 6674 6675 6526
f 6527 6676 6528
f 6675 6676 6527
f 6528 6677 6529
f 6676 6677 6528
f 6529 6678 6530
f 6677 6678 6529
f 6530 6679 6531
f 6678 6679 6530
f 6531 6680 6532
f 6679 6680 6531
f 6532 6681 6533
f 6680 6681 6532
f 6533 6682 6534
f 6681 6682 6533
f 6534 6683 6535
f 6682 6683 6534
f 6535 6684 6536
f 6683 6684 6535
f 6536 6685 6537
f 6684 6685 6536
f 6537 6686 6538
f 6685 6686 6537
f 6538 6687 6539
f 6686 6687 6538
f 6539 6688 6540
f 6687 6688 6539
f 6540 6689 6541
f 6688 6689 6540
f 6541 6690 6542
f 6689 6690 6541
f 6542 6691 6543
f 6690 6691 6542
f 6544 6543 6691
f 6544 6691 6692
f 6694 6693 6545
f 6694 6545 6546
f 6506 6545 6654
f 6654 6545 6693
f 6692 6695 6544
f 6544 6695 6547
f 6548 6547 6695
f 6548 6695 6696
f 6698 6697 6549
f 6698 6549 6550
f 6546 6549 6694
f 6694 6549 6697
f 6696 6699 6548
f 6548 6699 6551
f 6552 6551 6699
f 6552 6699 6700
f 6553 6698 6550
f 6553 6701 6698
f 6700 6554 6552
f 6702 6554 6700
f 6555 6701 6553
f 6555 6703 6701
f 6702 6556 6554
f 6704 6556 6702
f 6557 6703 6555
f 6557 6705 6703
f 6704 6558 6556
f 6706 6558 6704
f 6559 6705 6557
f 6559 6707 6705
f 6706 6560 6558
f 6708 6560 6706
f 6561 6707 6559
f 6561 6709 6707
f 6708 6562 6560
f 6710 6562 6708
f 6563 6709 6561
f 6563 6711 6709
f 6710 6564 6562
f 6712 6564 6710
f 6565 6711 6563
f 6565 6713 6711
f 6712 6566 6564
f 6714 6566 6712
f 6567 6713 6565
f 6567 6715 6713
f 6714 6568 6566
f 6716 6568 6714
f 6569 6715 6567
f 6569 6717 6715
f 6716 6570 6568
f 6718 6570 6716
f 6571 6717 6569
f 6571 6719 6717
f 6718 6572 6570
f 6720 6572 6718
f 6573 6719 6571
f 6573 6721 6719
f 6720 6574 6572
f 6722 6574 6720
f 6575 6721 6573
f 6575 6723 6721
f 6722 6576 6574
f 6724 6576 6722
f 6577 6723 6575
f 6577 6725 6723
f 6724 6578 6576
f 6726 6578 6724
f 6579 6725 6577
f 6579 6727 6725
f 6726 6580 6578
f 6728 6580 6726
f 6581 6727 6579
f 6581 6729 6727
f 6728 6582 6580
f 6730 6582 6728
f 6583 6729 6581
f 6583 6731 6729
f 6730 6584 6582
f 6732 6584 6730
f 6585 6731 6583
f 6585 6733 6731
f 6732 6586 6584
f 6734 6586 6732
f 6587 6733 6585
f 6587 6735 6733
f 6734 6588 6586
f 6736 6588 6734
f 6589 6735 6587
f 6589 6737 6735
f 6736 6590 6588
f 6738 6590 6736
f 6591 6737 6589
f 6591 6739 6737
f 6738 6592 6590
f 6740 6592 6738
f 6593 6739 6591
f 6593 6741 6739
f 6740 6594 6592
f 6742 6594 6740
f 6595 6741 6593
f 6595 6743 6741
f 6742 6596 6594
f 6744 6596 6742
f 6597 6743 6595
f 6597 6745 6743
f 6744 6598 6596
f 6746 6598 6744
f 6599 6745 6597
f 6599 6747 6745
f 6746 6600 6598
f 6748 6600 6746
f 6601 6747 6599
f 6601 6749 6747
f 6748 6602 6600
f 6750 6602 6748
f 6603 6749 6601
f 6603 6751 6749
f 6750 6604 6602
f 6752 6604 6750
f 6605 6751 6603
f 6605 6753 6751
f 6752 6606 6604
f 6754 6606 6752
f 6755 6753 6605
f 6755 6605 6607
f 6607 6608 6755
f 6755 6608 6756
f 6758 6757 6610
f 6610 6757 6609
f 6610 6606 6754
f 6610 6754 6758
f 6759 6756 6608
f 6759 6608 6611
f 6611 6612 6759
f 6759 6612 6760
f 6762 6761 6614
f 6614 6761 6613
f 6614 6609 6757
f 6614 6757 6762
f 6763 6760 6612
f 6763 6612 6615
f 6764 6615 6616
f 6764 6763 6615
f 6765 6616 6617
f 6765 6764 6616
f 6766 6617 6618
f 6766 6765 6617
f 6767 6618 6619
f 6767 6766 6618
f 6768 6619 6620
f 6768 6767 6619
f 6769 6620 6621
f 6769 6768 6620
f 6770 6621 6622
f 6770 6769 6621
f 6771 6622 6623
f 6771 6770 6622
f 6772 6623 6624
f 6772 6771 6623
f 6773 6624 6625
f 6773 6772 6624
f 6774 6625 6626
f 6774 6773 6625
f 6775 6626 6627
f 6775 6774 6626
f 6776 6627 6628
f 6776 6775 6627
f 6777 6628 6629
f 6777 6776 6628
f 6778 6629 6630
f 6778 6777 6629
f 6779 6630 6631
f 6779 6778 6630
f 6780 6631 6632
f 6780 6779 6631
f 6781 6632 6633
f 6781 6780 6632
f 6782 6633 6634
f 6782 6781 6633
f 6783 6634 6635
f 6783 6782 6634
f 6784 6635 6636
f 6784 6783 6635
f 6785 6636 6637
f 6785 6784 6636
f 6786 6637 6638
f 6786 6785 6637
f 6787 6638 6639
f 6787 6786 6638
f 6788 6639 6640
f 6788 6787 6639
f 6789 6640 6641
f 6789 6788 6640
f 6790 6641 6642
f 6790 6789 6641
f 6791 6642 6643
f 6791 6790 6642
f 6792 6643 6644
f 6792 6791 6643
f 6793 6644 6645
f 6793 6792 6644
f 6794 6645 6646
f 6794 6793 6645
f 6795 6646 6647
f 6795 6794 6646
f 6796 6647 6648
f 6796 6795 6647
f 6797 6648 6649
f 6797 6796 6648
f 6798 6649 6650
f 6798 6797 6649
f 6799 6650 6651
f 6799 6798 6650
f 6800 6651 6652
f 6800 6799 6651
f 6652 6613 6761
f 6652 6761 6800
f 6802 6801 6653
f 6802 6653 6654
f 6653 6803 6655
f 6801 6803 6653
f 6655 6804 6656
f 6803 6804 6655
f 6656 6805 6657
f 6804 6805 6656
f 6657 6806 6658
f 6805 6806 6657
f 6658 6807 6659
f 6806 6807 6658
f 6659 6808 6660
f 6807 6808 6659
f 6660 6809 6661
f 6808 6809 6660
f 6661 6810 6662
f 6809 6810 6661
f 6662 6811 6663
f 6810 6811 6662
f 6663 6812 6664
f 6811 6812 6663
f 6664 6813 6665
f 6812 6813 6664
f 6665 6814 6666
f 6813 6814 6665
f 6666 6815 6667
f 6814 6815 6666
f 6667 6816 6668
f 6815 6816 6667
f 6668 6817 6669
f 6816 6817 6668
f 6669 6818 6670
f 6817 6818 6669
f 6670 6819 6671
f 6818 6819 6670
f 6671 6820 6672
f 6819 6820 6671
f 6672 6821 6673
f 6820 6821 6672
f 6673 6822 6674
f 6821 6822 6673
f 6674 6823 6675
f 6822 6823 6674
f 6675 6824 6676
f 6823 6824 6675
f 6676 6825 6677
f 6824 6825 6676
f 6677 6826 6678
f 6825 6826 6677
f 6678 6827 6679
f 6826 6827 6678
f 6679 6828 6680
f 6827 6828 6679
f 6680 6829 6681
f 6828 6829 6680
f 6681 6830 6682
f 6829 6830 6681
f 6682 6831 6683
f 6830 6831 6682
f 6683 6832 6684
f 6831 6832 6683
f 6684 6833 6685
f 6832 6833 6684
f 6685 6834 6686
f 6833 6834 6685
f 6686 6835 6687
f 6834 6835 6686
f 6687 6836 6688
f 6835 6836 6687
f 6688 6837 6689
f 6836 6837 6688
f 6689 6838 6690
f 6837 6838 6689
f 6690 6839 6691
f 6838 6839 6690
f 6692 6691 6839
f 6692 6839 6840
f 6842 6841 6693
f 6842 6693 6694
f 6654 6693 6802
f 6802 6693 6841
f 6840 6843 6692
f 6692 6843 6695
f 6696 6695 6843
f 6696 6843 6844
f 6846 6845 6697
f 6846 6697 6698
f 6694 6697 6842
f 6842 6697 6845
f 6844 6847 6696
f 6696 6847 6699
f 6700 6699 6847
f 6700 6847 6848
f 6701 6846 6698
f 6701 6849 6846
f 6848 6702 6700
f 6850 6702 6848
f 6703 6849 6701
f 6703 6851 6849
f 6850 6704 6702
f 6852 6704 6850
f 6705 6851 6703
f 6705 6853 6851
f 6852 6706 6704
f 6854 6706 6852
f 6707 6853 6705
f 6707 6855 6853
f 6854 6708 6706
f 6856 6708 6854
f 6709 6855 6707
f 6709 6857 6855
f 6856 6710 6708
f 6858 6710 6856
f 6711 6857 6709
f 6711 6859 6857
f 6858 6712 6710
f 6860 6712 6858
f 6713 6859 6711
f 6713 6861 6859
f 6860 6714 6712
f 6862 6714 6860
f 6715 6861 6713
f 6715 6863 6861
f 6862 6716 6714
f 6864 6716 6862
f 6717 6863 6715
f 6717 6865 6863
f 6864 6718 6716
f 6866 6718 6864
f 6719 6865 6717
f 6719 6867 6865
f 6866 6720 6718
f 6868 6720 6866
f 6721 6867 6719
f 6721 6869 6867
f 6868 6722 6720
f 6870 6722 6868
f 6723 6869 6721
f 6723 6871 6869
f 6870 6724 6722
f 6872 6724 6870
f 6725 6871 6723
f 6725 6873 6871
f 6872 6726 6724
f 6874 6726 6872
f 6727 6873 6725
f 6727 6875 6873
f 6874 6728 6726
f 6876 6728 6874
f 6729 6875 6727
f 6729 6877 6875
f 6876 6730 6728
f 6878 6730 6876
f 6731 6877 6729
f 6731 6879 6877
f 6878 6732 6730
f 6880 6732 6878
f 6733 6879 6731
f 6733 6881 6879
f 6880 6734 6732
f 6882 6734 6880
f 6735 6881 6733
f 6735 6883 6881
f 6882 6736 6734
f 6884 6736 6882
f 6737 6883 6735
f 6737 6885 6883
f 6884 6738 6736
f 6886 6738 6884
f 6739 6885 6737
f 6739 6887 6885
f 6886 6740 6738
f 6888 6740 6886
f 6741 6887 6739
f 6741 6889 6887
f 6888 6742 6740
f 6890 6742 6888
f 6743 6889 6741
f 6743 6891 6889
f 6890 6744 6742
f 6892 6744 6890
f 6745 6891 6743
f 6745 6893 6891
f 6892 6746 6744
f 6894 6746 6892
f 6747 6893 6745
f 6747 6895 6893
f 6894 6748 6746
f 6896 6748 6894
f 6749 6895 6747
f 6749 6897 6895
f 6896 6750 6748
f 6898 6750 6896
f 6751 6897 6749
f 6751 6899 6897
f 6898 6752 6750
f 6900 6752 6898
f 6753 6899 6751
f 6753 6901 6899
f 6900 6754 6752
f 6902 6754 6900
f 6903 6901 6753
f 6903 6753 6755
f 6755 6756 6903
f 6903 6756 6904
f 6906 6905 6758
f 6758 6905 6757
f 6758 6754 6902
f 6758 6902 6906
f 6907 6904 6756
f 6907 6756 6759
f 6759 6760 6907
f 6907 6760 6908
f 6910 6909 6762
f 6762 6909 6761
f 6762 6757 6905
f 6762 6905 6910
f 6911 6908 6760
f 6911 6760 6763
f 6912 6763 6764
f 6912 6911 6763
f 6913 6764 6765
f 6913 6912 6764
f 6914 6765 6766
f 6914 6913 6765
f 6915 6766 6767
f 6915 6914 6766
f 6916 6767 6768
f 6916 6915 6767
f 6917 6768 6769
f 6917 6916 6768
f 6918 6769 6770
f 6918 6917 6769
f 6919 6770 6771
f 6919 6918 6770
f 6920 6771 6772
f 6920 6919 6771
f 6921 6772 6773
f 6921 6920 6772
f 6922 6773 6774
f 6922 6921 6773
f 6923 6774 6775
f 6923 6922 6774
f 6924 6775 6776
f 6924 6923 6775
f 6925 6776 6777
f 6925 6924 6776
f 6926 6777 6778
f 6926 6925 6777
f 6927 6778 6779
f 6927 6926 6778
f 6928 6779 6780
f 6928 6927 6779
f 6929 6780 6781
f 6929 6928 6780
f 6930 6781 6782
f 6930 6929 6781
f 6931 6782 6783
f 6931 6930 6782
f 6932 6783 6784
f 6932 6931 6783
f 6933 6784 6785
f 6933 6932 6784
f 6934 6785 6786
f 6934 6933 6785
f 6935 6786 6787
f 6935 6934 6786
f 6936 6787 6788
f 6936 6935 6787
f 6937 6788 6789
f 6937 6936 6788
f 6938 6789 6790
f 6938 6937 6789
f 6939 6790 6791
f 6939 6938 6790
f 6940 6791 6792
f 6940 6939 6791
f 6941 6792 6793
f 6941 6940 6792
f 6942 6793 6794
f 6942 6941 6793
f 6943 6794 6795
f 6943 6942 6794
f 6944 6795 6796
f 6944 6943 6795
f 6945 6796 6797
f 6945 6944 6796
f 6946 6797 6798
f 6946 6945 6797
f 6947 6798 6799
f 6947 6946 6798
f 6948 6799 6800
f 6948 6947 6799
f 6800 6761 6909
f 6800 6909 6948
f 6950 6949 6801
f 6950 6801 6802
f 6801 6951 6803
f 6949 6951 6801
f 6803 6952 6804
f 6951 6952 6803
f 6804 6953 6805
f 6952 6953 6804
f 6805 6954 6806
f 6953 6954 6805
f 6806 6955 6807
f 6954 6955 6806
f 6807 6956 6808
f 6955 6956 6807
f 6808 6957 6809
f 6956 6957 6808
f 6809 6958 6810
f 6957 6958 6809
f 6810 6959 6811
f 6958 6959 6810
f 6811 6960 6812
f 6959 6960 6811
f 6812 6961 6813
f 6960 6961 6812
f 6813 6962 6814
f 6961 6962 6813
f 6814 6963 6815
f 6962 6963 6814
f 6815 6964 6816
f 6963 6964 6815
f 6816 6965 6817
f 6964 6965 6816
f 6817 6966 6818
f 6965 6966 6817
f 6818 6967 6819
f 6966 6967 6818
f 6819 6968 6820
f 6967 6968 6819
f 6820 6969 6821
f 6968 6969 6820
f 6821 6970 6822
f 6969 6970 6821
f 6822 6971 6823
f 6970 6971 6822
f 6823 6972 6824
f 6971 6972 6823
f 6824 6973 6825
f 6972 6973 6824
f 6825 6974 6826
f 6973 6974 6825
f 6826 6975 6827
f 6974 6975 6826
f 6827 6976 6828
f 6975 6976 6827
f 6828 6977 6829
f 6976 6977 6828
f 6829 6978 6830
f 6977 6978 6829
f 6830 6979 6831
f 6978 6979 6830
f 6831 6980 6832
f 6979 6980 6831
f 6832 6981 6833
f 6980 6981 6832
f 6833 6982 6834
f 6981 6982 6833
f 6834 6983 6835
f 6982 6983 6834
f 6835 6984 6836
f 6983 6984 6835
f 6836 6985 6837
f 6984 6985 6836
f 6837 6986 6838
f 6985 6986 6837
f 6838 6987 6839
f 6986 6987 6838
f 6840 6839 6987
f 6840 6987 6988
f 6990 6989 6841
f 6990 6841 6842
f 6802 6841 6950
f 6950 6841 6989
f 6988 6991 6840
f 6840 6991 6843
f 6844 6843 6991
f 6844 6991 6992
f 6994 6993 6845
f 6994 6845 6846
f 6842 6845 6990
f 6990 6845 6993
f 6992 6995 6844
f 6844 6995 6847
f 6848 6847 6995
f 6848 6995 6996
f 6849 6994 6846
f 6849 6997 6994
f 6996 6850 6848
f 6998 6850 6996
f 6851 6997 6849
f 6851 6999 6997
f 6998 6852 6850
f 7000 6852 6998
f 6853 6999 6851
f 6853 7001 6999
f 7000 6854 6852
f 7002 6854 7000
f 6855 7001 6853
f 6855 7003 7001
f 7002 6856 6854
f 7004 6856 7002
f 6857 7003 6855
f 6857 7005 7003
f 7004 6858 6856
f 7006 6858 7004
f 6859 7005 6857
f 6859 7007 7005
f 7006 6860 6858
f 7008 6860 7006
f 6861 7007 6859
f 6861 7009 7007
f 7008 6862 6860
f 7010 6862 7008
f 6863 7009 6861
f 6863 7011 7009
f 7010 6864 6862
f 7012 6864 7010
f 6865 7011 6863
f 6865 7013 7011
f 7012 6866 6864
f 7014 6866 7012
f 6867 7013 6865
f 6867 7015 7013
f 7014 6868 6866
f 7016 6868 7014
f 6869 7015 6867
f 6869 7017 7015
f 7016 6870 6868
f 7018 6870 7016
f 6871 7017 6869
f 6871 7019 7017
f 7018 6872 6870
f 7020 6872 7018
f 6873 7019 6871
f 6873 7021 7019
f 7020 6874 6872
f 7022 6874 7020
f 6875 7021 6873
f 6875 7023 7021
f 7022 6876 6874
f 7024 6876 7022
f 6877 7023 6875
f 6877 7025 7023
f 7024 6878 6876
f 7026 6878 7024
f 6879 7025 6877
f 6879 7027 7025
f 7026 6880 6878
f 7028 6880 7026
f 6881 7027 6879
f 6881 7029 7027
f 7028 6882 6880
f 7030 6882 7028
f 6883 7029 6881
f 6883 7031 7029
f 7030 6884 6882
f 7032 6884 7030
f 6885 7031 6883
f 6885 7033 7031
f 7032 6886 6884
f 7034 6886 7032
f 6887 7033 6885
f 6887 7035 7033
f 7034 6888 6886
f 7036 6888 7034
f 6889 7035 6887
f 6889 7037 7035
f 7036 6890 6888
f 7038 6890 7036
f 6891 7037 6889
f 6891 7039 7037
f 7038 6892 6890
f 7040 6892 7038
f 6893 7039 6891
f 6893 7041 7039
f 7040 6894 6892
f 7042 6894 7040
f 6895 7041 6893
f 6895 7043 7041
f 7042 6896 6894
f 7044 6896 7042
f 6897 7043 6895
f 6897 7045 7043
f 7044 6898 6896
f 7046 6898 7044
f 6899 7045 6897
f 6899 7047 7045
f 7046 6900 6898
f 7048 6900 7046
f 6901 7047 6899
f 6901 7049 7047
f 7048 6902 6900
f 7050 6902 7048
f 7051 7049 6901
f 7051 6901 6903
f 6903 6904 7051
f 7051 6904 7052
f 7054 7053 6906
f 6906 7053 6905
f 6906 6902 7050
f 6906 7050 7054
f 7055 7052 6904
f 7055 6904 6907
f 6907 6908 7055
f 7055 6908 7056
f 7058 7057 6910
f 6910 7057 6909
f 6910 6905 7053
f 6910 7053 7058
f 7059 7056 6908
f 7059 6908 6911
f 7060 6911 6912
f 7060 7059 6911
f 7061 6912 6913
f 7061 7060 6912
f 7062 6913 6914
f 7062 7061 6913
f 7063 6914 6915
f 7063 7062 6914
f 7064 6915 6916
f 7064 7063 6915
f 7065 6916 6917
f 7065 7064 6916
f 7066 6917 6918
f 7066 7065 6917
f 7067 6918 6919
f 7067 7066 6918
f 7068 6919 6920
f 7068 7067 6919
f 7069 6920 6921
f 7069 7068 6920
f 7070 6921 6922
f 7070 7069 6921
f 7071 6922 6923
f 7071 7070 6922
f 7072 6923 6924
f 7072 7071 6923
f 7073 6924 6925
f 7073 7072 6924
f 7074 6925 6926
f 7074 7073 6925
f 7075 6926 6927
f 7075 7074 6926
f 7076 6927 6928
f 7076 7075 6927
f 7077 6928 6929
f 7077 7076 6928
f 7078 6929 6930
f 7078 7077 6929
f 7079 6930 6931
f 7079 7078 6930
f 7080 6931 6932
f 7080 7079 6931
f 7081 6932 6933
f 7081 7080 6932
f 7082 6933 6934
f 7082 7081 6933
f 7083 6934 6935
f 7083 7082 6934
f 7084 6935 6936
f 7084 7083 6935
f 7085 6936 6937
f 7085 7084 6936
f 7086 6937 6938
f 7086 7085 6937
f 7087 6938 6939
f 7087 7086 6938
f 7088 6939 6940
f 7088 7087 6939
f 7089 6940 6941
f 7089 7088 6940
f 7090 6941 6942
f 7090 7089 6941
f 7091 6942 6943
f 7091 7090 6942
f 7092 6943 6944
f 7092 7091 6943
f 7093 6944 6945
f 7093 7092 6944
f 7094 6945 6946
f 7094 7093 6945
f 7095 6946 6947
f 7095 7094 6946
f 7096 6947 6948
f 7096 7095 6947
f 6948 6909 7057
f 6948 7057 7096
f 7098 7097 6949
f 7098 6949 6950
f 6949 7099 6951
f 7097 7099 6949
f 6951 7100 6952
f 7099 7100 6951
f 6952 7101 6953
f 7100 7101 6952
f 6953 7102 6954
f 7101 7102 6953
f 6954 7103 6955
f 7102 7103 6954
f 6955 7104 6956
f 7103 7104 6955
f 6956 7105 6957
f 7104 7105 6956
f 6957 7106 6958
f 7105 7106 6957
f 6958 7107 6959
f 7106 7107 6958
f 6959 7108 6960
f 7107 7108 6959
f 6960 7109 6961
f 7108 7109 6960
f 6961 7110 6962
f 7109 7110 6961
f 6962 7111 6963
f 7110 7111 6962
f 6963 7112 6964
f 7111 7112 6963
f 6964 7113 6965
f 7112 7113 6964
f 6965 7114 6966
f 7113 7114 6965
f 6966 7115 6967
f 7114 7115 6966
f 6967 7116 6968
f 7115 7116 6967
f 6968 7117 6969
f 7116 7117 6968
f 6969 7118 6970
f 7117 7118 6969
f 6970 7119 6971
f 7118 7119 6970
f 6971 7120 6972
f 7119 7120 6971
f 6972 7121 6973
f 7120 7121 6972
f 6973 7122 6974
f 7121 7122 6973
f 6974 7123 6975
f 7122 7123 6974
f 6975 7124 6976
f 7123 7124 6975
f 6976 7125 6977
f 7124 7125 6976
f 6977 7126 6978
f 7125 7126 6977
f 6978 7127 6979
f 7126 7127 6978
f 6979 7128 6980
f 7127 7128 6979
f 6980 7129 6981
f 7128 7129 6980
f 6981 7130 6982
f 7129 7130 6981
f 6982 7131 6983
f 7130 7131 6982
f 6983 7132 6984
f 7131 7132 6983
f 6984 7133 6985
f 7132 7133 6984
f 6985 7134 6986
f 7133 7134 6985
f 6986 7135 6987
f 7134 7135 6986
f 6988 6987 7135
f 6988 7135 7136
f 7138 7137 6989
f 7138 6989 6990
f 6950 6989 7098
f 7098 6989 7137
f 7136 7139 6988
f 6988 7139 6991
f 6992 6991 7139
f 6992 7139 7140
f 7142 7141 6993
f 7142 6993 6994
f 6990 6993 7138
f 7138 6993 7141
f 7140 7143 6992
f 6992 7143 6995
f 6996 6995 7143
f 6996 7143 7144
f 6997 7142 6994
f 6997 7145 7142
f 7144 6998 6996
f 7146 6998 7144
f 6999 7145 6997
f 6999 7147 7145
f 7146 7000 6998
f 7148 7000 7146
f 7001 7147 6999
f 7001 7149 7147
f 7148 7002 7000
f 7150 7002 7148
f 7003 7149 7001
f 7003 7151 7149
f 7150 7004 7002
f 7152 7004 7150
f 7005 7151 7003
f 7005 7153 7151
f 7152 7006 7004
f 7154 7006 7152
f 7007 7153 7005
f 7007 7155 7153
f 7154 7008 7006
f 7156 7008 7154
f 7009 7155 7007
f 7009 7157 7155
f 7156 7010 7008
f 7158 7010 7156
f 7011 7157 7009
f 7011 7159 7157
f 7158 7012 7010
f 7160 7012 7158
f 7013 7159 7011
f 7013 7161 7159
f 7160 7014 7012
f 7162 7014 7160
f 7015 7161 7013
f 7015 7163 7161
f 7162 7016 7014
f 7164 7016 7162
f 7017 7163 7015
f 7017 7165 7163
f 7164 7018 7016
f 7166 7018 7164
f 7019 7165 7017
f 7019 7167 7165
f 7166 7020 7018
f 7168 7020 7166
f 7021 7167 7019
f 7021 7169 7167
f 7168 7022 7020
f 7170 7022 7168
f 7023 7169 7021
f 7023 7171 7169
f 7170 7024 7022
f 7172 7024 7170
f 7025 7171 7023
f 7025 7173 7171
f 7172 7026 7024
f 7174 7026 7172
f 7027 7173 7025
f 7027 7175 7173
f 7174 7028 7026
f 7176 7028 7174
f 7029 7175 7027
f 7029 7177 7175
f 7176 7030 7028
f 7178 7030 7176
f 7031 7177 7029
f 7031 7179 7177
f 7178 7032 7030
f 7180 7032 7178
f 7033 7179 7031
f 7033 7181 7179
f 7180 7034 7032
f 7182 7034 7180
f 7035 7181 7033
f 7035 7183 7181
f 7182 7036 7034
f 7184 7036 7182
f 7037 7183 7035
f 7037 7185 7183
f 7184 7038 7036
f 7186 7038 7184
f 7039 7185 7037
f 7039 7187 7185
f 7186 7040 7038
f 7188 7040 7186
f 7041 7187 7039
f 7041 7189 7187
f 7188 7042 7040
f 7190 7042 7188
f 7043 7189 7041
f 7043 7191 7189
f 7190 7044 7042
f 7192 7044 7190
f 7045 7191 7043
f 7045 7193 7191
f 7192 7046 7044
f 7194 7046 7192
f 7047 7193 7045
f 7047 7195 7193
f 7194 7048 7046
f 7196 7048 7194
f 7049 7195 7047
f 7049 7197 7195
f 7196 7050 7048
f 7198 7050 7196
f 7199 7197 7049
f 7199 7049 7051
f 7051 7052 7199
f 7199 7052 7200
f 7202 7201 7054
f 7054 7201 7053
f 7054 7050 7198
f 7054 7198 7202
f 7203 7200 7052
f 7203 7052 7055
f 7055 7056 7203
f 7203 7056 7204
f 7206 7205 7058
f 7058 7205 7057
f 7058 7053 7201
f 7058 7201 7206
f 7207 7204 7056
f 7207 7056 7059
f 7208 7059 7060
f 7208 7207 7059
f 7209 7060 7061
f 7209 7208 7060
f 7210 7061 7062
f 7210 7209 7061
f 7211 7062 7063
f 7211 7210 7062
f 7212 7063 7064
f 7212 7211 7063
f 7213 7064 7065
f 7213 7212 7064
f 7214 7065 7066
f 7214 7213 7065
f 7215 7066 7067
f 7215 7214 7066
f 7216 7067 7068
f 7216 7215 7067
f 7217 7068 7069
f 7217 7216 7068
f 7218 7069 7070
f 7218 7217 7069
f 7219 7070 7071
f 7219 7218 7070
f 7220 7071 7072
f 7220 7219 7071
f 7221 7072 7073
f 7221 7220 7072
f 7222 7073 7074
f 7222 7221 7073
f 7223 7074 7075
f 7223 7222 7074
f 7224 7075 7076
f 7224 7223 7075
f 7225 7076 7077
f 7225 7224 7076
f 7226 7077 7078
f 7226 7225 7077
f 7227 7078 7079
f 7227 7226 7078
f 7228 7079 7080
f 7228 7227 7079
f 7229 7080 7081
f 7229 7228 7080
f 7230 7081 7082
f 7230 7229 7081
f 7231 7082 7083
f 7231 7230 7082
f 7232 7083 7084
f 7232 7231 7083
f 7233 7084 7085
f 7233 7232 7084
f 7234 7085 7086
f 7234 7233 7085
f 7235 7086 7087
f 7235 7234 7086
f 7236 7087 7088
f 7236 7235 7087
f 7237 7088 7089
f 7237 7236 7088
f 7238 7089 7090
f 7238 7237 7089
f 7239 7090 7091
f 7239 7238 7090
f 7240 7091 7092
f 7240 7239 7091
f 7241 7092 7093
f 7241 7240 7092
f 7242 7093 7094
f 7242 7241 7093
f 7243 7094 7095
f 7243 7242 7094
f 7244 7095 7096
f 7244 7243 7095
f 7096 7057 7205
f 7096 7205 7244
f 7246 7245 7097
f 7246 7097 7098
f 7097 7247 7099
f 7245 7247 7097
f 7099 7248 7100
f 7247 7248 7099
f 7100 7249 7101
f 7248 7249 7100
f 7101 7250 7102
f 7249 7250 7101
f 7102 7251 7103
f 7250 7251 7102
f 7103 7252 7104
f 7251 7252 7103
f 7104 7253 7105
f 7252 7253 7104
f 7105 7254 7106
f 7253 7254 7105
f 7106 7255 7107
f 7254 7255 7106
f 7107 7256 7108
f 7255 7256 7107
f 7108 7257 7109
f 7256 7257 7108
f 7109 7258 7110
f 7257 7258 7109
f 7110 7259 7111
f 7258 7259 7110
f 7111 7260 7112
f 7259 7260 7111
f 7112 7261 7113
f 7260 7261 7112
f 7113 7262 7114
f 7261 7262 7113
f 7114 7263 7115
f 7262 7263 7114
f 7115 7264 7116
f 7263 7264 7115
f 7116 7265 7117
f 7264 7265 7116
f 7117 7266 7118
f 7265 7266 7117
f 7118 7267 7119
f 7266 7267 7118
f 7119 7268 7120
f 7267 7268 7119
f 7120 7269 7121
f 7268 7269 7120
f 7121 7270 7122
f 7269 7270 7121
f 7122 7271 7123
f 7270 7271 7122
f 7123 7272 7124
f 7271 7272 7123
f 7124 7273 7125
f 7272 7273 7124
f 7125 7274 7126
f 7273 7274 7125
f 7126 7275 7127
f 7274 7275 7126
f 7127 7276 7128
f 7275 7276 7127
f 7128 7277 7129
f 7276 7277 7128
f 7129 7278 7130
f 7277 7278 7129
f 7130 7279 7131
f 7278 7279 7130
f 7131 7280 7132
f 7279 7280 7131
f 7132 7281 7133
f 7280 7281 7132
f 7133 7282 7134
f 7281 7282 7133
f 7134 7283 7135
f 7282 7283 7134
f 7136 7135 7283
f 7136 7283 7284
f 7286 7285 7137
f 7286 7137 7138
f 7098 7137 7246
f 7246 7137 7285
f 7284 7287 7136
f 7136 7287 7139
f 7140 7139 7287
f 7140 7287 7288
f 7290 7289 7141
f 7290 7141 7142
f 7138 7141 7286
f 7286 7141 7289
f 7288 7291 7140
f 7140 7291 7143
f 7144 7143 7291
f 7144 7291 7292
f 7145 7290 7142
f 7145 7293 7290
f 7292 7146 7144
f 7294 7146 7292
f 7147 7293 7145
f 7147 7295 7293
f 7294 7148 7146
f 7296 7148 7294
f 7149 7295 7147
f 7149 7297 7295
f 7296 7150 7148
f 7298 7150 7296
f 7151 7297 7149
f 7151 7299 7297
f 7298 7152 7150
f 7300 7152 7298
f 7153 7299 7151
f 7153 7301 7299
f 7300 7154 7152
f 7302 7154 7300
f 7155 7301 7153
f 7155 7303 7301
f 7302 7156 7154
f 7304 7156 7302
f 7157 7303 7155
f 7157 7305 7303
f 7304 7158 7156
f 7306 7158 7304
f 7159 7305 7157
f 7159 7307 7305
f 7306 7160 7158
f 7308 7160 7306
f 7161 7307 7159
f 7161 7309 7307
f 7308 7162 7160
f 7310 7162 7308
f 7163 7309 7161
f 7163 7311 7309
f 7310 7164 7162
f 7312 7164 7310
f 7165 7311 7163
f 7165 7313 7311
f 7312 7166 7164
f 7314 7166 7312
f 7167 7313 7165
f 7167 7315 7313
f 7314 7168 7166
f 7316 7168 7314
f 7169 7315 7167
f 7169 7317 7315
f 7316 7170 7168
f 7318 7170 7316
f 7171 7317 7169
f 7171 7319 7317
f 7318 7172 7170
f 7320 7172 7318
f 7173 7319 7171
f 7173 7321 7319
f 7320 7174 7172
f 7322 7174 7320
f 7175 7321 7173
f 7175 7323 7321
f 7322 7176 7174
f 7324 7176 7322
f 7177 7323 7175
f 7177 7325 7323
f 7324 7178 7176
f 7326 7178 7324
f 7179 7325 7177
f 7179 7327 7325
f 7326 7180 7178
f 7328 7180 7326
f 7181 7327 7179
f 7181 7329 7327
f 7328 7182 7180
f 7330 7182 7328
f 7183 7329 7181
f 7183 7331 7329
f 7330 7184 7182
f 7332 7184 7330
f 7185 7331 7183
f 7185 7333 7331
f 7332 7186 7184
f 7334 7186 7332
f 7187 7333 7185
f 7187 7335 7333
f 7334 7188 7186
f 7336 7188 7334
f 7189 7335 7187
f 7189 7337 7335
f 7336 7190 7188
f 7338 7190 7336
f 7191 7337 7189
f 7191 7339 7337
f 7338 7192 7190
f 7340 7192 7338
f 7193 7339 7191
f 7193 7341 7339
f 7340 7194 7192
f 7342 7194 7340
f 7195 7341 7193
f 7195 7343 7341
f 7342 7196 7194
f 7344 7196 7342
f 7197 7343 7195
f 7197 7345 7343
f 7344 7198 7196
f 7346 7198 7344
f 7347 7345 7197
f 7347 7197 7199
f 7199 7200 7347
f 7347 7200 7348
f 7350 7349 7202
f 7202 7349 7201
f 7202 7198 7346
f 7202 7346 7350
f 7351 7348 7200
f 7351 7200 7203
f 7203 7204 7351
f 7351 7204 7352
f 7354 7353 7206
f 7206 7353 7205
f 7206 7201 7349
f 7206 7349 7354
f 7355 7352 7204
f 7355 7204 7207
f 7356 7207 7208
f 7356 7355 7207
f 7357 7208 7209
f 7357 7356 7208
f 7358 7209 7210
f 7358 7357 7209
f 7359 7210 7211
f 7359 7358 7210
f 7360 7211 7212
f 7360 7359 7211
f 7361 7212 7213
f 7361 7360 7212
f 7362 7213 7214
f 7362 7361 7213
f 7363 7214 7215
f 7363 7362 7214
f 7364 7215 7216
f 7364 7363 7215
f 7365 7216 7217
f 7365 7364 7216
f 7366 7217 7218
f 7366 7365 7217
f 7367 7218 7219
f 7367 7366 7218
f 7368 7219 7220
f 7368 7367 7219
f 7369 7220 7221
f 7369 7368 7220
f 7370 7221 7222
f 7370 7369 7221
f 7371 7222 7223
f 7371 7370 7222
f 7372 7223 7224
f 7372 7371 7223
f 7373 7224 7225
f 7373 7372 7224
f 7374 7225 7226
f 7374 7373 7225
f 7375 7226 7227
f 7375 7374 7226
f 7376 7227 7228
f 7376 7375 7227
f 7377 7228 7229
f 7377 7376 7228
f 7378 7229 7230
f 7378 7377 7229
f 7379 7230 7231
f 7379 7378 7230
f 7380 7231 7232
f 7380 7379 7231
f 7381 7232 7233
f 7381 7380 7232
f 7382 7233 7234
f 7382 7381 7233
f 7383 7234 7235
f 7383 7382 7234
f 7384 7235 7236
f 7384 7383 7235
f 7385 7236 7237
f 7385 7384 7236
f 7386 7237 7238
f 7386 7385 7237
f 7387 7238 7239
f 7387 7386 7238
f 7388 7239 7240
f 7388 7387 7239
f 7389 7240 7241
f 7389 7388 7240
f 7390 7241 7242
f 7390 7389 7241
f 7391 7242 7243
f 7391 7390 7242
f 7392 7243 7244
f 7392 7391 7243
f 7244 7205 7353
f 7244 7353 7392
f 7394 7393 7245
f 7394 7245 7246
f 7245 7395 7247
f 7393 7395 7245
f 7247 7396 7248
f 7395 7396 7247
f 7248 7397 7249
f 7396 7397 7248
f 7249 7398 7250
f 7397 7398 7249
f 7250 7399 7251
f 7398 7399 7250
f 7251 7400 7252
f 7399 7400 7251
f 7252 7401 7253
f 7400 7401 7252
f 7253 7402 7254
f 7401 7402 7253
f 7254 7403 7255
f 7402 7403 7254
f 7255 7404 7256
f 7403 7404 7255
f 7256 7405 7257
f 7404 7405 7256
f 7257 7406 7258
f 7405 7406 7257
f 7258 7407 7259
f 7406 7407 7258
f 7259 7408 7260
f 7407 7408 7259
f 7260 7409 7261
f 7408 7409 7260
f 7261 7410 7262
f 7409 7410 7261
f 7262 7411 7263
f 7410 7411 7262
f 7263 7412 7264
f 7411 7412 7263
f 7264 7413 7265
f 7412 7413 7264
f 7265 7414 7266
f 7413 7414 7265
f 7266 7415 7267
f 7414 7415 7266
f 7267 7416 7268
f 7415 7416 7267
f 7268 7417 7269
f 7416 7417 7268
f 7269 7418 7270
f 7417 7418 7269
f 7270 7419 7271
f 7418 7419 7270
f 7271 7420 7272
f 7419 7420 7271
f 7272 7421 7273
f 7420 7421 7272
f 7273 7422 7274
f 7421 7422 7273
f 7274 7423 7275
f 7422 7423 7274
f 7275 7424 7276
f 7423 7424 7275
f 7276 7425 7277
f 7424 7425 7276
f 7277 7426 7278
f 7425 7426 7277
f 7278 7427 7279
f 7426 7427 7278
f 7279 7428 7280
f 7427 7428 7279
f 7280 7429 7281
f 7428 7429 7280
f 7281 7430 7282
f 7429 7430 7281
f 7282 7431 7283
f 7430 7431 7282
f 7284 7283 7431
f 7284 7431 7432
f 7434 7433 7285
f 7434 7285 7286
f 7246 7285 7394
f 7394 7285 7433
f 7432 7435 7284
f 7284 7435 7287
f 7288 7287 7435
f 7288 7435 7436
f 7438 7437 7289
f 7438 7289 7290
f 7286 7289 7434
f 7434 7289 7437
f 7436 7439 7288
f 7288 7439 7291
f 7292 7291 7439
f 7292 7439 7440
f 7293 7438 7290
f 7293 7441 7438
f 7440 7294 7292
f 7442 7294 7440
f 7295 7441 7293
f 7295 7443 7441
f 7442 7296 7294
f 7444 7296 7442
f 7297 7443 7295
f 7297 7445 7443
f 7444 7298 7296
f 7446 7298 7444
f 7299 7445 7297
f 7299 7447 7445
f 7446 7300 7298
f 7448 7300 7446
f 7301 7447 7299
f 7301 7449 7447
f 7448 7302 7300
f 7450 7302 7448
f 7303 7449 7301
f 7303 7451 7449
f 7450 7304 7302
f 7452 7304 7450
f 7305 7451 7303
f 7305 7453 7451
f 7452 7306 7304
f 7454 7306 7452
f 7307 7453 7305
f 7307 7455 7453
f 7454 7308 7306
f 7456 7308 7454
f 7309 7455 7307
f 7309 7457 7455
f 7456 7310 7308
f 7458 7310 7456
f 7311 7457 7309
f 7311 7459 7457
f 7458 7312 7310
f 7460 7312 7458
f 7313 7459 7311
f 7313 7461 7459
f 7460 7314 7312
f 7462 7314 7460
f 7315 7461 7313
f 7315 7463 7461
f 7462 7316 7314
f 7464 7316 7462
f 7317 7463 7315
f 7317 7465 7463
f 7464 7318 7316
f 7466 7318 7464
f 7319 7465 7317
f 7319 7467 7465
f 7466 7320 7318
f 7468 7320 7466
f 7321 7467 7319
f 7321 7469 7467
f 7468 7322 7320
f 7470 7322 7468
f 7323 7469 7321
f 7323 7471 7469
f 7470 7324 7322
f 7472 7324 7470
f 7325 7471 7323
f 7325 7473 7471
f 7472 7326 7324
f 7474 7326 7472
f 7327 7473 7325
f 7327 7475 7473
f 7474 7328 7326
f 7476 7328 7474
f 7329 7475 7327
f 7329 7477 7475
f 7476 7330 7328
f 7478 7330 7476
f 7331 7477 7329
f 7331 7479 7477
f 7478 7332 7330
f 7480 7332 7478
f 7333 7479 7331
f 7333 7481 7479
f 7480 7334 7332
f 7482 7334 7480
f 7335 7481 7333
f 7335 7483 7481
f 7482 7336 7334
f 7484 7336 7482
f 7337 7483 7335
f 7337 7485 7483
f 7484 7338 7336
f 7486 7338 7484
f 7339 7485 7337
f 7339 7487 7485
f 7486 7340 7338
f 7488 7340 7486
f 7341 7487 7339
f 7341 7489 7487
f 7488 7342 7340
f 7490 7342 7488
f 7343 7489 7341
f 7343 7491 7489
f 7490 7344 7342
f 7492 7344 7490
f 7345 7491 7343
f 7345 7493 7491
f 7492 7346 7344
f 7494 7346 7492
f 7495 7493 7345
f 7495 7345 7347
f 7347 7348 7495
f 7495 7348 7496
f 7498 7497 7350
f 7350 7497 7349
f 7350 7346 7494
f 7350 7494 7498
f 7499 7496 7348
f 7499 7348 7351
f 7351 7352 7499
f 7499 7352 7500
f 7502 7501 7354
f 7354 7501 7353
f 7354 7349 7497
f 7354 7497 7502
f 7503 7500 7352
f 7503 7352 7355
f 7504 7355 7356
f 7504 7503 7355
f 7505 7356 7357
f 7505 7504 7356
f 7506 7357 7358
f 7506 7505 7357
f 7507 7358 7359
f 7507 7506 7358
f 7508 7359 7360
f 7508 7507 7359
f 7509 7360 7361
f 7509 7508 7360
f 7510 7361 7362
f 7510 7509 7361
f 7511 7362 7363
f 7511 7510 7362
f 7512 7363 7364
f 7512 7511 7363
f 7513 7364 7365
f 7513 7512 7364
f 7514 7365 7366
f 7514 7513 7365
f 7515 7366 7367
f 7515 7514 7366
f 7516 7367 7368
f 7516 7515 7367
f 7517 7368 7369
f 7517 7516 7368
f 7518 7369 7370
f 7518 7517 7369
f 7519 7370 7371
f 7519 7518 7370
f 7520 7371 7372
f 7520 7519 7371
f 7521 7372 7373
f 7521 7520 7372
f 7522 7373 7374
f 7522 7521 7373
f 7523 7374 7375
f 7523 7522 7374
f 7524 7375 7376
f 7524 7523 7375
f 7525 7376 7377
f 7525 7524 7376
f 7526 7377 7378
f 7526 7525 7377
f 7527 7378 7379
f 7527 7526 7378
f 7528 7379 7380
f 7528 7527 7379
f 7529 7380 7381
f 7529 7528 7380
f 7530 7381 7382
f 7530 7529 7381
f 7531 7382 7383
f 7531 7530 7382
f 7532 7383 7384
f 7532 7531 7383
f 7533 7384 7385
f 7533 7532 7384
f 7534 7385 7386
f 7534 7533 7385
f 7535 7386 7387
f 7535 7534 7386
f 7536 7387 7388
f 7536 7535 7387
f 7537 7388 7389
f 7537 7536 7388
f 7538 7389 7390
f 7538 7537 7389
f 7539 7390 7391
f 7539 7538 7390
f 7540 7391 7392
f 7540 7539 7391
f 7392 7353 7501
f 7392 7501 7540
f 7542 7541 7393
f 7542 7393 7394
f 7393 7543 7395
f 7541 7543 7393
f 7395 7544 7396
f 7543 7544 7395
f 7396 7545 7397
f 7544 7545 7396
f 7397 7546 7398
f 7545 7546 7397
f 7398 7547 7399
f 7546 7547 7398
f 7399 7548 7400
f 7547 7548 7399
f 7400 7549 7401
f 7548 7549 7400
f 7401 7550 7402
f 7549 7550 7401
f 7402 7551 7403
f 7550 7551 7402
f 7403 7552 7404
f 7551 7552 7403
f 7404 7553 7405
f 7552 7553 7404
f 7405 7554 7406
f 7553 7554 7405
f 7406 7555 7407
f 7554 7555 7406
f 7407 7556 7408
f 7555 7556 7407
f 7408 7557 7409
f 7556 7557 7408
f 7409 7558 7410
f 7557 7558 7409
f 7410 7559 7411
f 7558 7559 7410
f 7411 7560 7412
f 7559 7560 7411
f 7412 7561 7413
f 7560 7561 7412
f 7413 7562 7414
f 7561 7562 7413
f 7414 7563 7415
f 7562 7563 7414
f 7415 7564 7416
f 7563 7564 7415
f 7416 7565 7417
f 7564 7565 7416
f 7417 7566 7418
f 7565 7566 7417
f 7418 7567 7419
f 7566 7567 7418
f 7419 7568 7420
f 7567 7568 7419
f 7420 7569 7421
f 7568 7569 7420
f 7421 7570 7422
f 7569 7570 7421
f 7422 7571 7423
f 7570 7571 7422
f 7423 7572 7424
f 7571 7572 7423
f 7424 7573 7425
f 7572 7573 7424
f 7425 7574 7426
f 7573 7574 7425
f 7426 7575 7427
f 7574 7575 7426
f 7427 7576 7428
f 7575 7576 7427
f 7428 7577 7429
f 7576 7577 7428
f 7429 7578 7430
f 7577 7578 7429
f 7430 7579 7431
f 7578 7579 7430
f 7432 7431 7579
f 7432 7579 7580
f 7582 7581 7433
f 7582 7433 7434
f 7394 7433 7542
f 7542 7433 7581
f 7580 7583 7432
f 7432 7583 7435
f 7436 7435 7583
f 7436 7583 7584
f 7586 7585 7437
f 7586 7437 7438
f 7434 7437 7582
f 7582 7437 7585
f 7584 7587 7436
f 7436 7587 7439
f 7440 7439 7587
f 7440 7587 7588
f 7441 7586 7438
f 7441 7589 7586
f 7588 7442 7440
f 7590 7442 7588
f 7443 7589 7441
f 7443 7591 7589
f 7590 7444 7442
f 7592 7444 7590
f 7445 7591 7443
f 7445 7593 7591
f 7592 7446 7444
f 7594 7446 7592
f 7447 7593 7445
f 7447 7595 7593
f 7594 7448 7446
f 7596 7448 7594
f 7449 7595 7447
f 7449 7597 7595
f 7596 7450 7448
f 7598 7450 7596
f 7451 7597 7449
f 7451 7599 7597
f 7598 7452 7450
f 7600 7452 7598
f 7453 7599 7451
f 7453 7601 7599
f 7600 7454 7452
f 7602 7454 7600
f 7455 7601 7453
f 7455 7603 7601
f 7602 7456 7454
f 7604 7456 7602
f 7457 7603 7455
f 7457 7605 7603
f 7604 7458 7456
f 7606 7458 7604
f 7459 7605 7457
f 7459 7607 7605
f 7606 7460 7458
f 7608 7460 7606
f 7461 7607 7459
f 7461 7609 7607
f 7608 7462 7460
f 7610 7462 7608
f 7463 7609 7461
f 7463 7611 7609
f 7610 7464 7462
f 7612 7464 7610
f 7465 7611 7463
f 7465 7613 7611
f 7612 7466 7464
f 7614 7466 7612
f 7467 7613 7465
f 7467 7615 7613
f 7614 7468 7466
f 7616 7468 7614
f 7469 7615 7467
f 7469 7617 7615
f 7616 7470 7468
f 7618 7470 7616
f 7471 7617 7469
f 7471 7619 7617
f 7618 7472 7470
f 7620 7472 7618
f 7473 7619 7471
f 7473 7621 7619
f 7620 7474 7472
f 7622 7474 7620
f 7475 7621 7473
f 7475 7623 7621
f 7622 7476 7474
f 7624 7476 7622
f 7477 7623 7475
f 7477 7625 7623
f 7624 7478 7476
f 7626 7478 7624
f 7479 7625 7477
f 7479 7627 7625
f 7626 7480 7478
f 7628 7480 7626
f 7481 7627 7479
f 7481 7629 7627
f 7628 7482 7480
f 7630 7482 7628
f 7483 7629 7481
f 7483 7631 7629
f 7630 7484 7482
f 7632 7484 7630
f 7485 7631 7483
f 7485 7633 7631
f 7632 7486 7484
f 7634 7486 7632
f 7487 7633 7485
f 7487 7635 7633
f 7634 7488 7486
f 7636 7488 7634
f 7489 7635 7487
f 7489 7637 7635
f 7636 7490 7488
f 7638 7490 7636
f 7491 7637 7489
f 7491 7639 7637
f 7638 7492 7490
f 7640 7492 7638
f 7493 7639 7491
f 7493 7641 7639
f 7640 7494 7492
f 7642 7494 7640
f 7643 7641 7493
f 7643 7493 7495
f 7495 7496 7643
f 7643 7496 7644
f 7646 7645 7498
f 7498 7645 7497
f 7498 7494 7642
f 7498 7642 7646
f 7647 7644 7496
f 7647 7496 7499
f 7499 7500 7647
f 7647 7500 7648
f 7650 7649 7502
f 7502 7649 7501
f 7502 7497 7645
f 7502 7645 7650
f 7651 7648 7500
f 7651 7500 7503
f 7652 7503 7504
f 7652 7651 7503
f 7653 7504 7505
f 7653 7652 7504
f 7654 7505 7506
f 7654 7653 7505
f 7655 7506 7507
f 7655 7654 7506
f 7656 7507 7508
f 7656 7655 7507
f 7657 7508 7509
f 7657 7656 7508
f 7658 7509 7510
f 7658 7657 7509
f 7659 7510 7511
f 7659 7658 7510
f 7660 7511 7512
f 7660 7659 7511
f 7661 7512 7513
f 7661 7660 7512
f 7662 7513 7514
f 7662 7661 7513
f 7663 7514 7515
f 7663 7662 7514
f 7664 7515 7516
f 7664 7663 7515
f 7665 7516 7517
f 7665 7664 7516
f 7666 7517 7518
f 7666 7665 7517
f 7667 7518 7519
f 7667 7666 7518
f 7668 7519 7520
f 7668 7667 7519
f 7669 7520 7521
f 7669 7668 7520
f 7670 7521 7522
f 7670 7669 7521
f 7671 7522 7523
f 7671 7670 7522
f 7672 7523 7524
f 7672 7671 7523
f 7673 7524 7525
f 7673 7672 7524
f 7674 7525 7526
f 7674 7673 7525
f 7675 7526 7527
f 7675 7674 7526
f 7676 7527 7528
f 7676 7675 7527
f 7677 7528 7529
f 7677 7676 7528
f 7678 7529 7530
f 7678 7677 7529
f 7679 7530 7531
f 7679 7678 7530
f 7680 7531 7532
f 7680 7679 7531
f 7681 7532 7533
f 7681 7680 7532
f 7682 7533 7534
f 7682 7681 7533
f 7683 7534 7535
f 7683 7682 7534
f 7684 7535 7536
f 7684 7683 7535
f 7685 7536 7537
f 7685 7684 7536
f 7686 7537 7538
f 7686 7685 7537
f 7687 7538 7539
f 7687 7686 7538
f 7688 7539 7540
f 7688 7687 7539
f 7540 7501 7649
f 7540 7649 7688
f 7690 7689 7541
f 7690 7541 7542
f 7541 7691 7543
f 7689 7691 7541
f 7543 7692 7544
f 7691 7692 7543
f 7544 7693 7545
f 7692 7693 7544
f 7545 7694 7546
f 7693 7694 7545
f 7546 7695 7547
f 7694 7695 7546
f 7547 7696 7548
f 7695 7696 7547
f 7548 7697 7549
f 7696 7697 7548
f 7549 7698 7550
f 7697 7698 7549
f 7550 7699 7551
f 7698 7699 7550
f 7551 7700 7552
f 7699 7700 7551
f 7552 7701 7553
f 7700 7701 7552
f 7553 7702 7554
f 7701 7702 7553
f 7554 7703 7555
f 7702 7703 7554
f 7555 7704 7556
f 7703 7704 7555
f 7556 7705 7557
f 7704 7705 7556
f 7557 7706 7558
f 7705 7706 7557
f 7558 7707 7559
f 7706 7707 7558
f 7559 7708 7560
f 7707 7708 7559
f 7560 7709 7561
f 7708 7709 7560
f 7561 7710 7562
f 7709 7710 7561
f 7562 7711 7563
f 7710 7711 7562
f 7563 7712 7564
f 7711 7712 7563
f 7564 7713 7565
f 7712 7713 7564
f 7565 7714 7566
f 7713 7714 7565
f 7566 7715 7567
f 7714 7715 7566
f 7567 7716 7568
f 7715 7716 7567
f 7568 7717 7569
f 7716 7717 7568
f 7569 7718 7570
f 7717 7718 7569
f 7570 7719 7571
f 7718 7719 7570
f 7571 7720 7572
f 7719 7720 7571
f 7572 7721 7573
f 7720 7721 7572
f 7573 7722 7574
f 7721 7722 7573
f 7574 7723 7575
f 7722 7723 7574
f 7575 7724 7576
f 7723 7724 7575
f 7576 7725 7577
f 7724 7725 7576
f 7577 7726 7578
f 7725 7726 7577
f 7578 7727 7579
f 7726 7727 7578
f 7580 7579 7727
f 7580 7727 7728
f 7730 7729 7581
f 7730 7581 7582
f 7542 7581 7690
f 7690 7581 7729
f 7728 7731 7580
f 7580 7731 7583
f 7584 7583 7731
f 7584 7731 7732
f 7734 7733 7585
f 7734 7585 7586
f 7582 7585 7730
f 7730 7585 7733
f 7732 7735 7584
f 7584 7735 7587
f 7588 7587 7735
f 7588 7735 7736
f 7589 7734 7586
f 7589 7737 7734
f 7736 7590 7588
f 7738 7590 7736
f 7591 7737 7589
f 7591 7739 7737
f 7738 7592 7590
f 7740 7592 7738
f 7593 7739 7591
f 7593 7741 7739
f 7740 7594 7592
f 7742 7594 7740
f 7595 7741 7593
f 7595 7743 7741
f 7742 7596 7594
f 7744 7596 7742
f 7597 7743 7595
f 7597 7745 7743
f 7744 7598 7596
f 7746 7598 7744
f 7599 7745 7597
f 7599 7747 7745
f 7746 7600 7598
f 7748 7600 7746
f 7601 7747 7599
f 7601 7749 7747
f 7748 7602 7600
f 7750 7602 7748
f 7603 7749 7601
f 7603 7751 7749
f 7750 7604 7602
f 7752 7604 7750
f 7605 7751 7603
f 7605 7753 7751
f 7752 7606 7604
f 7754 7606 7752
f 7607 7753 7605
f 7607 7755 7753
f 7754 7608 7606
f 7756 7608 7754
f 7609 7755 7607
f 7609 7757 7755
f 7756 7610 7608
f 7758 7610 7756
f 7611 7757 7609
f 7611 7759 7757
f 7758 7612 7610
f 7760 7612 7758
f 7613 7759 7611
f 7613 7761 7759
f 7760 7614 7612
f 7762 7614 7760
f 7615 7761 7613
f 7615 7763 7761
f 7762 7616 7614
f 7764 7616 7762
f 7617 7763 7615
f 7617 7765 7763
f 7764 7618 7616
f 7766 7618 7764
f 7619 7765 7617
f 7619 7767 7765
f 7766 7620 7618
f 7768 7620 7766
f 7621 7767 7619
f 7621 7769 7767
f 7768 7622 7620
f 7770 7622 7768
f 7623 7769 7621
f 7623 7771 7769
f 7770 7624 7622
f 7772 7624 7770
f 7625 7771 7623
f 7625 7773 7771
f 7772 7626 7624
f 7774 7626 7772
f 7627 7773 7625
f 7627 7775 7773
f 7774 7628 7626
f 7776 7628 7774
f 7629 7775 7627
f 7629 7777 7775
f 7776 7630 7628
f 7778 7630 7776
f 7631 7777 7629
f 7631 7779 7777
f 7778 7632 7630
f 7780 7632 7778
f 7633 7779 7631
f 7633 7781 7779
f 7780 7634 7632
f 7782 7634 7780
f 7635 7781 7633
f 7635 7783 7781
f 7782 7636 7634
f 7784 7636 7782
f 7637 7783 7635
f 7637 7785 7783
f 7784 7638 7636
f 7786 7638 7784
f 7639 7785 7637
f 7639 7787 7785
f 7786 7640 7638
f 7788 7640 7786
f 7641 7787 7639
f 7641 7789 7787
f 7788 7642 7640
f 7790 7642 7788
f 7791 7789 7641
f 7791 7641 7643
f 7643 7644 7791
f 7791 7644 7792
f 7794 7793 7646
f 7646 7793 7645
f 7646 7642 7790
f 7646 7790 7794
f 7795 7792 7644
f 7795 7644 7647
f 7647 7648 7795
f 7795 7648 7796
f 7798 7797 7650
f 7650 7797 7649
f 7650 7645 7793
f 7650 7793 7798
f 7799 7796 7648
f 7799 7648 7651
f 7800 7651 7652
f 7800 7799 7651
f 7801 7652 7653
f 7801 7800 7652
f 7802 7653 7654
f 7802 7801 7653
f 7803 7654 7655
f 7803 7802 7654
f 7804 7655 7656
f 7804 7803 7655
f 7805 7656 7657
f 7805 7804 7656
f 7806 7657 7658
f 7806 7805 7657
f 7807 7658 7659
f 7807 7806 7658
f 7808 7659 7660
f 7808 7807 7659
f 7809 7660 7661
f 7809 7808 7660
f 7810 7661 7662
f 7810 7809 7661
f 7811 7662 7663
f 7811 7810 7662
f 7812 7663 7664
f 7812 7811 7663
f 7813 7664 7665
f 7813 7812 7664
f 7814 7665 7666
f 7814 7813 7665
f 7815 7666 7667
f 7815 7814 7666
f 7816 7667 7668
f 7816 7815 7667
f 7817 7668 7669
f 7817 7816 7668
f 7818 7669 7670
f 7818 7817 7669
f 7819 7670 7671
f 7819 7818 7670
f 7820 7671 7672
f 7820 7819 7671
f 7821 7672 7673
f 7821 7820 7672
f 7822 7673 7674
f 7822 7821 7673
f 7823 7674 7675
f 7823 7822 7674
f 7824 7675 7676
f 7824 7823 7675
f 7825 7676 7677
f 7825 7824 7676
f 7826 7677 7678
f 7826 7825 7677
f 7827 7678 7679
f 7827 7826 7678
f 7828 7679 7680
f 7828 7827 7679
f 7829 7680 7681
f 7829 7828 7680
f 7830 7681 7682
f 7830 7829 7681
f 7831 7682 7683
f 7831 7830 7682
f 7832 7683 7684
f 7832 7831 7683
f 7833 7684 7685
f 7833 7832 7684
f 7834 7685 7686
f 7834 7833 7685
f 7835 7686 7687
f 7835 7834 7686
f 7836 7687 7688
f 7836 7835 7687
f 7688 7649 7797
f 7688 7797 7836
f 7838 7837 7689
f 7838 7689 7690
f 7689 7839 7691
f 7837 7839 7689
f 7691 7840 7692
f 7839 7840 7691
f 7692 7841 7693
f 7840 7841 7692
f 7693 7842 7694
f 7841 7842 7693
f 7694 7843 7695
f 7842 7843 7694
f 7695 7844 7696
f 7843 7844 7695
f 7696 7845 7697
f 7844 7845 7696
f 7697 7846 7698
f 7845 7846 7697
f 7698 7847 7699
f 7846 7847 7698
f 7699 7848 7700
f 7847 7848 7699
f 7700 7849 7701
f 7848 7849 7700
f 7701 7850 7702
f 7849 7850 7701
f 7702 7851 7703
f 7850 7851 7702
f 7703 7852 7704
f 7851 7852 7703
f 7704 7853 7705
f 7852 7853 7704
f 7705 7854 7706
f 7853 7854 7705
f 7706 7855 7707
f 7854 7855 7706
f 7707 7856 7708
f 7855 7856 7707
f 7708 7857 7709
f 7856 7857 7708
f 7709 7858 7710
f 7857 7858 7709
f 7710 7859 7711
f 7858 7859 7710
f 7711 7860 7712
f 7859 7860 7711
f 7712 7861 7713
f 7860 7861 7712
f 7713 7862 7714
f 7861 7862 7713
f 7714 7863 7715
f 7862 7863 7714
f 7715 7864 7716
f 7863 7864 7715
f 7716 7865 7717
f 7864 7865 7716
f 7717 7866 7718
f 7865 7866 7717
f 7718 7867 7719
f 7866 7867 7718
f 7719 7868 7720
f 7867 7868 7719
f 7720 7869 7721
f 7868 7869 7720
f 7721 7870 7722
f 7869 7870 7721
f 7722 7871 7723
f 7870 7871 7722
f 7723 7872 7724
f 7871 7872 7723
f 7724 7873 7725
f 7872 7873 7724
f 7725 7874 7726
f 7873 7874 7725
f 7726 7875 7727
f 7874 7875 7726
f 7728 7727 7875
f 7728 7875 7876
f 7878 7877 7729
f 7878 7729 7730
f 7690 7729 7838
f 7838 7729 7877
f 7876 7879 7728
f 7728 7879 7731
f 7732 7731 7879
f 7732 7879 7880
f 7882 7881 7733
f 7882 7733 7734
f 7730 7733 7878
f 7878 7733 7881
f 7880 7883 7732
f 7732 7883 7735
f 7736 7735 7883
f 7736 7883 7884
f 7737 7882 7734
f 7737 7885 7882
f 7884 7738 7736
f 7886 7738 7884
f 7739 7885 7737
f 7739 7887 7885
f 7886 7740 7738
f 7888 7740 7886
f 7741 7887 7739
f 7741 7889 7887
f 7888 7742 7740
f 7890 7742 7888
f 7743 7889 7741
f 7743 7891 7889
f 7890 7744 7742
f 7892 7744 7890
f 7745 7891 7743
f 7745 7893 7891
f 7892 7746 7744
f 7894 7746 7892
f 7747 7893 7745
f 7747 7895 7893
f 7894 7748 7746
f 7896 7748 7894
f 7749 7895 7747
f 7749 7897 7895
f 7896 7750 7748
f 7898 7750 7896
f 7751 7897 7749
f 7751 7899 7897
f 7898 7752 7750
f 7900 7752 7898
f 7753 7899 7751
f 7753 7901 7899
f 7900 7754 7752
f 7902 7754 7900
f 7755 7901 7753
f 7755 7903 7901
f 7902 7756 7754
f 7904 7756 7902
f 7757 7903 7755
f 7757 7905 7903
f 7904 7758 7756
f 7906 7758 7904
f 7759 7905 7757
f 7759 7907 7905
f 7906 7760 7758
f 7908 7760 7906
f 7761 7907 7759
f 7761 7909 7907
f 7908 7762 7760
f 7910 7762 7908
f 7763 7909 7761
f 7763 7911 7909
f 7910 7764 7762
f 7912 7764 7910
f 7765 7911 7763
f 7765 7913 7911
f 7912 7766 7764
f 7914 7766 7912
f 7767 7913 7765
f 7767 7915 7913
f 7914 7768 7766
f 7916 7768 7914
f 7769 7915 7767
f 7769 7917 7915
f 7916 7770 7768
f 7918 7770 7916
f 7771 7917 7769
f 7771 7919 7917
f 7918 7772 7770
f 7920 7772 7918
f 7773 7919 7771
f 7773 7921 7919
f 7920 7774 7772
f 7922 7774 7920
f 7775 7921 7773
f 7775 7923 7921
f 7922 7776 7774
f 7924 7776 7922
f 7777 7923 7775
f 7777 7925 7923
f 7924 7778 7776
f 7926 7778 7924
f 7779 7925 7777
f 7779 7927 7925
f 7926 7780 7778
f 7928 7780 7926
f 7781 7927 7779
f 7781 7929 7927
f 7928 7782 7780
f 7930 7782 7928
f 7783 7929 7781
f 7783 7931 7929
f 7930 7784 7782
f 7932 7784 7930
f 7785 7931 7783
f 7785 7933 7931
f 7932 7786 7784
f 7934 7786 7932
f 7787 7933 7785
f 7787 7935 7933
f 7934 7788 7786
f 7936 7788 7934
f 7789 7935 7787
f 7789 7937 7935
f 7936 7790 7788
f 7938 7790 7936
f 7939 7937 7789
f 7939 7789 7791
f 7791 7792 7939
f 7939 7792 7940
f 7942 7941 7794
f 7794 7941 7793
f 7794 7790 7938
f 7794 7938 7942
f 7943 7940 7792
f 7943 7792 7795
f 7795 7796 7943
f 7943 7796 7944
f 7946 7945 7798
f 7798 7945 7797
f 7798 7793 7941
f 7798 7941 7946
f 7947 7944 7796
f 7947 7796 7799
f 7948 7799 7800
f 7948 7947 7799
f 7949 7800 7801
f 7949 7948 7800
f 7950 7801 7802
f 7950 7949 7801
f 7951 7802 7803
f 7951 7950 7802
f 7952 7803 7804
f 7952 7951 7803
f 7953 7804 7805
f 7953 7952 7804
f 7954 7805 7806
f 7954 7953 7805
f 7955 7806 7807
f 7955 7954 7806
f 7956 7807 7808
f 7956 7955 7807
f 7957 7808 7809
f 7957 7956 7808
f 7958 7809 7810
f 7958 7957 7809
f 7959 7810 7811
f 7959 7958 7810
f 7960 7811 7812
f 7960 7959 7811
f 7961 7812 7813
f 7961 7960 7812
f 7962 7813 7814
f 7962 7961 7813
f 7963 7814 7815
f 7963 7962 7814
f 7964 7815 7816
f 7964 7963 7815
f 7965 7816 7817
f 7965 7964 7816
f 7966 7817 7818
f 7966 7965 7817
f 7967 7818 7819
f 7967 7966 7818
f 7968 7819 7820
f 7968 7967 7819
f 7969 7820 7821
f 7969 7968 7820
f 7970 7821 7822
f 7970 7969 7821
f 7971 7822 7823
f 7971 7970 7822
f 7972 7823 7824
f 7972 7971 7823
f 7973 7824 7825
f 7973 7972 7824
f 7974 7825 7826
f 7974 7973 7825
f 7975 7826 7827
f 7975 7974 7826
f 7976 7827 7828
f 7976 7975 7827
f 7977 7828 7829
f 7977 7976 7828
f 7978 7829 7830
f 7978 7977 7829
f 7979 7830 7831
f 7979 7978 7830
f 7980 7831 7832
f 7980 7979 7831
f 7981 7832 7833
f 7981 7980 7832
f 7982 7833 7834
f 7982 7981 7833
f 7983 7834 7835
f 7983 7982 7834
f 7984 7835 7836
f 7984 7983 7835
f 7836 7797 7945
f 7836 7945 7984
f 7986 7985 7837
f 7986 7837 7838
f 7837 7987 7839
f 7985 7987 7837
f 7839 7988 7840
f 7987 7988 7839
f 7840 7989 7841
f 7988 7989 7840
f 7841 7990 7842
f 7989 7990 7841
f 7842 7991 7843
f 7990 7991 7842
f 7843 7992 7844
f 7991 7992 7843
f 7844 7993 7845
f 7992 7993 7844
f 7845 7994 7846
f 7993 7994 7845
f 7846 7995 7847
f 7994 7995 7846
f 7847 7996 7848
f 7995 7996 7847
f 7848 7997 7849
f 7996 7997 7848
f 7849 7998 7850
f 7997 7998 7849
f 7850 7999 7851
f 7998 7999 7850
f 7851 8000 7852
f 7999 8000 7851
f 7852 8001 7853
f 8000 8001 7852
f 7853 8002 7854
f 8001 8002 7853
f 7854 8003 7855
f 8002 8003 7854
f 7855 8004 7856
f 8003 8004 7855
f 7856 8005 7857
f 8004 8005 7856
f 7857 8006 7858
f 8005 8006 7857
f 7858 8007 7859
f 8006 8007 7858
f 7859 8008 7860
f 8007 8008 7859
f 7860 8009 7861
f 8008 8009 7860
f 7861 8010 7862
f 8009 8010 7861
f 7862 8011 7863
f 8010 8011 7862
f 7863 8012 7864
f 8011 8012 7863
f 7864 8013 7865
f 8012 8013 7864
f 7865 8014 7866
f 8013 8014 7865
f 7866 8015 7867
f 8014 8015 7866
f 7867 8016 7868
f 8015 8016 7867
f 7868 8017 7869
f 8016 8017 7868
f 7869 8018 7870
f 8017 8018 7869
f 7870 8019 7871
f 8018 8019 7870
f 7871 8020 7872
f 8019 8020 7871
f 7872 8021 7873
f 8020 8021 7872
f 7873 8022 7874
f 8021 8022 7873
f 7874 8023 7875
f 8022 8023 7874
f 7876 7875 8023
f 7876 8023 8024
f 8026 8025 7877
f 8026 7877 7878
f 7838 7877 7986
f 7986 7877 8025
f 8024 8027 7876
f 7876 8027 7879
f 7880 7879 8027
f 7880 8027 8028
f 8030 8029 7881
f 8030 7881 7882
f 7878 7881 8026
f 8026 7881 8029
f 8028 8031 7880
f 7880 8031 7883
f 7884 7883 8031
f 7884 8031 8032
f 7885 8030 7882
f 7885 8033 8030
f 8032 7886 7884
f 8034 7886 8032
f 7887 8033 7885
f 7887 8035 8033
f 8034 7888 7886
f 8036 7888 8034
f 7889 8035 7887
f 7889 8037 8035
f 8036 7890 7888
f 8038 7890 8036
f 7891 8037 7889
f 7891 8039 8037
f 8038 7892 7890
f 8040 7892 8038
f 7893 8039 7891
f 7893 8041 8039
f 8040 7894 7892
f 8042 7894 8040
f 7895 8041 7893
f 7895 8043 8041
f 8042 7896 7894
f 8044 7896 8042
f 7897 8043 7895
f 7897 8045 8043
f 8044 7898 7896
f 8046 7898 8044
f 7899 8045 7897
f 7899 8047 8045
f 8046 7900 7898
f 8048 7900 8046
f 7901 8047 7899
f 7901 8049 8047
f 8048 7902 7900
f 8050 7902 8048
f 7903 8049 7901
f 7903 8051 8049
f 8050 7904 7902
f 8052 7904 8050
f 7905 8051 7903
f 7905 8053 8051
f 8052 7906 7904
f 8054 7906 8052
f 7907 8053 7905
f 7907 8055 8053
f 8054 7908 7906
f 8056 7908 8054
f 7909 8055 7907
f 7909 8057 8055
f 8056 7910 7908
f 8058 7910 8056
f 7911 8057 7909
f 7911 8059 8057
f 8058 7912 7910
f 8060 7912 8058
f 7913 8059 7911
f 7913 8061 8059
f 8060 7914 7912
f 8062 7914 8060
f 7915 8061 7913
f 7915 8063 8061
f 8062 7916 7914
f 8064 7916 8062
f 7917 8063 7915
f 7917 8065 8063
f 8064 7918 7916
f 8066 7918 8064
f 7919 8065 7917
f 7919 8067 8065
f 8066 7920 7918
f 8068 7920 8066
f 7921 8067 7919
f 7921 8069 8067
f 8068 7922 7920
f 8070 7922 8068
f 7923 8069 7921
f 7923 8071 8069
f 8070 7924 7922
f 8072 7924 8070
f 7925 8071 7923
f 7925 8073 8071
f 8072 7926 7924
f 8074 7926 8072
f 7927 8073 7925
f 7927 8075 8073
f 8074 7928 7926
f 8076 7928 8074
f 7929 8075 7927
f 7929 8077 8075
f 8076 7930 7928
f 8078 7930 8076
f 7931 8077 7929
f 7931 8079 8077
f 8078 7932 7930
f 8080 7932 8078
f 7933 8079 7931
f 7933 8081 8079
f 8080 7934 7932
f 8082 7934 8080
f 7935 8081 7933
f 7935 8083 8081
f 8082 7936 7934
f 8084 7936 8082
f 7937 8083 7935
f 7937 8085 8083
f 8084 7938 7936
f 8086 7938 8084
f 8087 8085 7937
f 8087 7937 7939
f 7939 7940 8087
f 8087 7940 8088
f 8090 8089 7942
f 7942 8089 7941
f 7942 7938 8086
f 7942 8086 8090
f 8091 8088 7940
f 8091 7940 7943
f 7943 7944 8091
f 8091 7944 8092
f 8094 8093 7946
f 7946 8093 7945
f 7946 7941 8089
f 7946 8089 8094
f 8095 8092 7944
f 8095 7944 7947
f 8096 7947 7948
f 8096 8095 7947
f 8097 7948 7949
f 8097 8096 7948
f 8098 7949 7950
f 8098 8097 7949
f 8099 7950 7951
f 8099 8098 7950
f 8100 7951 7952
f 8100 8099 7951
f 8101 7952 7953
f 8101 8100 7952
f 8102 7953 7954
f 8102 8101 7953
f 8103 7954 7955
f 8103 8102 7954
f 8104 7955 7956
f 8104 8103 7955
f 8105 7956 7957
f 8105 8104 7956
f 8106 7957 7958
f 8106 8105 7957
f 8107 7958 7959
f 8107 8106 7958
f 8108 7959 7960
f 8108 8107 7959
f 8109 7960 7961
f 8109 8108 7960
f 8110 7961 7962
f 8110 8109 7961
f 8111 7962 7963
f 8111 8110 7962
f 8112 7963 7964
f 8112 8111 7963
f 8113 7964 7965
f 8113 8112 7964
f 8114 7965 7966
f 8114 8113 7965
f 8115 7966 7967
f 8115 8114 7966
f 8116 7967 7968
f 8116 8115 7967
f 8117 7968 7969
f 8117 8116 7968
f 8118 7969 7970
f 8118 8117 7969
f 8119 7970 7971
f 8119 8118 7970
f 8120 7971 7972
f 8120 8119 7971
f 8121 7972 7973
f 8121 8120 7972
f 8122 7973 7974
f 8122 8121 7973
f 8123 7974 7975
f 8123 8122 7974
f 8124 7975 7976
f 8124 8123 7975
f 8125 7976 7977
f 8125 8124 7976
f 8126 7977 7978
f 8126 8125 7977
f 8127 7978 7979
f 8127 8126 7978
f 8128 7979 7980
f 8128 8127 7979
f 8129 7980 7981
f 8129 8128 7980
f 8130 7981 7982
f 8130 8129 7981
f 8131 7982 7983
f 8131 8130 7982
f 8132 7983 7984
f 8132 8131 7983
f 7984 7945 8093
f 7984 8093 8132
f 8134 8133 7985
f 8134 7985 7986
f 7985 8135 7987
f 8133 8135 7985
f 7987 8136 7988
f 8135 8136 7987
f 7988 8137 7989
f 8136 8137 7988
f 7989 8138 7990
f 8137 8138 7989
f 7990 8139 7991
f 8138 8139 7990
f 7991 8140 7992
f 8139 8140 7991
f 7992 8141 7993
f 8140 8141 7992
f 7993 8142 7994
f 8141 8142 7993
f 7994 8143 7995
f 8142 8143 7994
f 7995 8144 7996
f 8143 8144 7995
f 7996 8145 7997
f 8144 8145 7996
f 7997 8146 7998
f 8145 8146 7997
f 7998 8147 7999
f 8146 8147 7998
f 7999 8148 8000
f 8147 8148 7999
f 8000 8149 8001
f 8148 8149 8000
f 8001 8150 8002
f 8149 8150 8001
f 8002 8151 8003
f 8150 8151 8002
f 8003 8152 8004
f 8151 8152 8003
f 8004 8153 8005
f 8152 8153 8004
f 8005 8154 8006
f 8153 8154 8005
f 8006 8155 8007
f 8154 8155 8006
f 8007 8156 8008
f 8155 8156 8007
f 8008 8157 8009
f 8156 8157 8008
f 8009 8158 8010
f 8157 8158 8009
f 8010 8159 8011
f 8158 8159 8010
f 8011 8160 8012
f 8159 8160 8011
f 8012 8161 8013
f 8160 8161 8012
f 8013 8162 8014
f 8161 8162 8013
f 8014 8163 8015
f 8162 8163 8014
f 8015 8164 8016
f 8163 8164 8015
f 8016 8165 8017
f 8164 8165 8016
f 8017 8166 8018
f 8165 8166 8017
f 8018 8167 8019
f 8166 8167 8018
f 8019 8168 8020
f 8167 8168 8019
f 8020 8169 8021
f 8168 8169 8020
f 8021 8170 8022
f 8169 8170 8021
f 8022 8171 8023
f 8170 8171 8022
f 8024 8023 8171
f 8024 8171 8172
f 8174 8173 8025
f 8174 8025 8026
f 7986 8025 8134
f 8134 8025 8173
f 8172 8175 8024
f 8024 8175 8027
f 8028 8027 8175
f 8028 8175 8176
f 8178 8177 8029
f 8178 8029 8030
f 8026 8029 8174
f 8174 8029 8177
f 8176 8179 8028
f 8028 8179 8031
f 8032 8031 8179
f 8032 8179 8180
f 8033 8178 8030
f 8033 8181 8178
f 8180 8034 8032
f 8182 8034 8180
f 8035 8181 8033
f 8035 8183 8181
f 8182 8036 8034
f 8184 8036 8182
f 8037 8183 8035
f 8037 8185 8183
f 8184 8038 8036
f 8186 8038 8184
f 8039 8185 8037
f 8039 8187 8185
f 8186 8040 8038
f 8188 8040 8186
f 8041 8187 8039
f 8041 8189 8187
f 8188 8042 8040
f 8190 8042 8188
f 8043 8189 8041
f 8043 8191 8189
f 8190 8044 8042
f 8192 8044 8190
f 8045 8191 8043
f 8045 8193 8191
f 8192 8046 8044
f 8194 8046 8192
f 8047 8193 8045
f 8047 8195 8193
f 8194 8048 8046
f 8196 8048 8194
f 8049 8195 8047
f 8049 8197 8195
f 8196 8050 8048
f 8198 8050 8196
f 8051 8197 8049
f 8051 8199 8197
f 8198 8052 8050
f 8200 8052 8198
f 8053 8199 8051
f 8053 8201 8199
f 8200 8054 8052
f 8202 8054 8200
f 8055 8201 8053
f 8055 8203 8201
f 8202 8056 8054
f 8204 8056 8202
f 8057 8203 8055
f 8057 8205 8203
f 8204 8058 8056
f 8206 8058 8204
f 8059 8205 8057
f 8059 8207 8205
f 8206 8060 8058
f 8208 8060 8206
f 8061 8207 8059
f 8061 8209 8207
f 8208 8062 8060
f 8210 8062 8208
f 8063 8209 8061
f 8063 8211 8209
f 8210 8064 8062
f 8212 8064 8210
f 8065 8211 8063
f 8065 8213 8211
f 8212 8066 8064
f 8214 8066 8212
f 8067 8213 8065
f 8067 8215 8213
f 8214 8068 8066
f 8216 8068 8214
f 8069 8215 8067
f 8069 8217 8215
f 8216 8070 8068
f 8218 8070 8216
f 8071 8217 8069
f 8071 8219 8217
f 8218 8072 8070
f 8220 8072 8218
f 8073 8219 8071
f 8073 8221 8219
f 8220 8074 8072
f 8222 8074 8220
f 8075 8221 8073
f 8075 8223 8221
f 8222 8076 8074
f 8224 8076 8222
f 8077 8223 8075
f 8077 8225 8223
f 8224 8078 8076
f 8226 8078 8224
f 8079 8225 8077
f 8079 8227 8225
f 8226 8080 8078
f 8228 8080 8226
f 8081 8227 8079
f 8081 8229 8227
f 8228 8082 8080
f 8230 8082 8228
f 8083 8229 8081
f 8083 8231 8229
f 8230 8084 8082
f 8232 8084 8230
f 8085 8231 8083
f 8085 8233 8231
f 8232 8086 8084
f 8234 8086 8232
f 8235 8233 8085
f 8235 8085 8087
f 8087 8088 8235
f 8235 8088 8236
f 8238 8237 8090
f 8090 8237 8089
f 8090 8086 8234
f 8090 8234 8238
f 8239 8236 8088
f 8239 8088 8091
f 8091 8092 8239
f 8239 8092 8240
f 8242 8241 8094
f 8094 8241 8093
f 8094 8089 8237
f 8094 8237 8242
f 8243 8240 8092
f 8243 8092 8095
f 8244 8095 8096
f 8244 8243 8095
f 8245 8096 8097
f 8245 8244 8096
f 8246 8097 8098
f 8246 8245 8097
f 8247 8098 8099
f 8247 8246 8098
f 8248 8099 8100
f 8248 8247 8099
f 8249 8100 8101
f 8249 8248 8100
f 8250 8101 8102
f 8250 8249 8101
f 8251 8102 8103
f 8251 8250 8102
f 8252 8103 8104
f 8252 8251 8103
f 8253 8104 8105
f 8253 8252 8104
f 8254 8105 8106
f 8254 8253 8105
f 8255 8106 8107
f 8255 8254 8106
f 8256 8107 8108
f 8256 8255 8107
f 8257 8108 8109
f 8257 8256 8108
f 8258 8109 8110
f 8258 8257 8109
f 8259 8110 8111
f 8259 8258 8110
f 8260 8111 8112
f 8260 8259 8111
f 8261 8112 8113
f 8261 8260 8112
f 8262 8113 8114
f 8262 8261 8113
f 8263 8114 8115
f 8263 8262 8114
f 8264 8115 8116
f 8264 8263 8115
f 8265 8116 8117
f 8265 8264 8116
f 8266 8117 8118
f 8266 8265 8117
f 8267 8118 8119
f 8267 8266 8118
f 8268 8119 8120
f 8268 8267 8119
f 8269 8120 8121
f 8269 8268 8120
f 8270 8121 8122
f 8270 8269 8121
f 8271 8122 8123
f 8271 8270 8122
f 8272 8123 8124
f 8272 8271 8123
f 8273 8124 8125
f 8273 8272 8124
f 8274 8125 8126
f 8274 8273 8125
f 8275 8126 8127
f 8275 8274 8126
f 8276 8127 8128
f 8276 8275 8127
f 8277 8128 8129
f 8277 8276 8128
f 8278 8129 8130
f 8278 8277 8129
f 8279 8130 8131
f 8279 8278 8130
f 8280 8131 8132
f 8280 8279 8131
f 8132 8093 8241
f 8132 8241 8280
f 8282 8281 8133
f 8282 8133 8134
f 8133 8283 8135
f 8281 8283 8133
f 8135 8284 8136
f 8283 8284 8135
f 8136 8285 8137
f 8284 8285 8136
f 8137 8286 8138
f 8285 8286 8137
f 8138 8287 8139
f 8286 8287 8138
f 8139 8288 8140
f 8287 8288 8139
f 8140 8289 8141
f 8288 8289 8140
f 8141 8290 8142
f 8289 8290 8141
f 8142 8291 8143
f 8290 8291 8142
f 8143 8292 8144
f 8291 8292 8143
f 8144 8293 8145
f 8292 8293 8144
f 8145 8294 8146
f 8293 8294 8145
f 8146 8295 8147
f 8294 8295 8146
f 8147 8296 8148
f 8295 8296 8147
f 8148 8297 8149
f 8296 8297 8148
f 8149 8298 8150
f 8297 8298 8149
f 8150 8299 8151
f 8298 8299 8150
f 8151 8300 8152
f 8299 8300 8151
f 8152 8301 8153
f 8300 8301 8152
f 8153 8302 8154
f 8301 8302 8153
f 8154 8303 8155
f 8302 8303 8154
f 8155 8304 8156
f 8303 8304 8155
f 8156 8305 8157
f 8304 8305 8156
f 8157 8306 8158
f 8305 8306 8157
f 8158 8307 8159
f 8306 8307 8158
f 8159 8308 8160
f 8307 8308 8159
f 8160 8309 8161
f 8308 8309 8160
f 8161 8310 8162
f 8309 8310 8161
f 8162 8311 8163
f 8310 8311 8162
f 8163 8312 8164
f 8311 8312 8163
f 8164 8313 8165
f 8312 8313 8164
f 8165 8314 8166
f 8313 8314 8165
f 8166 8315 8167
f 8314 8315 8166
f 8167 8316 8168
f 8315 8316 8167
f 8168 8317 8169
f 8316 8317 8168
f 8169 8318 8170
f 8317 8318 8169
f 8170 8319 8171
f 8318 8319 8170
f 8172 8171 8319
f 8172 8319 8320
f 8322 8321 8173
f 8322 8173 8174
f 8134 8173 8282
f 8282 8173 8321
f 8320 8323 8172
f 8172 8323 8175
f 8176 8175 8323
f 8176 8323 8324
f 8326 8325 8177
f 8326 8177 8178
f 8174 8177 8322
f 8322 8177 8325
f 8324 8327 8176
f 8176 8327 8179
f 8180 8179 8327
f 8180 8327 8328
f 8181 8326 8178
f 8181 8329 8326
f 8328 8182 8180
f 8330 8182 8328
f 8183 8329 8181
f 8183 8331 8329
f 8330 8184 8182
f 8332 8184 8330
f 8185 8331 8183
f 8185 8333 8331
f 8332 8186 8184
f 8334 8186 8332
f 8187 8333 8185
f 8187 8335 8333
f 8334 8188 8186
f 8336 8188 8334
f 8189 8335 8187
f 8189 8337 8335
f 8336 8190 8188
f 8338 8190 8336
f 8191 8337 8189
f 8191 8339 8337
f 8338 8192 8190
f 8340 8192 8338
f 8193 8339 8191
f 8193 8341 8339
f 8340 8194 8192
f 8342 8194 8340
f 8195 8341 8193
f 8195 8343 8341
f 8342 8196 8194
f 8344 8196 8342
f 8197 8343 8195
f 8197 8345 8343
f 8344 8198 8196
f 8346 8198 8344
f 8199 8345 8197
f 8199 8347 8345
f 8346 8200 8198
f 8348 8200 8346
f 8201 8347 8199
f 8201 8349 8347
f 8348 8202 8200
f 8350 8202 8348
f 8203 8349 8201
f 8203 8351 8349
f 8350 8204 8202
f 8352 8204 8350
f 8205 8351 8203
f 8205 8353 8351
f 8352 8206 8204
f 8354 8206 8352
f 8207 8353 8205
f 8207 8355 8353
f 8354 8208 8206
f 8356 8208 8354
f 8209 8355 8207
f 8209 8357 8355
f 8356 8210 8208
f 8358 8210 8356
f 8211 8357 8209
f 8211 8359 8357
f 8358 8212 8210
f 8360 8212 8358
f 8213 8359 8211
f 8213 8361 8359
f 8360 8214 8212
f 8362 8214 8360
f 8215 8361 8213
f 8215 8363 8361
f 8362 8216 8214
f 8364 8216 8362
f 8217 8363 8215
f 8217 8365 8363
f 8364 8218 8216
f 8366 8218 8364
f 8219 8365 8217
f 8219 8367 8365
f 8366 8220 8218
f 8368 8220 8366
f 8221 8367 8219
f 8221 8369 8367
f 8368 8222 8220
f 8370 8222 8368
f 8223 8369 8221
f 8223 8371 8369
f 8370 8224 8222
f 8372 8224 8370
f 8225 8371 8223
f 8225 8373 8371
f 8372 8226 8224
f 8374 8226 8372
f 8227 8373 8225
f 8227 8375 8373
f 8374 8228 8226
f 8376 8228 8374
f 8229 8375 8227
f 8229 8377 8375
f 8376 8230 8228
f 8378 8230 8376
f 8231 8377 8229
f 8231 8379 8377
f 8378 8232 8230
f 8380 8232 8378
f 8233 8379 8231
f 8233 8381 8379
f 8380 8234 8232
f 8382 8234 8380
f 8383 8381 8233
f 8383 8233 8235
f 8235 8236 8383
f 8383 8236 8384
f 8386 8385 8238
f 8238 8385 8237
f 8238 8234 8382
f 8238 8382 8386
f 8387 8384 8236
f 8387 8236 8239
f 8239 8240 8387
f 8387 8240 8388
f 8390 8389 8242
f 8242 8389 8241
f 8242 8237 8385
f 8242 8385 8390
f 8391 8388 8240
f 8391 8240 8243
f 8392 8243 8244
f 8392 8391 8243
f 8393 8244 8245
f 8393 8392 8244
f 8394 8245 8246
f 8394 8393 8245
f 8395 8246 8247
f 8395 8394 8246
f 8396 8247 8248
f 8396 8395 8247
f 8397 8248 8249
f 8397 8396 8248
f 8398 8249 8250
f 8398 8397 8249
f 8399 8250 8251
f 8399 8398 8250
f 8400 8251 8252
f 8400 8399 8251
f 8401 8252 8253
f 8401 8400 8252
f 8402 8253 8254
f 8402 8401 8253
f 8403 8254 8255
f 8403 8402 8254
f 8404 8255 8256
f 8404 8403 8255
f 8405 8256 8257
f 8405 8404 8256
f 8406 8257 8258
f 8406 8405 8257
f 8407 8258 8259
f 8407 8406 8258
f 8408 8259 8260
f 8408 8407 8259
f 8409 8260 8261
f 8409 8408 8260
f 8410 8261 8262
f 8410 8409 8261
f 8411 8262 8263
f 8411 8410 8262
f 8412 8263 8264
f 8412 8411 8263
f 8413 8264 8265
f 8413 8412 8264
f 8414 8265 8266
f 8414 8413 8265
f 8415 8266 8267
f 8415 8414 8266
f 8416 8267 8268
f 8416 8415 8267
f 8417 8268 8269
f 8417 8416 8268
f 8418 8269 8270
f 8418 8417 8269
f 8419 8270 8271
f 8419 8418 8270
f 8420 8271 8272
f 8420 8419 8271
f 8421 8272 8273
f 8421 8420 8272
f 8422 8273 8274
f 8422 8421 8273
f 8423 8274 8275
f 8423 8422 8274
f 8424 8275 8276
f 8424 8423 8275
f 8425 8276 8277
f 8425 8424 8276
f 8426 8277 8278
f 8426 8425 8277
f 8427 8278 8279
f 8427 8426 8278
f 8428 8279 8280
f 8428 8427 8279
f 8280 8241 8389
f 8280 8389 8428
f 8282 8429 8281
f 8281 8429 8430
f 8431 8281 8430
f 8283 8281 8431
f 8283 8432 8284
f 8431 8432 8283
f 8284 8433 8285
f 8432 8433 8284
f 8285 8434 8286
f 8433 8434 8285
f 8286 8435 8287
f 8434 8435 8286
f 8287 8436 8288
f 8435 8436 8287
f 8288 8437 8289
f 8436 8437 8288
f 8289 8438 8290
f 8437 8438 8289
f 8290 8439 8291
f 8438 8439 8290
f 8291 8440 8292
f 8439 8440 8291
f 8292 8441 8293
f 8440 8441 8292
f 8293 8442 8294
f 8441 8442 8293
f 8294 8443 8295
f 8442 8443 8294
f 8295 8444 8296
f 8443 8444 8295
f 8296 8445 8297
f 8444 8445 8296
f 8297 8446 8298
f 8445 8446 8297
f 8298 8447 8299
f 8446 8447 8298
f 8299 8448 8300
f 8447 8448 8299
f 8300 8449 8301
f 8448 8449 8300
f 8301 8450 8302
f 8449 8450 8301
f 8302 8451 8303
f 8450 8451 8302
f 8303 8452 8304
f 8451 8452 8303
f 8304 8453 8305
f 8452 8453 8304
f 8305 8454 8306
f 8453 8454 8305
f 8306 8455 8307
f 8454 8455 8306
f 8307 8456 8308
f 8455 8456 8307
f 8308 8457 8309
f 8456 8457 8308
f 8309 8458 8310
f 8457 8458 8309
f 8310 8459 8311
f 8458 8459 8310
f 8311 8460 8312
f 8459 8460 8311
f 8312 8461 8313
f 8460 8461 8312
f 8313 8462 8314
f 8461 8462 8313
f 8314 8463 8315
f 8462 8463 8314
f 8315 8464 8316
f 8463 8464 8315
f 8316 8465 8317
f 8464 8465 8316
f 8317 8466 8318
f 8465 8466 8317
f 8466 8468 8467
f 8319 8466 8467
f 8318 8466 8319
f 8467 8320 8319
f 8470 8469 8321
f 8470 8321 8322
f 8282 8321 8429
f 8321 8471 8429
f 8321 8469 8471
f 8429 8471 8430
f 8468 8472 8467
f 8467 8472 8320
f 8472 8323 8320
f 8472 8473 8323
f 8324 8323 8473
f 8324 8473 8474
f 8326 8475 8325
f 8475 8476 8325
f 8476 8322 8325
f 8476 8470 8322
f 8327 8324 8477
f 8324 8478 8477
f 8324 8474 8478
f 8477 8328 8327
f 8480 8479 8475
f 8326 8480 8475
f 8329 8480 8326
f 8475 8479 8476
f 8478 8481 8477
f 8328 8477 8481
f 8482 8328 8481
f 8330 8328 8482
f 8331 8480 8329
f 8331 8483 8480
f 8482 8332 8330
f 8484 8332 8482
f 8333 8483 8331
f 8333 8485 8483
f 8484 8334 8332
f 8486 8334 8484
f 8335 8485 8333
f 8335 8487 8485
f 8486 8336 8334
f 8488 8336 8486
f 8337 8487 8335
f 8337 8489 8487
f 8488 8338 8336
f 8490 8338 8488
f 8339 8489 8337
f 8339 8491 8489
f 8490 8340 8338
f 8492 8340 8490
f 8341 8491 8339
f 8341 8493 8491
f 8492 8342 8340
f 8494 8342 8492
f 8343 8493 8341
f 8343 8495 8493
f 8494 8344 8342
f 8496 8344 8494
f 8345 8495 8343
f 8345 8497 8495
f 8496 8346 8344
f 8498 8346 8496
f 8347 8497 8345
f 8347 8499 8497
f 8498 8348 8346
f 8500 8348 8498
f 8349 8499 8347
f 8349 8501 8499
f 8500 8350 8348
f 8502 8350 8500
f 8351 8501 8349
f 8351 8503 8501
f 8502 8352 8350
f 8504 8352 8502
f 8353 8503 8351
f 8353 8505 8503
f 8504 8354 8352
f 8506 8354 8504
f 8355 8505 8353
f 8355 8507 8505
f 8506 8356 8354
f 8508 8356 8506
f 8357 8507 8355
f 8357 8509 8507
f 8508 8358 8356
f 8510 8358 8508
f 8359 8509 8357
f 8359 8511 8509
f 8510 8360 8358
f 8512 8360 8510
f 8361 8511 8359
f 8361 8513 8511
f 8512 8362 8360
f 8514 8362 8512
f 8363 8513 8361
f 8363 8515 8513
f 8514 8364 8362
f 8516 8364 8514
f 8365 8515 8363
f 8365 8517 8515
f 8516 8366 8364
f 8518 8366 8516
f 8367 8517 8365
f 8367 8519 8517
f 8518 8368 8366
f 8520 8368 8518
f 8369 8519 8367
f 8369 8521 8519
f 8520 8370 8368
f 8522 8370 8520
f 8371 8521 8369
f 8371 8523 8521
f 8522 8372 8370
f 8524 8372 8522
f 8373 8523 8371
f 8373 8525 8523
f 8524 8374 8372
f 8526 8374 8524
f 8375 8525 8373
f 8375 8527 8525
f 8526 8376 8374
f 8528 8376 8526
f 8377 8527 8375
f 8377 8529 8527
f 8528 8378 8376
f 8530 8378 8528
f 8379 8529 8377
f 8379 8531 8529
f 8530 8380 8378
f 8532 8380 8530
f 8381 8534 8533
f 8531 8381 8533
f 8379 8381 8531
f 8534 8535 8533
f 8538 8537 8536
f 8532 8538 8536
f 8382 8532 8536
f 8380 8532 8382
f 8383 8534 8381
f 8383 8384 8534
f 8384 8535 8534
f 8384 8539 8535
f 8536 8537 8386
f 8537 8385 8386
f 8537 8540 8385
f 8536 8386 8382
f 8541 8539 8384
f 8541 8384 8387
f 8543 8542 8388
f 8542 8387 8388
f 8542 8541 8387
f 8543 8544 8542
f 8547 8546 8545
f 8389 8390 8545
f 8390 8547 8545
f 8390 8548 8547
f 8390 8385 8540
f 8390 8540 8548
f 8391 8543 8388
f 8549 8544 8543
f 8391 8549 8543
f 8392 8549 8391
f 8550 8392 8393
f 8550 8549 8392
f 8551 8393 8394
f 8551 8550 8393
f 8552 8394 8395
f 8552 8551 8394
f 8553 8395 8396
f 8553 8552 8395
f 8554 8396 8397
f 8554 8553 8396
f 8555 8397 8398
f 8555 8554 8397
f 8556 8398 8399
f 8556 8555 8398
f 8557 8399 8400
f 8557 8556 8399
f 8558 8400 8401
f 8558 8557 8400
f 8559 8401 8402
f 8559 8558 8401
f 8560 8402 8403
f 8560 8559 8402
f 8561 8403 8404
f 8561 8560 8403
f 8562 8404 8405
f 8562 8561 8404
f 8563 8405 8406
f 8563 8562 8405
f 8564 8406 8407
f 8564 8563 8406
f 8565 8407 8408
f 8565 8564 8407
f 8566 8408 8409
f 8566 8565 8408
f 8567 8409 8410
f 8567 8566 8409
f 8568 8410 8411
f 8568 8567 8410
f 8569 8411 8412
f 8569 8568 8411
f 8570 8412 8413
f 8570 8569 8412
f 8571 8413 8414
f 8571 8570 8413
f 8572 8414 8415
f 8572 8571 8414
f 8573 8415 8416
f 8573 8572 8415
f 8574 8416 8417
f 8574 8573 8416
f 8575 8417 8418
f 8575 8574 8417
f 8576 8418 8419
f 8576 8575 8418
f 8577 8419 8420
f 8577 8576 8419
f 8578 8420 8421
f 8578 8577 8420
f 8579 8421 8422
f 8579 8578 8421
f 8580 8422 8423
f 8580 8579 8422
f 8581 8423 8424
f 8581 8580 8423
f 8582 8424 8425
f 8582 8581 8424
f 8583 8425 8426
f 8583 8582 8425
f 8584 8426 8427
f 8584 8583 8426
f 8428 8545 8546
f 8584 8428 8546
f 8427 8428 8584
f 8545 8428 8389
f 8430 8585 8431
f 8586 8432 8431
f 8586 8431 8585
f 8587 8433 8432
f 8587 8432 8586
f 8588 8434 8433
f 8588 8433 8587
f 8589 8435 8434
f 8589 8434 8588
f 8590 8436 8435
f 8590 8435 8589
f 8591 8437 8436
f 8591 8436 8590
f 8592 8438 8437
f 8592 8437 8591
f 8593 8439 8438
f 8593 8438 8592
f 8594 8440 8439
f 8594 8439 8593
f 8595 8441 8440
f 8595 8440 8594
f 8596 8442 8441
f 8596 8441 8595
f 8597 8443 8442
f 8597 8442 8596
f 8598 8444 8443
f 8598 8443 8597
f 8599 8445 8444
f 8599 8444 8598
f 8600 8446 8445
f 8600 8445 8599
f 8601 8447 8446
f 8601 8446 8600
f 8602 8448 8447
f 8602 8447 8601
f 8603 8449 8448
f 8603 8448 8602
f 8604 8450 8449
f 8604 8449 8603
f 8605 8451 8450
f 8605 8450 8604
f 8606 8452 8451
f 8606 8451 8605
f 8607 8453 8452
f 8607 8452 8606
f 8608 8454 8453
f 8608 8453 8607
f 8609 8455 8454
f 8609 8454 8608
f 8610 8456 8455
f 8610 8455 8609
f 8611 8457 8456
f 8611 8456 8610
f 8612 8458 8457
f 8612 8457 8611
f 8613 8459 8458
f 8613 8458 8612
f 8614 8460 8459
f 8614 8459 8613
f 8615 8461 8460
f 8615 8460 8614
f 8616 8462 8461
f 8616 8461 8615
f 8617 8463 8462
f 8617 8462 8616
f 8618 8464 8463
f 8618 8463 8617
f 8619 8465 8464
f 8619 8464 8618
f 8620 8466 8465
f 8620 8465 8619
f 8620 8468 8466
f 8470 8621 8469
f 8622 8471 8469
f 8622 8469 8621
f 8622 8623 8471
f 8471 8623 8430
f 8623 8624 8430
f 8624 8585 8430
f 8585 8624 8586
f 8586 8624 8625
f 8586 8625 8587
f 8587 8625 8626
f 8587 8626 8588
f 8588 8626 8627
f 8588 8627 8589
f 8589 8627 8628
f 8589 8628 8590
f 8590 8628 8629
f 8590 8629 8591
f 8591 8629 8630
f 8591 8630 8592
f 8592 8630 8631
f 8592 8631 8593
f 8593 8631 8632
f 8593 8632 8594
f 8594 8632 8633
f 8594 8633 8595
f 8595 8633 8634
f 8595 8634 8596
f 8596 8634 8635
f 8596 8635 8597
f 8597 8635 8636
f 8597 8636 8598
f 8598 8636 8637
f 8598 8637 8599
f 8599 8637 8638
f 8599 8638 8600
f 8600 8638 8639
f 8600 8639 8601
f 8601 8639 8640
f 8601 8640 8602
f 8602 8640 8641
f 8602 8641 8603
f 8603 8641 8642
f 8603 8642 8604
f 8604 8642 8643
f 8604 8643 8605
f 8605 8643 8644
f 8605 8644 8606
f 8606 8644 8645
f 8606 8645 8607
f 8607 8645 8646
f 8607 8646 8608
f 8608 8646 8647
f 8608 8647 8609
f 8609 8647 8648
f 8609 8648 8610
f 8610 8648 8649
f 8610 8649 8611
f 8611 8649 8650
f 8611 8650 8612
f 8612 8650 8651
f 8612 8651 8613
f 8613 8651 8652
f 8613 8652 8614
f 8614 8652 8653
f 8614 8653 8615
f 8615 8653 8654
f 8615 8654 8616
f 8616 8654 8655
f 8616 8655 8617
f 8617 8655 8656
f 8617 8656 8618
f 8618 8656 8657
f 8618 8657 8619
f 8619 8657 8658
f 8619 8658 8620
f 8620 8658 8659
f 8659 8661 8660
f 8659 8660 8472
f 8620 8659 8472
f 8468 8620 8472
f 8662 8473 8472
f 8662 8472 8660
f 8662 8474 8473
f 8476 8663 8621
f 8476 8621 8470
f 8665 8622 8664
f 8622 8663 8664
f 8622 8621 8663
f 8622 8665 8623
f 8661 8666 8660
f 8668 8667 8666
f 8667 8660 8666
f 8667 8662 8660
f 8667 8478 8474
f 8667 8474 8662
f 8480 8669 8479
f 8669 8670 8479
f 8479 8670 8476
f 8670 8671 8476
f 8671 8663 8476
f 8663 8671 8664
f 8668 8672 8667
f 8672 8674 8673
f 8672 8673 8481
f 8667 8672 8481
f 8478 8667 8481
f 8673 8482 8481
f 8483 8675 8669
f 8483 8669 8480
f 8670 8669 8676
f 8676 8669 8675
f 8673 8674 8677
f 8677 8674 8678
f 8677 8484 8482
f 8677 8482 8673
f 8485 8679 8675
f 8485 8675 8483
f 8676 8675 8680
f 8680 8675 8679
f 8677 8678 8681
f 8681 8678 8682
f 8681 8486 8484
f 8681 8484 8677
f 8487 8683 8679
f 8487 8679 8485
f 8680 8679 8684
f 8684 8679 8683
f 8681 8682 8685
f 8685 8682 8686
f 8685 8488 8486
f 8685 8486 8681
f 8489 8687 8683
f 8489 8683 8487
f 8684 8683 8688
f 8688 8683 8687
f 8685 8686 8689
f 8689 8686 8690
f 8689 8490 8488
f 8689 8488 8685
f 8491 8691 8687
f 8491 8687 8489
f 8688 8687 8692
f 8692 8687 8691
f 8689 8690 8693
f 8693 8690 8694
f 8693 8492 8490
f 8693 8490 8689
f 8493 8695 8691
f 8493 8691 8491
f 8692 8691 8696
f 8696 8691 8695
f 8693 8694 8697
f 8697 8694 8698
f 8697 8494 8492
f 8697 8492 8693
f 8495 8699 8695
f 8495 8695 8493
f 8696 8695 8700
f 8700 8695 8699
f 8697 8698 8701
f 8701 8698 8702
f 8701 8496 8494
f 8701 8494 8697
f 8497 8703 8699
f 8497 8699 8495
f 8700 8699 8704
f 8704 8699 8703
f 8701 8702 8705
f 8705 8702 8706
f 8705 8498 8496
f 8705 8496 8701
f 8499 8707 8703
f 8499 8703 8497
f 8704 8703 8708
f 8708 8703 8707
f 8705 8706 8709
f 8709 8706 8710
f 8709 8500 8498
f 8709 8498 8705
f 8501 8711 8707
f 8501 8707 8499
f 8708 8707 8712
f 8712 8707 8711
f 8709 8710 8713
f 8713 8710 8714
f 8713 8502 8500
f 8713 8500 8709
f 8503 8715 8711
f 8503 8711 8501
f 8712 8711 8716
f 8716 8711 8715
f 8713 8714 8717
f 8717 8714 8718
f 8717 8504 8502
f 8717 8502 8713
f 8505 8719 8715
f 8505 8715 8503
f 8716 8715 8720
f 8720 8715 8719
f 8717 8718 8721
f 8721 8718 8722
f 8721 8506 8504
f 8721 8504 8717
f 8507 8723 8719
f 8507 8719 8505
f 8720 8719 8724
f 8724 8719 8723
f 8721 8722 8725
f 8725 8722 8726
f 8725 8508 8506
f 8725 8506 8721
f 8509 8727 8723
f 8509 8723 8507
f 8724 8723 8728
f 8728 8723 8727
f 8725 8726 8729
f 8729 8726 8730
f 8729 8510 8508
f 8729 8508 8725
f 8511 8731 8727
f 8511 8727 8509
f 8728 8727 8732
f 8732 8727 8731
f 8729 8730 8733
f 8733 8730 8734
f 8733 8512 8510
f 8733 8510 8729
f 8513 8735 8731
f 8513 8731 8511
f 8732 8731 8736
f 8736 8731 8735
f 8733 8734 8737
f 8737 8734 8738
f 8737 8514 8512
f 8737 8512 8733
f 8515 8739 8735
f 8515 8735 8513
f 8736 8735 8740
f 8740 8735 8739
f 8737 8738 8741
f 8741 8738 8742
f 8741 8516 8514
f 8741 8514 8737
f 8517 8743 8739
f 8517 8739 8515
f 8740 8739 8744
f 8744 8739 8743
f 8741 8742 8745
f 8745 8742 8746
f 8745 8518 8516
f 8745 8516 8741
f 8519 8747 8743
f 8519 8743 8517
f 8744 8743 8748
f 8748 8743 8747
f 8745 8746 8749
f 8749 8746 8750
f 8749 8520 8518
f 8749 8518 8745
f 8521 8751 8747
f 8521 8747 8519
f 8748 8747 8752
f 8752 8747 8751
f 8749 8750 8753
f 8753 8750 8754
f 8753 8522 8520
f 8753 8520 8749
f 8523 8755 8751
f 8523 8751 8521
f 8752 8751 8756
f 8756 8751 8755
f 8753 8754 8757
f 8757 8754 8758
f 8757 8524 8522
f 8757 8522 8753
f 8525 8759 8755
f 8525 8755 8523
f 8756 8755 8760
f 8760 8755 8759
f 8757 8758 8761
f 8761 8758 8762
f 8761 8526 8524
f 8761 8524 8757
f 8527 8763 8759
f 8527 8759 8525
f 8760 8759 8764
f 8764 8759 8763
f 8761 8762 8765
f 8765 8762 8766
f 8765 8528 8526
f 8765 8526 8761
f 8529 8767 8763
f 8529 8763 8527
f 8764 8763 8768
f 8768 8763 8767
f 8765 8766 8769
f 8769 8766 8770
f 8769 8530 8528
f 8769 8528 8765
f 8531 8771 8767
f 8531 8767 8529
f 8768 8767 8772
f 8772 8767 8771
f 8769 8770 8773
f 8773 8770 8774
f 8773 8532 8530
f 8773 8530 8769
f 8533 8771 8531
f 8776 8775 8535
f 8535 8775 8533
f 8775 8772 8533
f 8772 8771 8533
f 8776 8777 8775
f 8780 8779 8778
f 8780 8778 8774
f 8774 8778 8773
f 8778 8537 8773
f 8537 8538 8773
f 8773 8538 8532
f 8539 8781 8776
f 8539 8776 8535
f 8777 8776 8782
f 8776 8783 8782
f 8776 8781 8783
f 8783 8784 8782
f 8787 8786 8785
f 8787 8785 8779
f 8785 8778 8779
f 8785 8788 8778
f 8788 8540 8537
f 8788 8537 8778
f 8541 8781 8539
f 8781 8541 8542
f 8781 8542 8783
f 8790 8789 8544
f 8544 8789 8542
f 8789 8784 8542
f 8784 8783 8542
f 8792 8791 8790
f 8790 8791 8789
f 8794 8793 8792
f 8792 8793 8791
f 8796 8795 8794
f 8794 8795 8793
f 8798 8797 8796
f 8796 8797 8795
f 8800 8799 8798
f 8798 8799 8797
f 8802 8801 8800
f 8800 8801 8799
f 8804 8803 8802
f 8802 8803 8801
f 8806 8805 8804
f 8804 8805 8803
f 8808 8807 8806
f 8806 8807 8805
f 8810 8809 8808
f 8808 8809 8807
f 8812 8811 8810
f 8810 8811 8809
f 8814 8813 8812
f 8812 8813 8811
f 8816 8815 8814
f 8814 8815 8813
f 8818 8817 8816
f 8816 8817 8815
f 8820 8819 8818
f 8818 8819 8817
f 8822 8821 8820
f 8820 8821 8819
f 8824 8823 8822
f 8822 8823 8821
f 8826 8825 8824
f 8824 8825 8823
f 8828 8827 8826
f 8826 8827 8825
f 8830 8829 8828
f 8828 8829 8827
f 8832 8831 8830
f 8830 8831 8829
f 8834 8833 8832
f 8832 8833 8831
f 8836 8835 8834
f 8834 8835 8833
f 8838 8837 8836
f 8836 8837 8835
f 8840 8839 8838
f 8838 8839 8837
f 8842 8841 8840
f 8840 8841 8839
f 8844 8843 8842
f 8842 8843 8841
f 8846 8845 8844
f 8844 8845 8843
f 8848 8847 8846
f 8846 8847 8845
f 8850 8849 8848
f 8848 8849 8847
f 8852 8851 8850
f 8850 8851 8849
f 8854 8853 8852
f 8852 8853 8851
f 8856 8855 8854
f 8854 8855 8853
f 8858 8857 8856
f 8856 8857 8855
f 8860 8859 8858
f 8858 8859 8857
f 8859 8860 8786
f 8786 8860 8785
f 8860 8546 8785
f 8546 8547 8785
f 8785 8547 8548
f 8785 8548 8788
f 8788 8548 8540
f 8549 8790 8544
f 8790 8549 8550
f 8790 8550 8792
f 8792 8550 8551
f 8792 8551 8794
f 8794 8551 8552
f 8794 8552 8796
f 8796 8552 8553
f 8796 8553 8798
f 8798 8553 8554
f 8798 8554 8800
f 8800 8554 8555
f 8800 8555 8802
f 8802 8555 8556
f 8802 8556 8804
f 8804 8556 8557
f 8804 8557 8806
f 8806 8557 8558
f 8806 8558 8808
f 8808 8558 8559
f 8808 8559 8810
f 8810 8559 8560
f 8810 8560 8812
f 8812 8560 8561
f 8812 8561 8814
f 8814 8561 8562
f 8814 8562 8816
f 8816 8562 8563
f 8816 8563 8818
f 8818 8563 8564
f 8818 8564 8820
f 8820 8564 8565
f 8820 8565 8822
f 8822 8565 8566
f 8822 8566 8824
f 8824 8566 8567
f 8824 8567 8826
f 8826 8567 8568
f 8826 8568 8828
f 8828 8568 8569
f 8828 8569 8830
f 8830 8569 8570
f 8830 8570 8832
f 8832 8570 8571
f 8832 8571 8834
f 8834 8571 8572
f 8834 8572 8836
f 8836 8572 8573
f 8836 8573 8838
f 8838 8573 8574
f 8838 8574 8840
f 8840 8574 8575
f 8840 8575 8842
f 8842 8575 8576
f 8842 8576 8844
f 8844 8576 8577
f 8844 8577 8846
f 8846 8577 8578
f 8846 8578 8848
f 8848 8578 8579
f 8848 8579 8850
f 8850 8579 8580
f 8850 8580 8852
f 8852 8580 8581
f 8852 8581 8854
f 8854 8581 8582
f 8854 8582 8856
f 8856 8582 8583
f 8856 8583 8858
f 8858 8583 8584
f 8858 8584 8860
f 8860 8584 8546
f 8623 8861 8624
f 8862 8625 8624
f 8862 8624 8861
f 8863 8626 8625
f 8863 8625 8862
f 8864 8627 8626
f 8864 8626 8863
f 8865 8628 8627
f 8865 8627 8864
f 8866 8629 8628
f 8866 8628 8865
f 8867 8630 8629
f 8867 8629 8866
f 8868 8631 8630
f 8868 8630 8867
f 8869 8632 8631
f 8869 8631 8868
f 8870 8633 8632
f 8870 8632 8869
f 8871 8634 8633
f 8871 8633 8870
f 8872 8635 8634
f 8872 8634 8871
f 8873 8636 8635
f 8873 8635 8872
f 8874 8637 8636
f 8874 8636 8873
f 8875 8638 8637
f 8875 8637 8874
f 8876 8639 8638
f 8876 8638 8875
f 8877 8640 8639
f 8877 8639 8876
f 8878 8641 8640
f 8878 8640 8877
f 8879 8642 8641
f 8879 8641 8878
f 8880 8643 8642
f 8880 8642 8879
f 8881 8644 8643
f 8881 8643 8880
f 8882 8645 8644
f 8882 8644 8881
f 8883 8646 8645
f 8883 8645 8882
f 8884 8647 8646
f 8884 8646 8883
f 8885 8648 8647
f 8885 8647 8884
f 8886 8649 8648
f 8886 8648 8885
f 8887 8650 8649
f 8887 8649 8886
f 8888 8651 8650
f 8888 8650 8887
f 8889 8652 8651
f 8889 8651 8888
f 8890 8653 8652
f 8890 8652 8889
f 8891 8654 8653
f 8891 8653 8890
f 8892 8655 8654
f 8892 8654 8891
f 8893 8656 8655
f 8893 8655 8892
f 8894 8657 8656
f 8894 8656 8893
f 8895 8658 8657
f 8895 8657 8894
f 8896 8659 8658
f 8896 8658 8895
f 8896 8661 8659
f 8664 8897 8665
f 8861 8623 8665
f 8897 8861 8665
f 8898 8861 8897
f 8861 8899 8862
f 8861 8898 8899
f 8862 8900 8863
f 8862 8899 8900
f 8863 8901 8864
f 8863 8900 8901
f 8864 8902 8865
f 8864 8901 8902
f 8865 8903 8866
f 8865 8902 8903
f 8866 8904 8867
f 8866 8903 8904
f 8867 8905 8868
f 8867 8904 8905
f 8868 8906 8869
f 8868 8905 8906
f 8869 8907 8870
f 8869 8906 8907
f 8870 8908 8871
f 8870 8907 8908
f 8871 8909 8872
f 8871 8908 8909
f 8872 8910 8873
f 8872 8909 8910
f 8873 8911 8874
f 8873 8910 8911
f 8874 8912 8875
f 8874 8911 8912
f 8875 8913 8876
f 8875 8912 8913
f 8876 8914 8877
f 8876 8913 8914
f 8877 8915 8878
f 8877 8914 8915
f 8878 8916 8879
f 8878 8915 8916
f 8879 8917 8880
f 8879 8916 8917
f 8880 8918 8881
f 8880 8917 8918
f 8881 8919 8882
f 8881 8918 8919
f 8882 8920 8883
f 8882 8919 8920
f 8883 8921 8884
f 8883 8920 8921
f 8884 8922 8885
f 8884 8921 8922
f 8885 8923 8886
f 8885 8922 8923
f 8886 8924 8887
f 8886 8923 8924
f 8887 8925 8888
f 8887 8924 8925
f 8888 8926 8889
f 8888 8925 8926
f 8889 8927 8890
f 8889 8926 8927
f 8890 8928 8891
f 8890 8927 8928
f 8891 8929 8892
f 8891 8928 8929
f 8892 8930 8893
f 8892 8929 8930
f 8893 8931 8894
f 8893 8930 8931
f 8894 8932 8895
f 8894 8931 8932
f 8895 8933 8896
f 8895 8932 8933
f 8934 8666 8661
f 8896 8934 8661
f 8933 8934 8896
f 8934 8668 8666
f 8670 8935 8671
f 8897 8664 8671
f 8935 8897 8671
f 8936 8897 8935
f 8897 8937 8898
f 8897 8936 8937
f 8898 8938 8899
f 8898 8937 8938
f 8899 8939 8900
f 8899 8938 8939
f 8900 8940 8901
f 8900 8939 8940
f 8901 8941 8902
f 8901 8940 8941
f 8902 8942 8903
f 8902 8941 8942
f 8903 8943 8904
f 8903 8942 8943
f 8904 8944 8905
f 8904 8943 8944
f 8905 8945 8906
f 8905 8944 8945
f 8906 8946 8907
f 8906 8945 8946
f 8907 8947 8908
f 8907 8946 8947
f 8908 8948 8909
f 8908 8947 8948
f 8909 8949 8910
f 8909 8948 8949
f 8910 8950 8911
f 8910 8949 8950
f 8911 8951 8912
f 8911 8950 8951
f 8912 8952 8913
f 8912 8951 8952
f 8913 8953 8914
f 8913 8952 8953
f 8914 8954 8915
f 8914 8953 8954
f 8915 8955 8916
f 8915 8954 8955
f 8916 8956 8917
f 8916 8955 8956
f 8917 8957 8918
f 8917 8956 8957
f 8918 8958 8919
f 8918 8957 8958
f 8919 8959 8920
f 8919 8958 8959
f 8920 8960 8921
f 8920 8959 8960
f 8921 8961 8922
f 8921 8960 8961
f 8922 8962 8923
f 8922 8961 8962
f 8923 8963 8924
f 8923 8962 8963
f 8924 8964 8925
f 8924 8963 8964
f 8925 8965 8926
f 8925 8964 8965
f 8926 8966 8927
f 8926 8965 8966
f 8927 8967 8928
f 8927 8966 8967
f 8928 8968 8929
f 8928 8967 8968
f 8929 8969 8930
f 8929 8968 8969
f 8930 8970 8931
f 8930 8969 8970
f 8931 8971 8932
f 8931 8970 8971
f 8932 8972 8933
f 8932 8971 8972
f 8933 8973 8934
f 8933 8972 8973
f 8974 8672 8668
f 8934 8974 8668
f 8973 8974 8934
f 8974 8674 8672
f 8676 8975 8935
f 8676 8935 8670
f 8935 8976 8936
f 8935 8975 8976
f 8936 8977 8937
f 8936 8976 8977
f 8937 8978 8938
f 8937 8977 8978
f 8938 8979 8939
f 8938 8978 8979
f 8939 8980 8940
f 8939 8979 8980
f 8940 8981 8941
f 8940 8980 8981
f 8941 8982 8942
f 8941 8981 8982
f 8942 8983 8943
f 8942 8982 8983
f 8943 8984 8944
f 8943 8983 8984
f 8944 8985 8945
f 8944 8984 8985
f 8945 8986 8946
f 8945 8985 8986
f 8946 8987 8947
f 8946 8986 8987
f 8947 8988 8948
f 8947 8987 8988
f 8948 8989 8949
f 8948 8988 8989
f 8949 8990 8950
f 8949 8989 8990
f 8950 8991 8951
f 8950 8990 8991
f 8951 8992 8952
f 8951 8991 8992
f 8952 8993 8953
f 8952 8992 8993
f 8953 8994 8954
f 8953 8993 8994
f 8954 8995 8955
f 8954 8994 8995
f 8955 8996 8956
f 8955 8995 8996
f 8956 8997 8957
f 8956 8996 8997
f 8957 8998 8958
f 8957 8997 8998
f 8958 8999 8959
f 8958 8998 8999
f 8959 9000 8960
f 8959 8999 9000
f 8960 9001 8961
f 8960 9000 9001
f 8961 9002 8962
f 8961 9001 9002
f 8962 9003 8963
f 8962 9002 9003
f 8963 9004 8964
f 8963 9003 9004
f 8964 9005 8965
f 8964 9004 9005
f 8965 9006 8966
f 8965 9005 9006
f 8966 9007 8967
f 8966 9006 9007
f 8967 9008 8968
f 8967 9007 9008
f 8968 9009 8969
f 8968 9008 9009
f 8969 9010 8970
f 8969 9009 9010
f 8970 9011 8971
f 8970 9010 9011
f 8971 9012 8972
f 8971 9011 9012
f 8972 9013 8973
f 8972 9012 9013
f 8973 9014 8974
f 8973 9013 9014
f 9014 8678 8674
f 9014 8674 8974
f 8680 9015 8975
f 8680 8975 8676
f 8975 9016 8976
f 8975 9015 9016
f 8976 9017 8977
f 8976 9016 9017
f 8977 9018 8978
f 8977 9017 9018
f 8978 9019 8979
f 8978 9018 9019
f 8979 9020 8980
f 8979 9019 9020
f 8980 9021 8981
f 8980 9020 9021
f 8981 9022 8982
f 8981 9021 9022
f 8982 9023 8983
f 8982 9022 9023
f 8983 9024 8984
f 8983 9023 9024
f 8984 9025 8985
f 8984 9024 9025
f 8985 9026 8986
f 8985 9025 9026
f 8986 9027 8987
f 8986 9026 9027
f 8987 9028 8988
f 8987 9027 9028
f 8988 9029 8989
f 8988 9028 9029
f 8989 9030 8990
f 8989 9029 9030
f 8990 9031 8991
f 8990 9030 9031
f 8991 9032 8992
f 8991 9031 9032
f 8992 9033 8993
f 8992 9032 9033
f 8993 9034 8994
f 8993 9033 9034
f 8994 9035 8995
f 8994 9034 9035
f 8995 9036 8996
f 8995 9035 9036
f 8996 9037 8997
f 8996 9036 9037
f 8997 9038 8998
f 8997 9037 9038
f 8998 9039 8999
f 8998 9038 9039
f 8999 9040 9000
f 8999 9039 9040
f 9000 9041 9001
f 9000 9040 9041
f 9001 9042 9002
f 9001 9041 9042
f 9002 9043 9003
f 9002 9042 9043
f 9003 9044 9004
f 9003 9043 9044
f 9004 9045 9005
f 9004 9044 9045
f 9005 9046 9006
f 9005 9045 9046
f 9006 9047 9007
f 9006 9046 9047
f 9007 9048 9008
f 9007 9047 9048
f 9008 9049 9009
f 9008 9048 9049
f 9009 9050 9010
f 9009 9049 9050
f 9010 9051 9011
f 9010 9050 9051
f 9011 9052 9012
f 9011 9051 9052
f 9012 9053 9013
f 9012 9052 9053
f 9013 9054 9014
f 9013 9053 9054
f 9054 8682 8678
f 9054 8678 9014
f 8684 9055 9015
f 8684 9015 8680
f 9015 9056 9016
f 9015 9055 9056
f 9016 9057 9017
f 9016 9056 9057
f 9017 9058 9018
f 9017 9057 9058
f 9018 9059 9019
f 9018 9058 9059
f 9019 9060 9020
f 9019 9059 9060
f 9020 9061 9021
f 9020 9060 9061
f 9021 9062 9022
f 9021 9061 9062
f 9022 9063 9023
f 9022 9062 9063
f 9023 9064 9024
f 9023 9063 9064
f 9024 9065 9025
f 9024 9064 9065
f 9025 9066 9026
f 9025 9065 9066
f 9026 9067 9027
f 9026 9066 9067
f 9027 9068 9028
f 9027 9067 9068
f 9028 9069 9029
f 9028 9068 9069
f 9029 9070 9030
f 9029 9069 9070
f 9030 9071 9031
f 9030 9070 9071
f 9031 9072 9032
f 9031 9071 9072
f 9032 9073 9033
f 9032 9072 9073
f 9033 9074 9034
f 9033 9073 9074
f 9034 9075 9035
f 9034 9074 9075
f 9035 9076 9036
f 9035 9075 9076
f 9036 9077 9037
f 9036 9076 9077
f 9037 9078 9038
f 9037 9077 9078
f 9038 9079 9039
f 9038 9078 9079
f 9039 9080 9040
f 9039 9079 9080
f 9040 9081 9041
f 9040 9080 9081
f 9041 9082 9042
f 9041 9081 9082
f 9042 9083 9043
f 9042 9082 9083
f 9043 9084 9044
f 9043 9083 9084
f 9044 9085 9045
f 9044 9084 9085
f 9045 9086 9046
f 9045 9085 9086
f 9046 9087 9047
f 9046 9086 9087
f 9047 9088 9048
f 9047 9087 9088
f 9048 9089 9049
f 9048 9088 9089
f 9049 9090 9050
f 9049 9089 9090
f 9050 9091 9051
f 9050 9090 9091
f 9051 9092 9052
f 9051 9091 9092
f 9052 9093 9053
f 9052 9092 9093
f 9053 9094 9054
f 9053 9093 9094
f 9094 8686 8682
f 9094 8682 9054
f 8688 9095 9055
f 8688 9055 8684
f 9055 9096 9056
f 9055 9095 9096
f 9056 9097 9057
f 9056 9096 9097
f 9057 9098 9058
f 9057 9097 9098
f 9058 9099 9059
f 9058 9098 9099
f 9059 9100 9060
f 9059 9099 9100
f 9060 9101 9061
f 9060 9100 9101
f 9061 9102 9062
f 9061 9101 9102
f 9062 9103 9063
f 9062 9102 9103
f 9063 9104 9064
f 9063 9103 9104
f 9064 9105 9065
f 9064 9104 9105
f 9065 9106 9066
f 9065 9105 9106
f 9066 9107 9067
f 9066 9106 9107
f 9067 9108 9068
f 9067 9107 9108
f 9068 9109 9069
f 9068 9108 9109
f 9069 9110 9070
f 9069 9109 9110
f 9070 9111 9071
f 9070 9110 9111
f 9071 9112 9072
f 9071 9111 9112
f 9072 9113 9073
f 9072 9112 9113
f 9073 9114 9074
f 9073 9113 9114
f 9074 9115 9075
f 9074 9114 9115
f 9075 9116 9076
f 9075 9115 9116
f 9076 9117 9077
f 9076 9116 9117
f 9077 9118 9078
f 9077 9117 9118
f 9078 9119 9079
f 9078 9118 9119
f 9079 9120 9080
f 9079 9119 9120
f 9080 9121 9081
f 9080 9120 9121
f 9081 9122 9082
f 9081 9121 9122
f 9082 9123 9083
f 9082 9122 9123
f 9083 9124 9084
f 9083 9123 9124
f 9084 9125 9085
f 9084 9124 9125
f 9085 9126 9086
f 9085 9125 9126
f 9086 9127 9087
f 9086 9126 9127
f 9087 9128 9088
f 9087 9127 9128
f 9088 9129 9089
f 9088 9128 9129
f 9089 9130 9090
f 9089 9129 9130
f 9090 9131 9091
f 9090 9130 9131
f 9091 9132 9092
f 9091 9131 9132
f 9092 9133 9093
f 9092 9132 9133
f 9093 9134 9094
f 9093 9133 9134
f 9134 8690 8686
f 9134 8686 9094
f 8692 9135 9095
f 8692 9095 8688
f 9095 9136 9096
f 9095 9135 9136
f 9096 9137 9097
f 9096 9136 9137
f 9097 9138 9098
f 9097 9137 9138
f 9098 9139 9099
f 9098 9138 9139
f 9099 9140 9100
f 9099 9139 9140
f 9100 9141 9101
f 9100 9140 9141
f 9101 9142 9102
f 9101 9141 9142
f 9102 9143 9103
f 9102 9142 9143
f 9103 9144 9104
f 9103 9143 9144
f 9104 9145 9105
f 9104 9144 9145
f 9105 9146 9106
f 9105 9145 9146
f 9106 9147 9107
f 9106 9146 9147
f 9107 9148 9108
f 9107 9147 9148
f 9108 9149 9109
f 9108 9148 9149
f 9109 9150 9110
f 9109 9149 9150
f 9110 9151 9111
f 9110 9150 9151
f 9111 9152 9112
f 9111 9151 9152
f 9112 9153 9113
f 9112 9152 9153
f 9113 9154 9114
f 9113 9153 9154
f 9114 9155 9115
f 9114 9154 9155
f 9115 9156 9116
f 9115 9155 9156
f 9116 9157 9117
f 9116 9156 9157
f 9117 9158 9118
f 9117 9157 9158
f 9118 9159 9119
f 9118 9158 9159
f 9119 9160 9120
f 9119 9159 9160
f 9120 9161 9121
f 9120 9160 9161
f 9121 9162 9122
f 9121 9161 9162
f 9122 9163 9123
f 9122 9162 9163
f 9123 9164 9124
f 9123 9163 9164
f 9124 9165 9125
f 9124 9164 9165
f 9125 9166 9126
f 9125 9165 9166
f 9126 9167 9127
f 9126 9166 9167
f 9127 9168 9128
f 9127 9167 9168
f 9128 9169 9129
f 9128 9168 9169
f 9129 9170 9130
f 9129 9169 9170
f 9130 9171 9131
f 9130 9170 9171
f 9131 9172 9132
f 9131 9171 9172
f 9132 9173 9133
f 9132 9172 9173
f 9133 9174 9134
f 9133 9173 9174
f 9174 8694 8690
f 9174 8690 9134
f 8696 9175 9135
f 8696 9135 8692
f 9135 9176 9136
f 9135 9175 9176
f 9136 9177 9137
f 9136 9176 9177
f 9137 9178 9138
f 9137 9177 9178
f 9138 9179 9139
f 9138 9178 9179
f 9139 9180 9140
f 9139 9179 9180
f 9140 9181 9141
f 9140 9180 9181
f 9141 9182 9142
f 9141 9181 9182
f 9142 9183 9143
f 9142 9182 9183
f 9143 9184 9144
f 9143 9183 9184
f 9144 9185 9145
f 9144 9184 9185
f 9145 9186 9146
f 9145 9185 9186
f 9146 9187 9147
f 9146 9186 9187
f 9147 9188 9148
f 9147 9187 9188
f 9148 9189 9149
f 9148 9188 9189
f 9149 9190 9150
f 9149 9189 9190
f 9150 9191 9151
f 9150 9190 9191
f 9151 9192 9152
f 9151 9191 9192
f 9152 9193 9153
f 9152 9192 9193
f 9153 9194 9154
f 9153 9193 9194
f 9154 9195 9155
f 9154 9194 9195
f 9155 9196 9156
f 9155 9195 9196
f 9156 9197 9157
f 9156 9196 9197
f 9157 9198 9158
f 9157 9197 9198
f 9158 9199 9159
f 9158 9198 9199
f 9159 9200 9160
f 9159 9199 9200
f 9160 9201 9161
f 9160 9200 9201
f 9161 9202 9162
f 9161 9201 9202
f 9162 9203 9163
f 9162 9202 9203
f 9163 9204 9164
f 9163 9203 9204
f 9164 9205 9165
f 9164 9204 9205
f 9165 9206 9166
f 9165 9205 9206
f 9166 9207 9167
f 9166 9206 9207
f 9167 9208 9168
f 9167 9207 9208
f 9168 9209 9169
f 9168 9208 9209
f 9169 9210 9170
f 9169 9209 9210
f 9170 9211 9171
f 9170 9210 9211
f 9171 9212 9172
f 9171 9211 9212
f 9172 9213 9173
f 9172 9212 9213
f 9173 9214 9174
f 9173 9213 9214
f 9214 8698 8694
f 9214 8694 9174
f 8700 9215 9175
f 8700 9175 8696
f 9175 9216 9176
f 9175 9215 9216
f 9176 9217 9177
f 9176 9216 9217
f 9177 9218 9178
f 9177 9217 9218
f 9178 9219 9179
f 9178 9218 9219
f 9179 9220 9180
f 9179 9219 9220
f 9180 9221 9181
f 9180 9220 9221
f 9181 9222 9182
f 9181 9221 9222
f 9182 9223 9183
f 9182 9222 9223
f 9183 9224 9184
f 9183 9223 9224
f 9184 9225 9185
f 9184 9224 9225
f 9185 9226 9186
f 9185 9225 9226
f 9186 9227 9187
f 9186 9226 9227
f 9187 9228 9188
f 9187 9227 9228
f 9188 9229 9189
f 9188 9228 9229
f 9189 9230 9190
f 9189 9229 9230
f 9190 9231 9191
f 9190 9230 9231
f 9191 9232 9192
f 9191 9231 9232
f 9192 9233 9193
f 9192 9232 9233
f 9193 9234 9194
f 9193 9233 9234
f 9194 9235 9195
f 9194 9234 9235
f 9195 9236 9196
f 9195 9235 9236
f 9196 9237 9197
f 9196 9236 9237
f 9197 9238 9198
f 9197 9237 9238
f 9198 9239 9199
f 9198 9238 9239
f 9199 9240 9200
f 9199 9239 9240
f 9200 9241 9201
f 9200 9240 9241
f 9201 9242 9202
f 9201 9241 9242
f 9202 9243 9203
f 9202 9242 9243
f 9203 9244 9204
f 9203 9243 9244
f 9204 9245 9205
f 9204 9244 9245
f 9205 9246 9206
f 9205 9245 9246
f 9206 9247 9207
f 9206 9246 9247
f 9207 9248 9208
f 9207 9247 9248
f 9208 9249 9209
f 9208 9248 9249
f 9209 9250 9210
f 9209 9249 9250
f 9210 9251 9211
f 9210 9250 9251
f 9211 9252 9212
f 9211 9251 9252
f 9212 9253 9213
f 9212 9252 9253
f 9213 9254 9214
f 9213 9253 9254
f 9254 8702 8698
f 9254 8698 9214
f 8704 9255 9215
f 8704 9215 8700
f 9215 9256 9216
f 9215 9255 9256
f 9216 9257 9217
f 9216 9256 9257
f 9217 9258 9218
f 9217 9257 9258
f 9218 9259 9219
f 9218 9258 9259
f 9219 9260 9220
f 9219 9259 9260
f 9220 9261 9221
f 9220 9260 9261
f 9221 9262 9222
f 9221 9261 9262
f 9222 9263 9223
f 9222 9262 9263
f 9223 9264 9224
f 9223 9263 9264
f 9224 9265 9225
f 9224 9264 9265
f 9225 9266 9226
f 9225 9265 9266
f 9226 9267 9227
f 9226 9266 9267
f 9227 9268 9228
f 9227 9267 9268
f 9228 9269 9229
f 9228 9268 9269
f 9229 9270 9230
f 9229 9269 9270
f 9230 9271 9231
f 9230 9270 9271
f 9231 9272 9232
f 9231 9271 9272
f 9232 9273 9233
f 9232 9272 9273
f 9233 9274 9234
f 9233 9273 9274
f 9234 9275 9235
f 9234 9274 9275
f 9235 9276 9236
f 9235 9275 9276
f 9236 9277 9237
f 9236 9276 9277
f 9237 9278 9238
f 9237 9277 9278
f 9238 9279 9239
f 9238 9278 9279
f 9239 9280 9240
f 9239 9279 9280
f 9240 9281 9241
f 9240 9280 9281
f 9241 9282 9242
f 9241 9281 9282
f 9242 9283 9243
f 9242 9282 9283
f 9243 9284 9244
f 9243 9283 9284
f 9244 9285 9245
f 9244 9284 9285
f 9245 9286 9246
f 9245 9285 9286
f 9246 9287 9247
f 9246 9286 9287
f 9247 9288 9248
f 9247 9287 9288
f 9248 9289 9249
f 9248 9288 9289
f 9249 9290 9250
f 9249 9289 9290
f 9250 9291 9251
f 9250 9290 9291
f 9251 9292 9252
f 9251 9291 9292
f 9252 9293 9253
f 9252 9292 9293
f 9253 9294 9254
f 9253 9293 9294
f 9294 8706 8702
f 9294 8702 9254
f 8708 9295 9255
f 8708 9255 8704
f 9255 9296 9256
f 9255 9295 9296
f 9256 9297 9257
f 9256 9296 9297
f 9257 9298 9258
f 9257 9297 9298
f 9258 9299 9259
f 9258 9298 9299
f 9259 9300 9260
f 9259 9299 9300
f 9260 9301 9261
f 9260 9300 9301
f 9261 9302 9262
f 9261 9301 9302
f 9262 9303 9263
f 9262 9302 9303
f 9263 9304 9264
f 9263 9303 9304
f 9264 9305 9265
f 9264 9304 9305
f 9265 9306 9266
f 9265 9305 9306
f 9266 9307 9267
f 9266 9306 9307
f 9267 9308 9268
f 9267 9307 9308
f 9268 9309 9269
f 9268 9308 9309
f 9269 9310 9270
f 9269 9309 9310
f 9270 9311 9271
f 9270 9310 9311
f 9271 9312 9272
f 9271 9311 9312
f 9272 9313 9273
f 9272 9312 9313
f 9273 9314 9274
f 9273 9313 9314
f 9274 9315 9275
f 9274 9314 9315
f 9275 9316 9276
f 9275 9315 9316
f 9276 9317 9277
f 9276 9316 9317
f 9277 9318 9278
f 9277 9317 9318
f 9278 9319 9279
f 9278 9318 9319
f 9279 9320 9280
f 9279 9319 9320
f 9280 9321 9281
f 9280 9320 9321
f 9281 9322 9282
f 9281 9321 9322
f 9282 9323 9283
f 9282 9322 9323
f 9283 9324 9284
f 9283 9323 9324
f 9284 9325 9285
f 9284 9324 9325
f 9285 9326 9286
f 9285 9325 9326
f 9286 9327 9287
f 9286 9326 9327
f 9287 9328 9288
f 9287 9327 9328
f 9288 9329 9289
f 9288 9328 9329
f 9289 9330 9290
f 9289 9329 9330
f 9290 9331 9291
f 9290 9330 9331
f 9291 9332 9292
f 9291 9331 9332
f 9292 9333 9293
f 9292 9332 9333
f 9293 9334 9294
f 9293 9333 9334
f 9334 8710 8706
f 9334 8706 9294
f 8712 9335 9295
f 8712 9295 8708
f 9295 9336 9296
f 9295 9335 9336
f 9296 9337 9297
f 9296 9336 9337
f 9297 9338 9298
f 9297 9337 9338
f 9298 9339 9299
f 9298 9338 9339
f 9299 9340 9300
f 9299 9339 9340
f 9300 9341 9301
f 9300 9340 9341
f 9301 9342 9302
f 9301 9341 9342
f 9302 9343 9303
f 9302 9342 9343
f 9303 9344 9304
f 9303 9343 9344
f 9304 9345 9305
f 9304 9344 9345
f 9305 9346 9306
f 9305 9345 9346
f 9306 9347 9307
f 9306 9346 9347
f 9307 9348 9308
f 9307 9347 9348
f 9308 9349 9309
f 9308 9348 9349
f 9309 9350 9310
f 9309 9349 9350
f 9310 9351 9311
f 9310 9350 9351
f 9311 9352 9312
f 9311 9351 9352
f 9312 9353 9313
f 9312 9352 9353
f 9313 9354 9314
f 9313 9353 9354
f 9314 9355 9315
f 9314 9354 9355
f 9315 9356 9316
f 9315 9355 9356
f 9316 9357 9317
f 9316 9356 9357
f 9317 9358 9318
f 9317 9357 9358
f 9318 9359 9319
f 9318 9358 9359
f 9319 9360 9320
f 9319 9359 9360
f 9320 9361 9321
f 9320 9360 9361
f 9321 9362 9322
f 9321 9361 9362
f 9322 9363 9323
f 9322 9362 9363
f 9323 9364 9324
f 9323 9363 9364
f 9324 9365 9325
f 9324 9364 9365
f 9325 9366 9326
f 9325 9365 9366
f 9326 9367 9327
f 9326 9366 9367
f 9327 9368 9328
f 9327 9367 9368
f 9328 9369 9329
f 9328 9368 9369
f 9329 9370 9330
f 9329 9369 9370
f 9330 9371 9331
f 9330 9370 9371
f 9331 9372 9332
f 9331 9371 9372
f 9332 9373 9333
f 9332 9372 9373
f 9333 9374 9334
f 9333 9373 9374
f 9374 8714 8710
f 9374 8710 9334
f 8716 9375 9335
f 8716 9335 8712
f 9335 9376 9336
f 9335 9375 9376
f 9336 9377 9337
f 9336 9376 9377
f 9337 9378 9338
f 9337 9377 9378
f 9338 9379 9339
f 9338 9378 9379
f 9339 9380 9340
f 9339 9379 9380
f 9340 9381 9341
f 9340 9380 9381
f 9341 9382 9342
f 9341 9381 9382
f 9342 9383 9343
f 9342 9382 9383
f 9343 9384 9344
f 9343 9383 9384
f 9344 9385 9345
f 9344 9384 9385
f 9345 9386 9346
f 9345 9385 9386
f 9346 9387 9347
f 9346 9386 9387
f 9347 9388 9348
f 9347 9387 9388
f 9348 9389 9349
f 9348 9388 9389
f 9349 9390 9350
f 9349 9389 9390
f 9350 9391 9351
f 9350 9390 9391
f 9351 9392 9352
f 9351 9391 9392
f 9352 9393 9353
f 9352 9392 9393
f 9353 9394 9354
f 9353 9393 9394
f 9354 9395 9355
f 9354 9394 9395
f 9355 9396 9356
f 9355 9395 9396
f 9356 9397 9357
f 9356 9396 9397
f 9357 9398 9358
f 9357 9397 9398
f 9358 9399 9359
f 9358 9398 9399
f 9359 9400 9360
f 9359 9399 9400
f 9360 9401 9361
f 9360 9400 9401
f 9361 9402 9362
f 9361 9401 9402
f 9362 9403 9363
f 9362 9402 9403
f 9363 9404 9364
f 9363 9403 9404
f 9364 9405 9365
f 9364 9404 9405
f 9365 9406 9366
f 9365 9405 9406
f 9366 9407 9367
f 9366 9406 9407
f 9367 9408 9368
f 9367 9407 9408
f 9368 9409 9369
f 9368 9408 9409
f 9369 9410 9370
f 9369 9409 9410
f 9370 9411 9371
f 9370 9410 9411
f 9371 9412 9372
f 9371 9411 9412
f 9372 9413 9373
f 9372 9412 9413
f 9373 9414 9374
f 9373 9413 9414
f 9414 8718 8714
f 9414 8714 9374
f 8720 9415 9375
f 8720 9375 8716
f 9375 9416 9376
f 9375 9415 9416
f 9376 9417 9377
f 9376 9416 9417
f 9377 9418 9378
f 9377 9417 9418
f 9378 9419 9379
f 9378 9418 9419
f 9379 9420 9380
f 9379 9419 9420
f 9380 9421 9381
f 9380 9420 9421
f 9381 9422 9382
f 9381 9421 9422
f 9382 9423 9383
f 9382 9422 9423
f 9383 9424 9384
f 9383 9423 9424
f 9384 9425 9385
f 9384 9424 9425
f 9385 9426 9386
f 9385 9425 9426
f 9386 9427 9387
f 9386 9426 9427
f 9387 9428 9388
f 9387 9427 9428
f 9388 9429 9389
f 9388 9428 9429
f 9389 9430 9390
f 9389 9429 9430
f 9390 9431 9391
f 9390 9430 9431
f 9391 9432 9392
f 9391 9431 9432
f 9392 9433 9393
f 9392 9432 9433
f 9393 9434 9394
f 9393 9433 9434
f 9394 9435 9395
f 9394 9434 9435
f 9395 9436 9396
f 9395 9435 9436
f 9396 9437 9397
f 9396 9436 9437
f 9397 9438 9398
f 9397 9437 9438
f 9398 9439 9399
f 9398 9438 9439
f 9399 9440 9400
f 9399 9439 9440
f 9400 9441 9401
f 9400 9440 9441
f 9401 9442 9402
f 9401 9441 9442
f 9402 9443 9403
f 9402 9442 9443
f 9403 9444 9404
f 9403 9443 9444
f 9404 9445 9405
f 9404 9444 9445
f 9405 9446 9406
f 9405 9445 9446
f 9406 9447 9407
f 9406 9446 9447
f 9407 9448 9408
f 9407 9447 9448
f 9408 9449 9409
f 9408 9448 9449
f 9409 9450 9410
f 9409 9449 9450
f 9410 9451 9411
f 9410 9450 9451
f 9411 9452 9412
f 9411 9451 9452
f 9412 9453 9413
f 9412 9452 9453
f 9413 9454 9414
f 9413 9453 9454
f 9454 8722 8718
f 9454 8718 9414
f 8724 9455 9415
f 8724 9415 8720
f 9415 9456 9416
f 9415 9455 9456
f 9416 9457 9417
f 9416 9456 9457
f 9417 9458 9418
f 9417 9457 9458
f 9418 9459 9419
f 9418 9458 9459
f 9419 9460 9420
f 9419 9459 9460
f 9420 9461 9421
f 9420 9460 9461
f 9421 9462 9422
f 9421 9461 9462
f 9422 9463 9423
f 9422 9462 9463
f 9423 9464 9424
f 9423 9463 9464
f 9424 9465 9425
f 9424 9464 9465
f 9425 9466 9426
f 9425 9465 9466
f 9426 9467 9427
f 9426 9466 9467
f 9427 9468 9428
f 9427 9467 9468
f 9428 9469 9429
f 9428 9468 9469
f 9429 9470 9430
f 9429 9469 9470
f 9430 9471 9431
f 9430 9470 9471
f 9431 9472 9432
f 9431 9471 9472
f 9432 9473 9433
f 9432 9472 9473
f 9433 9474 9434
f 9433 9473 9474
f 9434 9475 9435
f 9434 9474 9475
f 9435 9476 9436
f 9435 9475 9476
f 9436 9477 9437
f 9436 9476 9477
f 9437 9478 9438
f 9437 9477 9478
f 9438 9479 9439
f 9438 9478 9479
f 9439 9480 9440
f 9439 9479 9480
f 9440 9481 9441
f 9440 9480 9481
f 9441 9482 9442
f 9441 9481 9482
f 9442 9483 9443
f 9442 9482 9483
f 9443 9484 9444
f 9443 9483 9484
f 9444 9485 9445
f 9444 9484 9485
f 9445 9486 9446
f 9445 9485 9486
f 9446 9487 9447
f 9446 9486 9487
f 9447 9488 9448
f 9447 9487 9488
f 9448 9489 9449
f 9448 9488 9489
f 9449 9490 9450
f 9449 9489 9490
f 9450 9491 9451
f 9450 9490 9491
f 9451 9492 9452
f 9451 9491 9492
f 9452 9493 9453
f 9452 9492 9493
f 9453 9494 9454
f 9453 9493 9494
f 9494 8726 8722
f 9494 8722 9454
f 8728 9495 9455
f 8728 9455 8724
f 9455 9496 9456
f 9455 9495 9496
f 9456 9497 9457
f 9456 9496 9497
f 9457 9498 9458
f 9457 9497 9498
f 9458 9499 9459
f 9458 9498 9499
f 9459 9500 9460
f 9459 9499 9500
f 9460 9501 9461
f 9460 9500 9501
f 9461 9502 9462
f 9461 9501 9502
f 9462 9503 9463
f 9462 9502 9503
f 9463 9504 9464
f 9463 9503 9504
f 9464 9505 9465
f 9464 9504 9505
f 9465 9506 9466
f 9465 9505 9506
f 9466 9507 9467
f 9466 9506 9507
f 9467 9508 9468
f 9467 9507 9508
f 9468 9509 9469
f 9468 9508 9509
f 9469 9510 9470
f 9469 9509 9510
f 9470 9511 9471
f 9470 9510 9511
f 9471 9512 9472
f 9471 9511 9512
f 9472 9513 9473
f 9472 9512 9513
f 9473 9514 9474
f 9473 9513 9514
f 9474 9515 9475
f 9474 9514 9515
f 9475 9516 9476
f 9475 9515 9516
f 9476 9517 9477
f 9476 9516 9517
f 9477 9518 9478
f 9477 9517 9518
f 9478 9519 9479
f 9478 9518 9519
f 9479 9520 9480
f 9479 9519 9520
f 9480 9521 9481
f 9480 9520 9521
f 9481 9522 9482
f 9481 9521 9522
f 9482 9523 9483
f 9482 9522 9523
f 9483 9524 9484
f 9483 9523 9524
f 9484 9525 9485
f 9484 9524 9525
f 9485 9526 9486
f 9485 9525 9526
f 9486 9527 9487
f 9486 9526 9527
f 9487 9528 9488
f 9487 9527 9528
f 9488 9529 9489
f 9488 9528 9529
f 9489 9530 9490
f 9489 9529 9530
f 9490 9531 9491
f 9490 9530 9531
f 9491 9532 9492
f 9491 9531 9532
f 9492 9533 9493
f 9492 9532 9533
f 9493 9534 9494
f 9493 9533 9534
f 9534 8730 8726
f 9534 8726 9494
f 8732 9535 9495
f 8732 9495 8728
f 9495 9536 9496
f 9495 9535 9536
f 9496 9537 9497
f 9496 9536 9537
f 9497 9538 9498
f 9497 9537 9538
f 9498 9539 9499
f 9498 9538 9539
f 9499 9540 9500
f 9499 9539 9540
f 9500 9541 9501
f 9500 9540 9541
f 9501 9542 9502
f 9501 9541 9542
f 9502 9543 9503
f 9502 9542 9543
f 9503 9544 9504
f 9503 9543 9544
f 9504 9545 9505
f 9504 9544 9545
f 9505 9546 9506
f 9505 9545 9546
f 9506 9547 9507
f 9506 9546 9547
f 9507 9548 9508
f 9507 9547 9548
f 9508 9549 9509
f 9508 9548 9549
f 9509 9550 9510
f 9509 9549 9550
f 9510 9551 9511
f 9510 9550 9551
f 9511 9552 9512
f 9511 9551 9552
f 9512 9553 9513
f 9512 9552 9553
f 9513 9554 9514
f 9513 9553 9554
f 9514 9555 9515
f 9514 9554 9555
f 9515 9556 9516
f 9515 9555 9556
f 9516 9557 9517
f 9516 9556 9557
f 9517 9558 9518
f 9517 9557 9558
f 9518 9559 9519
f 9518 9558 9559
f 9519 9560 9520
f 9519 9559 9560
f 9520 9561 9521
f 9520 9560 9561
f 9521 9562 9522
f 9521 9561 9562
f 9522 9563 9523
f 9522 9562 9563
f 9523 9564 9524
f 9523 9563 9564
f 9524 9565 9525
f 9524 9564 9565
f 9525 9566 9526
f 9525 9565 9566
f 9526 9567 9527
f 9526 9566 9567
f 9527 9568 9528
f 9527 9567 9568
f 9528 9569 9529
f 9528 9568 9569
f 9529 9570 9530
f 9529 9569 9570
f 9530 9571 9531
f 9530 9570 9571
f 9531 9572 9532
f 9531 9571 9572
f 9532 9573 9533
f 9532 9572 9573
f 9533 9574 9534
f 9533 9573 9574
f 9574 8734 8730
f 9574 8730 9534
f 8736 9575 9535
f 8736 9535 8732
f 9535 9576 9536
f 9535 9575 9576
f 9536 9577 9537
f 9536 9576 9577
f 9537 9578 9538
f 9537 9577 9578
f 9538 9579 9539
f 9538 9578 9579
f 9539 9580 9540
f 9539 9579 9580
f 9540 9581 9541
f 9540 9580 9581
f 9541 9582 9542
f 9541 9581 9582
f 9542 9583 9543
f 9542 9582 9583
f 9543 9584 9544
f 9543 9583 9584
f 9544 9585 9545
f 9544 9584 9585
f 9545 9586 9546
f 9545 9585 9586
f 9546 9587 9547
f 9546 9586 9587
f 9547 9588 9548
f 9547 9587 9588
f 9548 9589 9549
f 9548 9588 9589
f 9549 9590 9550
f 9549 9589 9590
f 9550 9591 9551
f 9550 9590 9591
f 9551 9592 9552
f 9551 9591 9592
f 9552 9593 9553
f 9552 9592 9593
f 9553 9594 9554
f 9553 9593 9594
f 9554 9595 9555
f 9554 9594 9595
f 9555 9596 9556
f 9555 9595 9596
f 9556 9597 9557
f 9556 9596 9597
f 9557 9598 9558
f 9557 9597 9598
f 9558 9599 9559
f 9558 9598 9599
f 9559 9600 9560
f 9559 9599 9600
f 9560 9601 9561
f 9560 9600 9601
f 9561 9602 9562
f 9561 9601 9602
f 9562 9603 9563
f 9562 9602 9603
f 9563 9604 9564
f 9563 9603 9604
f 9564 9605 9565
f 9564 9604 9605
f 9565 9606 9566
f 9565 9605 9606
f 9566 9607 9567
f 9566 9606 9607
f 9567 9608 9568
f 9567 9607 9608
f 9568 9609 9569
f 9568 9608 9609
f 9569 9610 9570
f 9569 9609 9610
f 9570 9611 9571
f 9570 9610 9611
f 9571 9612 9572
f 9571 9611 9612
f 9572 9613 9573
f 9572 9612 9613
f 9573 9614 9574
f 9573 9613 9614
f 9614 8738 8734
f 9614 8734 9574
f 8740 9615 9575
f 8740 9575 8736
f 9575 9616 9576
f 9575 9615 9616
f 9576 9617 9577
f 9576 9616 9617
f 9577 9618 9578
f 9577 9617 9618
f 9578 9619 9579
f 9578 9618 9619
f 9579 9620 9580
f 9579 9619 9620
f 9580 9621 9581
f 9580 9620 9621
f 9581 9622 9582
f 9581 9621 9622
f 9582 9623 9583
f 9582 9622 9623
f 9583 9624 9584
f 9583 9623 9624
f 9584 9625 9585
f 9584 9624 9625
f 9585 9626 9586
f 9585 9625 9626
f 9586 9627 9587
f 9586 9626 9627
f 9587 9628 9588
f 9587 9627 9628
f 9588 9629 9589
f 9588 9628 9629
f 9589 9630 9590
f 9589 9629 9630
f 9590 9631 9591
f 9590 9630 9631
f 9591 9632 9592
f 9591 9631 9632
f 9592 9633 9593
f 9592 9632 9633
f 9593 9634 9594
f 9593 9633 9634
f 9594 9635 9595
f 9594 9634 9635
f 9595 9636 9596
f 9595 9635 9636
f 9596 9637 9597
f 9596 9636 9637
f 9597 9638 9598
f 9597 9637 9638
f 9598 9639 9599
f 9598 9638 9639
f 9599 9640 9600
f 9599 9639 9640
f 9600 9641 9601
f 9600 9640 9641
f 9601 9642 9602
f 9601 9641 9642
f 9602 9643 9603
f 9602 9642 9643
f 9603 9644 9604
f 9603 9643 9644
f 9604 9645 9605
f 9604 9644 9645
f 9605 9646 9606
f 9605 9645 9646
f 9606 9647 9607
f 9606 9646 9647
f 9607 9648 9608
f 9607 9647 9648
f 9608 9649 9609
f 9608 9648 9649
f 9609 9650 9610
f 9609 9649 9650
f 9610 9651 9611
f 9610 9650 9651
f 9611 9652 9612
f 9611 9651 9652
f 9612 9653 9613
f 9612 9652 9653
f 9613 9654 9614
f 9613 9653 9654
f 9654 8742 8738
f 9654 8738 9614
f 8744 9655 9615
f 8744 9615 8740
f 9615 9656 9616
f 9615 9655 9656
f 9616 9657 9617
f 9616 9656 9657
f 9617 9658 9618
f 9617 9657 9658
f 9618 9659 9619
f 9618 9658 9659
f 9619 9660 9620
f 9619 9659 9660
f 9620 9661 9621
f 9620 9660 9661
f 9621 9662 9622
f 9621 9661 9662
f 9622 9663 9623
f 9622 9662 9663
f 9623 9664 9624
f 9623 9663 9664
f 9624 9665 9625
f 9624 9664 9665
f 9625 9666 9626
f 9625 9665 9666
f 9626 9667 9627
f 9626 9666 9667
f 9627 9668 9628
f 9627 9667 9668
f 9628 9669 9629
f 9628 9668 9669
f 9629 9670 9630
f 9629 9669 9670
f 9630 9671 9631
f 9630 9670 9671
f 9631 9672 9632
f 9631 9671 9672
f 9632 9673 9633
f 9632 9672 9673
f 9633 9674 9634
f 9633 9673 9674
f 9634 9675 9635
f 9634 9674 9675
f 9635 9676 9636
f 9635 9675 9676
f 9636 9677 9637
f 9636 9676 9677
f 9637 9678 9638
f 9637 9677 9678
f 9638 9679 9639
f 9638 9678 9679
f 9639 9680 9640
f 9639 9679 9680
f 9640 9681 9641
f 9640 9680 9681
f 9641 9682 9642
f 9641 9681 9682
f 9642 9683 9643
f 9642 9682 9683
f 9643 9684 9644
f 9643 9683 9684
f 9644 9685 9645
f 9644 9684 9685
f 9645 9686 9646
f 9645 9685 9686
f 9646 9687 9647
f 9646 9686 9687
f 9647 9688 9648
f 9647 9687 9688
f 9648 9689 9649
f 9648 9688 9689
f 9649 9690 9650
f 9649 9689 9690
f 9650 9691 9651
f 9650 9690 9691
f 9651 9692 9652
f 9651 9691 9692
f 9652 9693 9653
f 9652 9692 9693
f 9653 9694 9654
f 9653 9693 9694
f 9694 8746 8742
f 9694 8742 9654
f 8748 9695 9655
f 8748 9655 8744
f 9655 9696 9656
f 9655 9695 9696
f 9656 9697 9657
f 9656 9696 9697
f 9657 9698 9658
f 9657 9697 9698
f 9658 9699 9659
f 9658 9698 9699
f 9659 9700 9660
f 9659 9699 9700
f 9660 9701 9661
f 9660 9700 9701
f 9661 9702 9662
f 9661 9701 9702
f 9662 9703 9663
f 9662 9702 9703
f 9663 9704 9664
f 9663 9703 9704
f 9664 9705 9665
f 9664 9704 9705
f 9665 9706 9666
f 9665 9705 9706
f 9666 9707 9667
f 9666 9706 9707
f 9667 9708 9668
f 9667 9707 9708
f 9668 9709 9669
f 9668 9708 9709
f 9669 9710 9670
f 9669 9709 9710
f 9670 9711 9671
f 9670 9710 9711
f 9671 9712 9672
f 9671 9711 9712
f 9672 9713 9673
f 9672 9712 9713
f 9673 9714 9674
f 9673 9713 9714
f 9674 9715 9675
f 9674 9714 9715
f 9675 9716 9676
f 9675 9715 9716
f 9676 9717 9677
f 9676 9716 9717
f 9677 9718 9678
f 9677 9717 9718
f 9678 9719 9679
f 9678 9718 9719
f 9679 9720 9680
f 9679 9719 9720
f 9680 9721 9681
f 9680 9720 9721
f 9681 9722 9682
f 9681 9721 9722
f 9682 9723 9683
f 9682 9722 9723
f 9683 9724 9684
f 9683 9723 9724
f 9684 9725 9685
f 9684 9724 9725
f 9685 9726 9686
f 9685 9725 9726
f 9686 9727 9687
f 9686 9726 9727
f 9687 9728 9688
f 9687 9727 9728
f 9688 9729 9689
f 9688 9728 9729
f 9689 9730 9690
f 9689 9729 9730
f 9690 9731 9691
f 9690 9730 9731
f 9691 9732 9692
f 9691 9731 9732
f 9692 9733 9693
f 9692 9732 9733
f 9693 9734 9694
f 9693 9733 9734
f 9734 8750 8746
f 9734 8746 9694
f 8752 9735 9695
f 8752 9695 8748
f 9695 9736 9696
f 9695 9735 9736
f 9696 9737 9697
f 9696 9736 9737
f 9697 9738 9698
f 9697 9737 9738
f 9698 9739 9699
f 9698 9738 9739
f 9699 9740 9700
f 9699 9739 9740
f 9700 9741 9701
f 9700 9740 9741
f 9701 9742 9702
f 9701 9741 9742
f 9702 9743 9703
f 9702 9742 9743
f 9703 9744 9704
f 9703 9743 9744
f 9704 9745 9705
f 9704 9744 9745
f 9705 9746 9706
f 9705 9745 9746
f 9706 9747 9707
f 9706 9746 9747
f 9707 9748 9708
f 9707 9747 9748
f 9708 9749 9709
f 9708 9748 9749
f 9709 9750 9710
f 9709 9749 9750
f 9710 9751 9711
f 9710 9750 9751
f 9711 9752 9712
f 9711 9751 9752
f 9712 9753 9713
f 9712 9752 9753
f 9713 9754 9714
f 9713 9753 9754
f 9714 9755 9715
f 9714 9754 9755
f 9715 9756 9716
f 9715 9755 9756
f 9716 9757 9717
f 9716 9756 9757
f 9717 9758 9718
f 9717 9757 9758
f 9718 9759 9719
f 9718 9758 9759
f 9719 9760 9720
f 9719 9759 9760
f 9720 9761 9721
f 9720 9760 9761
f 9721 9762 9722
f 9721 9761 9762
f 9722 9763 9723
f 9722 9762 9763
f 9723 9764 9724
f 9723 9763 9764
f 9724 9765 9725
f 9724 9764 9765
f 9725 9766 9726
f 9725 9765 9766
f 9726 9767 9727
f 9726 9766 9767
f 9727 9768 9728
f 9727 9767 9768
f 9728 9769 9729
f 9728 9768 9769
f 9729 9770 9730
f 9729 9769 9770
f 9730 9771 9731
f 9730 9770 9771
f 9731 9772 9732
f 9731 9771 9772
f 9732 9773 9733
f 9732 9772 9773
f 9733 9774 9734
f 9733 9773 9774
f 9774 8754 8750
f 9774 8750 9734
f 8756 9775 9735
f 8756 9735 8752
f 9735 9776 9736
f 9735 9775 9776
f 9736 9777 9737
f 9736 9776 9777
f 9737 9778 9738
f 9737 9777 9778
f 9738 9779 9739
f 9738 9778 9779
f 9739 9780 9740
f 9739 9779 9780
f 9740 9781 9741
f 9740 9780 9781
f 9741 9782 9742
f 9741 9781 9782
f 9742 9783 9743
f 9742 9782 9783
f 9743 9784 9744
f 9743 9783 9784
f 9744 9785 9745
f 9744 9784 9785
f 9745 9786 9746
f 9745 9785 9786
f 9746 9787 9747
f 9746 9786 9787
f 9747 9788 9748
f 9747 9787 9788
f 9748 9789 9749
f 9748 9788 9789
f 9749 9790 9750
f 9749 9789 9790
f 9750 9791 9751
f 9750 9790 9791
f 9751 9792 9752
f 9751 9791 9792
f 9752 9793 9753
f 9752 9792 9793
f 9753 9794 9754
f 9753 9793 9794
f 9754 9795 9755
f 9754 9794 9795
f 9755 9796 9756
f 9755 9795 9796
f 9756 9797 9757
f 9756 9796 9797
f 9757 9798 9758
f 9757 9797 9798
f 9758 9799 9759
f 9758 9798 9799
f 9759 9800 9760
f 9759 9799 9800
f 9760 9801 9761
f 9760 9800 9801
f 9761 9802 9762
f 9761 9801 9802
f 9762 9803 9763
f 9762 9802 9803
f 9763 9804 9764
f 9763 9803 9804
f 9764 9805 9765
f 9764 9804 9805
f 9765 9806 9766
f 9765 9805 9806
f 9766 9807 9767
f 9766 9806 9807
f 9767 9808 9768
f 9767 9807 9808
f 9768 9809 9769
f 9768 9808 9809
f 9769 9810 9770
f 9769 9809 9810
f 9770 9811 9771
f 9770 9810 9811
f 9771 9812 9772
f 9771 9811 9812
f 9772 9813 9773
f 9772 9812 9813
f 9773 9814 9774
f 9773 9813 9814
f 9814 8758 8754
f 9814 8754 9774
f 8760 9815 9775
f 8760 9775 8756
f 9775 9816 9776
f 9775 9815 9816
f 9776 9817 9777
f 9776 9816 9817
f 9777 9818 9778
f 9777 9817 9818
f 9778 9819 9779
f 9778 9818 9819
f 9779 9820 9780
f 9779 9819 9820
f 9780 9821 9781
f 9780 9820 9821
f 9781 9822 9782
f 9781 9821 9822
f 9782 9823 9783
f 9782 9822 9823
f 9783 9824 9784
f 9783 9823 9824
f 9784 9825 9785
f 9784 9824 9825
f 9785 9826 9786
f 9785 9825 9826
f 9786 9827 9787
f 9786 9826 9827
f 9787 9828 9788
f 9787 9827 9828
f 9788 9829 9789
f 9788 9828 9829
f 9789 9830 9790
f 9789 9829 9830
f 9790 9831 9791
f 9790 9830 9831
f 9791 9832 9792
f 9791 9831 9832
f 9792 9833 9793
f 9792 9832 9833
f 9793 9834 9794
f 9793 9833 9834
f 9794 9835 9795
f 9794 9834 9835
f 9795 9836 9796
f 9795 9835 9836
f 9796 9837 9797
f 9796 9836 9837
f 9797 9838 9798
f 9797 9837 9838
f 9798 9839 9799
f 9798 9838 9839
f 9799 9840 9800
f 9799 9839 9840
f 9800 9841 9801
f 9800 9840 9841
f 9801 9842 9802
f 9801 9841 9842
f 9802 9843 9803
f 9802 9842 9843
f 9803 9844 9804
f 9803 9843 9844
f 9804 9845 9805
f 9804 9844 9845
f 9805 9846 9806
f 9805 9845 9846
f 9806 9847 9807
f 9806 9846 9847
f 9807 9848 9808
f 9807 9847 9848
f 9808 9849 9809
f 9808 9848 9849
f 9809 9850 9810
f 9809 9849 9850
f 9810 9851 9811
f 9810 9850 9851
f 9811 9852 9812
f 9811 9851 9852
f 9812 9853 9813
f 9812 9852 9853
f 9813 9854 9814
f 9813 9853 9854
f 9854 8762 8758
f 9854 8758 9814
f 8764 9855 9815
f 8764 9815 8760
f 9815 9856 9816
f 9815 9855 9856
f 9816 9857 9817
f 9816 9856 9857
f 9817 9858 9818
f 9817 9857 9858
f 9818 9859 9819
f 9818 9858 9859
f 9819 9860 9820
f 9819 9859 9860
f 9820 9861 9821
f 9820 9860 9861
f 9821 9862 9822
f 9821 9861 9862
f 9822 9863 9823
f 9822 9862 9863
f 9823 9864 9824
f 9823 9863 9864
f 9824 9865 9825
f 9824 9864 9865
f 9825 9866 9826
f 9825 9865 9866
f 9826 9867 9827
f 9826 9866 9867
f 9827 9868 9828
f 9827 9867 9868
f 9828 9869 9829
f 9828 9868 9869
f 9829 9870 9830
f 9829 9869 9870
f 9830 9871 9831
f 9830 9870 9871
f 9831 9872 9832
f 9831 9871 9872
f 9832 9873 9833
f 9832 9872 9873
f 9833 9874 9834
f 9833 9873 9874
f 9834 9875 9835
f 9834 9874 9875
f 9835 9876 9836
f 9835 9875 9876
f 9836 9877 9837
f 9836 9876 9877
f 9837 9878 9838
f 9837 9877 9878
f 9838 9879 9839
f 9838 9878 9879
f 9839 9880 9840
f 9839 9879 9880
f 9840 9881 9841
f 9840 9880 9881
f 9841 9882 9842
f 9841 9881 9882
f 9842 9883 9843
f 9842 9882 9883
f 9843 9884 9844
f 9843 9883 9884
f 9844 9885 9845
f 9844 9884 9885
f 9845 9886 9846
f 9845 9885 9886
f 9846 9887 9847
f 9846 9886 9887
f 9847 9888 9848
f 9847 9887 9888
f 9848 9889 9849
f 9848 9888 9889
f 9849 9890 9850
f 9849 9889 9890
f 9850 9891 9851
f 9850 9890 9891
f 9851 9892 9852
f 9851 9891 9892
f 9852 9893 9853
f 9852 9892 9893
f 9853 9894 9854
f 9853 9893 9894
f 9894 8766 8762
f 9894 8762 9854
f 8768 9895 9855
f 8768 9855 8764
f 9855 9896 9856
f 9855 9895 9896
f 9856 9897 9857
f 9856 9896 9897
f 9857 9898 9858
f 9857 9897 9898
f 9858 9899 9859
f 9858 9898 9899
f 9859 9900 9860
f 9859 9899 9900
f 9860 9901 9861
f 9860 9900 9901
f 9861 9902 9862
f 9861 9901 9902
f 9862 9903 9863
f 9862 9902 9903
f 9863 9904 9864
f 9863 9903 9904
f 9864 9905 9865
f 9864 9904 9905
f 9865 9906 9866
f 9865 9905 9906
f 9866 9907 9867
f 9866 9906 9907
f 9867 9908 9868
f 9867 9907 9908
f 9868 9909 9869
f 9868 9908 9909
f 9869 9910 9870
f 9869 9909 9910
f 9870 9911 9871
f 9870 9910 9911
f 9871 9912 9872
f 9871 9911 9912
f 9872 9913 9873
f 9872 9912 9913
f 9873 9914 9874
f 9873 9913 9914
f 9874 9915 9875
f 9874 9914 9915
f 9875 9916 9876
f 9875 9915 9916
f 9876 9917 9877
f 9876 9916 9917
f 9877 9918 9878
f 9877 9917 9918
f 9878 9919 9879
f 9878 9918 9919
f 9879 9920 9880
f 9879 9919 9920
f 9880 9921 9881
f 9880 9920 9921
f 9881 9922 9882
f 9881 9921 9922
f 9882 9923 9883
f 9882 9922 9923
f 9883 9924 9884
f 9883 9923 9924
f 9884 9925 9885
f 9884 9924 9925
f 9885 9926 9886
f 9885 9925 9926
f 9886 9927 9887
f 9886 9926 9927
f 9887 9928 9888
f 9887 9927 9928
f 9888 9929 9889
f 9888 9928 9929
f 9889 9930 9890
f 9889 9929 9930
f 9890 9931 9891
f 9890 9930 9931
f 9891 9932 9892
f 9891 9931 9932
f 9892 9933 9893
f 9892 9932 9933
f 9893 9934 9894
f 9893 9933 9934
f 9934 8770 8766
f 9934 8766 9894
f 8772 9935 9895
f 8772 9895 8768
f 9895 9936 9896
f 9895 9935 9936
f 9896 9937 9897
f 9896 9936 9937
f 9897 9938 9898
f 9897 9937 9938
f 9898 9939 9899
f 9898 9938 9939
f 9899 9940 9900
f 9899 9939 9940
f 9900 9941 9901
f 9900 9940 9941
f 9901 9942 9902
f 9901 9941 9942
f 9902 9943 9903
f 9902 9942 9943
f 9903 9944 9904
f 9903 9943 9944
f 9904 9945 9905
f 9904 9944 9945
f 9905 9946 9906
f 9905 9945 9946
f 9906 9947 9907
f 9906 9946 9947
f 9907 9948 9908
f 9907 9947 9948
f 9908 9949 9909
f 9908 9948 9949
f 9909 9950 9910
f 9909 9949 9950
f 9910 9951 9911
f 9910 9950 9951
f 9911 9952 9912
f 9911 9951 9952
f 9912 9953 9913
f 9912 9952 9953
f 9913 9954 9914
f 9913 9953 9954
f 9914 9955 9915
f 9914 9954 9955
f 9915 9956 9916
f 9915 9955 9956
f 9916 9957 9917
f 9916 9956 9957
f 9917 9958 9918
f 9917 9957 9958
f 9918 9959 9919
f 9918 9958 9959
f 9919 9960 9920
f 9919 9959 9960
f 9920 9961 9921
f 9920 9960 9961
f 9921 9962 9922
f 9921 9961 9962
f 9922 9963 9923
f 9922 9962 9963
f 9923 9964 9924
f 9923 9963 9964
f 9924 9965 9925
f 9924 9964 9965
f 9925 9966 9926
f 9925 9965 9966
f 9926 9967 9927
f 9926 9966 9967
f 9927 9968 9928
f 9927 9967 9968
f 9928 9969 9929
f 9928 9968 9969
f 9929 9970 9930
f 9929 9969 9970
f 9930 9971 9931
f 9930 9970 9971
f 9931 9972 9932
f 9931 9971 9972
f 9932 9973 9933
f 9932 9972 9973
f 9933 9974 9934
f 9933 9973 9974
f 9974 8774 8770
f 9974 8770 9934
f 8775 9935 8772
f 9935 8775 8777
f 9975 9935 8777
f 9936 9935 9975
f 9936 9976 9937
f 9936 9975 9976
f 9937 9977 9938
f 9937 9976 9977
f 9938 9978 9939
f 9938 9977 9978
f 9939 9979 9940
f 9939 9978 9979
f 9940 9980 9941
f 9940 9979 9980
f 9941 9981 9942
f 9941 9980 9981
f 9942 9982 9943
f 9942 9981 9982
f 9943 9983 9944
f 9943 9982 9983
f 9944 9984 9945
f 9944 9983 9984
f 9945 9985 9946
f 9945 9984 9985
f 9946 9986 9947
f 9946 9985 9986
f 9947 9987 9948
f 9947 9986 9987
f 9948 9988 9949
f 9948 9987 9988
f 9949 9989 9950
f 9949 9988 9989
f 9950 9990 9951
f 9950 9989 9990
f 9951 9991 9952
f 9951 9990 9991
f 9952 9992 9953
f 9952 9991 9992
f 9953 9993 9954
f 9953 9992 9993
f 9954 9994 9955
f 9954 9993 9994
f 9955 9995 9956
f 9955 9994 9995
f 9956 9996 9957
f 9956 9995 9996
f 9957 9997 9958
f 9957 9996 9997
f 9958 9998 9959
f 9958 9997 9998
f 9959 9999 9960
f 9959 9998 9999
f 9960 10000 9961
f 9960 9999 10000
f 9961 10001 9962
f 9961 10000 10001
f 9962 10002 9963
f 9962 10001 10002
f 9963 10003 9964
f 9963 10002 10003
f 9964 10004 9965
f 9964 10003 10004
f 9965 10005 9966
f 9965 10004 10005
f 9966 10006 9967
f 9966 10005 10006
f 9967 10007 9968
f 9967 10006 10007
f 9968 10008 9969
f 9968 10007 10008
f 9969 10009 9970
f 9969 10008 10009
f 9970 10010 9971
f 9970 10009 10010
f 9971 10011 9972
f 9971 10010 10011
f 9972 10012 9973
f 9972 10011 10012
f 10012 8779 8780
f 9974 10012 8780
f 9973 10012 9974
f 9974 8780 8774
f 8782 9975 8777
f 9975 8782 8784
f 10013 9975 8784
f 9976 9975 10013
f 9976 10014 9977
f 9976 10013 10014
f 9977 10015 9978
f 9977 10014 10015
f 9978 10016 9979
f 9978 10015 10016
f 9979 10017 9980
f 9979 10016 10017
f 9980 10018 9981
f 9980 10017 10018
f 9981 10019 9982
f 9981 10018 10019
f 9982 10020 9983
f 9982 10019 10020
f 9983 10021 9984
f 9983 10020 10021
f 9984 10022 9985
f 9984 10021 10022
f 9985 10023 9986
f 9985 10022 10023
f 9986 10024 9987
f 9986 10023 10024
f 9987 10025 9988
f 9987 10024 10025
f 9988 10026 9989
f 9988 10025 10026
f 9989 10027 9990
f 9989 10026 10027
f 9990 10028 9991
f 9990 10027 10028
f 9991 10029 9992
f 9991 10028 10029
f 9992 10030 9993
f 9992 10029 10030
f 9993 10031 9994
f 9993 10030 10031
f 9994 10032 9995
f 9994 10031 10032
f 9995 10033 9996
f 9995 10032 10033
f 9996 10034 9997
f 9996 10033 10034
f 9997 10035 9998
f 9997 10034 10035
f 9998 10036 9999
f 9998 10035 10036
f 9999 10037 10000
f 9999 10036 10037
f 10000 10038 10001
f 10000 10037 10038
f 10001 10039 10002
f 10001 10038 10039
f 10002 10040 10003
f 10002 10039 10040
f 10003 10041 10004
f 10003 10040 10041
f 10004 10042 10005
f 10004 10041 10042
f 10005 10043 10006
f 10005 10042 10043
f 10006 10044 10007
f 10006 10043 10044
f 10007 10045 10008
f 10007 10044 10045
f 10008 10046 10009
f 10008 10045 10046
f 10009 10047 10010
f 10009 10046 10047
f 10010 10048 10011
f 10010 10047 10048
f 10048 8786 8787
f 10012 10048 8787
f 10011 10048 10012
f 10012 8787 8779
f 8789 10013 8784
f 10013 8789 8791
f 10013 8791 10014
f 10014 8791 8793
f 10014 8793 10015
f 10015 8793 8795
f 10015 8795 10016
f 10016 8795 8797
f 10016 8797 10017
f 10017 8797 8799
f 10017 8799 10018
f 10018 8799 8801
f 10018 8801 10019
f 10019 8801 8803
f 10019 8803 10020
f 10020 8803 8805
f 10020 8805 10021
f 10021 8805 8807
f 10021 8807 10022
f 10022 8807 8809
f 10022 8809 10023
f 10023 8809 8811
f 10023 8811 10024
f 10024 8811 8813
f 10024 8813 10025
f 10025 8813 8815
f 10025 8815 10026
f 10026 8815 8817
f 10026 8817 10027
f 10027 8817 8819
f 10027 8819 10028
f 10028 8819 8821
f 10028 8821 10029
f 10029 8821 8823
f 10029 8823 10030
f 10030 8823 8825
f 10030 8825 10031
f 10031 8825 8827
f 10031 8827 10032
f 10032 8827 8829
f 10032 8829 10033
f 10033 8829 8831
f 10033 8831 10034
f 10034 8831 8833
f 10034 8833 10035
f 10035 8833 8835
f 10035 8835 10036
f 10036 8835 8837
f 10036 8837 10037
f 10037 8837 8839
f 10037 8839 10038
f 10038 8839 8841
f 10038 8841 10039
f 10039 8841 8843
f 10039 8843 10040
f 10040 8843 8845
f 10040 8845 10041
f 10041 8845 8847
f 10041 8847 10042
f 10042 8847 8849
f 10042 8849 10043
f 10043 8849 8851
f 10043 8851 10044
f 10044 8851 8853
f 10044 8853 10045
f 10045 8853 8855
f 10045 8855 10046
f 10046 8855 8857
f 10046 8857 10047
f 10047 8857 8859
f 10047 8859 10048
f 10048 8859 8786

