# https://github.com/mikedh/trimesh
v -0.02541586 -0.00152292 -0.01113777
v -0.02486089 -0.00206480 -0.01113777
v -0.02486089 -0.00152292 -0.01199351
v -0.02548933 -0.00152292 -0.00982745
v -0.02486089 -0.00213434 -0.00982745
v -0.02548933 -0.00152292 -0.00851712
v -0.02486089 -0.00213434 -0.00851712
v -0.02548933 -0.00152292 -0.00720679
v -0.02486089 -0.00213434 -0.00720679
v -0.02548933 -0.00152292 -0.00589647
v -0.02486089 -0.00213434 -0.00589647
v -0.02548933 -0.00152292 -0.00458614
v -0.02486089 -0.00213434 -0.00458614
v -0.02548933 -0.00152292 -0.00327582
v -0.02486089 -0.00213434 -0.00327582
v -0.02548933 -0.00152292 -0.00196549
v -0.02486089 -0.00213434 -0.00196549
v -0.02548933 -0.00152292 -0.00065516
v -0.02486089 -0.00213434 -0.00065516
v -0.02548933 -0.00152292 0.00065516
v -0.02486089 -0.00213434 0.00065516
v -0.02548933 -0.00152292 0.00196549
v -0.02486089 -0.00213434 0.00196549
v -0.02548933 -0.00152292 0.00327582
v -0.02486089 -0.00213434 0.00327582
v -0.02548933 -0.00152292 0.00458614
v -0.02486089 -0.00213434 0.00458614
v -0.02548933 -0.00152292 0.00589647
v -0.02486089 -0.00213434 0.00589647
v -0.02548933 -0.00152292 0.00720679
v -0.02486089 -0.00213434 0.00720679
v -0.02548933 -0.00152292 0.00851712
v -0.02486089 -0.00213434 0.00851712
v -0.02548933 -0.00152292 0.00982745
v -0.02486089 -0.00213434 0.00982745
v -0.02541586 -0.00152292 0.01113777
v -0.02486089 -0.00206480 0.01113777
v -0.02486089 -0.00152292 0.01199351
v -0.02505363 -0.00050764 -0.01244810
v -0.02486089 -0.00088712 -0.01244810
v -0.02486089 -0.00050764 -0.01260641
v -0.02589897 -0.00050764 -0.01113777
v -0.02596428 -0.00050764 -0.00982745
v -0.02596428 -0.00050764 -0.00851712
v -0.02596428 -0.00050764 -0.00720679
v -0.02596428 -0.00050764 -0.00589647
v -0.02596428 -0.00050764 -0.00458614
v -0.02596428 -0.00050764 -0.00327582
v -0.02596428 -0.00050764 -0.00196549
v -0.02596428 -0.00050764 -0.00065516
v -0.02596428 -0.00050764 0.00065516
v -0.02596428 -0.00050764 0.00196549
v -0.02596428 -0.00050764 0.00327582
v -0.02596428 -0.00050764 0.00458614
v -0.02596428 -0.00050764 0.00589647
v -0.02596428 -0.00050764 0.00720679
v -0.02596428 -0.00050764 0.00851712
v -0.02596428 -0.00050764 0.00982745
v -0.02589897 -0.00050764 0.01113777
v -0.02486089 -0.00088712 0.01244810
v -0.02505363 -0.00050764 0.01244810
v -0.02486089 -0.00050764 0.01260641
v -0.02505363 0.00050764 -0.01244810
v -0.02486089 0.00050764 -0.01260641
v -0.02589897 0.00050764 -0.01113777
v -0.02596428 0.00050764 -0.00982745
v -0.02596428 0.00050764 -0.00851712
v -0.02596428 0.00050764 -0.00720679
v -0.02596428 0.00050764 -0.00589647
v -0.02596428 0.00050764 -0.00458614
v -0.02596428 0.00050764 -0.00327582
v -0.02596428 0.00050764 -0.00196549
v -0.02596428 0.00050764 -0.00065516
v -0.02596428 0.00050764 0.00065516
v -0.02596428 0.00050764 0.00196549
v -0.02596428 0.00050764 0.00327582
v -0.02596428 0.00050764 0.00458614
v -0.02596428 0.00050764 0.00589647
v -0.02596428 0.00050764 0.00720679
v -0.02596428 0.00050764 0.00851712
v -0.02596428 0.00050764 0.00982745
v -0.02589897 0.00050764 0.01113777
v -0.02505363 0.00050764 0.01244810
v -0.02486089 0.00050764 0.01260641
v -0.02486089 0.00088712 -0.01244810
v -0.02486089 0.00152292 -0.01199351
v -0.02541586 0.00152292 -0.01113777
v -0.02548933 0.00152292 -0.00982745
v -0.02548933 0.00152292 -0.00851712
v -0.02548933 0.00152292 -0.00720679
v -0.02548933 0.00152292 -0.00589647
v -0.02548933 0.00152292 -0.00458614
v -0.02548933 0.00152292 -0.00327582
v -0.02548933 0.00152292 -0.00196549
v -0.02548933 0.00152292 -0.00065516
v -0.02548933 0.00152292 0.00065516
v -0.02548933 0.00152292 0.00196549
v -0.02548933 0.00152292 0.00327582
v -0.02548933 0.00152292 0.00458614
v -0.02548933 0.00152292 0.00589647
v -0.02548933 0.00152292 0.00720679
v -0.02548933 0.00152292 0.00851712
v -0.02548933 0.00152292 0.00982745
v -0.02541586 0.00152292 0.01113777
v -0.02486089 0.00152292 0.01199351
v -0.02486089 0.00088712 0.01244810
v -0.02486089 0.00206480 -0.01113777
v -0.02486089 0.00213434 -0.00982745
v -0.02486089 0.00213434 -0.00851712
v -0.02486089 0.00213434 -0.00720679
v -0.02486089 0.00213434 -0.00589647
v -0.02486089 0.00213434 -0.00458614
v -0.02486089 0.00213434 -0.00327582
v -0.02486089 0.00213434 -0.00196549
v -0.02486089 0.00213434 -0.00065516
v -0.02486089 0.00213434 0.00065516
v -0.02486089 0.00213434 0.00196549
v -0.02486089 0.00213434 0.00327582
v -0.02486089 0.00213434 0.00458614
v -0.02486089 0.00213434 0.00589647
v -0.02486089 0.00213434 0.00720679
v -0.02486089 0.00213434 0.00851712
v -0.02486089 0.00213434 0.00982745
v -0.02486089 0.00206480 0.01113777
v -0.02365695 -0.00152292 -0.01244810
v -0.02325696 -0.00163133 -0.01244810
v -0.02325696 -0.00152292 -0.01253783
v -0.02325696 -0.00244262 -0.01113777
v -0.02325696 -0.00250000 -0.00982745
v -0.02325696 -0.00250000 -0.00851712
v -0.02325696 -0.00250000 -0.00720679
v -0.02325696 -0.00250000 -0.00589647
v -0.02325696 -0.00250000 -0.00458614
v -0.02325696 -0.00250000 -0.00327582
v -0.02325696 -0.00250000 -0.00196549
v -0.02325696 -0.00250000 -0.00065516
v -0.02325696 -0.00250000 0.00065516
v -0.02325696 -0.00250000 0.00196549
v -0.02325696 -0.00250000 0.00327582
v -0.02325696 -0.00250000 0.00458614
v -0.02325696 -0.00250000 0.00589647
v -0.02325696 -0.00250000 0.00720679
v -0.02325696 -0.00250000 0.00851712
v -0.02325696 -0.00250000 0.00982745
v -0.02325696 -0.00244262 0.01113777
v -0.02365695 -0.00152292 0.01244810
v -0.02325696 -0.00163133 0.01244810
v -0.02325696 -0.00152292 0.01253783
v -0.02325696 -0.00050764 -0.01296679
v -0.02325696 -0.00050764 0.01296679
v -0.02325696 0.00050764 -0.01296679
v -0.02325696 0.00050764 0.01296679
v -0.02365695 0.00152292 -0.01244810
v -0.02325696 0.00152292 -0.01253783
v -0.02365695 0.00152292 0.01244810
v -0.02325696 0.00152292 0.01253783
v -0.02325696 0.00163133 -0.01244810
v -0.02325696 0.00244262 -0.01113777
v -0.02325696 0.00250000 -0.00982745
v -0.02325696 0.00250000 -0.00851712
v -0.02325696 0.00250000 -0.00720679
v -0.02325696 0.00250000 -0.00589647
v -0.02325696 0.00250000 -0.00458614
v -0.02325696 0.00250000 -0.00327582
v -0.02325696 0.00250000 -0.00196549
v -0.02325696 0.00250000 -0.00065516
v -0.02325696 0.00250000 0.00065516
v -0.02325696 0.00250000 0.00196549
v -0.02325696 0.00250000 0.00327582
v -0.02325696 0.00250000 0.00458614
v -0.02325696 0.00250000 0.00589647
v -0.02325696 0.00250000 0.00720679
v -0.02325696 0.00250000 0.00851712
v -0.02325696 0.00250000 0.00982745
v -0.02325696 0.00244262 0.01113777
v -0.02325696 0.00163133 0.01244810
v -0.02165304 -0.00163133 -0.01244810
v -0.02165304 -0.00152292 -0.01253783
v -0.02165304 -0.00244262 -0.01113777
v -0.02165304 -0.00250000 -0.00982745
v -0.02165304 -0.00250000 -0.00851712
v -0.02165304 -0.00250000 -0.00720679
v -0.02165304 -0.00250000 -0.00589647
v -0.02165304 -0.00250000 -0.00458614
v -0.02165304 -0.00250000 -0.00327582
v -0.02165304 -0.00250000 -0.00196549
v -0.02165304 -0.00250000 -0.00065516
v -0.02165304 -0.00250000 0.00065516
v -0.02165304 -0.00250000 0.00196549
v -0.02165304 -0.00250000 0.00327582
v -0.02165304 -0.00250000 0.00458614
v -0.02165304 -0.00250000 0.00589647
v -0.02165304 -0.00250000 0.00720679
v -0.02165304 -0.00250000 0.00851712
v -0.02165304 -0.00250000 0.00982745
v -0.02165304 -0.00244262 0.01113777
v -0.02165304 -0.00163133 0.01244810
v -0.02165304 -0.00152292 0.01253783
v -0.02165304 -0.00050764 -0.01296679
v -0.02165304 -0.00050764 0.01296679
v -0.02165304 0.00050764 -0.01296679
v -0.02165304 0.00050764 0.01296679
v -0.02165304 0.00152292 -0.01253783
v -0.02165304 0.00152292 0.01253783
v -0.02165304 0.00163133 -0.01244810
v -0.02165304 0.00244262 -0.01113777
v -0.02165304 0.00250000 -0.00982745
v -0.02165304 0.00250000 -0.00851712
v -0.02165304 0.00250000 -0.00720679
v -0.02165304 0.00250000 -0.00589647
v -0.02165304 0.00250000 -0.00458614
v -0.02165304 0.00250000 -0.00327582
v -0.02165304 0.00250000 -0.00196549
v -0.02165304 0.00250000 -0.00065516
v -0.02165304 0.00250000 0.00065516
v -0.02165304 0.00250000 0.00196549
v -0.02165304 0.00250000 0.00327582
v -0.02165304 0.00250000 0.00458614
v -0.02165304 0.00250000 0.00589647
v -0.02165304 0.00250000 0.00720679
v -0.02165304 0.00250000 0.00851712
v -0.02165304 0.00250000 0.00982745
v -0.02165304 0.00244262 0.01113777
v -0.02165304 0.00163133 0.01244810
v -0.02004911 -0.00163133 -0.01244810
v -0.02004911 -0.00152292 -0.01253783
v -0.02004911 -0.00244262 -0.01113777
v -0.02004911 -0.00250000 -0.00982745
v -0.02004911 -0.00250000 -0.00851712
v -0.02004911 -0.00250000 -0.00720679
v -0.02004911 -0.00250000 -0.00589647
v -0.02004911 -0.00250000 -0.00458614
v -0.02004911 -0.00250000 -0.00327582
v -0.02004911 -0.00250000 -0.00196549
v -0.02004911 -0.00250000 -0.00065516
v -0.02004911 -0.00250000 0.00065516
v -0.02004911 -0.00250000 0.00196549
v -0.02004911 -0.00250000 0.00327582
v -0.02004911 -0.00250000 0.00458614
v -0.02004911 -0.00250000 0.00589647
v -0.02004911 -0.00250000 0.00720679
v -0.02004911 -0.00250000 0.00851712
v -0.02004911 -0.00250000 0.00982745
v -0.02004911 -0.00244262 0.01113777
v -0.02004911 -0.00163133 0.01244810
v -0.02004911 -0.00152292 0.01253783
v -0.02004911 -0.00050764 -0.01296679
v -0.02004911 -0.00050764 0.01296679
v -0.02004911 0.00050764 -0.01296679
v -0.02004911 0.00050764 0.01296679
v -0.02004911 0.00152292 -0.01253783
v -0.02004911 0.00152292 0.01253783
v -0.02004911 0.00163133 -0.01244810
v -0.02004911 0.00244262 -0.01113777
v -0.02004911 0.00250000 -0.00982745
v -0.02004911 0.00250000 -0.00851712
v -0.02004911 0.00250000 -0.00720679
v -0.02004911 0.00250000 -0.00589647
v -0.02004911 0.00250000 -0.00458614
v -0.02004911 0.00250000 -0.00327582
v -0.02004911 0.00250000 -0.00196549
v -0.02004911 0.00250000 -0.00065516
v -0.02004911 0.00250000 0.00065516
v -0.02004911 0.00250000 0.00196549
v -0.02004911 0.00250000 0.00327582
v -0.02004911 0.00250000 0.00458614
v -0.02004911 0.00250000 0.00589647
v -0.02004911 0.00250000 0.00720679
v -0.02004911 0.00250000 0.00851712
v -0.02004911 0.00250000 0.00982745
v -0.02004911 0.00244262 0.01113777
v -0.02004911 0.00163133 0.01244810
v -0.01844518 -0.00163133 -0.01244810
v -0.01844518 -0.00152292 -0.01253783
v -0.01844518 -0.00244262 -0.01113777
v -0.01844518 -0.00250000 -0.00982745
v -0.01844518 -0.00250000 -0.00851712
v -0.01844518 -0.00250000 -0.00720679
v -0.01844518 -0.00250000 -0.00589647
v -0.01844518 -0.00250000 -0.00458614
v -0.01844518 -0.00250000 -0.00327582
v -0.01844518 -0.00250000 -0.00196549
v -0.01844518 -0.00250000 -0.00065516
v -0.01844518 -0.00250000 0.00065516
v -0.01844518 -0.00250000 0.00196549
v -0.01844518 -0.00250000 0.00327582
v -0.01844518 -0.00250000 0.00458614
v -0.01844518 -0.00250000 0.00589647
v -0.01844518 -0.00250000 0.00720679
v -0.01844518 -0.00250000 0.00851712
v -0.01844518 -0.00250000 0.00982745
v -0.01844518 -0.00244262 0.01113777
v -0.01844518 -0.00163133 0.01244810
v -0.01844518 -0.00152292 0.01253783
v -0.01844518 -0.00050764 -0.01296679
v -0.01844518 -0.00050764 0.01296679
v -0.01844518 0.00050764 -0.01296679
v -0.01844518 0.00050764 0.01296679
v -0.01844518 0.00152292 -0.01253783
v -0.01844518 0.00152292 0.01253783
v -0.01844518 0.00163133 -0.01244810
v -0.01844518 0.00244262 -0.01113777
v -0.01844518 0.00250000 -0.00982745
v -0.01844518 0.00250000 -0.00851712
v -0.01844518 0.00250000 -0.00720679
v -0.01844518 0.00250000 -0.00589647
v -0.01844518 0.00250000 -0.00458614
v -0.01844518 0.00250000 -0.00327582
v -0.01844518 0.00250000 -0.00196549
v -0.01844518 0.00250000 -0.00065516
v -0.01844518 0.00250000 0.00065516
v -0.01844518 0.00250000 0.00196549
v -0.01844518 0.00250000 0.00327582
v -0.01844518 0.00250000 0.00458614
v -0.01844518 0.00250000 0.00589647
v -0.01844518 0.00250000 0.00720679
v -0.01844518 0.00250000 0.00851712
v -0.01844518 0.00250000 0.00982745
v -0.01844518 0.00244262 0.01113777
v -0.01844518 0.00163133 0.01244810
v -0.01684125 -0.00163133 -0.01244810
v -0.01684125 -0.00152292 -0.01253783
v -0.01684125 -0.00244262 -0.01113777
v -0.01684125 -0.00250000 -0.00982745
v -0.01684125 -0.00250000 -0.00851712
v -0.01684125 -0.00250000 -0.00720679
v -0.01684125 -0.00250000 -0.00589647
v -0.01684125 -0.00250000 -0.00458614
v -0.01684125 -0.00250000 -0.00327582
v -0.01684125 -0.00250000 -0.00196549
v -0.01684125 -0.00250000 -0.00065516
v -0.01684125 -0.00250000 0.00065516
v -0.01684125 -0.00250000 0.00196549
v -0.01684125 -0.00250000 0.00327582
v -0.01684125 -0.00250000 0.00458614
v -0.01684125 -0.00250000 0.00589647
v -0.01684125 -0.00250000 0.00720679
v -0.01684125 -0.00250000 0.00851712
v -0.01684125 -0.00250000 0.00982745
v -0.01684125 -0.00244262 0.01113777
v -0.01684125 -0.00163133 0.01244810
v -0.01684125 -0.00152292 0.01253783
v -0.01684125 -0.00050764 -0.01296679
v -0.01684125 -0.00050764 0.01296679
v -0.01684125 0.00050764 -0.01296679
v -0.01684125 0.00050764 0.01296679
v -0.01684125 0.00152292 -0.01253783
v -0.01684125 0.00152292 0.01253783
v -0.01684125 0.00163133 -0.01244810
v -0.01684125 0.00244262 -0.01113777
v -0.01684125 0.00250000 -0.00982745
v -0.01684125 0.00250000 -0.00851712
v -0.01684125 0.00250000 -0.00720679
v -0.01684125 0.00250000 -0.00589647
v -0.01684125 0.00250000 -0.00458614
v -0.01684125 0.00250000 -0.00327582
v -0.01684125 0.00250000 -0.00196549
v -0.01684125 0.00250000 -0.00065516
v -0.01684125 0.00250000 0.00065516
v -0.01684125 0.00250000 0.00196549
v -0.01684125 0.00250000 0.00327582
v -0.01684125 0.00250000 0.00458614
v -0.01684125 0.00250000 0.00589647
v -0.01684125 0.00250000 0.00720679
v -0.01684125 0.00250000 0.00851712
v -0.01684125 0.00250000 0.00982745
v -0.01684125 0.00244262 0.01113777
v -0.01684125 0.00163133 0.01244810
v -0.01523732 -0.00163133 -0.01244810
v -0.01523732 -0.00152292 -0.01253783
v -0.01523732 -0.00244262 -0.01113777
v -0.01523732 -0.00250000 -0.00982745
v -0.01523732 -0.00250000 -0.00851712
v -0.01523732 -0.00250000 -0.00720679
v -0.01523732 -0.00250000 -0.00589647
v -0.01523732 -0.00250000 -0.00458614
v -0.01523732 -0.00250000 -0.00327582
v -0.01523732 -0.00250000 -0.00196549
v -0.01523732 -0.00250000 -0.00065516
v -0.01523732 -0.00250000 0.00065516
v -0.01523732 -0.00250000 0.00196549
v -0.01523732 -0.00250000 0.00327582
v -0.01523732 -0.00250000 0.00458614
v -0.01523732 -0.00250000 0.00589647
v -0.01523732 -0.00250000 0.00720679
v -0.01523732 -0.00250000 0.00851712
v -0.01523732 -0.00250000 0.00982745
v -0.01523732 -0.00244262 0.01113777
v -0.01523732 -0.00163133 0.01244810
v -0.01523732 -0.00152292 0.01253783
v -0.01523732 -0.00050764 -0.01296679
v -0.01523732 -0.00050764 0.01296679
v -0.01523732 0.00050764 -0.01296679
v -0.01523732 0.00050764 0.01296679
v -0.01523732 0.00152292 -0.01253783
v -0.01523732 0.00152292 0.01253783
v -0.01523732 0.00163133 -0.01244810
v -0.01523732 0.00244262 -0.01113777
v -0.01523732 0.00250000 -0.00982745
v -0.01523732 0.00250000 -0.00851712
v -0.01523732 0.00250000 -0.00720679
v -0.01523732 0.00250000 -0.00589647
v -0.01523732 0.00250000 -0.00458614
v -0.01523732 0.00250000 -0.00327582
v -0.01523732 0.00250000 -0.00196549
v -0.01523732 0.00250000 -0.00065516
v -0.01523732 0.00250000 0.00065516
v -0.01523732 0.00250000 0.00196549
v -0.01523732 0.00250000 0.00327582
v -0.01523732 0.00250000 0.00458614
v -0.01523732 0.00250000 0.00589647
v -0.01523732 0.00250000 0.00720679
v -0.01523732 0.00250000 0.00851712
v -0.01523732 0.00250000 0.00982745
v -0.01523732 0.00244262 0.01113777
v -0.01523732 0.00163133 0.01244810
v -0.01363339 -0.00163133 -0.01244810
v -0.01363339 -0.00152292 -0.01253783
v -0.01363339 -0.00244262 -0.01113777
v -0.01363339 -0.00250000 -0.00982745
v -0.01363339 -0.00250000 -0.00851712
v -0.01363339 -0.00250000 -0.00720679
v -0.01363339 -0.00250000 -0.00589647
v -0.01363339 -0.00250000 -0.00458614
v -0.01363339 -0.00250000 -0.00327582
v -0.01363339 -0.00250000 -0.00196549
v -0.01363339 -0.00250000 -0.00065516
v -0.01363339 -0.00250000 0.00065516
v -0.01363339 -0.00250000 0.00196549
v -0.01363339 -0.00250000 0.00327582
v -0.01363339 -0.00250000 0.00458614
v -0.01363339 -0.00250000 0.00589647
v -0.01363339 -0.00250000 0.00720679
v -0.01363339 -0.00250000 0.00851712
v -0.01363339 -0.00250000 0.00982745
v -0.01363339 -0.00244262 0.01113777
v -0.01363339 -0.00163133 0.01244810
v -0.01363339 -0.00152292 0.01253783
v -0.01363339 -0.00050764 -0.01296679
v -0.01363339 -0.00050764 0.01296679
v -0.01363339 0.00050764 -0.01296679
v -0.01363339 0.00050764 0.01296679
v -0.01363339 0.00152292 -0.01253783
v -0.01363339 0.00152292 0.01253783
v -0.01363339 0.00163133 -0.01244810
v -0.01363339 0.00244262 -0.01113777
v -0.01363339 0.00250000 -0.00982745
v -0.01363339 0.00250000 -0.00851712
v -0.01363339 0.00250000 -0.00720679
v -0.01363339 0.00250000 -0.00589647
v -0.01363339 0.00250000 -0.00458614
v -0.01363339 0.00250000 -0.00327582
v -0.01363339 0.00250000 -0.00196549
v -0.01363339 0.00250000 -0.00065516
v -0.01363339 0.00250000 0.00065516
v -0.01363339 0.00250000 0.00196549
v -0.01363339 0.00250000 0.00327582
v -0.01363339 0.00250000 0.00458614
v -0.01363339 0.00250000 0.00589647
v -0.01363339 0.00250000 0.00720679
v -0.01363339 0.00250000 0.00851712
v -0.01363339 0.00250000 0.00982745
v -0.01363339 0.00244262 0.01113777
v -0.01363339 0.00163133 0.01244810
v -0.01202946 -0.00163133 -0.01244810
v -0.01202946 -0.00152292 -0.01253783
v -0.01202946 -0.00244262 -0.01113777
v -0.01202946 -0.00250000 -0.00982745
v -0.01202946 -0.00250000 -0.00851712
v -0.01202946 -0.00250000 -0.00720679
v -0.01202946 -0.00250000 -0.00589647
v -0.01202946 -0.00250000 -0.00458614
v -0.01202946 -0.00250000 -0.00327582
v -0.01202946 -0.00250000 -0.00196549
v -0.01202946 -0.00250000 -0.00065516
v -0.01202946 -0.00250000 0.00065516
v -0.01202946 -0.00250000 0.00196549
v -0.01202946 -0.00250000 0.00327582
v -0.01202946 -0.00250000 0.00458614
v -0.01202946 -0.00250000 0.00589647
v -0.01202946 -0.00250000 0.00720679
v -0.01202946 -0.00250000 0.00851712
v -0.01202946 -0.00250000 0.00982745
v -0.01202946 -0.00244262 0.01113777
v -0.01202946 -0.00163133 0.01244810
v -0.01202946 -0.00152292 0.01253783
v -0.01202946 -0.00050764 -0.01296679
v -0.01202946 -0.00050764 0.01296679
v -0.01202946 0.00050764 -0.01296679
v -0.01202946 0.00050764 0.01296679
v -0.01202946 0.00152292 -0.01253783
v -0.01202946 0.00152292 0.01253783
v -0.01202946 0.00163133 -0.01244810
v -0.01202946 0.00244262 -0.01113777
v -0.01202946 0.00250000 -0.00982745
v -0.01202946 0.00250000 -0.00851712
v -0.01202946 0.00250000 -0.00720679
v -0.01202946 0.00250000 -0.00589647
v -0.01202946 0.00250000 -0.00458614
v -0.01202946 0.00250000 -0.00327582
v -0.01202946 0.00250000 -0.00196549
v -0.01202946 0.00250000 -0.00065516
v -0.01202946 0.00250000 0.00065516
v -0.01202946 0.00250000 0.00196549
v -0.01202946 0.00250000 0.00327582
v -0.01202946 0.00250000 0.00458614
v -0.01202946 0.00250000 0.00589647
v -0.01202946 0.00250000 0.00720679
v -0.01202946 0.00250000 0.00851712
v -0.01202946 0.00250000 0.00982745
v -0.01202946 0.00244262 0.01113777
v -0.01202946 0.00163133 0.01244810
v -0.01042554 -0.00163133 -0.01244810
v -0.01042554 -0.00152292 -0.01253783
v -0.01042554 -0.00244262 -0.01113777
v -0.01042554 -0.00250000 -0.00982745
v -0.01042554 -0.00250000 -0.00851712
v -0.01042554 -0.00250000 -0.00720679
v -0.01042554 -0.00250000 -0.00589647
v -0.01042554 -0.00250000 -0.00458614
v -0.01042554 -0.00250000 -0.00327582
v -0.01042554 -0.00250000 -0.00196549
v -0.01042554 -0.00250000 -0.00065516
v -0.01042554 -0.00250000 0.00065516
v -0.01042554 -0.00250000 0.00196549
v -0.01042554 -0.00250000 0.00327582
v -0.01042554 -0.00250000 0.00458614
v -0.01042554 -0.00250000 0.00589647
v -0.01042554 -0.00250000 0.00720679
v -0.01042554 -0.00250000 0.00851712
v -0.01042554 -0.00250000 0.00982745
v -0.01042554 -0.00244262 0.01113777
v -0.01042554 -0.00163133 0.01244810
v -0.01042554 -0.00152292 0.01253783
v -0.01042554 -0.00050764 -0.01296679
v -0.01042554 -0.00050764 0.01296679
v -0.01042554 0.00050764 -0.01296679
v -0.01042554 0.00050764 0.01296679
v -0.01042554 0.00152292 -0.01253783
v -0.01042554 0.00152292 0.01253783
v -0.01042554 0.00163133 -0.01244810
v -0.01042554 0.00244262 -0.01113777
v -0.01042554 0.00250000 -0.00982745
v -0.01042554 0.00250000 -0.00851712
v -0.01042554 0.00250000 -0.00720679
v -0.01042554 0.00250000 -0.00589647
v -0.01042554 0.00250000 -0.00458614
v -0.01042554 0.00250000 -0.00327582
v -0.01042554 0.00250000 -0.00196549
v -0.01042554 0.00250000 -0.00065516
v -0.01042554 0.00250000 0.00065516
v -0.01042554 0.00250000 0.00196549
v -0.01042554 0.00250000 0.00327582
v -0.01042554 0.00250000 0.00458614
v -0.01042554 0.00250000 0.00589647
v -0.01042554 0.00250000 0.00720679
v -0.01042554 0.00250000 0.00851712
v -0.01042554 0.00250000 0.00982745
v -0.01042554 0.00244262 0.01113777
v -0.01042554 0.00163133 0.01244810
v -0.00882161 -0.00163133 -0.01244810
v -0.00882161 -0.00152292 -0.01253783
v -0.00882161 -0.00244262 -0.01113777
v -0.00882161 -0.00250000 -0.00982745
v -0.00882161 -0.00250000 -0.00851712
v -0.00882161 -0.00250000 -0.00720679
v -0.00882161 -0.00250000 -0.00589647
v -0.00882161 -0.00250000 -0.00458614
v -0.00882161 -0.00250000 -0.00327582
v -0.00882161 -0.00250000 -0.00196549
v -0.00882161 -0.00250000 -0.00065516
v -0.00882161 -0.00250000 0.00065516
v -0.00882161 -0.00250000 0.00196549
v -0.00882161 -0.00250000 0.00327582
v -0.00882161 -0.00250000 0.00458614
v -0.00882161 -0.00250000 0.00589647
v -0.00882161 -0.00250000 0.00720679
v -0.00882161 -0.00250000 0.00851712
v -0.00882161 -0.00250000 0.00982745
v -0.00882161 -0.00244262 0.01113777
v -0.00882161 -0.00163133 0.01244810
v -0.00882161 -0.00152292 0.01253783
v -0.00882161 -0.00050764 -0.01296679
v -0.00882161 -0.00050764 0.01296679
v -0.00882161 0.00050764 -0.01296679
v -0.00882161 0.00050764 0.01296679
v -0.00882161 0.00152292 -0.01253783
v -0.00882161 0.00152292 0.01253783
v -0.00882161 0.00163133 -0.01244810
v -0.00882161 0.00244262 -0.01113777
v -0.00882161 0.00250000 -0.00982745
v -0.00882161 0.00250000 -0.00851712
v -0.00882161 0.00250000 -0.00720679
v -0.00882161 0.00250000 -0.00589647
v -0.00882161 0.00250000 -0.00458614
v -0.00882161 0.00250000 -0.00327582
v -0.00882161 0.00250000 -0.00196549
v -0.00882161 0.00250000 -0.00065516
v -0.00882161 0.00250000 0.00065516
v -0.00882161 0.00250000 0.00196549
v -0.00882161 0.00250000 0.00327582
v -0.00882161 0.00250000 0.00458614
v -0.00882161 0.00250000 0.00589647
v -0.00882161 0.00250000 0.00720679
v -0.00882161 0.00250000 0.00851712
v -0.00882161 0.00250000 0.00982745
v -0.00882161 0.00244262 0.01113777
v -0.00882161 0.00163133 0.01244810
v -0.00721768 -0.00163133 -0.01244810
v -0.00721768 -0.00152292 -0.01253783
v -0.00721768 -0.00244262 -0.01113777
v -0.00721768 -0.00250000 -0.00982745
v -0.00721768 -0.00250000 -0.00851712
v -0.00721768 -0.00250000 -0.00720679
v -0.00721768 -0.00250000 -0.00589647
v -0.00721768 -0.00250000 -0.00458614
v -0.00721768 -0.00250000 -0.00327582
v -0.00721768 -0.00250000 -0.00196549
v -0.00721768 -0.00250000 -0.00065516
v -0.00721768 -0.00250000 0.00065516
v -0.00721768 -0.00250000 0.00196549
v -0.00721768 -0.00250000 0.00327582
v -0.00721768 -0.00250000 0.00458614
v -0.00721768 -0.00250000 0.00589647
v -0.00721768 -0.00250000 0.00720679
v -0.00721768 -0.00250000 0.00851712
v -0.00721768 -0.00250000 0.00982745
v -0.00721768 -0.00244262 0.01113777
v -0.00721768 -0.00163133 0.01244810
v -0.00721768 -0.00152292 0.01253783
v -0.00721768 -0.00050764 -0.01296679
v -0.00721768 -0.00050764 0.01296679
v -0.00721768 0.00050764 -0.01296679
v -0.00721768 0.00050764 0.01296679
v -0.00721768 0.00152292 -0.01253783
v -0.00721768 0.00152292 0.01253783
v -0.00721768 0.00163133 -0.01244810
v -0.00721768 0.00244262 -0.01113777
v -0.00721768 0.00250000 -0.00982745
v -0.00721768 0.00250000 -0.00851712
v -0.00721768 0.00250000 -0.00720679
v -0.00721768 0.00250000 -0.00589647
v -0.00721768 0.00250000 -0.00458614
v -0.00721768 0.00250000 -0.00327582
v -0.00721768 0.00250000 -0.00196549
v -0.00721768 0.00250000 -0.00065516
v -0.00721768 0.00250000 0.00065516
v -0.00721768 0.00250000 0.00196549
v -0.00721768 0.00250000 0.00327582
v -0.00721768 0.00250000 0.00458614
v -0.00721768 0.00250000 0.00589647
v -0.00721768 0.00250000 0.00720679
v -0.00721768 0.00250000 0.00851712
v -0.00721768 0.00250000 0.00982745
v -0.00721768 0.00244262 0.01113777
v -0.00721768 0.00163133 0.01244810
v -0.00561375 -0.00163133 -0.01244810
v -0.00561375 -0.00152292 -0.01253783
v -0.00561375 -0.00244262 -0.01113777
v -0.00561375 -0.00250000 -0.00982745
v -0.00561375 -0.00250000 -0.00851712
v -0.00561375 -0.00250000 -0.00720679
v -0.00561375 -0.00250000 -0.00589647
v -0.00561375 -0.00250000 -0.00458614
v -0.00561375 -0.00250000 -0.00327582
v -0.00561375 -0.00250000 -0.00196549
v -0.00561375 -0.00250000 -0.00065516
v -0.00561375 -0.00250000 0.00065516
v -0.00561375 -0.00250000 0.00196549
v -0.00561375 -0.00250000 0.00327582
v -0.00561375 -0.00250000 0.00458614
v -0.00561375 -0.00250000 0.00589647
v -0.00561375 -0.00250000 0.00720679
v -0.00561375 -0.00250000 0.00851712
v -0.00561375 -0.00250000 0.00982745
v -0.00561375 -0.00244262 0.01113777
v -0.00561375 -0.00163133 0.01244810
v -0.00561375 -0.00152292 0.01253783
v -0.00561375 -0.00050764 -0.01296679
v -0.00561375 -0.00050764 0.01296679
v -0.00561375 0.00050764 -0.01296679
v -0.00561375 0.00050764 0.01296679
v -0.00561375 0.00152292 -0.01253783
v -0.00561375 0.00152292 0.01253783
v -0.00561375 0.00163133 -0.01244810
v -0.00561375 0.00244262 -0.01113777
v -0.00561375 0.00250000 -0.00982745
v -0.00561375 0.00250000 -0.00851712
v -0.00561375 0.00250000 -0.00720679
v -0.00561375 0.00250000 -0.00589647
v -0.00561375 0.00250000 -0.00458614
v -0.00561375 0.00250000 -0.00327582
v -0.00561375 0.00250000 -0.00196549
v -0.00561375 0.00250000 -0.00065516
v -0.00561375 0.00250000 0.00065516
v -0.00561375 0.00250000 0.00196549
v -0.00561375 0.00250000 0.00327582
v -0.00561375 0.00250000 0.00458614
v -0.00561375 0.00250000 0.00589647
v -0.00561375 0.00250000 0.00720679
v -0.00561375 0.00250000 0.00851712
v -0.00561375 0.00250000 0.00982745
v -0.00561375 0.00244262 0.01113777
v -0.00561375 0.00163133 0.01244810
v -0.00400982 -0.00163133 -0.01244810
v -0.00400982 -0.00152292 -0.01253783
v -0.00400982 -0.00244262 -0.01113777
v -0.00400982 -0.00250000 -0.00982745
v -0.00400982 -0.00250000 -0.00851712
v -0.00400982 -0.00250000 -0.00720679
v -0.00400982 -0.00250000 -0.00589647
v -0.00400982 -0.00250000 -0.00458614
v -0.00400982 -0.00250000 -0.00327582
v -0.00400982 -0.00250000 -0.00196549
v -0.00400982 -0.00250000 -0.00065516
v -0.00400982 -0.00250000 0.00065516
v -0.00400982 -0.00250000 0.00196549
v -0.00400982 -0.00250000 0.00327582
v -0.00400982 -0.00250000 0.00458614
v -0.00400982 -0.00250000 0.00589647
v -0.00400982 -0.00250000 0.00720679
v -0.00400982 -0.00250000 0.00851712
v -0.00400982 -0.00250000 0.00982745
v -0.00400982 -0.00244262 0.01113777
v -0.00400982 -0.00163133 0.01244810
v -0.00400982 -0.00152292 0.01253783
v -0.00400982 -0.00050764 -0.01296679
v -0.00400982 -0.00050764 0.01296679
v -0.00400982 0.00050764 -0.01296679
v -0.00400982 0.00050764 0.01296679
v -0.00400982 0.00152292 -0.01253783
v -0.00400982 0.00152292 0.01253783
v -0.00400982 0.00163133 -0.01244810
v -0.00400982 0.00244262 -0.01113777
v -0.00400982 0.00250000 -0.00982745
v -0.00400982 0.00250000 -0.00851712
v -0.00400982 0.00250000 -0.00720679
v -0.00400982 0.00250000 -0.00589647
v -0.00400982 0.00250000 -0.00458614
v -0.00400982 0.00250000 -0.00327582
v -0.00400982 0.00250000 -0.00196549
v -0.00400982 0.00250000 -0.00065516
v -0.00400982 0.00250000 0.00065516
v -0.00400982 0.00250000 0.00196549
v -0.00400982 0.00250000 0.00327582
v -0.00400982 0.00250000 0.00458614
v -0.00400982 0.00250000 0.00589647
v -0.00400982 0.00250000 0.00720679
v -0.00400982 0.00250000 0.00851712
v -0.00400982 0.00250000 0.00982745
v -0.00400982 0.00244262 0.01113777
v -0.00400982 0.00163133 0.01244810
v -0.00240589 -0.00163133 -0.01244810
v -0.00240589 -0.00152292 -0.01253783
v -0.00240589 -0.00244262 -0.01113777
v -0.00240589 -0.00250000 -0.00982745
v -0.00240589 -0.00250000 -0.00851712
v -0.00240589 -0.00250000 -0.00720679
v -0.00240589 -0.00250000 -0.00589647
v -0.00240589 -0.00250000 -0.00458614
v -0.00240589 -0.00250000 -0.00327582
v -0.00240589 -0.00250000 -0.00196549
v -0.00240589 -0.00250000 -0.00065516
v -0.00240589 -0.00250000 0.00065516
v -0.00240589 -0.00250000 0.00196549
v -0.00240589 -0.00250000 0.00327582
v -0.00240589 -0.00250000 0.00458614
v -0.00240589 -0.00250000 0.00589647
v -0.00240589 -0.00250000 0.00720679
v -0.00240589 -0.00250000 0.00851712
v -0.00240589 -0.00250000 0.00982745
v -0.00240589 -0.00244262 0.01113777
v -0.00240589 -0.00163133 0.01244810
v -0.00240589 -0.00152292 0.01253783
v -0.00240589 -0.00050764 -0.01296679
v -0.00240589 -0.00050764 0.01296679
v -0.00240589 0.00050764 -0.01296679
v -0.00240589 0.00050764 0.01296679
v -0.00240589 0.00152292 -0.01253783
v -0.00240589 0.00152292 0.01253783
v -0.00240589 0.00163133 -0.01244810
v -0.00240589 0.00244262 -0.01113777
v -0.00240589 0.00250000 -0.00982745
v -0.00240589 0.00250000 -0.00851712
v -0.00240589 0.00250000 -0.00720679
v -0.00240589 0.00250000 -0.00589647
v -0.00240589 0.00250000 -0.00458614
v -0.00240589 0.00250000 -0.00327582
v -0.00240589 0.00250000 -0.00196549
v -0.00240589 0.00250000 -0.00065516
v -0.00240589 0.00250000 0.00065516
v -0.00240589 0.00250000 0.00196549
v -0.00240589 0.00250000 0.00327582
v -0.00240589 0.00250000 0.00458614
v -0.00240589 0.00250000 0.00589647
v -0.00240589 0.00250000 0.00720679
v -0.00240589 0.00250000 0.00851712
v -0.00240589 0.00250000 0.00982745
v -0.00240589 0.00244262 0.01113777
v -0.00240589 0.00163133 0.01244810
v -0.00080196 -0.00163133 -0.01244810
v -0.00080196 -0.00152292 -0.01253783
v -0.00080196 -0.00244262 -0.01113777
v -0.00080196 -0.00250000 -0.00982745
v -0.00080196 -0.00250000 -0.00851712
v -0.00080196 -0.00250000 -0.00720679
v -0.00080196 -0.00250000 -0.00589647
v -0.00080196 -0.00250000 -0.00458614
v -0.00080196 -0.00250000 -0.00327582
v -0.00080196 -0.00250000 -0.00196549
v -0.00080196 -0.00250000 -0.00065516
v -0.00080196 -0.00250000 0.00065516
v -0.00080196 -0.00250000 0.00196549
v -0.00080196 -0.00250000 0.00327582
v -0.00080196 -0.00250000 0.00458614
v -0.00080196 -0.00250000 0.00589647
v -0.00080196 -0.00250000 0.00720679
v -0.00080196 -0.00250000 0.00851712
v -0.00080196 -0.00250000 0.00982745
v -0.00080196 -0.00244262 0.01113777
v -0.00080196 -0.00163133 0.01244810
v -0.00080196 -0.00152292 0.01253783
v -0.00080196 -0.00050764 -0.01296679
v -0.00080196 -0.00050764 0.01296679
v -0.00080196 0.00050764 -0.01296679
v -0.00080196 0.00050764 0.01296679
v -0.00080196 0.00152292 -0.01253783
v -0.00080196 0.00152292 0.01253783
v -0.00080196 0.00163133 -0.01244810
v -0.00080196 0.00244262 -0.01113777
v -0.00080196 0.00250000 -0.00982745
v -0.00080196 0.00250000 -0.00851712
v -0.00080196 0.00250000 -0.00720679
v -0.00080196 0.00250000 -0.00589647
v -0.00080196 0.00250000 -0.00458614
v -0.00080196 0.00250000 -0.00327582
v -0.00080196 0.00250000 -0.00196549
v -0.00080196 0.00250000 -0.00065516
v -0.00080196 0.00250000 0.00065516
v -0.00080196 0.00250000 0.00196549
v -0.00080196 0.00250000 0.00327582
v -0.00080196 0.00250000 0.00458614
v -0.00080196 0.00250000 0.00589647
v -0.00080196 0.00250000 0.00720679
v -0.00080196 0.00250000 0.00851712
v -0.00080196 0.00250000 0.00982745
v -0.00080196 0.00244262 0.01113777
v -0.00080196 0.00163133 0.01244810
v 0.00080196 -0.00163133 -0.01244810
v 0.00080196 -0.00152292 -0.01253783
v 0.00080196 -0.00244262 -0.01113777
v 0.00080196 -0.00250000 -0.00982745
v 0.00080196 -0.00250000 -0.00851712
v 0.00080196 -0.00250000 -0.00720679
v 0.00080196 -0.00250000 -0.00589647
v 0.00080196 -0.00250000 -0.00458614
v 0.00080196 -0.00250000 -0.00327582
v 0.00080196 -0.00250000 -0.00196549
v 0.00080196 -0.00250000 -0.00065516
v 0.00080196 -0.00250000 0.00065516
v 0.00080196 -0.00250000 0.00196549
v 0.00080196 -0.00250000 0.00327582
v 0.00080196 -0.00250000 0.00458614
v 0.00080196 -0.00250000 0.00589647
v 0.00080196 -0.00250000 0.00720679
v 0.00080196 -0.00250000 0.00851712
v 0.00080196 -0.00250000 0.00982745
v 0.00080196 -0.00244262 0.01113777
v 0.00080196 -0.00163133 0.01244810
v 0.00080196 -0.00152292 0.01253783
v 0.00080196 -0.00050764 -0.01296679
v 0.00080196 -0.00050764 0.01296679
v 0.00080196 0.00050764 -0.01296679
v 0.00080196 0.00050764 0.01296679
v 0.00080196 0.00152292 -0.01253783
v 0.00080196 0.00152292 0.01253783
v 0.00080196 0.00163133 -0.01244810
v 0.00080196 0.00244262 -0.01113777
v 0.00080196 0.00250000 -0.00982745
v 0.00080196 0.00250000 -0.00851712
v 0.00080196 0.00250000 -0.00720679
v 0.00080196 0.00250000 -0.00589647
v 0.00080196 0.00250000 -0.00458614
v 0.00080196 0.00250000 -0.00327582
v 0.00080196 0.00250000 -0.00196549
v 0.00080196 0.00250000 -0.00065516
v 0.00080196 0.00250000 0.00065516
v 0.00080196 0.00250000 0.00196549
v 0.00080196 0.00250000 0.00327582
v 0.00080196 0.00250000 0.00458614
v 0.00080196 0.00250000 0.00589647
v 0.00080196 0.00250000 0.00720679
v 0.00080196 0.00250000 0.00851712
v 0.00080196 0.00250000 0.00982745
v 0.00080196 0.00244262 0.01113777
v 0.00080196 0.00163133 0.01244810
v 0.00240589 -0.00163133 -0.01244810
v 0.00240589 -0.00152292 -0.01253783
v 0.00240589 -0.00244262 -0.01113777
v 0.00240589 -0.00250000 -0.00982745
v 0.00240589 -0.00250000 -0.00851712
v 0.00240589 -0.00250000 -0.00720679
v 0.00240589 -0.00250000 -0.00589647
v 0.00240589 -0.00250000 -0.00458614
v 0.00240589 -0.00250000 -0.00327582
v 0.00240589 -0.00250000 -0.00196549
v 0.00240589 -0.00250000 -0.00065516
v 0.00240589 -0.00250000 0.00065516
v 0.00240589 -0.00250000 0.00196549
v 0.00240589 -0.00250000 0.00327582
v 0.00240589 -0.00250000 0.00458614
v 0.00240589 -0.00250000 0.00589647
v 0.00240589 -0.00250000 0.00720679
v 0.00240589 -0.00250000 0.00851712
v 0.00240589 -0.00250000 0.00982745
v 0.00240589 -0.00244262 0.01113777
v 0.00240589 -0.00163133 0.01244810
v 0.00240589 -0.00152292 0.01253783
v 0.00240589 -0.00050764 -0.01296679
v 0.00240589 -0.00050764 0.01296679
v 0.00240589 0.00050764 -0.01296679
v 0.00240589 0.00050764 0.01296679
v 0.00240589 0.00152292 -0.01253783
v 0.00240589 0.00152292 0.01253783
v 0.00240589 0.00163133 -0.01244810
v 0.00240589 0.00244262 -0.01113777
v 0.00240589 0.00250000 -0.00982745
v 0.00240589 0.00250000 -0.00851712
v 0.00240589 0.00250000 -0.00720679
v 0.00240589 0.00250000 -0.00589647
v 0.00240589 0.00250000 -0.00458614
v 0.00240589 0.00250000 -0.00327582
v 0.00240589 0.00250000 -0.00196549
v 0.00240589 0.00250000 -0.00065516
v 0.00240589 0.00250000 0.00065516
v 0.00240589 0.00250000 0.00196549
v 0.00240589 0.00250000 0.00327582
v 0.00240589 0.00250000 0.00458614
v 0.00240589 0.00250000 0.00589647
v 0.00240589 0.00250000 0.00720679
v 0.00240589 0.00250000 0.00851712
v 0.00240589 0.00250000 0.00982745
v 0.00240589 0.00244262 0.01113777
v 0.00240589 0.00163133 0.01244810
v 0.00400982 -0.00163133 -0.01244810
v 0.00400982 -0.00152292 -0.01253783
v 0.00400982 -0.00244262 -0.01113777
v 0.00400982 -0.00250000 -0.00982745
v 0.00400982 -0.00250000 -0.00851712
v 0.00400982 -0.00250000 -0.00720679
v 0.00400982 -0.00250000 -0.00589647
v 0.00400982 -0.00250000 -0.00458614
v 0.00400982 -0.00250000 -0.00327582
v 0.00400982 -0.00250000 -0.00196549
v 0.00400982 -0.00250000 -0.00065516
v 0.00400982 -0.00250000 0.00065516
v 0.00400982 -0.00250000 0.00196549
v 0.00400982 -0.00250000 0.00327582
v 0.00400982 -0.00250000 0.00458614
v 0.00400982 -0.00250000 0.00589647
v 0.00400982 -0.00250000 0.00720679
v 0.00400982 -0.00250000 0.00851712
v 0.00400982 -0.00250000 0.00982745
v 0.00400982 -0.00244262 0.01113777
v 0.00400982 -0.00163133 0.01244810
v 0.00400982 -0.00152292 0.01253783
v 0.00400982 -0.00050764 -0.01296679
v 0.00400982 -0.00050764 0.01296679
v 0.00400982 0.00050764 -0.01296679
v 0.00400982 0.00050764 0.01296679
v 0.00400982 0.00152292 -0.01253783
v 0.00400982 0.00152292 0.01253783
v 0.00400982 0.00163133 -0.01244810
v 0.00400982 0.00244262 -0.01113777
v 0.00400982 0.00250000 -0.00982745
v 0.00400982 0.00250000 -0.00851712
v 0.00400982 0.00250000 -0.00720679
v 0.00400982 0.00250000 -0.00589647
v 0.00400982 0.00250000 -0.00458614
v 0.00400982 0.00250000 -0.00327582
v 0.00400982 0.00250000 -0.00196549
v 0.00400982 0.00250000 -0.00065516
v 0.00400982 0.00250000 0.00065516
v 0.00400982 0.00250000 0.00196549
v 0.00400982 0.00250000 0.00327582
v 0.00400982 0.00250000 0.00458614
v 0.00400982 0.00250000 0.00589647
v 0.00400982 0.00250000 0.00720679
v 0.00400982 0.00250000 0.00851712
v 0.00400982 0.00250000 0.00982745
v 0.00400982 0.00244262 0.01113777
v 0.00400982 0.00163133 0.01244810
v 0.00561375 -0.00163133 -0.01244810
v 0.00561375 -0.00152292 -0.01253783
v 0.00561375 -0.00244262 -0.01113777
v 0.00561375 -0.00250000 -0.00982745
v 0.00561375 -0.00250000 -0.00851712
v 0.00561375 -0.00250000 -0.00720679
v 0.00561375 -0.00250000 -0.00589647
v 0.00561375 -0.00250000 -0.00458614
v 0.00561375 -0.00250000 -0.00327582
v 0.00561375 -0.00250000 -0.00196549
v 0.00561375 -0.00250000 -0.00065516
v 0.00561375 -0.00250000 0.00065516
v 0.00561375 -0.00250000 0.00196549
v 0.00561375 -0.00250000 0.00327582
v 0.00561375 -0.00250000 0.00458614
v 0.00561375 -0.00250000 0.00589647
v 0.00561375 -0.00250000 0.00720679
v 0.00561375 -0.00250000 0.00851712
v 0.00561375 -0.00250000 0.00982745
v 0.00561375 -0.00244262 0.01113777
v 0.00561375 -0.00163133 0.01244810
v 0.00561375 -0.00152292 0.01253783
v 0.00561375 -0.00050764 -0.01296679
v 0.00561375 -0.00050764 0.01296679
v 0.00561375 0.00050764 -0.01296679
v 0.00561375 0.00050764 0.01296679
v 0.00561375 0.00152292 -0.01253783
v 0.00561375 0.00152292 0.01253783
v 0.00561375 0.00163133 -0.01244810
v 0.00561375 0.00244262 -0.01113777
v 0.00561375 0.00250000 -0.00982745
v 0.00561375 0.00250000 -0.00851712
v 0.00561375 0.00250000 -0.00720679
v 0.00561375 0.00250000 -0.00589647
v 0.00561375 0.00250000 -0.00458614
v 0.00561375 0.00250000 -0.00327582
v 0.00561375 0.00250000 -0.00196549
v 0.00561375 0.00250000 -0.00065516
v 0.00561375 0.00250000 0.00065516
v 0.00561375 0.00250000 0.00196549
v 0.00561375 0.00250000 0.00327582
v 0.00561375 0.00250000 0.00458614
v 0.00561375 0.00250000 0.00589647
v 0.00561375 0.00250000 0.00720679
v 0.00561375 0.00250000 0.00851712
v 0.00561375 0.00250000 0.00982745
v 0.00561375 0.00244262 0.01113777
v 0.00561375 0.00163133 0.01244810
v 0.00721768 -0.00163133 -0.01244810
v 0.00721768 -0.00152292 -0.01253783
v 0.00721768 -0.00244262 -0.01113777
v 0.00721768 -0.00250000 -0.00982745
v 0.00721768 -0.00250000 -0.00851712
v 0.00721768 -0.00250000 -0.00720679
v 0.00721768 -0.00250000 -0.00589647
v 0.00721768 -0.00250000 -0.00458614
v 0.00721768 -0.00250000 -0.00327582
v 0.00721768 -0.00250000 -0.00196549
v 0.00721768 -0.00250000 -0.00065516
v 0.00721768 -0.00250000 0.00065516
v 0.00721768 -0.00250000 0.00196549
v 0.00721768 -0.00250000 0.00327582
v 0.00721768 -0.00250000 0.00458614
v 0.00721768 -0.00250000 0.00589647
v 0.00721768 -0.00250000 0.00720679
v 0.00721768 -0.00250000 0.00851712
v 0.00721768 -0.00250000 0.00982745
v 0.00721768 -0.00244262 0.01113777
v 0.00721768 -0.00163133 0.01244810
v 0.00721768 -0.00152292 0.01253783
v 0.00721768 -0.00050764 -0.01296679
v 0.00721768 -0.00050764 0.01296679
v 0.00721768 0.00050764 -0.01296679
v 0.00721768 0.00050764 0.01296679
v 0.00721768 0.00152292 -0.01253783
v 0.00721768 0.00152292 0.01253783
v 0.00721768 0.00163133 -0.01244810
v 0.00721768 0.00244262 -0.01113777
v 0.00721768 0.00250000 -0.00982745
v 0.00721768 0.00250000 -0.00851712
v 0.00721768 0.00250000 -0.00720679
v 0.00721768 0.00250000 -0.00589647
v 0.00721768 0.00250000 -0.00458614
v 0.00721768 0.00250000 -0.00327582
v 0.00721768 0.00250000 -0.00196549
v 0.00721768 0.00250000 -0.00065516
v 0.00721768 0.00250000 0.00065516
v 0.00721768 0.00250000 0.00196549
v 0.00721768 0.00250000 0.00327582
v 0.00721768 0.00250000 0.00458614
v 0.00721768 0.00250000 0.00589647
v 0.00721768 0.00250000 0.00720679
v 0.00721768 0.00250000 0.00851712
v 0.00721768 0.00250000 0.00982745
v 0.00721768 0.00244262 0.01113777
v 0.00721768 0.00163133 0.01244810
v 0.00882161 -0.00163133 -0.01244810
v 0.00882161 -0.00152292 -0.01253783
v 0.00882161 -0.00244262 -0.01113777
v 0.00882161 -0.00250000 -0.00982745
v 0.00882161 -0.00250000 -0.00851712
v 0.00882161 -0.00250000 -0.00720679
v 0.00882161 -0.00250000 -0.00589647
v 0.00882161 -0.00250000 -0.00458614
v 0.00882161 -0.00250000 -0.00327582
v 0.00882161 -0.00250000 -0.00196549
v 0.00882161 -0.00250000 -0.00065516
v 0.00882161 -0.00250000 0.00065516
v 0.00882161 -0.00250000 0.00196549
v 0.00882161 -0.00250000 0.00327582
v 0.00882161 -0.00250000 0.00458614
v 0.00882161 -0.00250000 0.00589647
v 0.00882161 -0.00250000 0.00720679
v 0.00882161 -0.00250000 0.00851712
v 0.00882161 -0.00250000 0.00982745
v 0.00882161 -0.00244262 0.01113777
v 0.00882161 -0.00163133 0.01244810
v 0.00882161 -0.00152292 0.01253783
v 0.00882161 -0.00050764 -0.01296679
v 0.00882161 -0.00050764 0.01296679
v 0.00882161 0.00050764 -0.01296679
v 0.00882161 0.00050764 0.01296679
v 0.00882161 0.00152292 -0.01253783
v 0.00882161 0.00152292 0.01253783
v 0.00882161 0.00163133 -0.01244810
v 0.00882161 0.00244262 -0.01113777
v 0.00882161 0.00250000 -0.00982745
v 0.00882161 0.00250000 -0.00851712
v 0.00882161 0.00250000 -0.00720679
v 0.00882161 0.00250000 -0.00589647
v 0.00882161 0.00250000 -0.00458614
v 0.00882161 0.00250000 -0.00327582
v 0.00882161 0.00250000 -0.00196549
v 0.00882161 0.00250000 -0.00065516
v 0.00882161 0.00250000 0.00065516
v 0.00882161 0.00250000 0.00196549
v 0.00882161 0.00250000 0.00327582
v 0.00882161 0.00250000 0.00458614
v 0.00882161 0.00250000 0.00589647
v 0.00882161 0.00250000 0.00720679
v 0.00882161 0.00250000 0.00851712
v 0.00882161 0.00250000 0.00982745
v 0.00882161 0.00244262 0.01113777
v 0.00882161 0.00163133 0.01244810
v 0.01042554 -0.00163133 -0.01244810
v 0.01042554 -0.00152292 -0.01253783
v 0.01042554 -0.00244262 -0.01113777
v 0.01042554 -0.00250000 -0.00982745
v 0.01042554 -0.00250000 -0.00851712
v 0.01042554 -0.00250000 -0.00720679
v 0.01042554 -0.00250000 -0.00589647
v 0.01042554 -0.00250000 -0.00458614
v 0.01042554 -0.00250000 -0.00327582
v 0.01042554 -0.00250000 -0.00196549
v 0.01042554 -0.00250000 -0.00065516
v 0.01042554 -0.00250000 0.00065516
v 0.01042554 -0.00250000 0.00196549
v 0.01042554 -0.00250000 0.00327582
v 0.01042554 -0.00250000 0.00458614
v 0.01042554 -0.00250000 0.00589647
v 0.01042554 -0.00250000 0.00720679
v 0.01042554 -0.00250000 0.00851712
v 0.01042554 -0.00250000 0.00982745
v 0.01042554 -0.00244262 0.01113777
v 0.01042554 -0.00163133 0.01244810
v 0.01042554 -0.00152292 0.01253783
v 0.01042554 -0.00050764 -0.01296679
v 0.01042554 -0.00050764 0.01296679
v 0.01042554 0.00050764 -0.01296679
v 0.01042554 0.00050764 0.01296679
v 0.01042554 0.00152292 -0.01253783
v 0.01042554 0.00152292 0.01253783
v 0.01042554 0.00163133 -0.01244810
v 0.01042554 0.00244262 -0.01113777
v 0.01042554 0.00250000 -0.00982745
v 0.01042554 0.00250000 -0.00851712
v 0.01042554 0.00250000 -0.00720679
v 0.01042554 0.00250000 -0.00589647
v 0.01042554 0.00250000 -0.00458614
v 0.01042554 0.00250000 -0.00327582
v 0.01042554 0.00250000 -0.00196549
v 0.01042554 0.00250000 -0.00065516
v 0.01042554 0.00250000 0.00065516
v 0.01042554 0.00250000 0.00196549
v 0.01042554 0.00250000 0.00327582
v 0.01042554 0.00250000 0.00458614
v 0.01042554 0.00250000 0.00589647
v 0.01042554 0.00250000 0.00720679
v 0.01042554 0.00250000 0.00851712
v 0.01042554 0.00250000 0.00982745
v 0.01042554 0.00244262 0.01113777
v 0.01042554 0.00163133 0.01244810
v 0.01202946 -0.00163133 -0.01244810
v 0.01202946 -0.00152292 -0.01253783
v 0.01202946 -0.00244262 -0.01113777
v 0.01202946 -0.00250000 -0.00982745
v 0.01202946 -0.00250000 -0.00851712
v 0.01202946 -0.00250000 -0.00720679
v 0.01202946 -0.00250000 -0.00589647
v 0.01202946 -0.00250000 -0.00458614
v 0.01202946 -0.00250000 -0.00327582
v 0.01202946 -0.00250000 -0.00196549
v 0.01202946 -0.00250000 -0.00065516
v 0.01202946 -0.00250000 0.00065516
v 0.01202946 -0.00250000 0.00196549
v 0.01202946 -0.00250000 0.00327582
v 0.01202946 -0.00250000 0.00458614
v 0.01202946 -0.00250000 0.00589647
v 0.01202946 -0.00250000 0.00720679
v 0.01202946 -0.00250000 0.00851712
v 0.01202946 -0.00250000 0.00982745
v 0.01202946 -0.00244262 0.01113777
v 0.01202946 -0.00163133 0.01244810
v 0.01202946 -0.00152292 0.01253783
v 0.01202946 -0.00050764 -0.01296679
v 0.01202946 -0.00050764 0.01296679
v 0.01202946 0.00050764 -0.01296679
v 0.01202946 0.00050764 0.01296679
v 0.01202946 0.00152292 -0.01253783
v 0.01202946 0.00152292 0.01253783
v 0.01202946 0.00163133 -0.01244810
v 0.01202946 0.00244262 -0.01113777
v 0.01202946 0.00250000 -0.00982745
v 0.01202946 0.00250000 -0.00851712
v 0.01202946 0.00250000 -0.00720679
v 0.01202946 0.00250000 -0.00589647
v 0.01202946 0.00250000 -0.00458614
v 0.01202946 0.00250000 -0.00327582
v 0.01202946 0.00250000 -0.00196549
v 0.01202946 0.00250000 -0.00065516
v 0.01202946 0.00250000 0.00065516
v 0.01202946 0.00250000 0.00196549
v 0.01202946 0.00250000 0.00327582
v 0.01202946 0.00250000 0.00458614
v 0.01202946 0.00250000 0.00589647
v 0.01202946 0.00250000 0.00720679
v 0.01202946 0.00250000 0.00851712
v 0.01202946 0.00250000 0.00982745
v 0.01202946 0.00244262 0.01113777
v 0.01202946 0.00163133 0.01244810
v 0.01363339 -0.00163133 -0.01244810
v 0.01363339 -0.00152292 -0.01253783
v 0.01363339 -0.00244262 -0.01113777
v 0.01363339 -0.00250000 -0.00982745
v 0.01363339 -0.00250000 -0.00851712
v 0.01363339 -0.00250000 -0.00720679
v 0.01363339 -0.00250000 -0.00589647
v 0.01363339 -0.00250000 -0.00458614
v 0.01363339 -0.00250000 -0.00327582
v 0.01363339 -0.00250000 -0.00196549
v 0.01363339 -0.00250000 -0.00065516
v 0.01363339 -0.00250000 0.00065516
v 0.01363339 -0.00250000 0.00196549
v 0.01363339 -0.00250000 0.00327582
v 0.01363339 -0.00250000 0.00458614
v 0.01363339 -0.00250000 0.00589647
v 0.01363339 -0.00250000 0.00720679
v 0.01363339 -0.00250000 0.00851712
v 0.01363339 -0.00250000 0.00982745
v 0.01363339 -0.00244262 0.01113777
v 0.01363339 -0.00163133 0.01244810
v 0.01363339 -0.00152292 0.01253783
v 0.01363339 -0.00050764 -0.01296679
v 0.01363339 -0.00050764 0.01296679
v 0.01363339 0.00050764 -0.01296679
v 0.01363339 0.00050764 0.01296679
v 0.01363339 0.00152292 -0.01253783
v 0.01363339 0.00152292 0.01253783
v 0.01363339 0.00163133 -0.01244810
v 0.01363339 0.00244262 -0.01113777
v 0.01363339 0.00250000 -0.00982745
v 0.01363339 0.00250000 -0.00851712
v 0.01363339 0.00250000 -0.00720679
v 0.01363339 0.00250000 -0.00589647
v 0.01363339 0.00250000 -0.00458614
v 0.01363339 0.00250000 -0.00327582
v 0.01363339 0.00250000 -0.00196549
v 0.01363339 0.00250000 -0.00065516
v 0.01363339 0.00250000 0.00065516
v 0.01363339 0.00250000 0.00196549
v 0.01363339 0.00250000 0.00327582
v 0.01363339 0.00250000 0.00458614
v 0.01363339 0.00250000 0.00589647
v 0.01363339 0.00250000 0.00720679
v 0.01363339 0.00250000 0.00851712
v 0.01363339 0.00250000 0.00982745
v 0.01363339 0.00244262 0.01113777
v 0.01363339 0.00163133 0.01244810
v 0.01523732 -0.00163133 -0.01244810
v 0.01523732 -0.00152292 -0.01253783
v 0.01523732 -0.00244262 -0.01113777
v 0.01523732 -0.00250000 -0.00982745
v 0.01523732 -0.00250000 -0.00851712
v 0.01523732 -0.00250000 -0.00720679
v 0.01523732 -0.00250000 -0.00589647
v 0.01523732 -0.00250000 -0.00458614
v 0.01523732 -0.00250000 -0.00327582
v 0.01523732 -0.00250000 -0.00196549
v 0.01523732 -0.00250000 -0.00065516
v 0.01523732 -0.00250000 0.00065516
v 0.01523732 -0.00250000 0.00196549
v 0.01523732 -0.00250000 0.00327582
v 0.01523732 -0.00250000 0.00458614
v 0.01523732 -0.00250000 0.00589647
v 0.01523732 -0.00250000 0.00720679
v 0.01523732 -0.00250000 0.00851712
v 0.01523732 -0.00250000 0.00982745
v 0.01523732 -0.00244262 0.01113777
v 0.01523732 -0.00163133 0.01244810
v 0.01523732 -0.00152292 0.01253783
v 0.01523732 -0.00050764 -0.01296679
v 0.01523732 -0.00050764 0.01296679
v 0.01523732 0.00050764 -0.01296679
v 0.01523732 0.00050764 0.01296679
v 0.01523732 0.00152292 -0.01253783
v 0.01523732 0.00152292 0.01253783
v 0.01523732 0.00163133 -0.01244810
v 0.01523732 0.00244262 -0.01113777
v 0.01523732 0.00250000 -0.00982745
v 0.01523732 0.00250000 -0.00851712
v 0.01523732 0.00250000 -0.00720679
v 0.01523732 0.00250000 -0.00589647
v 0.01523732 0.00250000 -0.00458614
v 0.01523732 0.00250000 -0.00327582
v 0.01523732 0.00250000 -0.00196549
v 0.01523732 0.00250000 -0.00065516
v 0.01523732 0.00250000 0.00065516
v 0.01523732 0.00250000 0.00196549
v 0.01523732 0.00250000 0.00327582
v 0.01523732 0.00250000 0.00458614
v 0.01523732 0.00250000 0.00589647
v 0.01523732 0.00250000 0.00720679
v 0.01523732 0.00250000 0.00851712
v 0.01523732 0.00250000 0.00982745
v 0.01523732 0.00244262 0.01113777
v 0.01523732 0.00163133 0.01244810
v 0.01684125 -0.00163133 -0.01244810
v 0.01684125 -0.00152292 -0.01253783
v 0.01684125 -0.00244262 -0.01113777
v 0.01684125 -0.00250000 -0.00982745
v 0.01684125 -0.00250000 -0.00851712
v 0.01684125 -0.00250000 -0.00720679
v 0.01684125 -0.00250000 -0.00589647
v 0.01684125 -0.00250000 -0.00458614
v 0.01684125 -0.00250000 -0.00327582
v 0.01684125 -0.00250000 -0.00196549
v 0.01684125 -0.00250000 -0.00065516
v 0.01684125 -0.00250000 0.00065516
v 0.01684125 -0.00250000 0.00196549
v 0.01684125 -0.00250000 0.00327582
v 0.01684125 -0.00250000 0.00458614
v 0.01684125 -0.00250000 0.00589647
v 0.01684125 -0.00250000 0.00720679
v 0.01684125 -0.00250000 0.00851712
v 0.01684125 -0.00250000 0.00982745
v 0.01684125 -0.00244262 0.01113777
v 0.01684125 -0.00163133 0.01244810
v 0.01684125 -0.00152292 0.01253783
v 0.01684125 -0.00050764 -0.01296679
v 0.01684125 -0.00050764 0.01296679
v 0.01684125 0.00050764 -0.01296679
v 0.01684125 0.00050764 0.01296679
v 0.01684125 0.00152292 -0.01253783
v 0.01684125 0.00152292 0.01253783
v 0.01684125 0.00163133 -0.01244810
v 0.01684125 0.00244262 -0.01113777
v 0.01684125 0.00250000 -0.00982745
v 0.01684125 0.00250000 -0.00851712
v 0.01684125 0.00250000 -0.00720679
v 0.01684125 0.00250000 -0.00589647
v 0.01684125 0.00250000 -0.00458614
v 0.01684125 0.00250000 -0.00327582
v 0.01684125 0.00250000 -0.00196549
v 0.01684125 0.00250000 -0.00065516
v 0.01684125 0.00250000 0.00065516
v 0.01684125 0.00250000 0.00196549
v 0.01684125 0.00250000 0.00327582
v 0.01684125 0.00250000 0.00458614
v 0.01684125 0.00250000 0.00589647
v 0.01684125 0.00250000 0.00720679
v 0.01684125 0.00250000 0.00851712
v 0.01684125 0.00250000 0.00982745
v 0.01684125 0.00244262 0.01113777
v 0.01684125 0.00163133 0.01244810
v 0.01844518 -0.00163133 -0.01244810
v 0.01844518 -0.00152292 -0.01253783
v 0.01844518 -0.00244262 -0.01113777
v 0.01844518 -0.00250000 -0.00982745
v 0.01844518 -0.00250000 -0.00851712
v 0.01844518 -0.00250000 -0.00720679
v 0.01844518 -0.00250000 -0.00589647
v 0.01844518 -0.00250000 -0.00458614
v 0.01844518 -0.00250000 -0.00327582
v 0.01844518 -0.00250000 -0.00196549
v 0.01844518 -0.00250000 -0.00065516
v 0.01844518 -0.00250000 0.00065516
v 0.01844518 -0.00250000 0.00196549
v 0.01844518 -0.00250000 0.00327582
v 0.01844518 -0.00250000 0.00458614
v 0.01844518 -0.00250000 0.00589647
v 0.01844518 -0.00250000 0.00720679
v 0.01844518 -0.00250000 0.00851712
v 0.01844518 -0.00250000 0.00982745
v 0.01844518 -0.00244262 0.01113777
v 0.01844518 -0.00163133 0.01244810
v 0.01844518 -0.00152292 0.01253783
v 0.01844518 -0.00050764 -0.01296679
v 0.01844518 -0.00050764 0.01296679
v 0.01844518 0.00050764 -0.01296679
v 0.01844518 0.00050764 0.01296679
v 0.01844518 0.00152292 -0.01253783
v 0.01844518 0.00152292 0.01253783
v 0.01844518 0.00163133 -0.01244810
v 0.01844518 0.00244262 -0.01113777
v 0.01844518 0.00250000 -0.00982745
v 0.01844518 0.00250000 -0.00851712
v 0.01844518 0.00250000 -0.00720679
v 0.01844518 0.00250000 -0.00589647
v 0.01844518 0.00250000 -0.00458614
v 0.01844518 0.00250000 -0.00327582
v 0.01844518 0.00250000 -0.00196549
v 0.01844518 0.00250000 -0.00065516
v 0.01844518 0.00250000 0.00065516
v 0.01844518 0.00250000 0.00196549
v 0.01844518 0.00250000 0.00327582
v 0.01844518 0.00250000 0.00458614
v 0.01844518 0.00250000 0.00589647
v 0.01844518 0.00250000 0.00720679
v 0.01844518 0.00250000 0.00851712
v 0.01844518 0.00250000 0.00982745
v 0.01844518 0.00244262 0.01113777
v 0.01844518 0.00163133 0.01244810
v 0.02004911 -0.00163133 -0.01244810
v 0.02004911 -0.00152292 -0.01253783
v 0.02004911 -0.00244262 -0.01113777
v 0.02004911 -0.00250000 -0.00982745
v 0.02004911 -0.00250000 -0.00851712
v 0.02004911 -0.00250000 -0.00720679
v 0.02004911 -0.00250000 -0.00589647
v 0.02004911 -0.00250000 -0.00458614
v 0.02004911 -0.00250000 -0.00327582
v 0.02004911 -0.00250000 -0.00196549
v 0.02004911 -0.00250000 -0.00065516
v 0.02004911 -0.00250000 0.00065516
v 0.02004911 -0.00250000 0.00196549
v 0.02004911 -0.00250000 0.00327582
v 0.02004911 -0.00250000 0.00458614
v 0.02004911 -0.00250000 0.00589647
v 0.02004911 -0.00250000 0.00720679
v 0.02004911 -0.00250000 0.00851712
v 0.02004911 -0.00250000 0.00982745
v 0.02004911 -0.00244262 0.01113777
v 0.02004911 -0.00163133 0.01244810
v 0.02004911 -0.00152292 0.01253783
v 0.02004911 -0.00050764 -0.01296679
v 0.02004911 -0.00050764 0.01296679
v 0.02004911 0.00050764 -0.01296679
v 0.02004911 0.00050764 0.01296679
v 0.02004911 0.00152292 -0.01253783
v 0.02004911 0.00152292 0.01253783
v 0.02004911 0.00163133 -0.01244810
v 0.02004911 0.00244262 -0.01113777
v 0.02004911 0.00250000 -0.00982745
v 0.02004911 0.00250000 -0.00851712
v 0.02004911 0.00250000 -0.00720679
v 0.02004911 0.00250000 -0.00589647
v 0.02004911 0.00250000 -0.00458614
v 0.02004911 0.00250000 -0.00327582
v 0.02004911 0.00250000 -0.00196549
v 0.02004911 0.00250000 -0.00065516
v 0.02004911 0.00250000 0.00065516
v 0.02004911 0.00250000 0.00196549
v 0.02004911 0.00250000 0.00327582
v 0.02004911 0.00250000 0.00458614
v 0.02004911 0.00250000 0.00589647
v 0.02004911 0.00250000 0.00720679
v 0.02004911 0.00250000 0.00851712
v 0.02004911 0.00250000 0.00982745
v 0.02004911 0.00244262 0.01113777
v 0.02004911 0.00163133 0.01244810
v 0.02165304 -0.00163133 -0.01244810
v 0.02165304 -0.00152292 -0.01253783
v 0.02165304 -0.00244262 -0.01113777
v 0.02165304 -0.00250000 -0.00982745
v 0.02165304 -0.00250000 -0.00851712
v 0.02165304 -0.00250000 -0.00720679
v 0.02165304 -0.00250000 -0.00589647
v 0.02165304 -0.00250000 -0.00458614
v 0.02165304 -0.00250000 -0.00327582
v 0.02165304 -0.00250000 -0.00196549
v 0.02165304 -0.00250000 -0.00065516
v 0.02165304 -0.00250000 0.00065516
v 0.02165304 -0.00250000 0.00196549
v 0.02165304 -0.00250000 0.00327582
v 0.02165304 -0.00250000 0.00458614
v 0.02165304 -0.00250000 0.00589647
v 0.02165304 -0.00250000 0.00720679
v 0.02165304 -0.00250000 0.00851712
v 0.02165304 -0.00250000 0.00982745
v 0.02165304 -0.00244262 0.01113777
v 0.02165304 -0.00163133 0.01244810
v 0.02165304 -0.00152292 0.01253783
v 0.02165304 -0.00050764 -0.01296679
v 0.02165304 -0.00050764 0.01296679
v 0.02165304 0.00050764 -0.01296679
v 0.02165304 0.00050764 0.01296679
v 0.02165304 0.00152292 -0.01253783
v 0.02165304 0.00152292 0.01253783
v 0.02165304 0.00163133 -0.01244810
v 0.02165304 0.00244262 -0.01113777
v 0.02165304 0.00250000 -0.00982745
v 0.02165304 0.00250000 -0.00851712
v 0.02165304 0.00250000 -0.00720679
v 0.02165304 0.00250000 -0.00589647
v 0.02165304 0.00250000 -0.00458614
v 0.02165304 0.00250000 -0.00327582
v 0.02165304 0.00250000 -0.00196549
v 0.02165304 0.00250000 -0.00065516
v 0.02165304 0.00250000 0.00065516
v 0.02165304 0.00250000 0.00196549
v 0.02165304 0.00250000 0.00327582
v 0.02165304 0.00250000 0.00458614
v 0.02165304 0.00250000 0.00589647
v 0.02165304 0.00250000 0.00720679
v 0.02165304 0.00250000 0.00851712
v 0.02165304 0.00250000 0.00982745
v 0.02165304 0.00244262 0.01113777
v 0.02165304 0.00163133 0.01244810
v 0.02325696 -0.00163133 -0.01244810
v 0.02325696 -0.00152292 -0.01253783
v 0.02325696 -0.00244262 -0.01113777
v 0.02325696 -0.00250000 -0.00982745
v 0.02325696 -0.00250000 -0.00851712
v 0.02325696 -0.00250000 -0.00720679
v 0.02325696 -0.00250000 -0.00589647
v 0.02325696 -0.00250000 -0.00458614
v 0.02325696 -0.00250000 -0.00327582
v 0.02325696 -0.00250000 -0.00196549
v 0.02325696 -0.00250000 -0.00065516
v 0.02325696 -0.00250000 0.00065516
v 0.02325696 -0.00250000 0.00196549
v 0.02325696 -0.00250000 0.00327582
v 0.02325696 -0.00250000 0.00458614
v 0.02325696 -0.00250000 0.00589647
v 0.02325696 -0.00250000 0.00720679
v 0.02325696 -0.00250000 0.00851712
v 0.02325696 -0.00250000 0.00982745
v 0.02325696 -0.00244262 0.01113777
v 0.02325696 -0.00163133 0.01244810
v 0.02325696 -0.00152292 0.01253783
v 0.02325696 -0.00050764 -0.01296679
v 0.02325696 -0.00050764 0.01296679
v 0.02325696 0.00050764 -0.01296679
v 0.02325696 0.00050764 0.01296679
v 0.02325696 0.00152292 -0.01253783
v 0.02325696 0.00152292 0.01253783
v 0.02325696 0.00163133 -0.01244810
v 0.02325696 0.00244262 -0.01113777
v 0.02325696 0.00250000 -0.00982745
v 0.02325696 0.00250000 -0.00851712
v 0.02325696 0.00250000 -0.00720679
v 0.02325696 0.00250000 -0.00589647
v 0.02325696 0.00250000 -0.00458614
v 0.02325696 0.00250000 -0.00327582
v 0.02325696 0.00250000 -0.00196549
v 0.02325696 0.00250000 -0.00065516
v 0.02325696 0.00250000 0.00065516
v 0.02325696 0.00250000 0.00196549
v 0.02325696 0.00250000 0.00327582
v 0.02325696 0.00250000 0.00458614
v 0.02325696 0.00250000 0.00589647
v 0.02325696 0.00250000 0.00720679
v 0.02325696 0.00250000 0.00851712
v 0.02325696 0.00250000 0.00982745
v 0.02325696 0.00244262 0.01113777
v 0.02325696 0.00163133 0.01244810
v 0.02365696 -0.00152292 -0.01244810
v 0.02486089 -0.00152292 -0.01199351
v 0.02486089 -0.00206480 -0.01113777
v 0.02486089 -0.00213434 -0.00982745
v 0.02486089 -0.00213434 -0.00851712
v 0.02486089 -0.00213434 -0.00720679
v 0.02486089 -0.00213434 -0.00589647
v 0.02486089 -0.00213434 -0.00458614
v 0.02486089 -0.00213434 -0.00327582
v 0.02486089 -0.00213434 -0.00196549
v 0.02486089 -0.00213434 -0.00065516
v 0.02486089 -0.00213434 0.00065516
v 0.02486089 -0.00213434 0.00196549
v 0.02486089 -0.00213434 0.00327582
v 0.02486089 -0.00213434 0.00458614
v 0.02486089 -0.00213434 0.00589647
v 0.02486089 -0.00213434 0.00720679
v 0.02486089 -0.00213434 0.00851712
v 0.02486089 -0.00213434 0.00982745
v 0.02486089 -0.00206480 0.01113777
v 0.02365696 -0.00152292 0.01244810
v 0.02486089 -0.00152292 0.01199351
v 0.02486089 -0.00088712 -0.01244810
v 0.02486089 -0.00050764 -0.01260641
v 0.02486089 -0.00088712 0.01244810
v 0.02486089 -0.00050764 0.01260641
v 0.02486089 0.00050764 -0.01260641
v 0.02486089 0.00050764 0.01260641
v 0.02486089 0.00088712 -0.01244810
v 0.02365696 0.00152292 -0.01244810
v 0.02486089 0.00152292 -0.01199351
v 0.02365696 0.00152292 0.01244810
v 0.02486089 0.00152292 0.01199351
v 0.02486089 0.00088712 0.01244810
v 0.02486089 0.00206480 -0.01113777
v 0.02486089 0.00213434 -0.00982745
v 0.02486089 0.00213434 -0.00851712
v 0.02486089 0.00213434 -0.00720679
v 0.02486089 0.00213434 -0.00589647
v 0.02486089 0.00213434 -0.00458614
v 0.02486089 0.00213434 -0.00327582
v 0.02486089 0.00213434 -0.00196549
v 0.02486089 0.00213434 -0.00065516
v 0.02486089 0.00213434 0.00065516
v 0.02486089 0.00213434 0.00196549
v 0.02486089 0.00213434 0.00327582
v 0.02486089 0.00213434 0.00458614
v 0.02486089 0.00213434 0.00589647
v 0.02486089 0.00213434 0.00720679
v 0.02486089 0.00213434 0.00851712
v 0.02486089 0.00213434 0.00982745
v 0.02486089 0.00206480 0.01113777
v 0.02541586 -0.00152292 -0.01113777
v 0.02548933 -0.00152292 -0.00982745
v 0.02548933 -0.00152292 -0.00851712
v 0.02548933 -0.00152292 -0.00720679
v 0.02548933 -0.00152292 -0.00589647
v 0.02548933 -0.00152292 -0.00458614
v 0.02548933 -0.00152292 -0.00327582
v 0.02548933 -0.00152292 -0.00196549
v 0.02548933 -0.00152292 -0.00065516
v 0.02548933 -0.00152292 0.00065516
v 0.02548933 -0.00152292 0.00196549
v 0.02548933 -0.00152292 0.00327582
v 0.02548933 -0.00152292 0.00458614
v 0.02548933 -0.00152292 0.00589647
v 0.02548933 -0.00152292 0.00720679
v 0.02548933 -0.00152292 0.00851712
v 0.02548933 -0.00152292 0.00982745
v 0.02541586 -0.00152292 0.01113777
v 0.02505363 -0.00050764 -0.01244810
v 0.02589897 -0.00050764 -0.01113777
v 0.02596429 -0.00050764 -0.00982745
v 0.02596429 -0.00050764 -0.00851712
v 0.02596429 -0.00050764 -0.00720679
v 0.02596429 -0.00050764 -0.00589647
v 0.02596429 -0.00050764 -0.00458614
v 0.02596429 -0.00050764 -0.00327582
v 0.02596429 -0.00050764 -0.00196549
v 0.02596429 -0.00050764 -0.00065516
v 0.02596429 -0.00050764 0.00065516
v 0.02596429 -0.00050764 0.00196549
v 0.02596429 -0.00050764 0.00327582
v 0.02596429 -0.00050764 0.00458614
v 0.02596429 -0.00050764 0.00589647
v 0.02596429 -0.00050764 0.00720679
v 0.02596429 -0.00050764 0.00851712
v 0.02596429 -0.00050764 0.00982745
v 0.02589897 -0.00050764 0.01113777
v 0.02505363 -0.00050764 0.01244810
v 0.02505363 0.00050764 -0.01244810
v 0.02589897 0.00050764 -0.01113777
v 0.02596429 0.00050764 -0.00982745
v 0.02596429 0.00050764 -0.00851712
v 0.02596429 0.00050764 -0.00720679
v 0.02596429 0.00050764 -0.00589647
v 0.02596429 0.00050764 -0.00458614
v 0.02596429 0.00050764 -0.00327582
v 0.02596429 0.00050764 -0.00196549
v 0.02596429 0.00050764 -0.00065516
v 0.02596429 0.00050764 0.00065516
v 0.02596429 0.00050764 0.00196549
v 0.02596429 0.00050764 0.00327582
v 0.02596429 0.00050764 0.00458614
v 0.02596429 0.00050764 0.00589647
v 0.02596429 0.00050764 0.00720679
v 0.02596429 0.00050764 0.00851712
v 0.02596429 0.00050764 0.00982745
v 0.02589897 0.00050764 0.01113777
v 0.02505363 0.00050764 0.01244810
v 0.02541586 0.00152292 -0.01113777
v 0.02548933 0.00152292 -0.00982745
v 0.02548933 0.00152292 -0.00851712
v 0.02548933 0.00152292 -0.00720679
v 0.02548933 0.00152292 -0.00589647
v 0.02548933 0.00152292 -0.00458614
v 0.02548933 0.00152292 -0.00327582
v 0.02548933 0.00152292 -0.00196549
v 0.02548933 0.00152292 -0.00065516
v 0.02548933 0.00152292 0.00065516
v 0.02548933 0.00152292 0.00196549
v 0.02548933 0.00152292 0.00327582
v 0.02548933 0.00152292 0.00458614
v 0.02548933 0.00152292 0.00589647
v 0.02548933 0.00152292 0.00720679
v 0.02548933 0.00152292 0.00851712
v 0.02548933 0.00152292 0.00982745
v 0.02541586 0.00152292 0.01113777
f 3 2 1
f 5 4 1
f 5 1 2
f 7 6 4
f 7 4 5
f 9 8 6
f 9 6 7
f 11 10 8
f 11 8 9
f 13 12 10
f 13 10 11
f 15 14 12
f 15 12 13
f 17 16 14
f 17 14 15
f 19 18 16
f 19 16 17
f 21 20 18
f 21 18 19
f 23 22 20
f 23 20 21
f 25 24 22
f 25 22 23
f 27 26 24
f 27 24 25
f 29 28 26
f 29 26 27
f 31 30 28
f 31 28 29
f 33 32 30
f 33 30 31
f 35 34 32
f 35 32 33
f 37 36 34
f 37 34 35
f 38 36 37
f 41 40 39
f 39 40 3
f 1 39 3
f 42 39 1
f 43 1 4
f 42 1 43
f 44 4 6
f 43 4 44
f 45 6 8
f 44 6 45
f 46 8 10
f 45 8 46
f 47 10 12
f 46 10 47
f 48 12 14
f 47 12 48
f 49 14 16
f 48 14 49
f 50 16 18
f 49 16 50
f 51 18 20
f 50 18 51
f 52 20 22
f 51 20 52
f 53 22 24
f 52 22 53
f 54 24 26
f 53 24 54
f 55 26 28
f 54 26 55
f 56 28 30
f 55 28 56
f 57 30 32
f 56 30 57
f 58 32 34
f 57 32 58
f 59 34 36
f 58 34 59
f 36 38 60
f 61 36 60
f 59 36 61
f 62 61 60
f 41 39 63
f 41 63 64
f 65 39 42
f 63 39 65
f 66 42 43
f 65 42 66
f 67 43 44
f 66 43 67
f 68 44 45
f 67 44 68
f 69 45 46
f 68 45 69
f 70 46 47
f 69 46 70
f 71 47 48
f 70 47 71
f 72 48 49
f 71 48 72
f 73 49 50
f 72 49 73
f 74 50 51
f 73 50 74
f 75 51 52
f 74 51 75
f 76 52 53
f 75 52 76
f 77 53 54
f 76 53 77
f 78 54 55
f 77 54 78
f 79 55 56
f 78 55 79
f 80 56 57
f 79 56 80
f 81 57 58
f 80 57 81
f 82 58 59
f 81 58 82
f 83 59 61
f 82 59 83
f 61 62 84
f 61 84 83
f 85 64 63
f 87 86 85
f 63 87 85
f 65 87 63
f 88 65 66
f 87 65 88
f 89 66 67
f 88 66 89
f 90 67 68
f 89 67 90
f 91 68 69
f 90 68 91
f 92 69 70
f 91 69 92
f 93 70 71
f 92 70 93
f 94 71 72
f 93 71 94
f 95 72 73
f 94 72 95
f 96 73 74
f 95 73 96
f 97 74 75
f 96 74 97
f 98 75 76
f 97 75 98
f 99 76 77
f 98 76 99
f 100 77 78
f 99 77 100
f 101 78 79
f 100 78 101
f 102 79 80
f 101 79 102
f 103 80 81
f 102 80 103
f 104 81 82
f 103 81 104
f 83 106 105
f 104 83 105
f 82 83 104
f 106 83 84
f 107 86 87
f 107 87 88
f 107 88 108
f 108 88 89
f 108 89 109
f 109 89 90
f 109 90 110
f 110 90 91
f 110 91 111
f 111 91 92
f 111 92 112
f 112 92 93
f 112 93 113
f 113 93 94
f 113 94 114
f 114 94 95
f 114 95 115
f 115 95 96
f 115 96 116
f 116 96 97
f 116 97 117
f 117 97 98
f 117 98 118
f 118 98 99
f 118 99 119
f 119 99 100
f 119 100 120
f 120 100 101
f 120 101 121
f 121 101 102
f 121 102 122
f 122 102 103
f 122 103 123
f 123 103 104
f 123 104 124
f 124 104 105
f 127 126 125
f 2 3 125
f 126 2 125
f 128 2 126
f 2 129 5
f 128 129 2
f 5 130 7
f 129 130 5
f 7 131 9
f 130 131 7
f 9 132 11
f 131 132 9
f 11 133 13
f 132 133 11
f 13 134 15
f 133 134 13
f 15 135 17
f 134 135 15
f 17 136 19
f 135 136 17
f 19 137 21
f 136 137 19
f 21 138 23
f 137 138 21
f 23 139 25
f 138 139 23
f 25 140 27
f 139 140 25
f 27 141 29
f 140 141 27
f 29 142 31
f 141 142 29
f 31 143 33
f 142 143 31
f 33 144 35
f 143 144 33
f 35 145 37
f 144 145 35
f 147 146 38
f 37 147 38
f 145 147 37
f 148 146 147
f 127 125 40
f 41 127 40
f 149 127 41
f 40 125 3
f 146 60 38
f 62 60 146
f 148 62 146
f 150 62 148
f 64 149 41
f 64 151 149
f 150 84 62
f 152 84 150
f 64 85 153
f 154 64 153
f 151 64 154
f 86 153 85
f 155 105 106
f 156 155 106
f 84 156 106
f 152 156 84
f 157 154 153
f 157 153 86
f 107 157 86
f 158 157 107
f 159 107 108
f 159 158 107
f 160 108 109
f 160 159 108
f 161 109 110
f 161 160 109
f 162 110 111
f 162 161 110
f 163 111 112
f 163 162 111
f 164 112 113
f 164 163 112
f 165 113 114
f 165 164 113
f 166 114 115
f 166 165 114
f 167 115 116
f 167 166 115
f 168 116 117
f 168 167 116
f 169 117 118
f 169 168 117
f 170 118 119
f 170 169 118
f 171 119 120
f 171 170 119
f 172 120 121
f 172 171 120
f 173 121 122
f 173 172 121
f 174 122 123
f 174 173 122
f 175 123 124
f 175 174 123
f 124 105 155
f 176 124 155
f 175 124 176
f 176 155 156
f 178 177 126
f 178 126 127
f 126 179 128
f 177 179 126
f 128 180 129
f 179 180 128
f 129 181 130
f 180 181 129
f 130 182 131
f 181 182 130
f 131 183 132
f 182 183 131
f 132 184 133
f 183 184 132
f 133 185 134
f 184 185 133
f 134 186 135
f 185 186 134
f 135 187 136
f 186 187 135
f 136 188 137
f 187 188 136
f 137 189 138
f 188 189 137
f 138 190 139
f 189 190 138
f 139 191 140
f 190 191 139
f 140 192 141
f 191 192 140
f 141 193 142
f 192 193 141
f 142 194 143
f 193 194 142
f 143 195 144
f 194 195 143
f 144 196 145
f 195 196 144
f 145 197 147
f 196 197 145
f 148 147 197
f 148 197 198
f 149 178 127
f 149 199 178
f 198 150 148
f 200 150 198
f 151 199 149
f 151 201 199
f 200 152 150
f 202 152 200
f 154 201 151
f 154 203 201
f 202 156 152
f 204 156 202
f 205 203 154
f 205 154 157
f 206 157 158
f 206 205 157
f 207 158 159
f 207 206 158
f 208 159 160
f 208 207 159
f 209 160 161
f 209 208 160
f 210 161 162
f 210 209 161
f 211 162 163
f 211 210 162
f 212 163 164
f 212 211 163
f 213 164 165
f 213 212 164
f 214 165 166
f 214 213 165
f 215 166 167
f 215 214 166
f 216 167 168
f 216 215 167
f 217 168 169
f 217 216 168
f 218 169 170
f 218 217 169
f 219 170 171
f 219 218 170
f 220 171 172
f 220 219 171
f 221 172 173
f 221 220 172
f 222 173 174
f 222 221 173
f 223 174 175
f 223 222 174
f 224 175 176
f 224 223 175
f 176 156 204
f 176 204 224
f 226 225 177
f 226 177 178
f 177 227 179
f 225 227 177
f 179 228 180
f 227 228 179
f 180 229 181
f 228 229 180
f 181 230 182
f 229 230 181
f 182 231 183
f 230 231 182
f 183 232 184
f 231 232 183
f 184 233 185
f 232 233 184
f 185 234 186
f 233 234 185
f 186 235 187
f 234 235 186
f 187 236 188
f 235 236 187
f 188 237 189
f 236 237 188
f 189 238 190
f 237 238 189
f 190 239 191
f 238 239 190
f 191 240 192
f 239 240 191
f 192 241 193
f 240 241 192
f 193 242 194
f 241 242 193
f 194 243 195
f 242 243 194
f 195 244 196
f 243 244 195
f 196 245 197
f 244 245 196
f 198 197 245
f 198 245 246
f 199 226 178
f 199 247 226
f 246 200 198
f 248 200 246
f 201 247 199
f 201 249 247
f 248 202 200
f 250 202 248
f 203 249 201
f 203 251 249
f 250 204 202
f 252 204 250
f 253 251 203
f 253 203 205
f 254 205 206
f 254 253 205
f 255 206 207
f 255 254 206
f 256 207 208
f 256 255 207
f 257 208 209
f 257 256 208
f 258 209 210
f 258 257 209
f 259 210 211
f 259 258 210
f 260 211 212
f 260 259 211
f 261 212 213
f 261 260 212
f 262 213 214
f 262 261 213
f 263 214 215
f 263 262 214
f 264 215 216
f 264 263 215
f 265 216 217
f 265 264 216
f 266 217 218
f 266 265 217
f 267 218 219
f 267 266 218
f 268 219 220
f 268 267 219
f 269 220 221
f 269 268 220
f 270 221 222
f 270 269 221
f 271 222 223
f 271 270 222
f 272 223 224
f 272 271 223
f 224 204 252
f 224 252 272
f 274 273 225
f 274 225 226
f 225 275 227
f 273 275 225
f 227 276 228
f 275 276 227
f 228 277 229
f 276 277 228
f 229 278 230
f 277 278 229
f 230 279 231
f 278 279 230
f 231 280 232
f 279 280 231
f 232 281 233
f 280 281 232
f 233 282 234
f 281 282 233
f 234 283 235
f 282 283 234
f 235 284 236
f 283 284 235
f 236 285 237
f 284 285 236
f 237 286 238
f 285 286 237
f 238 287 239
f 286 287 238
f 239 288 240
f 287 288 239
f 240 289 241
f 288 289 240
f 241 290 242
f 289 290 241
f 242 291 243
f 290 291 242
f 243 292 244
f 291 292 243
f 244 293 245
f 292 293 244
f 246 245 293
f 246 293 294
f 247 274 226
f 247 295 274
f 294 248 246
f 296 248 294
f 249 295 247
f 249 297 295
f 296 250 248
f 298 250 296
f 251 297 249
f 251 299 297
f 298 252 250
f 300 252 298
f 301 299 251
f 301 251 253
f 302 253 254
f 302 301 253
f 303 254 255
f 303 302 254
f 304 255 256
f 304 303 255
f 305 256 257
f 305 304 256
f 306 257 258
f 306 305 257
f 307 258 259
f 307 306 258
f 308 259 260
f 308 307 259
f 309 260 261
f 309 308 260
f 310 261 262
f 310 309 261
f 311 262 263
f 311 310 262
f 312 263 264
f 312 311 263
f 313 264 265
f 313 312 264
f 314 265 266
f 314 313 265
f 315 266 267
f 315 314 266
f 316 267 268
f 316 315 267
f 317 268 269
f 317 316 268
f 318 269 270
f 318 317 269
f 319 270 271
f 319 318 270
f 320 271 272
f 320 319 271
f 272 252 300
f 272 300 320
f 322 321 273
f 322 273 274
f 273 323 275
f 321 323 273
f 275 324 276
f 323 324 275
f 276 325 277
f 324 325 276
f 277 326 278
f 325 326 277
f 278 327 279
f 326 327 278
f 279 328 280
f 327 328 279
f 280 329 281
f 328 329 280
f 281 330 282
f 329 330 281
f 282 331 283
f 330 331 282
f 283 332 284
f 331 332 283
f 284 333 285
f 332 333 284
f 285 334 286
f 333 334 285
f 286 335 287
f 334 335 286
f 287 336 288
f 335 336 287
f 288 337 289
f 336 337 288
f 289 338 290
f 337 338 289
f 290 339 291
f 338 339 290
f 291 340 292
f 339 340 291
f 292 341 293
f 340 341 292
f 294 293 341
f 294 341 342
f 295 322 274
f 295 343 322
f 342 296 294
f 344 296 342
f 297 343 295
f 297 345 343
f 344 298 296
f 346 298 344
f 299 345 297
f 299 347 345
f 346 300 298
f 348 300 346
f 349 347 299
f 349 299 301
f 350 301 302
f 350 349 301
f 351 302 303
f 351 350 302
f 352 303 304
f 352 351 303
f 353 304 305
f 353 352 304
f 354 305 306
f 354 353 305
f 355 306 307
f 355 354 306
f 356 307 308
f 356 355 307
f 357 308 309
f 357 356 308
f 358 309 310
f 358 357 309
f 359 310 311
f 359 358 310
f 360 311 312
f 360 359 311
f 361 312 313
f 361 360 312
f 362 313 314
f 362 361 313
f 363 314 315
f 363 362 314
f 364 315 316
f 364 363 315
f 365 316 317
f 365 364 316
f 366 317 318
f 366 365 317
f 367 318 319
f 367 366 318
f 368 319 320
f 368 367 319
f 320 300 348
f 320 348 368
f 370 369 321
f 370 321 322
f 321 371 323
f 369 371 321
f 323 372 324
f 371 372 323
f 324 373 325
f 372 373 324
f 325 374 326
f 373 374 325
f 326 375 327
f 374 375 326
f 327 376 328
f 375 376 327
f 328 377 329
f 376 377 328
f 329 378 330
f 377 378 329
f 330 379 331
f 378 379 330
f 331 380 332
f 379 380 331
f 332 381 333
f 380 381 332
f 333 382 334
f 381 382 333
f 334 383 335
f 382 383 334
f 335 384 336
f 383 384 335
f 336 385 337
f 384 385 336
f 337 386 338
f 385 386 337
f 338 387 339
f 386 387 338
f 339 388 340
f 387 388 339
f 340 389 341
f 388 389 340
f 342 341 389
f 342 389 390
f 343 370 322
f 343 391 370
f 390 344 342
f 392 344 390
f 345 391 343
f 345 393 391
f 392 346 344
f 394 346 392
f 347 393 345
f 347 395 393
f 394 348 346
f 396 348 394
f 397 395 347
f 397 347 349
f 398 349 350
f 398 397 349
f 399 350 351
f 399 398 350
f 400 351 352
f 400 399 351
f 401 352 353
f 401 400 352
f 402 353 354
f 402 401 353
f 403 354 355
f 403 402 354
f 404 355 356
f 404 403 355
f 405 356 357
f 405 404 356
f 406 357 358
f 406 405 357
f 407 358 359
f 407 406 358
f 408 359 360
f 408 407 359
f 409 360 361
f 409 408 360
f 410 361 362
f 410 409 361
f 411 362 363
f 411 410 362
f 412 363 364
f 412 411 363
f 413 364 365
f 413 412 364
f 414 365 366
f 414 413 365
f 415 366 367
f 415 414 366
f 416 367 368
f 416 415 367
f 368 348 396
f 368 396 416
f 418 417 369
f 418 369 370
f 369 419 371
f 417 419 369
f 371 420 372
f 419 420 371
f 372 421 373
f 420 421 372
f 373 422 374
f 421 422 373
f 374 423 375
f 422 423 374
f 375 424 376
f 423 424 375
f 376 425 377
f 424 425 376
f 377 426 378
f 425 426 377
f 378 427 379
f 426 427 378
f 379 428 380
f 427 428 379
f 380 429 381
f 428 429 380
f 381 430 382
f 429 430 381
f 382 431 383
f 430 431 382
f 383 432 384
f 431 432 383
f 384 433 385
f 432 433 384
f 385 434 386
f 433 434 385
f 386 435 387
f 434 435 386
f 387 436 388
f 435 436 387
f 388 437 389
f 436 437 388
f 390 389 437
f 390 437 438
f 391 418 370
f 391 439 418
f 438 392 390
f 440 392 438
f 393 439 391
f 393 441 439
f 440 394 392
f 442 394 440
f 395 441 393
f 395 443 441
f 442 396 394
f 444 396 442
f 445 443 395
f 445 395 397
f 446 397 398
f 446 445 397
f 447 398 399
f 447 446 398
f 448 399 400
f 448 447 399
f 449 400 401
f 449 448 400
f 450 401 402
f 450 449 401
f 451 402 403
f 451 450 402
f 452 403 404
f 452 451 403
f 453 404 405
f 453 452 404
f 454 405 406
f 454 453 405
f 455 406 407
f 455 454 406
f 456 407 408
f 456 455 407
f 457 408 409
f 457 456 408
f 458 409 410
f 458 457 409
f 459 410 411
f 459 458 410
f 460 411 412
f 460 459 411
f 461 412 413
f 461 460 412
f 462 413 414
f 462 461 413
f 463 414 415
f 463 462 414
f 464 415 416
f 464 463 415
f 416 396 444
f 416 444 464
f 466 465 417
f 466 417 418
f 417 467 419
f 465 467 417
f 419 468 420
f 467 468 419
f 420 469 421
f 468 469 420
f 421 470 422
f 469 470 421
f 422 471 423
f 470 471 422
f 423 472 424
f 471 472 423
f 424 473 425
f 472 473 424
f 425 474 426
f 473 474 425
f 426 475 427
f 474 475 426
f 427 476 428
f 475 476 427
f 428 477 429
f 476 477 428
f 429 478 430
f 477 478 429
f 430 479 431
f 478 479 430
f 431 480 432
f 479 480 431
f 432 481 433
f 480 481 432
f 433 482 434
f 481 482 433
f 434 483 435
f 482 483 434
f 435 484 436
f 483 484 435
f 436 485 437
f 484 485 436
f 438 437 485
f 438 485 486
f 439 466 418
f 439 487 466
f 486 440 438
f 488 440 486
f 441 487 439
f 441 489 487
f 488 442 440
f 490 442 488
f 443 489 441
f 443 491 489
f 490 444 442
f 492 444 490
f 493 491 443
f 493 443 445
f 494 445 446
f 494 493 445
f 495 446 447
f 495 494 446
f 496 447 448
f 496 495 447
f 497 448 449
f 497 496 448
f 498 449 450
f 498 497 449
f 499 450 451
f 499 498 450
f 500 451 452
f 500 499 451
f 501 452 453
f 501 500 452
f 502 453 454
f 502 501 453
f 503 454 455
f 503 502 454
f 504 455 456
f 504 503 455
f 505 456 457
f 505 504 456
f 506 457 458
f 506 505 457
f 507 458 459
f 507 506 458
f 508 459 460
f 508 507 459
f 509 460 461
f 509 508 460
f 510 461 462
f 510 509 461
f 511 462 463
f 511 510 462
f 512 463 464
f 512 511 463
f 464 444 492
f 464 492 512
f 514 513 465
f 514 465 466
f 465 515 467
f 513 515 465
f 467 516 468
f 515 516 467
f 468 517 469
f 516 517 468
f 469 518 470
f 517 518 469
f 470 519 471
f 518 519 470
f 471 520 472
f 519 520 471
f 472 521 473
f 520 521 472
f 473 522 474
f 521 522 473
f 474 523 475
f 522 523 474
f 475 524 476
f 523 524 475
f 476 525 477
f 524 525 476
f 477 526 478
f 525 526 477
f 478 527 479
f 526 527 478
f 479 528 480
f 527 528 479
f 480 529 481
f 528 529 480
f 481 530 482
f 529 530 481
f 482 531 483
f 530 531 482
f 483 532 484
f 531 532 483
f 484 533 485
f 532 533 484
f 486 485 533
f 486 533 534
f 487 514 466
f 487 535 514
f 534 488 486
f 536 488 534
f 489 535 487
f 489 537 535
f 536 490 488
f 538 490 536
f 491 537 489
f 491 539 537
f 538 492 490
f 540 492 538
f 541 539 491
f 541 491 493
f 542 493 494
f 542 541 493
f 543 494 495
f 543 542 494
f 544 495 496
f 544 543 495
f 545 496 497
f 545 544 496
f 546 497 498
f 546 545 497
f 547 498 499
f 547 546 498
f 548 499 500
f 548 547 499
f 549 500 501
f 549 548 500
f 550 501 502
f 550 549 501
f 551 502 503
f 551 550 502
f 552 503 504
f 552 551 503
f 553 504 505
f 553 552 504
f 554 505 506
f 554 553 505
f 555 506 507
f 555 554 506
f 556 507 508
f 556 555 507
f 557 508 509
f 557 556 508
f 558 509 510
f 558 557 509
f 559 510 511
f 559 558 510
f 560 511 512
f 560 559 511
f 512 492 540
f 512 540 560
f 562 561 513
f 562 513 514
f 513 563 515
f 561 563 513
f 515 564 516
f 563 564 515
f 516 565 517
f 564 565 516
f 517 566 518
f 565 566 517
f 518 567 519
f 566 567 518
f 519 568 520
f 567 568 519
f 520 569 521
f 568 569 520
f 521 570 522
f 569 570 521
f 522 571 523
f 570 571 522
f 523 572 524
f 571 572 523
f 524 573 525
f 572 573 524
f 525 574 526
f 573 574 525
f 526 575 527
f 574 575 526
f 527 576 528
f 575 576 527
f 528 577 529
f 576 577 528
f 529 578 530
f 577 578 529
f 530 579 531
f 578 579 530
f 531 580 532
f 579 580 531
f 532 581 533
f 580 581 532
f 534 533 581
f 534 581 582
f 535 562 514
f 535 583 562
f 582 536 534
f 584 536 582
f 537 583 535
f 537 585 583
f 584 538 536
f 586 538 584
f 539 585 537
f 539 587 585
f 586 540 538
f 588 540 586
f 589 587 539
f 589 539 541
f 590 541 542
f 590 589 541
f 591 542 543
f 591 590 542
f 592 543 544
f 592 591 543
f 593 544 545
f 593 592 544
f 594 545 546
f 594 593 545
f 595 546 547
f 595 594 546
f 596 547 548
f 596 595 547
f 597 548 549
f 597 596 548
f 598 549 550
f 598 597 549
f 599 550 551
f 599 598 550
f 600 551 552
f 600 599 551
f 601 552 553
f 601 600 552
f 602 553 554
f 602 601 553
f 603 554 555
f 603 602 554
f 604 555 556
f 604 603 555
f 605 556 557
f 605 604 556
f 606 557 558
f 606 605 557
f 607 558 559
f 607 606 558
f 608 559 560
f 608 607 559
f 560 540 588
f 560 588 608
f 610 609 561
f 610 561 562
f 561 611 563
f 609 611 561
f 563 612 564
f 611 612 563
f 564 613 565
f 612 613 564
f 565 614 566
f 613 614 565
f 566 615 567
f 614 615 566
f 567 616 568
f 615 616 567
f 568 617 569
f 616 617 568
f 569 618 570
f 617 618 569
f 570 619 571
f 618 619 570
f 571 620 572
f 619 620 571
f 572 621 573
f 620 621 572
f 573 622 574
f 621 622 573
f 574 623 575
f 622 623 574
f 575 624 576
f 623 624 575
f 576 625 577
f 624 625 576
f 577 626 578
f 625 626 577
f 578 627 579
f 626 627 578
f 579 628 580
f 627 628 579
f 580 629 581
f 628 629 580
f 582 581 629
f 582 629 630
f 583 610 562
f 583 631 610
f 630 584 582
f 632 584 630
f 585 631 583
f 585 633 631
f 632 586 584
f 634 586 632
f 587 633 585
f 587 635 633
f 634 588 586
f 636 588 634
f 637 635 587
f 637 587 589
f 638 589 590
f 638 637 589
f 639 590 591
f 639 638 590
f 640 591 592
f 640 639 591
f 641 592 593
f 641 640 592
f 642 593 594
f 642 641 593
f 643 594 595
f 643 642 594
f 644 595 596
f 644 643 595
f 645 596 597
f 645 644 596
f 646 597 598
f 646 645 597
f 647 598 599
f 647 646 598
f 648 599 600
f 648 647 599
f 649 600 601
f 649 648 600
f 650 601 602
f 650 649 601
f 651 602 603
f 651 650 602
f 652 603 604
f 652 651 603
f 653 604 605
f 653 652 604
f 654 605 606
f 654 653 605
f 655 606 607
f 655 654 606
f 656 607 608
f 656 655 607
f 608 588 636
f 608 636 656
f 658 657 609
f 658 609 610
f 609 659 611
f 657 659 609
f 611 660 612
f 659 660 611
f 612 661 613
f 660 661 612
f 613 662 614
f 661 662 613
f 614 663 615
f 662 663 614
f 615 664 616
f 663 664 615
f 616 665 617
f 664 665 616
f 617 666 618
f 665 666 617
f 618 667 619
f 666 667 618
f 619 668 620
f 667 668 619
f 620 669 621
f 668 669 620
f 621 670 622
f 669 670 621
f 622 671 623
f 670 671 622
f 623 672 624
f 671 672 623
f 624 673 625
f 672 673 624
f 625 674 626
f 673 674 625
f 626 675 627
f 674 675 626
f 627 676 628
f 675 676 627
f 628 677 629
f 676 677 628
f 630 629 677
f 630 677 678
f 631 658 610
f 631 679 658
f 678 632 630
f 680 632 678
f 633 679 631
f 633 681 679
f 680 634 632
f 682 634 680
f 635 681 633
f 635 683 681
f 682 636 634
f 684 636 682
f 685 683 635
f 685 635 637
f 686 637 638
f 686 685 637
f 687 638 639
f 687 686 638
f 688 639 640
f 688 687 639
f 689 640 641
f 689 688 640
f 690 641 642
f 690 689 641
f 691 642 643
f 691 690 642
f 692 643 644
f 692 691 643
f 693 644 645
f 693 692 644
f 694 645 646
f 694 693 645
f 695 646 647
f 695 694 646
f 696 647 648
f 696 695 647
f 697 648 649
f 697 696 648
f 698 649 650
f 698 697 649
f 699 650 651
f 699 698 650
f 700 651 652
f 700 699 651
f 701 652 653
f 701 700 652
f 702 653 654
f 702 701 653
f 703 654 655
f 703 702 654
f 704 655 656
f 704 703 655
f 656 636 684
f 656 684 704
f 706 705 657
f 706 657 658
f 657 707 659
f 705 707 657
f 659 708 660
f 707 708 659
f 660 709 661
f 708 709 660
f 661 710 662
f 709 710 661
f 662 711 663
f 710 711 662
f 663 712 664
f 711 712 663
f 664 713 665
f 712 713 664
f 665 714 666
f 713 714 665
f 666 715 667
f 714 715 666
f 667 716 668
f 715 716 667
f 668 717 669
f 716 717 668
f 669 718 670
f 717 718 669
f 670 719 671
f 718 719 670
f 671 720 672
f 719 720 671
f 672 721 673
f 720 721 672
f 673 722 674
f 721 722 673
f 674 723 675
f 722 723 674
f 675 724 676
f 723 724 675
f 676 725 677
f 724 725 676
f 678 677 725
f 678 725 726
f 679 706 658
f 679 727 706
f 726 680 678
f 728 680 726
f 681 727 679
f 681 729 727
f 728 682 680
f 730 682 728
f 683 729 681
f 683 731 729
f 730 684 682
f 732 684 730
f 733 731 683
f 733 683 685
f 734 685 686
f 734 733 685
f 735 686 687
f 735 734 686
f 736 687 688
f 736 735 687
f 737 688 689
f 737 736 688
f 738 689 690
f 738 737 689
f 739 690 691
f 739 738 690
f 740 691 692
f 740 739 691
f 741 692 693
f 741 740 692
f 742 693 694
f 742 741 693
f 743 694 695
f 743 742 694
f 744 695 696
f 744 743 695
f 745 696 697
f 745 744 696
f 746 697 698
f 746 745 697
f 747 698 699
f 747 746 698
f 748 699 700
f 748 747 699
f 749 700 701
f 749 748 700
f 750 701 702
f 750 749 701
f 751 702 703
f 751 750 702
f 752 703 704
f 752 751 703
f 704 684 732
f 704 732 752
f 754 753 705
f 754 705 706
f 705 755 707
f 753 755 705
f 707 756 708
f 755 756 707
f 708 757 709
f 756 757 708
f 709 758 710
f 757 758 709
f 710 759 711
f 758 759 710
f 711 760 712
f 759 760 711
f 712 761 713
f 760 761 712
f 713 762 714
f 761 762 713
f 714 763 715
f 762 763 714
f 715 764 716
f 763 764 715
f 716 765 717
f 764 765 716
f 717 766 718
f 765 766 717
f 718 767 719
f 766 767 718
f 719 768 720
f 767 768 719
f 720 769 721
f 768 769 720
f 721 770 722
f 769 770 721
f 722 771 723
f 770 771 722
f 723 772 724
f 771 772 723
f 724 773 725
f 772 773 724
f 726 725 773
f 726 773 774
f 727 754 706
f 727 775 754
f 774 728 726
f 776 728 774
f 729 775 727
f 729 777 775
f 776 730 728
f 778 730 776
f 731 777 729
f 731 779 777
f 778 732 730
f 780 732 778
f 781 779 731
f 781 731 733
f 782 733 734
f 782 781 733
f 783 734 735
f 783 782 734
f 784 735 736
f 784 783 735
f 785 736 737
f 785 784 736
f 786 737 738
f 786 785 737
f 787 738 739
f 787 786 738
f 788 739 740
f 788 787 739
f 789 740 741
f 789 788 740
f 790 741 742
f 790 789 741
f 791 742 743
f 791 790 742
f 792 743 744
f 792 791 743
f 793 744 745
f 793 792 744
f 794 745 746
f 794 793 745
f 795 746 747
f 795 794 746
f 796 747 748
f 796 795 747
f 797 748 749
f 797 796 748
f 798 749 750
f 798 797 749
f 799 750 751
f 799 798 750
f 800 751 752
f 800 799 751
f 752 732 780
f 752 780 800
f 802 801 753
f 802 753 754
f 753 803 755
f 801 803 753
f 755 804 756
f 803 804 755
f 756 805 757
f 804 805 756
f 757 806 758
f 805 806 757
f 758 807 759
f 806 807 758
f 759 808 760
f 807 808 759
f 760 809 761
f 808 809 760
f 761 810 762
f 809 810 761
f 762 811 763
f 810 811 762
f 763 812 764
f 811 812 763
f 764 813 765
f 812 813 764
f 765 814 766
f 813 814 765
f 766 815 767
f 814 815 766
f 767 816 768
f 815 816 767
f 768 817 769
f 816 817 768
f 769 818 770
f 817 818 769
f 770 819 771
f 818 819 770
f 771 820 772
f 819 820 771
f 772 821 773
f 820 821 772
f 774 773 821
f 774 821 822
f 775 802 754
f 775 823 802
f 822 776 774
f 824 776 822
f 777 823 775
f 777 825 823
f 824 778 776
f 826 778 824
f 779 825 777
f 779 827 825
f 826 780 778
f 828 780 826
f 829 827 779
f 829 779 781
f 830 781 782
f 830 829 781
f 831 782 783
f 831 830 782
f 832 783 784
f 832 831 783
f 833 784 785
f 833 832 784
f 834 785 786
f 834 833 785
f 835 786 787
f 835 834 786
f 836 787 788
f 836 835 787
f 837 788 789
f 837 836 788
f 838 789 790
f 838 837 789
f 839 790 791
f 839 838 790
f 840 791 792
f 840 839 791
f 841 792 793
f 841 840 792
f 842 793 794
f 842 841 793
f 843 794 795
f 843 842 794
f 844 795 796
f 844 843 795
f 845 796 797
f 845 844 796
f 846 797 798
f 846 845 797
f 847 798 799
f 847 846 798
f 848 799 800
f 848 847 799
f 800 780 828
f 800 828 848
f 850 849 801
f 850 801 802
f 801 851 803
f 849 851 801
f 803 852 804
f 851 852 803
f 804 853 805
f 852 853 804
f 805 854 806
f 853 854 805
f 806 855 807
f 854 855 806
f 807 856 808
f 855 856 807
f 808 857 809
f 856 857 808
f 809 858 810
f 857 858 809
f 810 859 811
f 858 859 810
f 811 860 812
f 859 860 811
f 812 861 813
f 860 861 812
f 813 862 814
f 861 862 813
f 814 863 815
f 862 863 814
f 815 864 816
f 863 864 815
f 816 865 817
f 864 865 816
f 817 866 818
f 865 866 817
f 818 867 819
f 866 867 818
f 819 868 820
f 867 868 819
f 820 869 821
f 868 869 820
f 822 821 869
f 822 869 870
f 823 850 802
f 823 871 850
f 870 824 822
f 872 824 870
f 825 871 823
f 825 873 871
f 872 826 824
f 874 826 872
f 827 873 825
f 827 875 873
f 874 828 826
f 876 828 874
f 877 875 827
f 877 827 829
f 878 829 830
f 878 877 829
f 879 830 831
f 879 878 830
f 880 831 832
f 880 879 831
f 881 832 833
f 881 880 832
f 882 833 834
f 882 881 833
f 883 834 835
f 883 882 834
f 884 835 836
f 884 883 835
f 885 836 837
f 885 884 836
f 886 837 838
f 886 885 837
f 887 838 839
f 887 886 838
f 888 839 840
f 888 887 839
f 889 840 841
f 889 888 840
f 890 841 842
f 890 889 841
f 891 842 843
f 891 890 842
f 892 843 844
f 892 891 843
f 893 844 845
f 893 892 844
f 894 845 846
f 894 893 845
f 895 846 847
f 895 894 846
f 896 847 848
f 896 895 847
f 848 828 876
f 848 876 896
f 898 897 849
f 898 849 850
f 849 899 851
f 897 899 849
f 851 900 852
f 899 900 851
f 852 901 853
f 900 901 852
f 853 902 854
f 901 902 853
f 854 903 855
f 902 903 854
f 855 904 856
f 903 904 855
f 856 905 857
f 904 905 856
f 857 906 858
f 905 906 857
f 858 907 859
f 906 907 858
f 859 908 860
f 907 908 859
f 860 909 861
f 908 909 860
f 861 910 862
f 909 910 861
f 862 911 863
f 910 911 862
f 863 912 864
f 911 912 863
f 864 913 865
f 912 913 864
f 865 914 866
f 913 914 865
f 866 915 867
f 914 915 866
f 867 916 868
f 915 916 867
f 868 917 869
f 916 917 868
f 870 869 917
f 870 917 918
f 871 898 850
f 871 919 898
f 918 872 870
f 920 872 918
f 873 919 871
f 873 921 919
f 920 874 872
f 922 874 920
f 875 921 873
f 875 923 921
f 922 876 874
f 924 876 922
f 925 923 875
f 925 875 877
f 926 877 878
f 926 925 877
f 927 878 879
f 927 926 878
f 928 879 880
f 928 927 879
f 929 880 881
f 929 928 880
f 930 881 882
f 930 929 881
f 931 882 883
f 931 930 882
f 932 883 884
f 932 931 883
f 933 884 885
f 933 932 884
f 934 885 886
f 934 933 885
f 935 886 887
f 935 934 886
f 936 887 888
f 936 935 887
f 937 888 889
f 937 936 888
f 938 889 890
f 938 937 889
f 939 890 891
f 939 938 890
f 940 891 892
f 940 939 891
f 941 892 893
f 941 940 892
f 942 893 894
f 942 941 893
f 943 894 895
f 943 942 894
f 944 895 896
f 944 943 895
f 896 876 924
f 896 924 944
f 946 945 897
f 946 897 898
f 897 947 899
f 945 947 897
f 899 948 900
f 947 948 899
f 900 949 901
f 948 949 900
f 901 950 902
f 949 950 901
f 902 951 903
f 950 951 902
f 903 952 904
f 951 952 903
f 904 953 905
f 952 953 904
f 905 954 906
f 953 954 905
f 906 955 907
f 954 955 906
f 907 956 908
f 955 956 907
f 908 957 909
f 956 957 908
f 909 958 910
f 957 958 909
f 910 959 911
f 958 959 910
f 911 960 912
f 959 960 911
f 912 961 913
f 960 961 912
f 913 962 914
f 961 962 913
f 914 963 915
f 962 963 914
f 915 964 916
f 963 964 915
f 916 965 917
f 964 965 916
f 918 917 965
f 918 965 966
f 919 946 898
f 919 967 946
f 966 920 918
f 968 920 966
f 921 967 919
f 921 969 967
f 968 922 920
f 970 922 968
f 923 969 921
f 923 971 969
f 970 924 922
f 972 924 970
f 973 971 923
f 973 923 925
f 974 925 926
f 974 973 925
f 975 926 927
f 975 974 926
f 976 927 928
f 976 975 927
f 977 928 929
f 977 976 928
f 978 929 930
f 978 977 929
f 979 930 931
f 979 978 930
f 980 931 932
f 980 979 931
f 981 932 933
f 981 980 932
f 982 933 934
f 982 981 933
f 983 934 935
f 983 982 934
f 984 935 936
f 984 983 935
f 985 936 937
f 985 984 936
f 986 937 938
f 986 985 937
f 987 938 939
f 987 986 938
f 988 939 940
f 988 987 939
f 989 940 941
f 989 988 940
f 990 941 942
f 990 989 941
f 991 942 943
f 991 990 942
f 992 943 944
f 992 991 943
f 944 924 972
f 944 972 992
f 994 993 945
f 994 945 946
f 945 995 947
f 993 995 945
f 947 996 948
f 995 996 947
f 948 997 949
f 996 997 948
f 949 998 950
f 997 998 949
f 950 999 951
f 998 999 950
f 951 1000 952
f 999 1000 951
f 952 1001 953
f 1000 1001 952
f 953 1002 954
f 1001 1002 953
f 954 1003 955
f 1002 1003 954
f 955 1004 956
f 1003 1004 955
f 956 1005 957
f 1004 1005 956
f 957 1006 958
f 1005 1006 957
f 958 1007 959
f 1006 1007 958
f 959 1008 960
f 1007 1008 959
f 960 1009 961
f 1008 1009 960
f 961 1010 962
f 1009 1010 961
f 962 1011 963
f 1010 1011 962
f 963 1012 964
f 1011 1012 963
f 964 1013 965
f 1012 1013 964
f 966 965 1013
f 966 1013 1014
f 967 994 946
f 967 1015 994
f 1014 968 966
f 1016 968 1014
f 969 1015 967
f 969 1017 1015
f 1016 970 968
f 1018 970 1016
f 971 1017 969
f 971 1019 1017
f 1018 972 970
f 1020 972 1018
f 1021 1019 971
f 1021 971 973
f 1022 973 974
f 1022 1021 973
f 1023 974 975
f 1023 1022 974
f 1024 975 976
f 1024 1023 975
f 1025 976 977
f 1025 1024 976
f 1026 977 978
f 1026 1025 977
f 1027 978 979
f 1027 1026 978
f 1028 979 980
f 1028 1027 979
f 1029 980 981
f 1029 1028 980
f 1030 981 982
f 1030 1029 981
f 1031 982 983
f 1031 1030 982
f 1032 983 984
f 1032 1031 983
f 1033 984 985
f 1033 1032 984
f 1034 985 986
f 1034 1033 985
f 1035 986 987
f 1035 1034 986
f 1036 987 988
f 1036 1035 987
f 1037 988 989
f 1037 1036 988
f 1038 989 990
f 1038 1037 989
f 1039 990 991
f 1039 1038 990
f 1040 991 992
f 1040 1039 991
f 992 972 1020
f 992 1020 1040
f 1042 1041 993
f 1042 993 994
f 993 1043 995
f 1041 1043 993
f 995 1044 996
f 1043 1044 995
f 996 1045 997
f 1044 1045 996
f 997 1046 998
f 1045 1046 997
f 998 1047 999
f 1046 1047 998
f 999 1048 1000
f 1047 1048 999
f 1000 1049 1001
f 1048 1049 1000
f 1001 1050 1002
f 1049 1050 1001
f 1002 1051 1003
f 1050 1051 1002
f 1003 1052 1004
f 1051 1052 1003
f 1004 1053 1005
f 1052 1053 1004
f 1005 1054 1006
f 1053 1054 1005
f 1006 1055 1007
f 1054 1055 1006
f 1007 1056 1008
f 1055 1056 1007
f 1008 1057 1009
f 1056 1057 1008
f 1009 1058 1010
f 1057 1058 1009
f 1010 1059 1011
f 1058 1059 1010
f 1011 1060 1012
f 1059 1060 1011
f 1012 1061 1013
f 1060 1061 1012
f 1014 1013 1061
f 1014 1061 1062
f 1015 1042 994
f 1015 1063 1042
f 1062 1016 1014
f 1064 1016 1062
f 1017 1063 1015
f 1017 1065 1063
f 1064 1018 1016
f 1066 1018 1064
f 1019 1065 1017
f 1019 1067 1065
f 1066 1020 1018
f 1068 1020 1066
f 1069 1067 1019
f 1069 1019 1021
f 1070 1021 1022
f 1070 1069 1021
f 1071 1022 1023
f 1071 1070 1022
f 1072 1023 1024
f 1072 1071 1023
f 1073 1024 1025
f 1073 1072 1024
f 1074 1025 1026
f 1074 1073 1025
f 1075 1026 1027
f 1075 1074 1026
f 1076 1027 1028
f 1076 1075 1027
f 1077 1028 1029
f 1077 1076 1028
f 1078 1029 1030
f 1078 1077 1029
f 1079 1030 1031
f 1079 1078 1030
f 1080 1031 1032
f 1080 1079 1031
f 1081 1032 1033
f 1081 1080 1032
f 1082 1033 1034
f 1082 1081 1033
f 1083 1034 1035
f 1083 1082 1034
f 1084 1035 1036
f 1084 1083 1035
f 1085 1036 1037
f 1085 1084 1036
f 1086 1037 1038
f 1086 1085 1037
f 1087 1038 1039
f 1087 1086 1038
f 1088 1039 1040
f 1088 1087 1039
f 1040 1020 1068
f 1040 1068 1088
f 1090 1089 1041
f 1090 1041 1042
f 1041 1091 1043
f 1089 1091 1041
f 1043 1092 1044
f 1091 1092 1043
f 1044 1093 1045
f 1092 1093 1044
f 1045 1094 1046
f 1093 1094 1045
f 1046 1095 1047
f 1094 1095 1046
f 1047 1096 1048
f 1095 1096 1047
f 1048 1097 1049
f 1096 1097 1048
f 1049 1098 1050
f 1097 1098 1049
f 1050 1099 1051
f 1098 1099 1050
f 1051 1100 1052
f 1099 1100 1051
f 1052 1101 1053
f 1100 1101 1052
f 1053 1102 1054
f 1101 1102 1053
f 1054 1103 1055
f 1102 1103 1054
f 1055 1104 1056
f 1103 1104 1055
f 1056 1105 1057
f 1104 1105 1056
f 1057 1106 1058
f 1105 1106 1057
f 1058 1107 1059
f 1106 1107 1058
f 1059 1108 1060
f 1107 1108 1059
f 1060 1109 1061
f 1108 1109 1060
f 1062 1061 1109
f 1062 1109 1110
f 1063 1090 1042
f 1063 1111 1090
f 1110 1064 1062
f 1112 1064 1110
f 1065 1111 1063
f 1065 1113 1111
f 1112 1066 1064
f 1114 1066 1112
f 1067 1113 1065
f 1067 1115 1113
f 1114 1068 1066
f 1116 1068 1114
f 1117 1115 1067
f 1117 1067 1069
f 1118 1069 1070
f 1118 1117 1069
f 1119 1070 1071
f 1119 1118 1070
f 1120 1071 1072
f 1120 1119 1071
f 1121 1072 1073
f 1121 1120 1072
f 1122 1073 1074
f 1122 1121 1073
f 1123 1074 1075
f 1123 1122 1074
f 1124 1075 1076
f 1124 1123 1075
f 1125 1076 1077
f 1125 1124 1076
f 1126 1077 1078
f 1126 1125 1077
f 1127 1078 1079
f 1127 1126 1078
f 1128 1079 1080
f 1128 1127 1079
f 1129 1080 1081
f 1129 1128 1080
f 1130 1081 1082
f 1130 1129 1081
f 1131 1082 1083
f 1131 1130 1082
f 1132 1083 1084
f 1132 1131 1083
f 1133 1084 1085
f 1133 1132 1084
f 1134 1085 1086
f 1134 1133 1085
f 1135 1086 1087
f 1135 1134 1086
f 1136 1087 1088
f 1136 1135 1087
f 1088 1068 1116
f 1088 1116 1136
f 1138 1137 1089
f 1138 1089 1090
f 1089 1139 1091
f 1137 1139 1089
f 1091 1140 1092
f 1139 1140 1091
f 1092 1141 1093
f 1140 1141 1092
f 1093 1142 1094
f 1141 1142 1093
f 1094 1143 1095
f 1142 1143 1094
f 1095 1144 1096
f 1143 1144 1095
f 1096 1145 1097
f 1144 1145 1096
f 1097 1146 1098
f 1145 1146 1097
f 1098 1147 1099
f 1146 1147 1098
f 1099 1148 1100
f 1147 1148 1099
f 1100 1149 1101
f 1148 1149 1100
f 1101 1150 1102
f 1149 1150 1101
f 1102 1151 1103
f 1150 1151 1102
f 1103 1152 1104
f 1151 1152 1103
f 1104 1153 1105
f 1152 1153 1104
f 1105 1154 1106
f 1153 1154 1105
f 1106 1155 1107
f 1154 1155 1106
f 1107 1156 1108
f 1155 1156 1107
f 1108 1157 1109
f 1156 1157 1108
f 1110 1109 1157
f 1110 1157 1158
f 1111 1138 1090
f 1111 1159 1138
f 1158 1112 1110
f 1160 1112 1158
f 1113 1159 1111
f 1113 1161 1159
f 1160 1114 1112
f 1162 1114 1160
f 1115 1161 1113
f 1115 1163 1161
f 1162 1116 1114
f 1164 1116 1162
f 1165 1163 1115
f 1165 1115 1117
f 1166 1117 1118
f 1166 1165 1117
f 1167 1118 1119
f 1167 1166 1118
f 1168 1119 1120
f 1168 1167 1119
f 1169 1120 1121
f 1169 1168 1120
f 1170 1121 1122
f 1170 1169 1121
f 1171 1122 1123
f 1171 1170 1122
f 1172 1123 1124
f 1172 1171 1123
f 1173 1124 1125
f 1173 1172 1124
f 1174 1125 1126
f 1174 1173 1125
f 1175 1126 1127
f 1175 1174 1126
f 1176 1127 1128
f 1176 1175 1127
f 1177 1128 1129
f 1177 1176 1128
f 1178 1129 1130
f 1178 1177 1129
f 1179 1130 1131
f 1179 1178 1130
f 1180 1131 1132
f 1180 1179 1131
f 1181 1132 1133
f 1181 1180 1132
f 1182 1133 1134
f 1182 1181 1133
f 1183 1134 1135
f 1183 1182 1134
f 1184 1135 1136
f 1184 1183 1135
f 1136 1116 1164
f 1136 1164 1184
f 1186 1185 1137
f 1186 1137 1138
f 1137 1187 1139
f 1185 1187 1137
f 1139 1188 1140
f 1187 1188 1139
f 1140 1189 1141
f 1188 1189 1140
f 1141 1190 1142
f 1189 1190 1141
f 1142 1191 1143
f 1190 1191 1142
f 1143 1192 1144
f 1191 1192 1143
f 1144 1193 1145
f 1192 1193 1144
f 1145 1194 1146
f 1193 1194 1145
f 1146 1195 1147
f 1194 1195 1146
f 1147 1196 1148
f 1195 1196 1147
f 1148 1197 1149
f 1196 1197 1148
f 1149 1198 1150
f 1197 1198 1149
f 1150 1199 1151
f 1198 1199 1150
f 1151 1200 1152
f 1199 1200 1151
f 1152 1201 1153
f 1200 1201 1152
f 1153 1202 1154
f 1201 1202 1153
f 1154 1203 1155
f 1202 1203 1154
f 1155 1204 1156
f 1203 1204 1155
f 1156 1205 1157
f 1204 1205 1156
f 1158 1157 1205
f 1158 1205 1206
f 1159 1186 1138
f 1159 1207 1186
f 1206 1160 1158
f 1208 1160 1206
f 1161 1207 1159
f 1161 1209 1207
f 1208 1162 1160
f 1210 1162 1208
f 1163 1209 1161
f 1163 1211 1209
f 1210 1164 1162
f 1212 1164 1210
f 1213 1211 1163
f 1213 1163 1165
f 1214 1165 1166
f 1214 1213 1165
f 1215 1166 1167
f 1215 1214 1166
f 1216 1167 1168
f 1216 1215 1167
f 1217 1168 1169
f 1217 1216 1168
f 1218 1169 1170
f 1218 1217 1169
f 1219 1170 1171
f 1219 1218 1170
f 1220 1171 1172
f 1220 1219 1171
f 1221 1172 1173
f 1221 1220 1172
f 1222 1173 1174
f 1222 1221 1173
f 1223 1174 1175
f 1223 1222 1174
f 1224 1175 1176
f 1224 1223 1175
f 1225 1176 1177
f 1225 1224 1176
f 1226 1177 1178
f 1226 1225 1177
f 1227 1178 1179
f 1227 1226 1178
f 1228 1179 1180
f 1228 1227 1179
f 1229 1180 1181
f 1229 1228 1180
f 1230 1181 1182
f 1230 1229 1181
f 1231 1182 1183
f 1231 1230 1182
f 1232 1183 1184
f 1232 1231 1183
f 1184 1164 1212
f 1184 1212 1232
f 1234 1233 1185
f 1234 1185 1186
f 1185 1235 1187
f 1233 1235 1185
f 1187 1236 1188
f 1235 1236 1187
f 1188 1237 1189
f 1236 1237 1188
f 1189 1238 1190
f 1237 1238 1189
f 1190 1239 1191
f 1238 1239 1190
f 1191 1240 1192
f 1239 1240 1191
f 1192 1241 1193
f 1240 1241 1192
f 1193 1242 1194
f 1241 1242 1193
f 1194 1243 1195
f 1242 1243 1194
f 1195 1244 1196
f 1243 1244 1195
f 1196 1245 1197
f 1244 1245 1196
f 1197 1246 1198
f 1245 1246 1197
f 1198 1247 1199
f 1246 1247 1198
f 1199 1248 1200
f 1247 1248 1199
f 1200 1249 1201
f 1248 1249 1200
f 1201 1250 1202
f 1249 1250 1201
f 1202 1251 1203
f 1250 1251 1202
f 1203 1252 1204
f 1251 1252 1203
f 1204 1253 1205
f 1252 1253 1204
f 1206 1205 1253
f 1206 1253 1254
f 1207 1234 1186
f 1207 1255 1234
f 1254 1208 1206
f 1256 1208 1254
f 1209 1255 1207
f 1209 1257 1255
f 1256 1210 1208
f 1258 1210 1256
f 1211 1257 1209
f 1211 1259 1257
f 1258 1212 1210
f 1260 1212 1258
f 1261 1259 1211
f 1261 1211 1213
f 1262 1213 1214
f 1262 1261 1213
f 1263 1214 1215
f 1263 1262 1214
f 1264 1215 1216
f 1264 1263 1215
f 1265 1216 1217
f 1265 1264 1216
f 1266 1217 1218
f 1266 1265 1217
f 1267 1218 1219
f 1267 1266 1218
f 1268 1219 1220
f 1268 1267 1219
f 1269 1220 1221
f 1269 1268 1220
f 1270 1221 1222
f 1270 1269 1221
f 1271 1222 1223
f 1271 1270 1222
f 1272 1223 1224
f 1272 1271 1223
f 1273 1224 1225
f 1273 1272 1224
f 1274 1225 1226
f 1274 1273 1225
f 1275 1226 1227
f 1275 1274 1226
f 1276 1227 1228
f 1276 1275 1227
f 1277 1228 1229
f 1277 1276 1228
f 1278 1229 1230
f 1278 1277 1229
f 1279 1230 1231
f 1279 1278 1230
f 1280 1231 1232
f 1280 1279 1231
f 1232 1212 1260
f 1232 1260 1280
f 1282 1281 1233
f 1282 1233 1234
f 1233 1283 1235
f 1281 1283 1233
f 1235 1284 1236
f 1283 1284 1235
f 1236 1285 1237
f 1284 1285 1236
f 1237 1286 1238
f 1285 1286 1237
f 1238 1287 1239
f 1286 1287 1238
f 1239 1288 1240
f 1287 1288 1239
f 1240 1289 1241
f 1288 1289 1240
f 1241 1290 1242
f 1289 1290 1241
f 1242 1291 1243
f 1290 1291 1242
f 1243 1292 1244
f 1291 1292 1243
f 1244 1293 1245
f 1292 1293 1244
f 1245 1294 1246
f 1293 1294 1245
f 1246 1295 1247
f 1294 1295 1246
f 1247 1296 1248
f 1295 1296 1247
f 1248 1297 1249
f 1296 1297 1248
f 1249 1298 1250
f 1297 1298 1249
f 1250 1299 1251
f 1298 1299 1250
f 1251 1300 1252
f 1299 1300 1251
f 1252 1301 1253
f 1300 1301 1252
f 1254 1253 1301
f 1254 1301 1302
f 1255 1282 1234
f 1255 1303 1282
f 1302 1256 1254
f 1304 1256 1302
f 1257 1303 1255
f 1257 1305 1303
f 1304 1258 1256
f 1306 1258 1304
f 1259 1305 1257
f 1259 1307 1305
f 1306 1260 1258
f 1308 1260 1306
f 1309 1307 1259
f 1309 1259 1261
f 1310 1261 1262
f 1310 1309 1261
f 1311 1262 1263
f 1311 1310 1262
f 1312 1263 1264
f 1312 1311 1263
f 1313 1264 1265
f 1313 1312 1264
f 1314 1265 1266
f 1314 1313 1265
f 1315 1266 1267
f 1315 1314 1266
f 1316 1267 1268
f 1316 1315 1267
f 1317 1268 1269
f 1317 1316 1268
f 1318 1269 1270
f 1318 1317 1269
f 1319 1270 1271
f 1319 1318 1270
f 1320 1271 1272
f 1320 1319 1271
f 1321 1272 1273
f 1321 1320 1272
f 1322 1273 1274
f 1322 1321 1273
f 1323 1274 1275
f 1323 1322 1274
f 1324 1275 1276
f 1324 1323 1275
f 1325 1276 1277
f 1325 1324 1276
f 1326 1277 1278
f 1326 1325 1277
f 1327 1278 1279
f 1327 1326 1278
f 1328 1279 1280
f 1328 1327 1279
f 1280 1260 1308
f 1280 1308 1328
f 1330 1329 1281
f 1330 1281 1282
f 1281 1331 1283
f 1329 1331 1281
f 1283 1332 1284
f 1331 1332 1283
f 1284 1333 1285
f 1332 1333 1284
f 1285 1334 1286
f 1333 1334 1285
f 1286 1335 1287
f 1334 1335 1286
f 1287 1336 1288
f 1335 1336 1287
f 1288 1337 1289
f 1336 1337 1288
f 1289 1338 1290
f 1337 1338 1289
f 1290 1339 1291
f 1338 1339 1290
f 1291 1340 1292
f 1339 1340 1291
f 1292 1341 1293
f 1340 1341 1292
f 1293 1342 1294
f 1341 1342 1293
f 1294 1343 1295
f 1342 1343 1294
f 1295 1344 1296
f 1343 1344 1295
f 1296 1345 1297
f 1344 1345 1296
f 1297 1346 1298
f 1345 1346 1297
f 1298 1347 1299
f 1346 1347 1298
f 1299 1348 1300
f 1347 1348 1299
f 1300 1349 1301
f 1348 1349 1300
f 1302 1301 1349
f 1302 1349 1350
f 1303 1330 1282
f 1303 1351 1330
f 1350 1304 1302
f 1352 1304 1350
f 1305 1351 1303
f 1305 1353 1351
f 1352 1306 1304
f 1354 1306 1352
f 1307 1353 1305
f 1307 1355 1353
f 1354 1308 1306
f 1356 1308 1354
f 1357 1355 1307
f 1357 1307 1309
f 1358 1309 1310
f 1358 1357 1309
f 1359 1310 1311
f 1359 1358 1310
f 1360 1311 1312
f 1360 1359 1311
f 1361 1312 1313
f 1361 1360 1312
f 1362 1313 1314
f 1362 1361 1313
f 1363 1314 1315
f 1363 1362 1314
f 1364 1315 1316
f 1364 1363 1315
f 1365 1316 1317
f 1365 1364 1316
f 1366 1317 1318
f 1366 1365 1317
f 1367 1318 1319
f 1367 1366 1318
f 1368 1319 1320
f 1368 1367 1319
f 1369 1320 1321
f 1369 1368 1320
f 1370 1321 1322
f 1370 1369 1321
f 1371 1322 1323
f 1371 1370 1322
f 1372 1323 1324
f 1372 1371 1323
f 1373 1324 1325
f 1373 1372 1324
f 1374 1325 1326
f 1374 1373 1325
f 1375 1326 1327
f 1375 1374 1326
f 1376 1327 1328
f 1376 1375 1327
f 1328 1308 1356
f 1328 1356 1376
f 1378 1377 1329
f 1378 1329 1330
f 1329 1379 1331
f 1377 1379 1329
f 1331 1380 1332
f 1379 1380 1331
f 1332 1381 1333
f 1380 1381 1332
f 1333 1382 1334
f 1381 1382 1333
f 1334 1383 1335
f 1382 1383 1334
f 1335 1384 1336
f 1383 1384 1335
f 1336 1385 1337
f 1384 1385 1336
f 1337 1386 1338
f 1385 1386 1337
f 1338 1387 1339
f 1386 1387 1338
f 1339 1388 1340
f 1387 1388 1339
f 1340 1389 1341
f 1388 1389 1340
f 1341 1390 1342
f 1389 1390 1341
f 1342 1391 1343
f 1390 1391 1342
f 1343 1392 1344
f 1391 1392 1343
f 1344 1393 1345
f 1392 1393 1344
f 1345 1394 1346
f 1393 1394 1345
f 1346 1395 1347
f 1394 1395 1346
f 1347 1396 1348
f 1395 1396 1347
f 1348 1397 1349
f 1396 1397 1348
f 1350 1349 1397
f 1350 1397 1398
f 1351 1378 1330
f 1351 1399 1378
f 1398 1352 1350
f 1400 1352 1398
f 1353 1399 1351
f 1353 1401 1399
f 1400 1354 1352
f 1402 1354 1400
f 1355 1401 1353
f 1355 1403 1401
f 1402 1356 1354
f 1404 1356 1402
f 1405 1403 1355
f 1405 1355 1357
f 1406 1357 1358
f 1406 1405 1357
f 1407 1358 1359
f 1407 1406 1358
f 1408 1359 1360
f 1408 1407 1359
f 1409 1360 1361
f 1409 1408 1360
f 1410 1361 1362
f 1410 1409 1361
f 1411 1362 1363
f 1411 1410 1362
f 1412 1363 1364
f 1412 1411 1363
f 1413 1364 1365
f 1413 1412 1364
f 1414 1365 1366
f 1414 1413 1365
f 1415 1366 1367
f 1415 1414 1366
f 1416 1367 1368
f 1416 1415 1367
f 1417 1368 1369
f 1417 1416 1368
f 1418 1369 1370
f 1418 1417 1369
f 1419 1370 1371
f 1419 1418 1370
f 1420 1371 1372
f 1420 1419 1371
f 1421 1372 1373
f 1421 1420 1372
f 1422 1373 1374
f 1422 1421 1373
f 1423 1374 1375
f 1423 1422 1374
f 1424 1375 1376
f 1424 1423 1375
f 1376 1356 1404
f 1376 1404 1424
f 1426 1425 1377
f 1426 1377 1378
f 1377 1427 1379
f 1425 1427 1377
f 1379 1428 1380
f 1427 1428 1379
f 1380 1429 1381
f 1428 1429 1380
f 1381 1430 1382
f 1429 1430 1381
f 1382 1431 1383
f 1430 1431 1382
f 1383 1432 1384
f 1431 1432 1383
f 1384 1433 1385
f 1432 1433 1384
f 1385 1434 1386
f 1433 1434 1385
f 1386 1435 1387
f 1434 1435 1386
f 1387 1436 1388
f 1435 1436 1387
f 1388 1437 1389
f 1436 1437 1388
f 1389 1438 1390
f 1437 1438 1389
f 1390 1439 1391
f 1438 1439 1390
f 1391 1440 1392
f 1439 1440 1391
f 1392 1441 1393
f 1440 1441 1392
f 1393 1442 1394
f 1441 1442 1393
f 1394 1443 1395
f 1442 1443 1394
f 1395 1444 1396
f 1443 1444 1395
f 1396 1445 1397
f 1444 1445 1396
f 1398 1397 1445
f 1398 1445 1446
f 1399 1426 1378
f 1399 1447 1426
f 1446 1400 1398
f 1448 1400 1446
f 1401 1447 1399
f 1401 1449 1447
f 1448 1402 1400
f 1450 1402 1448
f 1403 1449 1401
f 1403 1451 1449
f 1450 1404 1402
f 1452 1404 1450
f 1453 1451 1403
f 1453 1403 1405
f 1454 1405 1406
f 1454 1453 1405
f 1455 1406 1407
f 1455 1454 1406
f 1456 1407 1408
f 1456 1455 1407
f 1457 1408 1409
f 1457 1456 1408
f 1458 1409 1410
f 1458 1457 1409
f 1459 1410 1411
f 1459 1458 1410
f 1460 1411 1412
f 1460 1459 1411
f 1461 1412 1413
f 1461 1460 1412
f 1462 1413 1414
f 1462 1461 1413
f 1463 1414 1415
f 1463 1462 1414
f 1464 1415 1416
f 1464 1463 1415
f 1465 1416 1417
f 1465 1464 1416
f 1466 1417 1418
f 1466 1465 1417
f 1467 1418 1419
f 1467 1466 1418
f 1468 1419 1420
f 1468 1467 1419
f 1469 1420 1421
f 1469 1468 1420
f 1470 1421 1422
f 1470 1469 1421
f 1471 1422 1423
f 1471 1470 1422
f 1472 1423 1424
f 1472 1471 1423
f 1424 1404 1452
f 1424 1452 1472
f 1474 1473 1425
f 1474 1425 1426
f 1425 1475 1427
f 1473 1475 1425
f 1427 1476 1428
f 1475 1476 1427
f 1428 1477 1429
f 1476 1477 1428
f 1429 1478 1430
f 1477 1478 1429
f 1430 1479 1431
f 1478 1479 1430
f 1431 1480 1432
f 1479 1480 1431
f 1432 1481 1433
f 1480 1481 1432
f 1433 1482 1434
f 1481 1482 1433
f 1434 1483 1435
f 1482 1483 1434
f 1435 1484 1436
f 1483 1484 1435
f 1436 1485 1437
f 1484 1485 1436
f 1437 1486 1438
f 1485 1486 1437
f 1438 1487 1439
f 1486 1487 1438
f 1439 1488 1440
f 1487 1488 1439
f 1440 1489 1441
f 1488 1489 1440
f 1441 1490 1442
f 1489 1490 1441
f 1442 1491 1443
f 1490 1491 1442
f 1443 1492 1444
f 1491 1492 1443
f 1444 1493 1445
f 1492 1493 1444
f 1446 1445 1493
f 1446 1493 1494
f 1447 1474 1426
f 1447 1495 1474
f 1494 1448 1446
f 1496 1448 1494
f 1449 1495 1447
f 1449 1497 1495
f 1496 1450 1448
f 1498 1450 1496
f 1451 1497 1449
f 1451 1499 1497
f 1498 1452 1450
f 1500 1452 1498
f 1501 1499 1451
f 1501 1451 1453
f 1502 1453 1454
f 1502 1501 1453
f 1503 1454 1455
f 1503 1502 1454
f 1504 1455 1456
f 1504 1503 1455
f 1505 1456 1457
f 1505 1504 1456
f 1506 1457 1458
f 1506 1505 1457
f 1507 1458 1459
f 1507 1506 1458
f 1508 1459 1460
f 1508 1507 1459
f 1509 1460 1461
f 1509 1508 1460
f 1510 1461 1462
f 1510 1509 1461
f 1511 1462 1463
f 1511 1510 1462
f 1512 1463 1464
f 1512 1511 1463
f 1513 1464 1465
f 1513 1512 1464
f 1514 1465 1466
f 1514 1513 1465
f 1515 1466 1467
f 1515 1514 1466
f 1516 1467 1468
f 1516 1515 1467
f 1517 1468 1469
f 1517 1516 1468
f 1518 1469 1470
f 1518 1517 1469
f 1519 1470 1471
f 1519 1518 1470
f 1520 1471 1472
f 1520 1519 1471
f 1472 1452 1500
f 1472 1500 1520
f 1522 1521 1473
f 1522 1473 1474
f 1473 1523 1475
f 1521 1523 1473
f 1475 1524 1476
f 1523 1524 1475
f 1476 1525 1477
f 1524 1525 1476
f 1477 1526 1478
f 1525 1526 1477
f 1478 1527 1479
f 1526 1527 1478
f 1479 1528 1480
f 1527 1528 1479
f 1480 1529 1481
f 1528 1529 1480
f 1481 1530 1482
f 1529 1530 1481
f 1482 1531 1483
f 1530 1531 1482
f 1483 1532 1484
f 1531 1532 1483
f 1484 1533 1485
f 1532 1533 1484
f 1485 1534 1486
f 1533 1534 1485
f 1486 1535 1487
f 1534 1535 1486
f 1487 1536 1488
f 1535 1536 1487
f 1488 1537 1489
f 1536 1537 1488
f 1489 1538 1490
f 1537 1538 1489
f 1490 1539 1491
f 1538 1539 1490
f 1491 1540 1492
f 1539 1540 1491
f 1492 1541 1493
f 1540 1541 1492
f 1494 1493 1541
f 1494 1541 1542
f 1495 1522 1474
f 1495 1543 1522
f 1542 1496 1494
f 1544 1496 1542
f 1497 1543 1495
f 1497 1545 1543
f 1544 1498 1496
f 1546 1498 1544
f 1499 1545 1497
f 1499 1547 1545
f 1546 1500 1498
f 1548 1500 1546
f 1549 1547 1499
f 1549 1499 1501
f 1550 1501 1502
f 1550 1549 1501
f 1551 1502 1503
f 1551 1550 1502
f 1552 1503 1504
f 1552 1551 1503
f 1553 1504 1505
f 1553 1552 1504
f 1554 1505 1506
f 1554 1553 1505
f 1555 1506 1507
f 1555 1554 1506
f 1556 1507 1508
f 1556 1555 1507
f 1557 1508 1509
f 1557 1556 1508
f 1558 1509 1510
f 1558 1557 1509
f 1559 1510 1511
f 1559 1558 1510
f 1560 1511 1512
f 1560 1559 1511
f 1561 1512 1513
f 1561 1560 1512
f 1562 1513 1514
f 1562 1561 1513
f 1563 1514 1515
f 1563 1562 1514
f 1564 1515 1516
f 1564 1563 1515
f 1565 1516 1517
f 1565 1564 1516
f 1566 1517 1518
f 1566 1565 1517
f 1567 1518 1519
f 1567 1566 1518
f 1568 1519 1520
f 1568 1567 1519
f 1520 1500 1548
f 1520 1548 1568
f 1522 1569 1521
f 1521 1569 1570
f 1571 1521 1570
f 1523 1521 1571
f 1523 1572 1524
f 1571 1572 1523
f 1524 1573 1525
f 1572 1573 1524
f 1525 1574 1526
f 1573 1574 1525
f 1526 1575 1527
f 1574 1575 1526
f 1527 1576 1528
f 1575 1576 1527
f 1528 1577 1529
f 1576 1577 1528
f 1529 1578 1530
f 1577 1578 1529
f 1530 1579 1531
f 1578 1579 1530
f 1531 1580 1532
f 1579 1580 1531
f 1532 1581 1533
f 1580 1581 1532
f 1533 1582 1534
f 1581 1582 1533
f 1534 1583 1535
f 1582 1583 1534
f 1535 1584 1536
f 1583 1584 1535
f 1536 1585 1537
f 1584 1585 1536
f 1537 1586 1538
f 1585 1586 1537
f 1538 1587 1539
f 1586 1587 1538
f 1539 1588 1540
f 1587 1588 1539
f 1588 1590 1589
f 1541 1588 1589
f 1540 1588 1541
f 1589 1542 1541
f 1592 1591 1569
f 1522 1592 1569
f 1543 1592 1522
f 1569 1591 1570
f 1590 1593 1589
f 1542 1589 1593
f 1594 1542 1593
f 1544 1542 1594
f 1545 1592 1543
f 1545 1595 1592
f 1594 1546 1544
f 1596 1546 1594
f 1547 1598 1597
f 1595 1547 1597
f 1545 1547 1595
f 1598 1599 1597
f 1602 1601 1600
f 1596 1602 1600
f 1548 1596 1600
f 1546 1596 1548
f 1549 1598 1547
f 1603 1599 1598
f 1549 1603 1598
f 1550 1603 1549
f 1604 1550 1551
f 1604 1603 1550
f 1605 1551 1552
f 1605 1604 1551
f 1606 1552 1553
f 1606 1605 1552
f 1607 1553 1554
f 1607 1606 1553
f 1608 1554 1555
f 1608 1607 1554
f 1609 1555 1556
f 1609 1608 1555
f 1610 1556 1557
f 1610 1609 1556
f 1611 1557 1558
f 1611 1610 1557
f 1612 1558 1559
f 1612 1611 1558
f 1613 1559 1560
f 1613 1612 1559
f 1614 1560 1561
f 1614 1613 1560
f 1615 1561 1562
f 1615 1614 1561
f 1616 1562 1563
f 1616 1615 1562
f 1617 1563 1564
f 1617 1616 1563
f 1618 1564 1565
f 1618 1617 1564
f 1619 1565 1566
f 1619 1618 1565
f 1620 1566 1567
f 1620 1619 1566
f 1568 1600 1601
f 1620 1568 1601
f 1567 1568 1620
f 1600 1568 1548
f 1570 1621 1571
f 1622 1572 1571
f 1622 1571 1621
f 1623 1573 1572
f 1623 1572 1622
f 1624 1574 1573
f 1624 1573 1623
f 1625 1575 1574
f 1625 1574 1624
f 1626 1576 1575
f 1626 1575 1625
f 1627 1577 1576
f 1627 1576 1626
f 1628 1578 1577
f 1628 1577 1627
f 1629 1579 1578
f 1629 1578 1628
f 1630 1580 1579
f 1630 1579 1629
f 1631 1581 1580
f 1631 1580 1630
f 1632 1582 1581
f 1632 1581 1631
f 1633 1583 1582
f 1633 1582 1632
f 1634 1584 1583
f 1634 1583 1633
f 1635 1585 1584
f 1635 1584 1634
f 1636 1586 1585
f 1636 1585 1635
f 1637 1587 1586
f 1637 1586 1636
f 1638 1588 1587
f 1638 1587 1637
f 1638 1590 1588
f 1592 1639 1591
f 1621 1570 1591
f 1639 1621 1591
f 1640 1621 1639
f 1621 1641 1622
f 1621 1640 1641
f 1622 1642 1623
f 1622 1641 1642
f 1623 1643 1624
f 1623 1642 1643
f 1624 1644 1625
f 1624 1643 1644
f 1625 1645 1626
f 1625 1644 1645
f 1626 1646 1627
f 1626 1645 1646
f 1627 1647 1628
f 1627 1646 1647
f 1628 1648 1629
f 1628 1647 1648
f 1629 1649 1630
f 1629 1648 1649
f 1630 1650 1631
f 1630 1649 1650
f 1631 1651 1632
f 1631 1650 1651
f 1632 1652 1633
f 1632 1651 1652
f 1633 1653 1634
f 1633 1652 1653
f 1634 1654 1635
f 1634 1653 1654
f 1635 1655 1636
f 1635 1654 1655
f 1636 1656 1637
f 1636 1655 1656
f 1637 1657 1638
f 1637 1656 1657
f 1658 1593 1590
f 1638 1658 1590
f 1657 1658 1638
f 1658 1594 1593
f 1595 1659 1639
f 1595 1639 1592
f 1639 1660 1640
f 1639 1659 1660
f 1640 1661 1641
f 1640 1660 1661
f 1641 1662 1642
f 1641 1661 1662
f 1642 1663 1643
f 1642 1662 1663
f 1643 1664 1644
f 1643 1663 1664
f 1644 1665 1645
f 1644 1664 1665
f 1645 1666 1646
f 1645 1665 1666
f 1646 1667 1647
f 1646 1666 1667
f 1647 1668 1648
f 1647 1667 1668
f 1648 1669 1649
f 1648 1668 1669
f 1649 1670 1650
f 1649 1669 1670
f 1650 1671 1651
f 1650 1670 1671
f 1651 1672 1652
f 1651 1671 1672
f 1652 1673 1653
f 1652 1672 1673
f 1653 1674 1654
f 1653 1673 1674
f 1654 1675 1655
f 1654 1674 1675
f 1655 1676 1656
f 1655 1675 1676
f 1656 1677 1657
f 1656 1676 1677
f 1657 1678 1658
f 1657 1677 1678
f 1678 1596 1594
f 1678 1594 1658
f 1597 1659 1595
f 1659 1597 1599
f 1679 1659 1599
f 1660 1659 1679
f 1660 1680 1661
f 1660 1679 1680
f 1661 1681 1662
f 1661 1680 1681
f 1662 1682 1663
f 1662 1681 1682
f 1663 1683 1664
f 1663 1682 1683
f 1664 1684 1665
f 1664 1683 1684
f 1665 1685 1666
f 1665 1684 1685
f 1666 1686 1667
f 1666 1685 1686
f 1667 1687 1668
f 1667 1686 1687
f 1668 1688 1669
f 1668 1687 1688
f 1669 1689 1670
f 1669 1688 1689
f 1670 1690 1671
f 1670 1689 1690
f 1671 1691 1672
f 1671 1690 1691
f 1672 1692 1673
f 1672 1691 1692
f 1673 1693 1674
f 1673 1692 1693
f 1674 1694 1675
f 1674 1693 1694
f 1675 1695 1676
f 1675 1694 1695
f 1676 1696 1677
f 1676 1695 1696
f 1696 1601 1602
f 1678 1696 1602
f 1677 1696 1678
f 1678 1602 1596
f 1603 1679 1599
f 1679 1603 1604
f 1679 1604 1680
f 1680 1604 1605
f 1680 1605 1681
f 1681 1605 1606
f 1681 1606 1682
f 1682 1606 1607
f 1682 1607 1683
f 1683 1607 1608
f 1683 1608 1684
f 1684 1608 1609
f 1684 1609 1685
f 1685 1609 1610
f 1685 1610 1686
f 1686 1610 1611
f 1686 1611 1687
f 1687 1611 1612
f 1687 1612 1688
f 1688 1612 1613
f 1688 1613 1689
f 1689 1613 1614
f 1689 1614 1690
f 1690 1614 1615
f 1690 1615 1691
f 1691 1615 1616
f 1691 1616 1692
f 1692 1616 1617
f 1692 1617 1693
f 1693 1617 1618
f 1693 1618 1694
f 1694 1618 1619
f 1694 1619 1695
f 1695 1619 1620
f 1695 1620 1696
f 1696 1620 1601

