# https://github.com/mikedh/trimesh
v -0.06210685 -0.03984146 -0.04216667
v -0.06191818 -0.04008128 -0.04216667
v -0.06191818 -0.03984146 -0.04326923
v -0.06210851 -0.03984146 -0.03961111
v -0.06191818 -0.04008338 -0.03961111
v -0.06210851 -0.03984146 -0.03705556
v -0.06191818 -0.04008338 -0.03705556
v -0.06210851 -0.03984146 -0.03450000
v -0.06191818 -0.04008338 -0.03450000
v -0.06210851 -0.03984146 -0.03194444
v -0.06191818 -0.04008338 -0.03194444
v -0.06210851 -0.03984146 -0.02938889
v -0.06191818 -0.04008338 -0.02938889
v -0.06210851 -0.03984146 -0.02683333
v -0.06191818 -0.04008338 -0.02683333
v -0.06210851 -0.03984146 -0.02427778
v -0.06191818 -0.04008338 -0.02427778
v -0.06210851 -0.03984146 -0.02172222
v -0.06191818 -0.04008338 -0.02172222
v -0.06210851 -0.03984146 -0.01916667
v -0.06191818 -0.04008338 -0.01916667
v -0.06210851 -0.03984146 -0.01661111
v -0.06191818 -0.04008338 -0.01661111
v -0.06210851 -0.03984146 -0.01405556
v -0.06191818 -0.04008338 -0.01405556
v -0.06210851 -0.03984146 -0.01150000
v -0.06191818 -0.04008338 -0.01150000
v -0.06210851 -0.03984146 -0.00894444
v -0.06191818 -0.04008338 -0.00894444
v -0.06210851 -0.03984146 -0.00638889
v -0.06191818 -0.04008338 -0.00638889
v -0.06210851 -0.03984146 -0.00383333
v -0.06191818 -0.04008338 -0.00383333
v -0.06210851 -0.03984146 -0.00127778
v -0.06191818 -0.04008338 -0.00127778
v -0.06210851 -0.03984146 0.00127778
v -0.06191818 -0.04008338 0.00127778
v -0.06210851 -0.03984146 0.00383333
v -0.06191818 -0.04008338 0.00383333
v -0.06210851 -0.03984146 0.00638889
v -0.06191818 -0.04008338 0.00638889
v -0.06210851 -0.03984146 0.00894444
v -0.06191818 -0.04008338 0.00894444
v -0.06210851 -0.03984146 0.01150000
v -0.06191818 -0.04008338 0.01150000
v -0.06210851 -0.03984146 0.01405556
v -0.06191818 -0.04008338 0.01405556
v -0.06210851 -0.03984146 0.01661111
v -0.06191818 -0.04008338 0.01661111
v -0.06210851 -0.03984146 0.01916667
v -0.06191818 -0.04008338 0.01916667
v -0.06210851 -0.03984146 0.02172222
v -0.06191818 -0.04008338 0.02172222
v -0.06210851 -0.03984146 0.02427778
v -0.06191818 -0.04008338 0.02427778
v -0.06210851 -0.03984146 0.02683333
v -0.06191818 -0.04008338 0.02683333
v -0.06210851 -0.03984146 0.02938889
v -0.06191818 -0.04008338 0.02938889
v -0.06210851 -0.03984146 0.03194444
v -0.06191818 -0.04008338 0.03194444
v -0.06210851 -0.03984146 0.03450000
v -0.06191818 -0.04008338 0.03450000
v -0.06210851 -0.03984146 0.03705556
v -0.06191818 -0.04008338 0.03705556
v -0.06210851 -0.03984146 0.03961111
v -0.06191818 -0.04008338 0.03961111
v -0.06210685 -0.03984146 0.04216667
v -0.06191818 -0.04008128 0.04216667
v -0.06191818 -0.03984146 0.04326923
v -0.06297524 -0.03742683 -0.04472222
v -0.06191818 -0.03940650 -0.04472222
v -0.06191818 -0.03742683 -0.04700441
v -0.06338273 -0.03742683 -0.04216667
v -0.06338423 -0.03742683 -0.03961111
v -0.06338423 -0.03742683 -0.03705556
v -0.06338423 -0.03742683 -0.03450000
v -0.06338423 -0.03742683 -0.03194444
v -0.06338423 -0.03742683 -0.02938889
v -0.06338423 -0.03742683 -0.02683333
v -0.06338423 -0.03742683 -0.02427778
v -0.06338423 -0.03742683 -0.02172222
v -0.06338423 -0.03742683 -0.01916667
v -0.06338423 -0.03742683 -0.01661111
v -0.06338423 -0.03742683 -0.01405556
v -0.06338423 -0.03742683 -0.01150000
v -0.06338423 -0.03742683 -0.00894444
v -0.06338423 -0.03742683 -0.00638889
v -0.06338423 -0.03742683 -0.00383333
v -0.06338423 -0.03742683 -0.00127778
v -0.06338423 -0.03742683 0.00127778
v -0.06338423 -0.03742683 0.00383333
v -0.06338423 -0.03742683 0.00638889
v -0.06338423 -0.03742683 0.00894444
v -0.06338423 -0.03742683 0.01150000
v -0.06338423 -0.03742683 0.01405556
v -0.06338423 -0.03742683 0.01661111
v -0.06338423 -0.03742683 0.01916667
v -0.06338423 -0.03742683 0.02172222
v -0.06338423 -0.03742683 0.02427778
v -0.06338423 -0.03742683 0.02683333
v -0.06338423 -0.03742683 0.02938889
v -0.06338423 -0.03742683 0.03194444
v -0.06338423 -0.03742683 0.03450000
v -0.06338423 -0.03742683 0.03705556
v -0.06338423 -0.03742683 0.03961111
v -0.06338273 -0.03742683 0.04216667
v -0.06191818 -0.03940650 0.04472222
v -0.06297524 -0.03742683 0.04472222
v -0.06191818 -0.03742683 0.04700441
v -0.06241780 -0.03501220 -0.04727778
v -0.06191818 -0.03692073 -0.04727778
v -0.06191818 -0.03501220 -0.04795907
v -0.06356194 -0.03501220 -0.04472222
v -0.06394661 -0.03501220 -0.04216667
v -0.06394802 -0.03501220 -0.03961111
v -0.06394802 -0.03501220 -0.03705556
v -0.06394802 -0.03501220 -0.03450000
v -0.06394802 -0.03501220 -0.03194444
v -0.06394802 -0.03501220 -0.02938889
v -0.06394802 -0.03501220 -0.02683333
v -0.06394802 -0.03501220 -0.02427778
v -0.06394802 -0.03501220 -0.02172222
v -0.06394802 -0.03501220 -0.01916667
v -0.06394802 -0.03501220 -0.01661111
v -0.06394802 -0.03501220 -0.01405556
v -0.06394802 -0.03501220 -0.01150000
v -0.06394802 -0.03501220 -0.00894444
v -0.06394802 -0.03501220 -0.00638889
v -0.06394802 -0.03501220 -0.00383333
v -0.06394802 -0.03501220 -0.00127778
v -0.06394802 -0.03501220 0.00127778
v -0.06394802 -0.03501220 0.00383333
v -0.06394802 -0.03501220 0.00638889
v -0.06394802 -0.03501220 0.00894444
v -0.06394802 -0.03501220 0.01150000
v -0.06394802 -0.03501220 0.01405556
v -0.06394802 -0.03501220 0.01661111
v -0.06394802 -0.03501220 0.01916667
v -0.06394802 -0.03501220 0.02172222
v -0.06394802 -0.03501220 0.02427778
v -0.06394802 -0.03501220 0.02683333
v -0.06394802 -0.03501220 0.02938889
v -0.06394802 -0.03501220 0.03194444
v -0.06394802 -0.03501220 0.03450000
v -0.06394802 -0.03501220 0.03705556
v -0.06394802 -0.03501220 0.03961111
v -0.06394661 -0.03501220 0.04216667
v -0.06356194 -0.03501220 0.04472222
v -0.06191818 -0.03692073 0.04727778
v -0.06241780 -0.03501220 0.04727778
v -0.06191818 -0.03501220 0.04795907
v -0.06247754 -0.03259756 -0.04727778
v -0.06191818 -0.03259756 -0.04804037
v -0.06361633 -0.03259756 -0.04472222
v -0.06399860 -0.03259756 -0.04216667
v -0.06400000 -0.03259756 -0.03961111
v -0.06400000 -0.03259756 -0.03705556
v -0.06400000 -0.03259756 -0.03450000
v -0.06400000 -0.03259756 -0.03194444
v -0.06400000 -0.03259756 -0.02938889
v -0.06400000 -0.03259756 -0.02683333
v -0.06400000 -0.03259756 -0.02427778
v -0.06400000 -0.03259756 -0.02172222
v -0.06400000 -0.03259756 -0.01916667
v -0.06400000 -0.03259756 -0.01661111
v -0.06400000 -0.03259756 -0.01405556
v -0.06400000 -0.03259756 -0.01150000
v -0.06400000 -0.03259756 -0.00894444
v -0.06400000 -0.03259756 -0.00638889
v -0.06400000 -0.03259756 -0.00383333
v -0.06400000 -0.03259756 -0.00127778
v -0.06400000 -0.03259756 0.00127778
v -0.06400000 -0.03259756 0.00383333
v -0.06400000 -0.03259756 0.00638889
v -0.06400000 -0.03259756 0.00894444
v -0.06400000 -0.03259756 0.01150000
v -0.06400000 -0.03259756 0.01405556
v -0.06400000 -0.03259756 0.01661111
v -0.06400000 -0.03259756 0.01916667
v -0.06400000 -0.03259756 0.02172222
v -0.06400000 -0.03259756 0.02427778
v -0.06400000 -0.03259756 0.02683333
v -0.06400000 -0.03259756 0.02938889
v -0.06400000 -0.03259756 0.03194444
v -0.06400000 -0.03259756 0.03450000
v -0.06400000 -0.03259756 0.03705556
v -0.06400000 -0.03259756 0.03961111
v -0.06399860 -0.03259756 0.04216667
v -0.06361633 -0.03259756 0.04472222
v -0.06247754 -0.03259756 0.04727778
v -0.06191818 -0.03259756 0.04804037
v -0.06247754 -0.03018293 -0.04727778
v -0.06191818 -0.03018293 -0.04804037
v -0.06361633 -0.03018293 -0.04472222
v -0.06399860 -0.03018293 -0.04216667
v -0.06400000 -0.03018293 -0.03961111
v -0.06400000 -0.03018293 -0.03705556
v -0.06400000 -0.03018293 -0.03450000
v -0.06400000 -0.03018293 -0.03194444
v -0.06400000 -0.03018293 -0.02938889
v -0.06400000 -0.03018293 -0.02683333
v -0.06400000 -0.03018293 -0.02427778
v -0.06400000 -0.03018293 -0.02172222
v -0.06400000 -0.03018293 -0.01916667
v -0.06400000 -0.03018293 -0.01661111
v -0.06400000 -0.03018293 -0.01405556
v -0.06400000 -0.03018293 -0.01150000
v -0.06400000 -0.03018293 -0.00894444
v -0.06400000 -0.03018293 -0.00638889
v -0.06400000 -0.03018293 -0.00383333
v -0.06400000 -0.03018293 -0.00127778
v -0.06400000 -0.03018293 0.00127778
v -0.06400000 -0.03018293 0.00383333
v -0.06400000 -0.03018293 0.00638889
v -0.06400000 -0.03018293 0.00894444
v -0.06400000 -0.03018293 0.01150000
v -0.06400000 -0.03018293 0.01405556
v -0.06400000 -0.03018293 0.01661111
v -0.06400000 -0.03018293 0.01916667
v -0.06400000 -0.03018293 0.02172222
v -0.06400000 -0.03018293 0.02427778
v -0.06400000 -0.03018293 0.02683333
v -0.06400000 -0.03018293 0.02938889
v -0.06400000 -0.03018293 0.03194444
v -0.06400000 -0.03018293 0.03450000
v -0.06400000 -0.03018293 0.03705556
v -0.06400000 -0.03018293 0.03961111
v -0.06399860 -0.03018293 0.04216667
v -0.06361633 -0.03018293 0.04472222
v -0.06247754 -0.03018293 0.04727778
v -0.06191818 -0.03018293 0.04804037
v -0.06247754 -0.02776829 -0.04727778
v -0.06191818 -0.02776829 -0.04804037
v -0.06361633 -0.02776829 -0.04472222
v -0.06399860 -0.02776829 -0.04216667
v -0.06400000 -0.02776829 -0.03961111
v -0.06400000 -0.02776829 -0.03705556
v -0.06400000 -0.02776829 -0.03450000
v -0.06400000 -0.02776829 -0.03194444
v -0.06400000 -0.02776829 -0.02938889
v -0.06400000 -0.02776829 -0.02683333
v -0.06400000 -0.02776829 -0.02427778
v -0.06400000 -0.02776829 -0.02172222
v -0.06400000 -0.02776829 -0.01916667
v -0.06400000 -0.02776829 -0.01661111
v -0.06400000 -0.02776829 -0.01405556
v -0.06400000 -0.02776829 -0.01150000
v -0.06400000 -0.02776829 -0.00894444
v -0.06400000 -0.02776829 -0.00638889
v -0.06400000 -0.02776829 -0.00383333
v -0.06400000 -0.02776829 -0.00127778
v -0.06400000 -0.02776829 0.00127778
v -0.06400000 -0.02776829 0.00383333
v -0.06400000 -0.02776829 0.00638889
v -0.06400000 -0.02776829 0.00894444
v -0.06400000 -0.02776829 0.01150000
v -0.06400000 -0.02776829 0.01405556
v -0.06400000 -0.02776829 0.01661111
v -0.06400000 -0.02776829 0.01916667
v -0.06400000 -0.02776829 0.02172222
v -0.06400000 -0.02776829 0.02427778
v -0.06400000 -0.02776829 0.02683333
v -0.06400000 -0.02776829 0.02938889
v -0.06400000 -0.02776829 0.03194444
v -0.06400000 -0.02776829 0.03450000
v -0.06400000 -0.02776829 0.03705556
v -0.06400000 -0.02776829 0.03961111
v -0.06399860 -0.02776829 0.04216667
v -0.06361633 -0.02776829 0.04472222
v -0.06247754 -0.02776829 0.04727778
v -0.06191818 -0.02776829 0.04804037
v -0.06247754 -0.02535366 -0.04727778
v -0.06191818 -0.02535366 -0.04804037
v -0.06361633 -0.02535366 -0.04472222
v -0.06399860 -0.02535366 -0.04216667
v -0.06400000 -0.02535366 -0.03961111
v -0.06400000 -0.02535366 -0.03705556
v -0.06400000 -0.02535366 -0.03450000
v -0.06400000 -0.02535366 -0.03194444
v -0.06400000 -0.02535366 -0.02938889
v -0.06400000 -0.02535366 -0.02683333
v -0.06400000 -0.02535366 -0.02427778
v -0.06400000 -0.02535366 -0.02172222
v -0.06400000 -0.02535366 -0.01916667
v -0.06400000 -0.02535366 -0.01661111
v -0.06400000 -0.02535366 -0.01405556
v -0.06400000 -0.02535366 -0.01150000
v -0.06400000 -0.02535366 -0.00894444
v -0.06400000 -0.02535366 -0.00638889
v -0.06400000 -0.02535366 -0.00383333
v -0.06400000 -0.02535366 -0.00127778
v -0.06400000 -0.02535366 0.00127778
v -0.06400000 -0.02535366 0.00383333
v -0.06400000 -0.02535366 0.00638889
v -0.06400000 -0.02535366 0.00894444
v -0.06400000 -0.02535366 0.01150000
v -0.06400000 -0.02535366 0.01405556
v -0.06400000 -0.02535366 0.01661111
v -0.06400000 -0.02535366 0.01916667
v -0.06400000 -0.02535366 0.02172222
v -0.06400000 -0.02535366 0.02427778
v -0.06400000 -0.02535366 0.02683333
v -0.06400000 -0.02535366 0.02938889
v -0.06400000 -0.02535366 0.03194444
v -0.06400000 -0.02535366 0.03450000
v -0.06400000 -0.02535366 0.03705556
v -0.06400000 -0.02535366 0.03961111
v -0.06399860 -0.02535366 0.04216667
v -0.06361633 -0.02535366 0.04472222
v -0.06247754 -0.02535366 0.04727778
v -0.06191818 -0.02535366 0.04804037
v -0.06247754 -0.02293902 -0.04727778
v -0.06191818 -0.02293902 -0.04804037
v -0.06361633 -0.02293902 -0.04472222
v -0.06399860 -0.02293902 -0.04216667
v -0.06400000 -0.02293902 -0.03961111
v -0.06400000 -0.02293902 -0.03705556
v -0.06400000 -0.02293902 -0.03450000
v -0.06400000 -0.02293902 -0.03194444
v -0.06400000 -0.02293902 -0.02938889
v -0.06400000 -0.02293902 -0.02683333
v -0.06400000 -0.02293902 -0.02427778
v -0.06400000 -0.02293902 -0.02172222
v -0.06400000 -0.02293902 -0.01916667
v -0.06400000 -0.02293902 -0.01661111
v -0.06400000 -0.02293902 -0.01405556
v -0.06400000 -0.02293902 -0.01150000
v -0.06400000 -0.02293902 -0.00894444
v -0.06400000 -0.02293902 -0.00638889
v -0.06400000 -0.02293902 -0.00383333
v -0.06400000 -0.02293902 -0.00127778
v -0.06400000 -0.02293902 0.00127778
v -0.06400000 -0.02293902 0.00383333
v -0.06400000 -0.02293902 0.00638889
v -0.06400000 -0.02293902 0.00894444
v -0.06400000 -0.02293902 0.01150000
v -0.06400000 -0.02293902 0.01405556
v -0.06400000 -0.02293902 0.01661111
v -0.06400000 -0.02293902 0.01916667
v -0.06400000 -0.02293902 0.02172222
v -0.06400000 -0.02293902 0.02427778
v -0.06400000 -0.02293902 0.02683333
v -0.06400000 -0.02293902 0.02938889
v -0.06400000 -0.02293902 0.03194444
v -0.06400000 -0.02293902 0.03450000
v -0.06400000 -0.02293902 0.03705556
v -0.06400000 -0.02293902 0.03961111
v -0.06399860 -0.02293902 0.04216667
v -0.06361633 -0.02293902 0.04472222
v -0.06247754 -0.02293902 0.04727778
v -0.06191818 -0.02293902 0.04804037
v -0.06247754 -0.02052439 -0.04727778
v -0.06191818 -0.02052439 -0.04804037
v -0.06361633 -0.02052439 -0.04472222
v -0.06399860 -0.02052439 -0.04216667
v -0.06400000 -0.02052439 -0.03961111
v -0.06400000 -0.02052439 -0.03705556
v -0.06400000 -0.02052439 -0.03450000
v -0.06400000 -0.02052439 -0.03194444
v -0.06400000 -0.02052439 -0.02938889
v -0.06400000 -0.02052439 -0.02683333
v -0.06400000 -0.02052439 -0.02427778
v -0.06400000 -0.02052439 -0.02172222
v -0.06400000 -0.02052439 -0.01916667
v -0.06400000 -0.02052439 -0.01661111
v -0.06400000 -0.02052439 -0.01405556
v -0.06400000 -0.02052439 -0.01150000
v -0.06400000 -0.02052439 -0.00894444
v -0.06400000 -0.02052439 -0.00638889
v -0.06400000 -0.02052439 -0.00383333
v -0.06400000 -0.02052439 -0.00127778
v -0.06400000 -0.02052439 0.00127778
v -0.06400000 -0.02052439 0.00383333
v -0.06400000 -0.02052439 0.00638889
v -0.06400000 -0.02052439 0.00894444
v -0.06400000 -0.02052439 0.01150000
v -0.06400000 -0.02052439 0.01405556
v -0.06400000 -0.02052439 0.01661111
v -0.06400000 -0.02052439 0.01916667
v -0.06400000 -0.02052439 0.02172222
v -0.06400000 -0.02052439 0.02427778
v -0.06400000 -0.02052439 0.02683333
v -0.06400000 -0.02052439 0.02938889
v -0.06400000 -0.02052439 0.03194444
v -0.06400000 -0.02052439 0.03450000
v -0.06400000 -0.02052439 0.03705556
v -0.06400000 -0.02052439 0.03961111
v -0.06399860 -0.02052439 0.04216667
v -0.06361633 -0.02052439 0.04472222
v -0.06247754 -0.02052439 0.04727778
v -0.06191818 -0.02052439 0.04804037
v -0.06247754 -0.01810976 -0.04727778
v -0.06191818 -0.01810976 -0.04804037
v -0.06361633 -0.01810976 -0.04472222
v -0.06399860 -0.01810976 -0.04216667
v -0.06400000 -0.01810976 -0.03961111
v -0.06400000 -0.01810976 -0.03705556
v -0.06400000 -0.01810976 -0.03450000
v -0.06400000 -0.01810976 -0.03194444
v -0.06400000 -0.01810976 -0.02938889
v -0.06400000 -0.01810976 -0.02683333
v -0.06400000 -0.01810976 -0.02427778
v -0.06400000 -0.01810976 -0.02172222
v -0.06400000 -0.01810976 -0.01916667
v -0.06400000 -0.01810976 -0.01661111
v -0.06400000 -0.01810976 -0.01405556
v -0.06400000 -0.01810976 -0.01150000
v -0.06400000 -0.01810976 -0.00894444
v -0.06400000 -0.01810976 -0.00638889
v -0.06400000 -0.01810976 -0.00383333
v -0.06400000 -0.01810976 -0.00127778
v -0.06400000 -0.01810976 0.00127778
v -0.06400000 -0.01810976 0.00383333
v -0.06400000 -0.01810976 0.00638889
v -0.06400000 -0.01810976 0.00894444
v -0.06400000 -0.01810976 0.01150000
v -0.06400000 -0.01810976 0.01405556
v -0.06400000 -0.01810976 0.01661111
v -0.06400000 -0.01810976 0.01916667
v -0.06400000 -0.01810976 0.02172222
v -0.06400000 -0.01810976 0.02427778
v -0.06400000 -0.01810976 0.02683333
v -0.06400000 -0.01810976 0.02938889
v -0.06400000 -0.01810976 0.03194444
v -0.06400000 -0.01810976 0.03450000
v -0.06400000 -0.01810976 0.03705556
v -0.06400000 -0.01810976 0.03961111
v -0.06399860 -0.01810976 0.04216667
v -0.06361633 -0.01810976 0.04472222
v -0.06247754 -0.01810976 0.04727778
v -0.06191818 -0.01810976 0.04804037
v -0.06247754 -0.01569512 -0.04727778
v -0.06191818 -0.01569512 -0.04804037
v -0.06361633 -0.01569512 -0.04472222
v -0.06399860 -0.01569512 -0.04216667
v -0.06400000 -0.01569512 -0.03961111
v -0.06400000 -0.01569512 -0.03705556
v -0.06400000 -0.01569512 -0.03450000
v -0.06400000 -0.01569512 -0.03194444
v -0.06400000 -0.01569512 -0.02938889
v -0.06400000 -0.01569512 -0.02683333
v -0.06400000 -0.01569512 -0.02427778
v -0.06400000 -0.01569512 -0.02172222
v -0.06400000 -0.01569512 -0.01916667
v -0.06400000 -0.01569512 -0.01661111
v -0.06400000 -0.01569512 -0.01405556
v -0.06400000 -0.01569512 -0.01150000
v -0.06400000 -0.01569512 -0.00894444
v -0.06400000 -0.01569512 -0.00638889
v -0.06400000 -0.01569512 -0.00383333
v -0.06400000 -0.01569512 -0.00127778
v -0.06400000 -0.01569512 0.00127778
v -0.06400000 -0.01569512 0.00383333
v -0.06400000 -0.01569512 0.00638889
v -0.06400000 -0.01569512 0.00894444
v -0.06400000 -0.01569512 0.01150000
v -0.06400000 -0.01569512 0.01405556
v -0.06400000 -0.01569512 0.01661111
v -0.06400000 -0.01569512 0.01916667
v -0.06400000 -0.01569512 0.02172222
v -0.06400000 -0.01569512 0.02427778
v -0.06400000 -0.01569512 0.02683333
v -0.06400000 -0.01569512 0.02938889
v -0.06400000 -0.01569512 0.03194444
v -0.06400000 -0.01569512 0.03450000
v -0.06400000 -0.01569512 0.03705556
v -0.06400000 -0.01569512 0.03961111
v -0.06399860 -0.01569512 0.04216667
v -0.06361633 -0.01569512 0.04472222
v -0.06247754 -0.01569512 0.04727778
v -0.06191818 -0.01569512 0.04804037
v -0.06247754 -0.01328049 -0.04727778
v -0.06191818 -0.01328049 -0.04804037
v -0.06361633 -0.01328049 -0.04472222
v -0.06399860 -0.01328049 -0.04216667
v -0.06400000 -0.01328049 -0.03961111
v -0.06400000 -0.01328049 -0.03705556
v -0.06400000 -0.01328049 -0.03450000
v -0.06400000 -0.01328049 -0.03194444
v -0.06400000 -0.01328049 -0.02938889
v -0.06400000 -0.01328049 -0.02683333
v -0.06400000 -0.01328049 -0.02427778
v -0.06400000 -0.01328049 -0.02172222
v -0.06400000 -0.01328049 -0.01916667
v -0.06400000 -0.01328049 -0.01661111
v -0.06400000 -0.01328049 -0.01405556
v -0.06400000 -0.01328049 -0.01150000
v -0.06400000 -0.01328049 -0.00894444
v -0.06400000 -0.01328049 -0.00638889
v -0.06400000 -0.01328049 -0.00383333
v -0.06400000 -0.01328049 -0.00127778
v -0.06400000 -0.01328049 0.00127778
v -0.06400000 -0.01328049 0.00383333
v -0.06400000 -0.01328049 0.00638889
v -0.06400000 -0.01328049 0.00894444
v -0.06400000 -0.01328049 0.01150000
v -0.06400000 -0.01328049 0.01405556
v -0.06400000 -0.01328049 0.01661111
v -0.06400000 -0.01328049 0.01916667
v -0.06400000 -0.01328049 0.02172222
v -0.06400000 -0.01328049 0.02427778
v -0.06400000 -0.01328049 0.02683333
v -0.06400000 -0.01328049 0.02938889
v -0.06400000 -0.01328049 0.03194444
v -0.06400000 -0.01328049 0.03450000
v -0.06400000 -0.01328049 0.03705556
v -0.06400000 -0.01328049 0.03961111
v -0.06399860 -0.01328049 0.04216667
v -0.06361633 -0.01328049 0.04472222
v -0.06247754 -0.01328049 0.04727778
v -0.06191818 -0.01328049 0.04804037
v -0.06247754 -0.01086585 -0.04727778
v -0.06191818 -0.01086585 -0.04804037
v -0.06361633 -0.01086585 -0.04472222
v -0.06399860 -0.01086585 -0.04216667
v -0.06400000 -0.01086585 -0.03961111
v -0.06400000 -0.01086585 -0.03705556
v -0.06400000 -0.01086585 -0.03450000
v -0.06400000 -0.01086585 -0.03194444
v -0.06400000 -0.01086585 -0.02938889
v -0.06400000 -0.01086585 -0.02683333
v -0.06400000 -0.01086585 -0.02427778
v -0.06400000 -0.01086585 -0.02172222
v -0.06400000 -0.01086585 -0.01916667
v -0.06400000 -0.01086585 -0.01661111
v -0.06400000 -0.01086585 -0.01405556
v -0.06400000 -0.01086585 -0.01150000
v -0.06400000 -0.01086585 -0.00894444
v -0.06400000 -0.01086585 -0.00638889
v -0.06400000 -0.01086585 -0.00383333
v -0.06400000 -0.01086585 -0.00127778
v -0.06400000 -0.01086585 0.00127778
v -0.06400000 -0.01086585 0.00383333
v -0.06400000 -0.01086585 0.00638889
v -0.06400000 -0.01086585 0.00894444
v -0.06400000 -0.01086585 0.01150000
v -0.06400000 -0.01086585 0.01405556
v -0.06400000 -0.01086585 0.01661111
v -0.06400000 -0.01086585 0.01916667
v -0.06400000 -0.01086585 0.02172222
v -0.06400000 -0.01086585 0.02427778
v -0.06400000 -0.01086585 0.02683333
v -0.06400000 -0.01086585 0.02938889
v -0.06400000 -0.01086585 0.03194444
v -0.06400000 -0.01086585 0.03450000
v -0.06400000 -0.01086585 0.03705556
v -0.06400000 -0.01086585 0.03961111
v -0.06399860 -0.01086585 0.04216667
v -0.06361633 -0.01086585 0.04472222
v -0.06247754 -0.01086585 0.04727778
v -0.06191818 -0.01086585 0.04804037
v -0.06247754 -0.00845122 -0.04727778
v -0.06191818 -0.00845122 -0.04804037
v -0.06361633 -0.00845122 -0.04472222
v -0.06399860 -0.00845122 -0.04216667
v -0.06400000 -0.00845122 -0.03961111
v -0.06400000 -0.00845122 -0.03705556
v -0.06400000 -0.00845122 -0.03450000
v -0.06400000 -0.00845122 -0.03194444
v -0.06400000 -0.00845122 -0.02938889
v -0.06400000 -0.00845122 -0.02683333
v -0.06400000 -0.00845122 -0.02427778
v -0.06400000 -0.00845122 -0.02172222
v -0.06400000 -0.00845122 -0.01916667
v -0.06400000 -0.00845122 -0.01661111
v -0.06400000 -0.00845122 -0.01405556
v -0.06400000 -0.00845122 -0.01150000
v -0.06400000 -0.00845122 -0.00894444
v -0.06400000 -0.00845122 -0.00638889
v -0.06400000 -0.00845122 -0.00383333
v -0.06400000 -0.00845122 -0.00127778
v -0.06400000 -0.00845122 0.00127778
v -0.06400000 -0.00845122 0.00383333
v -0.06400000 -0.00845122 0.00638889
v -0.06400000 -0.00845122 0.00894444
v -0.06400000 -0.00845122 0.01150000
v -0.06400000 -0.00845122 0.01405556
v -0.06400000 -0.00845122 0.01661111
v -0.06400000 -0.00845122 0.01916667
v -0.06400000 -0.00845122 0.02172222
v -0.06400000 -0.00845122 0.02427778
v -0.06400000 -0.00845122 0.02683333
v -0.06400000 -0.00845122 0.02938889
v -0.06400000 -0.00845122 0.03194444
v -0.06400000 -0.00845122 0.03450000
v -0.06400000 -0.00845122 0.03705556
v -0.06400000 -0.00845122 0.03961111
v -0.06399860 -0.00845122 0.04216667
v -0.06361633 -0.00845122 0.04472222
v -0.06247754 -0.00845122 0.04727778
v -0.06191818 -0.00845122 0.04804037
v -0.06247754 -0.00603659 -0.04727778
v -0.06191818 -0.00603659 -0.04804037
v -0.06361633 -0.00603659 -0.04472222
v -0.06399860 -0.00603659 -0.04216667
v -0.06400000 -0.00603659 -0.03961111
v -0.06400000 -0.00603659 -0.03705556
v -0.06400000 -0.00603659 -0.03450000
v -0.06400000 -0.00603659 -0.03194444
v -0.06400000 -0.00603659 -0.02938889
v -0.06400000 -0.00603659 -0.02683333
v -0.06400000 -0.00603659 -0.02427778
v -0.06400000 -0.00603659 -0.02172222
v -0.06400000 -0.00603659 -0.01916667
v -0.06400000 -0.00603659 -0.01661111
v -0.06400000 -0.00603659 -0.01405556
v -0.06400000 -0.00603659 -0.01150000
v -0.06400000 -0.00603659 -0.00894444
v -0.06400000 -0.00603659 -0.00638889
v -0.06400000 -0.00603659 -0.00383333
v -0.06400000 -0.00603659 -0.00127778
v -0.06400000 -0.00603659 0.00127778
v -0.06400000 -0.00603659 0.00383333
v -0.06400000 -0.00603659 0.00638889
v -0.06400000 -0.00603659 0.00894444
v -0.06400000 -0.00603659 0.01150000
v -0.06400000 -0.00603659 0.01405556
v -0.06400000 -0.00603659 0.01661111
v -0.06400000 -0.00603659 0.01916667
v -0.06400000 -0.00603659 0.02172222
v -0.06400000 -0.00603659 0.02427778
v -0.06400000 -0.00603659 0.02683333
v -0.06400000 -0.00603659 0.02938889
v -0.06400000 -0.00603659 0.03194444
v -0.06400000 -0.00603659 0.03450000
v -0.06400000 -0.00603659 0.03705556
v -0.06400000 -0.00603659 0.03961111
v -0.06399860 -0.00603659 0.04216667
v -0.06361633 -0.00603659 0.04472222
v -0.06247754 -0.00603659 0.04727778
v -0.06191818 -0.00603659 0.04804037
v -0.06247754 -0.00362195 -0.04727778
v -0.06191818 -0.00362195 -0.04804037
v -0.06361633 -0.00362195 -0.04472222
v -0.06399860 -0.00362195 -0.04216667
v -0.06400000 -0.00362195 -0.03961111
v -0.06400000 -0.00362195 -0.03705556
v -0.06400000 -0.00362195 -0.03450000
v -0.06400000 -0.00362195 -0.03194444
v -0.06400000 -0.00362195 -0.02938889
v -0.06400000 -0.00362195 -0.02683333
v -0.06400000 -0.00362195 -0.02427778
v -0.06400000 -0.00362195 -0.02172222
v -0.06400000 -0.00362195 -0.01916667
v -0.06400000 -0.00362195 -0.01661111
v -0.06400000 -0.00362195 -0.01405556
v -0.06400000 -0.00362195 -0.01150000
v -0.06400000 -0.00362195 -0.00894444
v -0.06400000 -0.00362195 -0.00638889
v -0.06400000 -0.00362195 -0.00383333
v -0.06400000 -0.00362195 -0.00127778
v -0.06400000 -0.00362195 0.00127778
v -0.06400000 -0.00362195 0.00383333
v -0.06400000 -0.00362195 0.00638889
v -0.06400000 -0.00362195 0.00894444
v -0.06400000 -0.00362195 0.01150000
v -0.06400000 -0.00362195 0.01405556
v -0.06400000 -0.00362195 0.01661111
v -0.06400000 -0.00362195 0.01916667
v -0.06400000 -0.00362195 0.02172222
v -0.06400000 -0.00362195 0.02427778
v -0.06400000 -0.00362195 0.02683333
v -0.06400000 -0.00362195 0.02938889
v -0.06400000 -0.00362195 0.03194444
v -0.06400000 -0.00362195 0.03450000
v -0.06400000 -0.00362195 0.03705556
v -0.06400000 -0.00362195 0.03961111
v -0.06399860 -0.00362195 0.04216667
v -0.06361633 -0.00362195 0.04472222
v -0.06247754 -0.00362195 0.04727778
v -0.06191818 -0.00362195 0.04804037
v -0.06247754 -0.00120732 -0.04727778
v -0.06191818 -0.00120732 -0.04804037
v -0.06361633 -0.00120732 -0.04472222
v -0.06399860 -0.00120732 -0.04216667
v -0.06400000 -0.00120732 -0.03961111
v -0.06400000 -0.00120732 -0.03705556
v -0.06400000 -0.00120732 -0.03450000
v -0.06400000 -0.00120732 -0.03194444
v -0.06400000 -0.00120732 -0.02938889
v -0.06400000 -0.00120732 -0.02683333
v -0.06400000 -0.00120732 -0.02427778
v -0.06400000 -0.00120732 -0.02172222
v -0.06400000 -0.00120732 -0.01916667
v -0.06400000 -0.00120732 -0.01661111
v -0.06400000 -0.00120732 -0.01405556
v -0.06400000 -0.00120732 -0.01150000
v -0.06400000 -0.00120732 -0.00894444
v -0.06400000 -0.00120732 -0.00638889
v -0.06400000 -0.00120732 -0.00383333
v -0.06400000 -0.00120732 -0.00127778
v -0.06400000 -0.00120732 0.00127778
v -0.06400000 -0.00120732 0.00383333
v -0.06400000 -0.00120732 0.00638889
v -0.06400000 -0.00120732 0.00894444
v -0.06400000 -0.00120732 0.01150000
v -0.06400000 -0.00120732 0.01405556
v -0.06400000 -0.00120732 0.01661111
v -0.06400000 -0.00120732 0.01916667
v -0.06400000 -0.00120732 0.02172222
v -0.06400000 -0.00120732 0.02427778
v -0.06400000 -0.00120732 0.02683333
v -0.06400000 -0.00120732 0.02938889
v -0.06400000 -0.00120732 0.03194444
v -0.06400000 -0.00120732 0.03450000
v -0.06400000 -0.00120732 0.03705556
v -0.06400000 -0.00120732 0.03961111
v -0.06399860 -0.00120732 0.04216667
v -0.06361633 -0.00120732 0.04472222
v -0.06247754 -0.00120732 0.04727778
v -0.06191818 -0.00120732 0.04804037
v -0.06247754 0.00120732 -0.04727778
v -0.06191818 0.00120732 -0.04804037
v -0.06361633 0.00120732 -0.04472222
v -0.06399860 0.00120732 -0.04216667
v -0.06400000 0.00120732 -0.03961111
v -0.06400000 0.00120732 -0.03705556
v -0.06400000 0.00120732 -0.03450000
v -0.06400000 0.00120732 -0.03194444
v -0.06400000 0.00120732 -0.02938889
v -0.06400000 0.00120732 -0.02683333
v -0.06400000 0.00120732 -0.02427778
v -0.06400000 0.00120732 -0.02172222
v -0.06400000 0.00120732 -0.01916667
v -0.06400000 0.00120732 -0.01661111
v -0.06400000 0.00120732 -0.01405556
v -0.06400000 0.00120732 -0.01150000
v -0.06400000 0.00120732 -0.00894444
v -0.06400000 0.00120732 -0.00638889
v -0.06400000 0.00120732 -0.00383333
v -0.06400000 0.00120732 -0.00127778
v -0.06400000 0.00120732 0.00127778
v -0.06400000 0.00120732 0.00383333
v -0.06400000 0.00120732 0.00638889
v -0.06400000 0.00120732 0.00894444
v -0.06400000 0.00120732 0.01150000
v -0.06400000 0.00120732 0.01405556
v -0.06400000 0.00120732 0.01661111
v -0.06400000 0.00120732 0.01916667
v -0.06400000 0.00120732 0.02172222
v -0.06400000 0.00120732 0.02427778
v -0.06400000 0.00120732 0.02683333
v -0.06400000 0.00120732 0.02938889
v -0.06400000 0.00120732 0.03194444
v -0.06400000 0.00120732 0.03450000
v -0.06400000 0.00120732 0.03705556
v -0.06400000 0.00120732 0.03961111
v -0.06399860 0.00120732 0.04216667
v -0.06361633 0.00120732 0.04472222
v -0.06247754 0.00120732 0.04727778
v -0.06191818 0.00120732 0.04804037
v -0.06247754 0.00362195 -0.04727778
v -0.06191818 0.00362195 -0.04804037
v -0.06361633 0.00362195 -0.04472222
v -0.06399860 0.00362195 -0.04216667
v -0.06400000 0.00362195 -0.03961111
v -0.06400000 0.00362195 -0.03705556
v -0.06400000 0.00362195 -0.03450000
v -0.06400000 0.00362195 -0.03194444
v -0.06400000 0.00362195 -0.02938889
v -0.06400000 0.00362195 -0.02683333
v -0.06400000 0.00362195 -0.02427778
v -0.06400000 0.00362195 -0.02172222
v -0.06400000 0.00362195 -0.01916667
v -0.06400000 0.00362195 -0.01661111
v -0.06400000 0.00362195 -0.01405556
v -0.06400000 0.00362195 -0.01150000
v -0.06400000 0.00362195 -0.00894444
v -0.06400000 0.00362195 -0.00638889
v -0.06400000 0.00362195 -0.00383333
v -0.06400000 0.00362195 -0.00127778
v -0.06400000 0.00362195 0.00127778
v -0.06400000 0.00362195 0.00383333
v -0.06400000 0.00362195 0.00638889
v -0.06400000 0.00362195 0.00894444
v -0.06400000 0.00362195 0.01150000
v -0.06400000 0.00362195 0.01405556
v -0.06400000 0.00362195 0.01661111
v -0.06400000 0.00362195 0.01916667
v -0.06400000 0.00362195 0.02172222
v -0.06400000 0.00362195 0.02427778
v -0.06400000 0.00362195 0.02683333
v -0.06400000 0.00362195 0.02938889
v -0.06400000 0.00362195 0.03194444
v -0.06400000 0.00362195 0.03450000
v -0.06400000 0.00362195 0.03705556
v -0.06400000 0.00362195 0.03961111
v -0.06399860 0.00362195 0.04216667
v -0.06361633 0.00362195 0.04472222
v -0.06247754 0.00362195 0.04727778
v -0.06191818 0.00362195 0.04804037
v -0.06247754 0.00603659 -0.04727778
v -0.06191818 0.00603659 -0.04804037
v -0.06361633 0.00603659 -0.04472222
v -0.06399860 0.00603659 -0.04216667
v -0.06400000 0.00603659 -0.03961111
v -0.06400000 0.00603659 -0.03705556
v -0.06400000 0.00603659 -0.03450000
v -0.06400000 0.00603659 -0.03194444
v -0.06400000 0.00603659 -0.02938889
v -0.06400000 0.00603659 -0.02683333
v -0.06400000 0.00603659 -0.02427778
v -0.06400000 0.00603659 -0.02172222
v -0.06400000 0.00603659 -0.01916667
v -0.06400000 0.00603659 -0.01661111
v -0.06400000 0.00603659 -0.01405556
v -0.06400000 0.00603659 -0.01150000
v -0.06400000 0.00603659 -0.00894444
v -0.06400000 0.00603659 -0.00638889
v -0.06400000 0.00603659 -0.00383333
v -0.06400000 0.00603659 -0.00127778
v -0.06400000 0.00603659 0.00127778
v -0.06400000 0.00603659 0.00383333
v -0.06400000 0.00603659 0.00638889
v -0.06400000 0.00603659 0.00894444
v -0.06400000 0.00603659 0.01150000
v -0.06400000 0.00603659 0.01405556
v -0.06400000 0.00603659 0.01661111
v -0.06400000 0.00603659 0.01916667
v -0.06400000 0.00603659 0.02172222
v -0.06400000 0.00603659 0.02427778
v -0.06400000 0.00603659 0.02683333
v -0.06400000 0.00603659 0.02938889
v -0.06400000 0.00603659 0.03194444
v -0.06400000 0.00603659 0.03450000
v -0.06400000 0.00603659 0.03705556
v -0.06400000 0.00603659 0.03961111
v -0.06399860 0.00603659 0.04216667
v -0.06361633 0.00603659 0.04472222
v -0.06247754 0.00603659 0.04727778
v -0.06191818 0.00603659 0.04804037
v -0.06247754 0.00845122 -0.04727778
v -0.06191818 0.00845122 -0.04804037
v -0.06361633 0.00845122 -0.04472222
v -0.06399860 0.00845122 -0.04216667
v -0.06400000 0.00845122 -0.03961111
v -0.06400000 0.00845122 -0.03705556
v -0.06400000 0.00845122 -0.03450000
v -0.06400000 0.00845122 -0.03194444
v -0.06400000 0.00845122 -0.02938889
v -0.06400000 0.00845122 -0.02683333
v -0.06400000 0.00845122 -0.02427778
v -0.06400000 0.00845122 -0.02172222
v -0.06400000 0.00845122 -0.01916667
v -0.06400000 0.00845122 -0.01661111
v -0.06400000 0.00845122 -0.01405556
v -0.06400000 0.00845122 -0.01150000
v -0.06400000 0.00845122 -0.00894444
v -0.06400000 0.00845122 -0.00638889
v -0.06400000 0.00845122 -0.00383333
v -0.06400000 0.00845122 -0.00127778
v -0.06400000 0.00845122 0.00127778
v -0.06400000 0.00845122 0.00383333
v -0.06400000 0.00845122 0.00638889
v -0.06400000 0.00845122 0.00894444
v -0.06400000 0.00845122 0.01150000
v -0.06400000 0.00845122 0.01405556
v -0.06400000 0.00845122 0.01661111
v -0.06400000 0.00845122 0.01916667
v -0.06400000 0.00845122 0.02172222
v -0.06400000 0.00845122 0.02427778
v -0.06400000 0.00845122 0.02683333
v -0.06400000 0.00845122 0.02938889
v -0.06400000 0.00845122 0.03194444
v -0.06400000 0.00845122 0.03450000
v -0.06400000 0.00845122 0.03705556
v -0.06400000 0.00845122 0.03961111
v -0.06399860 0.00845122 0.04216667
v -0.06361633 0.00845122 0.04472222
v -0.06247754 0.00845122 0.04727778
v -0.06191818 0.00845122 0.04804037
v -0.06247754 0.01086585 -0.04727778
v -0.06191818 0.01086585 -0.04804037
v -0.06361633 0.01086585 -0.04472222
v -0.06399860 0.01086585 -0.04216667
v -0.06400000 0.01086585 -0.03961111
v -0.06400000 0.01086585 -0.03705556
v -0.06400000 0.01086585 -0.03450000
v -0.06400000 0.01086585 -0.03194444
v -0.06400000 0.01086585 -0.02938889
v -0.06400000 0.01086585 -0.02683333
v -0.06400000 0.01086585 -0.02427778
v -0.06400000 0.01086585 -0.02172222
v -0.06400000 0.01086585 -0.01916667
v -0.06400000 0.01086585 -0.01661111
v -0.06400000 0.01086585 -0.01405556
v -0.06400000 0.01086585 -0.01150000
v -0.06400000 0.01086585 -0.00894444
v -0.06400000 0.01086585 -0.00638889
v -0.06400000 0.01086585 -0.00383333
v -0.06400000 0.01086585 -0.00127778
v -0.06400000 0.01086585 0.00127778
v -0.06400000 0.01086585 0.00383333
v -0.06400000 0.01086585 0.00638889
v -0.06400000 0.01086585 0.00894444
v -0.06400000 0.01086585 0.01150000
v -0.06400000 0.01086585 0.01405556
v -0.06400000 0.01086585 0.01661111
v -0.06400000 0.01086585 0.01916667
v -0.06400000 0.01086585 0.02172222
v -0.06400000 0.01086585 0.02427778
v -0.06400000 0.01086585 0.02683333
v -0.06400000 0.01086585 0.02938889
v -0.06400000 0.01086585 0.03194444
v -0.06400000 0.01086585 0.03450000
v -0.06400000 0.01086585 0.03705556
v -0.06400000 0.01086585 0.03961111
v -0.06399860 0.01086585 0.04216667
v -0.06361633 0.01086585 0.04472222
v -0.06247754 0.01086585 0.04727778
v -0.06191818 0.01086585 0.04804037
v -0.06247754 0.01328049 -0.04727778
v -0.06191818 0.01328049 -0.04804037
v -0.06361633 0.01328049 -0.04472222
v -0.06399860 0.01328049 -0.04216667
v -0.06400000 0.01328049 -0.03961111
v -0.06400000 0.01328049 -0.03705556
v -0.06400000 0.01328049 -0.03450000
v -0.06400000 0.01328049 -0.03194444
v -0.06400000 0.01328049 -0.02938889
v -0.06400000 0.01328049 -0.02683333
v -0.06400000 0.01328049 -0.02427778
v -0.06400000 0.01328049 -0.02172222
v -0.06400000 0.01328049 -0.01916667
v -0.06400000 0.01328049 -0.01661111
v -0.06400000 0.01328049 -0.01405556
v -0.06400000 0.01328049 -0.01150000
v -0.06400000 0.01328049 -0.00894444
v -0.06400000 0.01328049 -0.00638889
v -0.06400000 0.01328049 -0.00383333
v -0.06400000 0.01328049 -0.00127778
v -0.06400000 0.01328049 0.00127778
v -0.06400000 0.01328049 0.00383333
v -0.06400000 0.01328049 0.00638889
v -0.06400000 0.01328049 0.00894444
v -0.06400000 0.01328049 0.01150000
v -0.06400000 0.01328049 0.01405556
v -0.06400000 0.01328049 0.01661111
v -0.06400000 0.01328049 0.01916667
v -0.06400000 0.01328049 0.02172222
v -0.06400000 0.01328049 0.02427778
v -0.06400000 0.01328049 0.02683333
v -0.06400000 0.01328049 0.02938889
v -0.06400000 0.01328049 0.03194444
v -0.06400000 0.01328049 0.03450000
v -0.06400000 0.01328049 0.03705556
v -0.06400000 0.01328049 0.03961111
v -0.06399860 0.01328049 0.04216667
v -0.06361633 0.01328049 0.04472222
v -0.06247754 0.01328049 0.04727778
v -0.06191818 0.01328049 0.04804037
v -0.06247754 0.01569512 -0.04727778
v -0.06191818 0.01569512 -0.04804037
v -0.06361633 0.01569512 -0.04472222
v -0.06399860 0.01569512 -0.04216667
v -0.06400000 0.01569512 -0.03961111
v -0.06400000 0.01569512 -0.03705556
v -0.06400000 0.01569512 -0.03450000
v -0.06400000 0.01569512 -0.03194444
v -0.06400000 0.01569512 -0.02938889
v -0.06400000 0.01569512 -0.02683333
v -0.06400000 0.01569512 -0.02427778
v -0.06400000 0.01569512 -0.02172222
v -0.06400000 0.01569512 -0.01916667
v -0.06400000 0.01569512 -0.01661111
v -0.06400000 0.01569512 -0.01405556
v -0.06400000 0.01569512 -0.01150000
v -0.06400000 0.01569512 -0.00894444
v -0.06400000 0.01569512 -0.00638889
v -0.06400000 0.01569512 -0.00383333
v -0.06400000 0.01569512 -0.00127778
v -0.06400000 0.01569512 0.00127778
v -0.06400000 0.01569512 0.00383333
v -0.06400000 0.01569512 0.00638889
v -0.06400000 0.01569512 0.00894444
v -0.06400000 0.01569512 0.01150000
v -0.06400000 0.01569512 0.01405556
v -0.06400000 0.01569512 0.01661111
v -0.06400000 0.01569512 0.01916667
v -0.06400000 0.01569512 0.02172222
v -0.06400000 0.01569512 0.02427778
v -0.06400000 0.01569512 0.02683333
v -0.06400000 0.01569512 0.02938889
v -0.06400000 0.01569512 0.03194444
v -0.06400000 0.01569512 0.03450000
v -0.06400000 0.01569512 0.03705556
v -0.06400000 0.01569512 0.03961111
v -0.06399860 0.01569512 0.04216667
v -0.06361633 0.01569512 0.04472222
v -0.06247754 0.01569512 0.04727778
v -0.06191818 0.01569512 0.04804037
v -0.06247754 0.01810976 -0.04727778
v -0.06191818 0.01810976 -0.04804037
v -0.06361633 0.01810976 -0.04472222
v -0.06399860 0.01810976 -0.04216667
v -0.06400000 0.01810976 -0.03961111
v -0.06400000 0.01810976 -0.03705556
v -0.06400000 0.01810976 -0.03450000
v -0.06400000 0.01810976 -0.03194444
v -0.06400000 0.01810976 -0.02938889
v -0.06400000 0.01810976 -0.02683333
v -0.06400000 0.01810976 -0.02427778
v -0.06400000 0.01810976 -0.02172222
v -0.06400000 0.01810976 -0.01916667
v -0.06400000 0.01810976 -0.01661111
v -0.06400000 0.01810976 -0.01405556
v -0.06400000 0.01810976 -0.01150000
v -0.06400000 0.01810976 -0.00894444
v -0.06400000 0.01810976 -0.00638889
v -0.06400000 0.01810976 -0.00383333
v -0.06400000 0.01810976 -0.00127778
v -0.06400000 0.01810976 0.00127778
v -0.06400000 0.01810976 0.00383333
v -0.06400000 0.01810976 0.00638889
v -0.06400000 0.01810976 0.00894444
v -0.06400000 0.01810976 0.01150000
v -0.06400000 0.01810976 0.01405556
v -0.06400000 0.01810976 0.01661111
v -0.06400000 0.01810976 0.01916667
v -0.06400000 0.01810976 0.02172222
v -0.06400000 0.01810976 0.02427778
v -0.06400000 0.01810976 0.02683333
v -0.06400000 0.01810976 0.02938889
v -0.06400000 0.01810976 0.03194444
v -0.06400000 0.01810976 0.03450000
v -0.06400000 0.01810976 0.03705556
v -0.06400000 0.01810976 0.03961111
v -0.06399860 0.01810976 0.04216667
v -0.06361633 0.01810976 0.04472222
v -0.06247754 0.01810976 0.04727778
v -0.06191818 0.01810976 0.04804037
v -0.06247754 0.02052439 -0.04727778
v -0.06191818 0.02052439 -0.04804037
v -0.06361633 0.02052439 -0.04472222
v -0.06399860 0.02052439 -0.04216667
v -0.06400000 0.02052439 -0.03961111
v -0.06400000 0.02052439 -0.03705556
v -0.06400000 0.02052439 -0.03450000
v -0.06400000 0.02052439 -0.03194444
v -0.06400000 0.02052439 -0.02938889
v -0.06400000 0.02052439 -0.02683333
v -0.06400000 0.02052439 -0.02427778
v -0.06400000 0.02052439 -0.02172222
v -0.06400000 0.02052439 -0.01916667
v -0.06400000 0.02052439 -0.01661111
v -0.06400000 0.02052439 -0.01405556
v -0.06400000 0.02052439 -0.01150000
v -0.06400000 0.02052439 -0.00894444
v -0.06400000 0.02052439 -0.00638889
v -0.06400000 0.02052439 -0.00383333
v -0.06400000 0.02052439 -0.00127778
v -0.06400000 0.02052439 0.00127778
v -0.06400000 0.02052439 0.00383333
v -0.06400000 0.02052439 0.00638889
v -0.06400000 0.02052439 0.00894444
v -0.06400000 0.02052439 0.01150000
v -0.06400000 0.02052439 0.01405556
v -0.06400000 0.02052439 0.01661111
v -0.06400000 0.02052439 0.01916667
v -0.06400000 0.02052439 0.02172222
v -0.06400000 0.02052439 0.02427778
v -0.06400000 0.02052439 0.02683333
v -0.06400000 0.02052439 0.02938889
v -0.06400000 0.02052439 0.03194444
v -0.06400000 0.02052439 0.03450000
v -0.06400000 0.02052439 0.03705556
v -0.06400000 0.02052439 0.03961111
v -0.06399860 0.02052439 0.04216667
v -0.06361633 0.02052439 0.04472222
v -0.06247754 0.02052439 0.04727778
v -0.06191818 0.02052439 0.04804037
v -0.06247754 0.02293902 -0.04727778
v -0.06191818 0.02293902 -0.04804037
v -0.06361633 0.02293902 -0.04472222
v -0.06399860 0.02293902 -0.04216667
v -0.06400000 0.02293902 -0.03961111
v -0.06400000 0.02293902 -0.03705556
v -0.06400000 0.02293902 -0.03450000
v -0.06400000 0.02293902 -0.03194444
v -0.06400000 0.02293902 -0.02938889
v -0.06400000 0.02293902 -0.02683333
v -0.06400000 0.02293902 -0.02427778
v -0.06400000 0.02293902 -0.02172222
v -0.06400000 0.02293902 -0.01916667
v -0.06400000 0.02293902 -0.01661111
v -0.06400000 0.02293902 -0.01405556
v -0.06400000 0.02293902 -0.01150000
v -0.06400000 0.02293902 -0.00894444
v -0.06400000 0.02293902 -0.00638889
v -0.06400000 0.02293902 -0.00383333
v -0.06400000 0.02293902 -0.00127778
v -0.06400000 0.02293902 0.00127778
v -0.06400000 0.02293902 0.00383333
v -0.06400000 0.02293902 0.00638889
v -0.06400000 0.02293902 0.00894444
v -0.06400000 0.02293902 0.01150000
v -0.06400000 0.02293902 0.01405556
v -0.06400000 0.02293902 0.01661111
v -0.06400000 0.02293902 0.01916667
v -0.06400000 0.02293902 0.02172222
v -0.06400000 0.02293902 0.02427778
v -0.06400000 0.02293902 0.02683333
v -0.06400000 0.02293902 0.02938889
v -0.06400000 0.02293902 0.03194444
v -0.06400000 0.02293902 0.03450000
v -0.06400000 0.02293902 0.03705556
v -0.06400000 0.02293902 0.03961111
v -0.06399860 0.02293902 0.04216667
v -0.06361633 0.02293902 0.04472222
v -0.06247754 0.02293902 0.04727778
v -0.06191818 0.02293902 0.04804037
v -0.06247754 0.02535366 -0.04727778
v -0.06191818 0.02535366 -0.04804037
v -0.06361633 0.02535366 -0.04472222
v -0.06399860 0.02535366 -0.04216667
v -0.06400000 0.02535366 -0.03961111
v -0.06400000 0.02535366 -0.03705556
v -0.06400000 0.02535366 -0.03450000
v -0.06400000 0.02535366 -0.03194444
v -0.06400000 0.02535366 -0.02938889
v -0.06400000 0.02535366 -0.02683333
v -0.06400000 0.02535366 -0.02427778
v -0.06400000 0.02535366 -0.02172222
v -0.06400000 0.02535366 -0.01916667
v -0.06400000 0.02535366 -0.01661111
v -0.06400000 0.02535366 -0.01405556
v -0.06400000 0.02535366 -0.01150000
v -0.06400000 0.02535366 -0.00894444
v -0.06400000 0.02535366 -0.00638889
v -0.06400000 0.02535366 -0.00383333
v -0.06400000 0.02535366 -0.00127778
v -0.06400000 0.02535366 0.00127778
v -0.06400000 0.02535366 0.00383333
v -0.06400000 0.02535366 0.00638889
v -0.06400000 0.02535366 0.00894444
v -0.06400000 0.02535366 0.01150000
v -0.06400000 0.02535366 0.01405556
v -0.06400000 0.02535366 0.01661111
v -0.06400000 0.02535366 0.01916667
v -0.06400000 0.02535366 0.02172222
v -0.06400000 0.02535366 0.02427778
v -0.06400000 0.02535366 0.02683333
v -0.06400000 0.02535366 0.02938889
v -0.06400000 0.02535366 0.03194444
v -0.06400000 0.02535366 0.03450000
v -0.06400000 0.02535366 0.03705556
v -0.06400000 0.02535366 0.03961111
v -0.06399860 0.02535366 0.04216667
v -0.06361633 0.02535366 0.04472222
v -0.06247754 0.02535366 0.04727778
v -0.06191818 0.02535366 0.04804037
v -0.06247754 0.02776829 -0.04727778
v -0.06191818 0.02776829 -0.04804037
v -0.06361633 0.02776829 -0.04472222
v -0.06399860 0.02776829 -0.04216667
v -0.06400000 0.02776829 -0.03961111
v -0.06400000 0.02776829 -0.03705556
v -0.06400000 0.02776829 -0.03450000
v -0.06400000 0.02776829 -0.03194444
v -0.06400000 0.02776829 -0.02938889
v -0.06400000 0.02776829 -0.02683333
v -0.06400000 0.02776829 -0.02427778
v -0.06400000 0.02776829 -0.02172222
v -0.06400000 0.02776829 -0.01916667
v -0.06400000 0.02776829 -0.01661111
v -0.06400000 0.02776829 -0.01405556
v -0.06400000 0.02776829 -0.01150000
v -0.06400000 0.02776829 -0.00894444
v -0.06400000 0.02776829 -0.00638889
v -0.06400000 0.02776829 -0.00383333
v -0.06400000 0.02776829 -0.00127778
v -0.06400000 0.02776829 0.00127778
v -0.06400000 0.02776829 0.00383333
v -0.06400000 0.02776829 0.00638889
v -0.06400000 0.02776829 0.00894444
v -0.06400000 0.02776829 0.01150000
v -0.06400000 0.02776829 0.01405556
v -0.06400000 0.02776829 0.01661111
v -0.06400000 0.02776829 0.01916667
v -0.06400000 0.02776829 0.02172222
v -0.06400000 0.02776829 0.02427778
v -0.06400000 0.02776829 0.02683333
v -0.06400000 0.02776829 0.02938889
v -0.06400000 0.02776829 0.03194444
v -0.06400000 0.02776829 0.03450000
v -0.06400000 0.02776829 0.03705556
v -0.06400000 0.02776829 0.03961111
v -0.06399860 0.02776829 0.04216667
v -0.06361633 0.02776829 0.04472222
v -0.06247754 0.02776829 0.04727778
v -0.06191818 0.02776829 0.04804037
v -0.06247754 0.03018293 -0.04727778
v -0.06191818 0.03018293 -0.04804037
v -0.06361633 0.03018293 -0.04472222
v -0.06399860 0.03018293 -0.04216667
v -0.06400000 0.03018293 -0.03961111
v -0.06400000 0.03018293 -0.03705556
v -0.06400000 0.03018293 -0.03450000
v -0.06400000 0.03018293 -0.03194444
v -0.06400000 0.03018293 -0.02938889
v -0.06400000 0.03018293 -0.02683333
v -0.06400000 0.03018293 -0.02427778
v -0.06400000 0.03018293 -0.02172222
v -0.06400000 0.03018293 -0.01916667
v -0.06400000 0.03018293 -0.01661111
v -0.06400000 0.03018293 -0.01405556
v -0.06400000 0.03018293 -0.01150000
v -0.06400000 0.03018293 -0.00894444
v -0.06400000 0.03018293 -0.00638889
v -0.06400000 0.03018293 -0.00383333
v -0.06400000 0.03018293 -0.00127778
v -0.06400000 0.03018293 0.00127778
v -0.06400000 0.03018293 0.00383333
v -0.06400000 0.03018293 0.00638889
v -0.06400000 0.03018293 0.00894444
v -0.06400000 0.03018293 0.01150000
v -0.06400000 0.03018293 0.01405556
v -0.06400000 0.03018293 0.01661111
v -0.06400000 0.03018293 0.01916667
v -0.06400000 0.03018293 0.02172222
v -0.06400000 0.03018293 0.02427778
v -0.06400000 0.03018293 0.02683333
v -0.06400000 0.03018293 0.02938889
v -0.06400000 0.03018293 0.03194444
v -0.06400000 0.03018293 0.03450000
v -0.06400000 0.03018293 0.03705556
v -0.06400000 0.03018293 0.03961111
v -0.06399860 0.03018293 0.04216667
v -0.06361633 0.03018293 0.04472222
v -0.06247754 0.03018293 0.04727778
v -0.06191818 0.03018293 0.04804037
v -0.06247754 0.03259756 -0.04727778
v -0.06191818 0.03259756 -0.04804037
v -0.06361633 0.03259756 -0.04472222
v -0.06399860 0.03259756 -0.04216667
v -0.06400000 0.03259756 -0.03961111
v -0.06400000 0.03259756 -0.03705556
v -0.06400000 0.03259756 -0.03450000
v -0.06400000 0.03259756 -0.03194444
v -0.06400000 0.03259756 -0.02938889
v -0.06400000 0.03259756 -0.02683333
v -0.06400000 0.03259756 -0.02427778
v -0.06400000 0.03259756 -0.02172222
v -0.06400000 0.03259756 -0.01916667
v -0.06400000 0.03259756 -0.01661111
v -0.06400000 0.03259756 -0.01405556
v -0.06400000 0.03259756 -0.01150000
v -0.06400000 0.03259756 -0.00894444
v -0.06400000 0.03259756 -0.00638889
v -0.06400000 0.03259756 -0.00383333
v -0.06400000 0.03259756 -0.00127778
v -0.06400000 0.03259756 0.00127778
v -0.06400000 0.03259756 0.00383333
v -0.06400000 0.03259756 0.00638889
v -0.06400000 0.03259756 0.00894444
v -0.06400000 0.03259756 0.01150000
v -0.06400000 0.03259756 0.01405556
v -0.06400000 0.03259756 0.01661111
v -0.06400000 0.03259756 0.01916667
v -0.06400000 0.03259756 0.02172222
v -0.06400000 0.03259756 0.02427778
v -0.06400000 0.03259756 0.02683333
v -0.06400000 0.03259756 0.02938889
v -0.06400000 0.03259756 0.03194444
v -0.06400000 0.03259756 0.03450000
v -0.06400000 0.03259756 0.03705556
v -0.06400000 0.03259756 0.03961111
v -0.06399860 0.03259756 0.04216667
v -0.06361633 0.03259756 0.04472222
v -0.06247754 0.03259756 0.04727778
v -0.06191818 0.03259756 0.04804037
v -0.06241780 0.03501220 -0.04727778
v -0.06191818 0.03501220 -0.04795907
v -0.06356194 0.03501220 -0.04472222
v -0.06394661 0.03501220 -0.04216667
v -0.06394802 0.03501220 -0.03961111
v -0.06394802 0.03501220 -0.03705556
v -0.06394802 0.03501220 -0.03450000
v -0.06394802 0.03501220 -0.03194444
v -0.06394802 0.03501220 -0.02938889
v -0.06394802 0.03501220 -0.02683333
v -0.06394802 0.03501220 -0.02427778
v -0.06394802 0.03501220 -0.02172222
v -0.06394802 0.03501220 -0.01916667
v -0.06394802 0.03501220 -0.01661111
v -0.06394802 0.03501220 -0.01405556
v -0.06394802 0.03501220 -0.01150000
v -0.06394802 0.03501220 -0.00894444
v -0.06394802 0.03501220 -0.00638889
v -0.06394802 0.03501220 -0.00383333
v -0.06394802 0.03501220 -0.00127778
v -0.06394802 0.03501220 0.00127778
v -0.06394802 0.03501220 0.00383333
v -0.06394802 0.03501220 0.00638889
v -0.06394802 0.03501220 0.00894444
v -0.06394802 0.03501220 0.01150000
v -0.06394802 0.03501220 0.01405556
v -0.06394802 0.03501220 0.01661111
v -0.06394802 0.03501220 0.01916667
v -0.06394802 0.03501220 0.02172222
v -0.06394802 0.03501220 0.02427778
v -0.06394802 0.03501220 0.02683333
v -0.06394802 0.03501220 0.02938889
v -0.06394802 0.03501220 0.03194444
v -0.06394802 0.03501220 0.03450000
v -0.06394802 0.03501220 0.03705556
v -0.06394802 0.03501220 0.03961111
v -0.06394661 0.03501220 0.04216667
v -0.06356194 0.03501220 0.04472222
v -0.06241780 0.03501220 0.04727778
v -0.06191818 0.03501220 0.04795907
v -0.06191818 0.03692073 -0.04727778
v -0.06191818 0.03742683 -0.04700441
v -0.06297524 0.03742683 -0.04472222
v -0.06338273 0.03742683 -0.04216667
v -0.06338423 0.03742683 -0.03961111
v -0.06338423 0.03742683 -0.03705556
v -0.06338423 0.03742683 -0.03450000
v -0.06338423 0.03742683 -0.03194444
v -0.06338423 0.03742683 -0.02938889
v -0.06338423 0.03742683 -0.02683333
v -0.06338423 0.03742683 -0.02427778
v -0.06338423 0.03742683 -0.02172222
v -0.06338423 0.03742683 -0.01916667
v -0.06338423 0.03742683 -0.01661111
v -0.06338423 0.03742683 -0.01405556
v -0.06338423 0.03742683 -0.01150000
v -0.06338423 0.03742683 -0.00894444
v -0.06338423 0.03742683 -0.00638889
v -0.06338423 0.03742683 -0.00383333
v -0.06338423 0.03742683 -0.00127778
v -0.06338423 0.03742683 0.00127778
v -0.06338423 0.03742683 0.00383333
v -0.06338423 0.03742683 0.00638889
v -0.06338423 0.03742683 0.00894444
v -0.06338423 0.03742683 0.01150000
v -0.06338423 0.03742683 0.01405556
v -0.06338423 0.03742683 0.01661111
v -0.06338423 0.03742683 0.01916667
v -0.06338423 0.03742683 0.02172222
v -0.06338423 0.03742683 0.02427778
v -0.06338423 0.03742683 0.02683333
v -0.06338423 0.03742683 0.02938889
v -0.06338423 0.03742683 0.03194444
v -0.06338423 0.03742683 0.03450000
v -0.06338423 0.03742683 0.03705556
v -0.06338423 0.03742683 0.03961111
v -0.06338273 0.03742683 0.04216667
v -0.06297524 0.03742683 0.04472222
v -0.06191818 0.03742683 0.04700441
v -0.06191818 0.03692073 0.04727778
v -0.06191818 0.03940651 -0.04472222
v -0.06191818 0.03984146 -0.04326923
v -0.06210685 0.03984146 -0.04216667
v -0.06210851 0.03984146 -0.03961111
v -0.06210851 0.03984146 -0.03705556
v -0.06210851 0.03984146 -0.03450000
v -0.06210851 0.03984146 -0.03194444
v -0.06210851 0.03984146 -0.02938889
v -0.06210851 0.03984146 -0.02683333
v -0.06210851 0.03984146 -0.02427778
v -0.06210851 0.03984146 -0.02172222
v -0.06210851 0.03984146 -0.01916667
v -0.06210851 0.03984146 -0.01661111
v -0.06210851 0.03984146 -0.01405556
v -0.06210851 0.03984146 -0.01150000
v -0.06210851 0.03984146 -0.00894444
v -0.06210851 0.03984146 -0.00638889
v -0.06210851 0.03984146 -0.00383333
v -0.06210851 0.03984146 -0.00127778
v -0.06210851 0.03984146 0.00127778
v -0.06210851 0.03984146 0.00383333
v -0.06210851 0.03984146 0.00638889
v -0.06210851 0.03984146 0.00894444
v -0.06210851 0.03984146 0.01150000
v -0.06210851 0.03984146 0.01405556
v -0.06210851 0.03984146 0.01661111
v -0.06210851 0.03984146 0.01916667
v -0.06210851 0.03984146 0.02172222
v -0.06210851 0.03984146 0.02427778
v -0.06210851 0.03984146 0.02683333
v -0.06210851 0.03984146 0.02938889
v -0.06210851 0.03984146 0.03194444
v -0.06210851 0.03984146 0.03450000
v -0.06210851 0.03984146 0.03705556
v -0.06210851 0.03984146 0.03961111
v -0.06210685 0.03984146 0.04216667
v -0.06191818 0.03984146 0.04326923
v -0.06191818 0.03940651 0.04472222
v -0.06191818 0.04008127 -0.04216667
v -0.06191818 0.04008337 -0.03961111
v -0.06191818 0.04008337 -0.03705556
v -0.06191818 0.04008337 -0.03450000
v -0.06191818 0.04008337 -0.03194444
v -0.06191818 0.04008337 -0.02938889
v -0.06191818 0.04008337 -0.02683333
v -0.06191818 0.04008337 -0.02427778
v -0.06191818 0.04008337 -0.02172222
v -0.06191818 0.04008337 -0.01916667
v -0.06191818 0.04008337 -0.01661111
v -0.06191818 0.04008337 -0.01405556
v -0.06191818 0.04008337 -0.01150000
v -0.06191818 0.04008337 -0.00894444
v -0.06191818 0.04008337 -0.00638889
v -0.06191818 0.04008337 -0.00383333
v -0.06191818 0.04008337 -0.00127778
v -0.06191818 0.04008337 0.00127778
v -0.06191818 0.04008337 0.00383333
v -0.06191818 0.04008337 0.00638889
v -0.06191818 0.04008337 0.00894444
v -0.06191818 0.04008337 0.01150000
v -0.06191818 0.04008337 0.01405556
v -0.06191818 0.04008337 0.01661111
v -0.06191818 0.04008337 0.01916667
v -0.06191818 0.04008337 0.02172222
v -0.06191818 0.04008337 0.02427778
v -0.06191818 0.04008337 0.02683333
v -0.06191818 0.04008337 0.02938889
v -0.06191818 0.04008337 0.03194444
v -0.06191818 0.04008337 0.03450000
v -0.06191818 0.04008337 0.03705556
v -0.06191818 0.04008337 0.03961111
v -0.06191818 0.04008127 0.04216667
v -0.05961229 -0.04225610 -0.04216667
v -0.05939091 -0.04241554 -0.04216667
v -0.05939091 -0.04225610 -0.04312858
v -0.05961452 -0.04225610 -0.03961111
v -0.05939091 -0.04241715 -0.03961111
v -0.05961452 -0.04225610 -0.03705556
v -0.05939091 -0.04241715 -0.03705556
v -0.05961452 -0.04225610 -0.03450000
v -0.05939091 -0.04241715 -0.03450000
v -0.05961452 -0.04225610 -0.03194444
v -0.05939091 -0.04241715 -0.03194444
v -0.05961452 -0.04225610 -0.02938889
v -0.05939091 -0.04241715 -0.02938889
v -0.05961452 -0.04225610 -0.02683333
v -0.05939091 -0.04241715 -0.02683333
v -0.05961452 -0.04225610 -0.02427778
v -0.05939091 -0.04241715 -0.02427778
v -0.05961452 -0.04225610 -0.02172222
v -0.05939091 -0.04241715 -0.02172222
v -0.05961452 -0.04225610 -0.01916667
v -0.05939091 -0.04241715 -0.01916667
v -0.05961452 -0.04225610 -0.01661111
v -0.05939091 -0.04241715 -0.01661111
v -0.05961452 -0.04225610 -0.01405556
v -0.05939091 -0.04241715 -0.01405556
v -0.05961452 -0.04225610 -0.01150000
v -0.05939091 -0.04241715 -0.01150000
v -0.05961452 -0.04225610 -0.00894444
v -0.05939091 -0.04241715 -0.00894444
v -0.05961452 -0.04225610 -0.00638889
v -0.05939091 -0.04241715 -0.00638889
v -0.05961452 -0.04225610 -0.00383333
v -0.05939091 -0.04241715 -0.00383333
v -0.05961452 -0.04225610 -0.00127778
v -0.05939091 -0.04241715 -0.00127778
v -0.05961452 -0.04225610 0.00127778
v -0.05939091 -0.04241715 0.00127778
v -0.05961452 -0.04225610 0.00383333
v -0.05939091 -0.04241715 0.00383333
v -0.05961452 -0.04225610 0.00638889
v -0.05939091 -0.04241715 0.00638889
v -0.05961452 -0.04225610 0.00894444
v -0.05939091 -0.04241715 0.00894444
v -0.05961452 -0.04225610 0.01150000
v -0.05939091 -0.04241715 0.01150000
v -0.05961452 -0.04225610 0.01405556
v -0.05939091 -0.04241715 0.01405556
v -0.05961452 -0.04225610 0.01661111
v -0.05939091 -0.04241715 0.01661111
v -0.05961452 -0.04225610 0.01916667
v -0.05939091 -0.04241715 0.01916667
v -0.05961452 -0.04225610 0.02172222
v -0.05939091 -0.04241715 0.02172222
v -0.05961452 -0.04225610 0.02427778
v -0.05939091 -0.04241715 0.02427778
v -0.05961452 -0.04225610 0.02683333
v -0.05939091 -0.04241715 0.02683333
v -0.05961452 -0.04225610 0.02938889
v -0.05939091 -0.04241715 0.02938889
v -0.05961452 -0.04225610 0.03194444
v -0.05939091 -0.04241715 0.03194444
v -0.05961452 -0.04225610 0.03450000
v -0.05939091 -0.04241715 0.03450000
v -0.05961452 -0.04225610 0.03705556
v -0.05939091 -0.04241715 0.03705556
v -0.05961452 -0.04225610 0.03961111
v -0.05939091 -0.04241715 0.03961111
v -0.05961229 -0.04225610 0.04216667
v -0.05939091 -0.04241554 0.04216667
v -0.05939091 -0.04225610 0.04312859
v -0.06010433 -0.03984146 -0.04727778
v -0.05939091 -0.04051558 -0.04727778
v -0.05939091 -0.03984146 -0.04800177
v -0.06162543 -0.03984146 -0.04472222
v -0.05939091 -0.04195325 -0.04472222
v -0.06162543 -0.03984146 0.04472222
v -0.05939091 -0.04195325 0.04472222
v -0.06010433 -0.03984146 0.04727778
v -0.05939091 -0.04051558 0.04727778
v -0.05939091 -0.03984146 0.04800177
v -0.06176039 -0.03742683 -0.04727778
v -0.05939091 -0.03742683 -0.04968220
v -0.06176039 -0.03742683 0.04727778
v -0.05939091 -0.03742683 0.04968220
v -0.06007241 -0.03501220 -0.04983333
v -0.05939091 -0.03694945 -0.04983333
v -0.05939091 -0.03501220 -0.05034461
v -0.06007241 -0.03501220 0.04983333
v -0.05939091 -0.03694945 0.04983333
v -0.05939091 -0.03501220 0.05034461
v -0.06015247 -0.03259756 -0.04983333
v -0.05939091 -0.03259756 -0.05040481
v -0.06015247 -0.03259756 0.04983333
v -0.05939091 -0.03259756 0.05040481
v -0.06015247 -0.03018293 -0.04983333
v -0.05939091 -0.03018293 -0.05040481
v -0.06015247 -0.03018293 0.04983333
v -0.05939091 -0.03018293 0.05040481
v -0.06015247 -0.02776829 -0.04983333
v -0.05939091 -0.02776829 -0.05040481
v -0.06015247 -0.02776829 0.04983333
v -0.05939091 -0.02776829 0.05040481
v -0.06015247 -0.02535366 -0.04983333
v -0.05939091 -0.02535366 -0.05040481
v -0.06015247 -0.02535366 0.04983333
v -0.05939091 -0.02535366 0.05040481
v -0.06015247 -0.02293902 -0.04983333
v -0.05939091 -0.02293902 -0.05040481
v -0.06015247 -0.02293902 0.04983333
v -0.05939091 -0.02293902 0.05040481
v -0.06015247 -0.02052439 -0.04983333
v -0.05939091 -0.02052439 -0.05040481
v -0.06015247 -0.02052439 0.04983333
v -0.05939091 -0.02052439 0.05040481
v -0.06015247 -0.01810976 -0.04983333
v -0.05939091 -0.01810976 -0.05040481
v -0.06015247 -0.01810976 0.04983333
v -0.05939091 -0.01810976 0.05040481
v -0.06015247 -0.01569512 -0.04983333
v -0.05939091 -0.01569512 -0.05040481
v -0.06015247 -0.01569512 0.04983333
v -0.05939091 -0.01569512 0.05040481
v -0.06015247 -0.01328049 -0.04983333
v -0.05939091 -0.01328049 -0.05040481
v -0.06015247 -0.01328049 0.04983333
v -0.05939091 -0.01328049 0.05040481
v -0.06015247 -0.01086585 -0.04983333
v -0.05939091 -0.01086585 -0.05040481
v -0.06015247 -0.01086585 0.04983333
v -0.05939091 -0.01086585 0.05040481
v -0.06015247 -0.00845122 -0.04983333
v -0.05939091 -0.00845122 -0.05040481
v -0.06015247 -0.00845122 0.04983333
v -0.05939091 -0.00845122 0.05040481
v -0.06015247 -0.00603659 -0.04983333
v -0.05939091 -0.00603659 -0.05040481
v -0.06015247 -0.00603659 0.04983333
v -0.05939091 -0.00603659 0.05040481
v -0.06015247 -0.00362195 -0.04983333
v -0.05939091 -0.00362195 -0.05040481
v -0.06015247 -0.00362195 0.04983333
v -0.05939091 -0.00362195 0.05040481
v -0.06015247 -0.00120732 -0.04983333
v -0.05939091 -0.00120732 -0.05040481
v -0.06015247 -0.00120732 0.04983333
v -0.05939091 -0.00120732 0.05040481
v -0.06015247 0.00120732 -0.04983333
v -0.05939091 0.00120732 -0.05040481
v -0.06015247 0.00120732 0.04983333
v -0.05939091 0.00120732 0.05040481
v -0.06015247 0.00362195 -0.04983333
v -0.05939091 0.00362195 -0.05040481
v -0.06015247 0.00362195 0.04983333
v -0.05939091 0.00362195 0.05040481
v -0.06015247 0.00603659 -0.04983333
v -0.05939091 0.00603659 -0.05040481
v -0.06015247 0.00603659 0.04983333
v -0.05939091 0.00603659 0.05040481
v -0.06015247 0.00845122 -0.04983333
v -0.05939091 0.00845122 -0.05040481
v -0.06015247 0.00845122 0.04983333
v -0.05939091 0.00845122 0.05040481
v -0.06015247 0.01086585 -0.04983333
v -0.05939091 0.01086585 -0.05040481
v -0.06015247 0.01086585 0.04983333
v -0.05939091 0.01086585 0.05040481
v -0.06015247 0.01328049 -0.04983333
v -0.05939091 0.01328049 -0.05040481
v -0.06015247 0.01328049 0.04983333
v -0.05939091 0.01328049 0.05040481
v -0.06015247 0.01569512 -0.04983333
v -0.05939091 0.01569512 -0.05040481
v -0.06015247 0.01569512 0.04983333
v -0.05939091 0.01569512 0.05040481
v -0.06015247 0.01810976 -0.04983333
v -0.05939091 0.01810976 -0.05040481
v -0.06015247 0.01810976 0.04983333
v -0.05939091 0.01810976 0.05040481
v -0.06015247 0.02052439 -0.04983333
v -0.05939091 0.02052439 -0.05040481
v -0.06015247 0.02052439 0.04983333
v -0.05939091 0.02052439 0.05040481
v -0.06015247 0.02293902 -0.04983333
v -0.05939091 0.02293902 -0.05040481
v -0.06015247 0.02293902 0.04983333
v -0.05939091 0.02293902 0.05040481
v -0.06015247 0.02535366 -0.04983333
v -0.05939091 0.02535366 -0.05040481
v -0.06015247 0.02535366 0.04983333
v -0.05939091 0.02535366 0.05040481
v -0.06015247 0.02776829 -0.04983333
v -0.05939091 0.02776829 -0.05040481
v -0.06015247 0.02776829 0.04983333
v -0.05939091 0.02776829 0.05040481
v -0.06015247 0.03018293 -0.04983333
v -0.05939091 0.03018293 -0.05040481
v -0.06015247 0.03018293 0.04983333
v -0.05939091 0.03018293 0.05040481
v -0.06015247 0.03259756 -0.04983333
v -0.05939091 0.03259756 -0.05040481
v -0.06015247 0.03259756 0.04983333
v -0.05939091 0.03259756 0.05040481
v -0.06007241 0.03501220 -0.04983333
v -0.05939091 0.03501220 -0.05034461
v -0.06007241 0.03501220 0.04983333
v -0.05939091 0.03501220 0.05034461
v -0.05939091 0.03694945 -0.04983333
v -0.06176039 0.03742683 -0.04727778
v -0.05939091 0.03742683 -0.04968220
v -0.06176039 0.03742683 0.04727778
v -0.05939091 0.03742683 0.04968220
v -0.05939091 0.03694945 0.04983333
v -0.06010433 0.03984146 -0.04727778
v -0.05939091 0.03984146 -0.04800177
v -0.06162543 0.03984146 -0.04472222
v -0.06162543 0.03984146 0.04472222
v -0.06010433 0.03984146 0.04727778
v -0.05939091 0.03984146 0.04800177
v -0.05939091 0.04051558 -0.04727778
v -0.05939091 0.04195326 -0.04472222
v -0.05961229 0.04225610 -0.04216667
v -0.05939091 0.04225610 -0.04312858
v -0.05961452 0.04225610 -0.03961111
v -0.05961452 0.04225610 -0.03705556
v -0.05961452 0.04225610 -0.03450000
v -0.05961452 0.04225610 -0.03194444
v -0.05961452 0.04225610 -0.02938889
v -0.05961452 0.04225610 -0.02683333
v -0.05961452 0.04225610 -0.02427778
v -0.05961452 0.04225610 -0.02172222
v -0.05961452 0.04225610 -0.01916667
v -0.05961452 0.04225610 -0.01661111
v -0.05961452 0.04225610 -0.01405556
v -0.05961452 0.04225610 -0.01150000
v -0.05961452 0.04225610 -0.00894444
v -0.05961452 0.04225610 -0.00638889
v -0.05961452 0.04225610 -0.00383333
v -0.05961452 0.04225610 -0.00127778
v -0.05961452 0.04225610 0.00127778
v -0.05961452 0.04225610 0.00383333
v -0.05961452 0.04225610 0.00638889
v -0.05961452 0.04225610 0.00894444
v -0.05961452 0.04225610 0.01150000
v -0.05961452 0.04225610 0.01405556
v -0.05961452 0.04225610 0.01661111
v -0.05961452 0.04225610 0.01916667
v -0.05961452 0.04225610 0.02172222
v -0.05961452 0.04225610 0.02427778
v -0.05961452 0.04225610 0.02683333
v -0.05961452 0.04225610 0.02938889
v -0.05961452 0.04225610 0.03194444
v -0.05961452 0.04225610 0.03450000
v -0.05961452 0.04225610 0.03705556
v -0.05961452 0.04225610 0.03961111
v -0.05961229 0.04225610 0.04216667
v -0.05939091 0.04225610 0.04312859
v -0.05939091 0.04195326 0.04472222
v -0.05939091 0.04051558 0.04727778
v -0.05939091 0.04241554 -0.04216667
v -0.05939091 0.04241714 -0.03961111
v -0.05939091 0.04241714 -0.03705556
v -0.05939091 0.04241714 -0.03450000
v -0.05939091 0.04241714 -0.03194444
v -0.05939091 0.04241714 -0.02938889
v -0.05939091 0.04241714 -0.02683333
v -0.05939091 0.04241714 -0.02427778
v -0.05939091 0.04241714 -0.02172222
v -0.05939091 0.04241714 -0.01916667
v -0.05939091 0.04241714 -0.01661111
v -0.05939091 0.04241714 -0.01405556
v -0.05939091 0.04241714 -0.01150000
v -0.05939091 0.04241714 -0.00894444
v -0.05939091 0.04241714 -0.00638889
v -0.05939091 0.04241714 -0.00383333
v -0.05939091 0.04241714 -0.00127778
v -0.05939091 0.04241714 0.00127778
v -0.05939091 0.04241714 0.00383333
v -0.05939091 0.04241714 0.00638889
v -0.05939091 0.04241714 0.00894444
v -0.05939091 0.04241714 0.01150000
v -0.05939091 0.04241714 0.01405556
v -0.05939091 0.04241714 0.01661111
v -0.05939091 0.04241714 0.01916667
v -0.05939091 0.04241714 0.02172222
v -0.05939091 0.04241714 0.02427778
v -0.05939091 0.04241714 0.02683333
v -0.05939091 0.04241714 0.02938889
v -0.05939091 0.04241714 0.03194444
v -0.05939091 0.04241714 0.03450000
v -0.05939091 0.04241714 0.03705556
v -0.05939091 0.04241714 0.03961111
v -0.05939091 0.04241554 0.04216667
v -0.05885285 -0.04225610 -0.04472222
v -0.05686364 -0.04317511 -0.04472222
v -0.05686364 -0.04225610 -0.04677257
v -0.05686364 -0.04357332 -0.04216667
v -0.05686364 -0.04357479 -0.03961111
v -0.05686364 -0.04357479 -0.03705556
v -0.05686364 -0.04357479 -0.03450000
v -0.05686364 -0.04357479 -0.03194444
v -0.05686364 -0.04357479 -0.02938889
v -0.05686364 -0.04357479 -0.02683333
v -0.05686364 -0.04357479 -0.02427778
v -0.05686364 -0.04357479 -0.02172222
v -0.05686364 -0.04357479 -0.01916667
v -0.05686364 -0.04357479 -0.01661111
v -0.05686364 -0.04357479 -0.01405556
v -0.05686364 -0.04357479 -0.01150000
v -0.05686364 -0.04357479 -0.00894444
v -0.05686364 -0.04357479 -0.00638889
v -0.05686364 -0.04357479 -0.00383333
v -0.05686364 -0.04357479 -0.00127778
v -0.05686364 -0.04357479 0.00127778
v -0.05686364 -0.04357479 0.00383333
v -0.05686364 -0.04357479 0.00638889
v -0.05686364 -0.04357479 0.00894444
v -0.05686364 -0.04357479 0.01150000
v -0.05686364 -0.04357479 0.01405556
v -0.05686364 -0.04357479 0.01661111
v -0.05686364 -0.04357479 0.01916667
v -0.05686364 -0.04357479 0.02172222
v -0.05686364 -0.04357479 0.02427778
v -0.05686364 -0.04357479 0.02683333
v -0.05686364 -0.04357479 0.02938889
v -0.05686364 -0.04357479 0.03194444
v -0.05686364 -0.04357479 0.03450000
v -0.05686364 -0.04357479 0.03705556
v -0.05686364 -0.04357479 0.03961111
v -0.05686364 -0.04357332 0.04216667
v -0.05885285 -0.04225610 0.04472222
v -0.05686364 -0.04317511 0.04472222
v -0.05686364 -0.04225610 0.04677257
v -0.05686364 -0.04198089 -0.04727778
v -0.05686364 -0.03984146 -0.04957493
v -0.05686364 -0.04198089 0.04727778
v -0.05686364 -0.03984146 0.04957493
v -0.05914132 -0.03742683 -0.04983333
v -0.05686364 -0.03946332 -0.04983333
v -0.05686364 -0.03742683 -0.05092987
v -0.05686364 -0.03946332 0.04983333
v -0.05914132 -0.03742683 0.04983333
v -0.05686364 -0.03742683 0.05092986
v -0.05686364 -0.03501220 -0.05151977
v -0.05686364 -0.03501220 0.05151978
v -0.05686364 -0.03259756 -0.05157444
v -0.05686364 -0.03259756 0.05157445
v -0.05686364 -0.03018293 -0.05157444
v -0.05686364 -0.03018293 0.05157445
v -0.05686364 -0.02776829 -0.05157444
v -0.05686364 -0.02776829 0.05157445
v -0.05686364 -0.02535366 -0.05157444
v -0.05686364 -0.02535366 0.05157445
v -0.05686364 -0.02293902 -0.05157444
v -0.05686364 -0.02293902 0.05157445
v -0.05686364 -0.02052439 -0.05157444
v -0.05686364 -0.02052439 0.05157445
v -0.05686364 -0.01810976 -0.05157444
v -0.05686364 -0.01810976 0.05157445
v -0.05686364 -0.01569512 -0.05157444
v -0.05686364 -0.01569512 0.05157445
v -0.05686364 -0.01328049 -0.05157444
v -0.05686364 -0.01328049 0.05157445
v -0.05686364 -0.01086585 -0.05157444
v -0.05686364 -0.01086585 0.05157445
v -0.05686364 -0.00845122 -0.05157444
v -0.05686364 -0.00845122 0.05157445
v -0.05686364 -0.00603659 -0.05157444
v -0.05686364 -0.00603659 0.05157445
v -0.05686364 -0.00362195 -0.05157444
v -0.05686364 -0.00362195 0.05157445
v -0.05686364 -0.00120732 -0.05157444
v -0.05686364 -0.00120732 0.05157445
v -0.05686364 0.00120732 -0.05157444
v -0.05686364 0.00120732 0.05157445
v -0.05686364 0.00362195 -0.05157444
v -0.05686364 0.00362195 0.05157445
v -0.05686364 0.00603659 -0.05157444
v -0.05686364 0.00603659 0.05157445
v -0.05686364 0.00845122 -0.05157444
v -0.05686364 0.00845122 0.05157445
v -0.05686364 0.01086585 -0.05157444
v -0.05686364 0.01086585 0.05157445
v -0.05686364 0.01328049 -0.05157444
v -0.05686364 0.01328049 0.05157445
v -0.05686364 0.01569512 -0.05157444
v -0.05686364 0.01569512 0.05157445
v -0.05686364 0.01810976 -0.05157444
v -0.05686364 0.01810976 0.05157445
v -0.05686364 0.02052439 -0.05157444
v -0.05686364 0.02052439 0.05157445
v -0.05686364 0.02293902 -0.05157444
v -0.05686364 0.02293902 0.05157445
v -0.05686364 0.02535366 -0.05157444
v -0.05686364 0.02535366 0.05157445
v -0.05686364 0.02776829 -0.05157444
v -0.05686364 0.02776829 0.05157445
v -0.05686364 0.03018293 -0.05157444
v -0.05686364 0.03018293 0.05157445
v -0.05686364 0.03259756 -0.05157444
v -0.05686364 0.03259756 0.05157445
v -0.05686364 0.03501220 -0.05151977
v -0.05686364 0.03501220 0.05151978
v -0.05914132 0.03742683 -0.04983333
v -0.05686364 0.03742683 -0.05092987
v -0.05914132 0.03742683 0.04983333
v -0.05686364 0.03742683 0.05092986
v -0.05686364 0.03946332 -0.04983333
v -0.05686364 0.03984146 -0.04957493
v -0.05686364 0.03984146 0.04957493
v -0.05686364 0.03946332 0.04983333
v -0.05686364 0.04198089 -0.04727778
v -0.05885285 0.04225610 -0.04472222
v -0.05686364 0.04225610 -0.04677257
v -0.05885285 0.04225610 0.04472222
v -0.05686364 0.04225610 0.04677257
v -0.05686364 0.04198089 0.04727778
v -0.05686364 0.04317511 -0.04472222
v -0.05686364 0.04357332 -0.04216667
v -0.05686364 0.04357480 -0.03961111
v -0.05686364 0.04357480 -0.03705556
v -0.05686364 0.04357480 -0.03450000
v -0.05686364 0.04357480 -0.03194444
v -0.05686364 0.04357480 -0.02938889
v -0.05686364 0.04357480 -0.02683333
v -0.05686364 0.04357480 -0.02427778
v -0.05686364 0.04357480 -0.02172222
v -0.05686364 0.04357480 -0.01916667
v -0.05686364 0.04357480 -0.01661111
v -0.05686364 0.04357480 -0.01405556
v -0.05686364 0.04357480 -0.01150000
v -0.05686364 0.04357480 -0.00894444
v -0.05686364 0.04357480 -0.00638889
v -0.05686364 0.04357480 -0.00383333
v -0.05686364 0.04357480 -0.00127778
v -0.05686364 0.04357480 0.00127778
v -0.05686364 0.04357480 0.00383333
v -0.05686364 0.04357480 0.00638889
v -0.05686364 0.04357480 0.00894444
v -0.05686364 0.04357480 0.01150000
v -0.05686364 0.04357480 0.01405556
v -0.05686364 0.04357480 0.01661111
v -0.05686364 0.04357480 0.01916667
v -0.05686364 0.04357480 0.02172222
v -0.05686364 0.04357480 0.02427778
v -0.05686364 0.04357480 0.02683333
v -0.05686364 0.04357480 0.02938889
v -0.05686364 0.04357480 0.03194444
v -0.05686364 0.04357480 0.03450000
v -0.05686364 0.04357480 0.03705556
v -0.05686364 0.04357480 0.03961111
v -0.05686364 0.04357332 0.04216667
v -0.05686364 0.04317511 0.04472222
v -0.05555810 -0.04225610 -0.04727778
v -0.05433636 -0.04248021 -0.04727778
v -0.05433636 -0.04225610 -0.04759350
v -0.05433636 -0.04361059 -0.04472222
v -0.05433636 -0.04399286 -0.04216667
v -0.05433636 -0.04399427 -0.03961111
v -0.05433636 -0.04399427 -0.03705556
v -0.05433636 -0.04399427 -0.03450000
v -0.05433636 -0.04399427 -0.03194444
v -0.05433636 -0.04399427 -0.02938889
v -0.05433636 -0.04399427 -0.02683333
v -0.05433636 -0.04399427 -0.02427778
v -0.05433636 -0.04399427 -0.02172222
v -0.05433636 -0.04399427 -0.01916667
v -0.05433636 -0.04399427 -0.01661111
v -0.05433636 -0.04399427 -0.01405556
v -0.05433636 -0.04399427 -0.01150000
v -0.05433636 -0.04399427 -0.00894444
v -0.05433636 -0.04399427 -0.00638889
v -0.05433636 -0.04399427 -0.00383333
v -0.05433636 -0.04399427 -0.00127778
v -0.05433636 -0.04399427 0.00127778
v -0.05433636 -0.04399427 0.00383333
v -0.05433636 -0.04399427 0.00638889
v -0.05433636 -0.04399427 0.00894444
v -0.05433636 -0.04399427 0.01150000
v -0.05433636 -0.04399427 0.01405556
v -0.05433636 -0.04399427 0.01661111
v -0.05433636 -0.04399427 0.01916667
v -0.05433636 -0.04399427 0.02172222
v -0.05433636 -0.04399427 0.02427778
v -0.05433636 -0.04399427 0.02683333
v -0.05433636 -0.04399427 0.02938889
v -0.05433636 -0.04399427 0.03194444
v -0.05433636 -0.04399427 0.03450000
v -0.05433636 -0.04399427 0.03705556
v -0.05433636 -0.04399427 0.03961111
v -0.05433636 -0.04399286 0.04216667
v -0.05433636 -0.04361059 0.04472222
v -0.05555810 -0.04225610 0.04727778
v -0.05433636 -0.04248021 0.04727778
v -0.05433636 -0.04225610 0.04759350
v -0.05572502 -0.03984146 -0.04983333
v -0.05433636 -0.04017568 -0.04983333
v -0.05433636 -0.03984146 -0.05009846
v -0.05572502 -0.03984146 0.04983333
v -0.05433636 -0.04017568 0.04983333
v -0.05433636 -0.03984146 0.05009846
v -0.05433636 -0.03742683 -0.05137793
v -0.05433636 -0.03742683 0.05137793
v -0.05433636 -0.03501220 -0.05194230
v -0.05433636 -0.03501220 0.05194230
v -0.05433636 -0.03259756 -0.05199428
v -0.05433636 -0.03259756 0.05199428
v -0.05433636 -0.03018293 -0.05199428
v -0.05433636 -0.03018293 0.05199428
v -0.05433636 -0.02776829 -0.05199428
v -0.05433636 -0.02776829 0.05199428
v -0.05433636 -0.02535366 -0.05199428
v -0.05433636 -0.02535366 0.05199428
v -0.05433636 -0.02293902 -0.05199428
v -0.05433636 -0.02293902 0.05199428
v -0.05433636 -0.02052439 -0.05199428
v -0.05433636 -0.02052439 0.05199428
v -0.05433636 -0.01810976 -0.05199428
v -0.05433636 -0.01810976 0.05199428
v -0.05433636 -0.01569512 -0.05199428
v -0.05433636 -0.01569512 0.05199428
v -0.05433636 -0.01328049 -0.05199428
v -0.05433636 -0.01328049 0.05199428
v -0.05433636 -0.01086585 -0.05199428
v -0.05433636 -0.01086585 0.05199428
v -0.05433636 -0.00845122 -0.05199428
v -0.05433636 -0.00845122 0.05199428
v -0.05433636 -0.00603659 -0.05199428
v -0.05433636 -0.00603659 0.05199428
v -0.05433636 -0.00362195 -0.05199428
v -0.05433636 -0.00362195 0.05199428
v -0.05433636 -0.00120732 -0.05199428
v -0.05433636 -0.00120732 0.05199428
v -0.05433636 0.00120732 -0.05199428
v -0.05433636 0.00120732 0.05199428
v -0.05433636 0.00362195 -0.05199428
v -0.05433636 0.00362195 0.05199428
v -0.05433636 0.00603659 -0.05199428
v -0.05433636 0.00603659 0.05199428
v -0.05433636 0.00845122 -0.05199428
v -0.05433636 0.00845122 0.05199428
v -0.05433636 0.01086585 -0.05199428
v -0.05433636 0.01086585 0.05199428
v -0.05433636 0.01328049 -0.05199428
v -0.05433636 0.01328049 0.05199428
v -0.05433636 0.01569512 -0.05199428
v -0.05433636 0.01569512 0.05199428
v -0.05433636 0.01810976 -0.05199428
v -0.05433636 0.01810976 0.05199428
v -0.05433636 0.02052439 -0.05199428
v -0.05433636 0.02052439 0.05199428
v -0.05433636 0.02293902 -0.05199428
v -0.05433636 0.02293902 0.05199428
v -0.05433636 0.02535366 -0.05199428
v -0.05433636 0.02535366 0.05199428
v -0.05433636 0.02776829 -0.05199428
v -0.05433636 0.02776829 0.05199428
v -0.05433636 0.03018293 -0.05199428
v -0.05433636 0.03018293 0.05199428
v -0.05433636 0.03259756 -0.05199428
v -0.05433636 0.03259756 0.05199428
v -0.05433636 0.03501220 -0.05194230
v -0.05433636 0.03501220 0.05194230
v -0.05433636 0.03742683 -0.05137793
v -0.05433636 0.03742683 0.05137793
v -0.05572502 0.03984146 -0.04983333
v -0.05433636 0.03984146 -0.05009846
v -0.05572502 0.03984146 0.04983333
v -0.05433636 0.03984146 0.05009846
v -0.05433636 0.04017568 -0.04983333
v -0.05555810 0.04225610 -0.04727778
v -0.05433636 0.04225610 -0.04759350
v -0.05555810 0.04225610 0.04727778
v -0.05433636 0.04225610 0.04759350
v -0.05433636 0.04017568 0.04983333
v -0.05433636 0.04248021 -0.04727778
v -0.05433636 0.04361059 -0.04472222
v -0.05433636 0.04399286 -0.04216667
v -0.05433636 0.04399427 -0.03961111
v -0.05433636 0.04399427 -0.03705556
v -0.05433636 0.04399427 -0.03450000
v -0.05433636 0.04399427 -0.03194444
v -0.05433636 0.04399427 -0.02938889
v -0.05433636 0.04399427 -0.02683333
v -0.05433636 0.04399427 -0.02427778
v -0.05433636 0.04399427 -0.02172222
v -0.05433636 0.04399427 -0.01916667
v -0.05433636 0.04399427 -0.01661111
v -0.05433636 0.04399427 -0.01405556
v -0.05433636 0.04399427 -0.01150000
v -0.05433636 0.04399427 -0.00894444
v -0.05433636 0.04399427 -0.00638889
v -0.05433636 0.04399427 -0.00383333
v -0.05433636 0.04399427 -0.00127778
v -0.05433636 0.04399427 0.00127778
v -0.05433636 0.04399427 0.00383333
v -0.05433636 0.04399427 0.00638889
v -0.05433636 0.04399427 0.00894444
v -0.05433636 0.04399427 0.01150000
v -0.05433636 0.04399427 0.01405556
v -0.05433636 0.04399427 0.01661111
v -0.05433636 0.04399427 0.01916667
v -0.05433636 0.04399427 0.02172222
v -0.05433636 0.04399427 0.02427778
v -0.05433636 0.04399427 0.02683333
v -0.05433636 0.04399427 0.02938889
v -0.05433636 0.04399427 0.03194444
v -0.05433636 0.04399427 0.03450000
v -0.05433636 0.04399427 0.03705556
v -0.05433636 0.04399427 0.03961111
v -0.05433636 0.04399286 0.04216667
v -0.05433636 0.04361059 0.04472222
v -0.05433636 0.04248021 0.04727778
v -0.05180909 -0.04248672 -0.04727778
v -0.05180909 -0.04225610 -0.04760267
v -0.05180909 -0.04361657 -0.04472222
v -0.05180909 -0.04399859 -0.04216667
v -0.05180909 -0.04400000 -0.03961111
v -0.05180909 -0.04400000 -0.03705556
v -0.05180909 -0.04400000 -0.03450000
v -0.05180909 -0.04400000 -0.03194444
v -0.05180909 -0.04400000 -0.02938889
v -0.05180909 -0.04400000 -0.02683333
v -0.05180909 -0.04400000 -0.02427778
v -0.05180909 -0.04400000 -0.02172222
v -0.05180909 -0.04400000 -0.01916667
v -0.05180909 -0.04400000 -0.01661111
v -0.05180909 -0.04400000 -0.01405556
v -0.05180909 -0.04400000 -0.01150000
v -0.05180909 -0.04400000 -0.00894444
v -0.05180909 -0.04400000 -0.00638889
v -0.05180909 -0.04400000 -0.00383333
v -0.05180909 -0.04400000 -0.00127778
v -0.05180909 -0.04400000 0.00127778
v -0.05180909 -0.04400000 0.00383333
v -0.05180909 -0.04400000 0.00638889
v -0.05180909 -0.04400000 0.00894444
v -0.05180909 -0.04400000 0.01150000
v -0.05180909 -0.04400000 0.01405556
v -0.05180909 -0.04400000 0.01661111
v -0.05180909 -0.04400000 0.01916667
v -0.05180909 -0.04400000 0.02172222
v -0.05180909 -0.04400000 0.02427778
v -0.05180909 -0.04400000 0.02683333
v -0.05180909 -0.04400000 0.02938889
v -0.05180909 -0.04400000 0.03194444
v -0.05180909 -0.04400000 0.03450000
v -0.05180909 -0.04400000 0.03705556
v -0.05180909 -0.04400000 0.03961111
v -0.05180909 -0.04399859 0.04216667
v -0.05180909 -0.04361657 0.04472222
v -0.05180909 -0.04248672 0.04727778
v -0.05180909 -0.04225610 0.04760266
v -0.05180909 -0.04018419 -0.04983333
v -0.05180909 -0.03984146 -0.05010522
v -0.05180909 -0.04018419 0.04983333
v -0.05180909 -0.03984146 0.05010522
v -0.05180909 -0.03742683 -0.05138407
v -0.05180909 -0.03742683 0.05138407
v -0.05180909 -0.03501220 -0.05194806
v -0.05180909 -0.03501220 0.05194805
v -0.05180909 -0.03259756 -0.05200000
v -0.05180909 -0.03259756 0.05200000
v -0.05180909 -0.03018293 -0.05200000
v -0.05180909 -0.03018293 0.05200000
v -0.05180909 -0.02776829 -0.05200000
v -0.05180909 -0.02776829 0.05200000
v -0.05180909 -0.02535366 -0.05200000
v -0.05180909 -0.02535366 0.05200000
v -0.05180909 -0.02293902 -0.05200000
v -0.05180909 -0.02293902 0.05200000
v -0.05180909 -0.02052439 -0.05200000
v -0.05180909 -0.02052439 0.05200000
v -0.05180909 -0.01810976 -0.05200000
v -0.05180909 -0.01810976 0.05200000
v -0.05180909 -0.01569512 -0.05200000
v -0.05180909 -0.01569512 0.05200000
v -0.05180909 -0.01328049 -0.05200000
v -0.05180909 -0.01328049 0.05200000
v -0.05180909 -0.01086585 -0.05200000
v -0.05180909 -0.01086585 0.05200000
v -0.05180909 -0.00845122 -0.05200000
v -0.05180909 -0.00845122 0.05200000
v -0.05180909 -0.00603659 -0.05200000
v -0.05180909 -0.00603659 0.05200000
v -0.05180909 -0.00362195 -0.05200000
v -0.05180909 -0.00362195 0.05200000
v -0.05180909 -0.00120732 -0.05200000
v -0.05180909 -0.00120732 0.05200000
v -0.05180909 0.00120732 -0.05200000
v -0.05180909 0.00120732 0.05200000
v -0.05180909 0.00362195 -0.05200000
v -0.05180909 0.00362195 0.05200000
v -0.05180909 0.00603659 -0.05200000
v -0.05180909 0.00603659 0.05200000
v -0.05180909 0.00845122 -0.05200000
v -0.05180909 0.00845122 0.05200000
v -0.05180909 0.01086585 -0.05200000
v -0.05180909 0.01086585 0.05200000
v -0.05180909 0.01328049 -0.05200000
v -0.05180909 0.01328049 0.05200000
v -0.05180909 0.01569512 -0.05200000
v -0.05180909 0.01569512 0.05200000
v -0.05180909 0.01810976 -0.05200000
v -0.05180909 0.01810976 0.05200000
v -0.05180909 0.02052439 -0.05200000
v -0.05180909 0.02052439 0.05200000
v -0.05180909 0.02293902 -0.05200000
v -0.05180909 0.02293902 0.05200000
v -0.05180909 0.02535366 -0.05200000
v -0.05180909 0.02535366 0.05200000
v -0.05180909 0.02776829 -0.05200000
v -0.05180909 0.02776829 0.05200000
v -0.05180909 0.03018293 -0.05200000
v -0.05180909 0.03018293 0.05200000
v -0.05180909 0.03259756 -0.05200000
v -0.05180909 0.03259756 0.05200000
v -0.05180909 0.03501220 -0.05194806
v -0.05180909 0.03501220 0.05194805
v -0.05180909 0.03742683 -0.05138407
v -0.05180909 0.03742683 0.05138407
v -0.05180909 0.03984146 -0.05010522
v -0.05180909 0.03984146 0.05010522
v -0.05180909 0.04018419 -0.04983333
v -0.05180909 0.04225610 -0.04760267
v -0.05180909 0.04225610 0.04760266
v -0.05180909 0.04018419 0.04983333
v -0.05180909 0.04248673 -0.04727778
v -0.05180909 0.04361657 -0.04472222
v -0.05180909 0.04399859 -0.04216667
v -0.05180909 0.04400000 -0.03961111
v -0.05180909 0.04400000 -0.03705556
v -0.05180909 0.04400000 -0.03450000
v -0.05180909 0.04400000 -0.03194444
v -0.05180909 0.04400000 -0.02938889
v -0.05180909 0.04400000 -0.02683333
v -0.05180909 0.04400000 -0.02427778
v -0.05180909 0.04400000 -0.02172222
v -0.05180909 0.04400000 -0.01916667
v -0.05180909 0.04400000 -0.01661111
v -0.05180909 0.04400000 -0.01405556
v -0.05180909 0.04400000 -0.01150000
v -0.05180909 0.04400000 -0.00894444
v -0.05180909 0.04400000 -0.00638889
v -0.05180909 0.04400000 -0.00383333
v -0.05180909 0.04400000 -0.00127778
v -0.05180909 0.04400000 0.00127778
v -0.05180909 0.04400000 0.00383333
v -0.05180909 0.04400000 0.00638889
v -0.05180909 0.04400000 0.00894444
v -0.05180909 0.04400000 0.01150000
v -0.05180909 0.04400000 0.01405556
v -0.05180909 0.04400000 0.01661111
v -0.05180909 0.04400000 0.01916667
v -0.05180909 0.04400000 0.02172222
v -0.05180909 0.04400000 0.02427778
v -0.05180909 0.04400000 0.02683333
v -0.05180909 0.04400000 0.02938889
v -0.05180909 0.04400000 0.03194444
v -0.05180909 0.04400000 0.03450000
v -0.05180909 0.04400000 0.03705556
v -0.05180909 0.04400000 0.03961111
v -0.05180909 0.04399859 0.04216667
v -0.05180909 0.04361657 0.04472222
v -0.05180909 0.04248673 0.04727778
v -0.04928182 -0.04248672 -0.04727778
v -0.04928182 -0.04225610 -0.04760267
v -0.04928182 -0.04361657 -0.04472222
v -0.04928182 -0.04399859 -0.04216667
v -0.04928182 -0.04400000 -0.03961111
v -0.04928182 -0.04400000 -0.03705556
v -0.04928182 -0.04400000 -0.03450000
v -0.04928182 -0.04400000 -0.03194444
v -0.04928182 -0.04400000 -0.02938889
v -0.04928182 -0.04400000 -0.02683333
v -0.04928182 -0.04400000 -0.02427778
v -0.04928182 -0.04400000 -0.02172222
v -0.04928182 -0.04400000 -0.01916667
v -0.04928182 -0.04400000 -0.01661111
v -0.04928182 -0.04400000 -0.01405556
v -0.04928182 -0.04400000 -0.01150000
v -0.04928182 -0.04400000 -0.00894444
v -0.04928182 -0.04400000 -0.00638889
v -0.04928182 -0.04400000 -0.00383333
v -0.04928182 -0.04400000 -0.00127778
v -0.04928182 -0.04400000 0.00127778
v -0.04928182 -0.04400000 0.00383333
v -0.04928182 -0.04400000 0.00638889
v -0.04928182 -0.04400000 0.00894444
v -0.04928182 -0.04400000 0.01150000
v -0.04928182 -0.04400000 0.01405556
v -0.04928182 -0.04400000 0.01661111
v -0.04928182 -0.04400000 0.01916667
v -0.04928182 -0.04400000 0.02172222
v -0.04928182 -0.04400000 0.02427778
v -0.04928182 -0.04400000 0.02683333
v -0.04928182 -0.04400000 0.02938889
v -0.04928182 -0.04400000 0.03194444
v -0.04928182 -0.04400000 0.03450000
v -0.04928182 -0.04400000 0.03705556
v -0.04928182 -0.04400000 0.03961111
v -0.04928182 -0.04399859 0.04216667
v -0.04928182 -0.04361657 0.04472222
v -0.04928182 -0.04248672 0.04727778
v -0.04928182 -0.04225610 0.04760266
v -0.04928182 -0.04018419 -0.04983333
v -0.04928182 -0.03984146 -0.05010522
v -0.04928182 -0.04018419 0.04983333
v -0.04928182 -0.03984146 0.05010522
v -0.04928182 -0.03742683 -0.05138407
v -0.04928182 -0.03742683 0.05138407
v -0.04928182 -0.03501220 -0.05194806
v -0.04928182 -0.03501220 0.05194805
v -0.04928182 -0.03259756 -0.05200000
v -0.04928182 -0.03259756 0.05200000
v -0.04928182 -0.03018293 -0.05200000
v -0.04928182 -0.03018293 0.05200000
v -0.04928182 -0.02776829 -0.05200000
v -0.04928182 -0.02776829 0.05200000
v -0.04928182 -0.02535366 -0.05200000
v -0.04928182 -0.02535366 0.05200000
v -0.04928182 -0.02293902 -0.05200000
v -0.04928182 -0.02293902 0.05200000
v -0.04928182 -0.02052439 -0.05200000
v -0.04928182 -0.02052439 0.05200000
v -0.04928182 -0.01810976 -0.05200000
v -0.04928182 -0.01810976 0.05200000
v -0.04928182 -0.01569512 -0.05200000
v -0.04928182 -0.01569512 0.05200000
v -0.04928182 -0.01328049 -0.05200000
v -0.04928182 -0.01328049 0.05200000
v -0.04928182 -0.01086585 -0.05200000
v -0.04928182 -0.01086585 0.05200000
v -0.04928182 -0.00845122 -0.05200000
v -0.04928182 -0.00845122 0.05200000
v -0.04928182 -0.00603659 -0.05200000
v -0.04928182 -0.00603659 0.05200000
v -0.04928182 -0.00362195 -0.05200000
v -0.04928182 -0.00362195 0.05200000
v -0.04928182 -0.00120732 -0.05200000
v -0.04928182 -0.00120732 0.05200000
v -0.04928182 0.00120732 -0.05200000
v -0.04928182 0.00120732 0.05200000
v -0.04928182 0.00362195 -0.05200000
v -0.04928182 0.00362195 0.05200000
v -0.04928182 0.00603659 -0.05200000
v -0.04928182 0.00603659 0.05200000
v -0.04928182 0.00845122 -0.05200000
v -0.04928182 0.00845122 0.05200000
v -0.04928182 0.01086585 -0.05200000
v -0.04928182 0.01086585 0.05200000
v -0.04928182 0.01328049 -0.05200000
v -0.04928182 0.01328049 0.05200000
v -0.04928182 0.01569512 -0.05200000
v -0.04928182 0.01569512 0.05200000
v -0.04928182 0.01810976 -0.05200000
v -0.04928182 0.01810976 0.05200000
v -0.04928182 0.02052439 -0.05200000
v -0.04928182 0.02052439 0.05200000
v -0.04928182 0.02293902 -0.05200000
v -0.04928182 0.02293902 0.05200000
v -0.04928182 0.02535366 -0.05200000
v -0.04928182 0.02535366 0.05200000
v -0.04928182 0.02776829 -0.05200000
v -0.04928182 0.02776829 0.05200000
v -0.04928182 0.03018293 -0.05200000
v -0.04928182 0.03018293 0.05200000
v -0.04928182 0.03259756 -0.05200000
v -0.04928182 0.03259756 0.05200000
v -0.04928182 0.03501220 -0.05194806
v -0.04928182 0.03501220 0.05194805
v -0.04928182 0.03742683 -0.05138407
v -0.04928182 0.03742683 0.05138407
v -0.04928182 0.03984146 -0.05010522
v -0.04928182 0.03984146 0.05010522
v -0.04928182 0.04018419 -0.04983333
v -0.04928182 0.04225610 -0.04760267
v -0.04928182 0.04225610 0.04760266
v -0.04928182 0.04018419 0.04983333
v -0.04928182 0.04248673 -0.04727778
v -0.04928182 0.04361657 -0.04472222
v -0.04928182 0.04399859 -0.04216667
v -0.04928182 0.04400000 -0.03961111
v -0.04928182 0.04400000 -0.03705556
v -0.04928182 0.04400000 -0.03450000
v -0.04928182 0.04400000 -0.03194444
v -0.04928182 0.04400000 -0.02938889
v -0.04928182 0.04400000 -0.02683333
v -0.04928182 0.04400000 -0.02427778
v -0.04928182 0.04400000 -0.02172222
v -0.04928182 0.04400000 -0.01916667
v -0.04928182 0.04400000 -0.01661111
v -0.04928182 0.04400000 -0.01405556
v -0.04928182 0.04400000 -0.01150000
v -0.04928182 0.04400000 -0.00894444
v -0.04928182 0.04400000 -0.00638889
v -0.04928182 0.04400000 -0.00383333
v -0.04928182 0.04400000 -0.00127778
v -0.04928182 0.04400000 0.00127778
v -0.04928182 0.04400000 0.00383333
v -0.04928182 0.04400000 0.00638889
v -0.04928182 0.04400000 0.00894444
v -0.04928182 0.04400000 0.01150000
v -0.04928182 0.04400000 0.01405556
v -0.04928182 0.04400000 0.01661111
v -0.04928182 0.04400000 0.01916667
v -0.04928182 0.04400000 0.02172222
v -0.04928182 0.04400000 0.02427778
v -0.04928182 0.04400000 0.02683333
v -0.04928182 0.04400000 0.02938889
v -0.04928182 0.04400000 0.03194444
v -0.04928182 0.04400000 0.03450000
v -0.04928182 0.04400000 0.03705556
v -0.04928182 0.04400000 0.03961111
v -0.04928182 0.04399859 0.04216667
v -0.04928182 0.04361657 0.04472222
v -0.04928182 0.04248673 0.04727778
v -0.04675455 -0.04248672 -0.04727778
v -0.04675455 -0.04225610 -0.04760267
v -0.04675455 -0.04361657 -0.04472222
v -0.04675455 -0.04399859 -0.04216667
v -0.04675455 -0.04400000 -0.03961111
v -0.04675455 -0.04400000 -0.03705556
v -0.04675455 -0.04400000 -0.03450000
v -0.04675455 -0.04400000 -0.03194444
v -0.04675455 -0.04400000 -0.02938889
v -0.04675455 -0.04400000 -0.02683333
v -0.04675455 -0.04400000 -0.02427778
v -0.04675455 -0.04400000 -0.02172222
v -0.04675455 -0.04400000 -0.01916667
v -0.04675455 -0.04400000 -0.01661111
v -0.04675455 -0.04400000 -0.01405556
v -0.04675455 -0.04400000 -0.01150000
v -0.04675455 -0.04400000 -0.00894444
v -0.04675455 -0.04400000 -0.00638889
v -0.04675455 -0.04400000 -0.00383333
v -0.04675455 -0.04400000 -0.00127778
v -0.04675455 -0.04400000 0.00127778
v -0.04675455 -0.04400000 0.00383333
v -0.04675455 -0.04400000 0.00638889
v -0.04675455 -0.04400000 0.00894444
v -0.04675455 -0.04400000 0.01150000
v -0.04675455 -0.04400000 0.01405556
v -0.04675455 -0.04400000 0.01661111
v -0.04675455 -0.04400000 0.01916667
v -0.04675455 -0.04400000 0.02172222
v -0.04675455 -0.04400000 0.02427778
v -0.04675455 -0.04400000 0.02683333
v -0.04675455 -0.04400000 0.02938889
v -0.04675455 -0.04400000 0.03194444
v -0.04675455 -0.04400000 0.03450000
v -0.04675455 -0.04400000 0.03705556
v -0.04675455 -0.04400000 0.03961111
v -0.04675455 -0.04399859 0.04216667
v -0.04675455 -0.04361657 0.04472222
v -0.04675455 -0.04248672 0.04727778
v -0.04675455 -0.04225610 0.04760266
v -0.04675455 -0.04018419 -0.04983333
v -0.04675455 -0.03984146 -0.05010522
v -0.04675455 -0.04018419 0.04983333
v -0.04675455 -0.03984146 0.05010522
v -0.04675455 -0.03742683 -0.05138407
v -0.04675455 -0.03742683 0.05138407
v -0.04675455 -0.03501220 -0.05194806
v -0.04675455 -0.03501220 0.05194805
v -0.04675455 -0.03259756 -0.05200000
v -0.04675455 -0.03259756 0.05200000
v -0.04675455 -0.03018293 -0.05200000
v -0.04675455 -0.03018293 0.05200000
v -0.04675455 -0.02776829 -0.05200000
v -0.04675455 -0.02776829 0.05200000
v -0.04675455 -0.02535366 -0.05200000
v -0.04675455 -0.02535366 0.05200000
v -0.04675455 -0.02293902 -0.05200000
v -0.04675455 -0.02293902 0.05200000
v -0.04675455 -0.02052439 -0.05200000
v -0.04675455 -0.02052439 0.05200000
v -0.04675455 -0.01810976 -0.05200000
v -0.04675455 -0.01810976 0.05200000
v -0.04675455 -0.01569512 -0.05200000
v -0.04675455 -0.01569512 0.05200000
v -0.04675455 -0.01328049 -0.05200000
v -0.04675455 -0.01328049 0.05200000
v -0.04675455 -0.01086585 -0.05200000
v -0.04675455 -0.01086585 0.05200000
v -0.04675455 -0.00845122 -0.05200000
v -0.04675455 -0.00845122 0.05200000
v -0.04675455 -0.00603659 -0.05200000
v -0.04675455 -0.00603659 0.05200000
v -0.04675455 -0.00362195 -0.05200000
v -0.04675455 -0.00362195 0.05200000
v -0.04675455 -0.00120732 -0.05200000
v -0.04675455 -0.00120732 0.05200000
v -0.04675455 0.00120732 -0.05200000
v -0.04675455 0.00120732 0.05200000
v -0.04675455 0.00362195 -0.05200000
v -0.04675455 0.00362195 0.05200000
v -0.04675455 0.00603659 -0.05200000
v -0.04675455 0.00603659 0.05200000
v -0.04675455 0.00845122 -0.05200000
v -0.04675455 0.00845122 0.05200000
v -0.04675455 0.01086585 -0.05200000
v -0.04675455 0.01086585 0.05200000
v -0.04675455 0.01328049 -0.05200000
v -0.04675455 0.01328049 0.05200000
v -0.04675455 0.01569512 -0.05200000
v -0.04675455 0.01569512 0.05200000
v -0.04675455 0.01810976 -0.05200000
v -0.04675455 0.01810976 0.05200000
v -0.04675455 0.02052439 -0.05200000
v -0.04675455 0.02052439 0.05200000
v -0.04675455 0.02293902 -0.05200000
v -0.04675455 0.02293902 0.05200000
v -0.04675455 0.02535366 -0.05200000
v -0.04675455 0.02535366 0.05200000
v -0.04675455 0.02776829 -0.05200000
v -0.04675455 0.02776829 0.05200000
v -0.04675455 0.03018293 -0.05200000
v -0.04675455 0.03018293 0.05200000
v -0.04675455 0.03259756 -0.05200000
v -0.04675455 0.03259756 0.05200000
v -0.04675455 0.03501220 -0.05194806
v -0.04675455 0.03501220 0.05194805
v -0.04675455 0.03742683 -0.05138407
v -0.04675455 0.03742683 0.05138407
v -0.04675455 0.03984146 -0.05010522
v -0.04675455 0.03984146 0.05010522
v -0.04675455 0.04018419 -0.04983333
v -0.04675455 0.04225610 -0.04760267
v -0.04675455 0.04225610 0.04760266
v -0.04675455 0.04018419 0.04983333
v -0.04675455 0.04248673 -0.04727778
v -0.04675455 0.04361657 -0.04472222
v -0.04675455 0.04399859 -0.04216667
v -0.04675455 0.04400000 -0.03961111
v -0.04675455 0.04400000 -0.03705556
v -0.04675455 0.04400000 -0.03450000
v -0.04675455 0.04400000 -0.03194444
v -0.04675455 0.04400000 -0.02938889
v -0.04675455 0.04400000 -0.02683333
v -0.04675455 0.04400000 -0.02427778
v -0.04675455 0.04400000 -0.02172222
v -0.04675455 0.04400000 -0.01916667
v -0.04675455 0.04400000 -0.01661111
v -0.04675455 0.04400000 -0.01405556
v -0.04675455 0.04400000 -0.01150000
v -0.04675455 0.04400000 -0.00894444
v -0.04675455 0.04400000 -0.00638889
v -0.04675455 0.04400000 -0.00383333
v -0.04675455 0.04400000 -0.00127778
v -0.04675455 0.04400000 0.00127778
v -0.04675455 0.04400000 0.00383333
v -0.04675455 0.04400000 0.00638889
v -0.04675455 0.04400000 0.00894444
v -0.04675455 0.04400000 0.01150000
v -0.04675455 0.04400000 0.01405556
v -0.04675455 0.04400000 0.01661111
v -0.04675455 0.04400000 0.01916667
v -0.04675455 0.04400000 0.02172222
v -0.04675455 0.04400000 0.02427778
v -0.04675455 0.04400000 0.02683333
v -0.04675455 0.04400000 0.02938889
v -0.04675455 0.04400000 0.03194444
v -0.04675455 0.04400000 0.03450000
v -0.04675455 0.04400000 0.03705556
v -0.04675455 0.04400000 0.03961111
v -0.04675455 0.04399859 0.04216667
v -0.04675455 0.04361657 0.04472222
v -0.04675455 0.04248673 0.04727778
v -0.04422727 -0.04248672 -0.04727778
v -0.04422727 -0.04225610 -0.04760267
v -0.04422727 -0.04361657 -0.04472222
v -0.04422727 -0.04399859 -0.04216667
v -0.04422727 -0.04400000 -0.03961111
v -0.04422727 -0.04400000 -0.03705556
v -0.04422727 -0.04400000 -0.03450000
v -0.04422727 -0.04400000 -0.03194444
v -0.04422727 -0.04400000 -0.02938889
v -0.04422727 -0.04400000 -0.02683333
v -0.04422727 -0.04400000 -0.02427778
v -0.04422727 -0.04400000 -0.02172222
v -0.04422727 -0.04400000 -0.01916667
v -0.04422727 -0.04400000 -0.01661111
v -0.04422727 -0.04400000 -0.01405556
v -0.04422727 -0.04400000 -0.01150000
v -0.04422727 -0.04400000 -0.00894444
v -0.04422727 -0.04400000 -0.00638889
v -0.04422727 -0.04400000 -0.00383333
v -0.04422727 -0.04400000 -0.00127778
v -0.04422727 -0.04400000 0.00127778
v -0.04422727 -0.04400000 0.00383333
v -0.04422727 -0.04400000 0.00638889
v -0.04422727 -0.04400000 0.00894444
v -0.04422727 -0.04400000 0.01150000
v -0.04422727 -0.04400000 0.01405556
v -0.04422727 -0.04400000 0.01661111
v -0.04422727 -0.04400000 0.01916667
v -0.04422727 -0.04400000 0.02172222
v -0.04422727 -0.04400000 0.02427778
v -0.04422727 -0.04400000 0.02683333
v -0.04422727 -0.04400000 0.02938889
v -0.04422727 -0.04400000 0.03194444
v -0.04422727 -0.04400000 0.03450000
v -0.04422727 -0.04400000 0.03705556
v -0.04422727 -0.04400000 0.03961111
v -0.04422727 -0.04399859 0.04216667
v -0.04422727 -0.04361657 0.04472222
v -0.04422727 -0.04248672 0.04727778
v -0.04422727 -0.04225610 0.04760266
v -0.04422727 -0.04018419 -0.04983333
v -0.04422727 -0.03984146 -0.05010522
v -0.04422727 -0.04018419 0.04983333
v -0.04422727 -0.03984146 0.05010522
v -0.04422727 -0.03742683 -0.05138407
v -0.04422727 -0.03742683 0.05138407
v -0.04422727 -0.03501220 -0.05194806
v -0.04422727 -0.03501220 0.05194805
v -0.04422727 -0.03259756 -0.05200000
v -0.04422727 -0.03259756 0.05200000
v -0.04422727 -0.03018293 -0.05200000
v -0.04422727 -0.03018293 0.05200000
v -0.04422727 -0.02776829 -0.05200000
v -0.04422727 -0.02776829 0.05200000
v -0.04422727 -0.02535366 -0.05200000
v -0.04422727 -0.02535366 0.05200000
v -0.04422727 -0.02293902 -0.05200000
v -0.04422727 -0.02293902 0.05200000
v -0.04422727 -0.02052439 -0.05200000
v -0.04422727 -0.02052439 0.05200000
v -0.04422727 -0.01810976 -0.05200000
v -0.04422727 -0.01810976 0.05200000
v -0.04422727 -0.01569512 -0.05200000
v -0.04422727 -0.01569512 0.05200000
v -0.04422727 -0.01328049 -0.05200000
v -0.04422727 -0.01328049 0.05200000
v -0.04422727 -0.01086585 -0.05200000
v -0.04422727 -0.01086585 0.05200000
v -0.04422727 -0.00845122 -0.05200000
v -0.04422727 -0.00845122 0.05200000
v -0.04422727 -0.00603659 -0.05200000
v -0.04422727 -0.00603659 0.05200000
v -0.04422727 -0.00362195 -0.05200000
v -0.04422727 -0.00362195 0.05200000
v -0.04422727 -0.00120732 -0.05200000
v -0.04422727 -0.00120732 0.05200000
v -0.04422727 0.00120732 -0.05200000
v -0.04422727 0.00120732 0.05200000
v -0.04422727 0.00362195 -0.05200000
v -0.04422727 0.00362195 0.05200000
v -0.04422727 0.00603659 -0.05200000
v -0.04422727 0.00603659 0.05200000
v -0.04422727 0.00845122 -0.05200000
v -0.04422727 0.00845122 0.05200000
v -0.04422727 0.01086585 -0.05200000
v -0.04422727 0.01086585 0.05200000
v -0.04422727 0.01328049 -0.05200000
v -0.04422727 0.01328049 0.05200000
v -0.04422727 0.01569512 -0.05200000
v -0.04422727 0.01569512 0.05200000
v -0.04422727 0.01810976 -0.05200000
v -0.04422727 0.01810976 0.05200000
v -0.04422727 0.02052439 -0.05200000
v -0.04422727 0.02052439 0.05200000
v -0.04422727 0.02293902 -0.05200000
v -0.04422727 0.02293902 0.05200000
v -0.04422727 0.02535366 -0.05200000
v -0.04422727 0.02535366 0.05200000
v -0.04422727 0.02776829 -0.05200000
v -0.04422727 0.02776829 0.05200000
v -0.04422727 0.03018293 -0.05200000
v -0.04422727 0.03018293 0.05200000
v -0.04422727 0.03259756 -0.05200000
v -0.04422727 0.03259756 0.05200000
v -0.04422727 0.03501220 -0.05194806
v -0.04422727 0.03501220 0.05194805
v -0.04422727 0.03742683 -0.05138407
v -0.04422727 0.03742683 0.05138407
v -0.04422727 0.03984146 -0.05010522
v -0.04422727 0.03984146 0.05010522
v -0.04422727 0.04018419 -0.04983333
v -0.04422727 0.04225610 -0.04760267
v -0.04422727 0.04225610 0.04760266
v -0.04422727 0.04018419 0.04983333
v -0.04422727 0.04248673 -0.04727778
v -0.04422727 0.04361657 -0.04472222
v -0.04422727 0.04399859 -0.04216667
v -0.04422727 0.04400000 -0.03961111
v -0.04422727 0.04400000 -0.03705556
v -0.04422727 0.04400000 -0.03450000
v -0.04422727 0.04400000 -0.03194444
v -0.04422727 0.04400000 -0.02938889
v -0.04422727 0.04400000 -0.02683333
v -0.04422727 0.04400000 -0.02427778
v -0.04422727 0.04400000 -0.02172222
v -0.04422727 0.04400000 -0.01916667
v -0.04422727 0.04400000 -0.01661111
v -0.04422727 0.04400000 -0.01405556
v -0.04422727 0.04400000 -0.01150000
v -0.04422727 0.04400000 -0.00894444
v -0.04422727 0.04400000 -0.00638889
v -0.04422727 0.04400000 -0.00383333
v -0.04422727 0.04400000 -0.00127778
v -0.04422727 0.04400000 0.00127778
v -0.04422727 0.04400000 0.00383333
v -0.04422727 0.04400000 0.00638889
v -0.04422727 0.04400000 0.00894444
v -0.04422727 0.04400000 0.01150000
v -0.04422727 0.04400000 0.01405556
v -0.04422727 0.04400000 0.01661111
v -0.04422727 0.04400000 0.01916667
v -0.04422727 0.04400000 0.02172222
v -0.04422727 0.04400000 0.02427778
v -0.04422727 0.04400000 0.02683333
v -0.04422727 0.04400000 0.02938889
v -0.04422727 0.04400000 0.03194444
v -0.04422727 0.04400000 0.03450000
v -0.04422727 0.04400000 0.03705556
v -0.04422727 0.04400000 0.03961111
v -0.04422727 0.04399859 0.04216667
v -0.04422727 0.04361657 0.04472222
v -0.04422727 0.04248673 0.04727778
v -0.04170000 -0.04248672 -0.04727778
v -0.04170000 -0.04225610 -0.04760267
v -0.04170000 -0.04361657 -0.04472222
v -0.04170000 -0.04399859 -0.04216667
v -0.04170000 -0.04400000 -0.03961111
v -0.04170000 -0.04400000 -0.03705556
v -0.04170000 -0.04400000 -0.03450000
v -0.04170000 -0.04400000 -0.03194444
v -0.04170000 -0.04400000 -0.02938889
v -0.04170000 -0.04400000 -0.02683333
v -0.04170000 -0.04400000 -0.02427778
v -0.04170000 -0.04400000 -0.02172222
v -0.04170000 -0.04400000 -0.01916667
v -0.04170000 -0.04400000 -0.01661111
v -0.04170000 -0.04400000 -0.01405556
v -0.04170000 -0.04400000 -0.01150000
v -0.04170000 -0.04400000 -0.00894444
v -0.04170000 -0.04400000 -0.00638889
v -0.04170000 -0.04400000 -0.00383333
v -0.04170000 -0.04400000 -0.00127778
v -0.04170000 -0.04400000 0.00127778
v -0.04170000 -0.04400000 0.00383333
v -0.04170000 -0.04400000 0.00638889
v -0.04170000 -0.04400000 0.00894444
v -0.04170000 -0.04400000 0.01150000
v -0.04170000 -0.04400000 0.01405556
v -0.04170000 -0.04400000 0.01661111
v -0.04170000 -0.04400000 0.01916667
v -0.04170000 -0.04400000 0.02172222
v -0.04170000 -0.04400000 0.02427778
v -0.04170000 -0.04400000 0.02683333
v -0.04170000 -0.04400000 0.02938889
v -0.04170000 -0.04400000 0.03194444
v -0.04170000 -0.04400000 0.03450000
v -0.04170000 -0.04400000 0.03705556
v -0.04170000 -0.04400000 0.03961111
v -0.04170000 -0.04399859 0.04216667
v -0.04170000 -0.04361657 0.04472222
v -0.04170000 -0.04248672 0.04727778
v -0.04170000 -0.04225610 0.04760266
v -0.04170000 -0.04018419 -0.04983333
v -0.04170000 -0.03984146 -0.05010522
v -0.04170000 -0.04018419 0.04983333
v -0.04170000 -0.03984146 0.05010522
v -0.04170000 -0.03742683 -0.05138407
v -0.04170000 -0.03742683 0.05138407
v -0.04170000 -0.03501220 -0.05194806
v -0.04170000 -0.03501220 0.05194805
v -0.04170000 -0.03259756 -0.05200000
v -0.04170000 -0.03259756 0.05200000
v -0.04170000 -0.03018293 -0.05200000
v -0.04170000 -0.03018293 0.05200000
v -0.04170000 -0.02776829 -0.05200000
v -0.04170000 -0.02776829 0.05200000
v -0.04170000 -0.02535366 -0.05200000
v -0.04170000 -0.02535366 0.05200000
v -0.04170000 -0.02293902 -0.05200000
v -0.04170000 -0.02293902 0.05200000
v -0.04170000 -0.02052439 -0.05200000
v -0.04170000 -0.02052439 0.05200000
v -0.04170000 -0.01810976 -0.05200000
v -0.04170000 -0.01810976 0.05200000
v -0.04170000 -0.01569512 -0.05200000
v -0.04170000 -0.01569512 0.05200000
v -0.04170000 -0.01328049 -0.05200000
v -0.04170000 -0.01328049 0.05200000
v -0.04170000 -0.01086585 -0.05200000
v -0.04170000 -0.01086585 0.05200000
v -0.04170000 -0.00845122 -0.05200000
v -0.04170000 -0.00845122 0.05200000
v -0.04170000 -0.00603659 -0.05200000
v -0.04170000 -0.00603659 0.05200000
v -0.04170000 -0.00362195 -0.05200000
v -0.04170000 -0.00362195 0.05200000
v -0.04170000 -0.00120732 -0.05200000
v -0.04170000 -0.00120732 0.05200000
v -0.04170000 0.00120732 -0.05200000
v -0.04170000 0.00120732 0.05200000
v -0.04170000 0.00362195 -0.05200000
v -0.04170000 0.00362195 0.05200000
v -0.04170000 0.00603659 -0.05200000
v -0.04170000 0.00603659 0.05200000
v -0.04170000 0.00845122 -0.05200000
v -0.04170000 0.00845122 0.05200000
v -0.04170000 0.01086585 -0.05200000
v -0.04170000 0.01086585 0.05200000
v -0.04170000 0.01328049 -0.05200000
v -0.04170000 0.01328049 0.05200000
v -0.04170000 0.01569512 -0.05200000
v -0.04170000 0.01569512 0.05200000
v -0.04170000 0.01810976 -0.05200000
v -0.04170000 0.01810976 0.05200000
v -0.04170000 0.02052439 -0.05200000
v -0.04170000 0.02052439 0.05200000
v -0.04170000 0.02293902 -0.05200000
v -0.04170000 0.02293902 0.05200000
v -0.04170000 0.02535366 -0.05200000
v -0.04170000 0.02535366 0.05200000
v -0.04170000 0.02776829 -0.05200000
v -0.04170000 0.02776829 0.05200000
v -0.04170000 0.03018293 -0.05200000
v -0.04170000 0.03018293 0.05200000
v -0.04170000 0.03259756 -0.05200000
v -0.04170000 0.03259756 0.05200000
v -0.04170000 0.03501220 -0.05194806
v -0.04170000 0.03501220 0.05194805
v -0.04170000 0.03742683 -0.05138407
v -0.04170000 0.03742683 0.05138407
v -0.04170000 0.03984146 -0.05010522
v -0.04170000 0.03984146 0.05010522
v -0.04170000 0.04018419 -0.04983333
v -0.04170000 0.04225610 -0.04760267
v -0.04170000 0.04225610 0.04760266
v -0.04170000 0.04018419 0.04983333
v -0.04170000 0.04248673 -0.04727778
v -0.04170000 0.04361657 -0.04472222
v -0.04170000 0.04399859 -0.04216667
v -0.04170000 0.04400000 -0.03961111
v -0.04170000 0.04400000 -0.03705556
v -0.04170000 0.04400000 -0.03450000
v -0.04170000 0.04400000 -0.03194444
v -0.04170000 0.04400000 -0.02938889
v -0.04170000 0.04400000 -0.02683333
v -0.04170000 0.04400000 -0.02427778
v -0.04170000 0.04400000 -0.02172222
v -0.04170000 0.04400000 -0.01916667
v -0.04170000 0.04400000 -0.01661111
v -0.04170000 0.04400000 -0.01405556
v -0.04170000 0.04400000 -0.01150000
v -0.04170000 0.04400000 -0.00894444
v -0.04170000 0.04400000 -0.00638889
v -0.04170000 0.04400000 -0.00383333
v -0.04170000 0.04400000 -0.00127778
v -0.04170000 0.04400000 0.00127778
v -0.04170000 0.04400000 0.00383333
v -0.04170000 0.04400000 0.00638889
v -0.04170000 0.04400000 0.00894444
v -0.04170000 0.04400000 0.01150000
v -0.04170000 0.04400000 0.01405556
v -0.04170000 0.04400000 0.01661111
v -0.04170000 0.04400000 0.01916667
v -0.04170000 0.04400000 0.02172222
v -0.04170000 0.04400000 0.02427778
v -0.04170000 0.04400000 0.02683333
v -0.04170000 0.04400000 0.02938889
v -0.04170000 0.04400000 0.03194444
v -0.04170000 0.04400000 0.03450000
v -0.04170000 0.04400000 0.03705556
v -0.04170000 0.04400000 0.03961111
v -0.04170000 0.04399859 0.04216667
v -0.04170000 0.04361657 0.04472222
v -0.04170000 0.04248673 0.04727778
v -0.03917273 -0.04248672 -0.04727778
v -0.03917273 -0.04225610 -0.04760267
v -0.03917273 -0.04361657 -0.04472222
v -0.03917273 -0.04399859 -0.04216667
v -0.03917273 -0.04400000 -0.03961111
v -0.03917273 -0.04400000 -0.03705556
v -0.03917273 -0.04400000 -0.03450000
v -0.03917273 -0.04400000 -0.03194444
v -0.03917273 -0.04400000 -0.02938889
v -0.03917273 -0.04400000 -0.02683333
v -0.03917273 -0.04400000 -0.02427778
v -0.03917273 -0.04400000 -0.02172222
v -0.03917273 -0.04400000 -0.01916667
v -0.03917273 -0.04400000 -0.01661111
v -0.03917273 -0.04400000 -0.01405556
v -0.03917273 -0.04400000 -0.01150000
v -0.03917273 -0.04400000 -0.00894444
v -0.03917273 -0.04400000 -0.00638889
v -0.03917273 -0.04400000 -0.00383333
v -0.03917273 -0.04400000 -0.00127778
v -0.03917273 -0.04400000 0.00127778
v -0.03917273 -0.04400000 0.00383333
v -0.03917273 -0.04400000 0.00638889
v -0.03917273 -0.04400000 0.00894444
v -0.03917273 -0.04400000 0.01150000
v -0.03917273 -0.04400000 0.01405556
v -0.03917273 -0.04400000 0.01661111
v -0.03917273 -0.04400000 0.01916667
v -0.03917273 -0.04400000 0.02172222
v -0.03917273 -0.04400000 0.02427778
v -0.03917273 -0.04400000 0.02683333
v -0.03917273 -0.04400000 0.02938889
v -0.03917273 -0.04400000 0.03194444
v -0.03917273 -0.04400000 0.03450000
v -0.03917273 -0.04400000 0.03705556
v -0.03917273 -0.04400000 0.03961111
v -0.03917273 -0.04399859 0.04216667
v -0.03917273 -0.04361657 0.04472222
v -0.03917273 -0.04248672 0.04727778
v -0.03917273 -0.04225610 0.04760266
v -0.03917273 -0.04018419 -0.04983333
v -0.03917273 -0.03984146 -0.05010522
v -0.03917273 -0.04018419 0.04983333
v -0.03917273 -0.03984146 0.05010522
v -0.03917273 -0.03742683 -0.05138407
v -0.03917273 -0.03742683 0.05138407
v -0.03917273 -0.03501220 -0.05194806
v -0.03917273 -0.03501220 0.05194805
v -0.03917273 -0.03259756 -0.05200000
v -0.03917273 -0.03259756 0.05200000
v -0.03917273 -0.03018293 -0.05200000
v -0.03917273 -0.03018293 0.05200000
v -0.03917273 -0.02776829 -0.05200000
v -0.03917273 -0.02776829 0.05200000
v -0.03917273 -0.02535366 -0.05200000
v -0.03917273 -0.02535366 0.05200000
v -0.03917273 -0.02293902 -0.05200000
v -0.03917273 -0.02293902 0.05200000
v -0.03917273 -0.02052439 -0.05200000
v -0.03917273 -0.02052439 0.05200000
v -0.03917273 -0.01810976 -0.05200000
v -0.03917273 -0.01810976 0.05200000
v -0.03917273 -0.01569512 -0.05200000
v -0.03917273 -0.01569512 0.05200000
v -0.03917273 -0.01328049 -0.05200000
v -0.03917273 -0.01328049 0.05200000
v -0.03917273 -0.01086585 -0.05200000
v -0.03917273 -0.01086585 0.05200000
v -0.03917273 -0.00845122 -0.05200000
v -0.03917273 -0.00845122 0.05200000
v -0.03917273 -0.00603659 -0.05200000
v -0.03917273 -0.00603659 0.05200000
v -0.03917273 -0.00362195 -0.05200000
v -0.03917273 -0.00362195 0.05200000
v -0.03917273 -0.00120732 -0.05200000
v -0.03917273 -0.00120732 0.05200000
v -0.03917273 0.00120732 -0.05200000
v -0.03917273 0.00120732 0.05200000
v -0.03917273 0.00362195 -0.05200000
v -0.03917273 0.00362195 0.05200000
v -0.03917273 0.00603659 -0.05200000
v -0.03917273 0.00603659 0.05200000
v -0.03917273 0.00845122 -0.05200000
v -0.03917273 0.00845122 0.05200000
v -0.03917273 0.01086585 -0.05200000
v -0.03917273 0.01086585 0.05200000
v -0.03917273 0.01328049 -0.05200000
v -0.03917273 0.01328049 0.05200000
v -0.03917273 0.01569512 -0.05200000
v -0.03917273 0.01569512 0.05200000
v -0.03917273 0.01810976 -0.05200000
v -0.03917273 0.01810976 0.05200000
v -0.03917273 0.02052439 -0.05200000
v -0.03917273 0.02052439 0.05200000
v -0.03917273 0.02293902 -0.05200000
v -0.03917273 0.02293902 0.05200000
v -0.03917273 0.02535366 -0.05200000
v -0.03917273 0.02535366 0.05200000
v -0.03917273 0.02776829 -0.05200000
v -0.03917273 0.02776829 0.05200000
v -0.03917273 0.03018293 -0.05200000
v -0.03917273 0.03018293 0.05200000
v -0.03917273 0.03259756 -0.05200000
v -0.03917273 0.03259756 0.05200000
v -0.03917273 0.03501220 -0.05194806
v -0.03917273 0.03501220 0.05194805
v -0.03917273 0.03742683 -0.05138407
v -0.03917273 0.03742683 0.05138407
v -0.03917273 0.03984146 -0.05010522
v -0.03917273 0.03984146 0.05010522
v -0.03917273 0.04018419 -0.04983333
v -0.03917273 0.04225610 -0.04760267
v -0.03917273 0.04225610 0.04760266
v -0.03917273 0.04018419 0.04983333
v -0.03917273 0.04248673 -0.04727778
v -0.03917273 0.04361657 -0.04472222
v -0.03917273 0.04399859 -0.04216667
v -0.03917273 0.04400000 -0.03961111
v -0.03917273 0.04400000 -0.03705556
v -0.03917273 0.04400000 -0.03450000
v -0.03917273 0.04400000 -0.03194444
v -0.03917273 0.04400000 -0.02938889
v -0.03917273 0.04400000 -0.02683333
v -0.03917273 0.04400000 -0.02427778
v -0.03917273 0.04400000 -0.02172222
v -0.03917273 0.04400000 -0.01916667
v -0.03917273 0.04400000 -0.01661111
v -0.03917273 0.04400000 -0.01405556
v -0.03917273 0.04400000 -0.01150000
v -0.03917273 0.04400000 -0.00894444
v -0.03917273 0.04400000 -0.00638889
v -0.03917273 0.04400000 -0.00383333
v -0.03917273 0.04400000 -0.00127778
v -0.03917273 0.04400000 0.00127778
v -0.03917273 0.04400000 0.00383333
v -0.03917273 0.04400000 0.00638889
v -0.03917273 0.04400000 0.00894444
v -0.03917273 0.04400000 0.01150000
v -0.03917273 0.04400000 0.01405556
v -0.03917273 0.04400000 0.01661111
v -0.03917273 0.04400000 0.01916667
v -0.03917273 0.04400000 0.02172222
v -0.03917273 0.04400000 0.02427778
v -0.03917273 0.04400000 0.02683333
v -0.03917273 0.04400000 0.02938889
v -0.03917273 0.04400000 0.03194444
v -0.03917273 0.04400000 0.03450000
v -0.03917273 0.04400000 0.03705556
v -0.03917273 0.04400000 0.03961111
v -0.03917273 0.04399859 0.04216667
v -0.03917273 0.04361657 0.04472222
v -0.03917273 0.04248673 0.04727778
v -0.03664545 -0.04248672 -0.04727778
v -0.03664545 -0.04225610 -0.04760267
v -0.03664545 -0.04361657 -0.04472222
v -0.03664545 -0.04399859 -0.04216667
v -0.03664545 -0.04400000 -0.03961111
v -0.03664545 -0.04400000 -0.03705556
v -0.03664545 -0.04400000 -0.03450000
v -0.03664545 -0.04400000 -0.03194444
v -0.03664545 -0.04400000 -0.02938889
v -0.03664545 -0.04400000 -0.02683333
v -0.03664545 -0.04400000 -0.02427778
v -0.03664545 -0.04400000 -0.02172222
v -0.03664545 -0.04400000 -0.01916667
v -0.03664545 -0.04400000 -0.01661111
v -0.03664545 -0.04400000 -0.01405556
v -0.03664545 -0.04400000 -0.01150000
v -0.03664545 -0.04400000 -0.00894444
v -0.03664545 -0.04400000 -0.00638889
v -0.03664545 -0.04400000 -0.00383333
v -0.03664545 -0.04400000 -0.00127778
v -0.03664545 -0.04400000 0.00127778
v -0.03664545 -0.04400000 0.00383333
v -0.03664545 -0.04400000 0.00638889
v -0.03664545 -0.04400000 0.00894444
v -0.03664545 -0.04400000 0.01150000
v -0.03664545 -0.04400000 0.01405556
v -0.03664545 -0.04400000 0.01661111
v -0.03664545 -0.04400000 0.01916667
v -0.03664545 -0.04400000 0.02172222
v -0.03664545 -0.04400000 0.02427778
v -0.03664545 -0.04400000 0.02683333
v -0.03664545 -0.04400000 0.02938889
v -0.03664545 -0.04400000 0.03194444
v -0.03664545 -0.04400000 0.03450000
v -0.03664545 -0.04400000 0.03705556
v -0.03664545 -0.04400000 0.03961111
v -0.03664545 -0.04399859 0.04216667
v -0.03664545 -0.04361657 0.04472222
v -0.03664545 -0.04248672 0.04727778
v -0.03664545 -0.04225610 0.04760266
v -0.03664545 -0.04018419 -0.04983333
v -0.03664545 -0.03984146 -0.05010522
v -0.03664545 -0.04018419 0.04983333
v -0.03664545 -0.03984146 0.05010522
v -0.03664545 -0.03742683 -0.05138407
v -0.03664545 -0.03742683 0.05138407
v -0.03664545 -0.03501220 -0.05194806
v -0.03664545 -0.03501220 0.05194805
v -0.03664545 -0.03259756 -0.05200000
v -0.03664545 -0.03259756 0.05200000
v -0.03664545 -0.03018293 -0.05200000
v -0.03664545 -0.03018293 0.05200000
v -0.03664545 -0.02776829 -0.05200000
v -0.03664545 -0.02776829 0.05200000
v -0.03664545 -0.02535366 -0.05200000
v -0.03664545 -0.02535366 0.05200000
v -0.03664545 -0.02293902 -0.05200000
v -0.03664545 -0.02293902 0.05200000
v -0.03664545 -0.02052439 -0.05200000
v -0.03664545 -0.02052439 0.05200000
v -0.03664545 -0.01810976 -0.05200000
v -0.03664545 -0.01810976 0.05200000
v -0.03664545 -0.01569512 -0.05200000
v -0.03664545 -0.01569512 0.05200000
v -0.03664545 -0.01328049 -0.05200000
v -0.03664545 -0.01328049 0.05200000
v -0.03664545 -0.01086585 -0.05200000
v -0.03664545 -0.01086585 0.05200000
v -0.03664545 -0.00845122 -0.05200000
v -0.03664545 -0.00845122 0.05200000
v -0.03664545 -0.00603659 -0.05200000
v -0.03664545 -0.00603659 0.05200000
v -0.03664545 -0.00362195 -0.05200000
v -0.03664545 -0.00362195 0.05200000
v -0.03664545 -0.00120732 -0.05200000
v -0.03664545 -0.00120732 0.05200000
v -0.03664545 0.00120732 -0.05200000
v -0.03664545 0.00120732 0.05200000
v -0.03664545 0.00362195 -0.05200000
v -0.03664545 0.00362195 0.05200000
v -0.03664545 0.00603659 -0.05200000
v -0.03664545 0.00603659 0.05200000
v -0.03664545 0.00845122 -0.05200000
v -0.03664545 0.00845122 0.05200000
v -0.03664545 0.01086585 -0.05200000
v -0.03664545 0.01086585 0.05200000
v -0.03664545 0.01328049 -0.05200000
v -0.03664545 0.01328049 0.05200000
v -0.03664545 0.01569512 -0.05200000
v -0.03664545 0.01569512 0.05200000
v -0.03664545 0.01810976 -0.05200000
v -0.03664545 0.01810976 0.05200000
v -0.03664545 0.02052439 -0.05200000
v -0.03664545 0.02052439 0.05200000
v -0.03664545 0.02293902 -0.05200000
v -0.03664545 0.02293902 0.05200000
v -0.03664545 0.02535366 -0.05200000
v -0.03664545 0.02535366 0.05200000
v -0.03664545 0.02776829 -0.05200000
v -0.03664545 0.02776829 0.05200000
v -0.03664545 0.03018293 -0.05200000
v -0.03664545 0.03018293 0.05200000
v -0.03664545 0.03259756 -0.05200000
v -0.03664545 0.03259756 0.05200000
v -0.03664545 0.03501220 -0.05194806
v -0.03664545 0.03501220 0.05194805
v -0.03664545 0.03742683 -0.05138407
v -0.03664545 0.03742683 0.05138407
v -0.03664545 0.03984146 -0.05010522
v -0.03664545 0.03984146 0.05010522
v -0.03664545 0.04018419 -0.04983333
v -0.03664545 0.04225610 -0.04760267
v -0.03664545 0.04225610 0.04760266
v -0.03664545 0.04018419 0.04983333
v -0.03664545 0.04248673 -0.04727778
v -0.03664545 0.04361657 -0.04472222
v -0.03664545 0.04399859 -0.04216667
v -0.03664545 0.04400000 -0.03961111
v -0.03664545 0.04400000 -0.03705556
v -0.03664545 0.04400000 -0.03450000
v -0.03664545 0.04400000 -0.03194444
v -0.03664545 0.04400000 -0.02938889
v -0.03664545 0.04400000 -0.02683333
v -0.03664545 0.04400000 -0.02427778
v -0.03664545 0.04400000 -0.02172222
v -0.03664545 0.04400000 -0.01916667
v -0.03664545 0.04400000 -0.01661111
v -0.03664545 0.04400000 -0.01405556
v -0.03664545 0.04400000 -0.01150000
v -0.03664545 0.04400000 -0.00894444
v -0.03664545 0.04400000 -0.00638889
v -0.03664545 0.04400000 -0.00383333
v -0.03664545 0.04400000 -0.00127778
v -0.03664545 0.04400000 0.00127778
v -0.03664545 0.04400000 0.00383333
v -0.03664545 0.04400000 0.00638889
v -0.03664545 0.04400000 0.00894444
v -0.03664545 0.04400000 0.01150000
v -0.03664545 0.04400000 0.01405556
v -0.03664545 0.04400000 0.01661111
v -0.03664545 0.04400000 0.01916667
v -0.03664545 0.04400000 0.02172222
v -0.03664545 0.04400000 0.02427778
v -0.03664545 0.04400000 0.02683333
v -0.03664545 0.04400000 0.02938889
v -0.03664545 0.04400000 0.03194444
v -0.03664545 0.04400000 0.03450000
v -0.03664545 0.04400000 0.03705556
v -0.03664545 0.04400000 0.03961111
v -0.03664545 0.04399859 0.04216667
v -0.03664545 0.04361657 0.04472222
v -0.03664545 0.04248673 0.04727778
v -0.03411818 -0.04248672 -0.04727778
v -0.03411818 -0.04225610 -0.04760267
v -0.03411818 -0.04361657 -0.04472222
v -0.03411818 -0.04399859 -0.04216667
v -0.03411818 -0.04400000 -0.03961111
v -0.03411818 -0.04400000 -0.03705556
v -0.03411818 -0.04400000 -0.03450000
v -0.03411818 -0.04400000 -0.03194444
v -0.03411818 -0.04400000 -0.02938889
v -0.03411818 -0.04400000 -0.02683333
v -0.03411818 -0.04400000 -0.02427778
v -0.03411818 -0.04400000 -0.02172222
v -0.03411818 -0.04400000 -0.01916667
v -0.03411818 -0.04400000 -0.01661111
v -0.03411818 -0.04400000 -0.01405556
v -0.03411818 -0.04400000 -0.01150000
v -0.03411818 -0.04400000 -0.00894444
v -0.03411818 -0.04400000 -0.00638889
v -0.03411818 -0.04400000 -0.00383333
v -0.03411818 -0.04400000 -0.00127778
v -0.03411818 -0.04400000 0.00127778
v -0.03411818 -0.04400000 0.00383333
v -0.03411818 -0.04400000 0.00638889
v -0.03411818 -0.04400000 0.00894444
v -0.03411818 -0.04400000 0.01150000
v -0.03411818 -0.04400000 0.01405556
v -0.03411818 -0.04400000 0.01661111
v -0.03411818 -0.04400000 0.01916667
v -0.03411818 -0.04400000 0.02172222
v -0.03411818 -0.04400000 0.02427778
v -0.03411818 -0.04400000 0.02683333
v -0.03411818 -0.04400000 0.02938889
v -0.03411818 -0.04400000 0.03194444
v -0.03411818 -0.04400000 0.03450000
v -0.03411818 -0.04400000 0.03705556
v -0.03411818 -0.04400000 0.03961111
v -0.03411818 -0.04399859 0.04216667
v -0.03411818 -0.04361657 0.04472222
v -0.03411818 -0.04248672 0.04727778
v -0.03411818 -0.04225610 0.04760266
v -0.03411818 -0.04018419 -0.04983333
v -0.03411818 -0.03984146 -0.05010522
v -0.03411818 -0.04018419 0.04983333
v -0.03411818 -0.03984146 0.05010522
v -0.03411818 -0.03742683 -0.05138407
v -0.03411818 -0.03742683 0.05138407
v -0.03411818 -0.03501220 -0.05194806
v -0.03411818 -0.03501220 0.05194805
v -0.03411818 -0.03259756 -0.05200000
v -0.03411818 -0.03259756 0.05200000
v -0.03411818 -0.03018293 -0.05200000
v -0.03411818 -0.03018293 0.05200000
v -0.03411818 -0.02776829 -0.05200000
v -0.03411818 -0.02776829 0.05200000
v -0.03411818 -0.02535366 -0.05200000
v -0.03411818 -0.02535366 0.05200000
v -0.03411818 -0.02293902 -0.05200000
v -0.03411818 -0.02293902 0.05200000
v -0.03411818 -0.02052439 -0.05200000
v -0.03411818 -0.02052439 0.05200000
v -0.03411818 -0.01810976 -0.05200000
v -0.03411818 -0.01810976 0.05200000
v -0.03411818 -0.01569512 -0.05200000
v -0.03411818 -0.01569512 0.05200000
v -0.03411818 -0.01328049 -0.05200000
v -0.03411818 -0.01328049 0.05200000
v -0.03411818 -0.01086585 -0.05200000
v -0.03411818 -0.01086585 0.05200000
v -0.03411818 -0.00845122 -0.05200000
v -0.03411818 -0.00845122 0.05200000
v -0.03411818 -0.00603659 -0.05200000
v -0.03411818 -0.00603659 0.05200000
v -0.03411818 -0.00362195 -0.05200000
v -0.03411818 -0.00362195 0.05200000
v -0.03411818 -0.00120732 -0.05200000
v -0.03411818 -0.00120732 0.05200000
v -0.03411818 0.00120732 -0.05200000
v -0.03411818 0.00120732 0.05200000
v -0.03411818 0.00362195 -0.05200000
v -0.03411818 0.00362195 0.05200000
v -0.03411818 0.00603659 -0.05200000
v -0.03411818 0.00603659 0.05200000
v -0.03411818 0.00845122 -0.05200000
v -0.03411818 0.00845122 0.05200000
v -0.03411818 0.01086585 -0.05200000
v -0.03411818 0.01086585 0.05200000
v -0.03411818 0.01328049 -0.05200000
v -0.03411818 0.01328049 0.05200000
v -0.03411818 0.01569512 -0.05200000
v -0.03411818 0.01569512 0.05200000
v -0.03411818 0.01810976 -0.05200000
v -0.03411818 0.01810976 0.05200000
v -0.03411818 0.02052439 -0.05200000
v -0.03411818 0.02052439 0.05200000
v -0.03411818 0.02293902 -0.05200000
v -0.03411818 0.02293902 0.05200000
v -0.03411818 0.02535366 -0.05200000
v -0.03411818 0.02535366 0.05200000
v -0.03411818 0.02776829 -0.05200000
v -0.03411818 0.02776829 0.05200000
v -0.03411818 0.03018293 -0.05200000
v -0.03411818 0.03018293 0.05200000
v -0.03411818 0.03259756 -0.05200000
v -0.03411818 0.03259756 0.05200000
v -0.03411818 0.03501220 -0.05194806
v -0.03411818 0.03501220 0.05194805
v -0.03411818 0.03742683 -0.05138407
v -0.03411818 0.03742683 0.05138407
v -0.03411818 0.03984146 -0.05010522
v -0.03411818 0.03984146 0.05010522
v -0.03411818 0.04018419 -0.04983333
v -0.03411818 0.04225610 -0.04760267
v -0.03411818 0.04225610 0.04760266
v -0.03411818 0.04018419 0.04983333
v -0.03411818 0.04248673 -0.04727778
v -0.03411818 0.04361657 -0.04472222
v -0.03411818 0.04399859 -0.04216667
v -0.03411818 0.04400000 -0.03961111
v -0.03411818 0.04400000 -0.03705556
v -0.03411818 0.04400000 -0.03450000
v -0.03411818 0.04400000 -0.03194444
v -0.03411818 0.04400000 -0.02938889
v -0.03411818 0.04400000 -0.02683333
v -0.03411818 0.04400000 -0.02427778
v -0.03411818 0.04400000 -0.02172222
v -0.03411818 0.04400000 -0.01916667
v -0.03411818 0.04400000 -0.01661111
v -0.03411818 0.04400000 -0.01405556
v -0.03411818 0.04400000 -0.01150000
v -0.03411818 0.04400000 -0.00894444
v -0.03411818 0.04400000 -0.00638889
v -0.03411818 0.04400000 -0.00383333
v -0.03411818 0.04400000 -0.00127778
v -0.03411818 0.04400000 0.00127778
v -0.03411818 0.04400000 0.00383333
v -0.03411818 0.04400000 0.00638889
v -0.03411818 0.04400000 0.00894444
v -0.03411818 0.04400000 0.01150000
v -0.03411818 0.04400000 0.01405556
v -0.03411818 0.04400000 0.01661111
v -0.03411818 0.04400000 0.01916667
v -0.03411818 0.04400000 0.02172222
v -0.03411818 0.04400000 0.02427778
v -0.03411818 0.04400000 0.02683333
v -0.03411818 0.04400000 0.02938889
v -0.03411818 0.04400000 0.03194444
v -0.03411818 0.04400000 0.03450000
v -0.03411818 0.04400000 0.03705556
v -0.03411818 0.04400000 0.03961111
v -0.03411818 0.04399859 0.04216667
v -0.03411818 0.04361657 0.04472222
v -0.03411818 0.04248673 0.04727778
v -0.03159091 -0.04248672 -0.04727778
v -0.03159091 -0.04225610 -0.04760267
v -0.03159091 -0.04361657 -0.04472222
v -0.03159091 -0.04399859 -0.04216667
v -0.03159091 -0.04400000 -0.03961111
v -0.03159091 -0.04400000 -0.03705556
v -0.03159091 -0.04400000 -0.03450000
v -0.03159091 -0.04400000 -0.03194444
v -0.03159091 -0.04400000 -0.02938889
v -0.03159091 -0.04400000 -0.02683333
v -0.03159091 -0.04400000 -0.02427778
v -0.03159091 -0.04400000 -0.02172222
v -0.03159091 -0.04400000 -0.01916667
v -0.03159091 -0.04400000 -0.01661111
v -0.03159091 -0.04400000 -0.01405556
v -0.03159091 -0.04400000 -0.01150000
v -0.03159091 -0.04400000 -0.00894444
v -0.03159091 -0.04400000 -0.00638889
v -0.03159091 -0.04400000 -0.00383333
v -0.03159091 -0.04400000 -0.00127778
v -0.03159091 -0.04400000 0.00127778
v -0.03159091 -0.04400000 0.00383333
v -0.03159091 -0.04400000 0.00638889
v -0.03159091 -0.04400000 0.00894444
v -0.03159091 -0.04400000 0.01150000
v -0.03159091 -0.04400000 0.01405556
v -0.03159091 -0.04400000 0.01661111
v -0.03159091 -0.04400000 0.01916667
v -0.03159091 -0.04400000 0.02172222
v -0.03159091 -0.04400000 0.02427778
v -0.03159091 -0.04400000 0.02683333
v -0.03159091 -0.04400000 0.02938889
v -0.03159091 -0.04400000 0.03194444
v -0.03159091 -0.04400000 0.03450000
v -0.03159091 -0.04400000 0.03705556
v -0.03159091 -0.04400000 0.03961111
v -0.03159091 -0.04399859 0.04216667
v -0.03159091 -0.04361657 0.04472222
v -0.03159091 -0.04248672 0.04727778
v -0.03159091 -0.04225610 0.04760266
v -0.03159091 -0.04018419 -0.04983333
v -0.03159091 -0.03984146 -0.05010522
v -0.03159091 -0.04018419 0.04983333
v -0.03159091 -0.03984146 0.05010522
v -0.03159091 -0.03742683 -0.05138407
v -0.03159091 -0.03742683 0.05138407
v -0.03159091 -0.03501220 -0.05194806
v -0.03159091 -0.03501220 0.05194805
v -0.03159091 -0.03259756 -0.05200000
v -0.03159091 -0.03259756 0.05200000
v -0.03159091 -0.03018293 -0.05200000
v -0.03159091 -0.03018293 0.05200000
v -0.03159091 -0.02776829 -0.05200000
v -0.03159091 -0.02776829 0.05200000
v -0.03159091 -0.02535366 -0.05200000
v -0.03159091 -0.02535366 0.05200000
v -0.03159091 -0.02293902 -0.05200000
v -0.03159091 -0.02293902 0.05200000
v -0.03159091 -0.02052439 -0.05200000
v -0.03159091 -0.02052439 0.05200000
v -0.03159091 -0.01810976 -0.05200000
v -0.03159091 -0.01810976 0.05200000
v -0.03159091 -0.01569512 -0.05200000
v -0.03159091 -0.01569512 0.05200000
v -0.03159091 -0.01328049 -0.05200000
v -0.03159091 -0.01328049 0.05200000
v -0.03159091 -0.01086585 -0.05200000
v -0.03159091 -0.01086585 0.05200000
v -0.03159091 -0.00845122 -0.05200000
v -0.03159091 -0.00845122 0.05200000
v -0.03159091 -0.00603659 -0.05200000
v -0.03159091 -0.00603659 0.05200000
v -0.03159091 -0.00362195 -0.05200000
v -0.03159091 -0.00362195 0.05200000
v -0.03159091 -0.00120732 -0.05200000
v -0.03159091 -0.00120732 0.05200000
v -0.03159091 0.00120732 -0.05200000
v -0.03159091 0.00120732 0.05200000
v -0.03159091 0.00362195 -0.05200000
v -0.03159091 0.00362195 0.05200000
v -0.03159091 0.00603659 -0.05200000
v -0.03159091 0.00603659 0.05200000
v -0.03159091 0.00845122 -0.05200000
v -0.03159091 0.00845122 0.05200000
v -0.03159091 0.01086585 -0.05200000
v -0.03159091 0.01086585 0.05200000
v -0.03159091 0.01328049 -0.05200000
v -0.03159091 0.01328049 0.05200000
v -0.03159091 0.01569512 -0.05200000
v -0.03159091 0.01569512 0.05200000
v -0.03159091 0.01810976 -0.05200000
v -0.03159091 0.01810976 0.05200000
v -0.03159091 0.02052439 -0.05200000
v -0.03159091 0.02052439 0.05200000
v -0.03159091 0.02293902 -0.05200000
v -0.03159091 0.02293902 0.05200000
v -0.03159091 0.02535366 -0.05200000
v -0.03159091 0.02535366 0.05200000
v -0.03159091 0.02776829 -0.05200000
v -0.03159091 0.02776829 0.05200000
v -0.03159091 0.03018293 -0.05200000
v -0.03159091 0.03018293 0.05200000
v -0.03159091 0.03259756 -0.05200000
v -0.03159091 0.03259756 0.05200000
v -0.03159091 0.03501220 -0.05194806
v -0.03159091 0.03501220 0.05194805
v -0.03159091 0.03742683 -0.05138407
v -0.03159091 0.03742683 0.05138407
v -0.03159091 0.03984146 -0.05010522
v -0.03159091 0.03984146 0.05010522
v -0.03159091 0.04018419 -0.04983333
v -0.03159091 0.04225610 -0.04760267
v -0.03159091 0.04225610 0.04760266
v -0.03159091 0.04018419 0.04983333
v -0.03159091 0.04248673 -0.04727778
v -0.03159091 0.04361657 -0.04472222
v -0.03159091 0.04399859 -0.04216667
v -0.03159091 0.04400000 -0.03961111
v -0.03159091 0.04400000 -0.03705556
v -0.03159091 0.04400000 -0.03450000
v -0.03159091 0.04400000 -0.03194444
v -0.03159091 0.04400000 -0.02938889
v -0.03159091 0.04400000 -0.02683333
v -0.03159091 0.04400000 -0.02427778
v -0.03159091 0.04400000 -0.02172222
v -0.03159091 0.04400000 -0.01916667
v -0.03159091 0.04400000 -0.01661111
v -0.03159091 0.04400000 -0.01405556
v -0.03159091 0.04400000 -0.01150000
v -0.03159091 0.04400000 -0.00894444
v -0.03159091 0.04400000 -0.00638889
v -0.03159091 0.04400000 -0.00383333
v -0.03159091 0.04400000 -0.00127778
v -0.03159091 0.04400000 0.00127778
v -0.03159091 0.04400000 0.00383333
v -0.03159091 0.04400000 0.00638889
v -0.03159091 0.04400000 0.00894444
v -0.03159091 0.04400000 0.01150000
v -0.03159091 0.04400000 0.01405556
v -0.03159091 0.04400000 0.01661111
v -0.03159091 0.04400000 0.01916667
v -0.03159091 0.04400000 0.02172222
v -0.03159091 0.04400000 0.02427778
v -0.03159091 0.04400000 0.02683333
v -0.03159091 0.04400000 0.02938889
v -0.03159091 0.04400000 0.03194444
v -0.03159091 0.04400000 0.03450000
v -0.03159091 0.04400000 0.03705556
v -0.03159091 0.04400000 0.03961111
v -0.03159091 0.04399859 0.04216667
v -0.03159091 0.04361657 0.04472222
v -0.03159091 0.04248673 0.04727778
v -0.02906364 -0.04248672 -0.04727778
v -0.02906364 -0.04225610 -0.04760267
v -0.02906364 -0.04361657 -0.04472222
v -0.02906364 -0.04399859 -0.04216667
v -0.02906364 -0.04400000 -0.03961111
v -0.02906364 -0.04400000 -0.03705556
v -0.02906364 -0.04400000 -0.03450000
v -0.02906364 -0.04400000 -0.03194444
v -0.02906364 -0.04400000 -0.02938889
v -0.02906364 -0.04400000 -0.02683333
v -0.02906364 -0.04400000 -0.02427778
v -0.02906364 -0.04400000 -0.02172222
v -0.02906364 -0.04400000 -0.01916667
v -0.02906364 -0.04400000 -0.01661111
v -0.02906364 -0.04400000 -0.01405556
v -0.02906364 -0.04400000 -0.01150000
v -0.02906364 -0.04400000 -0.00894444
v -0.02906364 -0.04400000 -0.00638889
v -0.02906364 -0.04400000 -0.00383333
v -0.02906364 -0.04400000 -0.00127778
v -0.02906364 -0.04400000 0.00127778
v -0.02906364 -0.04400000 0.00383333
v -0.02906364 -0.04400000 0.00638889
v -0.02906364 -0.04400000 0.00894444
v -0.02906364 -0.04400000 0.01150000
v -0.02906364 -0.04400000 0.01405556
v -0.02906364 -0.04400000 0.01661111
v -0.02906364 -0.04400000 0.01916667
v -0.02906364 -0.04400000 0.02172222
v -0.02906364 -0.04400000 0.02427778
v -0.02906364 -0.04400000 0.02683333
v -0.02906364 -0.04400000 0.02938889
v -0.02906364 -0.04400000 0.03194444
v -0.02906364 -0.04400000 0.03450000
v -0.02906364 -0.04400000 0.03705556
v -0.02906364 -0.04400000 0.03961111
v -0.02906364 -0.04399859 0.04216667
v -0.02906364 -0.04361657 0.04472222
v -0.02906364 -0.04248672 0.04727778
v -0.02906364 -0.04225610 0.04760266
v -0.02906364 -0.04018419 -0.04983333
v -0.02906364 -0.03984146 -0.05010522
v -0.02906364 -0.04018419 0.04983333
v -0.02906364 -0.03984146 0.05010522
v -0.02906364 -0.03742683 -0.05138407
v -0.02906364 -0.03742683 0.05138407
v -0.02906364 -0.03501220 -0.05194806
v -0.02906364 -0.03501220 0.05194805
v -0.02906364 -0.03259756 -0.05200000
v -0.02906364 -0.03259756 0.05200000
v -0.02906364 -0.03018293 -0.05200000
v -0.02906364 -0.03018293 0.05200000
v -0.02906364 -0.02776829 -0.05200000
v -0.02906364 -0.02776829 0.05200000
v -0.02906364 -0.02535366 -0.05200000
v -0.02906364 -0.02535366 0.05200000
v -0.02906364 -0.02293902 -0.05200000
v -0.02906364 -0.02293902 0.05200000
v -0.02906364 -0.02052439 -0.05200000
v -0.02906364 -0.02052439 0.05200000
v -0.02906364 -0.01810976 -0.05200000
v -0.02906364 -0.01810976 0.05200000
v -0.02906364 -0.01569512 -0.05200000
v -0.02906364 -0.01569512 0.05200000
v -0.02906364 -0.01328049 -0.05200000
v -0.02906364 -0.01328049 0.05200000
v -0.02906364 -0.01086585 -0.05200000
v -0.02906364 -0.01086585 0.05200000
v -0.02906364 -0.00845122 -0.05200000
v -0.02906364 -0.00845122 0.05200000
v -0.02906364 -0.00603659 -0.05200000
v -0.02906364 -0.00603659 0.05200000
v -0.02906364 -0.00362195 -0.05200000
v -0.02906364 -0.00362195 0.05200000
v -0.02906364 -0.00120732 -0.05200000
v -0.02906364 -0.00120732 0.05200000
v -0.02906364 0.00120732 -0.05200000
v -0.02906364 0.00120732 0.05200000
v -0.02906364 0.00362195 -0.05200000
v -0.02906364 0.00362195 0.05200000
v -0.02906364 0.00603659 -0.05200000
v -0.02906364 0.00603659 0.05200000
v -0.02906364 0.00845122 -0.05200000
v -0.02906364 0.00845122 0.05200000
v -0.02906364 0.01086585 -0.05200000
v -0.02906364 0.01086585 0.05200000
v -0.02906364 0.01328049 -0.05200000
v -0.02906364 0.01328049 0.05200000
v -0.02906364 0.01569512 -0.05200000
v -0.02906364 0.01569512 0.05200000
v -0.02906364 0.01810976 -0.05200000
v -0.02906364 0.01810976 0.05200000
v -0.02906364 0.02052439 -0.05200000
v -0.02906364 0.02052439 0.05200000
v -0.02906364 0.02293902 -0.05200000
v -0.02906364 0.02293902 0.05200000
v -0.02906364 0.02535366 -0.05200000
v -0.02906364 0.02535366 0.05200000
v -0.02906364 0.02776829 -0.05200000
v -0.02906364 0.02776829 0.05200000
v -0.02906364 0.03018293 -0.05200000
v -0.02906364 0.03018293 0.05200000
v -0.02906364 0.03259756 -0.05200000
v -0.02906364 0.03259756 0.05200000
v -0.02906364 0.03501220 -0.05194806
v -0.02906364 0.03501220 0.05194805
v -0.02906364 0.03742683 -0.05138407
v -0.02906364 0.03742683 0.05138407
v -0.02906364 0.03984146 -0.05010522
v -0.02906364 0.03984146 0.05010522
v -0.02906364 0.04018419 -0.04983333
v -0.02906364 0.04225610 -0.04760267
v -0.02906364 0.04225610 0.04760266
v -0.02906364 0.04018419 0.04983333
v -0.02906364 0.04248673 -0.04727778
v -0.02906364 0.04361657 -0.04472222
v -0.02906364 0.04399859 -0.04216667
v -0.02906364 0.04400000 -0.03961111
v -0.02906364 0.04400000 -0.03705556
v -0.02906364 0.04400000 -0.03450000
v -0.02906364 0.04400000 -0.03194444
v -0.02906364 0.04400000 -0.02938889
v -0.02906364 0.04400000 -0.02683333
v -0.02906364 0.04400000 -0.02427778
v -0.02906364 0.04400000 -0.02172222
v -0.02906364 0.04400000 -0.01916667
v -0.02906364 0.04400000 -0.01661111
v -0.02906364 0.04400000 -0.01405556
v -0.02906364 0.04400000 -0.01150000
v -0.02906364 0.04400000 -0.00894444
v -0.02906364 0.04400000 -0.00638889
v -0.02906364 0.04400000 -0.00383333
v -0.02906364 0.04400000 -0.00127778
v -0.02906364 0.04400000 0.00127778
v -0.02906364 0.04400000 0.00383333
v -0.02906364 0.04400000 0.00638889
v -0.02906364 0.04400000 0.00894444
v -0.02906364 0.04400000 0.01150000
v -0.02906364 0.04400000 0.01405556
v -0.02906364 0.04400000 0.01661111
v -0.02906364 0.04400000 0.01916667
v -0.02906364 0.04400000 0.02172222
v -0.02906364 0.04400000 0.02427778
v -0.02906364 0.04400000 0.02683333
v -0.02906364 0.04400000 0.02938889
v -0.02906364 0.04400000 0.03194444
v -0.02906364 0.04400000 0.03450000
v -0.02906364 0.04400000 0.03705556
v -0.02906364 0.04400000 0.03961111
v -0.02906364 0.04399859 0.04216667
v -0.02906364 0.04361657 0.04472222
v -0.02906364 0.04248673 0.04727778
v -0.02653636 -0.04248672 -0.04727778
v -0.02653636 -0.04225610 -0.04760267
v -0.02653636 -0.04361657 -0.04472222
v -0.02653636 -0.04399859 -0.04216667
v -0.02653636 -0.04400000 -0.03961111
v -0.02653636 -0.04400000 -0.03705556
v -0.02653636 -0.04400000 -0.03450000
v -0.02653636 -0.04400000 -0.03194444
v -0.02653636 -0.04400000 -0.02938889
v -0.02653636 -0.04400000 -0.02683333
v -0.02653636 -0.04400000 -0.02427778
v -0.02653636 -0.04400000 -0.02172222
v -0.02653636 -0.04400000 -0.01916667
v -0.02653636 -0.04400000 -0.01661111
v -0.02653636 -0.04400000 -0.01405556
v -0.02653636 -0.04400000 -0.01150000
v -0.02653636 -0.04400000 -0.00894444
v -0.02653636 -0.04400000 -0.00638889
v -0.02653636 -0.04400000 -0.00383333
v -0.02653636 -0.04400000 -0.00127778
v -0.02653636 -0.04400000 0.00127778
v -0.02653636 -0.04400000 0.00383333
v -0.02653636 -0.04400000 0.00638889
v -0.02653636 -0.04400000 0.00894444
v -0.02653636 -0.04400000 0.01150000
v -0.02653636 -0.04400000 0.01405556
v -0.02653636 -0.04400000 0.01661111
v -0.02653636 -0.04400000 0.01916667
v -0.02653636 -0.04400000 0.02172222
v -0.02653636 -0.04400000 0.02427778
v -0.02653636 -0.04400000 0.02683333
v -0.02653636 -0.04400000 0.02938889
v -0.02653636 -0.04400000 0.03194444
v -0.02653636 -0.04400000 0.03450000
v -0.02653636 -0.04400000 0.03705556
v -0.02653636 -0.04400000 0.03961111
v -0.02653636 -0.04399859 0.04216667
v -0.02653636 -0.04361657 0.04472222
v -0.02653636 -0.04248672 0.04727778
v -0.02653636 -0.04225610 0.04760266
v -0.02653636 -0.04018419 -0.04983333
v -0.02653636 -0.03984146 -0.05010522
v -0.02653636 -0.04018419 0.04983333
v -0.02653636 -0.03984146 0.05010522
v -0.02653636 -0.03742683 -0.05138407
v -0.02653636 -0.03742683 0.05138407
v -0.02653636 -0.03501220 -0.05194806
v -0.02653636 -0.03501220 0.05194805
v -0.02653636 -0.03259756 -0.05200000
v -0.02653636 -0.03259756 0.05200000
v -0.02653636 -0.03018293 -0.05200000
v -0.02653636 -0.03018293 0.05200000
v -0.02653636 -0.02776829 -0.05200000
v -0.02653636 -0.02776829 0.05200000
v -0.02653636 -0.02535366 -0.05200000
v -0.02653636 -0.02535366 0.05200000
v -0.02653636 -0.02293902 -0.05200000
v -0.02653636 -0.02293902 0.05200000
v -0.02653636 -0.02052439 -0.05200000
v -0.02653636 -0.02052439 0.05200000
v -0.02653636 -0.01810976 -0.05200000
v -0.02653636 -0.01810976 0.05200000
v -0.02653636 -0.01569512 -0.05200000
v -0.02653636 -0.01569512 0.05200000
v -0.02653636 -0.01328049 -0.05200000
v -0.02653636 -0.01328049 0.05200000
v -0.02653636 -0.01086585 -0.05200000
v -0.02653636 -0.01086585 0.05200000
v -0.02653636 -0.00845122 -0.05200000
v -0.02653636 -0.00845122 0.05200000
v -0.02653636 -0.00603659 -0.05200000
v -0.02653636 -0.00603659 0.05200000
v -0.02653636 -0.00362195 -0.05200000
v -0.02653636 -0.00362195 0.05200000
v -0.02653636 -0.00120732 -0.05200000
v -0.02653636 -0.00120732 0.05200000
v -0.02653636 0.00120732 -0.05200000
v -0.02653636 0.00120732 0.05200000
v -0.02653636 0.00362195 -0.05200000
v -0.02653636 0.00362195 0.05200000
v -0.02653636 0.00603659 -0.05200000
v -0.02653636 0.00603659 0.05200000
v -0.02653636 0.00845122 -0.05200000
v -0.02653636 0.00845122 0.05200000
v -0.02653636 0.01086585 -0.05200000
v -0.02653636 0.01086585 0.05200000
v -0.02653636 0.01328049 -0.05200000
v -0.02653636 0.01328049 0.05200000
v -0.02653636 0.01569512 -0.05200000
v -0.02653636 0.01569512 0.05200000
v -0.02653636 0.01810976 -0.05200000
v -0.02653636 0.01810976 0.05200000
v -0.02653636 0.02052439 -0.05200000
v -0.02653636 0.02052439 0.05200000
v -0.02653636 0.02293902 -0.05200000
v -0.02653636 0.02293902 0.05200000
v -0.02653636 0.02535366 -0.05200000
v -0.02653636 0.02535366 0.05200000
v -0.02653636 0.02776829 -0.05200000
v -0.02653636 0.02776829 0.05200000
v -0.02653636 0.03018293 -0.05200000
v -0.02653636 0.03018293 0.05200000
v -0.02653636 0.03259756 -0.05200000
v -0.02653636 0.03259756 0.05200000
v -0.02653636 0.03501220 -0.05194806
v -0.02653636 0.03501220 0.05194805
v -0.02653636 0.03742683 -0.05138407
v -0.02653636 0.03742683 0.05138407
v -0.02653636 0.03984146 -0.05010522
v -0.02653636 0.03984146 0.05010522
v -0.02653636 0.04018419 -0.04983333
v -0.02653636 0.04225610 -0.04760267
v -0.02653636 0.04225610 0.04760266
v -0.02653636 0.04018419 0.04983333
v -0.02653636 0.04248673 -0.04727778
v -0.02653636 0.04361657 -0.04472222
v -0.02653636 0.04399859 -0.04216667
v -0.02653636 0.04400000 -0.03961111
v -0.02653636 0.04400000 -0.03705556
v -0.02653636 0.04400000 -0.03450000
v -0.02653636 0.04400000 -0.03194444
v -0.02653636 0.04400000 -0.02938889
v -0.02653636 0.04400000 -0.02683333
v -0.02653636 0.04400000 -0.02427778
v -0.02653636 0.04400000 -0.02172222
v -0.02653636 0.04400000 -0.01916667
v -0.02653636 0.04400000 -0.01661111
v -0.02653636 0.04400000 -0.01405556
v -0.02653636 0.04400000 -0.01150000
v -0.02653636 0.04400000 -0.00894444
v -0.02653636 0.04400000 -0.00638889
v -0.02653636 0.04400000 -0.00383333
v -0.02653636 0.04400000 -0.00127778
v -0.02653636 0.04400000 0.00127778
v -0.02653636 0.04400000 0.00383333
v -0.02653636 0.04400000 0.00638889
v -0.02653636 0.04400000 0.00894444
v -0.02653636 0.04400000 0.01150000
v -0.02653636 0.04400000 0.01405556
v -0.02653636 0.04400000 0.01661111
v -0.02653636 0.04400000 0.01916667
v -0.02653636 0.04400000 0.02172222
v -0.02653636 0.04400000 0.02427778
v -0.02653636 0.04400000 0.02683333
v -0.02653636 0.04400000 0.02938889
v -0.02653636 0.04400000 0.03194444
v -0.02653636 0.04400000 0.03450000
v -0.02653636 0.04400000 0.03705556
v -0.02653636 0.04400000 0.03961111
v -0.02653636 0.04399859 0.04216667
v -0.02653636 0.04361657 0.04472222
v -0.02653636 0.04248673 0.04727778
v -0.02400909 -0.04248672 -0.04727778
v -0.02400909 -0.04225610 -0.04760267
v -0.02400909 -0.04361657 -0.04472222
v -0.02400909 -0.04399859 -0.04216667
v -0.02400909 -0.04400000 -0.03961111
v -0.02400909 -0.04400000 -0.03705556
v -0.02400909 -0.04400000 -0.03450000
v -0.02400909 -0.04400000 -0.03194444
v -0.02400909 -0.04400000 -0.02938889
v -0.02400909 -0.04400000 -0.02683333
v -0.02400909 -0.04400000 -0.02427778
v -0.02400909 -0.04400000 -0.02172222
v -0.02400909 -0.04400000 -0.01916667
v -0.02400909 -0.04400000 -0.01661111
v -0.02400909 -0.04400000 -0.01405556
v -0.02400909 -0.04400000 -0.01150000
v -0.02400909 -0.04400000 -0.00894444
v -0.02400909 -0.04400000 -0.00638889
v -0.02400909 -0.04400000 -0.00383333
v -0.02400909 -0.04400000 -0.00127778
v -0.02400909 -0.04400000 0.00127778
v -0.02400909 -0.04400000 0.00383333
v -0.02400909 -0.04400000 0.00638889
v -0.02400909 -0.04400000 0.00894444
v -0.02400909 -0.04400000 0.01150000
v -0.02400909 -0.04400000 0.01405556
v -0.02400909 -0.04400000 0.01661111
v -0.02400909 -0.04400000 0.01916667
v -0.02400909 -0.04400000 0.02172222
v -0.02400909 -0.04400000 0.02427778
v -0.02400909 -0.04400000 0.02683333
v -0.02400909 -0.04400000 0.02938889
v -0.02400909 -0.04400000 0.03194444
v -0.02400909 -0.04400000 0.03450000
v -0.02400909 -0.04400000 0.03705556
v -0.02400909 -0.04400000 0.03961111
v -0.02400909 -0.04399859 0.04216667
v -0.02400909 -0.04361657 0.04472222
v -0.02400909 -0.04248672 0.04727778
v -0.02400909 -0.04225610 0.04760266
v -0.02400909 -0.04018419 -0.04983333
v -0.02400909 -0.03984146 -0.05010522
v -0.02400909 -0.04018419 0.04983333
v -0.02400909 -0.03984146 0.05010522
v -0.02400909 -0.03742683 -0.05138407
v -0.02400909 -0.03742683 0.05138407
v -0.02400909 -0.03501220 -0.05194806
v -0.02400909 -0.03501220 0.05194805
v -0.02400909 -0.03259756 -0.05200000
v -0.02400909 -0.03259756 0.05200000
v -0.02400909 -0.03018293 -0.05200000
v -0.02400909 -0.03018293 0.05200000
v -0.02400909 -0.02776829 -0.05200000
v -0.02400909 -0.02776829 0.05200000
v -0.02400909 -0.02535366 -0.05200000
v -0.02400909 -0.02535366 0.05200000
v -0.02400909 -0.02293902 -0.05200000
v -0.02400909 -0.02293902 0.05200000
v -0.02400909 -0.02052439 -0.05200000
v -0.02400909 -0.02052439 0.05200000
v -0.02400909 -0.01810976 -0.05200000
v -0.02400909 -0.01810976 0.05200000
v -0.02400909 -0.01569512 -0.05200000
v -0.02400909 -0.01569512 0.05200000
v -0.02400909 -0.01328049 -0.05200000
v -0.02400909 -0.01328049 0.05200000
v -0.02400909 -0.01086585 -0.05200000
v -0.02400909 -0.01086585 0.05200000
v -0.02400909 -0.00845122 -0.05200000
v -0.02400909 -0.00845122 0.05200000
v -0.02400909 -0.00603659 -0.05200000
v -0.02400909 -0.00603659 0.05200000
v -0.02400909 -0.00362195 -0.05200000
v -0.02400909 -0.00362195 0.05200000
v -0.02400909 -0.00120732 -0.05200000
v -0.02400909 -0.00120732 0.05200000
v -0.02400909 0.00120732 -0.05200000
v -0.02400909 0.00120732 0.05200000
v -0.02400909 0.00362195 -0.05200000
v -0.02400909 0.00362195 0.05200000
v -0.02400909 0.00603659 -0.05200000
v -0.02400909 0.00603659 0.05200000
v -0.02400909 0.00845122 -0.05200000
v -0.02400909 0.00845122 0.05200000
v -0.02400909 0.01086585 -0.05200000
v -0.02400909 0.01086585 0.05200000
v -0.02400909 0.01328049 -0.05200000
v -0.02400909 0.01328049 0.05200000
v -0.02400909 0.01569512 -0.05200000
v -0.02400909 0.01569512 0.05200000
v -0.02400909 0.01810976 -0.05200000
v -0.02400909 0.01810976 0.05200000
v -0.02400909 0.02052439 -0.05200000
v -0.02400909 0.02052439 0.05200000
v -0.02400909 0.02293902 -0.05200000
v -0.02400909 0.02293902 0.05200000
v -0.02400909 0.02535366 -0.05200000
v -0.02400909 0.02535366 0.05200000
v -0.02400909 0.02776829 -0.05200000
v -0.02400909 0.02776829 0.05200000
v -0.02400909 0.03018293 -0.05200000
v -0.02400909 0.03018293 0.05200000
v -0.02400909 0.03259756 -0.05200000
v -0.02400909 0.03259756 0.05200000
v -0.02400909 0.03501220 -0.05194806
v -0.02400909 0.03501220 0.05194805
v -0.02400909 0.03742683 -0.05138407
v -0.02400909 0.03742683 0.05138407
v -0.02400909 0.03984146 -0.05010522
v -0.02400909 0.03984146 0.05010522
v -0.02400909 0.04018419 -0.04983333
v -0.02400909 0.04225610 -0.04760267
v -0.02400909 0.04225610 0.04760266
v -0.02400909 0.04018419 0.04983333
v -0.02400909 0.04248673 -0.04727778
v -0.02400909 0.04361657 -0.04472222
v -0.02400909 0.04399859 -0.04216667
v -0.02400909 0.04400000 -0.03961111
v -0.02400909 0.04400000 -0.03705556
v -0.02400909 0.04400000 -0.03450000
v -0.02400909 0.04400000 -0.03194444
v -0.02400909 0.04400000 -0.02938889
v -0.02400909 0.04400000 -0.02683333
v -0.02400909 0.04400000 -0.02427778
v -0.02400909 0.04400000 -0.02172222
v -0.02400909 0.04400000 -0.01916667
v -0.02400909 0.04400000 -0.01661111
v -0.02400909 0.04400000 -0.01405556
v -0.02400909 0.04400000 -0.01150000
v -0.02400909 0.04400000 -0.00894444
v -0.02400909 0.04400000 -0.00638889
v -0.02400909 0.04400000 -0.00383333
v -0.02400909 0.04400000 -0.00127778
v -0.02400909 0.04400000 0.00127778
v -0.02400909 0.04400000 0.00383333
v -0.02400909 0.04400000 0.00638889
v -0.02400909 0.04400000 0.00894444
v -0.02400909 0.04400000 0.01150000
v -0.02400909 0.04400000 0.01405556
v -0.02400909 0.04400000 0.01661111
v -0.02400909 0.04400000 0.01916667
v -0.02400909 0.04400000 0.02172222
v -0.02400909 0.04400000 0.02427778
v -0.02400909 0.04400000 0.02683333
v -0.02400909 0.04400000 0.02938889
v -0.02400909 0.04400000 0.03194444
v -0.02400909 0.04400000 0.03450000
v -0.02400909 0.04400000 0.03705556
v -0.02400909 0.04400000 0.03961111
v -0.02400909 0.04399859 0.04216667
v -0.02400909 0.04361657 0.04472222
v -0.02400909 0.04248673 0.04727778
v -0.02148182 -0.04248672 -0.04727778
v -0.02148182 -0.04225610 -0.04760267
v -0.02148182 -0.04361657 -0.04472222
v -0.02148182 -0.04399859 -0.04216667
v -0.02148182 -0.04400000 -0.03961111
v -0.02148182 -0.04400000 -0.03705556
v -0.02148182 -0.04400000 -0.03450000
v -0.02148182 -0.04400000 -0.03194444
v -0.02148182 -0.04400000 -0.02938889
v -0.02148182 -0.04400000 -0.02683333
v -0.02148182 -0.04400000 -0.02427778
v -0.02148182 -0.04400000 -0.02172222
v -0.02148182 -0.04400000 -0.01916667
v -0.02148182 -0.04400000 -0.01661111
v -0.02148182 -0.04400000 -0.01405556
v -0.02148182 -0.04400000 -0.01150000
v -0.02148182 -0.04400000 -0.00894444
v -0.02148182 -0.04400000 -0.00638889
v -0.02148182 -0.04400000 -0.00383333
v -0.02148182 -0.04400000 -0.00127778
v -0.02148182 -0.04400000 0.00127778
v -0.02148182 -0.04400000 0.00383333
v -0.02148182 -0.04400000 0.00638889
v -0.02148182 -0.04400000 0.00894444
v -0.02148182 -0.04400000 0.01150000
v -0.02148182 -0.04400000 0.01405556
v -0.02148182 -0.04400000 0.01661111
v -0.02148182 -0.04400000 0.01916667
v -0.02148182 -0.04400000 0.02172222
v -0.02148182 -0.04400000 0.02427778
v -0.02148182 -0.04400000 0.02683333
v -0.02148182 -0.04400000 0.02938889
v -0.02148182 -0.04400000 0.03194444
v -0.02148182 -0.04400000 0.03450000
v -0.02148182 -0.04400000 0.03705556
v -0.02148182 -0.04400000 0.03961111
v -0.02148182 -0.04399859 0.04216667
v -0.02148182 -0.04361657 0.04472222
v -0.02148182 -0.04248672 0.04727778
v -0.02148182 -0.04225610 0.04760266
v -0.02148182 -0.04018419 -0.04983333
v -0.02148182 -0.03984146 -0.05010522
v -0.02148182 -0.04018419 0.04983333
v -0.02148182 -0.03984146 0.05010522
v -0.02148182 -0.03742683 -0.05138407
v -0.02148182 -0.03742683 0.05138407
v -0.02148182 -0.03501220 -0.05194806
v -0.02148182 -0.03501220 0.05194805
v -0.02148182 -0.03259756 -0.05200000
v -0.02148182 -0.03259756 0.05200000
v -0.02148182 -0.03018293 -0.05200000
v -0.02148182 -0.03018293 0.05200000
v -0.02148182 -0.02776829 -0.05200000
v -0.02148182 -0.02776829 0.05200000
v -0.02148182 -0.02535366 -0.05200000
v -0.02148182 -0.02535366 0.05200000
v -0.02148182 -0.02293902 -0.05200000
v -0.02148182 -0.02293902 0.05200000
v -0.02148182 -0.02052439 -0.05200000
v -0.02148182 -0.02052439 0.05200000
v -0.02148182 -0.01810976 -0.05200000
v -0.02148182 -0.01810976 0.05200000
v -0.02148182 -0.01569512 -0.05200000
v -0.02148182 -0.01569512 0.05200000
v -0.02148182 -0.01328049 -0.05200000
v -0.02148182 -0.01328049 0.05200000
v -0.02148182 -0.01086585 -0.05200000
v -0.02148182 -0.01086585 0.05200000
v -0.02148182 -0.00845122 -0.05200000
v -0.02148182 -0.00845122 0.05200000
v -0.02148182 -0.00603659 -0.05200000
v -0.02148182 -0.00603659 0.05200000
v -0.02148182 -0.00362195 -0.05200000
v -0.02148182 -0.00362195 0.05200000
v -0.02148182 -0.00120732 -0.05200000
v -0.02148182 -0.00120732 0.05200000
v -0.02148182 0.00120732 -0.05200000
v -0.02148182 0.00120732 0.05200000
v -0.02148182 0.00362195 -0.05200000
v -0.02148182 0.00362195 0.05200000
v -0.02148182 0.00603659 -0.05200000
v -0.02148182 0.00603659 0.05200000
v -0.02148182 0.00845122 -0.05200000
v -0.02148182 0.00845122 0.05200000
v -0.02148182 0.01086585 -0.05200000
v -0.02148182 0.01086585 0.05200000
v -0.02148182 0.01328049 -0.05200000
v -0.02148182 0.01328049 0.05200000
v -0.02148182 0.01569512 -0.05200000
v -0.02148182 0.01569512 0.05200000
v -0.02148182 0.01810976 -0.05200000
v -0.02148182 0.01810976 0.05200000
v -0.02148182 0.02052439 -0.05200000
v -0.02148182 0.02052439 0.05200000
v -0.02148182 0.02293902 -0.05200000
v -0.02148182 0.02293902 0.05200000
v -0.02148182 0.02535366 -0.05200000
v -0.02148182 0.02535366 0.05200000
v -0.02148182 0.02776829 -0.05200000
v -0.02148182 0.02776829 0.05200000
v -0.02148182 0.03018293 -0.05200000
v -0.02148182 0.03018293 0.05200000
v -0.02148182 0.03259756 -0.05200000
v -0.02148182 0.03259756 0.05200000
v -0.02148182 0.03501220 -0.05194806
v -0.02148182 0.03501220 0.05194805
v -0.02148182 0.03742683 -0.05138407
v -0.02148182 0.03742683 0.05138407
v -0.02148182 0.03984146 -0.05010522
v -0.02148182 0.03984146 0.05010522
v -0.02148182 0.04018419 -0.04983333
v -0.02148182 0.04225610 -0.04760267
v -0.02148182 0.04225610 0.04760266
v -0.02148182 0.04018419 0.04983333
v -0.02148182 0.04248673 -0.04727778
v -0.02148182 0.04361657 -0.04472222
v -0.02148182 0.04399859 -0.04216667
v -0.02148182 0.04400000 -0.03961111
v -0.02148182 0.04400000 -0.03705556
v -0.02148182 0.04400000 -0.03450000
v -0.02148182 0.04400000 -0.03194444
v -0.02148182 0.04400000 -0.02938889
v -0.02148182 0.04400000 -0.02683333
v -0.02148182 0.04400000 -0.02427778
v -0.02148182 0.04400000 -0.02172222
v -0.02148182 0.04400000 -0.01916667
v -0.02148182 0.04400000 -0.01661111
v -0.02148182 0.04400000 -0.01405556
v -0.02148182 0.04400000 -0.01150000
v -0.02148182 0.04400000 -0.00894444
v -0.02148182 0.04400000 -0.00638889
v -0.02148182 0.04400000 -0.00383333
v -0.02148182 0.04400000 -0.00127778
v -0.02148182 0.04400000 0.00127778
v -0.02148182 0.04400000 0.00383333
v -0.02148182 0.04400000 0.00638889
v -0.02148182 0.04400000 0.00894444
v -0.02148182 0.04400000 0.01150000
v -0.02148182 0.04400000 0.01405556
v -0.02148182 0.04400000 0.01661111
v -0.02148182 0.04400000 0.01916667
v -0.02148182 0.04400000 0.02172222
v -0.02148182 0.04400000 0.02427778
v -0.02148182 0.04400000 0.02683333
v -0.02148182 0.04400000 0.02938889
v -0.02148182 0.04400000 0.03194444
v -0.02148182 0.04400000 0.03450000
v -0.02148182 0.04400000 0.03705556
v -0.02148182 0.04400000 0.03961111
v -0.02148182 0.04399859 0.04216667
v -0.02148182 0.04361657 0.04472222
v -0.02148182 0.04248673 0.04727778
v -0.01895455 -0.04248672 -0.04727778
v -0.01895455 -0.04225610 -0.04760267
v -0.01895455 -0.04361657 -0.04472222
v -0.01895455 -0.04399859 -0.04216667
v -0.01895455 -0.04400000 -0.03961111
v -0.01895455 -0.04400000 -0.03705556
v -0.01895455 -0.04400000 -0.03450000
v -0.01895455 -0.04400000 -0.03194444
v -0.01895455 -0.04400000 -0.02938889
v -0.01895455 -0.04400000 -0.02683333
v -0.01895455 -0.04400000 -0.02427778
v -0.01895455 -0.04400000 -0.02172222
v -0.01895455 -0.04400000 -0.01916667
v -0.01895455 -0.04400000 -0.01661111
v -0.01895455 -0.04400000 -0.01405556
v -0.01895455 -0.04400000 -0.01150000
v -0.01895455 -0.04400000 -0.00894444
v -0.01895455 -0.04400000 -0.00638889
v -0.01895455 -0.04400000 -0.00383333
v -0.01895455 -0.04400000 -0.00127778
v -0.01895455 -0.04400000 0.00127778
v -0.01895455 -0.04400000 0.00383333
v -0.01895455 -0.04400000 0.00638889
v -0.01895455 -0.04400000 0.00894444
v -0.01895455 -0.04400000 0.01150000
v -0.01895455 -0.04400000 0.01405556
v -0.01895455 -0.04400000 0.01661111
v -0.01895455 -0.04400000 0.01916667
v -0.01895455 -0.04400000 0.02172222
v -0.01895455 -0.04400000 0.02427778
v -0.01895455 -0.04400000 0.02683333
v -0.01895455 -0.04400000 0.02938889
v -0.01895455 -0.04400000 0.03194444
v -0.01895455 -0.04400000 0.03450000
v -0.01895455 -0.04400000 0.03705556
v -0.01895455 -0.04400000 0.03961111
v -0.01895455 -0.04399859 0.04216667
v -0.01895455 -0.04361657 0.04472222
v -0.01895455 -0.04248672 0.04727778
v -0.01895455 -0.04225610 0.04760266
v -0.01895455 -0.04018419 -0.04983333
v -0.01895455 -0.03984146 -0.05010522
v -0.01895455 -0.04018419 0.04983333
v -0.01895455 -0.03984146 0.05010522
v -0.01895455 -0.03742683 -0.05138407
v -0.01895455 -0.03742683 0.05138407
v -0.01895455 -0.03501220 -0.05194806
v -0.01895455 -0.03501220 0.05194805
v -0.01895455 -0.03259756 -0.05200000
v -0.01895455 -0.03259756 0.05200000
v -0.01895455 -0.03018293 -0.05200000
v -0.01895455 -0.03018293 0.05200000
v -0.01895455 -0.02776829 -0.05200000
v -0.01895455 -0.02776829 0.05200000
v -0.01895455 -0.02535366 -0.05200000
v -0.01895455 -0.02535366 0.05200000
v -0.01895455 -0.02293902 -0.05200000
v -0.01895455 -0.02293902 0.05200000
v -0.01895455 -0.02052439 -0.05200000
v -0.01895455 -0.02052439 0.05200000
v -0.01895455 -0.01810976 -0.05200000
v -0.01895455 -0.01810976 0.05200000
v -0.01895455 -0.01569512 -0.05200000
v -0.01895455 -0.01569512 0.05200000
v -0.01895455 -0.01328049 -0.05200000
v -0.01895455 -0.01328049 0.05200000
v -0.01895455 -0.01086585 -0.05200000
v -0.01895455 -0.01086585 0.05200000
v -0.01895455 -0.00845122 -0.05200000
v -0.01895455 -0.00845122 0.05200000
v -0.01895455 -0.00603659 -0.05200000
v -0.01895455 -0.00603659 0.05200000
v -0.01895455 -0.00362195 -0.05200000
v -0.01895455 -0.00362195 0.05200000
v -0.01895455 -0.00120732 -0.05200000
v -0.01895455 -0.00120732 0.05200000
v -0.01895455 0.00120732 -0.05200000
v -0.01895455 0.00120732 0.05200000
v -0.01895455 0.00362195 -0.05200000
v -0.01895455 0.00362195 0.05200000
v -0.01895455 0.00603659 -0.05200000
v -0.01895455 0.00603659 0.05200000
v -0.01895455 0.00845122 -0.05200000
v -0.01895455 0.00845122 0.05200000
v -0.01895455 0.01086585 -0.05200000
v -0.01895455 0.01086585 0.05200000
v -0.01895455 0.01328049 -0.05200000
v -0.01895455 0.01328049 0.05200000
v -0.01895455 0.01569512 -0.05200000
v -0.01895455 0.01569512 0.05200000
v -0.01895455 0.01810976 -0.05200000
v -0.01895455 0.01810976 0.05200000
v -0.01895455 0.02052439 -0.05200000
v -0.01895455 0.02052439 0.05200000
v -0.01895455 0.02293902 -0.05200000
v -0.01895455 0.02293902 0.05200000
v -0.01895455 0.02535366 -0.05200000
v -0.01895455 0.02535366 0.05200000
v -0.01895455 0.02776829 -0.05200000
v -0.01895455 0.02776829 0.05200000
v -0.01895455 0.03018293 -0.05200000
v -0.01895455 0.03018293 0.05200000
v -0.01895455 0.03259756 -0.05200000
v -0.01895455 0.03259756 0.05200000
v -0.01895455 0.03501220 -0.05194806
v -0.01895455 0.03501220 0.05194805
v -0.01895455 0.03742683 -0.05138407
v -0.01895455 0.03742683 0.05138407
v -0.01895455 0.03984146 -0.05010522
v -0.01895455 0.03984146 0.05010522
v -0.01895455 0.04018419 -0.04983333
v -0.01895455 0.04225610 -0.04760267
v -0.01895455 0.04225610 0.04760266
v -0.01895455 0.04018419 0.04983333
v -0.01895455 0.04248673 -0.04727778
v -0.01895455 0.04361657 -0.04472222
v -0.01895455 0.04399859 -0.04216667
v -0.01895455 0.04400000 -0.03961111
v -0.01895455 0.04400000 -0.03705556
v -0.01895455 0.04400000 -0.03450000
v -0.01895455 0.04400000 -0.03194444
v -0.01895455 0.04400000 -0.02938889
v -0.01895455 0.04400000 -0.02683333
v -0.01895455 0.04400000 -0.02427778
v -0.01895455 0.04400000 -0.02172222
v -0.01895455 0.04400000 -0.01916667
v -0.01895455 0.04400000 -0.01661111
v -0.01895455 0.04400000 -0.01405556
v -0.01895455 0.04400000 -0.01150000
v -0.01895455 0.04400000 -0.00894444
v -0.01895455 0.04400000 -0.00638889
v -0.01895455 0.04400000 -0.00383333
v -0.01895455 0.04400000 -0.00127778
v -0.01895455 0.04400000 0.00127778
v -0.01895455 0.04400000 0.00383333
v -0.01895455 0.04400000 0.00638889
v -0.01895455 0.04400000 0.00894444
v -0.01895455 0.04400000 0.01150000
v -0.01895455 0.04400000 0.01405556
v -0.01895455 0.04400000 0.01661111
v -0.01895455 0.04400000 0.01916667
v -0.01895455 0.04400000 0.02172222
v -0.01895455 0.04400000 0.02427778
v -0.01895455 0.04400000 0.02683333
v -0.01895455 0.04400000 0.02938889
v -0.01895455 0.04400000 0.03194444
v -0.01895455 0.04400000 0.03450000
v -0.01895455 0.04400000 0.03705556
v -0.01895455 0.04400000 0.03961111
v -0.01895455 0.04399859 0.04216667
v -0.01895455 0.04361657 0.04472222
v -0.01895455 0.04248673 0.04727778
v -0.01642727 -0.04248672 -0.04727778
v -0.01642727 -0.04225610 -0.04760267
v -0.01642727 -0.04361657 -0.04472222
v -0.01642727 -0.04399859 -0.04216667
v -0.01642727 -0.04400000 -0.03961111
v -0.01642727 -0.04400000 -0.03705556
v -0.01642727 -0.04400000 -0.03450000
v -0.01642727 -0.04400000 -0.03194444
v -0.01642727 -0.04400000 -0.02938889
v -0.01642727 -0.04400000 -0.02683333
v -0.01642727 -0.04400000 -0.02427778
v -0.01642727 -0.04400000 -0.02172222
v -0.01642727 -0.04400000 -0.01916667
v -0.01642727 -0.04400000 -0.01661111
v -0.01642727 -0.04400000 -0.01405556
v -0.01642727 -0.04400000 -0.01150000
v -0.01642727 -0.04400000 -0.00894444
v -0.01642727 -0.04400000 -0.00638889
v -0.01642727 -0.04400000 -0.00383333
v -0.01642727 -0.04400000 -0.00127778
v -0.01642727 -0.04400000 0.00127778
v -0.01642727 -0.04400000 0.00383333
v -0.01642727 -0.04400000 0.00638889
v -0.01642727 -0.04400000 0.00894444
v -0.01642727 -0.04400000 0.01150000
v -0.01642727 -0.04400000 0.01405556
v -0.01642727 -0.04400000 0.01661111
v -0.01642727 -0.04400000 0.01916667
v -0.01642727 -0.04400000 0.02172222
v -0.01642727 -0.04400000 0.02427778
v -0.01642727 -0.04400000 0.02683333
v -0.01642727 -0.04400000 0.02938889
v -0.01642727 -0.04400000 0.03194444
v -0.01642727 -0.04400000 0.03450000
v -0.01642727 -0.04400000 0.03705556
v -0.01642727 -0.04400000 0.03961111
v -0.01642727 -0.04399859 0.04216667
v -0.01642727 -0.04361657 0.04472222
v -0.01642727 -0.04248672 0.04727778
v -0.01642727 -0.04225610 0.04760266
v -0.01642727 -0.04018419 -0.04983333
v -0.01642727 -0.03984146 -0.05010522
v -0.01642727 -0.04018419 0.04983333
v -0.01642727 -0.03984146 0.05010522
v -0.01642727 -0.03742683 -0.05138407
v -0.01642727 -0.03742683 0.05138407
v -0.01642727 -0.03501220 -0.05194806
v -0.01642727 -0.03501220 0.05194805
v -0.01642727 -0.03259756 -0.05200000
v -0.01642727 -0.03259756 0.05200000
v -0.01642727 -0.03018293 -0.05200000
v -0.01642727 -0.03018293 0.05200000
v -0.01642727 -0.02776829 -0.05200000
v -0.01642727 -0.02776829 0.05200000
v -0.01642727 -0.02535366 -0.05200000
v -0.01642727 -0.02535366 0.05200000
v -0.01642727 -0.02293902 -0.05200000
v -0.01642727 -0.02293902 0.05200000
v -0.01642727 -0.02052439 -0.05200000
v -0.01642727 -0.02052439 0.05200000
v -0.01642727 -0.01810976 -0.05200000
v -0.01642727 -0.01810976 0.05200000
v -0.01642727 -0.01569512 -0.05200000
v -0.01642727 -0.01569512 0.05200000
v -0.01642727 -0.01328049 -0.05200000
v -0.01642727 -0.01328049 0.05200000
v -0.01642727 -0.01086585 -0.05200000
v -0.01642727 -0.01086585 0.05200000
v -0.01642727 -0.00845122 -0.05200000
v -0.01642727 -0.00845122 0.05200000
v -0.01642727 -0.00603659 -0.05200000
v -0.01642727 -0.00603659 0.05200000
v -0.01642727 -0.00362195 -0.05200000
v -0.01642727 -0.00362195 0.05200000
v -0.01642727 -0.00120732 -0.05200000
v -0.01642727 -0.00120732 0.05200000
v -0.01642727 0.00120732 -0.05200000
v -0.01642727 0.00120732 0.05200000
v -0.01642727 0.00362195 -0.05200000
v -0.01642727 0.00362195 0.05200000
v -0.01642727 0.00603659 -0.05200000
v -0.01642727 0.00603659 0.05200000
v -0.01642727 0.00845122 -0.05200000
v -0.01642727 0.00845122 0.05200000
v -0.01642727 0.01086585 -0.05200000
v -0.01642727 0.01086585 0.05200000
v -0.01642727 0.01328049 -0.05200000
v -0.01642727 0.01328049 0.05200000
v -0.01642727 0.01569512 -0.05200000
v -0.01642727 0.01569512 0.05200000
v -0.01642727 0.01810976 -0.05200000
v -0.01642727 0.01810976 0.05200000
v -0.01642727 0.02052439 -0.05200000
v -0.01642727 0.02052439 0.05200000
v -0.01642727 0.02293902 -0.05200000
v -0.01642727 0.02293902 0.05200000
v -0.01642727 0.02535366 -0.05200000
v -0.01642727 0.02535366 0.05200000
v -0.01642727 0.02776829 -0.05200000
v -0.01642727 0.02776829 0.05200000
v -0.01642727 0.03018293 -0.05200000
v -0.01642727 0.03018293 0.05200000
v -0.01642727 0.03259756 -0.05200000
v -0.01642727 0.03259756 0.05200000
v -0.01642727 0.03501220 -0.05194806
v -0.01642727 0.03501220 0.05194805
v -0.01642727 0.03742683 -0.05138407
v -0.01642727 0.03742683 0.05138407
v -0.01642727 0.03984146 -0.05010522
v -0.01642727 0.03984146 0.05010522
v -0.01642727 0.04018419 -0.04983333
v -0.01642727 0.04225610 -0.04760267
v -0.01642727 0.04225610 0.04760266
v -0.01642727 0.04018419 0.04983333
v -0.01642727 0.04248673 -0.04727778
v -0.01642727 0.04361657 -0.04472222
v -0.01642727 0.04399859 -0.04216667
v -0.01642727 0.04400000 -0.03961111
v -0.01642727 0.04400000 -0.03705556
v -0.01642727 0.04400000 -0.03450000
v -0.01642727 0.04400000 -0.03194444
v -0.01642727 0.04400000 -0.02938889
v -0.01642727 0.04400000 -0.02683333
v -0.01642727 0.04400000 -0.02427778
v -0.01642727 0.04400000 -0.02172222
v -0.01642727 0.04400000 -0.01916667
v -0.01642727 0.04400000 -0.01661111
v -0.01642727 0.04400000 -0.01405556
v -0.01642727 0.04400000 -0.01150000
v -0.01642727 0.04400000 -0.00894444
v -0.01642727 0.04400000 -0.00638889
v -0.01642727 0.04400000 -0.00383333
v -0.01642727 0.04400000 -0.00127778
v -0.01642727 0.04400000 0.00127778
v -0.01642727 0.04400000 0.00383333
v -0.01642727 0.04400000 0.00638889
v -0.01642727 0.04400000 0.00894444
v -0.01642727 0.04400000 0.01150000
v -0.01642727 0.04400000 0.01405556
v -0.01642727 0.04400000 0.01661111
v -0.01642727 0.04400000 0.01916667
v -0.01642727 0.04400000 0.02172222
v -0.01642727 0.04400000 0.02427778
v -0.01642727 0.04400000 0.02683333
v -0.01642727 0.04400000 0.02938889
v -0.01642727 0.04400000 0.03194444
v -0.01642727 0.04400000 0.03450000
v -0.01642727 0.04400000 0.03705556
v -0.01642727 0.04400000 0.03961111
v -0.01642727 0.04399859 0.04216667
v -0.01642727 0.04361657 0.04472222
v -0.01642727 0.04248673 0.04727778
v -0.01390000 -0.04248672 -0.04727778
v -0.01390000 -0.04225610 -0.04760267
v -0.01390000 -0.04361657 -0.04472222
v -0.01390000 -0.04399859 -0.04216667
v -0.01390000 -0.04400000 -0.03961111
v -0.01390000 -0.04400000 -0.03705556
v -0.01390000 -0.04400000 -0.03450000
v -0.01390000 -0.04400000 -0.03194444
v -0.01390000 -0.04400000 -0.02938889
v -0.01390000 -0.04400000 -0.02683333
v -0.01390000 -0.04400000 -0.02427778
v -0.01390000 -0.04400000 -0.02172222
v -0.01390000 -0.04400000 -0.01916667
v -0.01390000 -0.04400000 -0.01661111
v -0.01390000 -0.04400000 -0.01405556
v -0.01390000 -0.04400000 -0.01150000
v -0.01390000 -0.04400000 -0.00894444
v -0.01390000 -0.04400000 -0.00638889
v -0.01390000 -0.04400000 -0.00383333
v -0.01390000 -0.04400000 -0.00127778
v -0.01390000 -0.04400000 0.00127778
v -0.01390000 -0.04400000 0.00383333
v -0.01390000 -0.04400000 0.00638889
v -0.01390000 -0.04400000 0.00894444
v -0.01390000 -0.04400000 0.01150000
v -0.01390000 -0.04400000 0.01405556
v -0.01390000 -0.04400000 0.01661111
v -0.01390000 -0.04400000 0.01916667
v -0.01390000 -0.04400000 0.02172222
v -0.01390000 -0.04400000 0.02427778
v -0.01390000 -0.04400000 0.02683333
v -0.01390000 -0.04400000 0.02938889
v -0.01390000 -0.04400000 0.03194444
v -0.01390000 -0.04400000 0.03450000
v -0.01390000 -0.04400000 0.03705556
v -0.01390000 -0.04400000 0.03961111
v -0.01390000 -0.04399859 0.04216667
v -0.01390000 -0.04361657 0.04472222
v -0.01390000 -0.04248672 0.04727778
v -0.01390000 -0.04225610 0.04760266
v -0.01390000 -0.04018419 -0.04983333
v -0.01390000 -0.03984146 -0.05010522
v -0.01390000 -0.04018419 0.04983333
v -0.01390000 -0.03984146 0.05010522
v -0.01390000 -0.03742683 -0.05138407
v -0.01390000 -0.03742683 0.05138407
v -0.01390000 -0.03501220 -0.05194806
v -0.01390000 -0.03501220 0.05194805
v -0.01390000 -0.03259756 -0.05200000
v -0.01390000 -0.03259756 0.05200000
v -0.01390000 -0.03018293 -0.05200000
v -0.01390000 -0.03018293 0.05200000
v -0.01390000 -0.02776829 -0.05200000
v -0.01390000 -0.02776829 0.05200000
v -0.01390000 -0.02535366 -0.05200000
v -0.01390000 -0.02535366 0.05200000
v -0.01390000 -0.02293902 -0.05200000
v -0.01390000 -0.02293902 0.05200000
v -0.01390000 -0.02052439 -0.05200000
v -0.01390000 -0.02052439 0.05200000
v -0.01390000 -0.01810976 -0.05200000
v -0.01390000 -0.01810976 0.05200000
v -0.01390000 -0.01569512 -0.05200000
v -0.01390000 -0.01569512 0.05200000
v -0.01390000 -0.01328049 -0.05200000
v -0.01390000 -0.01328049 0.05200000
v -0.01390000 -0.01086585 -0.05200000
v -0.01390000 -0.01086585 0.05200000
v -0.01390000 -0.00845122 -0.05200000
v -0.01390000 -0.00845122 0.05200000
v -0.01390000 -0.00603659 -0.05200000
v -0.01390000 -0.00603659 0.05200000
v -0.01390000 -0.00362195 -0.05200000
v -0.01390000 -0.00362195 0.05200000
v -0.01390000 -0.00120732 -0.05200000
v -0.01390000 -0.00120732 0.05200000
v -0.01390000 0.00120732 -0.05200000
v -0.01390000 0.00120732 0.05200000
v -0.01390000 0.00362195 -0.05200000
v -0.01390000 0.00362195 0.05200000
v -0.01390000 0.00603659 -0.05200000
v -0.01390000 0.00603659 0.05200000
v -0.01390000 0.00845122 -0.05200000
v -0.01390000 0.00845122 0.05200000
v -0.01390000 0.01086585 -0.05200000
v -0.01390000 0.01086585 0.05200000
v -0.01390000 0.01328049 -0.05200000
v -0.01390000 0.01328049 0.05200000
v -0.01390000 0.01569512 -0.05200000
v -0.01390000 0.01569512 0.05200000
v -0.01390000 0.01810976 -0.05200000
v -0.01390000 0.01810976 0.05200000
v -0.01390000 0.02052439 -0.05200000
v -0.01390000 0.02052439 0.05200000
v -0.01390000 0.02293902 -0.05200000
v -0.01390000 0.02293902 0.05200000
v -0.01390000 0.02535366 -0.05200000
v -0.01390000 0.02535366 0.05200000
v -0.01390000 0.02776829 -0.05200000
v -0.01390000 0.02776829 0.05200000
v -0.01390000 0.03018293 -0.05200000
v -0.01390000 0.03018293 0.05200000
v -0.01390000 0.03259756 -0.05200000
v -0.01390000 0.03259756 0.05200000
v -0.01390000 0.03501220 -0.05194806
v -0.01390000 0.03501220 0.05194805
v -0.01390000 0.03742683 -0.05138407
v -0.01390000 0.03742683 0.05138407
v -0.01390000 0.03984146 -0.05010522
v -0.01390000 0.03984146 0.05010522
v -0.01390000 0.04018419 -0.04983333
v -0.01390000 0.04225610 -0.04760267
v -0.01390000 0.04225610 0.04760266
v -0.01390000 0.04018419 0.04983333
v -0.01390000 0.04248673 -0.04727778
v -0.01390000 0.04361657 -0.04472222
v -0.01390000 0.04399859 -0.04216667
v -0.01390000 0.04400000 -0.03961111
v -0.01390000 0.04400000 -0.03705556
v -0.01390000 0.04400000 -0.03450000
v -0.01390000 0.04400000 -0.03194444
v -0.01390000 0.04400000 -0.02938889
v -0.01390000 0.04400000 -0.02683333
v -0.01390000 0.04400000 -0.02427778
v -0.01390000 0.04400000 -0.02172222
v -0.01390000 0.04400000 -0.01916667
v -0.01390000 0.04400000 -0.01661111
v -0.01390000 0.04400000 -0.01405556
v -0.01390000 0.04400000 -0.01150000
v -0.01390000 0.04400000 -0.00894444
v -0.01390000 0.04400000 -0.00638889
v -0.01390000 0.04400000 -0.00383333
v -0.01390000 0.04400000 -0.00127778
v -0.01390000 0.04400000 0.00127778
v -0.01390000 0.04400000 0.00383333
v -0.01390000 0.04400000 0.00638889
v -0.01390000 0.04400000 0.00894444
v -0.01390000 0.04400000 0.01150000
v -0.01390000 0.04400000 0.01405556
v -0.01390000 0.04400000 0.01661111
v -0.01390000 0.04400000 0.01916667
v -0.01390000 0.04400000 0.02172222
v -0.01390000 0.04400000 0.02427778
v -0.01390000 0.04400000 0.02683333
v -0.01390000 0.04400000 0.02938889
v -0.01390000 0.04400000 0.03194444
v -0.01390000 0.04400000 0.03450000
v -0.01390000 0.04400000 0.03705556
v -0.01390000 0.04400000 0.03961111
v -0.01390000 0.04399859 0.04216667
v -0.01390000 0.04361657 0.04472222
v -0.01390000 0.04248673 0.04727778
v -0.01137273 -0.04248672 -0.04727778
v -0.01137273 -0.04225610 -0.04760267
v -0.01137273 -0.04361657 -0.04472222
v -0.01137273 -0.04399859 -0.04216667
v -0.01137273 -0.04400000 -0.03961111
v -0.01137273 -0.04400000 -0.03705556
v -0.01137273 -0.04400000 -0.03450000
v -0.01137273 -0.04400000 -0.03194444
v -0.01137273 -0.04400000 -0.02938889
v -0.01137273 -0.04400000 -0.02683333
v -0.01137273 -0.04400000 -0.02427778
v -0.01137273 -0.04400000 -0.02172222
v -0.01137273 -0.04400000 -0.01916667
v -0.01137273 -0.04400000 -0.01661111
v -0.01137273 -0.04400000 -0.01405556
v -0.01137273 -0.04400000 -0.01150000
v -0.01137273 -0.04400000 -0.00894444
v -0.01137273 -0.04400000 -0.00638889
v -0.01137273 -0.04400000 -0.00383333
v -0.01137273 -0.04400000 -0.00127778
v -0.01137273 -0.04400000 0.00127778
v -0.01137273 -0.04400000 0.00383333
v -0.01137273 -0.04400000 0.00638889
v -0.01137273 -0.04400000 0.00894444
v -0.01137273 -0.04400000 0.01150000
v -0.01137273 -0.04400000 0.01405556
v -0.01137273 -0.04400000 0.01661111
v -0.01137273 -0.04400000 0.01916667
v -0.01137273 -0.04400000 0.02172222
v -0.01137273 -0.04400000 0.02427778
v -0.01137273 -0.04400000 0.02683333
v -0.01137273 -0.04400000 0.02938889
v -0.01137273 -0.04400000 0.03194444
v -0.01137273 -0.04400000 0.03450000
v -0.01137273 -0.04400000 0.03705556
v -0.01137273 -0.04400000 0.03961111
v -0.01137273 -0.04399859 0.04216667
v -0.01137273 -0.04361657 0.04472222
v -0.01137273 -0.04248672 0.04727778
v -0.01137273 -0.04225610 0.04760266
v -0.01137273 -0.04018419 -0.04983333
v -0.01137273 -0.03984146 -0.05010522
v -0.01137273 -0.04018419 0.04983333
v -0.01137273 -0.03984146 0.05010522
v -0.01137273 -0.03742683 -0.05138407
v -0.01137273 -0.03742683 0.05138407
v -0.01137273 -0.03501220 -0.05194806
v -0.01137273 -0.03501220 0.05194805
v -0.01137273 -0.03259756 -0.05200000
v -0.01137273 -0.03259756 0.05200000
v -0.01137273 -0.03018293 -0.05200000
v -0.01137273 -0.03018293 0.05200000
v -0.01137273 -0.02776829 -0.05200000
v -0.01137273 -0.02776829 0.05200000
v -0.01137273 -0.02535366 -0.05200000
v -0.01137273 -0.02535366 0.05200000
v -0.01137273 -0.02293902 -0.05200000
v -0.01137273 -0.02293902 0.05200000
v -0.01137273 -0.02052439 -0.05200000
v -0.01137273 -0.02052439 0.05200000
v -0.01137273 -0.01810976 -0.05200000
v -0.01137273 -0.01810976 0.05200000
v -0.01137273 -0.01569512 -0.05200000
v -0.01137273 -0.01569512 0.05200000
v -0.01137273 -0.01328049 -0.05200000
v -0.01137273 -0.01328049 0.05200000
v -0.01137273 -0.01086585 -0.05200000
v -0.01137273 -0.01086585 0.05200000
v -0.01137273 -0.00845122 -0.05200000
v -0.01137273 -0.00845122 0.05200000
v -0.01137273 -0.00603659 -0.05200000
v -0.01137273 -0.00603659 0.05200000
v -0.01137273 -0.00362195 -0.05200000
v -0.01137273 -0.00362195 0.05200000
v -0.01137273 -0.00120732 -0.05200000
v -0.01137273 -0.00120732 0.05200000
v -0.01137273 0.00120732 -0.05200000
v -0.01137273 0.00120732 0.05200000
v -0.01137273 0.00362195 -0.05200000
v -0.01137273 0.00362195 0.05200000
v -0.01137273 0.00603659 -0.05200000
v -0.01137273 0.00603659 0.05200000
v -0.01137273 0.00845122 -0.05200000
v -0.01137273 0.00845122 0.05200000
v -0.01137273 0.01086585 -0.05200000
v -0.01137273 0.01086585 0.05200000
v -0.01137273 0.01328049 -0.05200000
v -0.01137273 0.01328049 0.05200000
v -0.01137273 0.01569512 -0.05200000
v -0.01137273 0.01569512 0.05200000
v -0.01137273 0.01810976 -0.05200000
v -0.01137273 0.01810976 0.05200000
v -0.01137273 0.02052439 -0.05200000
v -0.01137273 0.02052439 0.05200000
v -0.01137273 0.02293902 -0.05200000
v -0.01137273 0.02293902 0.05200000
v -0.01137273 0.02535366 -0.05200000
v -0.01137273 0.02535366 0.05200000
v -0.01137273 0.02776829 -0.05200000
v -0.01137273 0.02776829 0.05200000
v -0.01137273 0.03018293 -0.05200000
v -0.01137273 0.03018293 0.05200000
v -0.01137273 0.03259756 -0.05200000
v -0.01137273 0.03259756 0.05200000
v -0.01137273 0.03501220 -0.05194806
v -0.01137273 0.03501220 0.05194805
v -0.01137273 0.03742683 -0.05138407
v -0.01137273 0.03742683 0.05138407
v -0.01137273 0.03984146 -0.05010522
v -0.01137273 0.03984146 0.05010522
v -0.01137273 0.04018419 -0.04983333
v -0.01137273 0.04225610 -0.04760267
v -0.01137273 0.04225610 0.04760266
v -0.01137273 0.04018419 0.04983333
v -0.01137273 0.04248673 -0.04727778
v -0.01137273 0.04361657 -0.04472222
v -0.01137273 0.04399859 -0.04216667
v -0.01137273 0.04400000 -0.03961111
v -0.01137273 0.04400000 -0.03705556
v -0.01137273 0.04400000 -0.03450000
v -0.01137273 0.04400000 -0.03194444
v -0.01137273 0.04400000 -0.02938889
v -0.01137273 0.04400000 -0.02683333
v -0.01137273 0.04400000 -0.02427778
v -0.01137273 0.04400000 -0.02172222
v -0.01137273 0.04400000 -0.01916667
v -0.01137273 0.04400000 -0.01661111
v -0.01137273 0.04400000 -0.01405556
v -0.01137273 0.04400000 -0.01150000
v -0.01137273 0.04400000 -0.00894444
v -0.01137273 0.04400000 -0.00638889
v -0.01137273 0.04400000 -0.00383333
v -0.01137273 0.04400000 -0.00127778
v -0.01137273 0.04400000 0.00127778
v -0.01137273 0.04400000 0.00383333
v -0.01137273 0.04400000 0.00638889
v -0.01137273 0.04400000 0.00894444
v -0.01137273 0.04400000 0.01150000
v -0.01137273 0.04400000 0.01405556
v -0.01137273 0.04400000 0.01661111
v -0.01137273 0.04400000 0.01916667
v -0.01137273 0.04400000 0.02172222
v -0.01137273 0.04400000 0.02427778
v -0.01137273 0.04400000 0.02683333
v -0.01137273 0.04400000 0.02938889
v -0.01137273 0.04400000 0.03194444
v -0.01137273 0.04400000 0.03450000
v -0.01137273 0.04400000 0.03705556
v -0.01137273 0.04400000 0.03961111
v -0.01137273 0.04399859 0.04216667
v -0.01137273 0.04361657 0.04472222
v -0.01137273 0.04248673 0.04727778
v -0.00884545 -0.04248672 -0.04727778
v -0.00884545 -0.04225610 -0.04760267
v -0.00884545 -0.04361657 -0.04472222
v -0.00884545 -0.04399859 -0.04216667
v -0.00884545 -0.04400000 -0.03961111
v -0.00884545 -0.04400000 -0.03705556
v -0.00884545 -0.04400000 -0.03450000
v -0.00884545 -0.04400000 -0.03194444
v -0.00884545 -0.04400000 -0.02938889
v -0.00884545 -0.04400000 -0.02683333
v -0.00884545 -0.04400000 -0.02427778
v -0.00884545 -0.04400000 -0.02172222
v -0.00884545 -0.04400000 -0.01916667
v -0.00884545 -0.04400000 -0.01661111
v -0.00884545 -0.04400000 -0.01405556
v -0.00884545 -0.04400000 -0.01150000
v -0.00884545 -0.04400000 -0.00894444
v -0.00884545 -0.04400000 -0.00638889
v -0.00884545 -0.04400000 -0.00383333
v -0.00884545 -0.04400000 -0.00127778
v -0.00884545 -0.04400000 0.00127778
v -0.00884545 -0.04400000 0.00383333
v -0.00884545 -0.04400000 0.00638889
v -0.00884545 -0.04400000 0.00894444
v -0.00884545 -0.04400000 0.01150000
v -0.00884545 -0.04400000 0.01405556
v -0.00884545 -0.04400000 0.01661111
v -0.00884545 -0.04400000 0.01916667
v -0.00884545 -0.04400000 0.02172222
v -0.00884545 -0.04400000 0.02427778
v -0.00884545 -0.04400000 0.02683333
v -0.00884545 -0.04400000 0.02938889
v -0.00884545 -0.04400000 0.03194444
v -0.00884545 -0.04400000 0.03450000
v -0.00884545 -0.04400000 0.03705556
v -0.00884545 -0.04400000 0.03961111
v -0.00884545 -0.04399859 0.04216667
v -0.00884545 -0.04361657 0.04472222
v -0.00884545 -0.04248672 0.04727778
v -0.00884545 -0.04225610 0.04760266
v -0.00884545 -0.04018419 -0.04983333
v -0.00884545 -0.03984146 -0.05010522
v -0.00884545 -0.04018419 0.04983333
v -0.00884545 -0.03984146 0.05010522
v -0.00884545 -0.03742683 -0.05138407
v -0.00884545 -0.03742683 0.05138407
v -0.00884545 -0.03501220 -0.05194806
v -0.00884545 -0.03501220 0.05194805
v -0.00884545 -0.03259756 -0.05200000
v -0.00884545 -0.03259756 0.05200000
v -0.00884545 -0.03018293 -0.05200000
v -0.00884545 -0.03018293 0.05200000
v -0.00884545 -0.02776829 -0.05200000
v -0.00884545 -0.02776829 0.05200000
v -0.00884545 -0.02535366 -0.05200000
v -0.00884545 -0.02535366 0.05200000
v -0.00884545 -0.02293902 -0.05200000
v -0.00884545 -0.02293902 0.05200000
v -0.00884545 -0.02052439 -0.05200000
v -0.00884545 -0.02052439 0.05200000
v -0.00884545 -0.01810976 -0.05200000
v -0.00884545 -0.01810976 0.05200000
v -0.00884545 -0.01569512 -0.05200000
v -0.00884545 -0.01569512 0.05200000
v -0.00884545 -0.01328049 -0.05200000
v -0.00884545 -0.01328049 0.05200000
v -0.00884545 -0.01086585 -0.05200000
v -0.00884545 -0.01086585 0.05200000
v -0.00884545 -0.00845122 -0.05200000
v -0.00884545 -0.00845122 0.05200000
v -0.00884545 -0.00603659 -0.05200000
v -0.00884545 -0.00603659 0.05200000
v -0.00884545 -0.00362195 -0.05200000
v -0.00884545 -0.00362195 0.05200000
v -0.00884545 -0.00120732 -0.05200000
v -0.00884545 -0.00120732 0.05200000
v -0.00884545 0.00120732 -0.05200000
v -0.00884545 0.00120732 0.05200000
v -0.00884545 0.00362195 -0.05200000
v -0.00884545 0.00362195 0.05200000
v -0.00884545 0.00603659 -0.05200000
v -0.00884545 0.00603659 0.05200000
v -0.00884545 0.00845122 -0.05200000
v -0.00884545 0.00845122 0.05200000
v -0.00884545 0.01086585 -0.05200000
v -0.00884545 0.01086585 0.05200000
v -0.00884545 0.01328049 -0.05200000
v -0.00884545 0.01328049 0.05200000
v -0.00884545 0.01569512 -0.05200000
v -0.00884545 0.01569512 0.05200000
v -0.00884545 0.01810976 -0.05200000
v -0.00884545 0.01810976 0.05200000
v -0.00884545 0.02052439 -0.05200000
v -0.00884545 0.02052439 0.05200000
v -0.00884545 0.02293902 -0.05200000
v -0.00884545 0.02293902 0.05200000
v -0.00884545 0.02535366 -0.05200000
v -0.00884545 0.02535366 0.05200000
v -0.00884545 0.02776829 -0.05200000
v -0.00884545 0.02776829 0.05200000
v -0.00884545 0.03018293 -0.05200000
v -0.00884545 0.03018293 0.05200000
v -0.00884545 0.03259756 -0.05200000
v -0.00884545 0.03259756 0.05200000
v -0.00884545 0.03501220 -0.05194806
v -0.00884545 0.03501220 0.05194805
v -0.00884545 0.03742683 -0.05138407
v -0.00884545 0.03742683 0.05138407
v -0.00884545 0.03984146 -0.05010522
v -0.00884545 0.03984146 0.05010522
v -0.00884545 0.04018419 -0.04983333
v -0.00884545 0.04225610 -0.04760267
v -0.00884545 0.04225610 0.04760266
v -0.00884545 0.04018419 0.04983333
v -0.00884545 0.04248673 -0.04727778
v -0.00884545 0.04361657 -0.04472222
v -0.00884545 0.04399859 -0.04216667
v -0.00884545 0.04400000 -0.03961111
v -0.00884545 0.04400000 -0.03705556
v -0.00884545 0.04400000 -0.03450000
v -0.00884545 0.04400000 -0.03194444
v -0.00884545 0.04400000 -0.02938889
v -0.00884545 0.04400000 -0.02683333
v -0.00884545 0.04400000 -0.02427778
v -0.00884545 0.04400000 -0.02172222
v -0.00884545 0.04400000 -0.01916667
v -0.00884545 0.04400000 -0.01661111
v -0.00884545 0.04400000 -0.01405556
v -0.00884545 0.04400000 -0.01150000
v -0.00884545 0.04400000 -0.00894444
v -0.00884545 0.04400000 -0.00638889
v -0.00884545 0.04400000 -0.00383333
v -0.00884545 0.04400000 -0.00127778
v -0.00884545 0.04400000 0.00127778
v -0.00884545 0.04400000 0.00383333
v -0.00884545 0.04400000 0.00638889
v -0.00884545 0.04400000 0.00894444
v -0.00884545 0.04400000 0.01150000
v -0.00884545 0.04400000 0.01405556
v -0.00884545 0.04400000 0.01661111
v -0.00884545 0.04400000 0.01916667
v -0.00884545 0.04400000 0.02172222
v -0.00884545 0.04400000 0.02427778
v -0.00884545 0.04400000 0.02683333
v -0.00884545 0.04400000 0.02938889
v -0.00884545 0.04400000 0.03194444
v -0.00884545 0.04400000 0.03450000
v -0.00884545 0.04400000 0.03705556
v -0.00884545 0.04400000 0.03961111
v -0.00884545 0.04399859 0.04216667
v -0.00884545 0.04361657 0.04472222
v -0.00884545 0.04248673 0.04727778
v -0.00631818 -0.04248672 -0.04727778
v -0.00631818 -0.04225610 -0.04760267
v -0.00631818 -0.04361657 -0.04472222
v -0.00631818 -0.04399859 -0.04216667
v -0.00631818 -0.04400000 -0.03961111
v -0.00631818 -0.04400000 -0.03705556
v -0.00631818 -0.04400000 -0.03450000
v -0.00631818 -0.04400000 -0.03194444
v -0.00631818 -0.04400000 -0.02938889
v -0.00631818 -0.04400000 -0.02683333
v -0.00631818 -0.04400000 -0.02427778
v -0.00631818 -0.04400000 -0.02172222
v -0.00631818 -0.04400000 -0.01916667
v -0.00631818 -0.04400000 -0.01661111
v -0.00631818 -0.04400000 -0.01405556
v -0.00631818 -0.04400000 -0.01150000
v -0.00631818 -0.04400000 -0.00894444
v -0.00631818 -0.04400000 -0.00638889
v -0.00631818 -0.04400000 -0.00383333
v -0.00631818 -0.04400000 -0.00127778
v -0.00631818 -0.04400000 0.00127778
v -0.00631818 -0.04400000 0.00383333
v -0.00631818 -0.04400000 0.00638889
v -0.00631818 -0.04400000 0.00894444
v -0.00631818 -0.04400000 0.01150000
v -0.00631818 -0.04400000 0.01405556
v -0.00631818 -0.04400000 0.01661111
v -0.00631818 -0.04400000 0.01916667
v -0.00631818 -0.04400000 0.02172222
v -0.00631818 -0.04400000 0.02427778
v -0.00631818 -0.04400000 0.02683333
v -0.00631818 -0.04400000 0.02938889
v -0.00631818 -0.04400000 0.03194444
v -0.00631818 -0.04400000 0.03450000
v -0.00631818 -0.04400000 0.03705556
v -0.00631818 -0.04400000 0.03961111
v -0.00631818 -0.04399859 0.04216667
v -0.00631818 -0.04361657 0.04472222
v -0.00631818 -0.04248672 0.04727778
v -0.00631818 -0.04225610 0.04760266
v -0.00631818 -0.04018419 -0.04983333
v -0.00631818 -0.03984146 -0.05010522
v -0.00631818 -0.04018419 0.04983333
v -0.00631818 -0.03984146 0.05010522
v -0.00631818 -0.03742683 -0.05138407
v -0.00631818 -0.03742683 0.05138407
v -0.00631818 -0.03501220 -0.05194806
v -0.00631818 -0.03501220 0.05194805
v -0.00631818 -0.03259756 -0.05200000
v -0.00631818 -0.03259756 0.05200000
v -0.00631818 -0.03018293 -0.05200000
v -0.00631818 -0.03018293 0.05200000
v -0.00631818 -0.02776829 -0.05200000
v -0.00631818 -0.02776829 0.05200000
v -0.00631818 -0.02535366 -0.05200000
v -0.00631818 -0.02535366 0.05200000
v -0.00631818 -0.02293902 -0.05200000
v -0.00631818 -0.02293902 0.05200000
v -0.00631818 -0.02052439 -0.05200000
v -0.00631818 -0.02052439 0.05200000
v -0.00631818 -0.01810976 -0.05200000
v -0.00631818 -0.01810976 0.05200000
v -0.00631818 -0.01569512 -0.05200000
v -0.00631818 -0.01569512 0.05200000
v -0.00631818 -0.01328049 -0.05200000
v -0.00631818 -0.01328049 0.05200000
v -0.00631818 -0.01086585 -0.05200000
v -0.00631818 -0.01086585 0.05200000
v -0.00631818 -0.00845122 -0.05200000
v -0.00631818 -0.00845122 0.05200000
v -0.00631818 -0.00603659 -0.05200000
v -0.00631818 -0.00603659 0.05200000
v -0.00631818 -0.00362195 -0.05200000
v -0.00631818 -0.00362195 0.05200000
v -0.00631818 -0.00120732 -0.05200000
v -0.00631818 -0.00120732 0.05200000
v -0.00631818 0.00120732 -0.05200000
v -0.00631818 0.00120732 0.05200000
v -0.00631818 0.00362195 -0.05200000
v -0.00631818 0.00362195 0.05200000
v -0.00631818 0.00603659 -0.05200000
v -0.00631818 0.00603659 0.05200000
v -0.00631818 0.00845122 -0.05200000
v -0.00631818 0.00845122 0.05200000
v -0.00631818 0.01086585 -0.05200000
v -0.00631818 0.01086585 0.05200000
v -0.00631818 0.01328049 -0.05200000
v -0.00631818 0.01328049 0.05200000
v -0.00631818 0.01569512 -0.05200000
v -0.00631818 0.01569512 0.05200000
v -0.00631818 0.01810976 -0.05200000
v -0.00631818 0.01810976 0.05200000
v -0.00631818 0.02052439 -0.05200000
v -0.00631818 0.02052439 0.05200000
v -0.00631818 0.02293902 -0.05200000
v -0.00631818 0.02293902 0.05200000
v -0.00631818 0.02535366 -0.05200000
v -0.00631818 0.02535366 0.05200000
v -0.00631818 0.02776829 -0.05200000
v -0.00631818 0.02776829 0.05200000
v -0.00631818 0.03018293 -0.05200000
v -0.00631818 0.03018293 0.05200000
v -0.00631818 0.03259756 -0.05200000
v -0.00631818 0.03259756 0.05200000
v -0.00631818 0.03501220 -0.05194806
v -0.00631818 0.03501220 0.05194805
v -0.00631818 0.03742683 -0.05138407
v -0.00631818 0.03742683 0.05138407
v -0.00631818 0.03984146 -0.05010522
v -0.00631818 0.03984146 0.05010522
v -0.00631818 0.04018419 -0.04983333
v -0.00631818 0.04225610 -0.04760267
v -0.00631818 0.04225610 0.04760266
v -0.00631818 0.04018419 0.04983333
v -0.00631818 0.04248673 -0.04727778
v -0.00631818 0.04361657 -0.04472222
v -0.00631818 0.04399859 -0.04216667
v -0.00631818 0.04400000 -0.03961111
v -0.00631818 0.04400000 -0.03705556
v -0.00631818 0.04400000 -0.03450000
v -0.00631818 0.04400000 -0.03194444
v -0.00631818 0.04400000 -0.02938889
v -0.00631818 0.04400000 -0.02683333
v -0.00631818 0.04400000 -0.02427778
v -0.00631818 0.04400000 -0.02172222
v -0.00631818 0.04400000 -0.01916667
v -0.00631818 0.04400000 -0.01661111
v -0.00631818 0.04400000 -0.01405556
v -0.00631818 0.04400000 -0.01150000
v -0.00631818 0.04400000 -0.00894444
v -0.00631818 0.04400000 -0.00638889
v -0.00631818 0.04400000 -0.00383333
v -0.00631818 0.04400000 -0.00127778
v -0.00631818 0.04400000 0.00127778
v -0.00631818 0.04400000 0.00383333
v -0.00631818 0.04400000 0.00638889
v -0.00631818 0.04400000 0.00894444
v -0.00631818 0.04400000 0.01150000
v -0.00631818 0.04400000 0.01405556
v -0.00631818 0.04400000 0.01661111
v -0.00631818 0.04400000 0.01916667
v -0.00631818 0.04400000 0.02172222
v -0.00631818 0.04400000 0.02427778
v -0.00631818 0.04400000 0.02683333
v -0.00631818 0.04400000 0.02938889
v -0.00631818 0.04400000 0.03194444
v -0.00631818 0.04400000 0.03450000
v -0.00631818 0.04400000 0.03705556
v -0.00631818 0.04400000 0.03961111
v -0.00631818 0.04399859 0.04216667
v -0.00631818 0.04361657 0.04472222
v -0.00631818 0.04248673 0.04727778
v -0.00379091 -0.04248672 -0.04727778
v -0.00379091 -0.04225610 -0.04760267
v -0.00379091 -0.04361657 -0.04472222
v -0.00379091 -0.04399859 -0.04216667
v -0.00379091 -0.04400000 -0.03961111
v -0.00379091 -0.04400000 -0.03705556
v -0.00379091 -0.04400000 -0.03450000
v -0.00379091 -0.04400000 -0.03194444
v -0.00379091 -0.04400000 -0.02938889
v -0.00379091 -0.04400000 -0.02683333
v -0.00379091 -0.04400000 -0.02427778
v -0.00379091 -0.04400000 -0.02172222
v -0.00379091 -0.04400000 -0.01916667
v -0.00379091 -0.04400000 -0.01661111
v -0.00379091 -0.04400000 -0.01405556
v -0.00379091 -0.04400000 -0.01150000
v -0.00379091 -0.04400000 -0.00894444
v -0.00379091 -0.04400000 -0.00638889
v -0.00379091 -0.04400000 -0.00383333
v -0.00379091 -0.04400000 -0.00127778
v -0.00379091 -0.04400000 0.00127778
v -0.00379091 -0.04400000 0.00383333
v -0.00379091 -0.04400000 0.00638889
v -0.00379091 -0.04400000 0.00894444
v -0.00379091 -0.04400000 0.01150000
v -0.00379091 -0.04400000 0.01405556
v -0.00379091 -0.04400000 0.01661111
v -0.00379091 -0.04400000 0.01916667
v -0.00379091 -0.04400000 0.02172222
v -0.00379091 -0.04400000 0.02427778
v -0.00379091 -0.04400000 0.02683333
v -0.00379091 -0.04400000 0.02938889
v -0.00379091 -0.04400000 0.03194444
v -0.00379091 -0.04400000 0.03450000
v -0.00379091 -0.04400000 0.03705556
v -0.00379091 -0.04400000 0.03961111
v -0.00379091 -0.04399859 0.04216667
v -0.00379091 -0.04361657 0.04472222
v -0.00379091 -0.04248672 0.04727778
v -0.00379091 -0.04225610 0.04760266
v -0.00379091 -0.04018419 -0.04983333
v -0.00379091 -0.03984146 -0.05010522
v -0.00379091 -0.04018419 0.04983333
v -0.00379091 -0.03984146 0.05010522
v -0.00379091 -0.03742683 -0.05138407
v -0.00379091 -0.03742683 0.05138407
v -0.00379091 -0.03501220 -0.05194806
v -0.00379091 -0.03501220 0.05194805
v -0.00379091 -0.03259756 -0.05200000
v -0.00379091 -0.03259756 0.05200000
v -0.00379091 -0.03018293 -0.05200000
v -0.00379091 -0.03018293 0.05200000
v -0.00379091 -0.02776829 -0.05200000
v -0.00379091 -0.02776829 0.05200000
v -0.00379091 -0.02535366 -0.05200000
v -0.00379091 -0.02535366 0.05200000
v -0.00379091 -0.02293902 -0.05200000
v -0.00379091 -0.02293902 0.05200000
v -0.00379091 -0.02052439 -0.05200000
v -0.00379091 -0.02052439 0.05200000
v -0.00379091 -0.01810976 -0.05200000
v -0.00379091 -0.01810976 0.05200000
v -0.00379091 -0.01569512 -0.05200000
v -0.00379091 -0.01569512 0.05200000
v -0.00379091 -0.01328049 -0.05200000
v -0.00379091 -0.01328049 0.05200000
v -0.00379091 -0.01086585 -0.05200000
v -0.00379091 -0.01086585 0.05200000
v -0.00379091 -0.00845122 -0.05200000
v -0.00379091 -0.00845122 0.05200000
v -0.00379091 -0.00603659 -0.05200000
v -0.00379091 -0.00603659 0.05200000
v -0.00379091 -0.00362195 -0.05200000
v -0.00379091 -0.00362195 0.05200000
v -0.00379091 -0.00120732 -0.05200000
v -0.00379091 -0.00120732 0.05200000
v -0.00379091 0.00120732 -0.05200000
v -0.00379091 0.00120732 0.05200000
v -0.00379091 0.00362195 -0.05200000
v -0.00379091 0.00362195 0.05200000
v -0.00379091 0.00603659 -0.05200000
v -0.00379091 0.00603659 0.05200000
v -0.00379091 0.00845122 -0.05200000
v -0.00379091 0.00845122 0.05200000
v -0.00379091 0.01086585 -0.05200000
v -0.00379091 0.01086585 0.05200000
v -0.00379091 0.01328049 -0.05200000
v -0.00379091 0.01328049 0.05200000
v -0.00379091 0.01569512 -0.05200000
v -0.00379091 0.01569512 0.05200000
v -0.00379091 0.01810976 -0.05200000
v -0.00379091 0.01810976 0.05200000
v -0.00379091 0.02052439 -0.05200000
v -0.00379091 0.02052439 0.05200000
v -0.00379091 0.02293902 -0.05200000
v -0.00379091 0.02293902 0.05200000
v -0.00379091 0.02535366 -0.05200000
v -0.00379091 0.02535366 0.05200000
v -0.00379091 0.02776829 -0.05200000
v -0.00379091 0.02776829 0.05200000
v -0.00379091 0.03018293 -0.05200000
v -0.00379091 0.03018293 0.05200000
v -0.00379091 0.03259756 -0.05200000
v -0.00379091 0.03259756 0.05200000
v -0.00379091 0.03501220 -0.05194806
v -0.00379091 0.03501220 0.05194805
v -0.00379091 0.03742683 -0.05138407
v -0.00379091 0.03742683 0.05138407
v -0.00379091 0.03984146 -0.05010522
v -0.00379091 0.03984146 0.05010522
v -0.00379091 0.04018419 -0.04983333
v -0.00379091 0.04225610 -0.04760267
v -0.00379091 0.04225610 0.04760266
v -0.00379091 0.04018419 0.04983333
v -0.00379091 0.04248673 -0.04727778
v -0.00379091 0.04361657 -0.04472222
v -0.00379091 0.04399859 -0.04216667
v -0.00379091 0.04400000 -0.03961111
v -0.00379091 0.04400000 -0.03705556
v -0.00379091 0.04400000 -0.03450000
v -0.00379091 0.04400000 -0.03194444
v -0.00379091 0.04400000 -0.02938889
v -0.00379091 0.04400000 -0.02683333
v -0.00379091 0.04400000 -0.02427778
v -0.00379091 0.04400000 -0.02172222
v -0.00379091 0.04400000 -0.01916667
v -0.00379091 0.04400000 -0.01661111
v -0.00379091 0.04400000 -0.01405556
v -0.00379091 0.04400000 -0.01150000
v -0.00379091 0.04400000 -0.00894444
v -0.00379091 0.04400000 -0.00638889
v -0.00379091 0.04400000 -0.00383333
v -0.00379091 0.04400000 -0.00127778
v -0.00379091 0.04400000 0.00127778
v -0.00379091 0.04400000 0.00383333
v -0.00379091 0.04400000 0.00638889
v -0.00379091 0.04400000 0.00894444
v -0.00379091 0.04400000 0.01150000
v -0.00379091 0.04400000 0.01405556
v -0.00379091 0.04400000 0.01661111
v -0.00379091 0.04400000 0.01916667
v -0.00379091 0.04400000 0.02172222
v -0.00379091 0.04400000 0.02427778
v -0.00379091 0.04400000 0.02683333
v -0.00379091 0.04400000 0.02938889
v -0.00379091 0.04400000 0.03194444
v -0.00379091 0.04400000 0.03450000
v -0.00379091 0.04400000 0.03705556
v -0.00379091 0.04400000 0.03961111
v -0.00379091 0.04399859 0.04216667
v -0.00379091 0.04361657 0.04472222
v -0.00379091 0.04248673 0.04727778
v -0.00126364 -0.04248672 -0.04727778
v -0.00126364 -0.04225610 -0.04760267
v -0.00126364 -0.04361657 -0.04472222
v -0.00126364 -0.04399859 -0.04216667
v -0.00126364 -0.04400000 -0.03961111
v -0.00126364 -0.04400000 -0.03705556
v -0.00126364 -0.04400000 -0.03450000
v -0.00126364 -0.04400000 -0.03194444
v -0.00126364 -0.04400000 -0.02938889
v -0.00126364 -0.04400000 -0.02683333
v -0.00126364 -0.04400000 -0.02427778
v -0.00126364 -0.04400000 -0.02172222
v -0.00126364 -0.04400000 -0.01916667
v -0.00126364 -0.04400000 -0.01661111
v -0.00126364 -0.04400000 -0.01405556
v -0.00126364 -0.04400000 -0.01150000
v -0.00126364 -0.04400000 -0.00894444
v -0.00126364 -0.04400000 -0.00638889
v -0.00126364 -0.04400000 -0.00383333
v -0.00126364 -0.04400000 -0.00127778
v -0.00126364 -0.04400000 0.00127778
v -0.00126364 -0.04400000 0.00383333
v -0.00126364 -0.04400000 0.00638889
v -0.00126364 -0.04400000 0.00894444
v -0.00126364 -0.04400000 0.01150000
v -0.00126364 -0.04400000 0.01405556
v -0.00126364 -0.04400000 0.01661111
v -0.00126364 -0.04400000 0.01916667
v -0.00126364 -0.04400000 0.02172222
v -0.00126364 -0.04400000 0.02427778
v -0.00126364 -0.04400000 0.02683333
v -0.00126364 -0.04400000 0.02938889
v -0.00126364 -0.04400000 0.03194444
v -0.00126364 -0.04400000 0.03450000
v -0.00126364 -0.04400000 0.03705556
v -0.00126364 -0.04400000 0.03961111
v -0.00126364 -0.04399859 0.04216667
v -0.00126364 -0.04361657 0.04472222
v -0.00126364 -0.04248672 0.04727778
v -0.00126364 -0.04225610 0.04760266
v -0.00126364 -0.04018419 -0.04983333
v -0.00126364 -0.03984146 -0.05010522
v -0.00126364 -0.04018419 0.04983333
v -0.00126364 -0.03984146 0.05010522
v -0.00126364 -0.03742683 -0.05138407
v -0.00126364 -0.03742683 0.05138407
v -0.00126364 -0.03501220 -0.05194806
v -0.00126364 -0.03501220 0.05194805
v -0.00126364 -0.03259756 -0.05200000
v -0.00126364 -0.03259756 0.05200000
v -0.00126364 -0.03018293 -0.05200000
v -0.00126364 -0.03018293 0.05200000
v -0.00126364 -0.02776829 -0.05200000
v -0.00126364 -0.02776829 0.05200000
v -0.00126364 -0.02535366 -0.05200000
v -0.00126364 -0.02535366 0.05200000
v -0.00126364 -0.02293902 -0.05200000
v -0.00126364 -0.02293902 0.05200000
v -0.00126364 -0.02052439 -0.05200000
v -0.00126364 -0.02052439 0.05200000
v -0.00126364 -0.01810976 -0.05200000
v -0.00126364 -0.01810976 0.05200000
v -0.00126364 -0.01569512 -0.05200000
v -0.00126364 -0.01569512 0.05200000
v -0.00126364 -0.01328049 -0.05200000
v -0.00126364 -0.01328049 0.05200000
v -0.00126364 -0.01086585 -0.05200000
v -0.00126364 -0.01086585 0.05200000
v -0.00126364 -0.00845122 -0.05200000
v -0.00126364 -0.00845122 0.05200000
v -0.00126364 -0.00603659 -0.05200000
v -0.00126364 -0.00603659 0.05200000
v -0.00126364 -0.00362195 -0.05200000
v -0.00126364 -0.00362195 0.05200000
v -0.00126364 -0.00120732 -0.05200000
v -0.00126364 -0.00120732 0.05200000
v -0.00126364 0.00120732 -0.05200000
v -0.00126364 0.00120732 0.05200000
v -0.00126364 0.00362195 -0.05200000
v -0.00126364 0.00362195 0.05200000
v -0.00126364 0.00603659 -0.05200000
v -0.00126364 0.00603659 0.05200000
v -0.00126364 0.00845122 -0.05200000
v -0.00126364 0.00845122 0.05200000
v -0.00126364 0.01086585 -0.05200000
v -0.00126364 0.01086585 0.05200000
v -0.00126364 0.01328049 -0.05200000
v -0.00126364 0.01328049 0.05200000
v -0.00126364 0.01569512 -0.05200000
v -0.00126364 0.01569512 0.05200000
v -0.00126364 0.01810976 -0.05200000
v -0.00126364 0.01810976 0.05200000
v -0.00126364 0.02052439 -0.05200000
v -0.00126364 0.02052439 0.05200000
v -0.00126364 0.02293902 -0.05200000
v -0.00126364 0.02293902 0.05200000
v -0.00126364 0.02535366 -0.05200000
v -0.00126364 0.02535366 0.05200000
v -0.00126364 0.02776829 -0.05200000
v -0.00126364 0.02776829 0.05200000
v -0.00126364 0.03018293 -0.05200000
v -0.00126364 0.03018293 0.05200000
v -0.00126364 0.03259756 -0.05200000
v -0.00126364 0.03259756 0.05200000
v -0.00126364 0.03501220 -0.05194806
v -0.00126364 0.03501220 0.05194805
v -0.00126364 0.03742683 -0.05138407
v -0.00126364 0.03742683 0.05138407
v -0.00126364 0.03984146 -0.05010522
v -0.00126364 0.03984146 0.05010522
v -0.00126364 0.04018419 -0.04983333
v -0.00126364 0.04225610 -0.04760267
v -0.00126364 0.04225610 0.04760266
v -0.00126364 0.04018419 0.04983333
v -0.00126364 0.04248673 -0.04727778
v -0.00126364 0.04361657 -0.04472222
v -0.00126364 0.04399859 -0.04216667
v -0.00126364 0.04400000 -0.03961111
v -0.00126364 0.04400000 -0.03705556
v -0.00126364 0.04400000 -0.03450000
v -0.00126364 0.04400000 -0.03194444
v -0.00126364 0.04400000 -0.02938889
v -0.00126364 0.04400000 -0.02683333
v -0.00126364 0.04400000 -0.02427778
v -0.00126364 0.04400000 -0.02172222
v -0.00126364 0.04400000 -0.01916667
v -0.00126364 0.04400000 -0.01661111
v -0.00126364 0.04400000 -0.01405556
v -0.00126364 0.04400000 -0.01150000
v -0.00126364 0.04400000 -0.00894444
v -0.00126364 0.04400000 -0.00638889
v -0.00126364 0.04400000 -0.00383333
v -0.00126364 0.04400000 -0.00127778
v -0.00126364 0.04400000 0.00127778
v -0.00126364 0.04400000 0.00383333
v -0.00126364 0.04400000 0.00638889
v -0.00126364 0.04400000 0.00894444
v -0.00126364 0.04400000 0.01150000
v -0.00126364 0.04400000 0.01405556
v -0.00126364 0.04400000 0.01661111
v -0.00126364 0.04400000 0.01916667
v -0.00126364 0.04400000 0.02172222
v -0.00126364 0.04400000 0.02427778
v -0.00126364 0.04400000 0.02683333
v -0.00126364 0.04400000 0.02938889
v -0.00126364 0.04400000 0.03194444
v -0.00126364 0.04400000 0.03450000
v -0.00126364 0.04400000 0.03705556
v -0.00126364 0.04400000 0.03961111
v -0.00126364 0.04399859 0.04216667
v -0.00126364 0.04361657 0.04472222
v -0.00126364 0.04248673 0.04727778
v 0.00126364 -0.04248672 -0.04727778
v 0.00126364 -0.04225610 -0.04760267
v 0.00126364 -0.04361657 -0.04472222
v 0.00126364 -0.04399859 -0.04216667
v 0.00126364 -0.04400000 -0.03961111
v 0.00126364 -0.04400000 -0.03705556
v 0.00126364 -0.04400000 -0.03450000
v 0.00126364 -0.04400000 -0.03194444
v 0.00126364 -0.04400000 -0.02938889
v 0.00126364 -0.04400000 -0.02683333
v 0.00126364 -0.04400000 -0.02427778
v 0.00126364 -0.04400000 -0.02172222
v 0.00126364 -0.04400000 -0.01916667
v 0.00126364 -0.04400000 -0.01661111
v 0.00126364 -0.04400000 -0.01405556
v 0.00126364 -0.04400000 -0.01150000
v 0.00126364 -0.04400000 -0.00894444
v 0.00126364 -0.04400000 -0.00638889
v 0.00126364 -0.04400000 -0.00383333
v 0.00126364 -0.04400000 -0.00127778
v 0.00126364 -0.04400000 0.00127778
v 0.00126364 -0.04400000 0.00383333
v 0.00126364 -0.04400000 0.00638889
v 0.00126364 -0.04400000 0.00894444
v 0.00126364 -0.04400000 0.01150000
v 0.00126364 -0.04400000 0.01405556
v 0.00126364 -0.04400000 0.01661111
v 0.00126364 -0.04400000 0.01916667
v 0.00126364 -0.04400000 0.02172222
v 0.00126364 -0.04400000 0.02427778
v 0.00126364 -0.04400000 0.02683333
v 0.00126364 -0.04400000 0.02938889
v 0.00126364 -0.04400000 0.03194444
v 0.00126364 -0.04400000 0.03450000
v 0.00126364 -0.04400000 0.03705556
v 0.00126364 -0.04400000 0.03961111
v 0.00126364 -0.04399859 0.04216667
v 0.00126364 -0.04361657 0.04472222
v 0.00126364 -0.04248672 0.04727778
v 0.00126364 -0.04225610 0.04760266
v 0.00126364 -0.04018419 -0.04983333
v 0.00126364 -0.03984146 -0.05010522
v 0.00126364 -0.04018419 0.04983333
v 0.00126364 -0.03984146 0.05010522
v 0.00126364 -0.03742683 -0.05138407
v 0.00126364 -0.03742683 0.05138407
v 0.00126364 -0.03501220 -0.05194806
v 0.00126364 -0.03501220 0.05194805
v 0.00126364 -0.03259756 -0.05200000
v 0.00126364 -0.03259756 0.05200000
v 0.00126364 -0.03018293 -0.05200000
v 0.00126364 -0.03018293 0.05200000
v 0.00126364 -0.02776829 -0.05200000
v 0.00126364 -0.02776829 0.05200000
v 0.00126364 -0.02535366 -0.05200000
v 0.00126364 -0.02535366 0.05200000
v 0.00126364 -0.02293902 -0.05200000
v 0.00126364 -0.02293902 0.05200000
v 0.00126364 -0.02052439 -0.05200000
v 0.00126364 -0.02052439 0.05200000
v 0.00126364 -0.01810976 -0.05200000
v 0.00126364 -0.01810976 0.05200000
v 0.00126364 -0.01569512 -0.05200000
v 0.00126364 -0.01569512 0.05200000
v 0.00126364 -0.01328049 -0.05200000
v 0.00126364 -0.01328049 0.05200000
v 0.00126364 -0.01086585 -0.05200000
v 0.00126364 -0.01086585 0.05200000
v 0.00126364 -0.00845122 -0.05200000
v 0.00126364 -0.00845122 0.05200000
v 0.00126364 -0.00603659 -0.05200000
v 0.00126364 -0.00603659 0.05200000
v 0.00126364 -0.00362195 -0.05200000
v 0.00126364 -0.00362195 0.05200000
v 0.00126364 -0.00120732 -0.05200000
v 0.00126364 -0.00120732 0.05200000
v 0.00126364 0.00120732 -0.05200000
v 0.00126364 0.00120732 0.05200000
v 0.00126364 0.00362195 -0.05200000
v 0.00126364 0.00362195 0.05200000
v 0.00126364 0.00603659 -0.05200000
v 0.00126364 0.00603659 0.05200000
v 0.00126364 0.00845122 -0.05200000
v 0.00126364 0.00845122 0.05200000
v 0.00126364 0.01086585 -0.05200000
v 0.00126364 0.01086585 0.05200000
v 0.00126364 0.01328049 -0.05200000
v 0.00126364 0.01328049 0.05200000
v 0.00126364 0.01569512 -0.05200000
v 0.00126364 0.01569512 0.05200000
v 0.00126364 0.01810976 -0.05200000
v 0.00126364 0.01810976 0.05200000
v 0.00126364 0.02052439 -0.05200000
v 0.00126364 0.02052439 0.05200000
v 0.00126364 0.02293902 -0.05200000
v 0.00126364 0.02293902 0.05200000
v 0.00126364 0.02535366 -0.05200000
v 0.00126364 0.02535366 0.05200000
v 0.00126364 0.02776829 -0.05200000
v 0.00126364 0.02776829 0.05200000
v 0.00126364 0.03018293 -0.05200000
v 0.00126364 0.03018293 0.05200000
v 0.00126364 0.03259756 -0.05200000
v 0.00126364 0.03259756 0.05200000
v 0.00126364 0.03501220 -0.05194806
v 0.00126364 0.03501220 0.05194805
v 0.00126364 0.03742683 -0.05138407
v 0.00126364 0.03742683 0.05138407
v 0.00126364 0.03984146 -0.05010522
v 0.00126364 0.03984146 0.05010522
v 0.00126364 0.04018419 -0.04983333
v 0.00126364 0.04225610 -0.04760267
v 0.00126364 0.04225610 0.04760266
v 0.00126364 0.04018419 0.04983333
v 0.00126364 0.04248673 -0.04727778
v 0.00126364 0.04361657 -0.04472222
v 0.00126364 0.04399859 -0.04216667
v 0.00126364 0.04400000 -0.03961111
v 0.00126364 0.04400000 -0.03705556
v 0.00126364 0.04400000 -0.03450000
v 0.00126364 0.04400000 -0.03194444
v 0.00126364 0.04400000 -0.02938889
v 0.00126364 0.04400000 -0.02683333
v 0.00126364 0.04400000 -0.02427778
v 0.00126364 0.04400000 -0.02172222
v 0.00126364 0.04400000 -0.01916667
v 0.00126364 0.04400000 -0.01661111
v 0.00126364 0.04400000 -0.01405556
v 0.00126364 0.04400000 -0.01150000
v 0.00126364 0.04400000 -0.00894444
v 0.00126364 0.04400000 -0.00638889
v 0.00126364 0.04400000 -0.00383333
v 0.00126364 0.04400000 -0.00127778
v 0.00126364 0.04400000 0.00127778
v 0.00126364 0.04400000 0.00383333
v 0.00126364 0.04400000 0.00638889
v 0.00126364 0.04400000 0.00894444
v 0.00126364 0.04400000 0.01150000
v 0.00126364 0.04400000 0.01405556
v 0.00126364 0.04400000 0.01661111
v 0.00126364 0.04400000 0.01916667
v 0.00126364 0.04400000 0.02172222
v 0.00126364 0.04400000 0.02427778
v 0.00126364 0.04400000 0.02683333
v 0.00126364 0.04400000 0.02938889
v 0.00126364 0.04400000 0.03194444
v 0.00126364 0.04400000 0.03450000
v 0.00126364 0.04400000 0.03705556
v 0.00126364 0.04400000 0.03961111
v 0.00126364 0.04399859 0.04216667
v 0.00126364 0.04361657 0.04472222
v 0.00126364 0.04248673 0.04727778
v 0.00379091 -0.04248672 -0.04727778
v 0.00379091 -0.04225610 -0.04760267
v 0.00379091 -0.04361657 -0.04472222
v 0.00379091 -0.04399859 -0.04216667
v 0.00379091 -0.04400000 -0.03961111
v 0.00379091 -0.04400000 -0.03705556
v 0.00379091 -0.04400000 -0.03450000
v 0.00379091 -0.04400000 -0.03194444
v 0.00379091 -0.04400000 -0.02938889
v 0.00379091 -0.04400000 -0.02683333
v 0.00379091 -0.04400000 -0.02427778
v 0.00379091 -0.04400000 -0.02172222
v 0.00379091 -0.04400000 -0.01916667
v 0.00379091 -0.04400000 -0.01661111
v 0.00379091 -0.04400000 -0.01405556
v 0.00379091 -0.04400000 -0.01150000
v 0.00379091 -0.04400000 -0.00894444
v 0.00379091 -0.04400000 -0.00638889
v 0.00379091 -0.04400000 -0.00383333
v 0.00379091 -0.04400000 -0.00127778
v 0.00379091 -0.04400000 0.00127778
v 0.00379091 -0.04400000 0.00383333
v 0.00379091 -0.04400000 0.00638889
v 0.00379091 -0.04400000 0.00894444
v 0.00379091 -0.04400000 0.01150000
v 0.00379091 -0.04400000 0.01405556
v 0.00379091 -0.04400000 0.01661111
v 0.00379091 -0.04400000 0.01916667
v 0.00379091 -0.04400000 0.02172222
v 0.00379091 -0.04400000 0.02427778
v 0.00379091 -0.04400000 0.02683333
v 0.00379091 -0.04400000 0.02938889
v 0.00379091 -0.04400000 0.03194444
v 0.00379091 -0.04400000 0.03450000
v 0.00379091 -0.04400000 0.03705556
v 0.00379091 -0.04400000 0.03961111
v 0.00379091 -0.04399859 0.04216667
v 0.00379091 -0.04361657 0.04472222
v 0.00379091 -0.04248672 0.04727778
v 0.00379091 -0.04225610 0.04760266
v 0.00379091 -0.04018419 -0.04983333
v 0.00379091 -0.03984146 -0.05010522
v 0.00379091 -0.04018419 0.04983333
v 0.00379091 -0.03984146 0.05010522
v 0.00379091 -0.03742683 -0.05138407
v 0.00379091 -0.03742683 0.05138407
v 0.00379091 -0.03501220 -0.05194806
v 0.00379091 -0.03501220 0.05194805
v 0.00379091 -0.03259756 -0.05200000
v 0.00379091 -0.03259756 0.05200000
v 0.00379091 -0.03018293 -0.05200000
v 0.00379091 -0.03018293 0.05200000
v 0.00379091 -0.02776829 -0.05200000
v 0.00379091 -0.02776829 0.05200000
v 0.00379091 -0.02535366 -0.05200000
v 0.00379091 -0.02535366 0.05200000
v 0.00379091 -0.02293902 -0.05200000
v 0.00379091 -0.02293902 0.05200000
v 0.00379091 -0.02052439 -0.05200000
v 0.00379091 -0.02052439 0.05200000
v 0.00379091 -0.01810976 -0.05200000
v 0.00379091 -0.01810976 0.05200000
v 0.00379091 -0.01569512 -0.05200000
v 0.00379091 -0.01569512 0.05200000
v 0.00379091 -0.01328049 -0.05200000
v 0.00379091 -0.01328049 0.05200000
v 0.00379091 -0.01086585 -0.05200000
v 0.00379091 -0.01086585 0.05200000
v 0.00379091 -0.00845122 -0.05200000
v 0.00379091 -0.00845122 0.05200000
v 0.00379091 -0.00603659 -0.05200000
v 0.00379091 -0.00603659 0.05200000
v 0.00379091 -0.00362195 -0.05200000
v 0.00379091 -0.00362195 0.05200000
v 0.00379091 -0.00120732 -0.05200000
v 0.00379091 -0.00120732 0.05200000
v 0.00379091 0.00120732 -0.05200000
v 0.00379091 0.00120732 0.05200000
v 0.00379091 0.00362195 -0.05200000
v 0.00379091 0.00362195 0.05200000
v 0.00379091 0.00603659 -0.05200000
v 0.00379091 0.00603659 0.05200000
v 0.00379091 0.00845122 -0.05200000
v 0.00379091 0.00845122 0.05200000
v 0.00379091 0.01086585 -0.05200000
v 0.00379091 0.01086585 0.05200000
v 0.00379091 0.01328049 -0.05200000
v 0.00379091 0.01328049 0.05200000
v 0.00379091 0.01569512 -0.05200000
v 0.00379091 0.01569512 0.05200000
v 0.00379091 0.01810976 -0.05200000
v 0.00379091 0.01810976 0.05200000
v 0.00379091 0.02052439 -0.05200000
v 0.00379091 0.02052439 0.05200000
v 0.00379091 0.02293902 -0.05200000
v 0.00379091 0.02293902 0.05200000
v 0.00379091 0.02535366 -0.05200000
v 0.00379091 0.02535366 0.05200000
v 0.00379091 0.02776829 -0.05200000
v 0.00379091 0.02776829 0.05200000
v 0.00379091 0.03018293 -0.05200000
v 0.00379091 0.03018293 0.05200000
v 0.00379091 0.03259756 -0.05200000
v 0.00379091 0.03259756 0.05200000
v 0.00379091 0.03501220 -0.05194806
v 0.00379091 0.03501220 0.05194805
v 0.00379091 0.03742683 -0.05138407
v 0.00379091 0.03742683 0.05138407
v 0.00379091 0.03984146 -0.05010522
v 0.00379091 0.03984146 0.05010522
v 0.00379091 0.04018419 -0.04983333
v 0.00379091 0.04225610 -0.04760267
v 0.00379091 0.04225610 0.04760266
v 0.00379091 0.04018419 0.04983333
v 0.00379091 0.04248673 -0.04727778
v 0.00379091 0.04361657 -0.04472222
v 0.00379091 0.04399859 -0.04216667
v 0.00379091 0.04400000 -0.03961111
v 0.00379091 0.04400000 -0.03705556
v 0.00379091 0.04400000 -0.03450000
v 0.00379091 0.04400000 -0.03194444
v 0.00379091 0.04400000 -0.02938889
v 0.00379091 0.04400000 -0.02683333
v 0.00379091 0.04400000 -0.02427778
v 0.00379091 0.04400000 -0.02172222
v 0.00379091 0.04400000 -0.01916667
v 0.00379091 0.04400000 -0.01661111
v 0.00379091 0.04400000 -0.01405556
v 0.00379091 0.04400000 -0.01150000
v 0.00379091 0.04400000 -0.00894444
v 0.00379091 0.04400000 -0.00638889
v 0.00379091 0.04400000 -0.00383333
v 0.00379091 0.04400000 -0.00127778
v 0.00379091 0.04400000 0.00127778
v 0.00379091 0.04400000 0.00383333
v 0.00379091 0.04400000 0.00638889
v 0.00379091 0.04400000 0.00894444
v 0.00379091 0.04400000 0.01150000
v 0.00379091 0.04400000 0.01405556
v 0.00379091 0.04400000 0.01661111
v 0.00379091 0.04400000 0.01916667
v 0.00379091 0.04400000 0.02172222
v 0.00379091 0.04400000 0.02427778
v 0.00379091 0.04400000 0.02683333
v 0.00379091 0.04400000 0.02938889
v 0.00379091 0.04400000 0.03194444
v 0.00379091 0.04400000 0.03450000
v 0.00379091 0.04400000 0.03705556
v 0.00379091 0.04400000 0.03961111
v 0.00379091 0.04399859 0.04216667
v 0.00379091 0.04361657 0.04472222
v 0.00379091 0.04248673 0.04727778
v 0.00631818 -0.04248672 -0.04727778
v 0.00631818 -0.04225610 -0.04760267
v 0.00631818 -0.04361657 -0.04472222
v 0.00631818 -0.04399859 -0.04216667
v 0.00631818 -0.04400000 -0.03961111
v 0.00631818 -0.04400000 -0.03705556
v 0.00631818 -0.04400000 -0.03450000
v 0.00631818 -0.04400000 -0.03194444
v 0.00631818 -0.04400000 -0.02938889
v 0.00631818 -0.04400000 -0.02683333
v 0.00631818 -0.04400000 -0.02427778
v 0.00631818 -0.04400000 -0.02172222
v 0.00631818 -0.04400000 -0.01916667
v 0.00631818 -0.04400000 -0.01661111
v 0.00631818 -0.04400000 -0.01405556
v 0.00631818 -0.04400000 -0.01150000
v 0.00631818 -0.04400000 -0.00894444
v 0.00631818 -0.04400000 -0.00638889
v 0.00631818 -0.04400000 -0.00383333
v 0.00631818 -0.04400000 -0.00127778
v 0.00631818 -0.04400000 0.00127778
v 0.00631818 -0.04400000 0.00383333
v 0.00631818 -0.04400000 0.00638889
v 0.00631818 -0.04400000 0.00894444
v 0.00631818 -0.04400000 0.01150000
v 0.00631818 -0.04400000 0.01405556
v 0.00631818 -0.04400000 0.01661111
v 0.00631818 -0.04400000 0.01916667
v 0.00631818 -0.04400000 0.02172222
v 0.00631818 -0.04400000 0.02427778
v 0.00631818 -0.04400000 0.02683333
v 0.00631818 -0.04400000 0.02938889
v 0.00631818 -0.04400000 0.03194444
v 0.00631818 -0.04400000 0.03450000
v 0.00631818 -0.04400000 0.03705556
v 0.00631818 -0.04400000 0.03961111
v 0.00631818 -0.04399859 0.04216667
v 0.00631818 -0.04361657 0.04472222
v 0.00631818 -0.04248672 0.04727778
v 0.00631818 -0.04225610 0.04760266
v 0.00631818 -0.04018419 -0.04983333
v 0.00631818 -0.03984146 -0.05010522
v 0.00631818 -0.04018419 0.04983333
v 0.00631818 -0.03984146 0.05010522
v 0.00631818 -0.03742683 -0.05138407
v 0.00631818 -0.03742683 0.05138407
v 0.00631818 -0.03501220 -0.05194806
v 0.00631818 -0.03501220 0.05194805
v 0.00631818 -0.03259756 -0.05200000
v 0.00631818 -0.03259756 0.05200000
v 0.00631818 -0.03018293 -0.05200000
v 0.00631818 -0.03018293 0.05200000
v 0.00631818 -0.02776829 -0.05200000
v 0.00631818 -0.02776829 0.05200000
v 0.00631818 -0.02535366 -0.05200000
v 0.00631818 -0.02535366 0.05200000
v 0.00631818 -0.02293902 -0.05200000
v 0.00631818 -0.02293902 0.05200000
v 0.00631818 -0.02052439 -0.05200000
v 0.00631818 -0.02052439 0.05200000
v 0.00631818 -0.01810976 -0.05200000
v 0.00631818 -0.01810976 0.05200000
v 0.00631818 -0.01569512 -0.05200000
v 0.00631818 -0.01569512 0.05200000
v 0.00631818 -0.01328049 -0.05200000
v 0.00631818 -0.01328049 0.05200000
v 0.00631818 -0.01086585 -0.05200000
v 0.00631818 -0.01086585 0.05200000
v 0.00631818 -0.00845122 -0.05200000
v 0.00631818 -0.00845122 0.05200000
v 0.00631818 -0.00603659 -0.05200000
v 0.00631818 -0.00603659 0.05200000
v 0.00631818 -0.00362195 -0.05200000
v 0.00631818 -0.00362195 0.05200000
v 0.00631818 -0.00120732 -0.05200000
v 0.00631818 -0.00120732 0.05200000
v 0.00631818 0.00120732 -0.05200000
v 0.00631818 0.00120732 0.05200000
v 0.00631818 0.00362195 -0.05200000
v 0.00631818 0.00362195 0.05200000
v 0.00631818 0.00603659 -0.05200000
v 0.00631818 0.00603659 0.05200000
v 0.00631818 0.00845122 -0.05200000
v 0.00631818 0.00845122 0.05200000
v 0.00631818 0.01086585 -0.05200000
v 0.00631818 0.01086585 0.05200000
v 0.00631818 0.01328049 -0.05200000
v 0.00631818 0.01328049 0.05200000
v 0.00631818 0.01569512 -0.05200000
v 0.00631818 0.01569512 0.05200000
v 0.00631818 0.01810976 -0.05200000
v 0.00631818 0.01810976 0.05200000
v 0.00631818 0.02052439 -0.05200000
v 0.00631818 0.02052439 0.05200000
v 0.00631818 0.02293902 -0.05200000
v 0.00631818 0.02293902 0.05200000
v 0.00631818 0.02535366 -0.05200000
v 0.00631818 0.02535366 0.05200000
v 0.00631818 0.02776829 -0.05200000
v 0.00631818 0.02776829 0.05200000
v 0.00631818 0.03018293 -0.05200000
v 0.00631818 0.03018293 0.05200000
v 0.00631818 0.03259756 -0.05200000
v 0.00631818 0.03259756 0.05200000
v 0.00631818 0.03501220 -0.05194806
v 0.00631818 0.03501220 0.05194805
v 0.00631818 0.03742683 -0.05138407
v 0.00631818 0.03742683 0.05138407
v 0.00631818 0.03984146 -0.05010522
v 0.00631818 0.03984146 0.05010522
v 0.00631818 0.04018419 -0.04983333
v 0.00631818 0.04225610 -0.04760267
v 0.00631818 0.04225610 0.04760266
v 0.00631818 0.04018419 0.04983333
v 0.00631818 0.04248673 -0.04727778
v 0.00631818 0.04361657 -0.04472222
v 0.00631818 0.04399859 -0.04216667
v 0.00631818 0.04400000 -0.03961111
v 0.00631818 0.04400000 -0.03705556
v 0.00631818 0.04400000 -0.03450000
v 0.00631818 0.04400000 -0.03194444
v 0.00631818 0.04400000 -0.02938889
v 0.00631818 0.04400000 -0.02683333
v 0.00631818 0.04400000 -0.02427778
v 0.00631818 0.04400000 -0.02172222
v 0.00631818 0.04400000 -0.01916667
v 0.00631818 0.04400000 -0.01661111
v 0.00631818 0.04400000 -0.01405556
v 0.00631818 0.04400000 -0.01150000
v 0.00631818 0.04400000 -0.00894444
v 0.00631818 0.04400000 -0.00638889
v 0.00631818 0.04400000 -0.00383333
v 0.00631818 0.04400000 -0.00127778
v 0.00631818 0.04400000 0.00127778
v 0.00631818 0.04400000 0.00383333
v 0.00631818 0.04400000 0.00638889
v 0.00631818 0.04400000 0.00894444
v 0.00631818 0.04400000 0.01150000
v 0.00631818 0.04400000 0.01405556
v 0.00631818 0.04400000 0.01661111
v 0.00631818 0.04400000 0.01916667
v 0.00631818 0.04400000 0.02172222
v 0.00631818 0.04400000 0.02427778
v 0.00631818 0.04400000 0.02683333
v 0.00631818 0.04400000 0.02938889
v 0.00631818 0.04400000 0.03194444
v 0.00631818 0.04400000 0.03450000
v 0.00631818 0.04400000 0.03705556
v 0.00631818 0.04400000 0.03961111
v 0.00631818 0.04399859 0.04216667
v 0.00631818 0.04361657 0.04472222
v 0.00631818 0.04248673 0.04727778
v 0.00884545 -0.04248672 -0.04727778
v 0.00884545 -0.04225610 -0.04760267
v 0.00884545 -0.04361657 -0.04472222
v 0.00884545 -0.04399859 -0.04216667
v 0.00884545 -0.04400000 -0.03961111
v 0.00884545 -0.04400000 -0.03705556
v 0.00884545 -0.04400000 -0.03450000
v 0.00884545 -0.04400000 -0.03194444
v 0.00884545 -0.04400000 -0.02938889
v 0.00884545 -0.04400000 -0.02683333
v 0.00884545 -0.04400000 -0.02427778
v 0.00884545 -0.04400000 -0.02172222
v 0.00884545 -0.04400000 -0.01916667
v 0.00884545 -0.04400000 -0.01661111
v 0.00884545 -0.04400000 -0.01405556
v 0.00884545 -0.04400000 -0.01150000
v 0.00884545 -0.04400000 -0.00894444
v 0.00884545 -0.04400000 -0.00638889
v 0.00884545 -0.04400000 -0.00383333
v 0.00884545 -0.04400000 -0.00127778
v 0.00884545 -0.04400000 0.00127778
v 0.00884545 -0.04400000 0.00383333
v 0.00884545 -0.04400000 0.00638889
v 0.00884545 -0.04400000 0.00894444
v 0.00884545 -0.04400000 0.01150000
v 0.00884545 -0.04400000 0.01405556
v 0.00884545 -0.04400000 0.01661111
v 0.00884545 -0.04400000 0.01916667
v 0.00884545 -0.04400000 0.02172222
v 0.00884545 -0.04400000 0.02427778
v 0.00884545 -0.04400000 0.02683333
v 0.00884545 -0.04400000 0.02938889
v 0.00884545 -0.04400000 0.03194444
v 0.00884545 -0.04400000 0.03450000
v 0.00884545 -0.04400000 0.03705556
v 0.00884545 -0.04400000 0.03961111
v 0.00884545 -0.04399859 0.04216667
v 0.00884545 -0.04361657 0.04472222
v 0.00884545 -0.04248672 0.04727778
v 0.00884545 -0.04225610 0.04760266
v 0.00884545 -0.04018419 -0.04983333
v 0.00884545 -0.03984146 -0.05010522
v 0.00884545 -0.04018419 0.04983333
v 0.00884545 -0.03984146 0.05010522
v 0.00884545 -0.03742683 -0.05138407
v 0.00884545 -0.03742683 0.05138407
v 0.00884545 -0.03501220 -0.05194806
v 0.00884545 -0.03501220 0.05194805
v 0.00884545 -0.03259756 -0.05200000
v 0.00884545 -0.03259756 0.05200000
v 0.00884545 -0.03018293 -0.05200000
v 0.00884545 -0.03018293 0.05200000
v 0.00884545 -0.02776829 -0.05200000
v 0.00884545 -0.02776829 0.05200000
v 0.00884545 -0.02535366 -0.05200000
v 0.00884545 -0.02535366 0.05200000
v 0.00884545 -0.02293902 -0.05200000
v 0.00884545 -0.02293902 0.05200000
v 0.00884545 -0.02052439 -0.05200000
v 0.00884545 -0.02052439 0.05200000
v 0.00884545 -0.01810976 -0.05200000
v 0.00884545 -0.01810976 0.05200000
v 0.00884545 -0.01569512 -0.05200000
v 0.00884545 -0.01569512 0.05200000
v 0.00884545 -0.01328049 -0.05200000
v 0.00884545 -0.01328049 0.05200000
v 0.00884545 -0.01086585 -0.05200000
v 0.00884545 -0.01086585 0.05200000
v 0.00884545 -0.00845122 -0.05200000
v 0.00884545 -0.00845122 0.05200000
v 0.00884545 -0.00603659 -0.05200000
v 0.00884545 -0.00603659 0.05200000
v 0.00884545 -0.00362195 -0.05200000
v 0.00884545 -0.00362195 0.05200000
v 0.00884545 -0.00120732 -0.05200000
v 0.00884545 -0.00120732 0.05200000
v 0.00884545 0.00120732 -0.05200000
v 0.00884545 0.00120732 0.05200000
v 0.00884545 0.00362195 -0.05200000
v 0.00884545 0.00362195 0.05200000
v 0.00884545 0.00603659 -0.05200000
v 0.00884545 0.00603659 0.05200000
v 0.00884545 0.00845122 -0.05200000
v 0.00884545 0.00845122 0.05200000
v 0.00884545 0.01086585 -0.05200000
v 0.00884545 0.01086585 0.05200000
v 0.00884545 0.01328049 -0.05200000
v 0.00884545 0.01328049 0.05200000
v 0.00884545 0.01569512 -0.05200000
v 0.00884545 0.01569512 0.05200000
v 0.00884545 0.01810976 -0.05200000
v 0.00884545 0.01810976 0.05200000
v 0.00884545 0.02052439 -0.05200000
v 0.00884545 0.02052439 0.05200000
v 0.00884545 0.02293902 -0.05200000
v 0.00884545 0.02293902 0.05200000
v 0.00884545 0.02535366 -0.05200000
v 0.00884545 0.02535366 0.05200000
v 0.00884545 0.02776829 -0.05200000
v 0.00884545 0.02776829 0.05200000
v 0.00884545 0.03018293 -0.05200000
v 0.00884545 0.03018293 0.05200000
v 0.00884545 0.03259756 -0.05200000
v 0.00884545 0.03259756 0.05200000
v 0.00884545 0.03501220 -0.05194806
v 0.00884545 0.03501220 0.05194805
v 0.00884545 0.03742683 -0.05138407
v 0.00884545 0.03742683 0.05138407
v 0.00884545 0.03984146 -0.05010522
v 0.00884545 0.03984146 0.05010522
v 0.00884545 0.04018419 -0.04983333
v 0.00884545 0.04225610 -0.04760267
v 0.00884545 0.04225610 0.04760266
v 0.00884545 0.04018419 0.04983333
v 0.00884545 0.04248673 -0.04727778
v 0.00884545 0.04361657 -0.04472222
v 0.00884545 0.04399859 -0.04216667
v 0.00884545 0.04400000 -0.03961111
v 0.00884545 0.04400000 -0.03705556
v 0.00884545 0.04400000 -0.03450000
v 0.00884545 0.04400000 -0.03194444
v 0.00884545 0.04400000 -0.02938889
v 0.00884545 0.04400000 -0.02683333
v 0.00884545 0.04400000 -0.02427778
v 0.00884545 0.04400000 -0.02172222
v 0.00884545 0.04400000 -0.01916667
v 0.00884545 0.04400000 -0.01661111
v 0.00884545 0.04400000 -0.01405556
v 0.00884545 0.04400000 -0.01150000
v 0.00884545 0.04400000 -0.00894444
v 0.00884545 0.04400000 -0.00638889
v 0.00884545 0.04400000 -0.00383333
v 0.00884545 0.04400000 -0.00127778
v 0.00884545 0.04400000 0.00127778
v 0.00884545 0.04400000 0.00383333
v 0.00884545 0.04400000 0.00638889
v 0.00884545 0.04400000 0.00894444
v 0.00884545 0.04400000 0.01150000
v 0.00884545 0.04400000 0.01405556
v 0.00884545 0.04400000 0.01661111
v 0.00884545 0.04400000 0.01916667
v 0.00884545 0.04400000 0.02172222
v 0.00884545 0.04400000 0.02427778
v 0.00884545 0.04400000 0.02683333
v 0.00884545 0.04400000 0.02938889
v 0.00884545 0.04400000 0.03194444
v 0.00884545 0.04400000 0.03450000
v 0.00884545 0.04400000 0.03705556
v 0.00884545 0.04400000 0.03961111
v 0.00884545 0.04399859 0.04216667
v 0.00884545 0.04361657 0.04472222
v 0.00884545 0.04248673 0.04727778
v 0.01137273 -0.04248672 -0.04727778
v 0.01137273 -0.04225610 -0.04760267
v 0.01137273 -0.04361657 -0.04472222
v 0.01137273 -0.04399859 -0.04216667
v 0.01137273 -0.04400000 -0.03961111
v 0.01137273 -0.04400000 -0.03705556
v 0.01137273 -0.04400000 -0.03450000
v 0.01137273 -0.04400000 -0.03194444
v 0.01137273 -0.04400000 -0.02938889
v 0.01137273 -0.04400000 -0.02683333
v 0.01137273 -0.04400000 -0.02427778
v 0.01137273 -0.04400000 -0.02172222
v 0.01137273 -0.04400000 -0.01916667
v 0.01137273 -0.04400000 -0.01661111
v 0.01137273 -0.04400000 -0.01405556
v 0.01137273 -0.04400000 -0.01150000
v 0.01137273 -0.04400000 -0.00894444
v 0.01137273 -0.04400000 -0.00638889
v 0.01137273 -0.04400000 -0.00383333
v 0.01137273 -0.04400000 -0.00127778
v 0.01137273 -0.04400000 0.00127778
v 0.01137273 -0.04400000 0.00383333
v 0.01137273 -0.04400000 0.00638889
v 0.01137273 -0.04400000 0.00894444
v 0.01137273 -0.04400000 0.01150000
v 0.01137273 -0.04400000 0.01405556
v 0.01137273 -0.04400000 0.01661111
v 0.01137273 -0.04400000 0.01916667
v 0.01137273 -0.04400000 0.02172222
v 0.01137273 -0.04400000 0.02427778
v 0.01137273 -0.04400000 0.02683333
v 0.01137273 -0.04400000 0.02938889
v 0.01137273 -0.04400000 0.03194444
v 0.01137273 -0.04400000 0.03450000
v 0.01137273 -0.04400000 0.03705556
v 0.01137273 -0.04400000 0.03961111
v 0.01137273 -0.04399859 0.04216667
v 0.01137273 -0.04361657 0.04472222
v 0.01137273 -0.04248672 0.04727778
v 0.01137273 -0.04225610 0.04760266
v 0.01137273 -0.04018419 -0.04983333
v 0.01137273 -0.03984146 -0.05010522
v 0.01137273 -0.04018419 0.04983333
v 0.01137273 -0.03984146 0.05010522
v 0.01137273 -0.03742683 -0.05138407
v 0.01137273 -0.03742683 0.05138407
v 0.01137273 -0.03501220 -0.05194806
v 0.01137273 -0.03501220 0.05194805
v 0.01137273 -0.03259756 -0.05200000
v 0.01137273 -0.03259756 0.05200000
v 0.01137273 -0.03018293 -0.05200000
v 0.01137273 -0.03018293 0.05200000
v 0.01137273 -0.02776829 -0.05200000
v 0.01137273 -0.02776829 0.05200000
v 0.01137273 -0.02535366 -0.05200000
v 0.01137273 -0.02535366 0.05200000
v 0.01137273 -0.02293902 -0.05200000
v 0.01137273 -0.02293902 0.05200000
v 0.01137273 -0.02052439 -0.05200000
v 0.01137273 -0.02052439 0.05200000
v 0.01137273 -0.01810976 -0.05200000
v 0.01137273 -0.01810976 0.05200000
v 0.01137273 -0.01569512 -0.05200000
v 0.01137273 -0.01569512 0.05200000
v 0.01137273 -0.01328049 -0.05200000
v 0.01137273 -0.01328049 0.05200000
v 0.01137273 -0.01086585 -0.05200000
v 0.01137273 -0.01086585 0.05200000
v 0.01137273 -0.00845122 -0.05200000
v 0.01137273 -0.00845122 0.05200000
v 0.01137273 -0.00603659 -0.05200000
v 0.01137273 -0.00603659 0.05200000
v 0.01137273 -0.00362195 -0.05200000
v 0.01137273 -0.00362195 0.05200000
v 0.01137273 -0.00120732 -0.05200000
v 0.01137273 -0.00120732 0.05200000
v 0.01137273 0.00120732 -0.05200000
v 0.01137273 0.00120732 0.05200000
v 0.01137273 0.00362195 -0.05200000
v 0.01137273 0.00362195 0.05200000
v 0.01137273 0.00603659 -0.05200000
v 0.01137273 0.00603659 0.05200000
v 0.01137273 0.00845122 -0.05200000
v 0.01137273 0.00845122 0.05200000
v 0.01137273 0.01086585 -0.05200000
v 0.01137273 0.01086585 0.05200000
v 0.01137273 0.01328049 -0.05200000
v 0.01137273 0.01328049 0.05200000
v 0.01137273 0.01569512 -0.05200000
v 0.01137273 0.01569512 0.05200000
v 0.01137273 0.01810976 -0.05200000
v 0.01137273 0.01810976 0.05200000
v 0.01137273 0.02052439 -0.05200000
v 0.01137273 0.02052439 0.05200000
v 0.01137273 0.02293902 -0.05200000
v 0.01137273 0.02293902 0.05200000
v 0.01137273 0.02535366 -0.05200000
v 0.01137273 0.02535366 0.05200000
v 0.01137273 0.02776829 -0.05200000
v 0.01137273 0.02776829 0.05200000
v 0.01137273 0.03018293 -0.05200000
v 0.01137273 0.03018293 0.05200000
v 0.01137273 0.03259756 -0.05200000
v 0.01137273 0.03259756 0.05200000
v 0.01137273 0.03501220 -0.05194806
v 0.01137273 0.03501220 0.05194805
v 0.01137273 0.03742683 -0.05138407
v 0.01137273 0.03742683 0.05138407
v 0.01137273 0.03984146 -0.05010522
v 0.01137273 0.03984146 0.05010522
v 0.01137273 0.04018419 -0.04983333
v 0.01137273 0.04225610 -0.04760267
v 0.01137273 0.04225610 0.04760266
v 0.01137273 0.04018419 0.04983333
v 0.01137273 0.04248673 -0.04727778
v 0.01137273 0.04361657 -0.04472222
v 0.01137273 0.04399859 -0.04216667
v 0.01137273 0.04400000 -0.03961111
v 0.01137273 0.04400000 -0.03705556
v 0.01137273 0.04400000 -0.03450000
v 0.01137273 0.04400000 -0.03194444
v 0.01137273 0.04400000 -0.02938889
v 0.01137273 0.04400000 -0.02683333
v 0.01137273 0.04400000 -0.02427778
v 0.01137273 0.04400000 -0.02172222
v 0.01137273 0.04400000 -0.01916667
v 0.01137273 0.04400000 -0.01661111
v 0.01137273 0.04400000 -0.01405556
v 0.01137273 0.04400000 -0.01150000
v 0.01137273 0.04400000 -0.00894444
v 0.01137273 0.04400000 -0.00638889
v 0.01137273 0.04400000 -0.00383333
v 0.01137273 0.04400000 -0.00127778
v 0.01137273 0.04400000 0.00127778
v 0.01137273 0.04400000 0.00383333
v 0.01137273 0.04400000 0.00638889
v 0.01137273 0.04400000 0.00894444
v 0.01137273 0.04400000 0.01150000
v 0.01137273 0.04400000 0.01405556
v 0.01137273 0.04400000 0.01661111
v 0.01137273 0.04400000 0.01916667
v 0.01137273 0.04400000 0.02172222
v 0.01137273 0.04400000 0.02427778
v 0.01137273 0.04400000 0.02683333
v 0.01137273 0.04400000 0.02938889
v 0.01137273 0.04400000 0.03194444
v 0.01137273 0.04400000 0.03450000
v 0.01137273 0.04400000 0.03705556
v 0.01137273 0.04400000 0.03961111
v 0.01137273 0.04399859 0.04216667
v 0.01137273 0.04361657 0.04472222
v 0.01137273 0.04248673 0.04727778
v 0.01390000 -0.04248672 -0.04727778
v 0.01390000 -0.04225610 -0.04760267
v 0.01390000 -0.04361657 -0.04472222
v 0.01390000 -0.04399859 -0.04216667
v 0.01390000 -0.04400000 -0.03961111
v 0.01390000 -0.04400000 -0.03705556
v 0.01390000 -0.04400000 -0.03450000
v 0.01390000 -0.04400000 -0.03194444
v 0.01390000 -0.04400000 -0.02938889
v 0.01390000 -0.04400000 -0.02683333
v 0.01390000 -0.04400000 -0.02427778
v 0.01390000 -0.04400000 -0.02172222
v 0.01390000 -0.04400000 -0.01916667
v 0.01390000 -0.04400000 -0.01661111
v 0.01390000 -0.04400000 -0.01405556
v 0.01390000 -0.04400000 -0.01150000
v 0.01390000 -0.04400000 -0.00894444
v 0.01390000 -0.04400000 -0.00638889
v 0.01390000 -0.04400000 -0.00383333
v 0.01390000 -0.04400000 -0.00127778
v 0.01390000 -0.04400000 0.00127778
v 0.01390000 -0.04400000 0.00383333
v 0.01390000 -0.04400000 0.00638889
v 0.01390000 -0.04400000 0.00894444
v 0.01390000 -0.04400000 0.01150000
v 0.01390000 -0.04400000 0.01405556
v 0.01390000 -0.04400000 0.01661111
v 0.01390000 -0.04400000 0.01916667
v 0.01390000 -0.04400000 0.02172222
v 0.01390000 -0.04400000 0.02427778
v 0.01390000 -0.04400000 0.02683333
v 0.01390000 -0.04400000 0.02938889
v 0.01390000 -0.04400000 0.03194444
v 0.01390000 -0.04400000 0.03450000
v 0.01390000 -0.04400000 0.03705556
v 0.01390000 -0.04400000 0.03961111
v 0.01390000 -0.04399859 0.04216667
v 0.01390000 -0.04361657 0.04472222
v 0.01390000 -0.04248672 0.04727778
v 0.01390000 -0.04225610 0.04760266
v 0.01390000 -0.04018419 -0.04983333
v 0.01390000 -0.03984146 -0.05010522
v 0.01390000 -0.04018419 0.04983333
v 0.01390000 -0.03984146 0.05010522
v 0.01390000 -0.03742683 -0.05138407
v 0.01390000 -0.03742683 0.05138407
v 0.01390000 -0.03501220 -0.05194806
v 0.01390000 -0.03501220 0.05194805
v 0.01390000 -0.03259756 -0.05200000
v 0.01390000 -0.03259756 0.05200000
v 0.01390000 -0.03018293 -0.05200000
v 0.01390000 -0.03018293 0.05200000
v 0.01390000 -0.02776829 -0.05200000
v 0.01390000 -0.02776829 0.05200000
v 0.01390000 -0.02535366 -0.05200000
v 0.01390000 -0.02535366 0.05200000
v 0.01390000 -0.02293902 -0.05200000
v 0.01390000 -0.02293902 0.05200000
v 0.01390000 -0.02052439 -0.05200000
v 0.01390000 -0.02052439 0.05200000
v 0.01390000 -0.01810976 -0.05200000
v 0.01390000 -0.01810976 0.05200000
v 0.01390000 -0.01569512 -0.05200000
v 0.01390000 -0.01569512 0.05200000
v 0.01390000 -0.01328049 -0.05200000
v 0.01390000 -0.01328049 0.05200000
v 0.01390000 -0.01086585 -0.05200000
v 0.01390000 -0.01086585 0.05200000
v 0.01390000 -0.00845122 -0.05200000
v 0.01390000 -0.00845122 0.05200000
v 0.01390000 -0.00603659 -0.05200000
v 0.01390000 -0.00603659 0.05200000
v 0.01390000 -0.00362195 -0.05200000
v 0.01390000 -0.00362195 0.05200000
v 0.01390000 -0.00120732 -0.05200000
v 0.01390000 -0.00120732 0.05200000
v 0.01390000 0.00120732 -0.05200000
v 0.01390000 0.00120732 0.05200000
v 0.01390000 0.00362195 -0.05200000
v 0.01390000 0.00362195 0.05200000
v 0.01390000 0.00603659 -0.05200000
v 0.01390000 0.00603659 0.05200000
v 0.01390000 0.00845122 -0.05200000
v 0.01390000 0.00845122 0.05200000
v 0.01390000 0.01086585 -0.05200000
v 0.01390000 0.01086585 0.05200000
v 0.01390000 0.01328049 -0.05200000
v 0.01390000 0.01328049 0.05200000
v 0.01390000 0.01569512 -0.05200000
v 0.01390000 0.01569512 0.05200000
v 0.01390000 0.01810976 -0.05200000
v 0.01390000 0.01810976 0.05200000
v 0.01390000 0.02052439 -0.05200000
v 0.01390000 0.02052439 0.05200000
v 0.01390000 0.02293902 -0.05200000
v 0.01390000 0.02293902 0.05200000
v 0.01390000 0.02535366 -0.05200000
v 0.01390000 0.02535366 0.05200000
v 0.01390000 0.02776829 -0.05200000
v 0.01390000 0.02776829 0.05200000
v 0.01390000 0.03018293 -0.05200000
v 0.01390000 0.03018293 0.05200000
v 0.01390000 0.03259756 -0.05200000
v 0.01390000 0.03259756 0.05200000
v 0.01390000 0.03501220 -0.05194806
v 0.01390000 0.03501220 0.05194805
v 0.01390000 0.03742683 -0.05138407
v 0.01390000 0.03742683 0.05138407
v 0.01390000 0.03984146 -0.05010522
v 0.01390000 0.03984146 0.05010522
v 0.01390000 0.04018419 -0.04983333
v 0.01390000 0.04225610 -0.04760267
v 0.01390000 0.04225610 0.04760266
v 0.01390000 0.04018419 0.04983333
v 0.01390000 0.04248673 -0.04727778
v 0.01390000 0.04361657 -0.04472222
v 0.01390000 0.04399859 -0.04216667
v 0.01390000 0.04400000 -0.03961111
v 0.01390000 0.04400000 -0.03705556
v 0.01390000 0.04400000 -0.03450000
v 0.01390000 0.04400000 -0.03194444
v 0.01390000 0.04400000 -0.02938889
v 0.01390000 0.04400000 -0.02683333
v 0.01390000 0.04400000 -0.02427778
v 0.01390000 0.04400000 -0.02172222
v 0.01390000 0.04400000 -0.01916667
v 0.01390000 0.04400000 -0.01661111
v 0.01390000 0.04400000 -0.01405556
v 0.01390000 0.04400000 -0.01150000
v 0.01390000 0.04400000 -0.00894444
v 0.01390000 0.04400000 -0.00638889
v 0.01390000 0.04400000 -0.00383333
v 0.01390000 0.04400000 -0.00127778
v 0.01390000 0.04400000 0.00127778
v 0.01390000 0.04400000 0.00383333
v 0.01390000 0.04400000 0.00638889
v 0.01390000 0.04400000 0.00894444
v 0.01390000 0.04400000 0.01150000
v 0.01390000 0.04400000 0.01405556
v 0.01390000 0.04400000 0.01661111
v 0.01390000 0.04400000 0.01916667
v 0.01390000 0.04400000 0.02172222
v 0.01390000 0.04400000 0.02427778
v 0.01390000 0.04400000 0.02683333
v 0.01390000 0.04400000 0.02938889
v 0.01390000 0.04400000 0.03194444
v 0.01390000 0.04400000 0.03450000
v 0.01390000 0.04400000 0.03705556
v 0.01390000 0.04400000 0.03961111
v 0.01390000 0.04399859 0.04216667
v 0.01390000 0.04361657 0.04472222
v 0.01390000 0.04248673 0.04727778
v 0.01642727 -0.04248672 -0.04727778
v 0.01642727 -0.04225610 -0.04760267
v 0.01642727 -0.04361657 -0.04472222
v 0.01642727 -0.04399859 -0.04216667
v 0.01642727 -0.04400000 -0.03961111
v 0.01642727 -0.04400000 -0.03705556
v 0.01642727 -0.04400000 -0.03450000
v 0.01642727 -0.04400000 -0.03194444
v 0.01642727 -0.04400000 -0.02938889
v 0.01642727 -0.04400000 -0.02683333
v 0.01642727 -0.04400000 -0.02427778
v 0.01642727 -0.04400000 -0.02172222
v 0.01642727 -0.04400000 -0.01916667
v 0.01642727 -0.04400000 -0.01661111
v 0.01642727 -0.04400000 -0.01405556
v 0.01642727 -0.04400000 -0.01150000
v 0.01642727 -0.04400000 -0.00894444
v 0.01642727 -0.04400000 -0.00638889
v 0.01642727 -0.04400000 -0.00383333
v 0.01642727 -0.04400000 -0.00127778
v 0.01642727 -0.04400000 0.00127778
v 0.01642727 -0.04400000 0.00383333
v 0.01642727 -0.04400000 0.00638889
v 0.01642727 -0.04400000 0.00894444
v 0.01642727 -0.04400000 0.01150000
v 0.01642727 -0.04400000 0.01405556
v 0.01642727 -0.04400000 0.01661111
v 0.01642727 -0.04400000 0.01916667
v 0.01642727 -0.04400000 0.02172222
v 0.01642727 -0.04400000 0.02427778
v 0.01642727 -0.04400000 0.02683333
v 0.01642727 -0.04400000 0.02938889
v 0.01642727 -0.04400000 0.03194444
v 0.01642727 -0.04400000 0.03450000
v 0.01642727 -0.04400000 0.03705556
v 0.01642727 -0.04400000 0.03961111
v 0.01642727 -0.04399859 0.04216667
v 0.01642727 -0.04361657 0.04472222
v 0.01642727 -0.04248672 0.04727778
v 0.01642727 -0.04225610 0.04760266
v 0.01642727 -0.04018419 -0.04983333
v 0.01642727 -0.03984146 -0.05010522
v 0.01642727 -0.04018419 0.04983333
v 0.01642727 -0.03984146 0.05010522
v 0.01642727 -0.03742683 -0.05138407
v 0.01642727 -0.03742683 0.05138407
v 0.01642727 -0.03501220 -0.05194806
v 0.01642727 -0.03501220 0.05194805
v 0.01642727 -0.03259756 -0.05200000
v 0.01642727 -0.03259756 0.05200000
v 0.01642727 -0.03018293 -0.05200000
v 0.01642727 -0.03018293 0.05200000
v 0.01642727 -0.02776829 -0.05200000
v 0.01642727 -0.02776829 0.05200000
v 0.01642727 -0.02535366 -0.05200000
v 0.01642727 -0.02535366 0.05200000
v 0.01642727 -0.02293902 -0.05200000
v 0.01642727 -0.02293902 0.05200000
v 0.01642727 -0.02052439 -0.05200000
v 0.01642727 -0.02052439 0.05200000
v 0.01642727 -0.01810976 -0.05200000
v 0.01642727 -0.01810976 0.05200000
v 0.01642727 -0.01569512 -0.05200000
v 0.01642727 -0.01569512 0.05200000
v 0.01642727 -0.01328049 -0.05200000
v 0.01642727 -0.01328049 0.05200000
v 0.01642727 -0.01086585 -0.05200000
v 0.01642727 -0.01086585 0.05200000
v 0.01642727 -0.00845122 -0.05200000
v 0.01642727 -0.00845122 0.05200000
v 0.01642727 -0.00603659 -0.05200000
v 0.01642727 -0.00603659 0.05200000
v 0.01642727 -0.00362195 -0.05200000
v 0.01642727 -0.00362195 0.05200000
v 0.01642727 -0.00120732 -0.05200000
v 0.01642727 -0.00120732 0.05200000
v 0.01642727 0.00120732 -0.05200000
v 0.01642727 0.00120732 0.05200000
v 0.01642727 0.00362195 -0.05200000
v 0.01642727 0.00362195 0.05200000
v 0.01642727 0.00603659 -0.05200000
v 0.01642727 0.00603659 0.05200000
v 0.01642727 0.00845122 -0.05200000
v 0.01642727 0.00845122 0.05200000
v 0.01642727 0.01086585 -0.05200000
v 0.01642727 0.01086585 0.05200000
v 0.01642727 0.01328049 -0.05200000
v 0.01642727 0.01328049 0.05200000
v 0.01642727 0.01569512 -0.05200000
v 0.01642727 0.01569512 0.05200000
v 0.01642727 0.01810976 -0.05200000
v 0.01642727 0.01810976 0.05200000
v 0.01642727 0.02052439 -0.05200000
v 0.01642727 0.02052439 0.05200000
v 0.01642727 0.02293902 -0.05200000
v 0.01642727 0.02293902 0.05200000
v 0.01642727 0.02535366 -0.05200000
v 0.01642727 0.02535366 0.05200000
v 0.01642727 0.02776829 -0.05200000
v 0.01642727 0.02776829 0.05200000
v 0.01642727 0.03018293 -0.05200000
v 0.01642727 0.03018293 0.05200000
v 0.01642727 0.03259756 -0.05200000
v 0.01642727 0.03259756 0.05200000
v 0.01642727 0.03501220 -0.05194806
v 0.01642727 0.03501220 0.05194805
v 0.01642727 0.03742683 -0.05138407
v 0.01642727 0.03742683 0.05138407
v 0.01642727 0.03984146 -0.05010522
v 0.01642727 0.03984146 0.05010522
v 0.01642727 0.04018419 -0.04983333
v 0.01642727 0.04225610 -0.04760267
v 0.01642727 0.04225610 0.04760266
v 0.01642727 0.04018419 0.04983333
v 0.01642727 0.04248673 -0.04727778
v 0.01642727 0.04361657 -0.04472222
v 0.01642727 0.04399859 -0.04216667
v 0.01642727 0.04400000 -0.03961111
v 0.01642727 0.04400000 -0.03705556
v 0.01642727 0.04400000 -0.03450000
v 0.01642727 0.04400000 -0.03194444
v 0.01642727 0.04400000 -0.02938889
v 0.01642727 0.04400000 -0.02683333
v 0.01642727 0.04400000 -0.02427778
v 0.01642727 0.04400000 -0.02172222
v 0.01642727 0.04400000 -0.01916667
v 0.01642727 0.04400000 -0.01661111
v 0.01642727 0.04400000 -0.01405556
v 0.01642727 0.04400000 -0.01150000
v 0.01642727 0.04400000 -0.00894444
v 0.01642727 0.04400000 -0.00638889
v 0.01642727 0.04400000 -0.00383333
v 0.01642727 0.04400000 -0.00127778
v 0.01642727 0.04400000 0.00127778
v 0.01642727 0.04400000 0.00383333
v 0.01642727 0.04400000 0.00638889
v 0.01642727 0.04400000 0.00894444
v 0.01642727 0.04400000 0.01150000
v 0.01642727 0.04400000 0.01405556
v 0.01642727 0.04400000 0.01661111
v 0.01642727 0.04400000 0.01916667
v 0.01642727 0.04400000 0.02172222
v 0.01642727 0.04400000 0.02427778
v 0.01642727 0.04400000 0.02683333
v 0.01642727 0.04400000 0.02938889
v 0.01642727 0.04400000 0.03194444
v 0.01642727 0.04400000 0.03450000
v 0.01642727 0.04400000 0.03705556
v 0.01642727 0.04400000 0.03961111
v 0.01642727 0.04399859 0.04216667
v 0.01642727 0.04361657 0.04472222
v 0.01642727 0.04248673 0.04727778
v 0.01895455 -0.04248672 -0.04727778
v 0.01895455 -0.04225610 -0.04760267
v 0.01895455 -0.04361657 -0.04472222
v 0.01895455 -0.04399859 -0.04216667
v 0.01895455 -0.04400000 -0.03961111
v 0.01895455 -0.04400000 -0.03705556
v 0.01895455 -0.04400000 -0.03450000
v 0.01895455 -0.04400000 -0.03194444
v 0.01895455 -0.04400000 -0.02938889
v 0.01895455 -0.04400000 -0.02683333
v 0.01895455 -0.04400000 -0.02427778
v 0.01895455 -0.04400000 -0.02172222
v 0.01895455 -0.04400000 -0.01916667
v 0.01895455 -0.04400000 -0.01661111
v 0.01895455 -0.04400000 -0.01405556
v 0.01895455 -0.04400000 -0.01150000
v 0.01895455 -0.04400000 -0.00894444
v 0.01895455 -0.04400000 -0.00638889
v 0.01895455 -0.04400000 -0.00383333
v 0.01895455 -0.04400000 -0.00127778
v 0.01895455 -0.04400000 0.00127778
v 0.01895455 -0.04400000 0.00383333
v 0.01895455 -0.04400000 0.00638889
v 0.01895455 -0.04400000 0.00894444
v 0.01895455 -0.04400000 0.01150000
v 0.01895455 -0.04400000 0.01405556
v 0.01895455 -0.04400000 0.01661111
v 0.01895455 -0.04400000 0.01916667
v 0.01895455 -0.04400000 0.02172222
v 0.01895455 -0.04400000 0.02427778
v 0.01895455 -0.04400000 0.02683333
v 0.01895455 -0.04400000 0.02938889
v 0.01895455 -0.04400000 0.03194444
v 0.01895455 -0.04400000 0.03450000
v 0.01895455 -0.04400000 0.03705556
v 0.01895455 -0.04400000 0.03961111
v 0.01895455 -0.04399859 0.04216667
v 0.01895455 -0.04361657 0.04472222
v 0.01895455 -0.04248672 0.04727778
v 0.01895455 -0.04225610 0.04760266
v 0.01895455 -0.04018419 -0.04983333
v 0.01895455 -0.03984146 -0.05010522
v 0.01895455 -0.04018419 0.04983333
v 0.01895455 -0.03984146 0.05010522
v 0.01895455 -0.03742683 -0.05138407
v 0.01895455 -0.03742683 0.05138407
v 0.01895455 -0.03501220 -0.05194806
v 0.01895455 -0.03501220 0.05194805
v 0.01895455 -0.03259756 -0.05200000
v 0.01895455 -0.03259756 0.05200000
v 0.01895455 -0.03018293 -0.05200000
v 0.01895455 -0.03018293 0.05200000
v 0.01895455 -0.02776829 -0.05200000
v 0.01895455 -0.02776829 0.05200000
v 0.01895455 -0.02535366 -0.05200000
v 0.01895455 -0.02535366 0.05200000
v 0.01895455 -0.02293902 -0.05200000
v 0.01895455 -0.02293902 0.05200000
v 0.01895455 -0.02052439 -0.05200000
v 0.01895455 -0.02052439 0.05200000
v 0.01895455 -0.01810976 -0.05200000
v 0.01895455 -0.01810976 0.05200000
v 0.01895455 -0.01569512 -0.05200000
v 0.01895455 -0.01569512 0.05200000
v 0.01895455 -0.01328049 -0.05200000
v 0.01895455 -0.01328049 0.05200000
v 0.01895455 -0.01086585 -0.05200000
v 0.01895455 -0.01086585 0.05200000
v 0.01895455 -0.00845122 -0.05200000
v 0.01895455 -0.00845122 0.05200000
v 0.01895455 -0.00603659 -0.05200000
v 0.01895455 -0.00603659 0.05200000
v 0.01895455 -0.00362195 -0.05200000
v 0.01895455 -0.00362195 0.05200000
v 0.01895455 -0.00120732 -0.05200000
v 0.01895455 -0.00120732 0.05200000
v 0.01895455 0.00120732 -0.05200000
v 0.01895455 0.00120732 0.05200000
v 0.01895455 0.00362195 -0.05200000
v 0.01895455 0.00362195 0.05200000
v 0.01895455 0.00603659 -0.05200000
v 0.01895455 0.00603659 0.05200000
v 0.01895455 0.00845122 -0.05200000
v 0.01895455 0.00845122 0.05200000
v 0.01895455 0.01086585 -0.05200000
v 0.01895455 0.01086585 0.05200000
v 0.01895455 0.01328049 -0.05200000
v 0.01895455 0.01328049 0.05200000
v 0.01895455 0.01569512 -0.05200000
v 0.01895455 0.01569512 0.05200000
v 0.01895455 0.01810976 -0.05200000
v 0.01895455 0.01810976 0.05200000
v 0.01895455 0.02052439 -0.05200000
v 0.01895455 0.02052439 0.05200000
v 0.01895455 0.02293902 -0.05200000
v 0.01895455 0.02293902 0.05200000
v 0.01895455 0.02535366 -0.05200000
v 0.01895455 0.02535366 0.05200000
v 0.01895455 0.02776829 -0.05200000
v 0.01895455 0.02776829 0.05200000
v 0.01895455 0.03018293 -0.05200000
v 0.01895455 0.03018293 0.05200000
v 0.01895455 0.03259756 -0.05200000
v 0.01895455 0.03259756 0.05200000
v 0.01895455 0.03501220 -0.05194806
v 0.01895455 0.03501220 0.05194805
v 0.01895455 0.03742683 -0.05138407
v 0.01895455 0.03742683 0.05138407
v 0.01895455 0.03984146 -0.05010522
v 0.01895455 0.03984146 0.05010522
v 0.01895455 0.04018419 -0.04983333
v 0.01895455 0.04225610 -0.04760267
v 0.01895455 0.04225610 0.04760266
v 0.01895455 0.04018419 0.04983333
v 0.01895455 0.04248673 -0.04727778
v 0.01895455 0.04361657 -0.04472222
v 0.01895455 0.04399859 -0.04216667
v 0.01895455 0.04400000 -0.03961111
v 0.01895455 0.04400000 -0.03705556
v 0.01895455 0.04400000 -0.03450000
v 0.01895455 0.04400000 -0.03194444
v 0.01895455 0.04400000 -0.02938889
v 0.01895455 0.04400000 -0.02683333
v 0.01895455 0.04400000 -0.02427778
v 0.01895455 0.04400000 -0.02172222
v 0.01895455 0.04400000 -0.01916667
v 0.01895455 0.04400000 -0.01661111
v 0.01895455 0.04400000 -0.01405556
v 0.01895455 0.04400000 -0.01150000
v 0.01895455 0.04400000 -0.00894444
v 0.01895455 0.04400000 -0.00638889
v 0.01895455 0.04400000 -0.00383333
v 0.01895455 0.04400000 -0.00127778
v 0.01895455 0.04400000 0.00127778
v 0.01895455 0.04400000 0.00383333
v 0.01895455 0.04400000 0.00638889
v 0.01895455 0.04400000 0.00894444
v 0.01895455 0.04400000 0.01150000
v 0.01895455 0.04400000 0.01405556
v 0.01895455 0.04400000 0.01661111
v 0.01895455 0.04400000 0.01916667
v 0.01895455 0.04400000 0.02172222
v 0.01895455 0.04400000 0.02427778
v 0.01895455 0.04400000 0.02683333
v 0.01895455 0.04400000 0.02938889
v 0.01895455 0.04400000 0.03194444
v 0.01895455 0.04400000 0.03450000
v 0.01895455 0.04400000 0.03705556
v 0.01895455 0.04400000 0.03961111
v 0.01895455 0.04399859 0.04216667
v 0.01895455 0.04361657 0.04472222
v 0.01895455 0.04248673 0.04727778
v 0.02148182 -0.04248672 -0.04727778
v 0.02148182 -0.04225610 -0.04760267
v 0.02148182 -0.04361657 -0.04472222
v 0.02148182 -0.04399859 -0.04216667
v 0.02148182 -0.04400000 -0.03961111
v 0.02148182 -0.04400000 -0.03705556
v 0.02148182 -0.04400000 -0.03450000
v 0.02148182 -0.04400000 -0.03194444
v 0.02148182 -0.04400000 -0.02938889
v 0.02148182 -0.04400000 -0.02683333
v 0.02148182 -0.04400000 -0.02427778
v 0.02148182 -0.04400000 -0.02172222
v 0.02148182 -0.04400000 -0.01916667
v 0.02148182 -0.04400000 -0.01661111
v 0.02148182 -0.04400000 -0.01405556
v 0.02148182 -0.04400000 -0.01150000
v 0.02148182 -0.04400000 -0.00894444
v 0.02148182 -0.04400000 -0.00638889
v 0.02148182 -0.04400000 -0.00383333
v 0.02148182 -0.04400000 -0.00127778
v 0.02148182 -0.04400000 0.00127778
v 0.02148182 -0.04400000 0.00383333
v 0.02148182 -0.04400000 0.00638889
v 0.02148182 -0.04400000 0.00894444
v 0.02148182 -0.04400000 0.01150000
v 0.02148182 -0.04400000 0.01405556
v 0.02148182 -0.04400000 0.01661111
v 0.02148182 -0.04400000 0.01916667
v 0.02148182 -0.04400000 0.02172222
v 0.02148182 -0.04400000 0.02427778
v 0.02148182 -0.04400000 0.02683333
v 0.02148182 -0.04400000 0.02938889
v 0.02148182 -0.04400000 0.03194444
v 0.02148182 -0.04400000 0.03450000
v 0.02148182 -0.04400000 0.03705556
v 0.02148182 -0.04400000 0.03961111
v 0.02148182 -0.04399859 0.04216667
v 0.02148182 -0.04361657 0.04472222
v 0.02148182 -0.04248672 0.04727778
v 0.02148182 -0.04225610 0.04760266
v 0.02148182 -0.04018419 -0.04983333
v 0.02148182 -0.03984146 -0.05010522
v 0.02148182 -0.04018419 0.04983333
v 0.02148182 -0.03984146 0.05010522
v 0.02148182 -0.03742683 -0.05138407
v 0.02148182 -0.03742683 0.05138407
v 0.02148182 -0.03501220 -0.05194806
v 0.02148182 -0.03501220 0.05194805
v 0.02148182 -0.03259756 -0.05200000
v 0.02148182 -0.03259756 0.05200000
v 0.02148182 -0.03018293 -0.05200000
v 0.02148182 -0.03018293 0.05200000
v 0.02148182 -0.02776829 -0.05200000
v 0.02148182 -0.02776829 0.05200000
v 0.02148182 -0.02535366 -0.05200000
v 0.02148182 -0.02535366 0.05200000
v 0.02148182 -0.02293902 -0.05200000
v 0.02148182 -0.02293902 0.05200000
v 0.02148182 -0.02052439 -0.05200000
v 0.02148182 -0.02052439 0.05200000
v 0.02148182 -0.01810976 -0.05200000
v 0.02148182 -0.01810976 0.05200000
v 0.02148182 -0.01569512 -0.05200000
v 0.02148182 -0.01569512 0.05200000
v 0.02148182 -0.01328049 -0.05200000
v 0.02148182 -0.01328049 0.05200000
v 0.02148182 -0.01086585 -0.05200000
v 0.02148182 -0.01086585 0.05200000
v 0.02148182 -0.00845122 -0.05200000
v 0.02148182 -0.00845122 0.05200000
v 0.02148182 -0.00603659 -0.05200000
v 0.02148182 -0.00603659 0.05200000
v 0.02148182 -0.00362195 -0.05200000
v 0.02148182 -0.00362195 0.05200000
v 0.02148182 -0.00120732 -0.05200000
v 0.02148182 -0.00120732 0.05200000
v 0.02148182 0.00120732 -0.05200000
v 0.02148182 0.00120732 0.05200000
v 0.02148182 0.00362195 -0.05200000
v 0.02148182 0.00362195 0.05200000
v 0.02148182 0.00603659 -0.05200000
v 0.02148182 0.00603659 0.05200000
v 0.02148182 0.00845122 -0.05200000
v 0.02148182 0.00845122 0.05200000
v 0.02148182 0.01086585 -0.05200000
v 0.02148182 0.01086585 0.05200000
v 0.02148182 0.01328049 -0.05200000
v 0.02148182 0.01328049 0.05200000
v 0.02148182 0.01569512 -0.05200000
v 0.02148182 0.01569512 0.05200000
v 0.02148182 0.01810976 -0.05200000
v 0.02148182 0.01810976 0.05200000
v 0.02148182 0.02052439 -0.05200000
v 0.02148182 0.02052439 0.05200000
v 0.02148182 0.02293902 -0.05200000
v 0.02148182 0.02293902 0.05200000
v 0.02148182 0.02535366 -0.05200000
v 0.02148182 0.02535366 0.05200000
v 0.02148182 0.02776829 -0.05200000
v 0.02148182 0.02776829 0.05200000
v 0.02148182 0.03018293 -0.05200000
v 0.02148182 0.03018293 0.05200000
v 0.02148182 0.03259756 -0.05200000
v 0.02148182 0.03259756 0.05200000
v 0.02148182 0.03501220 -0.05194806
v 0.02148182 0.03501220 0.05194805
v 0.02148182 0.03742683 -0.05138407
v 0.02148182 0.03742683 0.05138407
v 0.02148182 0.03984146 -0.05010522
v 0.02148182 0.03984146 0.05010522
v 0.02148182 0.04018419 -0.04983333
v 0.02148182 0.04225610 -0.04760267
v 0.02148182 0.04225610 0.04760266
v 0.02148182 0.04018419 0.04983333
v 0.02148182 0.04248673 -0.04727778
v 0.02148182 0.04361657 -0.04472222
v 0.02148182 0.04399859 -0.04216667
v 0.02148182 0.04400000 -0.03961111
v 0.02148182 0.04400000 -0.03705556
v 0.02148182 0.04400000 -0.03450000
v 0.02148182 0.04400000 -0.03194444
v 0.02148182 0.04400000 -0.02938889
v 0.02148182 0.04400000 -0.02683333
v 0.02148182 0.04400000 -0.02427778
v 0.02148182 0.04400000 -0.02172222
v 0.02148182 0.04400000 -0.01916667
v 0.02148182 0.04400000 -0.01661111
v 0.02148182 0.04400000 -0.01405556
v 0.02148182 0.04400000 -0.01150000
v 0.02148182 0.04400000 -0.00894444
v 0.02148182 0.04400000 -0.00638889
v 0.02148182 0.04400000 -0.00383333
v 0.02148182 0.04400000 -0.00127778
v 0.02148182 0.04400000 0.00127778
v 0.02148182 0.04400000 0.00383333
v 0.02148182 0.04400000 0.00638889
v 0.02148182 0.04400000 0.00894444
v 0.02148182 0.04400000 0.01150000
v 0.02148182 0.04400000 0.01405556
v 0.02148182 0.04400000 0.01661111
v 0.02148182 0.04400000 0.01916667
v 0.02148182 0.04400000 0.02172222
v 0.02148182 0.04400000 0.02427778
v 0.02148182 0.04400000 0.02683333
v 0.02148182 0.04400000 0.02938889
v 0.02148182 0.04400000 0.03194444
v 0.02148182 0.04400000 0.03450000
v 0.02148182 0.04400000 0.03705556
v 0.02148182 0.04400000 0.03961111
v 0.02148182 0.04399859 0.04216667
v 0.02148182 0.04361657 0.04472222
v 0.02148182 0.04248673 0.04727778
v 0.02400909 -0.04248672 -0.04727778
v 0.02400909 -0.04225610 -0.04760267
v 0.02400909 -0.04361657 -0.04472222
v 0.02400909 -0.04399859 -0.04216667
v 0.02400909 -0.04400000 -0.03961111
v 0.02400909 -0.04400000 -0.03705556
v 0.02400909 -0.04400000 -0.03450000
v 0.02400909 -0.04400000 -0.03194444
v 0.02400909 -0.04400000 -0.02938889
v 0.02400909 -0.04400000 -0.02683333
v 0.02400909 -0.04400000 -0.02427778
v 0.02400909 -0.04400000 -0.02172222
v 0.02400909 -0.04400000 -0.01916667
v 0.02400909 -0.04400000 -0.01661111
v 0.02400909 -0.04400000 -0.01405556
v 0.02400909 -0.04400000 -0.01150000
v 0.02400909 -0.04400000 -0.00894444
v 0.02400909 -0.04400000 -0.00638889
v 0.02400909 -0.04400000 -0.00383333
v 0.02400909 -0.04400000 -0.00127778
v 0.02400909 -0.04400000 0.00127778
v 0.02400909 -0.04400000 0.00383333
v 0.02400909 -0.04400000 0.00638889
v 0.02400909 -0.04400000 0.00894444
v 0.02400909 -0.04400000 0.01150000
v 0.02400909 -0.04400000 0.01405556
v 0.02400909 -0.04400000 0.01661111
v 0.02400909 -0.04400000 0.01916667
v 0.02400909 -0.04400000 0.02172222
v 0.02400909 -0.04400000 0.02427778
v 0.02400909 -0.04400000 0.02683333
v 0.02400909 -0.04400000 0.02938889
v 0.02400909 -0.04400000 0.03194444
v 0.02400909 -0.04400000 0.03450000
v 0.02400909 -0.04400000 0.03705556
v 0.02400909 -0.04400000 0.03961111
v 0.02400909 -0.04399859 0.04216667
v 0.02400909 -0.04361657 0.04472222
v 0.02400909 -0.04248672 0.04727778
v 0.02400909 -0.04225610 0.04760266
v 0.02400909 -0.04018419 -0.04983333
v 0.02400909 -0.03984146 -0.05010522
v 0.02400909 -0.04018419 0.04983333
v 0.02400909 -0.03984146 0.05010522
v 0.02400909 -0.03742683 -0.05138407
v 0.02400909 -0.03742683 0.05138407
v 0.02400909 -0.03501220 -0.05194806
v 0.02400909 -0.03501220 0.05194805
v 0.02400909 -0.03259756 -0.05200000
v 0.02400909 -0.03259756 0.05200000
v 0.02400909 -0.03018293 -0.05200000
v 0.02400909 -0.03018293 0.05200000
v 0.02400909 -0.02776829 -0.05200000
v 0.02400909 -0.02776829 0.05200000
v 0.02400909 -0.02535366 -0.05200000
v 0.02400909 -0.02535366 0.05200000
v 0.02400909 -0.02293902 -0.05200000
v 0.02400909 -0.02293902 0.05200000
v 0.02400909 -0.02052439 -0.05200000
v 0.02400909 -0.02052439 0.05200000
v 0.02400909 -0.01810976 -0.05200000
v 0.02400909 -0.01810976 0.05200000
v 0.02400909 -0.01569512 -0.05200000
v 0.02400909 -0.01569512 0.05200000
v 0.02400909 -0.01328049 -0.05200000
v 0.02400909 -0.01328049 0.05200000
v 0.02400909 -0.01086585 -0.05200000
v 0.02400909 -0.01086585 0.05200000
v 0.02400909 -0.00845122 -0.05200000
v 0.02400909 -0.00845122 0.05200000
v 0.02400909 -0.00603659 -0.05200000
v 0.02400909 -0.00603659 0.05200000
v 0.02400909 -0.00362195 -0.05200000
v 0.02400909 -0.00362195 0.05200000
v 0.02400909 -0.00120732 -0.05200000
v 0.02400909 -0.00120732 0.05200000
v 0.02400909 0.00120732 -0.05200000
v 0.02400909 0.00120732 0.05200000
v 0.02400909 0.00362195 -0.05200000
v 0.02400909 0.00362195 0.05200000
v 0.02400909 0.00603659 -0.05200000
v 0.02400909 0.00603659 0.05200000
v 0.02400909 0.00845122 -0.05200000
v 0.02400909 0.00845122 0.05200000
v 0.02400909 0.01086585 -0.05200000
v 0.02400909 0.01086585 0.05200000
v 0.02400909 0.01328049 -0.05200000
v 0.02400909 0.01328049 0.05200000
v 0.02400909 0.01569512 -0.05200000
v 0.02400909 0.01569512 0.05200000
v 0.02400909 0.01810976 -0.05200000
v 0.02400909 0.01810976 0.05200000
v 0.02400909 0.02052439 -0.05200000
v 0.02400909 0.02052439 0.05200000
v 0.02400909 0.02293902 -0.05200000
v 0.02400909 0.02293902 0.05200000
v 0.02400909 0.02535366 -0.05200000
v 0.02400909 0.02535366 0.05200000
v 0.02400909 0.02776829 -0.05200000
v 0.02400909 0.02776829 0.05200000
v 0.02400909 0.03018293 -0.05200000
v 0.02400909 0.03018293 0.05200000
v 0.02400909 0.03259756 -0.05200000
v 0.02400909 0.03259756 0.05200000
v 0.02400909 0.03501220 -0.05194806
v 0.02400909 0.03501220 0.05194805
v 0.02400909 0.03742683 -0.05138407
v 0.02400909 0.03742683 0.05138407
v 0.02400909 0.03984146 -0.05010522
v 0.02400909 0.03984146 0.05010522
v 0.02400909 0.04018419 -0.04983333
v 0.02400909 0.04225610 -0.04760267
v 0.02400909 0.04225610 0.04760266
v 0.02400909 0.04018419 0.04983333
v 0.02400909 0.04248673 -0.04727778
v 0.02400909 0.04361657 -0.04472222
v 0.02400909 0.04399859 -0.04216667
v 0.02400909 0.04400000 -0.03961111
v 0.02400909 0.04400000 -0.03705556
v 0.02400909 0.04400000 -0.03450000
v 0.02400909 0.04400000 -0.03194444
v 0.02400909 0.04400000 -0.02938889
v 0.02400909 0.04400000 -0.02683333
v 0.02400909 0.04400000 -0.02427778
v 0.02400909 0.04400000 -0.02172222
v 0.02400909 0.04400000 -0.01916667
v 0.02400909 0.04400000 -0.01661111
v 0.02400909 0.04400000 -0.01405556
v 0.02400909 0.04400000 -0.01150000
v 0.02400909 0.04400000 -0.00894444
v 0.02400909 0.04400000 -0.00638889
v 0.02400909 0.04400000 -0.00383333
v 0.02400909 0.04400000 -0.00127778
v 0.02400909 0.04400000 0.00127778
v 0.02400909 0.04400000 0.00383333
v 0.02400909 0.04400000 0.00638889
v 0.02400909 0.04400000 0.00894444
v 0.02400909 0.04400000 0.01150000
v 0.02400909 0.04400000 0.01405556
v 0.02400909 0.04400000 0.01661111
v 0.02400909 0.04400000 0.01916667
v 0.02400909 0.04400000 0.02172222
v 0.02400909 0.04400000 0.02427778
v 0.02400909 0.04400000 0.02683333
v 0.02400909 0.04400000 0.02938889
v 0.02400909 0.04400000 0.03194444
v 0.02400909 0.04400000 0.03450000
v 0.02400909 0.04400000 0.03705556
v 0.02400909 0.04400000 0.03961111
v 0.02400909 0.04399859 0.04216667
v 0.02400909 0.04361657 0.04472222
v 0.02400909 0.04248673 0.04727778
v 0.02653636 -0.04248672 -0.04727778
v 0.02653636 -0.04225610 -0.04760267
v 0.02653636 -0.04361657 -0.04472222
v 0.02653636 -0.04399859 -0.04216667
v 0.02653636 -0.04400000 -0.03961111
v 0.02653636 -0.04400000 -0.03705556
v 0.02653636 -0.04400000 -0.03450000
v 0.02653636 -0.04400000 -0.03194444
v 0.02653636 -0.04400000 -0.02938889
v 0.02653636 -0.04400000 -0.02683333
v 0.02653636 -0.04400000 -0.02427778
v 0.02653636 -0.04400000 -0.02172222
v 0.02653636 -0.04400000 -0.01916667
v 0.02653636 -0.04400000 -0.01661111
v 0.02653636 -0.04400000 -0.01405556
v 0.02653636 -0.04400000 -0.01150000
v 0.02653636 -0.04400000 -0.00894444
v 0.02653636 -0.04400000 -0.00638889
v 0.02653636 -0.04400000 -0.00383333
v 0.02653636 -0.04400000 -0.00127778
v 0.02653636 -0.04400000 0.00127778
v 0.02653636 -0.04400000 0.00383333
v 0.02653636 -0.04400000 0.00638889
v 0.02653636 -0.04400000 0.00894444
v 0.02653636 -0.04400000 0.01150000
v 0.02653636 -0.04400000 0.01405556
v 0.02653636 -0.04400000 0.01661111
v 0.02653636 -0.04400000 0.01916667
v 0.02653636 -0.04400000 0.02172222
v 0.02653636 -0.04400000 0.02427778
v 0.02653636 -0.04400000 0.02683333
v 0.02653636 -0.04400000 0.02938889
v 0.02653636 -0.04400000 0.03194444
v 0.02653636 -0.04400000 0.03450000
v 0.02653636 -0.04400000 0.03705556
v 0.02653636 -0.04400000 0.03961111
v 0.02653636 -0.04399859 0.04216667
v 0.02653636 -0.04361657 0.04472222
v 0.02653636 -0.04248672 0.04727778
v 0.02653636 -0.04225610 0.04760266
v 0.02653636 -0.04018419 -0.04983333
v 0.02653636 -0.03984146 -0.05010522
v 0.02653636 -0.04018419 0.04983333
v 0.02653636 -0.03984146 0.05010522
v 0.02653636 -0.03742683 -0.05138407
v 0.02653636 -0.03742683 0.05138407
v 0.02653636 -0.03501220 -0.05194806
v 0.02653636 -0.03501220 0.05194805
v 0.02653636 -0.03259756 -0.05200000
v 0.02653636 -0.03259756 0.05200000
v 0.02653636 -0.03018293 -0.05200000
v 0.02653636 -0.03018293 0.05200000
v 0.02653636 -0.02776829 -0.05200000
v 0.02653636 -0.02776829 0.05200000
v 0.02653636 -0.02535366 -0.05200000
v 0.02653636 -0.02535366 0.05200000
v 0.02653636 -0.02293902 -0.05200000
v 0.02653636 -0.02293902 0.05200000
v 0.02653636 -0.02052439 -0.05200000
v 0.02653636 -0.02052439 0.05200000
v 0.02653636 -0.01810976 -0.05200000
v 0.02653636 -0.01810976 0.05200000
v 0.02653636 -0.01569512 -0.05200000
v 0.02653636 -0.01569512 0.05200000
v 0.02653636 -0.01328049 -0.05200000
v 0.02653636 -0.01328049 0.05200000
v 0.02653636 -0.01086585 -0.05200000
v 0.02653636 -0.01086585 0.05200000
v 0.02653636 -0.00845122 -0.05200000
v 0.02653636 -0.00845122 0.05200000
v 0.02653636 -0.00603659 -0.05200000
v 0.02653636 -0.00603659 0.05200000
v 0.02653636 -0.00362195 -0.05200000
v 0.02653636 -0.00362195 0.05200000
v 0.02653636 -0.00120732 -0.05200000
v 0.02653636 -0.00120732 0.05200000
v 0.02653636 0.00120732 -0.05200000
v 0.02653636 0.00120732 0.05200000
v 0.02653636 0.00362195 -0.05200000
v 0.02653636 0.00362195 0.05200000
v 0.02653636 0.00603659 -0.05200000
v 0.02653636 0.00603659 0.05200000
v 0.02653636 0.00845122 -0.05200000
v 0.02653636 0.00845122 0.05200000
v 0.02653636 0.01086585 -0.05200000
v 0.02653636 0.01086585 0.05200000
v 0.02653636 0.01328049 -0.05200000
v 0.02653636 0.01328049 0.05200000
v 0.02653636 0.01569512 -0.05200000
v 0.02653636 0.01569512 0.05200000
v 0.02653636 0.01810976 -0.05200000
v 0.02653636 0.01810976 0.05200000
v 0.02653636 0.02052439 -0.05200000
v 0.02653636 0.02052439 0.05200000
v 0.02653636 0.02293902 -0.05200000
v 0.02653636 0.02293902 0.05200000
v 0.02653636 0.02535366 -0.05200000
v 0.02653636 0.02535366 0.05200000
v 0.02653636 0.02776829 -0.05200000
v 0.02653636 0.02776829 0.05200000
v 0.02653636 0.03018293 -0.05200000
v 0.02653636 0.03018293 0.05200000
v 0.02653636 0.03259756 -0.05200000
v 0.02653636 0.03259756 0.05200000
v 0.02653636 0.03501220 -0.05194806
v 0.02653636 0.03501220 0.05194805
v 0.02653636 0.03742683 -0.05138407
v 0.02653636 0.03742683 0.05138407
v 0.02653636 0.03984146 -0.05010522
v 0.02653636 0.03984146 0.05010522
v 0.02653636 0.04018419 -0.04983333
v 0.02653636 0.04225610 -0.04760267
v 0.02653636 0.04225610 0.04760266
v 0.02653636 0.04018419 0.04983333
v 0.02653636 0.04248673 -0.04727778
v 0.02653636 0.04361657 -0.04472222
v 0.02653636 0.04399859 -0.04216667
v 0.02653636 0.04400000 -0.03961111
v 0.02653636 0.04400000 -0.03705556
v 0.02653636 0.04400000 -0.03450000
v 0.02653636 0.04400000 -0.03194444
v 0.02653636 0.04400000 -0.02938889
v 0.02653636 0.04400000 -0.02683333
v 0.02653636 0.04400000 -0.02427778
v 0.02653636 0.04400000 -0.02172222
v 0.02653636 0.04400000 -0.01916667
v 0.02653636 0.04400000 -0.01661111
v 0.02653636 0.04400000 -0.01405556
v 0.02653636 0.04400000 -0.01150000
v 0.02653636 0.04400000 -0.00894444
v 0.02653636 0.04400000 -0.00638889
v 0.02653636 0.04400000 -0.00383333
v 0.02653636 0.04400000 -0.00127778
v 0.02653636 0.04400000 0.00127778
v 0.02653636 0.04400000 0.00383333
v 0.02653636 0.04400000 0.00638889
v 0.02653636 0.04400000 0.00894444
v 0.02653636 0.04400000 0.01150000
v 0.02653636 0.04400000 0.01405556
v 0.02653636 0.04400000 0.01661111
v 0.02653636 0.04400000 0.01916667
v 0.02653636 0.04400000 0.02172222
v 0.02653636 0.04400000 0.02427778
v 0.02653636 0.04400000 0.02683333
v 0.02653636 0.04400000 0.02938889
v 0.02653636 0.04400000 0.03194444
v 0.02653636 0.04400000 0.03450000
v 0.02653636 0.04400000 0.03705556
v 0.02653636 0.04400000 0.03961111
v 0.02653636 0.04399859 0.04216667
v 0.02653636 0.04361657 0.04472222
v 0.02653636 0.04248673 0.04727778
v 0.02906364 -0.04248672 -0.04727778
v 0.02906364 -0.04225610 -0.04760267
v 0.02906364 -0.04361657 -0.04472222
v 0.02906364 -0.04399859 -0.04216667
v 0.02906364 -0.04400000 -0.03961111
v 0.02906364 -0.04400000 -0.03705556
v 0.02906364 -0.04400000 -0.03450000
v 0.02906364 -0.04400000 -0.03194444
v 0.02906364 -0.04400000 -0.02938889
v 0.02906364 -0.04400000 -0.02683333
v 0.02906364 -0.04400000 -0.02427778
v 0.02906364 -0.04400000 -0.02172222
v 0.02906364 -0.04400000 -0.01916667
v 0.02906364 -0.04400000 -0.01661111
v 0.02906364 -0.04400000 -0.01405556
v 0.02906364 -0.04400000 -0.01150000
v 0.02906364 -0.04400000 -0.00894444
v 0.02906364 -0.04400000 -0.00638889
v 0.02906364 -0.04400000 -0.00383333
v 0.02906364 -0.04400000 -0.00127778
v 0.02906364 -0.04400000 0.00127778
v 0.02906364 -0.04400000 0.00383333
v 0.02906364 -0.04400000 0.00638889
v 0.02906364 -0.04400000 0.00894444
v 0.02906364 -0.04400000 0.01150000
v 0.02906364 -0.04400000 0.01405556
v 0.02906364 -0.04400000 0.01661111
v 0.02906364 -0.04400000 0.01916667
v 0.02906364 -0.04400000 0.02172222
v 0.02906364 -0.04400000 0.02427778
v 0.02906364 -0.04400000 0.02683333
v 0.02906364 -0.04400000 0.02938889
v 0.02906364 -0.04400000 0.03194444
v 0.02906364 -0.04400000 0.03450000
v 0.02906364 -0.04400000 0.03705556
v 0.02906364 -0.04400000 0.03961111
v 0.02906364 -0.04399859 0.04216667
v 0.02906364 -0.04361657 0.04472222
v 0.02906364 -0.04248672 0.04727778
v 0.02906364 -0.04225610 0.04760266
v 0.02906364 -0.04018419 -0.04983333
v 0.02906364 -0.03984146 -0.05010522
v 0.02906364 -0.04018419 0.04983333
v 0.02906364 -0.03984146 0.05010522
v 0.02906364 -0.03742683 -0.05138407
v 0.02906364 -0.03742683 0.05138407
v 0.02906364 -0.03501220 -0.05194806
v 0.02906364 -0.03501220 0.05194805
v 0.02906364 -0.03259756 -0.05200000
v 0.02906364 -0.03259756 0.05200000
v 0.02906364 -0.03018293 -0.05200000
v 0.02906364 -0.03018293 0.05200000
v 0.02906364 -0.02776829 -0.05200000
v 0.02906364 -0.02776829 0.05200000
v 0.02906364 -0.02535366 -0.05200000
v 0.02906364 -0.02535366 0.05200000
v 0.02906364 -0.02293902 -0.05200000
v 0.02906364 -0.02293902 0.05200000
v 0.02906364 -0.02052439 -0.05200000
v 0.02906364 -0.02052439 0.05200000
v 0.02906364 -0.01810976 -0.05200000
v 0.02906364 -0.01810976 0.05200000
v 0.02906364 -0.01569512 -0.05200000
v 0.02906364 -0.01569512 0.05200000
v 0.02906364 -0.01328049 -0.05200000
v 0.02906364 -0.01328049 0.05200000
v 0.02906364 -0.01086585 -0.05200000
v 0.02906364 -0.01086585 0.05200000
v 0.02906364 -0.00845122 -0.05200000
v 0.02906364 -0.00845122 0.05200000
v 0.02906364 -0.00603659 -0.05200000
v 0.02906364 -0.00603659 0.05200000
v 0.02906364 -0.00362195 -0.05200000
v 0.02906364 -0.00362195 0.05200000
v 0.02906364 -0.00120732 -0.05200000
v 0.02906364 -0.00120732 0.05200000
v 0.02906364 0.00120732 -0.05200000
v 0.02906364 0.00120732 0.05200000
v 0.02906364 0.00362195 -0.05200000
v 0.02906364 0.00362195 0.05200000
v 0.02906364 0.00603659 -0.05200000
v 0.02906364 0.00603659 0.05200000
v 0.02906364 0.00845122 -0.05200000
v 0.02906364 0.00845122 0.05200000
v 0.02906364 0.01086585 -0.05200000
v 0.02906364 0.01086585 0.05200000
v 0.02906364 0.01328049 -0.05200000
v 0.02906364 0.01328049 0.05200000
v 0.02906364 0.01569512 -0.05200000
v 0.02906364 0.01569512 0.05200000
v 0.02906364 0.01810976 -0.05200000
v 0.02906364 0.01810976 0.05200000
v 0.02906364 0.02052439 -0.05200000
v 0.02906364 0.02052439 0.05200000
v 0.02906364 0.02293902 -0.05200000
v 0.02906364 0.02293902 0.05200000
v 0.02906364 0.02535366 -0.05200000
v 0.02906364 0.02535366 0.05200000
v 0.02906364 0.02776829 -0.05200000
v 0.02906364 0.02776829 0.05200000
v 0.02906364 0.03018293 -0.05200000
v 0.02906364 0.03018293 0.05200000
v 0.02906364 0.03259756 -0.05200000
v 0.02906364 0.03259756 0.05200000
v 0.02906364 0.03501220 -0.05194806
v 0.02906364 0.03501220 0.05194805
v 0.02906364 0.03742683 -0.05138407
v 0.02906364 0.03742683 0.05138407
v 0.02906364 0.03984146 -0.05010522
v 0.02906364 0.03984146 0.05010522
v 0.02906364 0.04018419 -0.04983333
v 0.02906364 0.04225610 -0.04760267
v 0.02906364 0.04225610 0.04760266
v 0.02906364 0.04018419 0.04983333
v 0.02906364 0.04248673 -0.04727778
v 0.02906364 0.04361657 -0.04472222
v 0.02906364 0.04399859 -0.04216667
v 0.02906364 0.04400000 -0.03961111
v 0.02906364 0.04400000 -0.03705556
v 0.02906364 0.04400000 -0.03450000
v 0.02906364 0.04400000 -0.03194444
v 0.02906364 0.04400000 -0.02938889
v 0.02906364 0.04400000 -0.02683333
v 0.02906364 0.04400000 -0.02427778
v 0.02906364 0.04400000 -0.02172222
v 0.02906364 0.04400000 -0.01916667
v 0.02906364 0.04400000 -0.01661111
v 0.02906364 0.04400000 -0.01405556
v 0.02906364 0.04400000 -0.01150000
v 0.02906364 0.04400000 -0.00894444
v 0.02906364 0.04400000 -0.00638889
v 0.02906364 0.04400000 -0.00383333
v 0.02906364 0.04400000 -0.00127778
v 0.02906364 0.04400000 0.00127778
v 0.02906364 0.04400000 0.00383333
v 0.02906364 0.04400000 0.00638889
v 0.02906364 0.04400000 0.00894444
v 0.02906364 0.04400000 0.01150000
v 0.02906364 0.04400000 0.01405556
v 0.02906364 0.04400000 0.01661111
v 0.02906364 0.04400000 0.01916667
v 0.02906364 0.04400000 0.02172222
v 0.02906364 0.04400000 0.02427778
v 0.02906364 0.04400000 0.02683333
v 0.02906364 0.04400000 0.02938889
v 0.02906364 0.04400000 0.03194444
v 0.02906364 0.04400000 0.03450000
v 0.02906364 0.04400000 0.03705556
v 0.02906364 0.04400000 0.03961111
v 0.02906364 0.04399859 0.04216667
v 0.02906364 0.04361657 0.04472222
v 0.02906364 0.04248673 0.04727778
v 0.03159091 -0.04248672 -0.04727778
v 0.03159091 -0.04225610 -0.04760267
v 0.03159091 -0.04361657 -0.04472222
v 0.03159091 -0.04399859 -0.04216667
v 0.03159091 -0.04400000 -0.03961111
v 0.03159091 -0.04400000 -0.03705556
v 0.03159091 -0.04400000 -0.03450000
v 0.03159091 -0.04400000 -0.03194444
v 0.03159091 -0.04400000 -0.02938889
v 0.03159091 -0.04400000 -0.02683333
v 0.03159091 -0.04400000 -0.02427778
v 0.03159091 -0.04400000 -0.02172222
v 0.03159091 -0.04400000 -0.01916667
v 0.03159091 -0.04400000 -0.01661111
v 0.03159091 -0.04400000 -0.01405556
v 0.03159091 -0.04400000 -0.01150000
v 0.03159091 -0.04400000 -0.00894444
v 0.03159091 -0.04400000 -0.00638889
v 0.03159091 -0.04400000 -0.00383333
v 0.03159091 -0.04400000 -0.00127778
v 0.03159091 -0.04400000 0.00127778
v 0.03159091 -0.04400000 0.00383333
v 0.03159091 -0.04400000 0.00638889
v 0.03159091 -0.04400000 0.00894444
v 0.03159091 -0.04400000 0.01150000
v 0.03159091 -0.04400000 0.01405556
v 0.03159091 -0.04400000 0.01661111
v 0.03159091 -0.04400000 0.01916667
v 0.03159091 -0.04400000 0.02172222
v 0.03159091 -0.04400000 0.02427778
v 0.03159091 -0.04400000 0.02683333
v 0.03159091 -0.04400000 0.02938889
v 0.03159091 -0.04400000 0.03194444
v 0.03159091 -0.04400000 0.03450000
v 0.03159091 -0.04400000 0.03705556
v 0.03159091 -0.04400000 0.03961111
v 0.03159091 -0.04399859 0.04216667
v 0.03159091 -0.04361657 0.04472222
v 0.03159091 -0.04248672 0.04727778
v 0.03159091 -0.04225610 0.04760266
v 0.03159091 -0.04018419 -0.04983333
v 0.03159091 -0.03984146 -0.05010522
v 0.03159091 -0.04018419 0.04983333
v 0.03159091 -0.03984146 0.05010522
v 0.03159091 -0.03742683 -0.05138407
v 0.03159091 -0.03742683 0.05138407
v 0.03159091 -0.03501220 -0.05194806
v 0.03159091 -0.03501220 0.05194805
v 0.03159091 -0.03259756 -0.05200000
v 0.03159091 -0.03259756 0.05200000
v 0.03159091 -0.03018293 -0.05200000
v 0.03159091 -0.03018293 0.05200000
v 0.03159091 -0.02776829 -0.05200000
v 0.03159091 -0.02776829 0.05200000
v 0.03159091 -0.02535366 -0.05200000
v 0.03159091 -0.02535366 0.05200000
v 0.03159091 -0.02293902 -0.05200000
v 0.03159091 -0.02293902 0.05200000
v 0.03159091 -0.02052439 -0.05200000
v 0.03159091 -0.02052439 0.05200000
v 0.03159091 -0.01810976 -0.05200000
v 0.03159091 -0.01810976 0.05200000
v 0.03159091 -0.01569512 -0.05200000
v 0.03159091 -0.01569512 0.05200000
v 0.03159091 -0.01328049 -0.05200000
v 0.03159091 -0.01328049 0.05200000
v 0.03159091 -0.01086585 -0.05200000
v 0.03159091 -0.01086585 0.05200000
v 0.03159091 -0.00845122 -0.05200000
v 0.03159091 -0.00845122 0.05200000
v 0.03159091 -0.00603659 -0.05200000
v 0.03159091 -0.00603659 0.05200000
v 0.03159091 -0.00362195 -0.05200000
v 0.03159091 -0.00362195 0.05200000
v 0.03159091 -0.00120732 -0.05200000
v 0.03159091 -0.00120732 0.05200000
v 0.03159091 0.00120732 -0.05200000
v 0.03159091 0.00120732 0.05200000
v 0.03159091 0.00362195 -0.05200000
v 0.03159091 0.00362195 0.05200000
v 0.03159091 0.00603659 -0.05200000
v 0.03159091 0.00603659 0.05200000
v 0.03159091 0.00845122 -0.05200000
v 0.03159091 0.00845122 0.05200000
v 0.03159091 0.01086585 -0.05200000
v 0.03159091 0.01086585 0.05200000
v 0.03159091 0.01328049 -0.05200000
v 0.03159091 0.01328049 0.05200000
v 0.03159091 0.01569512 -0.05200000
v 0.03159091 0.01569512 0.05200000
v 0.03159091 0.01810976 -0.05200000
v 0.03159091 0.01810976 0.05200000
v 0.03159091 0.02052439 -0.05200000
v 0.03159091 0.02052439 0.05200000
v 0.03159091 0.02293902 -0.05200000
v 0.03159091 0.02293902 0.05200000
v 0.03159091 0.02535366 -0.05200000
v 0.03159091 0.02535366 0.05200000
v 0.03159091 0.02776829 -0.05200000
v 0.03159091 0.02776829 0.05200000
v 0.03159091 0.03018293 -0.05200000
v 0.03159091 0.03018293 0.05200000
v 0.03159091 0.03259756 -0.05200000
v 0.03159091 0.03259756 0.05200000
v 0.03159091 0.03501220 -0.05194806
v 0.03159091 0.03501220 0.05194805
v 0.03159091 0.03742683 -0.05138407
v 0.03159091 0.03742683 0.05138407
v 0.03159091 0.03984146 -0.05010522
v 0.03159091 0.03984146 0.05010522
v 0.03159091 0.04018419 -0.04983333
v 0.03159091 0.04225610 -0.04760267
v 0.03159091 0.04225610 0.04760266
v 0.03159091 0.04018419 0.04983333
v 0.03159091 0.04248673 -0.04727778
v 0.03159091 0.04361657 -0.04472222
v 0.03159091 0.04399859 -0.04216667
v 0.03159091 0.04400000 -0.03961111
v 0.03159091 0.04400000 -0.03705556
v 0.03159091 0.04400000 -0.03450000
v 0.03159091 0.04400000 -0.03194444
v 0.03159091 0.04400000 -0.02938889
v 0.03159091 0.04400000 -0.02683333
v 0.03159091 0.04400000 -0.02427778
v 0.03159091 0.04400000 -0.02172222
v 0.03159091 0.04400000 -0.01916667
v 0.03159091 0.04400000 -0.01661111
v 0.03159091 0.04400000 -0.01405556
v 0.03159091 0.04400000 -0.01150000
v 0.03159091 0.04400000 -0.00894444
v 0.03159091 0.04400000 -0.00638889
v 0.03159091 0.04400000 -0.00383333
v 0.03159091 0.04400000 -0.00127778
v 0.03159091 0.04400000 0.00127778
v 0.03159091 0.04400000 0.00383333
v 0.03159091 0.04400000 0.00638889
v 0.03159091 0.04400000 0.00894444
v 0.03159091 0.04400000 0.01150000
v 0.03159091 0.04400000 0.01405556
v 0.03159091 0.04400000 0.01661111
v 0.03159091 0.04400000 0.01916667
v 0.03159091 0.04400000 0.02172222
v 0.03159091 0.04400000 0.02427778
v 0.03159091 0.04400000 0.02683333
v 0.03159091 0.04400000 0.02938889
v 0.03159091 0.04400000 0.03194444
v 0.03159091 0.04400000 0.03450000
v 0.03159091 0.04400000 0.03705556
v 0.03159091 0.04400000 0.03961111
v 0.03159091 0.04399859 0.04216667
v 0.03159091 0.04361657 0.04472222
v 0.03159091 0.04248673 0.04727778
v 0.03411818 -0.04248672 -0.04727778
v 0.03411818 -0.04225610 -0.04760267
v 0.03411818 -0.04361657 -0.04472222
v 0.03411818 -0.04399859 -0.04216667
v 0.03411818 -0.04400000 -0.03961111
v 0.03411818 -0.04400000 -0.03705556
v 0.03411818 -0.04400000 -0.03450000
v 0.03411818 -0.04400000 -0.03194444
v 0.03411818 -0.04400000 -0.02938889
v 0.03411818 -0.04400000 -0.02683333
v 0.03411818 -0.04400000 -0.02427778
v 0.03411818 -0.04400000 -0.02172222
v 0.03411818 -0.04400000 -0.01916667
v 0.03411818 -0.04400000 -0.01661111
v 0.03411818 -0.04400000 -0.01405556
v 0.03411818 -0.04400000 -0.01150000
v 0.03411818 -0.04400000 -0.00894444
v 0.03411818 -0.04400000 -0.00638889
v 0.03411818 -0.04400000 -0.00383333
v 0.03411818 -0.04400000 -0.00127778
v 0.03411818 -0.04400000 0.00127778
v 0.03411818 -0.04400000 0.00383333
v 0.03411818 -0.04400000 0.00638889
v 0.03411818 -0.04400000 0.00894444
v 0.03411818 -0.04400000 0.01150000
v 0.03411818 -0.04400000 0.01405556
v 0.03411818 -0.04400000 0.01661111
v 0.03411818 -0.04400000 0.01916667
v 0.03411818 -0.04400000 0.02172222
v 0.03411818 -0.04400000 0.02427778
v 0.03411818 -0.04400000 0.02683333
v 0.03411818 -0.04400000 0.02938889
v 0.03411818 -0.04400000 0.03194444
v 0.03411818 -0.04400000 0.03450000
v 0.03411818 -0.04400000 0.03705556
v 0.03411818 -0.04400000 0.03961111
v 0.03411818 -0.04399859 0.04216667
v 0.03411818 -0.04361657 0.04472222
v 0.03411818 -0.04248672 0.04727778
v 0.03411818 -0.04225610 0.04760266
v 0.03411818 -0.04018419 -0.04983333
v 0.03411818 -0.03984146 -0.05010522
v 0.03411818 -0.04018419 0.04983333
v 0.03411818 -0.03984146 0.05010522
v 0.03411818 -0.03742683 -0.05138407
v 0.03411818 -0.03742683 0.05138407
v 0.03411818 -0.03501220 -0.05194806
v 0.03411818 -0.03501220 0.05194805
v 0.03411818 -0.03259756 -0.05200000
v 0.03411818 -0.03259756 0.05200000
v 0.03411818 -0.03018293 -0.05200000
v 0.03411818 -0.03018293 0.05200000
v 0.03411818 -0.02776829 -0.05200000
v 0.03411818 -0.02776829 0.05200000
v 0.03411818 -0.02535366 -0.05200000
v 0.03411818 -0.02535366 0.05200000
v 0.03411818 -0.02293902 -0.05200000
v 0.03411818 -0.02293902 0.05200000
v 0.03411818 -0.02052439 -0.05200000
v 0.03411818 -0.02052439 0.05200000
v 0.03411818 -0.01810976 -0.05200000
v 0.03411818 -0.01810976 0.05200000
v 0.03411818 -0.01569512 -0.05200000
v 0.03411818 -0.01569512 0.05200000
v 0.03411818 -0.01328049 -0.05200000
v 0.03411818 -0.01328049 0.05200000
v 0.03411818 -0.01086585 -0.05200000
v 0.03411818 -0.01086585 0.05200000
v 0.03411818 -0.00845122 -0.05200000
v 0.03411818 -0.00845122 0.05200000
v 0.03411818 -0.00603659 -0.05200000
v 0.03411818 -0.00603659 0.05200000
v 0.03411818 -0.00362195 -0.05200000
v 0.03411818 -0.00362195 0.05200000
v 0.03411818 -0.00120732 -0.05200000
v 0.03411818 -0.00120732 0.05200000
v 0.03411818 0.00120732 -0.05200000
v 0.03411818 0.00120732 0.05200000
v 0.03411818 0.00362195 -0.05200000
v 0.03411818 0.00362195 0.05200000
v 0.03411818 0.00603659 -0.05200000
v 0.03411818 0.00603659 0.05200000
v 0.03411818 0.00845122 -0.05200000
v 0.03411818 0.00845122 0.05200000
v 0.03411818 0.01086585 -0.05200000
v 0.03411818 0.01086585 0.05200000
v 0.03411818 0.01328049 -0.05200000
v 0.03411818 0.01328049 0.05200000
v 0.03411818 0.01569512 -0.05200000
v 0.03411818 0.01569512 0.05200000
v 0.03411818 0.01810976 -0.05200000
v 0.03411818 0.01810976 0.05200000
v 0.03411818 0.02052439 -0.05200000
v 0.03411818 0.02052439 0.05200000
v 0.03411818 0.02293902 -0.05200000
v 0.03411818 0.02293902 0.05200000
v 0.03411818 0.02535366 -0.05200000
v 0.03411818 0.02535366 0.05200000
v 0.03411818 0.02776829 -0.05200000
v 0.03411818 0.02776829 0.05200000
v 0.03411818 0.03018293 -0.05200000
v 0.03411818 0.03018293 0.05200000
v 0.03411818 0.03259756 -0.05200000
v 0.03411818 0.03259756 0.05200000
v 0.03411818 0.03501220 -0.05194806
v 0.03411818 0.03501220 0.05194805
v 0.03411818 0.03742683 -0.05138407
v 0.03411818 0.03742683 0.05138407
v 0.03411818 0.03984146 -0.05010522
v 0.03411818 0.03984146 0.05010522
v 0.03411818 0.04018419 -0.04983333
v 0.03411818 0.04225610 -0.04760267
v 0.03411818 0.04225610 0.04760266
v 0.03411818 0.04018419 0.04983333
v 0.03411818 0.04248673 -0.04727778
v 0.03411818 0.04361657 -0.04472222
v 0.03411818 0.04399859 -0.04216667
v 0.03411818 0.04400000 -0.03961111
v 0.03411818 0.04400000 -0.03705556
v 0.03411818 0.04400000 -0.03450000
v 0.03411818 0.04400000 -0.03194444
v 0.03411818 0.04400000 -0.02938889
v 0.03411818 0.04400000 -0.02683333
v 0.03411818 0.04400000 -0.02427778
v 0.03411818 0.04400000 -0.02172222
v 0.03411818 0.04400000 -0.01916667
v 0.03411818 0.04400000 -0.01661111
v 0.03411818 0.04400000 -0.01405556
v 0.03411818 0.04400000 -0.01150000
v 0.03411818 0.04400000 -0.00894444
v 0.03411818 0.04400000 -0.00638889
v 0.03411818 0.04400000 -0.00383333
v 0.03411818 0.04400000 -0.00127778
v 0.03411818 0.04400000 0.00127778
v 0.03411818 0.04400000 0.00383333
v 0.03411818 0.04400000 0.00638889
v 0.03411818 0.04400000 0.00894444
v 0.03411818 0.04400000 0.01150000
v 0.03411818 0.04400000 0.01405556
v 0.03411818 0.04400000 0.01661111
v 0.03411818 0.04400000 0.01916667
v 0.03411818 0.04400000 0.02172222
v 0.03411818 0.04400000 0.02427778
v 0.03411818 0.04400000 0.02683333
v 0.03411818 0.04400000 0.02938889
v 0.03411818 0.04400000 0.03194444
v 0.03411818 0.04400000 0.03450000
v 0.03411818 0.04400000 0.03705556
v 0.03411818 0.04400000 0.03961111
v 0.03411818 0.04399859 0.04216667
v 0.03411818 0.04361657 0.04472222
v 0.03411818 0.04248673 0.04727778
v 0.03664545 -0.04248672 -0.04727778
v 0.03664545 -0.04225610 -0.04760267
v 0.03664545 -0.04361657 -0.04472222
v 0.03664545 -0.04399859 -0.04216667
v 0.03664545 -0.04400000 -0.03961111
v 0.03664545 -0.04400000 -0.03705556
v 0.03664545 -0.04400000 -0.03450000
v 0.03664545 -0.04400000 -0.03194444
v 0.03664545 -0.04400000 -0.02938889
v 0.03664545 -0.04400000 -0.02683333
v 0.03664545 -0.04400000 -0.02427778
v 0.03664545 -0.04400000 -0.02172222
v 0.03664545 -0.04400000 -0.01916667
v 0.03664545 -0.04400000 -0.01661111
v 0.03664545 -0.04400000 -0.01405556
v 0.03664545 -0.04400000 -0.01150000
v 0.03664545 -0.04400000 -0.00894444
v 0.03664545 -0.04400000 -0.00638889
v 0.03664545 -0.04400000 -0.00383333
v 0.03664545 -0.04400000 -0.00127778
v 0.03664545 -0.04400000 0.00127778
v 0.03664545 -0.04400000 0.00383333
v 0.03664545 -0.04400000 0.00638889
v 0.03664545 -0.04400000 0.00894444
v 0.03664545 -0.04400000 0.01150000
v 0.03664545 -0.04400000 0.01405556
v 0.03664545 -0.04400000 0.01661111
v 0.03664545 -0.04400000 0.01916667
v 0.03664545 -0.04400000 0.02172222
v 0.03664545 -0.04400000 0.02427778
v 0.03664545 -0.04400000 0.02683333
v 0.03664545 -0.04400000 0.02938889
v 0.03664545 -0.04400000 0.03194444
v 0.03664545 -0.04400000 0.03450000
v 0.03664545 -0.04400000 0.03705556
v 0.03664545 -0.04400000 0.03961111
v 0.03664545 -0.04399859 0.04216667
v 0.03664545 -0.04361657 0.04472222
v 0.03664545 -0.04248672 0.04727778
v 0.03664545 -0.04225610 0.04760266
v 0.03664545 -0.04018419 -0.04983333
v 0.03664545 -0.03984146 -0.05010522
v 0.03664545 -0.04018419 0.04983333
v 0.03664545 -0.03984146 0.05010522
v 0.03664545 -0.03742683 -0.05138407
v 0.03664545 -0.03742683 0.05138407
v 0.03664545 -0.03501220 -0.05194806
v 0.03664545 -0.03501220 0.05194805
v 0.03664545 -0.03259756 -0.05200000
v 0.03664545 -0.03259756 0.05200000
v 0.03664545 -0.03018293 -0.05200000
v 0.03664545 -0.03018293 0.05200000
v 0.03664545 -0.02776829 -0.05200000
v 0.03664545 -0.02776829 0.05200000
v 0.03664545 -0.02535366 -0.05200000
v 0.03664545 -0.02535366 0.05200000
v 0.03664545 -0.02293902 -0.05200000
v 0.03664545 -0.02293902 0.05200000
v 0.03664545 -0.02052439 -0.05200000
v 0.03664545 -0.02052439 0.05200000
v 0.03664545 -0.01810976 -0.05200000
v 0.03664545 -0.01810976 0.05200000
v 0.03664545 -0.01569512 -0.05200000
v 0.03664545 -0.01569512 0.05200000
v 0.03664545 -0.01328049 -0.05200000
v 0.03664545 -0.01328049 0.05200000
v 0.03664545 -0.01086585 -0.05200000
v 0.03664545 -0.01086585 0.05200000
v 0.03664545 -0.00845122 -0.05200000
v 0.03664545 -0.00845122 0.05200000
v 0.03664545 -0.00603659 -0.05200000
v 0.03664545 -0.00603659 0.05200000
v 0.03664545 -0.00362195 -0.05200000
v 0.03664545 -0.00362195 0.05200000
v 0.03664545 -0.00120732 -0.05200000
v 0.03664545 -0.00120732 0.05200000
v 0.03664545 0.00120732 -0.05200000
v 0.03664545 0.00120732 0.05200000
v 0.03664545 0.00362195 -0.05200000
v 0.03664545 0.00362195 0.05200000
v 0.03664545 0.00603659 -0.05200000
v 0.03664545 0.00603659 0.05200000
v 0.03664545 0.00845122 -0.05200000
v 0.03664545 0.00845122 0.05200000
v 0.03664545 0.01086585 -0.05200000
v 0.03664545 0.01086585 0.05200000
v 0.03664545 0.01328049 -0.05200000
v 0.03664545 0.01328049 0.05200000
v 0.03664545 0.01569512 -0.05200000
v 0.03664545 0.01569512 0.05200000
v 0.03664545 0.01810976 -0.05200000
v 0.03664545 0.01810976 0.05200000
v 0.03664545 0.02052439 -0.05200000
v 0.03664545 0.02052439 0.05200000
v 0.03664545 0.02293902 -0.05200000
v 0.03664545 0.02293902 0.05200000
v 0.03664545 0.02535366 -0.05200000
v 0.03664545 0.02535366 0.05200000
v 0.03664545 0.02776829 -0.05200000
v 0.03664545 0.02776829 0.05200000
v 0.03664545 0.03018293 -0.05200000
v 0.03664545 0.03018293 0.05200000
v 0.03664545 0.03259756 -0.05200000
v 0.03664545 0.03259756 0.05200000
v 0.03664545 0.03501220 -0.05194806
v 0.03664545 0.03501220 0.05194805
v 0.03664545 0.03742683 -0.05138407
v 0.03664545 0.03742683 0.05138407
v 0.03664545 0.03984146 -0.05010522
v 0.03664545 0.03984146 0.05010522
v 0.03664545 0.04018419 -0.04983333
v 0.03664545 0.04225610 -0.04760267
v 0.03664545 0.04225610 0.04760266
v 0.03664545 0.04018419 0.04983333
v 0.03664545 0.04248673 -0.04727778
v 0.03664545 0.04361657 -0.04472222
v 0.03664545 0.04399859 -0.04216667
v 0.03664545 0.04400000 -0.03961111
v 0.03664545 0.04400000 -0.03705556
v 0.03664545 0.04400000 -0.03450000
v 0.03664545 0.04400000 -0.03194444
v 0.03664545 0.04400000 -0.02938889
v 0.03664545 0.04400000 -0.02683333
v 0.03664545 0.04400000 -0.02427778
v 0.03664545 0.04400000 -0.02172222
v 0.03664545 0.04400000 -0.01916667
v 0.03664545 0.04400000 -0.01661111
v 0.03664545 0.04400000 -0.01405556
v 0.03664545 0.04400000 -0.01150000
v 0.03664545 0.04400000 -0.00894444
v 0.03664545 0.04400000 -0.00638889
v 0.03664545 0.04400000 -0.00383333
v 0.03664545 0.04400000 -0.00127778
v 0.03664545 0.04400000 0.00127778
v 0.03664545 0.04400000 0.00383333
v 0.03664545 0.04400000 0.00638889
v 0.03664545 0.04400000 0.00894444
v 0.03664545 0.04400000 0.01150000
v 0.03664545 0.04400000 0.01405556
v 0.03664545 0.04400000 0.01661111
v 0.03664545 0.04400000 0.01916667
v 0.03664545 0.04400000 0.02172222
v 0.03664545 0.04400000 0.02427778
v 0.03664545 0.04400000 0.02683333
v 0.03664545 0.04400000 0.02938889
v 0.03664545 0.04400000 0.03194444
v 0.03664545 0.04400000 0.03450000
v 0.03664545 0.04400000 0.03705556
v 0.03664545 0.04400000 0.03961111
v 0.03664545 0.04399859 0.04216667
v 0.03664545 0.04361657 0.04472222
v 0.03664545 0.04248673 0.04727778
v 0.03917273 -0.04248672 -0.04727778
v 0.03917273 -0.04225610 -0.04760267
v 0.03917273 -0.04361657 -0.04472222
v 0.03917273 -0.04399859 -0.04216667
v 0.03917273 -0.04400000 -0.03961111
v 0.03917273 -0.04400000 -0.03705556
v 0.03917273 -0.04400000 -0.03450000
v 0.03917273 -0.04400000 -0.03194444
v 0.03917273 -0.04400000 -0.02938889
v 0.03917273 -0.04400000 -0.02683333
v 0.03917273 -0.04400000 -0.02427778
v 0.03917273 -0.04400000 -0.02172222
v 0.03917273 -0.04400000 -0.01916667
v 0.03917273 -0.04400000 -0.01661111
v 0.03917273 -0.04400000 -0.01405556
v 0.03917273 -0.04400000 -0.01150000
v 0.03917273 -0.04400000 -0.00894444
v 0.03917273 -0.04400000 -0.00638889
v 0.03917273 -0.04400000 -0.00383333
v 0.03917273 -0.04400000 -0.00127778
v 0.03917273 -0.04400000 0.00127778
v 0.03917273 -0.04400000 0.00383333
v 0.03917273 -0.04400000 0.00638889
v 0.03917273 -0.04400000 0.00894444
v 0.03917273 -0.04400000 0.01150000
v 0.03917273 -0.04400000 0.01405556
v 0.03917273 -0.04400000 0.01661111
v 0.03917273 -0.04400000 0.01916667
v 0.03917273 -0.04400000 0.02172222
v 0.03917273 -0.04400000 0.02427778
v 0.03917273 -0.04400000 0.02683333
v 0.03917273 -0.04400000 0.02938889
v 0.03917273 -0.04400000 0.03194444
v 0.03917273 -0.04400000 0.03450000
v 0.03917273 -0.04400000 0.03705556
v 0.03917273 -0.04400000 0.03961111
v 0.03917273 -0.04399859 0.04216667
v 0.03917273 -0.04361657 0.04472222
v 0.03917273 -0.04248672 0.04727778
v 0.03917273 -0.04225610 0.04760266
v 0.03917273 -0.04018419 -0.04983333
v 0.03917273 -0.03984146 -0.05010522
v 0.03917273 -0.04018419 0.04983333
v 0.03917273 -0.03984146 0.05010522
v 0.03917273 -0.03742683 -0.05138407
v 0.03917273 -0.03742683 0.05138407
v 0.03917273 -0.03501220 -0.05194806
v 0.03917273 -0.03501220 0.05194805
v 0.03917273 -0.03259756 -0.05200000
v 0.03917273 -0.03259756 0.05200000
v 0.03917273 -0.03018293 -0.05200000
v 0.03917273 -0.03018293 0.05200000
v 0.03917273 -0.02776829 -0.05200000
v 0.03917273 -0.02776829 0.05200000
v 0.03917273 -0.02535366 -0.05200000
v 0.03917273 -0.02535366 0.05200000
v 0.03917273 -0.02293902 -0.05200000
v 0.03917273 -0.02293902 0.05200000
v 0.03917273 -0.02052439 -0.05200000
v 0.03917273 -0.02052439 0.05200000
v 0.03917273 -0.01810976 -0.05200000
v 0.03917273 -0.01810976 0.05200000
v 0.03917273 -0.01569512 -0.05200000
v 0.03917273 -0.01569512 0.05200000
v 0.03917273 -0.01328049 -0.05200000
v 0.03917273 -0.01328049 0.05200000
v 0.03917273 -0.01086585 -0.05200000
v 0.03917273 -0.01086585 0.05200000
v 0.03917273 -0.00845122 -0.05200000
v 0.03917273 -0.00845122 0.05200000
v 0.03917273 -0.00603659 -0.05200000
v 0.03917273 -0.00603659 0.05200000
v 0.03917273 -0.00362195 -0.05200000
v 0.03917273 -0.00362195 0.05200000
v 0.03917273 -0.00120732 -0.05200000
v 0.03917273 -0.00120732 0.05200000
v 0.03917273 0.00120732 -0.05200000
v 0.03917273 0.00120732 0.05200000
v 0.03917273 0.00362195 -0.05200000
v 0.03917273 0.00362195 0.05200000
v 0.03917273 0.00603659 -0.05200000
v 0.03917273 0.00603659 0.05200000
v 0.03917273 0.00845122 -0.05200000
v 0.03917273 0.00845122 0.05200000
v 0.03917273 0.01086585 -0.05200000
v 0.03917273 0.01086585 0.05200000
v 0.03917273 0.01328049 -0.05200000
v 0.03917273 0.01328049 0.05200000
v 0.03917273 0.01569512 -0.05200000
v 0.03917273 0.01569512 0.05200000
v 0.03917273 0.01810976 -0.05200000
v 0.03917273 0.01810976 0.05200000
v 0.03917273 0.02052439 -0.05200000
v 0.03917273 0.02052439 0.05200000
v 0.03917273 0.02293902 -0.05200000
v 0.03917273 0.02293902 0.05200000
v 0.03917273 0.02535366 -0.05200000
v 0.03917273 0.02535366 0.05200000
v 0.03917273 0.02776829 -0.05200000
v 0.03917273 0.02776829 0.05200000
v 0.03917273 0.03018293 -0.05200000
v 0.03917273 0.03018293 0.05200000
v 0.03917273 0.03259756 -0.05200000
v 0.03917273 0.03259756 0.05200000
v 0.03917273 0.03501220 -0.05194806
v 0.03917273 0.03501220 0.05194805
v 0.03917273 0.03742683 -0.05138407
v 0.03917273 0.03742683 0.05138407
v 0.03917273 0.03984146 -0.05010522
v 0.03917273 0.03984146 0.05010522
v 0.03917273 0.04018419 -0.04983333
v 0.03917273 0.04225610 -0.04760267
v 0.03917273 0.04225610 0.04760266
v 0.03917273 0.04018419 0.04983333
v 0.03917273 0.04248673 -0.04727778
v 0.03917273 0.04361657 -0.04472222
v 0.03917273 0.04399859 -0.04216667
v 0.03917273 0.04400000 -0.03961111
v 0.03917273 0.04400000 -0.03705556
v 0.03917273 0.04400000 -0.03450000
v 0.03917273 0.04400000 -0.03194444
v 0.03917273 0.04400000 -0.02938889
v 0.03917273 0.04400000 -0.02683333
v 0.03917273 0.04400000 -0.02427778
v 0.03917273 0.04400000 -0.02172222
v 0.03917273 0.04400000 -0.01916667
v 0.03917273 0.04400000 -0.01661111
v 0.03917273 0.04400000 -0.01405556
v 0.03917273 0.04400000 -0.01150000
v 0.03917273 0.04400000 -0.00894444
v 0.03917273 0.04400000 -0.00638889
v 0.03917273 0.04400000 -0.00383333
v 0.03917273 0.04400000 -0.00127778
v 0.03917273 0.04400000 0.00127778
v 0.03917273 0.04400000 0.00383333
v 0.03917273 0.04400000 0.00638889
v 0.03917273 0.04400000 0.00894444
v 0.03917273 0.04400000 0.01150000
v 0.03917273 0.04400000 0.01405556
v 0.03917273 0.04400000 0.01661111
v 0.03917273 0.04400000 0.01916667
v 0.03917273 0.04400000 0.02172222
v 0.03917273 0.04400000 0.02427778
v 0.03917273 0.04400000 0.02683333
v 0.03917273 0.04400000 0.02938889
v 0.03917273 0.04400000 0.03194444
v 0.03917273 0.04400000 0.03450000
v 0.03917273 0.04400000 0.03705556
v 0.03917273 0.04400000 0.03961111
v 0.03917273 0.04399859 0.04216667
v 0.03917273 0.04361657 0.04472222
v 0.03917273 0.04248673 0.04727778
v 0.04170000 -0.04248672 -0.04727778
v 0.04170000 -0.04225610 -0.04760267
v 0.04170000 -0.04361657 -0.04472222
v 0.04170000 -0.04399859 -0.04216667
v 0.04170000 -0.04400000 -0.03961111
v 0.04170000 -0.04400000 -0.03705556
v 0.04170000 -0.04400000 -0.03450000
v 0.04170000 -0.04400000 -0.03194444
v 0.04170000 -0.04400000 -0.02938889
v 0.04170000 -0.04400000 -0.02683333
v 0.04170000 -0.04400000 -0.02427778
v 0.04170000 -0.04400000 -0.02172222
v 0.04170000 -0.04400000 -0.01916667
v 0.04170000 -0.04400000 -0.01661111
v 0.04170000 -0.04400000 -0.01405556
v 0.04170000 -0.04400000 -0.01150000
v 0.04170000 -0.04400000 -0.00894444
v 0.04170000 -0.04400000 -0.00638889
v 0.04170000 -0.04400000 -0.00383333
v 0.04170000 -0.04400000 -0.00127778
v 0.04170000 -0.04400000 0.00127778
v 0.04170000 -0.04400000 0.00383333
v 0.04170000 -0.04400000 0.00638889
v 0.04170000 -0.04400000 0.00894444
v 0.04170000 -0.04400000 0.01150000
v 0.04170000 -0.04400000 0.01405556
v 0.04170000 -0.04400000 0.01661111
v 0.04170000 -0.04400000 0.01916667
v 0.04170000 -0.04400000 0.02172222
v 0.04170000 -0.04400000 0.02427778
v 0.04170000 -0.04400000 0.02683333
v 0.04170000 -0.04400000 0.02938889
v 0.04170000 -0.04400000 0.03194444
v 0.04170000 -0.04400000 0.03450000
v 0.04170000 -0.04400000 0.03705556
v 0.04170000 -0.04400000 0.03961111
v 0.04170000 -0.04399859 0.04216667
v 0.04170000 -0.04361657 0.04472222
v 0.04170000 -0.04248672 0.04727778
v 0.04170000 -0.04225610 0.04760266
v 0.04170000 -0.04018419 -0.04983333
v 0.04170000 -0.03984146 -0.05010522
v 0.04170000 -0.04018419 0.04983333
v 0.04170000 -0.03984146 0.05010522
v 0.04170000 -0.03742683 -0.05138407
v 0.04170000 -0.03742683 0.05138407
v 0.04170000 -0.03501220 -0.05194806
v 0.04170000 -0.03501220 0.05194805
v 0.04170000 -0.03259756 -0.05200000
v 0.04170000 -0.03259756 0.05200000
v 0.04170000 -0.03018293 -0.05200000
v 0.04170000 -0.03018293 0.05200000
v 0.04170000 -0.02776829 -0.05200000
v 0.04170000 -0.02776829 0.05200000
v 0.04170000 -0.02535366 -0.05200000
v 0.04170000 -0.02535366 0.05200000
v 0.04170000 -0.02293902 -0.05200000
v 0.04170000 -0.02293902 0.05200000
v 0.04170000 -0.02052439 -0.05200000
v 0.04170000 -0.02052439 0.05200000
v 0.04170000 -0.01810976 -0.05200000
v 0.04170000 -0.01810976 0.05200000
v 0.04170000 -0.01569512 -0.05200000
v 0.04170000 -0.01569512 0.05200000
v 0.04170000 -0.01328049 -0.05200000
v 0.04170000 -0.01328049 0.05200000
v 0.04170000 -0.01086585 -0.05200000
v 0.04170000 -0.01086585 0.05200000
v 0.04170000 -0.00845122 -0.05200000
v 0.04170000 -0.00845122 0.05200000
v 0.04170000 -0.00603659 -0.05200000
v 0.04170000 -0.00603659 0.05200000
v 0.04170000 -0.00362195 -0.05200000
v 0.04170000 -0.00362195 0.05200000
v 0.04170000 -0.00120732 -0.05200000
v 0.04170000 -0.00120732 0.05200000
v 0.04170000 0.00120732 -0.05200000
v 0.04170000 0.00120732 0.05200000
v 0.04170000 0.00362195 -0.05200000
v 0.04170000 0.00362195 0.05200000
v 0.04170000 0.00603659 -0.05200000
v 0.04170000 0.00603659 0.05200000
v 0.04170000 0.00845122 -0.05200000
v 0.04170000 0.00845122 0.05200000
v 0.04170000 0.01086585 -0.05200000
v 0.04170000 0.01086585 0.05200000
v 0.04170000 0.01328049 -0.05200000
v 0.04170000 0.01328049 0.05200000
v 0.04170000 0.01569512 -0.05200000
v 0.04170000 0.01569512 0.05200000
v 0.04170000 0.01810976 -0.05200000
v 0.04170000 0.01810976 0.05200000
v 0.04170000 0.02052439 -0.05200000
v 0.04170000 0.02052439 0.05200000
v 0.04170000 0.02293902 -0.05200000
v 0.04170000 0.02293902 0.05200000
v 0.04170000 0.02535366 -0.05200000
v 0.04170000 0.02535366 0.05200000
v 0.04170000 0.02776829 -0.05200000
v 0.04170000 0.02776829 0.05200000
v 0.04170000 0.03018293 -0.05200000
v 0.04170000 0.03018293 0.05200000
v 0.04170000 0.03259756 -0.05200000
v 0.04170000 0.03259756 0.05200000
v 0.04170000 0.03501220 -0.05194806
v 0.04170000 0.03501220 0.05194805
v 0.04170000 0.03742683 -0.05138407
v 0.04170000 0.03742683 0.05138407
v 0.04170000 0.03984146 -0.05010522
v 0.04170000 0.03984146 0.05010522
v 0.04170000 0.04018419 -0.04983333
v 0.04170000 0.04225610 -0.04760267
v 0.04170000 0.04225610 0.04760266
v 0.04170000 0.04018419 0.04983333
v 0.04170000 0.04248673 -0.04727778
v 0.04170000 0.04361657 -0.04472222
v 0.04170000 0.04399859 -0.04216667
v 0.04170000 0.04400000 -0.03961111
v 0.04170000 0.04400000 -0.03705556
v 0.04170000 0.04400000 -0.03450000
v 0.04170000 0.04400000 -0.03194444
v 0.04170000 0.04400000 -0.02938889
v 0.04170000 0.04400000 -0.02683333
v 0.04170000 0.04400000 -0.02427778
v 0.04170000 0.04400000 -0.02172222
v 0.04170000 0.04400000 -0.01916667
v 0.04170000 0.04400000 -0.01661111
v 0.04170000 0.04400000 -0.01405556
v 0.04170000 0.04400000 -0.01150000
v 0.04170000 0.04400000 -0.00894444
v 0.04170000 0.04400000 -0.00638889
v 0.04170000 0.04400000 -0.00383333
v 0.04170000 0.04400000 -0.00127778
v 0.04170000 0.04400000 0.00127778
v 0.04170000 0.04400000 0.00383333
v 0.04170000 0.04400000 0.00638889
v 0.04170000 0.04400000 0.00894444
v 0.04170000 0.04400000 0.01150000
v 0.04170000 0.04400000 0.01405556
v 0.04170000 0.04400000 0.01661111
v 0.04170000 0.04400000 0.01916667
v 0.04170000 0.04400000 0.02172222
v 0.04170000 0.04400000 0.02427778
v 0.04170000 0.04400000 0.02683333
v 0.04170000 0.04400000 0.02938889
v 0.04170000 0.04400000 0.03194444
v 0.04170000 0.04400000 0.03450000
v 0.04170000 0.04400000 0.03705556
v 0.04170000 0.04400000 0.03961111
v 0.04170000 0.04399859 0.04216667
v 0.04170000 0.04361657 0.04472222
v 0.04170000 0.04248673 0.04727778
v 0.04422727 -0.04248672 -0.04727778
v 0.04422727 -0.04225610 -0.04760267
v 0.04422727 -0.04361657 -0.04472222
v 0.04422727 -0.04399859 -0.04216667
v 0.04422727 -0.04400000 -0.03961111
v 0.04422727 -0.04400000 -0.03705556
v 0.04422727 -0.04400000 -0.03450000
v 0.04422727 -0.04400000 -0.03194444
v 0.04422727 -0.04400000 -0.02938889
v 0.04422727 -0.04400000 -0.02683333
v 0.04422727 -0.04400000 -0.02427778
v 0.04422727 -0.04400000 -0.02172222
v 0.04422727 -0.04400000 -0.01916667
v 0.04422727 -0.04400000 -0.01661111
v 0.04422727 -0.04400000 -0.01405556
v 0.04422727 -0.04400000 -0.01150000
v 0.04422727 -0.04400000 -0.00894444
v 0.04422727 -0.04400000 -0.00638889
v 0.04422727 -0.04400000 -0.00383333
v 0.04422727 -0.04400000 -0.00127778
v 0.04422727 -0.04400000 0.00127778
v 0.04422727 -0.04400000 0.00383333
v 0.04422727 -0.04400000 0.00638889
v 0.04422727 -0.04400000 0.00894444
v 0.04422727 -0.04400000 0.01150000
v 0.04422727 -0.04400000 0.01405556
v 0.04422727 -0.04400000 0.01661111
v 0.04422727 -0.04400000 0.01916667
v 0.04422727 -0.04400000 0.02172222
v 0.04422727 -0.04400000 0.02427778
v 0.04422727 -0.04400000 0.02683333
v 0.04422727 -0.04400000 0.02938889
v 0.04422727 -0.04400000 0.03194444
v 0.04422727 -0.04400000 0.03450000
v 0.04422727 -0.04400000 0.03705556
v 0.04422727 -0.04400000 0.03961111
v 0.04422727 -0.04399859 0.04216667
v 0.04422727 -0.04361657 0.04472222
v 0.04422727 -0.04248672 0.04727778
v 0.04422727 -0.04225610 0.04760266
v 0.04422727 -0.04018419 -0.04983333
v 0.04422727 -0.03984146 -0.05010522
v 0.04422727 -0.04018419 0.04983333
v 0.04422727 -0.03984146 0.05010522
v 0.04422727 -0.03742683 -0.05138407
v 0.04422727 -0.03742683 0.05138407
v 0.04422727 -0.03501220 -0.05194806
v 0.04422727 -0.03501220 0.05194805
v 0.04422727 -0.03259756 -0.05200000
v 0.04422727 -0.03259756 0.05200000
v 0.04422727 -0.03018293 -0.05200000
v 0.04422727 -0.03018293 0.05200000
v 0.04422727 -0.02776829 -0.05200000
v 0.04422727 -0.02776829 0.05200000
v 0.04422727 -0.02535366 -0.05200000
v 0.04422727 -0.02535366 0.05200000
v 0.04422727 -0.02293902 -0.05200000
v 0.04422727 -0.02293902 0.05200000
v 0.04422727 -0.02052439 -0.05200000
v 0.04422727 -0.02052439 0.05200000
v 0.04422727 -0.01810976 -0.05200000
v 0.04422727 -0.01810976 0.05200000
v 0.04422727 -0.01569512 -0.05200000
v 0.04422727 -0.01569512 0.05200000
v 0.04422727 -0.01328049 -0.05200000
v 0.04422727 -0.01328049 0.05200000
v 0.04422727 -0.01086585 -0.05200000
v 0.04422727 -0.01086585 0.05200000
v 0.04422727 -0.00845122 -0.05200000
v 0.04422727 -0.00845122 0.05200000
v 0.04422727 -0.00603659 -0.05200000
v 0.04422727 -0.00603659 0.05200000
v 0.04422727 -0.00362195 -0.05200000
v 0.04422727 -0.00362195 0.05200000
v 0.04422727 -0.00120732 -0.05200000
v 0.04422727 -0.00120732 0.05200000
v 0.04422727 0.00120732 -0.05200000
v 0.04422727 0.00120732 0.05200000
v 0.04422727 0.00362195 -0.05200000
v 0.04422727 0.00362195 0.05200000
v 0.04422727 0.00603659 -0.05200000
v 0.04422727 0.00603659 0.05200000
v 0.04422727 0.00845122 -0.05200000
v 0.04422727 0.00845122 0.05200000
v 0.04422727 0.01086585 -0.05200000
v 0.04422727 0.01086585 0.05200000
v 0.04422727 0.01328049 -0.05200000
v 0.04422727 0.01328049 0.05200000
v 0.04422727 0.01569512 -0.05200000
v 0.04422727 0.01569512 0.05200000
v 0.04422727 0.01810976 -0.05200000
v 0.04422727 0.01810976 0.05200000
v 0.04422727 0.02052439 -0.05200000
v 0.04422727 0.02052439 0.05200000
v 0.04422727 0.02293902 -0.05200000
v 0.04422727 0.02293902 0.05200000
v 0.04422727 0.02535366 -0.05200000
v 0.04422727 0.02535366 0.05200000
v 0.04422727 0.02776829 -0.05200000
v 0.04422727 0.02776829 0.05200000
v 0.04422727 0.03018293 -0.05200000
v 0.04422727 0.03018293 0.05200000
v 0.04422727 0.03259756 -0.05200000
v 0.04422727 0.03259756 0.05200000
v 0.04422727 0.03501220 -0.05194806
v 0.04422727 0.03501220 0.05194805
v 0.04422727 0.03742683 -0.05138407
v 0.04422727 0.03742683 0.05138407
v 0.04422727 0.03984146 -0.05010522
v 0.04422727 0.03984146 0.05010522
v 0.04422727 0.04018419 -0.04983333
v 0.04422727 0.04225610 -0.04760267
v 0.04422727 0.04225610 0.04760266
v 0.04422727 0.04018419 0.04983333
v 0.04422727 0.04248673 -0.04727778
v 0.04422727 0.04361657 -0.04472222
v 0.04422727 0.04399859 -0.04216667
v 0.04422727 0.04400000 -0.03961111
v 0.04422727 0.04400000 -0.03705556
v 0.04422727 0.04400000 -0.03450000
v 0.04422727 0.04400000 -0.03194444
v 0.04422727 0.04400000 -0.02938889
v 0.04422727 0.04400000 -0.02683333
v 0.04422727 0.04400000 -0.02427778
v 0.04422727 0.04400000 -0.02172222
v 0.04422727 0.04400000 -0.01916667
v 0.04422727 0.04400000 -0.01661111
v 0.04422727 0.04400000 -0.01405556
v 0.04422727 0.04400000 -0.01150000
v 0.04422727 0.04400000 -0.00894444
v 0.04422727 0.04400000 -0.00638889
v 0.04422727 0.04400000 -0.00383333
v 0.04422727 0.04400000 -0.00127778
v 0.04422727 0.04400000 0.00127778
v 0.04422727 0.04400000 0.00383333
v 0.04422727 0.04400000 0.00638889
v 0.04422727 0.04400000 0.00894444
v 0.04422727 0.04400000 0.01150000
v 0.04422727 0.04400000 0.01405556
v 0.04422727 0.04400000 0.01661111
v 0.04422727 0.04400000 0.01916667
v 0.04422727 0.04400000 0.02172222
v 0.04422727 0.04400000 0.02427778
v 0.04422727 0.04400000 0.02683333
v 0.04422727 0.04400000 0.02938889
v 0.04422727 0.04400000 0.03194444
v 0.04422727 0.04400000 0.03450000
v 0.04422727 0.04400000 0.03705556
v 0.04422727 0.04400000 0.03961111
v 0.04422727 0.04399859 0.04216667
v 0.04422727 0.04361657 0.04472222
v 0.04422727 0.04248673 0.04727778
v 0.04675455 -0.04248672 -0.04727778
v 0.04675455 -0.04225610 -0.04760267
v 0.04675455 -0.04361657 -0.04472222
v 0.04675455 -0.04399859 -0.04216667
v 0.04675455 -0.04400000 -0.03961111
v 0.04675455 -0.04400000 -0.03705556
v 0.04675455 -0.04400000 -0.03450000
v 0.04675455 -0.04400000 -0.03194444
v 0.04675455 -0.04400000 -0.02938889
v 0.04675455 -0.04400000 -0.02683333
v 0.04675455 -0.04400000 -0.02427778
v 0.04675455 -0.04400000 -0.02172222
v 0.04675455 -0.04400000 -0.01916667
v 0.04675455 -0.04400000 -0.01661111
v 0.04675455 -0.04400000 -0.01405556
v 0.04675455 -0.04400000 -0.01150000
v 0.04675455 -0.04400000 -0.00894444
v 0.04675455 -0.04400000 -0.00638889
v 0.04675455 -0.04400000 -0.00383333
v 0.04675455 -0.04400000 -0.00127778
v 0.04675455 -0.04400000 0.00127778
v 0.04675455 -0.04400000 0.00383333
v 0.04675455 -0.04400000 0.00638889
v 0.04675455 -0.04400000 0.00894444
v 0.04675455 -0.04400000 0.01150000
v 0.04675455 -0.04400000 0.01405556
v 0.04675455 -0.04400000 0.01661111
v 0.04675455 -0.04400000 0.01916667
v 0.04675455 -0.04400000 0.02172222
v 0.04675455 -0.04400000 0.02427778
v 0.04675455 -0.04400000 0.02683333
v 0.04675455 -0.04400000 0.02938889
v 0.04675455 -0.04400000 0.03194444
v 0.04675455 -0.04400000 0.03450000
v 0.04675455 -0.04400000 0.03705556
v 0.04675455 -0.04400000 0.03961111
v 0.04675455 -0.04399859 0.04216667
v 0.04675455 -0.04361657 0.04472222
v 0.04675455 -0.04248672 0.04727778
v 0.04675455 -0.04225610 0.04760266
v 0.04675455 -0.04018419 -0.04983333
v 0.04675455 -0.03984146 -0.05010522
v 0.04675455 -0.04018419 0.04983333
v 0.04675455 -0.03984146 0.05010522
v 0.04675455 -0.03742683 -0.05138407
v 0.04675455 -0.03742683 0.05138407
v 0.04675455 -0.03501220 -0.05194806
v 0.04675455 -0.03501220 0.05194805
v 0.04675455 -0.03259756 -0.05200000
v 0.04675455 -0.03259756 0.05200000
v 0.04675455 -0.03018293 -0.05200000
v 0.04675455 -0.03018293 0.05200000
v 0.04675455 -0.02776829 -0.05200000
v 0.04675455 -0.02776829 0.05200000
v 0.04675455 -0.02535366 -0.05200000
v 0.04675455 -0.02535366 0.05200000
v 0.04675455 -0.02293902 -0.05200000
v 0.04675455 -0.02293902 0.05200000
v 0.04675455 -0.02052439 -0.05200000
v 0.04675455 -0.02052439 0.05200000
v 0.04675455 -0.01810976 -0.05200000
v 0.04675455 -0.01810976 0.05200000
v 0.04675455 -0.01569512 -0.05200000
v 0.04675455 -0.01569512 0.05200000
v 0.04675455 -0.01328049 -0.05200000
v 0.04675455 -0.01328049 0.05200000
v 0.04675455 -0.01086585 -0.05200000
v 0.04675455 -0.01086585 0.05200000
v 0.04675455 -0.00845122 -0.05200000
v 0.04675455 -0.00845122 0.05200000
v 0.04675455 -0.00603659 -0.05200000
v 0.04675455 -0.00603659 0.05200000
v 0.04675455 -0.00362195 -0.05200000
v 0.04675455 -0.00362195 0.05200000
v 0.04675455 -0.00120732 -0.05200000
v 0.04675455 -0.00120732 0.05200000
v 0.04675455 0.00120732 -0.05200000
v 0.04675455 0.00120732 0.05200000
v 0.04675455 0.00362195 -0.05200000
v 0.04675455 0.00362195 0.05200000
v 0.04675455 0.00603659 -0.05200000
v 0.04675455 0.00603659 0.05200000
v 0.04675455 0.00845122 -0.05200000
v 0.04675455 0.00845122 0.05200000
v 0.04675455 0.01086585 -0.05200000
v 0.04675455 0.01086585 0.05200000
v 0.04675455 0.01328049 -0.05200000
v 0.04675455 0.01328049 0.05200000
v 0.04675455 0.01569512 -0.05200000
v 0.04675455 0.01569512 0.05200000
v 0.04675455 0.01810976 -0.05200000
v 0.04675455 0.01810976 0.05200000
v 0.04675455 0.02052439 -0.05200000
v 0.04675455 0.02052439 0.05200000
v 0.04675455 0.02293902 -0.05200000
v 0.04675455 0.02293902 0.05200000
v 0.04675455 0.02535366 -0.05200000
v 0.04675455 0.02535366 0.05200000
v 0.04675455 0.02776829 -0.05200000
v 0.04675455 0.02776829 0.05200000
v 0.04675455 0.03018293 -0.05200000
v 0.04675455 0.03018293 0.05200000
v 0.04675455 0.03259756 -0.05200000
v 0.04675455 0.03259756 0.05200000
v 0.04675455 0.03501220 -0.05194806
v 0.04675455 0.03501220 0.05194805
v 0.04675455 0.03742683 -0.05138407
v 0.04675455 0.03742683 0.05138407
v 0.04675455 0.03984146 -0.05010522
v 0.04675455 0.03984146 0.05010522
v 0.04675455 0.04018419 -0.04983333
v 0.04675455 0.04225610 -0.04760267
v 0.04675455 0.04225610 0.04760266
v 0.04675455 0.04018419 0.04983333
v 0.04675455 0.04248673 -0.04727778
v 0.04675455 0.04361657 -0.04472222
v 0.04675455 0.04399859 -0.04216667
v 0.04675455 0.04400000 -0.03961111
v 0.04675455 0.04400000 -0.03705556
v 0.04675455 0.04400000 -0.03450000
v 0.04675455 0.04400000 -0.03194444
v 0.04675455 0.04400000 -0.02938889
v 0.04675455 0.04400000 -0.02683333
v 0.04675455 0.04400000 -0.02427778
v 0.04675455 0.04400000 -0.02172222
v 0.04675455 0.04400000 -0.01916667
v 0.04675455 0.04400000 -0.01661111
v 0.04675455 0.04400000 -0.01405556
v 0.04675455 0.04400000 -0.01150000
v 0.04675455 0.04400000 -0.00894444
v 0.04675455 0.04400000 -0.00638889
v 0.04675455 0.04400000 -0.00383333
v 0.04675455 0.04400000 -0.00127778
v 0.04675455 0.04400000 0.00127778
v 0.04675455 0.04400000 0.00383333
v 0.04675455 0.04400000 0.00638889
v 0.04675455 0.04400000 0.00894444
v 0.04675455 0.04400000 0.01150000
v 0.04675455 0.04400000 0.01405556
v 0.04675455 0.04400000 0.01661111
v 0.04675455 0.04400000 0.01916667
v 0.04675455 0.04400000 0.02172222
v 0.04675455 0.04400000 0.02427778
v 0.04675455 0.04400000 0.02683333
v 0.04675455 0.04400000 0.02938889
v 0.04675455 0.04400000 0.03194444
v 0.04675455 0.04400000 0.03450000
v 0.04675455 0.04400000 0.03705556
v 0.04675455 0.04400000 0.03961111
v 0.04675455 0.04399859 0.04216667
v 0.04675455 0.04361657 0.04472222
v 0.04675455 0.04248673 0.04727778
v 0.04928182 -0.04248672 -0.04727778
v 0.04928182 -0.04225610 -0.04760267
v 0.04928182 -0.04361657 -0.04472222
v 0.04928182 -0.04399859 -0.04216667
v 0.04928182 -0.04400000 -0.03961111
v 0.04928182 -0.04400000 -0.03705556
v 0.04928182 -0.04400000 -0.03450000
v 0.04928182 -0.04400000 -0.03194444
v 0.04928182 -0.04400000 -0.02938889
v 0.04928182 -0.04400000 -0.02683333
v 0.04928182 -0.04400000 -0.02427778
v 0.04928182 -0.04400000 -0.02172222
v 0.04928182 -0.04400000 -0.01916667
v 0.04928182 -0.04400000 -0.01661111
v 0.04928182 -0.04400000 -0.01405556
v 0.04928182 -0.04400000 -0.01150000
v 0.04928182 -0.04400000 -0.00894444
v 0.04928182 -0.04400000 -0.00638889
v 0.04928182 -0.04400000 -0.00383333
v 0.04928182 -0.04400000 -0.00127778
v 0.04928182 -0.04400000 0.00127778
v 0.04928182 -0.04400000 0.00383333
v 0.04928182 -0.04400000 0.00638889
v 0.04928182 -0.04400000 0.00894444
v 0.04928182 -0.04400000 0.01150000
v 0.04928182 -0.04400000 0.01405556
v 0.04928182 -0.04400000 0.01661111
v 0.04928182 -0.04400000 0.01916667
v 0.04928182 -0.04400000 0.02172222
v 0.04928182 -0.04400000 0.02427778
v 0.04928182 -0.04400000 0.02683333
v 0.04928182 -0.04400000 0.02938889
v 0.04928182 -0.04400000 0.03194444
v 0.04928182 -0.04400000 0.03450000
v 0.04928182 -0.04400000 0.03705556
v 0.04928182 -0.04400000 0.03961111
v 0.04928182 -0.04399859 0.04216667
v 0.04928182 -0.04361657 0.04472222
v 0.04928182 -0.04248672 0.04727778
v 0.04928182 -0.04225610 0.04760266
v 0.04928182 -0.04018419 -0.04983333
v 0.04928182 -0.03984146 -0.05010522
v 0.04928182 -0.04018419 0.04983333
v 0.04928182 -0.03984146 0.05010522
v 0.04928182 -0.03742683 -0.05138407
v 0.04928182 -0.03742683 0.05138407
v 0.04928182 -0.03501220 -0.05194806
v 0.04928182 -0.03501220 0.05194805
v 0.04928182 -0.03259756 -0.05200000
v 0.04928182 -0.03259756 0.05200000
v 0.04928182 -0.03018293 -0.05200000
v 0.04928182 -0.03018293 0.05200000
v 0.04928182 -0.02776829 -0.05200000
v 0.04928182 -0.02776829 0.05200000
v 0.04928182 -0.02535366 -0.05200000
v 0.04928182 -0.02535366 0.05200000
v 0.04928182 -0.02293902 -0.05200000
v 0.04928182 -0.02293902 0.05200000
v 0.04928182 -0.02052439 -0.05200000
v 0.04928182 -0.02052439 0.05200000
v 0.04928182 -0.01810976 -0.05200000
v 0.04928182 -0.01810976 0.05200000
v 0.04928182 -0.01569512 -0.05200000
v 0.04928182 -0.01569512 0.05200000
v 0.04928182 -0.01328049 -0.05200000
v 0.04928182 -0.01328049 0.05200000
v 0.04928182 -0.01086585 -0.05200000
v 0.04928182 -0.01086585 0.05200000
v 0.04928182 -0.00845122 -0.05200000
v 0.04928182 -0.00845122 0.05200000
v 0.04928182 -0.00603659 -0.05200000
v 0.04928182 -0.00603659 0.05200000
v 0.04928182 -0.00362195 -0.05200000
v 0.04928182 -0.00362195 0.05200000
v 0.04928182 -0.00120732 -0.05200000
v 0.04928182 -0.00120732 0.05200000
v 0.04928182 0.00120732 -0.05200000
v 0.04928182 0.00120732 0.05200000
v 0.04928182 0.00362195 -0.05200000
v 0.04928182 0.00362195 0.05200000
v 0.04928182 0.00603659 -0.05200000
v 0.04928182 0.00603659 0.05200000
v 0.04928182 0.00845122 -0.05200000
v 0.04928182 0.00845122 0.05200000
v 0.04928182 0.01086585 -0.05200000
v 0.04928182 0.01086585 0.05200000
v 0.04928182 0.01328049 -0.05200000
v 0.04928182 0.01328049 0.05200000
v 0.04928182 0.01569512 -0.05200000
v 0.04928182 0.01569512 0.05200000
v 0.04928182 0.01810976 -0.05200000
v 0.04928182 0.01810976 0.05200000
v 0.04928182 0.02052439 -0.05200000
v 0.04928182 0.02052439 0.05200000
v 0.04928182 0.02293902 -0.05200000
v 0.04928182 0.02293902 0.05200000
v 0.04928182 0.02535366 -0.05200000
v 0.04928182 0.02535366 0.05200000
v 0.04928182 0.02776829 -0.05200000
v 0.04928182 0.02776829 0.05200000
v 0.04928182 0.03018293 -0.05200000
v 0.04928182 0.03018293 0.05200000
v 0.04928182 0.03259756 -0.05200000
v 0.04928182 0.03259756 0.05200000
v 0.04928182 0.03501220 -0.05194806
v 0.04928182 0.03501220 0.05194805
v 0.04928182 0.03742683 -0.05138407
v 0.04928182 0.03742683 0.05138407
v 0.04928182 0.03984146 -0.05010522
v 0.04928182 0.03984146 0.05010522
v 0.04928182 0.04018419 -0.04983333
v 0.04928182 0.04225610 -0.04760267
v 0.04928182 0.04225610 0.04760266
v 0.04928182 0.04018419 0.04983333
v 0.04928182 0.04248673 -0.04727778
v 0.04928182 0.04361657 -0.04472222
v 0.04928182 0.04399859 -0.04216667
v 0.04928182 0.04400000 -0.03961111
v 0.04928182 0.04400000 -0.03705556
v 0.04928182 0.04400000 -0.03450000
v 0.04928182 0.04400000 -0.03194444
v 0.04928182 0.04400000 -0.02938889
v 0.04928182 0.04400000 -0.02683333
v 0.04928182 0.04400000 -0.02427778
v 0.04928182 0.04400000 -0.02172222
v 0.04928182 0.04400000 -0.01916667
v 0.04928182 0.04400000 -0.01661111
v 0.04928182 0.04400000 -0.01405556
v 0.04928182 0.04400000 -0.01150000
v 0.04928182 0.04400000 -0.00894444
v 0.04928182 0.04400000 -0.00638889
v 0.04928182 0.04400000 -0.00383333
v 0.04928182 0.04400000 -0.00127778
v 0.04928182 0.04400000 0.00127778
v 0.04928182 0.04400000 0.00383333
v 0.04928182 0.04400000 0.00638889
v 0.04928182 0.04400000 0.00894444
v 0.04928182 0.04400000 0.01150000
v 0.04928182 0.04400000 0.01405556
v 0.04928182 0.04400000 0.01661111
v 0.04928182 0.04400000 0.01916667
v 0.04928182 0.04400000 0.02172222
v 0.04928182 0.04400000 0.02427778
v 0.04928182 0.04400000 0.02683333
v 0.04928182 0.04400000 0.02938889
v 0.04928182 0.04400000 0.03194444
v 0.04928182 0.04400000 0.03450000
v 0.04928182 0.04400000 0.03705556
v 0.04928182 0.04400000 0.03961111
v 0.04928182 0.04399859 0.04216667
v 0.04928182 0.04361657 0.04472222
v 0.04928182 0.04248673 0.04727778
v 0.05180909 -0.04248672 -0.04727778
v 0.05180909 -0.04225610 -0.04760267
v 0.05180909 -0.04361657 -0.04472222
v 0.05180909 -0.04399859 -0.04216667
v 0.05180909 -0.04400000 -0.03961111
v 0.05180909 -0.04400000 -0.03705556
v 0.05180909 -0.04400000 -0.03450000
v 0.05180909 -0.04400000 -0.03194444
v 0.05180909 -0.04400000 -0.02938889
v 0.05180909 -0.04400000 -0.02683333
v 0.05180909 -0.04400000 -0.02427778
v 0.05180909 -0.04400000 -0.02172222
v 0.05180909 -0.04400000 -0.01916667
v 0.05180909 -0.04400000 -0.01661111
v 0.05180909 -0.04400000 -0.01405556
v 0.05180909 -0.04400000 -0.01150000
v 0.05180909 -0.04400000 -0.00894444
v 0.05180909 -0.04400000 -0.00638889
v 0.05180909 -0.04400000 -0.00383333
v 0.05180909 -0.04400000 -0.00127778
v 0.05180909 -0.04400000 0.00127778
v 0.05180909 -0.04400000 0.00383333
v 0.05180909 -0.04400000 0.00638889
v 0.05180909 -0.04400000 0.00894444
v 0.05180909 -0.04400000 0.01150000
v 0.05180909 -0.04400000 0.01405556
v 0.05180909 -0.04400000 0.01661111
v 0.05180909 -0.04400000 0.01916667
v 0.05180909 -0.04400000 0.02172222
v 0.05180909 -0.04400000 0.02427778
v 0.05180909 -0.04400000 0.02683333
v 0.05180909 -0.04400000 0.02938889
v 0.05180909 -0.04400000 0.03194444
v 0.05180909 -0.04400000 0.03450000
v 0.05180909 -0.04400000 0.03705556
v 0.05180909 -0.04400000 0.03961111
v 0.05180909 -0.04399859 0.04216667
v 0.05180909 -0.04361657 0.04472222
v 0.05180909 -0.04248672 0.04727778
v 0.05180909 -0.04225610 0.04760266
v 0.05180909 -0.04018419 -0.04983333
v 0.05180909 -0.03984146 -0.05010522
v 0.05180909 -0.04018419 0.04983333
v 0.05180909 -0.03984146 0.05010522
v 0.05180909 -0.03742683 -0.05138407
v 0.05180909 -0.03742683 0.05138407
v 0.05180909 -0.03501220 -0.05194806
v 0.05180909 -0.03501220 0.05194805
v 0.05180909 -0.03259756 -0.05200000
v 0.05180909 -0.03259756 0.05200000
v 0.05180909 -0.03018293 -0.05200000
v 0.05180909 -0.03018293 0.05200000
v 0.05180909 -0.02776829 -0.05200000
v 0.05180909 -0.02776829 0.05200000
v 0.05180909 -0.02535366 -0.05200000
v 0.05180909 -0.02535366 0.05200000
v 0.05180909 -0.02293902 -0.05200000
v 0.05180909 -0.02293902 0.05200000
v 0.05180909 -0.02052439 -0.05200000
v 0.05180909 -0.02052439 0.05200000
v 0.05180909 -0.01810976 -0.05200000
v 0.05180909 -0.01810976 0.05200000
v 0.05180909 -0.01569512 -0.05200000
v 0.05180909 -0.01569512 0.05200000
v 0.05180909 -0.01328049 -0.05200000
v 0.05180909 -0.01328049 0.05200000
v 0.05180909 -0.01086585 -0.05200000
v 0.05180909 -0.01086585 0.05200000
v 0.05180909 -0.00845122 -0.05200000
v 0.05180909 -0.00845122 0.05200000
v 0.05180909 -0.00603659 -0.05200000
v 0.05180909 -0.00603659 0.05200000
v 0.05180909 -0.00362195 -0.05200000
v 0.05180909 -0.00362195 0.05200000
v 0.05180909 -0.00120732 -0.05200000
v 0.05180909 -0.00120732 0.05200000
v 0.05180909 0.00120732 -0.05200000
v 0.05180909 0.00120732 0.05200000
v 0.05180909 0.00362195 -0.05200000
v 0.05180909 0.00362195 0.05200000
v 0.05180909 0.00603659 -0.05200000
v 0.05180909 0.00603659 0.05200000
v 0.05180909 0.00845122 -0.05200000
v 0.05180909 0.00845122 0.05200000
v 0.05180909 0.01086585 -0.05200000
v 0.05180909 0.01086585 0.05200000
v 0.05180909 0.01328049 -0.05200000
v 0.05180909 0.01328049 0.05200000
v 0.05180909 0.01569512 -0.05200000
v 0.05180909 0.01569512 0.05200000
v 0.05180909 0.01810976 -0.05200000
v 0.05180909 0.01810976 0.05200000
v 0.05180909 0.02052439 -0.05200000
v 0.05180909 0.02052439 0.05200000
v 0.05180909 0.02293902 -0.05200000
v 0.05180909 0.02293902 0.05200000
v 0.05180909 0.02535366 -0.05200000
v 0.05180909 0.02535366 0.05200000
v 0.05180909 0.02776829 -0.05200000
v 0.05180909 0.02776829 0.05200000
v 0.05180909 0.03018293 -0.05200000
v 0.05180909 0.03018293 0.05200000
v 0.05180909 0.03259756 -0.05200000
v 0.05180909 0.03259756 0.05200000
v 0.05180909 0.03501220 -0.05194806
v 0.05180909 0.03501220 0.05194805
v 0.05180909 0.03742683 -0.05138407
v 0.05180909 0.03742683 0.05138407
v 0.05180909 0.03984146 -0.05010522
v 0.05180909 0.03984146 0.05010522
v 0.05180909 0.04018419 -0.04983333
v 0.05180909 0.04225610 -0.04760267
v 0.05180909 0.04225610 0.04760266
v 0.05180909 0.04018419 0.04983333
v 0.05180909 0.04248673 -0.04727778
v 0.05180909 0.04361657 -0.04472222
v 0.05180909 0.04399859 -0.04216667
v 0.05180909 0.04400000 -0.03961111
v 0.05180909 0.04400000 -0.03705556
v 0.05180909 0.04400000 -0.03450000
v 0.05180909 0.04400000 -0.03194444
v 0.05180909 0.04400000 -0.02938889
v 0.05180909 0.04400000 -0.02683333
v 0.05180909 0.04400000 -0.02427778
v 0.05180909 0.04400000 -0.02172222
v 0.05180909 0.04400000 -0.01916667
v 0.05180909 0.04400000 -0.01661111
v 0.05180909 0.04400000 -0.01405556
v 0.05180909 0.04400000 -0.01150000
v 0.05180909 0.04400000 -0.00894444
v 0.05180909 0.04400000 -0.00638889
v 0.05180909 0.04400000 -0.00383333
v 0.05180909 0.04400000 -0.00127778
v 0.05180909 0.04400000 0.00127778
v 0.05180909 0.04400000 0.00383333
v 0.05180909 0.04400000 0.00638889
v 0.05180909 0.04400000 0.00894444
v 0.05180909 0.04400000 0.01150000
v 0.05180909 0.04400000 0.01405556
v 0.05180909 0.04400000 0.01661111
v 0.05180909 0.04400000 0.01916667
v 0.05180909 0.04400000 0.02172222
v 0.05180909 0.04400000 0.02427778
v 0.05180909 0.04400000 0.02683333
v 0.05180909 0.04400000 0.02938889
v 0.05180909 0.04400000 0.03194444
v 0.05180909 0.04400000 0.03450000
v 0.05180909 0.04400000 0.03705556
v 0.05180909 0.04400000 0.03961111
v 0.05180909 0.04399859 0.04216667
v 0.05180909 0.04361657 0.04472222
v 0.05180909 0.04248673 0.04727778
v 0.05433636 -0.04248021 -0.04727778
v 0.05433636 -0.04225610 -0.04759350
v 0.05433636 -0.04361059 -0.04472222
v 0.05433636 -0.04399286 -0.04216667
v 0.05433636 -0.04399427 -0.03961111
v 0.05433636 -0.04399427 -0.03705556
v 0.05433636 -0.04399427 -0.03450000
v 0.05433636 -0.04399427 -0.03194444
v 0.05433636 -0.04399427 -0.02938889
v 0.05433636 -0.04399427 -0.02683333
v 0.05433636 -0.04399427 -0.02427778
v 0.05433636 -0.04399427 -0.02172222
v 0.05433636 -0.04399427 -0.01916667
v 0.05433636 -0.04399427 -0.01661111
v 0.05433636 -0.04399427 -0.01405556
v 0.05433636 -0.04399427 -0.01150000
v 0.05433636 -0.04399427 -0.00894444
v 0.05433636 -0.04399427 -0.00638889
v 0.05433636 -0.04399427 -0.00383333
v 0.05433636 -0.04399427 -0.00127778
v 0.05433636 -0.04399427 0.00127778
v 0.05433636 -0.04399427 0.00383333
v 0.05433636 -0.04399427 0.00638889
v 0.05433636 -0.04399427 0.00894444
v 0.05433636 -0.04399427 0.01150000
v 0.05433636 -0.04399427 0.01405556
v 0.05433636 -0.04399427 0.01661111
v 0.05433636 -0.04399427 0.01916667
v 0.05433636 -0.04399427 0.02172222
v 0.05433636 -0.04399427 0.02427778
v 0.05433636 -0.04399427 0.02683333
v 0.05433636 -0.04399427 0.02938889
v 0.05433636 -0.04399427 0.03194444
v 0.05433636 -0.04399427 0.03450000
v 0.05433636 -0.04399427 0.03705556
v 0.05433636 -0.04399427 0.03961111
v 0.05433636 -0.04399286 0.04216667
v 0.05433636 -0.04361059 0.04472222
v 0.05433636 -0.04248021 0.04727778
v 0.05433636 -0.04225610 0.04759350
v 0.05433636 -0.04017568 -0.04983333
v 0.05433636 -0.03984146 -0.05009846
v 0.05433636 -0.04017568 0.04983333
v 0.05433636 -0.03984146 0.05009846
v 0.05433636 -0.03742683 -0.05137793
v 0.05433636 -0.03742683 0.05137793
v 0.05433636 -0.03501220 -0.05194230
v 0.05433636 -0.03501220 0.05194230
v 0.05433636 -0.03259756 -0.05199428
v 0.05433636 -0.03259756 0.05199428
v 0.05433636 -0.03018293 -0.05199428
v 0.05433636 -0.03018293 0.05199428
v 0.05433636 -0.02776829 -0.05199428
v 0.05433636 -0.02776829 0.05199428
v 0.05433636 -0.02535366 -0.05199428
v 0.05433636 -0.02535366 0.05199428
v 0.05433636 -0.02293902 -0.05199428
v 0.05433636 -0.02293902 0.05199428
v 0.05433636 -0.02052439 -0.05199428
v 0.05433636 -0.02052439 0.05199428
v 0.05433636 -0.01810976 -0.05199428
v 0.05433636 -0.01810976 0.05199428
v 0.05433636 -0.01569512 -0.05199428
v 0.05433636 -0.01569512 0.05199428
v 0.05433636 -0.01328049 -0.05199428
v 0.05433636 -0.01328049 0.05199428
v 0.05433636 -0.01086585 -0.05199428
v 0.05433636 -0.01086585 0.05199428
v 0.05433636 -0.00845122 -0.05199428
v 0.05433636 -0.00845122 0.05199428
v 0.05433636 -0.00603659 -0.05199428
v 0.05433636 -0.00603659 0.05199428
v 0.05433636 -0.00362195 -0.05199428
v 0.05433636 -0.00362195 0.05199428
v 0.05433636 -0.00120732 -0.05199428
v 0.05433636 -0.00120732 0.05199428
v 0.05433636 0.00120732 -0.05199428
v 0.05433636 0.00120732 0.05199428
v 0.05433636 0.00362195 -0.05199428
v 0.05433636 0.00362195 0.05199428
v 0.05433636 0.00603659 -0.05199428
v 0.05433636 0.00603659 0.05199428
v 0.05433636 0.00845122 -0.05199428
v 0.05433636 0.00845122 0.05199428
v 0.05433636 0.01086585 -0.05199428
v 0.05433636 0.01086585 0.05199428
v 0.05433636 0.01328049 -0.05199428
v 0.05433636 0.01328049 0.05199428
v 0.05433636 0.01569512 -0.05199428
v 0.05433636 0.01569512 0.05199428
v 0.05433636 0.01810976 -0.05199428
v 0.05433636 0.01810976 0.05199428
v 0.05433636 0.02052439 -0.05199428
v 0.05433636 0.02052439 0.05199428
v 0.05433636 0.02293902 -0.05199428
v 0.05433636 0.02293902 0.05199428
v 0.05433636 0.02535366 -0.05199428
v 0.05433636 0.02535366 0.05199428
v 0.05433636 0.02776829 -0.05199428
v 0.05433636 0.02776829 0.05199428
v 0.05433636 0.03018293 -0.05199428
v 0.05433636 0.03018293 0.05199428
v 0.05433636 0.03259756 -0.05199428
v 0.05433636 0.03259756 0.05199428
v 0.05433636 0.03501220 -0.05194230
v 0.05433636 0.03501220 0.05194230
v 0.05433636 0.03742683 -0.05137793
v 0.05433636 0.03742683 0.05137793
v 0.05433636 0.03984146 -0.05009846
v 0.05433636 0.03984146 0.05009846
v 0.05433636 0.04017568 -0.04983333
v 0.05433636 0.04225610 -0.04759350
v 0.05433636 0.04225610 0.04759350
v 0.05433636 0.04017568 0.04983333
v 0.05433636 0.04248021 -0.04727778
v 0.05433636 0.04361059 -0.04472222
v 0.05433636 0.04399286 -0.04216667
v 0.05433636 0.04399427 -0.03961111
v 0.05433636 0.04399427 -0.03705556
v 0.05433636 0.04399427 -0.03450000
v 0.05433636 0.04399427 -0.03194444
v 0.05433636 0.04399427 -0.02938889
v 0.05433636 0.04399427 -0.02683333
v 0.05433636 0.04399427 -0.02427778
v 0.05433636 0.04399427 -0.02172222
v 0.05433636 0.04399427 -0.01916667
v 0.05433636 0.04399427 -0.01661111
v 0.05433636 0.04399427 -0.01405556
v 0.05433636 0.04399427 -0.01150000
v 0.05433636 0.04399427 -0.00894444
v 0.05433636 0.04399427 -0.00638889
v 0.05433636 0.04399427 -0.00383333
v 0.05433636 0.04399427 -0.00127778
v 0.05433636 0.04399427 0.00127778
v 0.05433636 0.04399427 0.00383333
v 0.05433636 0.04399427 0.00638889
v 0.05433636 0.04399427 0.00894444
v 0.05433636 0.04399427 0.01150000
v 0.05433636 0.04399427 0.01405556
v 0.05433636 0.04399427 0.01661111
v 0.05433636 0.04399427 0.01916667
v 0.05433636 0.04399427 0.02172222
v 0.05433636 0.04399427 0.02427778
v 0.05433636 0.04399427 0.02683333
v 0.05433636 0.04399427 0.02938889
v 0.05433636 0.04399427 0.03194444
v 0.05433636 0.04399427 0.03450000
v 0.05433636 0.04399427 0.03705556
v 0.05433636 0.04399427 0.03961111
v 0.05433636 0.04399286 0.04216667
v 0.05433636 0.04361059 0.04472222
v 0.05433636 0.04248021 0.04727778
v 0.05555810 -0.04225610 -0.04727778
v 0.05686364 -0.04225610 -0.04677257
v 0.05686364 -0.04317511 -0.04472222
v 0.05686364 -0.04357332 -0.04216667
v 0.05686364 -0.04357479 -0.03961111
v 0.05686364 -0.04357479 -0.03705556
v 0.05686364 -0.04357479 -0.03450000
v 0.05686364 -0.04357479 -0.03194444
v 0.05686364 -0.04357479 -0.02938889
v 0.05686364 -0.04357479 -0.02683333
v 0.05686364 -0.04357479 -0.02427778
v 0.05686364 -0.04357479 -0.02172222
v 0.05686364 -0.04357479 -0.01916667
v 0.05686364 -0.04357479 -0.01661111
v 0.05686364 -0.04357479 -0.01405556
v 0.05686364 -0.04357479 -0.01150000
v 0.05686364 -0.04357479 -0.00894444
v 0.05686364 -0.04357479 -0.00638889
v 0.05686364 -0.04357479 -0.00383333
v 0.05686364 -0.04357479 -0.00127778
v 0.05686364 -0.04357479 0.00127778
v 0.05686364 -0.04357479 0.00383333
v 0.05686364 -0.04357479 0.00638889
v 0.05686364 -0.04357479 0.00894444
v 0.05686364 -0.04357479 0.01150000
v 0.05686364 -0.04357479 0.01405556
v 0.05686364 -0.04357479 0.01661111
v 0.05686364 -0.04357479 0.01916667
v 0.05686364 -0.04357479 0.02172222
v 0.05686364 -0.04357479 0.02427778
v 0.05686364 -0.04357479 0.02683333
v 0.05686364 -0.04357479 0.02938889
v 0.05686364 -0.04357479 0.03194444
v 0.05686364 -0.04357479 0.03450000
v 0.05686364 -0.04357479 0.03705556
v 0.05686364 -0.04357479 0.03961111
v 0.05686364 -0.04357332 0.04216667
v 0.05686364 -0.04317511 0.04472222
v 0.05555810 -0.04225610 0.04727778
v 0.05686364 -0.04225610 0.04677257
v 0.05572502 -0.03984146 -0.04983333
v 0.05686364 -0.03984146 -0.04957493
v 0.05686364 -0.04198089 -0.04727778
v 0.05686364 -0.04198089 0.04727778
v 0.05572502 -0.03984146 0.04983333
v 0.05686364 -0.03984146 0.04957493
v 0.05686364 -0.03946332 -0.04983333
v 0.05686364 -0.03742683 -0.05092987
v 0.05686364 -0.03946332 0.04983333
v 0.05686364 -0.03742683 0.05092986
v 0.05686364 -0.03501220 -0.05151977
v 0.05686364 -0.03501220 0.05151978
v 0.05686364 -0.03259756 -0.05157444
v 0.05686364 -0.03259756 0.05157445
v 0.05686364 -0.03018293 -0.05157444
v 0.05686364 -0.03018293 0.05157445
v 0.05686364 -0.02776829 -0.05157444
v 0.05686364 -0.02776829 0.05157445
v 0.05686364 -0.02535366 -0.05157444
v 0.05686364 -0.02535366 0.05157445
v 0.05686364 -0.02293902 -0.05157444
v 0.05686364 -0.02293902 0.05157445
v 0.05686364 -0.02052439 -0.05157444
v 0.05686364 -0.02052439 0.05157445
v 0.05686364 -0.01810976 -0.05157444
v 0.05686364 -0.01810976 0.05157445
v 0.05686364 -0.01569512 -0.05157444
v 0.05686364 -0.01569512 0.05157445
v 0.05686364 -0.01328049 -0.05157444
v 0.05686364 -0.01328049 0.05157445
v 0.05686364 -0.01086585 -0.05157444
v 0.05686364 -0.01086585 0.05157445
v 0.05686364 -0.00845122 -0.05157444
v 0.05686364 -0.00845122 0.05157445
v 0.05686364 -0.00603659 -0.05157444
v 0.05686364 -0.00603659 0.05157445
v 0.05686364 -0.00362195 -0.05157444
v 0.05686364 -0.00362195 0.05157445
v 0.05686364 -0.00120732 -0.05157444
v 0.05686364 -0.00120732 0.05157445
v 0.05686364 0.00120732 -0.05157444
v 0.05686364 0.00120732 0.05157445
v 0.05686364 0.00362195 -0.05157444
v 0.05686364 0.00362195 0.05157445
v 0.05686364 0.00603659 -0.05157444
v 0.05686364 0.00603659 0.05157445
v 0.05686364 0.00845122 -0.05157444
v 0.05686364 0.00845122 0.05157445
v 0.05686364 0.01086585 -0.05157444
v 0.05686364 0.01086585 0.05157445
v 0.05686364 0.01328049 -0.05157444
v 0.05686364 0.01328049 0.05157445
v 0.05686364 0.01569512 -0.05157444
v 0.05686364 0.01569512 0.05157445
v 0.05686364 0.01810976 -0.05157444
v 0.05686364 0.01810976 0.05157445
v 0.05686364 0.02052439 -0.05157444
v 0.05686364 0.02052439 0.05157445
v 0.05686364 0.02293902 -0.05157444
v 0.05686364 0.02293902 0.05157445
v 0.05686364 0.02535366 -0.05157444
v 0.05686364 0.02535366 0.05157445
v 0.05686364 0.02776829 -0.05157444
v 0.05686364 0.02776829 0.05157445
v 0.05686364 0.03018293 -0.05157444
v 0.05686364 0.03018293 0.05157445
v 0.05686364 0.03259756 -0.05157444
v 0.05686364 0.03259756 0.05157445
v 0.05686364 0.03501220 -0.05151977
v 0.05686364 0.03501220 0.05151978
v 0.05686364 0.03742683 -0.05092987
v 0.05686364 0.03742683 0.05092986
v 0.05686364 0.03946332 -0.04983333
v 0.05572502 0.03984146 -0.04983333
v 0.05686364 0.03984146 -0.04957493
v 0.05572502 0.03984146 0.04983333
v 0.05686364 0.03984146 0.04957493
v 0.05686364 0.03946332 0.04983333
v 0.05686364 0.04198089 -0.04727778
v 0.05555810 0.04225610 -0.04727778
v 0.05686364 0.04225610 -0.04677257
v 0.05555810 0.04225610 0.04727778
v 0.05686364 0.04225610 0.04677257
v 0.05686364 0.04198089 0.04727778
v 0.05686364 0.04317511 -0.04472222
v 0.05686364 0.04357332 -0.04216667
v 0.05686364 0.04357480 -0.03961111
v 0.05686364 0.04357480 -0.03705556
v 0.05686364 0.04357480 -0.03450000
v 0.05686364 0.04357480 -0.03194444
v 0.05686364 0.04357480 -0.02938889
v 0.05686364 0.04357480 -0.02683333
v 0.05686364 0.04357480 -0.02427778
v 0.05686364 0.04357480 -0.02172222
v 0.05686364 0.04357480 -0.01916667
v 0.05686364 0.04357480 -0.01661111
v 0.05686364 0.04357480 -0.01405556
v 0.05686364 0.04357480 -0.01150000
v 0.05686364 0.04357480 -0.00894444
v 0.05686364 0.04357480 -0.00638889
v 0.05686364 0.04357480 -0.00383333
v 0.05686364 0.04357480 -0.00127778
v 0.05686364 0.04357480 0.00127778
v 0.05686364 0.04357480 0.00383333
v 0.05686364 0.04357480 0.00638889
v 0.05686364 0.04357480 0.00894444
v 0.05686364 0.04357480 0.01150000
v 0.05686364 0.04357480 0.01405556
v 0.05686364 0.04357480 0.01661111
v 0.05686364 0.04357480 0.01916667
v 0.05686364 0.04357480 0.02172222
v 0.05686364 0.04357480 0.02427778
v 0.05686364 0.04357480 0.02683333
v 0.05686364 0.04357480 0.02938889
v 0.05686364 0.04357480 0.03194444
v 0.05686364 0.04357480 0.03450000
v 0.05686364 0.04357480 0.03705556
v 0.05686364 0.04357480 0.03961111
v 0.05686364 0.04357332 0.04216667
v 0.05686364 0.04317511 0.04472222
v 0.05885286 -0.04225610 -0.04472222
v 0.05939091 -0.04225610 -0.04312858
v 0.05939091 -0.04241554 -0.04216667
v 0.05939091 -0.04241715 -0.03961111
v 0.05939091 -0.04241715 -0.03705556
v 0.05939091 -0.04241715 -0.03450000
v 0.05939091 -0.04241715 -0.03194444
v 0.05939091 -0.04241715 -0.02938889
v 0.05939091 -0.04241715 -0.02683333
v 0.05939091 -0.04241715 -0.02427778
v 0.05939091 -0.04241715 -0.02172222
v 0.05939091 -0.04241715 -0.01916667
v 0.05939091 -0.04241715 -0.01661111
v 0.05939091 -0.04241715 -0.01405556
v 0.05939091 -0.04241715 -0.01150000
v 0.05939091 -0.04241715 -0.00894444
v 0.05939091 -0.04241715 -0.00638889
v 0.05939091 -0.04241715 -0.00383333
v 0.05939091 -0.04241715 -0.00127778
v 0.05939091 -0.04241715 0.00127778
v 0.05939091 -0.04241715 0.00383333
v 0.05939091 -0.04241715 0.00638889
v 0.05939091 -0.04241715 0.00894444
v 0.05939091 -0.04241715 0.01150000
v 0.05939091 -0.04241715 0.01405556
v 0.05939091 -0.04241715 0.01661111
v 0.05939091 -0.04241715 0.01916667
v 0.05939091 -0.04241715 0.02172222
v 0.05939091 -0.04241715 0.02427778
v 0.05939091 -0.04241715 0.02683333
v 0.05939091 -0.04241715 0.02938889
v 0.05939091 -0.04241715 0.03194444
v 0.05939091 -0.04241715 0.03450000
v 0.05939091 -0.04241715 0.03705556
v 0.05939091 -0.04241715 0.03961111
v 0.05939091 -0.04241554 0.04216667
v 0.05885286 -0.04225610 0.04472222
v 0.05939091 -0.04225610 0.04312859
v 0.05939091 -0.04051558 -0.04727778
v 0.05939091 -0.03984146 -0.04800177
v 0.05939091 -0.04195325 -0.04472222
v 0.05939091 -0.04195325 0.04472222
v 0.05939091 -0.04051558 0.04727778
v 0.05939091 -0.03984146 0.04800177
v 0.05914132 -0.03742683 -0.04983333
v 0.05939091 -0.03742683 -0.04968220
v 0.05914132 -0.03742683 0.04983333
v 0.05939091 -0.03742683 0.04968220
v 0.05939091 -0.03694945 -0.04983333
v 0.05939091 -0.03501220 -0.05034461
v 0.05939091 -0.03694945 0.04983333
v 0.05939091 -0.03501220 0.05034461
v 0.05939091 -0.03259756 -0.05040481
v 0.05939091 -0.03259756 0.05040481
v 0.05939091 -0.03018293 -0.05040481
v 0.05939091 -0.03018293 0.05040481
v 0.05939091 -0.02776829 -0.05040481
v 0.05939091 -0.02776829 0.05040481
v 0.05939091 -0.02535366 -0.05040481
v 0.05939091 -0.02535366 0.05040481
v 0.05939091 -0.02293902 -0.05040481
v 0.05939091 -0.02293902 0.05040481
v 0.05939091 -0.02052439 -0.05040481
v 0.05939091 -0.02052439 0.05040481
v 0.05939091 -0.01810976 -0.05040481
v 0.05939091 -0.01810976 0.05040481
v 0.05939091 -0.01569512 -0.05040481
v 0.05939091 -0.01569512 0.05040481
v 0.05939091 -0.01328049 -0.05040481
v 0.05939091 -0.01328049 0.05040481
v 0.05939091 -0.01086585 -0.05040481
v 0.05939091 -0.01086585 0.05040481
v 0.05939091 -0.00845122 -0.05040481
v 0.05939091 -0.00845122 0.05040481
v 0.05939091 -0.00603659 -0.05040481
v 0.05939091 -0.00603659 0.05040481
v 0.05939091 -0.00362195 -0.05040481
v 0.05939091 -0.00362195 0.05040481
v 0.05939091 -0.00120732 -0.05040481
v 0.05939091 -0.00120732 0.05040481
v 0.05939091 0.00120732 -0.05040481
v 0.05939091 0.00120732 0.05040481
v 0.05939091 0.00362195 -0.05040481
v 0.05939091 0.00362195 0.05040481
v 0.05939091 0.00603659 -0.05040481
v 0.05939091 0.00603659 0.05040481
v 0.05939091 0.00845122 -0.05040481
v 0.05939091 0.00845122 0.05040481
v 0.05939091 0.01086585 -0.05040481
v 0.05939091 0.01086585 0.05040481
v 0.05939091 0.01328049 -0.05040481
v 0.05939091 0.01328049 0.05040481
v 0.05939091 0.01569512 -0.05040481
v 0.05939091 0.01569512 0.05040481
v 0.05939091 0.01810976 -0.05040481
v 0.05939091 0.01810976 0.05040481
v 0.05939091 0.02052439 -0.05040481
v 0.05939091 0.02052439 0.05040481
v 0.05939091 0.02293902 -0.05040481
v 0.05939091 0.02293902 0.05040481
v 0.05939091 0.02535366 -0.05040481
v 0.05939091 0.02535366 0.05040481
v 0.05939091 0.02776829 -0.05040481
v 0.05939091 0.02776829 0.05040481
v 0.05939091 0.03018293 -0.05040481
v 0.05939091 0.03018293 0.05040481
v 0.05939091 0.03259756 -0.05040481
v 0.05939091 0.03259756 0.05040481
v 0.05939091 0.03501220 -0.05034461
v 0.05939091 0.03501220 0.05034461
v 0.05939091 0.03694945 -0.04983333
v 0.05914132 0.03742683 -0.04983333
v 0.05939091 0.03742683 -0.04968220
v 0.05914132 0.03742683 0.04983333
v 0.05939091 0.03742683 0.04968220
v 0.05939091 0.03694945 0.04983333
v 0.05939091 0.03984146 -0.04800177
v 0.05939091 0.03984146 0.04800177
v 0.05939091 0.04051558 -0.04727778
v 0.05939091 0.04195326 -0.04472222
v 0.05885286 0.04225610 -0.04472222
v 0.05939091 0.04225610 -0.04312858
v 0.05885286 0.04225610 0.04472222
v 0.05939091 0.04225610 0.04312859
v 0.05939091 0.04195326 0.04472222
v 0.05939091 0.04051558 0.04727778
v 0.05939091 0.04241554 -0.04216667
v 0.05939091 0.04241714 -0.03961111
v 0.05939091 0.04241714 -0.03705556
v 0.05939091 0.04241714 -0.03450000
v 0.05939091 0.04241714 -0.03194444
v 0.05939091 0.04241714 -0.02938889
v 0.05939091 0.04241714 -0.02683333
v 0.05939091 0.04241714 -0.02427778
v 0.05939091 0.04241714 -0.02172222
v 0.05939091 0.04241714 -0.01916667
v 0.05939091 0.04241714 -0.01661111
v 0.05939091 0.04241714 -0.01405556
v 0.05939091 0.04241714 -0.01150000
v 0.05939091 0.04241714 -0.00894444
v 0.05939091 0.04241714 -0.00638889
v 0.05939091 0.04241714 -0.00383333
v 0.05939091 0.04241714 -0.00127778
v 0.05939091 0.04241714 0.00127778
v 0.05939091 0.04241714 0.00383333
v 0.05939091 0.04241714 0.00638889
v 0.05939091 0.04241714 0.00894444
v 0.05939091 0.04241714 0.01150000
v 0.05939091 0.04241714 0.01405556
v 0.05939091 0.04241714 0.01661111
v 0.05939091 0.04241714 0.01916667
v 0.05939091 0.04241714 0.02172222
v 0.05939091 0.04241714 0.02427778
v 0.05939091 0.04241714 0.02683333
v 0.05939091 0.04241714 0.02938889
v 0.05939091 0.04241714 0.03194444
v 0.05939091 0.04241714 0.03450000
v 0.05939091 0.04241714 0.03705556
v 0.05939091 0.04241714 0.03961111
v 0.05939091 0.04241554 0.04216667
v 0.05961229 -0.04225610 -0.04216667
v 0.05961452 -0.04225610 -0.03961111
v 0.05961452 -0.04225610 -0.03705556
v 0.05961452 -0.04225610 -0.03450000
v 0.05961452 -0.04225610 -0.03194444
v 0.05961452 -0.04225610 -0.02938889
v 0.05961452 -0.04225610 -0.02683333
v 0.05961452 -0.04225610 -0.02427778
v 0.05961452 -0.04225610 -0.02172222
v 0.05961452 -0.04225610 -0.01916667
v 0.05961452 -0.04225610 -0.01661111
v 0.05961452 -0.04225610 -0.01405556
v 0.05961452 -0.04225610 -0.01150000
v 0.05961452 -0.04225610 -0.00894444
v 0.05961452 -0.04225610 -0.00638889
v 0.05961452 -0.04225610 -0.00383333
v 0.05961452 -0.04225610 -0.00127778
v 0.05961452 -0.04225610 0.00127778
v 0.05961452 -0.04225610 0.00383333
v 0.05961452 -0.04225610 0.00638889
v 0.05961452 -0.04225610 0.00894444
v 0.05961452 -0.04225610 0.01150000
v 0.05961452 -0.04225610 0.01405556
v 0.05961452 -0.04225610 0.01661111
v 0.05961452 -0.04225610 0.01916667
v 0.05961452 -0.04225610 0.02172222
v 0.05961452 -0.04225610 0.02427778
v 0.05961452 -0.04225610 0.02683333
v 0.05961452 -0.04225610 0.02938889
v 0.05961452 -0.04225610 0.03194444
v 0.05961452 -0.04225610 0.03450000
v 0.05961452 -0.04225610 0.03705556
v 0.05961452 -0.04225610 0.03961111
v 0.05961229 -0.04225610 0.04216667
v 0.06010434 -0.03984146 -0.04727778
v 0.06162543 -0.03984146 -0.04472222
v 0.06191818 -0.03984146 -0.04326923
v 0.06191818 -0.04008128 -0.04216667
v 0.06191818 -0.04008338 -0.03961111
v 0.06191818 -0.04008338 -0.03705556
v 0.06191818 -0.04008338 -0.03450000
v 0.06191818 -0.04008338 -0.03194444
v 0.06191818 -0.04008338 -0.02938889
v 0.06191818 -0.04008338 -0.02683333
v 0.06191818 -0.04008338 -0.02427778
v 0.06191818 -0.04008338 -0.02172222
v 0.06191818 -0.04008338 -0.01916667
v 0.06191818 -0.04008338 -0.01661111
v 0.06191818 -0.04008338 -0.01405556
v 0.06191818 -0.04008338 -0.01150000
v 0.06191818 -0.04008338 -0.00894444
v 0.06191818 -0.04008338 -0.00638889
v 0.06191818 -0.04008338 -0.00383333
v 0.06191818 -0.04008338 -0.00127778
v 0.06191818 -0.04008338 0.00127778
v 0.06191818 -0.04008338 0.00383333
v 0.06191818 -0.04008338 0.00638889
v 0.06191818 -0.04008338 0.00894444
v 0.06191818 -0.04008338 0.01150000
v 0.06191818 -0.04008338 0.01405556
v 0.06191818 -0.04008338 0.01661111
v 0.06191818 -0.04008338 0.01916667
v 0.06191818 -0.04008338 0.02172222
v 0.06191818 -0.04008338 0.02427778
v 0.06191818 -0.04008338 0.02683333
v 0.06191818 -0.04008338 0.02938889
v 0.06191818 -0.04008338 0.03194444
v 0.06191818 -0.04008338 0.03450000
v 0.06191818 -0.04008338 0.03705556
v 0.06191818 -0.04008338 0.03961111
v 0.06191818 -0.04008128 0.04216667
v 0.06162543 -0.03984146 0.04472222
v 0.06191818 -0.03984146 0.04326923
v 0.06010434 -0.03984146 0.04727778
v 0.06176039 -0.03742683 -0.04727778
v 0.06191818 -0.03742683 -0.04700441
v 0.06191818 -0.03940650 -0.04472222
v 0.06191818 -0.03940650 0.04472222
v 0.06176039 -0.03742683 0.04727778
v 0.06191818 -0.03742683 0.04700441
v 0.06007241 -0.03501220 -0.04983333
v 0.06191818 -0.03501220 -0.04795907
v 0.06191818 -0.03692073 -0.04727778
v 0.06191818 -0.03692073 0.04727778
v 0.06007241 -0.03501220 0.04983333
v 0.06191818 -0.03501220 0.04795907
v 0.06015247 -0.03259756 -0.04983333
v 0.06191818 -0.03259756 -0.04804037
v 0.06015247 -0.03259756 0.04983333
v 0.06191818 -0.03259756 0.04804037
v 0.06015247 -0.03018293 -0.04983333
v 0.06191818 -0.03018293 -0.04804037
v 0.06015247 -0.03018293 0.04983333
v 0.06191818 -0.03018293 0.04804037
v 0.06015247 -0.02776829 -0.04983333
v 0.06191818 -0.02776829 -0.04804037
v 0.06015247 -0.02776829 0.04983333
v 0.06191818 -0.02776829 0.04804037
v 0.06015247 -0.02535366 -0.04983333
v 0.06191818 -0.02535366 -0.04804037
v 0.06015247 -0.02535366 0.04983333
v 0.06191818 -0.02535366 0.04804037
v 0.06015247 -0.02293902 -0.04983333
v 0.06191818 -0.02293902 -0.04804037
v 0.06015247 -0.02293902 0.04983333
v 0.06191818 -0.02293902 0.04804037
v 0.06015247 -0.02052439 -0.04983333
v 0.06191818 -0.02052439 -0.04804037
v 0.06015247 -0.02052439 0.04983333
v 0.06191818 -0.02052439 0.04804037
v 0.06015247 -0.01810976 -0.04983333
v 0.06191818 -0.01810976 -0.04804037
v 0.06015247 -0.01810976 0.04983333
v 0.06191818 -0.01810976 0.04804037
v 0.06015247 -0.01569512 -0.04983333
v 0.06191818 -0.01569512 -0.04804037
v 0.06015247 -0.01569512 0.04983333
v 0.06191818 -0.01569512 0.04804037
v 0.06015247 -0.01328049 -0.04983333
v 0.06191818 -0.01328049 -0.04804037
v 0.06015247 -0.01328049 0.04983333
v 0.06191818 -0.01328049 0.04804037
v 0.06015247 -0.01086585 -0.04983333
v 0.06191818 -0.01086585 -0.04804037
v 0.06015247 -0.01086585 0.04983333
v 0.06191818 -0.01086585 0.04804037
v 0.06015247 -0.00845122 -0.04983333
v 0.06191818 -0.00845122 -0.04804037
v 0.06015247 -0.00845122 0.04983333
v 0.06191818 -0.00845122 0.04804037
v 0.06015247 -0.00603659 -0.04983333
v 0.06191818 -0.00603659 -0.04804037
v 0.06015247 -0.00603659 0.04983333
v 0.06191818 -0.00603659 0.04804037
v 0.06015247 -0.00362195 -0.04983333
v 0.06191818 -0.00362195 -0.04804037
v 0.06015247 -0.00362195 0.04983333
v 0.06191818 -0.00362195 0.04804037
v 0.06015247 -0.00120732 -0.04983333
v 0.06191818 -0.00120732 -0.04804037
v 0.06015247 -0.00120732 0.04983333
v 0.06191818 -0.00120732 0.04804037
v 0.06015247 0.00120732 -0.04983333
v 0.06191818 0.00120732 -0.04804037
v 0.06015247 0.00120732 0.04983333
v 0.06191818 0.00120732 0.04804037
v 0.06015247 0.00362195 -0.04983333
v 0.06191818 0.00362195 -0.04804037
v 0.06015247 0.00362195 0.04983333
v 0.06191818 0.00362195 0.04804037
v 0.06015247 0.00603659 -0.04983333
v 0.06191818 0.00603659 -0.04804037
v 0.06015247 0.00603659 0.04983333
v 0.06191818 0.00603659 0.04804037
v 0.06015247 0.00845122 -0.04983333
v 0.06191818 0.00845122 -0.04804037
v 0.06015247 0.00845122 0.04983333
v 0.06191818 0.00845122 0.04804037
v 0.06015247 0.01086585 -0.04983333
v 0.06191818 0.01086585 -0.04804037
v 0.06015247 0.01086585 0.04983333
v 0.06191818 0.01086585 0.04804037
v 0.06015247 0.01328049 -0.04983333
v 0.06191818 0.01328049 -0.04804037
v 0.06015247 0.01328049 0.04983333
v 0.06191818 0.01328049 0.04804037
v 0.06015247 0.01569512 -0.04983333
v 0.06191818 0.01569512 -0.04804037
v 0.06015247 0.01569512 0.04983333
v 0.06191818 0.01569512 0.04804037
v 0.06015247 0.01810976 -0.04983333
v 0.06191818 0.01810976 -0.04804037
v 0.06015247 0.01810976 0.04983333
v 0.06191818 0.01810976 0.04804037
v 0.06015247 0.02052439 -0.04983333
v 0.06191818 0.02052439 -0.04804037
v 0.06015247 0.02052439 0.04983333
v 0.06191818 0.02052439 0.04804037
v 0.06015247 0.02293902 -0.04983333
v 0.06191818 0.02293902 -0.04804037
v 0.06015247 0.02293902 0.04983333
v 0.06191818 0.02293902 0.04804037
v 0.06015247 0.02535366 -0.04983333
v 0.06191818 0.02535366 -0.04804037
v 0.06015247 0.02535366 0.04983333
v 0.06191818 0.02535366 0.04804037
v 0.06015247 0.02776829 -0.04983333
v 0.06191818 0.02776829 -0.04804037
v 0.06015247 0.02776829 0.04983333
v 0.06191818 0.02776829 0.04804037
v 0.06015247 0.03018293 -0.04983333
v 0.06191818 0.03018293 -0.04804037
v 0.06015247 0.03018293 0.04983333
v 0.06191818 0.03018293 0.04804037
v 0.06015247 0.03259756 -0.04983333
v 0.06191818 0.03259756 -0.04804037
v 0.06015247 0.03259756 0.04983333
v 0.06191818 0.03259756 0.04804037
v 0.06007241 0.03501220 -0.04983333
v 0.06191818 0.03501220 -0.04795907
v 0.06007241 0.03501220 0.04983333
v 0.06191818 0.03501220 0.04795907
v 0.06191818 0.03692073 -0.04727778
v 0.06176039 0.03742683 -0.04727778
v 0.06191818 0.03742683 -0.04700441
v 0.06176039 0.03742683 0.04727778
v 0.06191818 0.03742683 0.04700441
v 0.06191818 0.03692073 0.04727778
v 0.06010434 0.03984146 -0.04727778
v 0.06191818 0.03940651 -0.04472222
v 0.06162543 0.03984146 -0.04472222
v 0.06191818 0.03984146 -0.04326923
v 0.06162543 0.03984146 0.04472222
v 0.06191818 0.03984146 0.04326923
v 0.06191818 0.03940651 0.04472222
v 0.06010434 0.03984146 0.04727778
v 0.06191818 0.04008127 -0.04216667
v 0.05961229 0.04225610 -0.04216667
v 0.06191818 0.04008337 -0.03961111
v 0.05961452 0.04225610 -0.03961111
v 0.06191818 0.04008337 -0.03705556
v 0.05961452 0.04225610 -0.03705556
v 0.06191818 0.04008337 -0.03450000
v 0.05961452 0.04225610 -0.03450000
v 0.06191818 0.04008337 -0.03194444
v 0.05961452 0.04225610 -0.03194444
v 0.06191818 0.04008337 -0.02938889
v 0.05961452 0.04225610 -0.02938889
v 0.06191818 0.04008337 -0.02683333
v 0.05961452 0.04225610 -0.02683333
v 0.06191818 0.04008337 -0.02427778
v 0.05961452 0.04225610 -0.02427778
v 0.06191818 0.04008337 -0.02172222
v 0.05961452 0.04225610 -0.02172222
v 0.06191818 0.04008337 -0.01916667
v 0.05961452 0.04225610 -0.01916667
v 0.06191818 0.04008337 -0.01661111
v 0.05961452 0.04225610 -0.01661111
v 0.06191818 0.04008337 -0.01405556
v 0.05961452 0.04225610 -0.01405556
v 0.06191818 0.04008337 -0.01150000
v 0.05961452 0.04225610 -0.01150000
v 0.06191818 0.04008337 -0.00894444
v 0.05961452 0.04225610 -0.00894444
v 0.06191818 0.04008337 -0.00638889
v 0.05961452 0.04225610 -0.00638889
v 0.06191818 0.04008337 -0.00383333
v 0.05961452 0.04225610 -0.00383333
v 0.06191818 0.04008337 -0.00127778
v 0.05961452 0.04225610 -0.00127778
v 0.06191818 0.04008337 0.00127778
v 0.05961452 0.04225610 0.00127778
v 0.06191818 0.04008337 0.00383333
v 0.05961452 0.04225610 0.00383333
v 0.06191818 0.04008337 0.00638889
v 0.05961452 0.04225610 0.00638889
v 0.06191818 0.04008337 0.00894444
v 0.05961452 0.04225610 0.00894444
v 0.06191818 0.04008337 0.01150000
v 0.05961452 0.04225610 0.01150000
v 0.06191818 0.04008337 0.01405556
v 0.05961452 0.04225610 0.01405556
v 0.06191818 0.04008337 0.01661111
v 0.05961452 0.04225610 0.01661111
v 0.06191818 0.04008337 0.01916667
v 0.05961452 0.04225610 0.01916667
v 0.06191818 0.04008337 0.02172222
v 0.05961452 0.04225610 0.02172222
v 0.06191818 0.04008337 0.02427778
v 0.05961452 0.04225610 0.02427778
v 0.06191818 0.04008337 0.02683333
v 0.05961452 0.04225610 0.02683333
v 0.06191818 0.04008337 0.02938889
v 0.05961452 0.04225610 0.02938889
v 0.06191818 0.04008337 0.03194444
v 0.05961452 0.04225610 0.03194444
v 0.06191818 0.04008337 0.03450000
v 0.05961452 0.04225610 0.03450000
v 0.06191818 0.04008337 0.03705556
v 0.05961452 0.04225610 0.03705556
v 0.06191818 0.04008337 0.03961111
v 0.05961452 0.04225610 0.03961111
v 0.06191818 0.04008127 0.04216667
v 0.05961229 0.04225610 0.04216667
v 0.06210685 -0.03984146 -0.04216667
v 0.06210851 -0.03984146 -0.03961111
v 0.06210851 -0.03984146 -0.03705556
v 0.06210851 -0.03984146 -0.03450000
v 0.06210851 -0.03984146 -0.03194444
v 0.06210851 -0.03984146 -0.02938889
v 0.06210851 -0.03984146 -0.02683333
v 0.06210851 -0.03984146 -0.02427778
v 0.06210851 -0.03984146 -0.02172222
v 0.06210851 -0.03984146 -0.01916667
v 0.06210851 -0.03984146 -0.01661111
v 0.06210851 -0.03984146 -0.01405556
v 0.06210851 -0.03984146 -0.01150000
v 0.06210851 -0.03984146 -0.00894444
v 0.06210851 -0.03984146 -0.00638889
v 0.06210851 -0.03984146 -0.00383333
v 0.06210851 -0.03984146 -0.00127778
v 0.06210851 -0.03984146 0.00127778
v 0.06210851 -0.03984146 0.00383333
v 0.06210851 -0.03984146 0.00638889
v 0.06210851 -0.03984146 0.00894444
v 0.06210851 -0.03984146 0.01150000
v 0.06210851 -0.03984146 0.01405556
v 0.06210851 -0.03984146 0.01661111
v 0.06210851 -0.03984146 0.01916667
v 0.06210851 -0.03984146 0.02172222
v 0.06210851 -0.03984146 0.02427778
v 0.06210851 -0.03984146 0.02683333
v 0.06210851 -0.03984146 0.02938889
v 0.06210851 -0.03984146 0.03194444
v 0.06210851 -0.03984146 0.03450000
v 0.06210851 -0.03984146 0.03705556
v 0.06210851 -0.03984146 0.03961111
v 0.06210685 -0.03984146 0.04216667
v 0.06297525 -0.03742683 -0.04472222
v 0.06338272 -0.03742683 -0.04216667
v 0.06338424 -0.03742683 -0.03961111
v 0.06338424 -0.03742683 -0.03705556
v 0.06338424 -0.03742683 -0.03450000
v 0.06338424 -0.03742683 -0.03194444
v 0.06338424 -0.03742683 -0.02938889
v 0.06338424 -0.03742683 -0.02683333
v 0.06338424 -0.03742683 -0.02427778
v 0.06338424 -0.03742683 -0.02172222
v 0.06338424 -0.03742683 -0.01916667
v 0.06338424 -0.03742683 -0.01661111
v 0.06338424 -0.03742683 -0.01405556
v 0.06338424 -0.03742683 -0.01150000
v 0.06338424 -0.03742683 -0.00894444
v 0.06338424 -0.03742683 -0.00638889
v 0.06338424 -0.03742683 -0.00383333
v 0.06338424 -0.03742683 -0.00127778
v 0.06338424 -0.03742683 0.00127778
v 0.06338424 -0.03742683 0.00383333
v 0.06338424 -0.03742683 0.00638889
v 0.06338424 -0.03742683 0.00894444
v 0.06338424 -0.03742683 0.01150000
v 0.06338424 -0.03742683 0.01405556
v 0.06338424 -0.03742683 0.01661111
v 0.06338424 -0.03742683 0.01916667
v 0.06338424 -0.03742683 0.02172222
v 0.06338424 -0.03742683 0.02427778
v 0.06338424 -0.03742683 0.02683333
v 0.06338424 -0.03742683 0.02938889
v 0.06338424 -0.03742683 0.03194444
v 0.06338424 -0.03742683 0.03450000
v 0.06338424 -0.03742683 0.03705556
v 0.06338424 -0.03742683 0.03961111
v 0.06338272 -0.03742683 0.04216667
v 0.06297525 -0.03742683 0.04472222
v 0.06241780 -0.03501220 -0.04727778
v 0.06356194 -0.03501220 -0.04472222
v 0.06394660 -0.03501220 -0.04216667
v 0.06394802 -0.03501220 -0.03961111
v 0.06394802 -0.03501220 -0.03705556
v 0.06394802 -0.03501220 -0.03450000
v 0.06394802 -0.03501220 -0.03194444
v 0.06394802 -0.03501220 -0.02938889
v 0.06394802 -0.03501220 -0.02683333
v 0.06394802 -0.03501220 -0.02427778
v 0.06394802 -0.03501220 -0.02172222
v 0.06394802 -0.03501220 -0.01916667
v 0.06394802 -0.03501220 -0.01661111
v 0.06394802 -0.03501220 -0.01405556
v 0.06394802 -0.03501220 -0.01150000
v 0.06394802 -0.03501220 -0.00894444
v 0.06394802 -0.03501220 -0.00638889
v 0.06394802 -0.03501220 -0.00383333
v 0.06394802 -0.03501220 -0.00127778
v 0.06394802 -0.03501220 0.00127778
v 0.06394802 -0.03501220 0.00383333
v 0.06394802 -0.03501220 0.00638889
v 0.06394802 -0.03501220 0.00894444
v 0.06394802 -0.03501220 0.01150000
v 0.06394802 -0.03501220 0.01405556
v 0.06394802 -0.03501220 0.01661111
v 0.06394802 -0.03501220 0.01916667
v 0.06394802 -0.03501220 0.02172222
v 0.06394802 -0.03501220 0.02427778
v 0.06394802 -0.03501220 0.02683333
v 0.06394802 -0.03501220 0.02938889
v 0.06394802 -0.03501220 0.03194444
v 0.06394802 -0.03501220 0.03450000
v 0.06394802 -0.03501220 0.03705556
v 0.06394802 -0.03501220 0.03961111
v 0.06394660 -0.03501220 0.04216667
v 0.06356194 -0.03501220 0.04472222
v 0.06241780 -0.03501220 0.04727778
v 0.06247754 -0.03259756 -0.04727778
v 0.06361634 -0.03259756 -0.04472222
v 0.06399859 -0.03259756 -0.04216667
v 0.06400000 -0.03259756 -0.03961111
v 0.06400000 -0.03259756 -0.03705556
v 0.06400000 -0.03259756 -0.03450000
v 0.06400000 -0.03259756 -0.03194444
v 0.06400000 -0.03259756 -0.02938889
v 0.06400000 -0.03259756 -0.02683333
v 0.06400000 -0.03259756 -0.02427778
v 0.06400000 -0.03259756 -0.02172222
v 0.06400000 -0.03259756 -0.01916667
v 0.06400000 -0.03259756 -0.01661111
v 0.06400000 -0.03259756 -0.01405556
v 0.06400000 -0.03259756 -0.01150000
v 0.06400000 -0.03259756 -0.00894444
v 0.06400000 -0.03259756 -0.00638889
v 0.06400000 -0.03259756 -0.00383333
v 0.06400000 -0.03259756 -0.00127778
v 0.06400000 -0.03259756 0.00127778
v 0.06400000 -0.03259756 0.00383333
v 0.06400000 -0.03259756 0.00638889
v 0.06400000 -0.03259756 0.00894444
v 0.06400000 -0.03259756 0.01150000
v 0.06400000 -0.03259756 0.01405556
v 0.06400000 -0.03259756 0.01661111
v 0.06400000 -0.03259756 0.01916667
v 0.06400000 -0.03259756 0.02172222
v 0.06400000 -0.03259756 0.02427778
v 0.06400000 -0.03259756 0.02683333
v 0.06400000 -0.03259756 0.02938889
v 0.06400000 -0.03259756 0.03194444
v 0.06400000 -0.03259756 0.03450000
v 0.06400000 -0.03259756 0.03705556
v 0.06400000 -0.03259756 0.03961111
v 0.06399859 -0.03259756 0.04216667
v 0.06361634 -0.03259756 0.04472222
v 0.06247754 -0.03259756 0.04727778
v 0.06247754 -0.03018293 -0.04727778
v 0.06361634 -0.03018293 -0.04472222
v 0.06399859 -0.03018293 -0.04216667
v 0.06400000 -0.03018293 -0.03961111
v 0.06400000 -0.03018293 -0.03705556
v 0.06400000 -0.03018293 -0.03450000
v 0.06400000 -0.03018293 -0.03194444
v 0.06400000 -0.03018293 -0.02938889
v 0.06400000 -0.03018293 -0.02683333
v 0.06400000 -0.03018293 -0.02427778
v 0.06400000 -0.03018293 -0.02172222
v 0.06400000 -0.03018293 -0.01916667
v 0.06400000 -0.03018293 -0.01661111
v 0.06400000 -0.03018293 -0.01405556
v 0.06400000 -0.03018293 -0.01150000
v 0.06400000 -0.03018293 -0.00894444
v 0.06400000 -0.03018293 -0.00638889
v 0.06400000 -0.03018293 -0.00383333
v 0.06400000 -0.03018293 -0.00127778
v 0.06400000 -0.03018293 0.00127778
v 0.06400000 -0.03018293 0.00383333
v 0.06400000 -0.03018293 0.00638889
v 0.06400000 -0.03018293 0.00894444
v 0.06400000 -0.03018293 0.01150000
v 0.06400000 -0.03018293 0.01405556
v 0.06400000 -0.03018293 0.01661111
v 0.06400000 -0.03018293 0.01916667
v 0.06400000 -0.03018293 0.02172222
v 0.06400000 -0.03018293 0.02427778
v 0.06400000 -0.03018293 0.02683333
v 0.06400000 -0.03018293 0.02938889
v 0.06400000 -0.03018293 0.03194444
v 0.06400000 -0.03018293 0.03450000
v 0.06400000 -0.03018293 0.03705556
v 0.06400000 -0.03018293 0.03961111
v 0.06399859 -0.03018293 0.04216667
v 0.06361634 -0.03018293 0.04472222
v 0.06247754 -0.03018293 0.04727778
v 0.06247754 -0.02776829 -0.04727778
v 0.06361634 -0.02776829 -0.04472222
v 0.06399859 -0.02776829 -0.04216667
v 0.06400000 -0.02776829 -0.03961111
v 0.06400000 -0.02776829 -0.03705556
v 0.06400000 -0.02776829 -0.03450000
v 0.06400000 -0.02776829 -0.03194444
v 0.06400000 -0.02776829 -0.02938889
v 0.06400000 -0.02776829 -0.02683333
v 0.06400000 -0.02776829 -0.02427778
v 0.06400000 -0.02776829 -0.02172222
v 0.06400000 -0.02776829 -0.01916667
v 0.06400000 -0.02776829 -0.01661111
v 0.06400000 -0.02776829 -0.01405556
v 0.06400000 -0.02776829 -0.01150000
v 0.06400000 -0.02776829 -0.00894444
v 0.06400000 -0.02776829 -0.00638889
v 0.06400000 -0.02776829 -0.00383333
v 0.06400000 -0.02776829 -0.00127778
v 0.06400000 -0.02776829 0.00127778
v 0.06400000 -0.02776829 0.00383333
v 0.06400000 -0.02776829 0.00638889
v 0.06400000 -0.02776829 0.00894444
v 0.06400000 -0.02776829 0.01150000
v 0.06400000 -0.02776829 0.01405556
v 0.06400000 -0.02776829 0.01661111
v 0.06400000 -0.02776829 0.01916667
v 0.06400000 -0.02776829 0.02172222
v 0.06400000 -0.02776829 0.02427778
v 0.06400000 -0.02776829 0.02683333
v 0.06400000 -0.02776829 0.02938889
v 0.06400000 -0.02776829 0.03194444
v 0.06400000 -0.02776829 0.03450000
v 0.06400000 -0.02776829 0.03705556
v 0.06400000 -0.02776829 0.03961111
v 0.06399859 -0.02776829 0.04216667
v 0.06361634 -0.02776829 0.04472222
v 0.06247754 -0.02776829 0.04727778
v 0.06247754 -0.02535366 -0.04727778
v 0.06361634 -0.02535366 -0.04472222
v 0.06399859 -0.02535366 -0.04216667
v 0.06400000 -0.02535366 -0.03961111
v 0.06400000 -0.02535366 -0.03705556
v 0.06400000 -0.02535366 -0.03450000
v 0.06400000 -0.02535366 -0.03194444
v 0.06400000 -0.02535366 -0.02938889
v 0.06400000 -0.02535366 -0.02683333
v 0.06400000 -0.02535366 -0.02427778
v 0.06400000 -0.02535366 -0.02172222
v 0.06400000 -0.02535366 -0.01916667
v 0.06400000 -0.02535366 -0.01661111
v 0.06400000 -0.02535366 -0.01405556
v 0.06400000 -0.02535366 -0.01150000
v 0.06400000 -0.02535366 -0.00894444
v 0.06400000 -0.02535366 -0.00638889
v 0.06400000 -0.02535366 -0.00383333
v 0.06400000 -0.02535366 -0.00127778
v 0.06400000 -0.02535366 0.00127778
v 0.06400000 -0.02535366 0.00383333
v 0.06400000 -0.02535366 0.00638889
v 0.06400000 -0.02535366 0.00894444
v 0.06400000 -0.02535366 0.01150000
v 0.06400000 -0.02535366 0.01405556
v 0.06400000 -0.02535366 0.01661111
v 0.06400000 -0.02535366 0.01916667
v 0.06400000 -0.02535366 0.02172222
v 0.06400000 -0.02535366 0.02427778
v 0.06400000 -0.02535366 0.02683333
v 0.06400000 -0.02535366 0.02938889
v 0.06400000 -0.02535366 0.03194444
v 0.06400000 -0.02535366 0.03450000
v 0.06400000 -0.02535366 0.03705556
v 0.06400000 -0.02535366 0.03961111
v 0.06399859 -0.02535366 0.04216667
v 0.06361634 -0.02535366 0.04472222
v 0.06247754 -0.02535366 0.04727778
v 0.06247754 -0.02293902 -0.04727778
v 0.06361634 -0.02293902 -0.04472222
v 0.06399859 -0.02293902 -0.04216667
v 0.06400000 -0.02293902 -0.03961111
v 0.06400000 -0.02293902 -0.03705556
v 0.06400000 -0.02293902 -0.03450000
v 0.06400000 -0.02293902 -0.03194444
v 0.06400000 -0.02293902 -0.02938889
v 0.06400000 -0.02293902 -0.02683333
v 0.06400000 -0.02293902 -0.02427778
v 0.06400000 -0.02293902 -0.02172222
v 0.06400000 -0.02293902 -0.01916667
v 0.06400000 -0.02293902 -0.01661111
v 0.06400000 -0.02293902 -0.01405556
v 0.06400000 -0.02293902 -0.01150000
v 0.06400000 -0.02293902 -0.00894444
v 0.06400000 -0.02293902 -0.00638889
v 0.06400000 -0.02293902 -0.00383333
v 0.06400000 -0.02293902 -0.00127778
v 0.06400000 -0.02293902 0.00127778
v 0.06400000 -0.02293902 0.00383333
v 0.06400000 -0.02293902 0.00638889
v 0.06400000 -0.02293902 0.00894444
v 0.06400000 -0.02293902 0.01150000
v 0.06400000 -0.02293902 0.01405556
v 0.06400000 -0.02293902 0.01661111
v 0.06400000 -0.02293902 0.01916667
v 0.06400000 -0.02293902 0.02172222
v 0.06400000 -0.02293902 0.02427778
v 0.06400000 -0.02293902 0.02683333
v 0.06400000 -0.02293902 0.02938889
v 0.06400000 -0.02293902 0.03194444
v 0.06400000 -0.02293902 0.03450000
v 0.06400000 -0.02293902 0.03705556
v 0.06400000 -0.02293902 0.03961111
v 0.06399859 -0.02293902 0.04216667
v 0.06361634 -0.02293902 0.04472222
v 0.06247754 -0.02293902 0.04727778
v 0.06247754 -0.02052439 -0.04727778
v 0.06361634 -0.02052439 -0.04472222
v 0.06399859 -0.02052439 -0.04216667
v 0.06400000 -0.02052439 -0.03961111
v 0.06400000 -0.02052439 -0.03705556
v 0.06400000 -0.02052439 -0.03450000
v 0.06400000 -0.02052439 -0.03194444
v 0.06400000 -0.02052439 -0.02938889
v 0.06400000 -0.02052439 -0.02683333
v 0.06400000 -0.02052439 -0.02427778
v 0.06400000 -0.02052439 -0.02172222
v 0.06400000 -0.02052439 -0.01916667
v 0.06400000 -0.02052439 -0.01661111
v 0.06400000 -0.02052439 -0.01405556
v 0.06400000 -0.02052439 -0.01150000
v 0.06400000 -0.02052439 -0.00894444
v 0.06400000 -0.02052439 -0.00638889
v 0.06400000 -0.02052439 -0.00383333
v 0.06400000 -0.02052439 -0.00127778
v 0.06400000 -0.02052439 0.00127778
v 0.06400000 -0.02052439 0.00383333
v 0.06400000 -0.02052439 0.00638889
v 0.06400000 -0.02052439 0.00894444
v 0.06400000 -0.02052439 0.01150000
v 0.06400000 -0.02052439 0.01405556
v 0.06400000 -0.02052439 0.01661111
v 0.06400000 -0.02052439 0.01916667
v 0.06400000 -0.02052439 0.02172222
v 0.06400000 -0.02052439 0.02427778
v 0.06400000 -0.02052439 0.02683333
v 0.06400000 -0.02052439 0.02938889
v 0.06400000 -0.02052439 0.03194444
v 0.06400000 -0.02052439 0.03450000
v 0.06400000 -0.02052439 0.03705556
v 0.06400000 -0.02052439 0.03961111
v 0.06399859 -0.02052439 0.04216667
v 0.06361634 -0.02052439 0.04472222
v 0.06247754 -0.02052439 0.04727778
v 0.06247754 -0.01810976 -0.04727778
v 0.06361634 -0.01810976 -0.04472222
v 0.06399859 -0.01810976 -0.04216667
v 0.06400000 -0.01810976 -0.03961111
v 0.06400000 -0.01810976 -0.03705556
v 0.06400000 -0.01810976 -0.03450000
v 0.06400000 -0.01810976 -0.03194444
v 0.06400000 -0.01810976 -0.02938889
v 0.06400000 -0.01810976 -0.02683333
v 0.06400000 -0.01810976 -0.02427778
v 0.06400000 -0.01810976 -0.02172222
v 0.06400000 -0.01810976 -0.01916667
v 0.06400000 -0.01810976 -0.01661111
v 0.06400000 -0.01810976 -0.01405556
v 0.06400000 -0.01810976 -0.01150000
v 0.06400000 -0.01810976 -0.00894444
v 0.06400000 -0.01810976 -0.00638889
v 0.06400000 -0.01810976 -0.00383333
v 0.06400000 -0.01810976 -0.00127778
v 0.06400000 -0.01810976 0.00127778
v 0.06400000 -0.01810976 0.00383333
v 0.06400000 -0.01810976 0.00638889
v 0.06400000 -0.01810976 0.00894444
v 0.06400000 -0.01810976 0.01150000
v 0.06400000 -0.01810976 0.01405556
v 0.06400000 -0.01810976 0.01661111
v 0.06400000 -0.01810976 0.01916667
v 0.06400000 -0.01810976 0.02172222
v 0.06400000 -0.01810976 0.02427778
v 0.06400000 -0.01810976 0.02683333
v 0.06400000 -0.01810976 0.02938889
v 0.06400000 -0.01810976 0.03194444
v 0.06400000 -0.01810976 0.03450000
v 0.06400000 -0.01810976 0.03705556
v 0.06400000 -0.01810976 0.03961111
v 0.06399859 -0.01810976 0.04216667
v 0.06361634 -0.01810976 0.04472222
v 0.06247754 -0.01810976 0.04727778
v 0.06247754 -0.01569512 -0.04727778
v 0.06361634 -0.01569512 -0.04472222
v 0.06399859 -0.01569512 -0.04216667
v 0.06400000 -0.01569512 -0.03961111
v 0.06400000 -0.01569512 -0.03705556
v 0.06400000 -0.01569512 -0.03450000
v 0.06400000 -0.01569512 -0.03194444
v 0.06400000 -0.01569512 -0.02938889
v 0.06400000 -0.01569512 -0.02683333
v 0.06400000 -0.01569512 -0.02427778
v 0.06400000 -0.01569512 -0.02172222
v 0.06400000 -0.01569512 -0.01916667
v 0.06400000 -0.01569512 -0.01661111
v 0.06400000 -0.01569512 -0.01405556
v 0.06400000 -0.01569512 -0.01150000
v 0.06400000 -0.01569512 -0.00894444
v 0.06400000 -0.01569512 -0.00638889
v 0.06400000 -0.01569512 -0.00383333
v 0.06400000 -0.01569512 -0.00127778
v 0.06400000 -0.01569512 0.00127778
v 0.06400000 -0.01569512 0.00383333
v 0.06400000 -0.01569512 0.00638889
v 0.06400000 -0.01569512 0.00894444
v 0.06400000 -0.01569512 0.01150000
v 0.06400000 -0.01569512 0.01405556
v 0.06400000 -0.01569512 0.01661111
v 0.06400000 -0.01569512 0.01916667
v 0.06400000 -0.01569512 0.02172222
v 0.06400000 -0.01569512 0.02427778
v 0.06400000 -0.01569512 0.02683333
v 0.06400000 -0.01569512 0.02938889
v 0.06400000 -0.01569512 0.03194444
v 0.06400000 -0.01569512 0.03450000
v 0.06400000 -0.01569512 0.03705556
v 0.06400000 -0.01569512 0.03961111
v 0.06399859 -0.01569512 0.04216667
v 0.06361634 -0.01569512 0.04472222
v 0.06247754 -0.01569512 0.04727778
v 0.06247754 -0.01328049 -0.04727778
v 0.06361634 -0.01328049 -0.04472222
v 0.06399859 -0.01328049 -0.04216667
v 0.06400000 -0.01328049 -0.03961111
v 0.06400000 -0.01328049 -0.03705556
v 0.06400000 -0.01328049 -0.03450000
v 0.06400000 -0.01328049 -0.03194444
v 0.06400000 -0.01328049 -0.02938889
v 0.06400000 -0.01328049 -0.02683333
v 0.06400000 -0.01328049 -0.02427778
v 0.06400000 -0.01328049 -0.02172222
v 0.06400000 -0.01328049 -0.01916667
v 0.06400000 -0.01328049 -0.01661111
v 0.06400000 -0.01328049 -0.01405556
v 0.06400000 -0.01328049 -0.01150000
v 0.06400000 -0.01328049 -0.00894444
v 0.06400000 -0.01328049 -0.00638889
v 0.06400000 -0.01328049 -0.00383333
v 0.06400000 -0.01328049 -0.00127778
v 0.06400000 -0.01328049 0.00127778
v 0.06400000 -0.01328049 0.00383333
v 0.06400000 -0.01328049 0.00638889
v 0.06400000 -0.01328049 0.00894444
v 0.06400000 -0.01328049 0.01150000
v 0.06400000 -0.01328049 0.01405556
v 0.06400000 -0.01328049 0.01661111
v 0.06400000 -0.01328049 0.01916667
v 0.06400000 -0.01328049 0.02172222
v 0.06400000 -0.01328049 0.02427778
v 0.06400000 -0.01328049 0.02683333
v 0.06400000 -0.01328049 0.02938889
v 0.06400000 -0.01328049 0.03194444
v 0.06400000 -0.01328049 0.03450000
v 0.06400000 -0.01328049 0.03705556
v 0.06400000 -0.01328049 0.03961111
v 0.06399859 -0.01328049 0.04216667
v 0.06361634 -0.01328049 0.04472222
v 0.06247754 -0.01328049 0.04727778
v 0.06247754 -0.01086585 -0.04727778
v 0.06361634 -0.01086585 -0.04472222
v 0.06399859 -0.01086585 -0.04216667
v 0.06400000 -0.01086585 -0.03961111
v 0.06400000 -0.01086585 -0.03705556
v 0.06400000 -0.01086585 -0.03450000
v 0.06400000 -0.01086585 -0.03194444
v 0.06400000 -0.01086585 -0.02938889
v 0.06400000 -0.01086585 -0.02683333
v 0.06400000 -0.01086585 -0.02427778
v 0.06400000 -0.01086585 -0.02172222
v 0.06400000 -0.01086585 -0.01916667
v 0.06400000 -0.01086585 -0.01661111
v 0.06400000 -0.01086585 -0.01405556
v 0.06400000 -0.01086585 -0.01150000
v 0.06400000 -0.01086585 -0.00894444
v 0.06400000 -0.01086585 -0.00638889
v 0.06400000 -0.01086585 -0.00383333
v 0.06400000 -0.01086585 -0.00127778
v 0.06400000 -0.01086585 0.00127778
v 0.06400000 -0.01086585 0.00383333
v 0.06400000 -0.01086585 0.00638889
v 0.06400000 -0.01086585 0.00894444
v 0.06400000 -0.01086585 0.01150000
v 0.06400000 -0.01086585 0.01405556
v 0.06400000 -0.01086585 0.01661111
v 0.06400000 -0.01086585 0.01916667
v 0.06400000 -0.01086585 0.02172222
v 0.06400000 -0.01086585 0.02427778
v 0.06400000 -0.01086585 0.02683333
v 0.06400000 -0.01086585 0.02938889
v 0.06400000 -0.01086585 0.03194444
v 0.06400000 -0.01086585 0.03450000
v 0.06400000 -0.01086585 0.03705556
v 0.06400000 -0.01086585 0.03961111
v 0.06399859 -0.01086585 0.04216667
v 0.06361634 -0.01086585 0.04472222
v 0.06247754 -0.01086585 0.04727778
v 0.06247754 -0.00845122 -0.04727778
v 0.06361634 -0.00845122 -0.04472222
v 0.06399859 -0.00845122 -0.04216667
v 0.06400000 -0.00845122 -0.03961111
v 0.06400000 -0.00845122 -0.03705556
v 0.06400000 -0.00845122 -0.03450000
v 0.06400000 -0.00845122 -0.03194444
v 0.06400000 -0.00845122 -0.02938889
v 0.06400000 -0.00845122 -0.02683333
v 0.06400000 -0.00845122 -0.02427778
v 0.06400000 -0.00845122 -0.02172222
v 0.06400000 -0.00845122 -0.01916667
v 0.06400000 -0.00845122 -0.01661111
v 0.06400000 -0.00845122 -0.01405556
v 0.06400000 -0.00845122 -0.01150000
v 0.06400000 -0.00845122 -0.00894444
v 0.06400000 -0.00845122 -0.00638889
v 0.06400000 -0.00845122 -0.00383333
v 0.06400000 -0.00845122 -0.00127778
v 0.06400000 -0.00845122 0.00127778
v 0.06400000 -0.00845122 0.00383333
v 0.06400000 -0.00845122 0.00638889
v 0.06400000 -0.00845122 0.00894444
v 0.06400000 -0.00845122 0.01150000
v 0.06400000 -0.00845122 0.01405556
v 0.06400000 -0.00845122 0.01661111
v 0.06400000 -0.00845122 0.01916667
v 0.06400000 -0.00845122 0.02172222
v 0.06400000 -0.00845122 0.02427778
v 0.06400000 -0.00845122 0.02683333
v 0.06400000 -0.00845122 0.02938889
v 0.06400000 -0.00845122 0.03194444
v 0.06400000 -0.00845122 0.03450000
v 0.06400000 -0.00845122 0.03705556
v 0.06400000 -0.00845122 0.03961111
v 0.06399859 -0.00845122 0.04216667
v 0.06361634 -0.00845122 0.04472222
v 0.06247754 -0.00845122 0.04727778
v 0.06247754 -0.00603659 -0.04727778
v 0.06361634 -0.00603659 -0.04472222
v 0.06399859 -0.00603659 -0.04216667
v 0.06400000 -0.00603659 -0.03961111
v 0.06400000 -0.00603659 -0.03705556
v 0.06400000 -0.00603659 -0.03450000
v 0.06400000 -0.00603659 -0.03194444
v 0.06400000 -0.00603659 -0.02938889
v 0.06400000 -0.00603659 -0.02683333
v 0.06400000 -0.00603659 -0.02427778
v 0.06400000 -0.00603659 -0.02172222
v 0.06400000 -0.00603659 -0.01916667
v 0.06400000 -0.00603659 -0.01661111
v 0.06400000 -0.00603659 -0.01405556
v 0.06400000 -0.00603659 -0.01150000
v 0.06400000 -0.00603659 -0.00894444
v 0.06400000 -0.00603659 -0.00638889
v 0.06400000 -0.00603659 -0.00383333
v 0.06400000 -0.00603659 -0.00127778
v 0.06400000 -0.00603659 0.00127778
v 0.06400000 -0.00603659 0.00383333
v 0.06400000 -0.00603659 0.00638889
v 0.06400000 -0.00603659 0.00894444
v 0.06400000 -0.00603659 0.01150000
v 0.06400000 -0.00603659 0.01405556
v 0.06400000 -0.00603659 0.01661111
v 0.06400000 -0.00603659 0.01916667
v 0.06400000 -0.00603659 0.02172222
v 0.06400000 -0.00603659 0.02427778
v 0.06400000 -0.00603659 0.02683333
v 0.06400000 -0.00603659 0.02938889
v 0.06400000 -0.00603659 0.03194444
v 0.06400000 -0.00603659 0.03450000
v 0.06400000 -0.00603659 0.03705556
v 0.06400000 -0.00603659 0.03961111
v 0.06399859 -0.00603659 0.04216667
v 0.06361634 -0.00603659 0.04472222
v 0.06247754 -0.00603659 0.04727778
v 0.06247754 -0.00362195 -0.04727778
v 0.06361634 -0.00362195 -0.04472222
v 0.06399859 -0.00362195 -0.04216667
v 0.06400000 -0.00362195 -0.03961111
v 0.06400000 -0.00362195 -0.03705556
v 0.06400000 -0.00362195 -0.03450000
v 0.06400000 -0.00362195 -0.03194444
v 0.06400000 -0.00362195 -0.02938889
v 0.06400000 -0.00362195 -0.02683333
v 0.06400000 -0.00362195 -0.02427778
v 0.06400000 -0.00362195 -0.02172222
v 0.06400000 -0.00362195 -0.01916667
v 0.06400000 -0.00362195 -0.01661111
v 0.06400000 -0.00362195 -0.01405556
v 0.06400000 -0.00362195 -0.01150000
v 0.06400000 -0.00362195 -0.00894444
v 0.06400000 -0.00362195 -0.00638889
v 0.06400000 -0.00362195 -0.00383333
v 0.06400000 -0.00362195 -0.00127778
v 0.06400000 -0.00362195 0.00127778
v 0.06400000 -0.00362195 0.00383333
v 0.06400000 -0.00362195 0.00638889
v 0.06400000 -0.00362195 0.00894444
v 0.06400000 -0.00362195 0.01150000
v 0.06400000 -0.00362195 0.01405556
v 0.06400000 -0.00362195 0.01661111
v 0.06400000 -0.00362195 0.01916667
v 0.06400000 -0.00362195 0.02172222
v 0.06400000 -0.00362195 0.02427778
v 0.06400000 -0.00362195 0.02683333
v 0.06400000 -0.00362195 0.02938889
v 0.06400000 -0.00362195 0.03194444
v 0.06400000 -0.00362195 0.03450000
v 0.06400000 -0.00362195 0.03705556
v 0.06400000 -0.00362195 0.03961111
v 0.06399859 -0.00362195 0.04216667
v 0.06361634 -0.00362195 0.04472222
v 0.06247754 -0.00362195 0.04727778
v 0.06247754 -0.00120732 -0.04727778
v 0.06361634 -0.00120732 -0.04472222
v 0.06399859 -0.00120732 -0.04216667
v 0.06400000 -0.00120732 -0.03961111
v 0.06400000 -0.00120732 -0.03705556
v 0.06400000 -0.00120732 -0.03450000
v 0.06400000 -0.00120732 -0.03194444
v 0.06400000 -0.00120732 -0.02938889
v 0.06400000 -0.00120732 -0.02683333
v 0.06400000 -0.00120732 -0.02427778
v 0.06400000 -0.00120732 -0.02172222
v 0.06400000 -0.00120732 -0.01916667
v 0.06400000 -0.00120732 -0.01661111
v 0.06400000 -0.00120732 -0.01405556
v 0.06400000 -0.00120732 -0.01150000
v 0.06400000 -0.00120732 -0.00894444
v 0.06400000 -0.00120732 -0.00638889
v 0.06400000 -0.00120732 -0.00383333
v 0.06400000 -0.00120732 -0.00127778
v 0.06400000 -0.00120732 0.00127778
v 0.06400000 -0.00120732 0.00383333
v 0.06400000 -0.00120732 0.00638889
v 0.06400000 -0.00120732 0.00894444
v 0.06400000 -0.00120732 0.01150000
v 0.06400000 -0.00120732 0.01405556
v 0.06400000 -0.00120732 0.01661111
v 0.06400000 -0.00120732 0.01916667
v 0.06400000 -0.00120732 0.02172222
v 0.06400000 -0.00120732 0.02427778
v 0.06400000 -0.00120732 0.02683333
v 0.06400000 -0.00120732 0.02938889
v 0.06400000 -0.00120732 0.03194444
v 0.06400000 -0.00120732 0.03450000
v 0.06400000 -0.00120732 0.03705556
v 0.06400000 -0.00120732 0.03961111
v 0.06399859 -0.00120732 0.04216667
v 0.06361634 -0.00120732 0.04472222
v 0.06247754 -0.00120732 0.04727778
v 0.06247754 0.00120732 -0.04727778
v 0.06361634 0.00120732 -0.04472222
v 0.06399859 0.00120732 -0.04216667
v 0.06400000 0.00120732 -0.03961111
v 0.06400000 0.00120732 -0.03705556
v 0.06400000 0.00120732 -0.03450000
v 0.06400000 0.00120732 -0.03194444
v 0.06400000 0.00120732 -0.02938889
v 0.06400000 0.00120732 -0.02683333
v 0.06400000 0.00120732 -0.02427778
v 0.06400000 0.00120732 -0.02172222
v 0.06400000 0.00120732 -0.01916667
v 0.06400000 0.00120732 -0.01661111
v 0.06400000 0.00120732 -0.01405556
v 0.06400000 0.00120732 -0.01150000
v 0.06400000 0.00120732 -0.00894444
v 0.06400000 0.00120732 -0.00638889
v 0.06400000 0.00120732 -0.00383333
v 0.06400000 0.00120732 -0.00127778
v 0.06400000 0.00120732 0.00127778
v 0.06400000 0.00120732 0.00383333
v 0.06400000 0.00120732 0.00638889
v 0.06400000 0.00120732 0.00894444
v 0.06400000 0.00120732 0.01150000
v 0.06400000 0.00120732 0.01405556
v 0.06400000 0.00120732 0.01661111
v 0.06400000 0.00120732 0.01916667
v 0.06400000 0.00120732 0.02172222
v 0.06400000 0.00120732 0.02427778
v 0.06400000 0.00120732 0.02683333
v 0.06400000 0.00120732 0.02938889
v 0.06400000 0.00120732 0.03194444
v 0.06400000 0.00120732 0.03450000
v 0.06400000 0.00120732 0.03705556
v 0.06400000 0.00120732 0.03961111
v 0.06399859 0.00120732 0.04216667
v 0.06361634 0.00120732 0.04472222
v 0.06247754 0.00120732 0.04727778
v 0.06247754 0.00362195 -0.04727778
v 0.06361634 0.00362195 -0.04472222
v 0.06399859 0.00362195 -0.04216667
v 0.06400000 0.00362195 -0.03961111
v 0.06400000 0.00362195 -0.03705556
v 0.06400000 0.00362195 -0.03450000
v 0.06400000 0.00362195 -0.03194444
v 0.06400000 0.00362195 -0.02938889
v 0.06400000 0.00362195 -0.02683333
v 0.06400000 0.00362195 -0.02427778
v 0.06400000 0.00362195 -0.02172222
v 0.06400000 0.00362195 -0.01916667
v 0.06400000 0.00362195 -0.01661111
v 0.06400000 0.00362195 -0.01405556
v 0.06400000 0.00362195 -0.01150000
v 0.06400000 0.00362195 -0.00894444
v 0.06400000 0.00362195 -0.00638889
v 0.06400000 0.00362195 -0.00383333
v 0.06400000 0.00362195 -0.00127778
v 0.06400000 0.00362195 0.00127778
v 0.06400000 0.00362195 0.00383333
v 0.06400000 0.00362195 0.00638889
v 0.06400000 0.00362195 0.00894444
v 0.06400000 0.00362195 0.01150000
v 0.06400000 0.00362195 0.01405556
v 0.06400000 0.00362195 0.01661111
v 0.06400000 0.00362195 0.01916667
v 0.06400000 0.00362195 0.02172222
v 0.06400000 0.00362195 0.02427778
v 0.06400000 0.00362195 0.02683333
v 0.06400000 0.00362195 0.02938889
v 0.06400000 0.00362195 0.03194444
v 0.06400000 0.00362195 0.03450000
v 0.06400000 0.00362195 0.03705556
v 0.06400000 0.00362195 0.03961111
v 0.06399859 0.00362195 0.04216667
v 0.06361634 0.00362195 0.04472222
v 0.06247754 0.00362195 0.04727778
v 0.06247754 0.00603659 -0.04727778
v 0.06361634 0.00603659 -0.04472222
v 0.06399859 0.00603659 -0.04216667
v 0.06400000 0.00603659 -0.03961111
v 0.06400000 0.00603659 -0.03705556
v 0.06400000 0.00603659 -0.03450000
v 0.06400000 0.00603659 -0.03194444
v 0.06400000 0.00603659 -0.02938889
v 0.06400000 0.00603659 -0.02683333
v 0.06400000 0.00603659 -0.02427778
v 0.06400000 0.00603659 -0.02172222
v 0.06400000 0.00603659 -0.01916667
v 0.06400000 0.00603659 -0.01661111
v 0.06400000 0.00603659 -0.01405556
v 0.06400000 0.00603659 -0.01150000
v 0.06400000 0.00603659 -0.00894444
v 0.06400000 0.00603659 -0.00638889
v 0.06400000 0.00603659 -0.00383333
v 0.06400000 0.00603659 -0.00127778
v 0.06400000 0.00603659 0.00127778
v 0.06400000 0.00603659 0.00383333
v 0.06400000 0.00603659 0.00638889
v 0.06400000 0.00603659 0.00894444
v 0.06400000 0.00603659 0.01150000
v 0.06400000 0.00603659 0.01405556
v 0.06400000 0.00603659 0.01661111
v 0.06400000 0.00603659 0.01916667
v 0.06400000 0.00603659 0.02172222
v 0.06400000 0.00603659 0.02427778
v 0.06400000 0.00603659 0.02683333
v 0.06400000 0.00603659 0.02938889
v 0.06400000 0.00603659 0.03194444
v 0.06400000 0.00603659 0.03450000
v 0.06400000 0.00603659 0.03705556
v 0.06400000 0.00603659 0.03961111
v 0.06399859 0.00603659 0.04216667
v 0.06361634 0.00603659 0.04472222
v 0.06247754 0.00603659 0.04727778
v 0.06247754 0.00845122 -0.04727778
v 0.06361634 0.00845122 -0.04472222
v 0.06399859 0.00845122 -0.04216667
v 0.06400000 0.00845122 -0.03961111
v 0.06400000 0.00845122 -0.03705556
v 0.06400000 0.00845122 -0.03450000
v 0.06400000 0.00845122 -0.03194444
v 0.06400000 0.00845122 -0.02938889
v 0.06400000 0.00845122 -0.02683333
v 0.06400000 0.00845122 -0.02427778
v 0.06400000 0.00845122 -0.02172222
v 0.06400000 0.00845122 -0.01916667
v 0.06400000 0.00845122 -0.01661111
v 0.06400000 0.00845122 -0.01405556
v 0.06400000 0.00845122 -0.01150000
v 0.06400000 0.00845122 -0.00894444
v 0.06400000 0.00845122 -0.00638889
v 0.06400000 0.00845122 -0.00383333
v 0.06400000 0.00845122 -0.00127778
v 0.06400000 0.00845122 0.00127778
v 0.06400000 0.00845122 0.00383333
v 0.06400000 0.00845122 0.00638889
v 0.06400000 0.00845122 0.00894444
v 0.06400000 0.00845122 0.01150000
v 0.06400000 0.00845122 0.01405556
v 0.06400000 0.00845122 0.01661111
v 0.06400000 0.00845122 0.01916667
v 0.06400000 0.00845122 0.02172222
v 0.06400000 0.00845122 0.02427778
v 0.06400000 0.00845122 0.02683333
v 0.06400000 0.00845122 0.02938889
v 0.06400000 0.00845122 0.03194444
v 0.06400000 0.00845122 0.03450000
v 0.06400000 0.00845122 0.03705556
v 0.06400000 0.00845122 0.03961111
v 0.06399859 0.00845122 0.04216667
v 0.06361634 0.00845122 0.04472222
v 0.06247754 0.00845122 0.04727778
v 0.06247754 0.01086585 -0.04727778
v 0.06361634 0.01086585 -0.04472222
v 0.06399859 0.01086585 -0.04216667
v 0.06400000 0.01086585 -0.03961111
v 0.06400000 0.01086585 -0.03705556
v 0.06400000 0.01086585 -0.03450000
v 0.06400000 0.01086585 -0.03194444
v 0.06400000 0.01086585 -0.02938889
v 0.06400000 0.01086585 -0.02683333
v 0.06400000 0.01086585 -0.02427778
v 0.06400000 0.01086585 -0.02172222
v 0.06400000 0.01086585 -0.01916667
v 0.06400000 0.01086585 -0.01661111
v 0.06400000 0.01086585 -0.01405556
v 0.06400000 0.01086585 -0.01150000
v 0.06400000 0.01086585 -0.00894444
v 0.06400000 0.01086585 -0.00638889
v 0.06400000 0.01086585 -0.00383333
v 0.06400000 0.01086585 -0.00127778
v 0.06400000 0.01086585 0.00127778
v 0.06400000 0.01086585 0.00383333
v 0.06400000 0.01086585 0.00638889
v 0.06400000 0.01086585 0.00894444
v 0.06400000 0.01086585 0.01150000
v 0.06400000 0.01086585 0.01405556
v 0.06400000 0.01086585 0.01661111
v 0.06400000 0.01086585 0.01916667
v 0.06400000 0.01086585 0.02172222
v 0.06400000 0.01086585 0.02427778
v 0.06400000 0.01086585 0.02683333
v 0.06400000 0.01086585 0.02938889
v 0.06400000 0.01086585 0.03194444
v 0.06400000 0.01086585 0.03450000
v 0.06400000 0.01086585 0.03705556
v 0.06400000 0.01086585 0.03961111
v 0.06399859 0.01086585 0.04216667
v 0.06361634 0.01086585 0.04472222
v 0.06247754 0.01086585 0.04727778
v 0.06247754 0.01328049 -0.04727778
v 0.06361634 0.01328049 -0.04472222
v 0.06399859 0.01328049 -0.04216667
v 0.06400000 0.01328049 -0.03961111
v 0.06400000 0.01328049 -0.03705556
v 0.06400000 0.01328049 -0.03450000
v 0.06400000 0.01328049 -0.03194444
v 0.06400000 0.01328049 -0.02938889
v 0.06400000 0.01328049 -0.02683333
v 0.06400000 0.01328049 -0.02427778
v 0.06400000 0.01328049 -0.02172222
v 0.06400000 0.01328049 -0.01916667
v 0.06400000 0.01328049 -0.01661111
v 0.06400000 0.01328049 -0.01405556
v 0.06400000 0.01328049 -0.01150000
v 0.06400000 0.01328049 -0.00894444
v 0.06400000 0.01328049 -0.00638889
v 0.06400000 0.01328049 -0.00383333
v 0.06400000 0.01328049 -0.00127778
v 0.06400000 0.01328049 0.00127778
v 0.06400000 0.01328049 0.00383333
v 0.06400000 0.01328049 0.00638889
v 0.06400000 0.01328049 0.00894444
v 0.06400000 0.01328049 0.01150000
v 0.06400000 0.01328049 0.01405556
v 0.06400000 0.01328049 0.01661111
v 0.06400000 0.01328049 0.01916667
v 0.06400000 0.01328049 0.02172222
v 0.06400000 0.01328049 0.02427778
v 0.06400000 0.01328049 0.02683333
v 0.06400000 0.01328049 0.02938889
v 0.06400000 0.01328049 0.03194444
v 0.06400000 0.01328049 0.03450000
v 0.06400000 0.01328049 0.03705556
v 0.06400000 0.01328049 0.03961111
v 0.06399859 0.01328049 0.04216667
v 0.06361634 0.01328049 0.04472222
v 0.06247754 0.01328049 0.04727778
v 0.06247754 0.01569512 -0.04727778
v 0.06361634 0.01569512 -0.04472222
v 0.06399859 0.01569512 -0.04216667
v 0.06400000 0.01569512 -0.03961111
v 0.06400000 0.01569512 -0.03705556
v 0.06400000 0.01569512 -0.03450000
v 0.06400000 0.01569512 -0.03194444
v 0.06400000 0.01569512 -0.02938889
v 0.06400000 0.01569512 -0.02683333
v 0.06400000 0.01569512 -0.02427778
v 0.06400000 0.01569512 -0.02172222
v 0.06400000 0.01569512 -0.01916667
v 0.06400000 0.01569512 -0.01661111
v 0.06400000 0.01569512 -0.01405556
v 0.06400000 0.01569512 -0.01150000
v 0.06400000 0.01569512 -0.00894444
v 0.06400000 0.01569512 -0.00638889
v 0.06400000 0.01569512 -0.00383333
v 0.06400000 0.01569512 -0.00127778
v 0.06400000 0.01569512 0.00127778
v 0.06400000 0.01569512 0.00383333
v 0.06400000 0.01569512 0.00638889
v 0.06400000 0.01569512 0.00894444
v 0.06400000 0.01569512 0.01150000
v 0.06400000 0.01569512 0.01405556
v 0.06400000 0.01569512 0.01661111
v 0.06400000 0.01569512 0.01916667
v 0.06400000 0.01569512 0.02172222
v 0.06400000 0.01569512 0.02427778
v 0.06400000 0.01569512 0.02683333
v 0.06400000 0.01569512 0.02938889
v 0.06400000 0.01569512 0.03194444
v 0.06400000 0.01569512 0.03450000
v 0.06400000 0.01569512 0.03705556
v 0.06400000 0.01569512 0.03961111
v 0.06399859 0.01569512 0.04216667
v 0.06361634 0.01569512 0.04472222
v 0.06247754 0.01569512 0.04727778
v 0.06247754 0.01810976 -0.04727778
v 0.06361634 0.01810976 -0.04472222
v 0.06399859 0.01810976 -0.04216667
v 0.06400000 0.01810976 -0.03961111
v 0.06400000 0.01810976 -0.03705556
v 0.06400000 0.01810976 -0.03450000
v 0.06400000 0.01810976 -0.03194444
v 0.06400000 0.01810976 -0.02938889
v 0.06400000 0.01810976 -0.02683333
v 0.06400000 0.01810976 -0.02427778
v 0.06400000 0.01810976 -0.02172222
v 0.06400000 0.01810976 -0.01916667
v 0.06400000 0.01810976 -0.01661111
v 0.06400000 0.01810976 -0.01405556
v 0.06400000 0.01810976 -0.01150000
v 0.06400000 0.01810976 -0.00894444
v 0.06400000 0.01810976 -0.00638889
v 0.06400000 0.01810976 -0.00383333
v 0.06400000 0.01810976 -0.00127778
v 0.06400000 0.01810976 0.00127778
v 0.06400000 0.01810976 0.00383333
v 0.06400000 0.01810976 0.00638889
v 0.06400000 0.01810976 0.00894444
v 0.06400000 0.01810976 0.01150000
v 0.06400000 0.01810976 0.01405556
v 0.06400000 0.01810976 0.01661111
v 0.06400000 0.01810976 0.01916667
v 0.06400000 0.01810976 0.02172222
v 0.06400000 0.01810976 0.02427778
v 0.06400000 0.01810976 0.02683333
v 0.06400000 0.01810976 0.02938889
v 0.06400000 0.01810976 0.03194444
v 0.06400000 0.01810976 0.03450000
v 0.06400000 0.01810976 0.03705556
v 0.06400000 0.01810976 0.03961111
v 0.06399859 0.01810976 0.04216667
v 0.06361634 0.01810976 0.04472222
v 0.06247754 0.01810976 0.04727778
v 0.06247754 0.02052439 -0.04727778
v 0.06361634 0.02052439 -0.04472222
v 0.06399859 0.02052439 -0.04216667
v 0.06400000 0.02052439 -0.03961111
v 0.06400000 0.02052439 -0.03705556
v 0.06400000 0.02052439 -0.03450000
v 0.06400000 0.02052439 -0.03194444
v 0.06400000 0.02052439 -0.02938889
v 0.06400000 0.02052439 -0.02683333
v 0.06400000 0.02052439 -0.02427778
v 0.06400000 0.02052439 -0.02172222
v 0.06400000 0.02052439 -0.01916667
v 0.06400000 0.02052439 -0.01661111
v 0.06400000 0.02052439 -0.01405556
v 0.06400000 0.02052439 -0.01150000
v 0.06400000 0.02052439 -0.00894444
v 0.06400000 0.02052439 -0.00638889
v 0.06400000 0.02052439 -0.00383333
v 0.06400000 0.02052439 -0.00127778
v 0.06400000 0.02052439 0.00127778
v 0.06400000 0.02052439 0.00383333
v 0.06400000 0.02052439 0.00638889
v 0.06400000 0.02052439 0.00894444
v 0.06400000 0.02052439 0.01150000
v 0.06400000 0.02052439 0.01405556
v 0.06400000 0.02052439 0.01661111
v 0.06400000 0.02052439 0.01916667
v 0.06400000 0.02052439 0.02172222
v 0.06400000 0.02052439 0.02427778
v 0.06400000 0.02052439 0.02683333
v 0.06400000 0.02052439 0.02938889
v 0.06400000 0.02052439 0.03194444
v 0.06400000 0.02052439 0.03450000
v 0.06400000 0.02052439 0.03705556
v 0.06400000 0.02052439 0.03961111
v 0.06399859 0.02052439 0.04216667
v 0.06361634 0.02052439 0.04472222
v 0.06247754 0.02052439 0.04727778
v 0.06247754 0.02293902 -0.04727778
v 0.06361634 0.02293902 -0.04472222
v 0.06399859 0.02293902 -0.04216667
v 0.06400000 0.02293902 -0.03961111
v 0.06400000 0.02293902 -0.03705556
v 0.06400000 0.02293902 -0.03450000
v 0.06400000 0.02293902 -0.03194444
v 0.06400000 0.02293902 -0.02938889
v 0.06400000 0.02293902 -0.02683333
v 0.06400000 0.02293902 -0.02427778
v 0.06400000 0.02293902 -0.02172222
v 0.06400000 0.02293902 -0.01916667
v 0.06400000 0.02293902 -0.01661111
v 0.06400000 0.02293902 -0.01405556
v 0.06400000 0.02293902 -0.01150000
v 0.06400000 0.02293902 -0.00894444
v 0.06400000 0.02293902 -0.00638889
v 0.06400000 0.02293902 -0.00383333
v 0.06400000 0.02293902 -0.00127778
v 0.06400000 0.02293902 0.00127778
v 0.06400000 0.02293902 0.00383333
v 0.06400000 0.02293902 0.00638889
v 0.06400000 0.02293902 0.00894444
v 0.06400000 0.02293902 0.01150000
v 0.06400000 0.02293902 0.01405556
v 0.06400000 0.02293902 0.01661111
v 0.06400000 0.02293902 0.01916667
v 0.06400000 0.02293902 0.02172222
v 0.06400000 0.02293902 0.02427778
v 0.06400000 0.02293902 0.02683333
v 0.06400000 0.02293902 0.02938889
v 0.06400000 0.02293902 0.03194444
v 0.06400000 0.02293902 0.03450000
v 0.06400000 0.02293902 0.03705556
v 0.06400000 0.02293902 0.03961111
v 0.06399859 0.02293902 0.04216667
v 0.06361634 0.02293902 0.04472222
v 0.06247754 0.02293902 0.04727778
v 0.06247754 0.02535366 -0.04727778
v 0.06361634 0.02535366 -0.04472222
v 0.06399859 0.02535366 -0.04216667
v 0.06400000 0.02535366 -0.03961111
v 0.06400000 0.02535366 -0.03705556
v 0.06400000 0.02535366 -0.03450000
v 0.06400000 0.02535366 -0.03194444
v 0.06400000 0.02535366 -0.02938889
v 0.06400000 0.02535366 -0.02683333
v 0.06400000 0.02535366 -0.02427778
v 0.06400000 0.02535366 -0.02172222
v 0.06400000 0.02535366 -0.01916667
v 0.06400000 0.02535366 -0.01661111
v 0.06400000 0.02535366 -0.01405556
v 0.06400000 0.02535366 -0.01150000
v 0.06400000 0.02535366 -0.00894444
v 0.06400000 0.02535366 -0.00638889
v 0.06400000 0.02535366 -0.00383333
v 0.06400000 0.02535366 -0.00127778
v 0.06400000 0.02535366 0.00127778
v 0.06400000 0.02535366 0.00383333
v 0.06400000 0.02535366 0.00638889
v 0.06400000 0.02535366 0.00894444
v 0.06400000 0.02535366 0.01150000
v 0.06400000 0.02535366 0.01405556
v 0.06400000 0.02535366 0.01661111
v 0.06400000 0.02535366 0.01916667
v 0.06400000 0.02535366 0.02172222
v 0.06400000 0.02535366 0.02427778
v 0.06400000 0.02535366 0.02683333
v 0.06400000 0.02535366 0.02938889
v 0.06400000 0.02535366 0.03194444
v 0.06400000 0.02535366 0.03450000
v 0.06400000 0.02535366 0.03705556
v 0.06400000 0.02535366 0.03961111
v 0.06399859 0.02535366 0.04216667
v 0.06361634 0.02535366 0.04472222
v 0.06247754 0.02535366 0.04727778
v 0.06247754 0.02776829 -0.04727778
v 0.06361634 0.02776829 -0.04472222
v 0.06399859 0.02776829 -0.04216667
v 0.06400000 0.02776829 -0.03961111
v 0.06400000 0.02776829 -0.03705556
v 0.06400000 0.02776829 -0.03450000
v 0.06400000 0.02776829 -0.03194444
v 0.06400000 0.02776829 -0.02938889
v 0.06400000 0.02776829 -0.02683333
v 0.06400000 0.02776829 -0.02427778
v 0.06400000 0.02776829 -0.02172222
v 0.06400000 0.02776829 -0.01916667
v 0.06400000 0.02776829 -0.01661111
v 0.06400000 0.02776829 -0.01405556
v 0.06400000 0.02776829 -0.01150000
v 0.06400000 0.02776829 -0.00894444
v 0.06400000 0.02776829 -0.00638889
v 0.06400000 0.02776829 -0.00383333
v 0.06400000 0.02776829 -0.00127778
v 0.06400000 0.02776829 0.00127778
v 0.06400000 0.02776829 0.00383333
v 0.06400000 0.02776829 0.00638889
v 0.06400000 0.02776829 0.00894444
v 0.06400000 0.02776829 0.01150000
v 0.06400000 0.02776829 0.01405556
v 0.06400000 0.02776829 0.01661111
v 0.06400000 0.02776829 0.01916667
v 0.06400000 0.02776829 0.02172222
v 0.06400000 0.02776829 0.02427778
v 0.06400000 0.02776829 0.02683333
v 0.06400000 0.02776829 0.02938889
v 0.06400000 0.02776829 0.03194444
v 0.06400000 0.02776829 0.03450000
v 0.06400000 0.02776829 0.03705556
v 0.06400000 0.02776829 0.03961111
v 0.06399859 0.02776829 0.04216667
v 0.06361634 0.02776829 0.04472222
v 0.06247754 0.02776829 0.04727778
v 0.06247754 0.03018293 -0.04727778
v 0.06361634 0.03018293 -0.04472222
v 0.06399859 0.03018293 -0.04216667
v 0.06400000 0.03018293 -0.03961111
v 0.06400000 0.03018293 -0.03705556
v 0.06400000 0.03018293 -0.03450000
v 0.06400000 0.03018293 -0.03194444
v 0.06400000 0.03018293 -0.02938889
v 0.06400000 0.03018293 -0.02683333
v 0.06400000 0.03018293 -0.02427778
v 0.06400000 0.03018293 -0.02172222
v 0.06400000 0.03018293 -0.01916667
v 0.06400000 0.03018293 -0.01661111
v 0.06400000 0.03018293 -0.01405556
v 0.06400000 0.03018293 -0.01150000
v 0.06400000 0.03018293 -0.00894444
v 0.06400000 0.03018293 -0.00638889
v 0.06400000 0.03018293 -0.00383333
v 0.06400000 0.03018293 -0.00127778
v 0.06400000 0.03018293 0.00127778
v 0.06400000 0.03018293 0.00383333
v 0.06400000 0.03018293 0.00638889
v 0.06400000 0.03018293 0.00894444
v 0.06400000 0.03018293 0.01150000
v 0.06400000 0.03018293 0.01405556
v 0.06400000 0.03018293 0.01661111
v 0.06400000 0.03018293 0.01916667
v 0.06400000 0.03018293 0.02172222
v 0.06400000 0.03018293 0.02427778
v 0.06400000 0.03018293 0.02683333
v 0.06400000 0.03018293 0.02938889
v 0.06400000 0.03018293 0.03194444
v 0.06400000 0.03018293 0.03450000
v 0.06400000 0.03018293 0.03705556
v 0.06400000 0.03018293 0.03961111
v 0.06399859 0.03018293 0.04216667
v 0.06361634 0.03018293 0.04472222
v 0.06247754 0.03018293 0.04727778
v 0.06247754 0.03259756 -0.04727778
v 0.06361634 0.03259756 -0.04472222
v 0.06399859 0.03259756 -0.04216667
v 0.06400000 0.03259756 -0.03961111
v 0.06400000 0.03259756 -0.03705556
v 0.06400000 0.03259756 -0.03450000
v 0.06400000 0.03259756 -0.03194444
v 0.06400000 0.03259756 -0.02938889
v 0.06400000 0.03259756 -0.02683333
v 0.06400000 0.03259756 -0.02427778
v 0.06400000 0.03259756 -0.02172222
v 0.06400000 0.03259756 -0.01916667
v 0.06400000 0.03259756 -0.01661111
v 0.06400000 0.03259756 -0.01405556
v 0.06400000 0.03259756 -0.01150000
v 0.06400000 0.03259756 -0.00894444
v 0.06400000 0.03259756 -0.00638889
v 0.06400000 0.03259756 -0.00383333
v 0.06400000 0.03259756 -0.00127778
v 0.06400000 0.03259756 0.00127778
v 0.06400000 0.03259756 0.00383333
v 0.06400000 0.03259756 0.00638889
v 0.06400000 0.03259756 0.00894444
v 0.06400000 0.03259756 0.01150000
v 0.06400000 0.03259756 0.01405556
v 0.06400000 0.03259756 0.01661111
v 0.06400000 0.03259756 0.01916667
v 0.06400000 0.03259756 0.02172222
v 0.06400000 0.03259756 0.02427778
v 0.06400000 0.03259756 0.02683333
v 0.06400000 0.03259756 0.02938889
v 0.06400000 0.03259756 0.03194444
v 0.06400000 0.03259756 0.03450000
v 0.06400000 0.03259756 0.03705556
v 0.06400000 0.03259756 0.03961111
v 0.06399859 0.03259756 0.04216667
v 0.06361634 0.03259756 0.04472222
v 0.06247754 0.03259756 0.04727778
v 0.06241780 0.03501220 -0.04727778
v 0.06356194 0.03501220 -0.04472222
v 0.06394660 0.03501220 -0.04216667
v 0.06394802 0.03501220 -0.03961111
v 0.06394802 0.03501220 -0.03705556
v 0.06394802 0.03501220 -0.03450000
v 0.06394802 0.03501220 -0.03194444
v 0.06394802 0.03501220 -0.02938889
v 0.06394802 0.03501220 -0.02683333
v 0.06394802 0.03501220 -0.02427778
v 0.06394802 0.03501220 -0.02172222
v 0.06394802 0.03501220 -0.01916667
v 0.06394802 0.03501220 -0.01661111
v 0.06394802 0.03501220 -0.01405556
v 0.06394802 0.03501220 -0.01150000
v 0.06394802 0.03501220 -0.00894444
v 0.06394802 0.03501220 -0.00638889
v 0.06394802 0.03501220 -0.00383333
v 0.06394802 0.03501220 -0.00127778
v 0.06394802 0.03501220 0.00127778
v 0.06394802 0.03501220 0.00383333
v 0.06394802 0.03501220 0.00638889
v 0.06394802 0.03501220 0.00894444
v 0.06394802 0.03501220 0.01150000
v 0.06394802 0.03501220 0.01405556
v 0.06394802 0.03501220 0.01661111
v 0.06394802 0.03501220 0.01916667
v 0.06394802 0.03501220 0.02172222
v 0.06394802 0.03501220 0.02427778
v 0.06394802 0.03501220 0.02683333
v 0.06394802 0.03501220 0.02938889
v 0.06394802 0.03501220 0.03194444
v 0.06394802 0.03501220 0.03450000
v 0.06394802 0.03501220 0.03705556
v 0.06394802 0.03501220 0.03961111
v 0.06394660 0.03501220 0.04216667
v 0.06356194 0.03501220 0.04472222
v 0.06241780 0.03501220 0.04727778
v 0.06297525 0.03742683 -0.04472222
v 0.06338272 0.03742683 -0.04216667
v 0.06338424 0.03742683 -0.03961111
v 0.06338424 0.03742683 -0.03705556
v 0.06338424 0.03742683 -0.03450000
v 0.06338424 0.03742683 -0.03194444
v 0.06338424 0.03742683 -0.02938889
v 0.06338424 0.03742683 -0.02683333
v 0.06338424 0.03742683 -0.02427778
v 0.06338424 0.03742683 -0.02172222
v 0.06338424 0.03742683 -0.01916667
v 0.06338424 0.03742683 -0.01661111
v 0.06338424 0.03742683 -0.01405556
v 0.06338424 0.03742683 -0.01150000
v 0.06338424 0.03742683 -0.00894444
v 0.06338424 0.03742683 -0.00638889
v 0.06338424 0.03742683 -0.00383333
v 0.06338424 0.03742683 -0.00127778
v 0.06338424 0.03742683 0.00127778
v 0.06338424 0.03742683 0.00383333
v 0.06338424 0.03742683 0.00638889
v 0.06338424 0.03742683 0.00894444
v 0.06338424 0.03742683 0.01150000
v 0.06338424 0.03742683 0.01405556
v 0.06338424 0.03742683 0.01661111
v 0.06338424 0.03742683 0.01916667
v 0.06338424 0.03742683 0.02172222
v 0.06338424 0.03742683 0.02427778
v 0.06338424 0.03742683 0.02683333
v 0.06338424 0.03742683 0.02938889
v 0.06338424 0.03742683 0.03194444
v 0.06338424 0.03742683 0.03450000
v 0.06338424 0.03742683 0.03705556
v 0.06338424 0.03742683 0.03961111
v 0.06338272 0.03742683 0.04216667
v 0.06297525 0.03742683 0.04472222
v 0.06210685 0.03984146 -0.04216667
v 0.06210851 0.03984146 -0.03961111
v 0.06210851 0.03984146 -0.03705556
v 0.06210851 0.03984146 -0.03450000
v 0.06210851 0.03984146 -0.03194444
v 0.06210851 0.03984146 -0.02938889
v 0.06210851 0.03984146 -0.02683333
v 0.06210851 0.03984146 -0.02427778
v 0.06210851 0.03984146 -0.02172222
v 0.06210851 0.03984146 -0.01916667
v 0.06210851 0.03984146 -0.01661111
v 0.06210851 0.03984146 -0.01405556
v 0.06210851 0.03984146 -0.01150000
v 0.06210851 0.03984146 -0.00894444
v 0.06210851 0.03984146 -0.00638889
v 0.06210851 0.03984146 -0.00383333
v 0.06210851 0.03984146 -0.00127778
v 0.06210851 0.03984146 0.00127778
v 0.06210851 0.03984146 0.00383333
v 0.06210851 0.03984146 0.00638889
v 0.06210851 0.03984146 0.00894444
v 0.06210851 0.03984146 0.01150000
v 0.06210851 0.03984146 0.01405556
v 0.06210851 0.03984146 0.01661111
v 0.06210851 0.03984146 0.01916667
v 0.06210851 0.03984146 0.02172222
v 0.06210851 0.03984146 0.02427778
v 0.06210851 0.03984146 0.02683333
v 0.06210851 0.03984146 0.02938889
v 0.06210851 0.03984146 0.03194444
v 0.06210851 0.03984146 0.03450000
v 0.06210851 0.03984146 0.03705556
v 0.06210851 0.03984146 0.03961111
v 0.06210685 0.03984146 0.04216667
f 3 2 1
f 5 4 1
f 5 1 2
f 7 6 4
f 7 4 5
f 9 8 6
f 9 6 7
f 11 10 8
f 11 8 9
f 13 12 10
f 13 10 11
f 15 14 12
f 15 12 13
f 17 16 14
f 17 14 15
f 19 18 16
f 19 16 17
f 21 20 18
f 21 18 19
f 23 22 20
f 23 20 21
f 25 24 22
f 25 22 23
f 27 26 24
f 27 24 25
f 29 28 26
f 29 26 27
f 31 30 28
f 31 28 29
f 33 32 30
f 33 30 31
f 35 34 32
f 35 32 33
f 37 36 34
f 37 34 35
f 39 38 36
f 39 36 37
f 41 40 38
f 41 38 39
f 43 42 40
f 43 40 41
f 45 44 42
f 45 42 43
f 47 46 44
f 47 44 45
f 49 48 46
f 49 46 47
f 51 50 48
f 51 48 49
f 53 52 50
f 53 50 51
f 55 54 52
f 55 52 53
f 57 56 54
f 57 54 55
f 59 58 56
f 59 56 57
f 61 60 58
f 61 58 59
f 63 62 60
f 63 60 61
f 65 64 62
f 65 62 63
f 67 66 64
f 67 64 65
f 69 68 66
f 69 66 67
f 70 68 69
f 73 72 71
f 71 72 3
f 1 71 3
f 74 71 1
f 75 1 4
f 74 1 75
f 76 4 6
f 75 4 76
f 77 6 8
f 76 6 77
f 78 8 10
f 77 8 78
f 79 10 12
f 78 10 79
f 80 12 14
f 79 12 80
f 81 14 16
f 80 14 81
f 82 16 18
f 81 16 82
f 83 18 20
f 82 18 83
f 84 20 22
f 83 20 84
f 85 22 24
f 84 22 85
f 86 24 26
f 85 24 86
f 87 26 28
f 86 26 87
f 88 28 30
f 87 28 88
f 89 30 32
f 88 30 89
f 90 32 34
f 89 32 90
f 91 34 36
f 90 34 91
f 92 36 38
f 91 36 92
f 93 38 40
f 92 38 93
f 94 40 42
f 93 40 94
f 95 42 44
f 94 42 95
f 96 44 46
f 95 44 96
f 97 46 48
f 96 46 97
f 98 48 50
f 97 48 98
f 99 50 52
f 98 50 99
f 100 52 54
f 99 52 100
f 101 54 56
f 100 54 101
f 102 56 58
f 101 56 102
f 103 58 60
f 102 58 103
f 104 60 62
f 103 60 104
f 105 62 64
f 104 62 105
f 106 64 66
f 105 64 106
f 107 66 68
f 106 66 107
f 68 70 108
f 109 68 108
f 107 68 109
f 110 109 108
f 113 112 111
f 111 112 73
f 71 111 73
f 114 111 71
f 115 71 74
f 114 71 115
f 116 74 75
f 115 74 116
f 117 75 76
f 116 75 117
f 118 76 77
f 117 76 118
f 119 77 78
f 118 77 119
f 120 78 79
f 119 78 120
f 121 79 80
f 120 79 121
f 122 80 81
f 121 80 122
f 123 81 82
f 122 81 123
f 124 82 83
f 123 82 124
f 125 83 84
f 124 83 125
f 126 84 85
f 125 84 126
f 127 85 86
f 126 85 127
f 128 86 87
f 127 86 128
f 129 87 88
f 128 87 129
f 130 88 89
f 129 88 130
f 131 89 90
f 130 89 131
f 132 90 91
f 131 90 132
f 133 91 92
f 132 91 133
f 134 92 93
f 133 92 134
f 135 93 94
f 134 93 135
f 136 94 95
f 135 94 136
f 137 95 96
f 136 95 137
f 138 96 97
f 137 96 138
f 139 97 98
f 138 97 139
f 140 98 99
f 139 98 140
f 141 99 100
f 140 99 141
f 142 100 101
f 141 100 142
f 143 101 102
f 142 101 143
f 144 102 103
f 143 102 144
f 145 103 104
f 144 103 145
f 146 104 105
f 145 104 146
f 147 105 106
f 146 105 147
f 148 106 107
f 147 106 148
f 149 107 109
f 148 107 149
f 109 110 150
f 151 109 150
f 149 109 151
f 152 151 150
f 113 111 153
f 113 153 154
f 155 111 114
f 153 111 155
f 156 114 115
f 155 114 156
f 157 115 116
f 156 115 157
f 158 116 117
f 157 116 158
f 159 117 118
f 158 117 159
f 160 118 119
f 159 118 160
f 161 119 120
f 160 119 161
f 162 120 121
f 161 120 162
f 163 121 122
f 162 121 163
f 164 122 123
f 163 122 164
f 165 123 124
f 164 123 165
f 166 124 125
f 165 124 166
f 167 125 126
f 166 125 167
f 168 126 127
f 167 126 168
f 169 127 128
f 168 127 169
f 170 128 129
f 169 128 170
f 171 129 130
f 170 129 171
f 172 130 131
f 171 130 172
f 173 131 132
f 172 131 173
f 174 132 133
f 173 132 174
f 175 133 134
f 174 133 175
f 176 134 135
f 175 134 176
f 177 135 136
f 176 135 177
f 178 136 137
f 177 136 178
f 179 137 138
f 178 137 179
f 180 138 139
f 179 138 180
f 181 139 140
f 180 139 181
f 182 140 141
f 181 140 182
f 183 141 142
f 182 141 183
f 184 142 143
f 183 142 184
f 185 143 144
f 184 143 185
f 186 144 145
f 185 144 186
f 187 145 146
f 186 145 187
f 188 146 147
f 187 146 188
f 189 147 148
f 188 147 189
f 190 148 149
f 189 148 190
f 191 149 151
f 190 149 191
f 151 152 192
f 151 192 191
f 154 153 193
f 154 193 194
f 195 153 155
f 193 153 195
f 196 155 156
f 195 155 196
f 197 156 157
f 196 156 197
f 198 157 158
f 197 157 198
f 199 158 159
f 198 158 199
f 200 159 160
f 199 159 200
f 201 160 161
f 200 160 201
f 202 161 162
f 201 161 202
f 203 162 163
f 202 162 203
f 204 163 164
f 203 163 204
f 205 164 165
f 204 164 205
f 206 165 166
f 205 165 206
f 207 166 167
f 206 166 207
f 208 167 168
f 207 167 208
f 209 168 169
f 208 168 209
f 210 169 170
f 209 169 210
f 211 170 171
f 210 170 211
f 212 171 172
f 211 171 212
f 213 172 173
f 212 172 213
f 214 173 174
f 213 173 214
f 215 174 175
f 214 174 215
f 216 175 176
f 215 175 216
f 217 176 177
f 216 176 217
f 218 177 178
f 217 177 218
f 219 178 179
f 218 178 219
f 220 179 180
f 219 179 220
f 221 180 181
f 220 180 221
f 222 181 182
f 221 181 222
f 223 182 183
f 222 182 223
f 224 183 184
f 223 183 224
f 225 184 185
f 224 184 225
f 226 185 186
f 225 185 226
f 227 186 187
f 226 186 227
f 228 187 188
f 227 187 228
f 229 188 189
f 228 188 229
f 230 189 190
f 229 189 230
f 231 190 191
f 230 190 231
f 191 192 232
f 191 232 231
f 194 193 233
f 194 233 234
f 235 193 195
f 233 193 235
f 236 195 196
f 235 195 236
f 237 196 197
f 236 196 237
f 238 197 198
f 237 197 238
f 239 198 199
f 238 198 239
f 240 199 200
f 239 199 240
f 241 200 201
f 240 200 241
f 242 201 202
f 241 201 242
f 243 202 203
f 242 202 243
f 244 203 204
f 243 203 244
f 245 204 205
f 244 204 245
f 246 205 206
f 245 205 246
f 247 206 207
f 246 206 247
f 248 207 208
f 247 207 248
f 249 208 209
f 248 208 249
f 250 209 210
f 249 209 250
f 251 210 211
f 250 210 251
f 252 211 212
f 251 211 252
f 253 212 213
f 252 212 253
f 254 213 214
f 253 213 254
f 255 214 215
f 254 214 255
f 256 215 216
f 255 215 256
f 257 216 217
f 256 216 257
f 258 217 218
f 257 217 258
f 259 218 219
f 258 218 259
f 260 219 220
f 259 219 260
f 261 220 221
f 260 220 261
f 262 221 222
f 261 221 262
f 263 222 223
f 262 222 263
f 264 223 224
f 263 223 264
f 265 224 225
f 264 224 265
f 266 225 226
f 265 225 266
f 267 226 227
f 266 226 267
f 268 227 228
f 267 227 268
f 269 228 229
f 268 228 269
f 270 229 230
f 269 229 270
f 271 230 231
f 270 230 271
f 231 232 272
f 231 272 271
f 234 233 273
f 234 273 274
f 275 233 235
f 273 233 275
f 276 235 236
f 275 235 276
f 277 236 237
f 276 236 277
f 278 237 238
f 277 237 278
f 279 238 239
f 278 238 279
f 280 239 240
f 279 239 280
f 281 240 241
f 280 240 281
f 282 241 242
f 281 241 282
f 283 242 243
f 282 242 283
f 284 243 244
f 283 243 284
f 285 244 245
f 284 244 285
f 286 245 246
f 285 245 286
f 287 246 247
f 286 246 287
f 288 247 248
f 287 247 288
f 289 248 249
f 288 248 289
f 290 249 250
f 289 249 290
f 291 250 251
f 290 250 291
f 292 251 252
f 291 251 292
f 293 252 253
f 292 252 293
f 294 253 254
f 293 253 294
f 295 254 255
f 294 254 295
f 296 255 256
f 295 255 296
f 297 256 257
f 296 256 297
f 298 257 258
f 297 257 298
f 299 258 259
f 298 258 299
f 300 259 260
f 299 259 300
f 301 260 261
f 300 260 301
f 302 261 262
f 301 261 302
f 303 262 263
f 302 262 303
f 304 263 264
f 303 263 304
f 305 264 265
f 304 264 305
f 306 265 266
f 305 265 306
f 307 266 267
f 306 266 307
f 308 267 268
f 307 267 308
f 309 268 269
f 308 268 309
f 310 269 270
f 309 269 310
f 311 270 271
f 310 270 311
f 271 272 312
f 271 312 311
f 274 273 313
f 274 313 314
f 315 273 275
f 313 273 315
f 316 275 276
f 315 275 316
f 317 276 277
f 316 276 317
f 318 277 278
f 317 277 318
f 319 278 279
f 318 278 319
f 320 279 280
f 319 279 320
f 321 280 281
f 320 280 321
f 322 281 282
f 321 281 322
f 323 282 283
f 322 282 323
f 324 283 284
f 323 283 324
f 325 284 285
f 324 284 325
f 326 285 286
f 325 285 326
f 327 286 287
f 326 286 327
f 328 287 288
f 327 287 328
f 329 288 289
f 328 288 329
f 330 289 290
f 329 289 330
f 331 290 291
f 330 290 331
f 332 291 292
f 331 291 332
f 333 292 293
f 332 292 333
f 334 293 294
f 333 293 334
f 335 294 295
f 334 294 335
f 336 295 296
f 335 295 336
f 337 296 297
f 336 296 337
f 338 297 298
f 337 297 338
f 339 298 299
f 338 298 339
f 340 299 300
f 339 299 340
f 341 300 301
f 340 300 341
f 342 301 302
f 341 301 342
f 343 302 303
f 342 302 343
f 344 303 304
f 343 303 344
f 345 304 305
f 344 304 345
f 346 305 306
f 345 305 346
f 347 306 307
f 346 306 347
f 348 307 308
f 347 307 348
f 349 308 309
f 348 308 349
f 350 309 310
f 349 309 350
f 351 310 311
f 350 310 351
f 311 312 352
f 311 352 351
f 314 313 353
f 314 353 354
f 355 313 315
f 353 313 355
f 356 315 316
f 355 315 356
f 357 316 317
f 356 316 357
f 358 317 318
f 357 317 358
f 359 318 319
f 358 318 359
f 360 319 320
f 359 319 360
f 361 320 321
f 360 320 361
f 362 321 322
f 361 321 362
f 363 322 323
f 362 322 363
f 364 323 324
f 363 323 364
f 365 324 325
f 364 324 365
f 366 325 326
f 365 325 366
f 367 326 327
f 366 326 367
f 368 327 328
f 367 327 368
f 369 328 329
f 368 328 369
f 370 329 330
f 369 329 370
f 371 330 331
f 370 330 371
f 372 331 332
f 371 331 372
f 373 332 333
f 372 332 373
f 374 333 334
f 373 333 374
f 375 334 335
f 374 334 375
f 376 335 336
f 375 335 376
f 377 336 337
f 376 336 377
f 378 337 338
f 377 337 378
f 379 338 339
f 378 338 379
f 380 339 340
f 379 339 380
f 381 340 341
f 380 340 381
f 382 341 342
f 381 341 382
f 383 342 343
f 382 342 383
f 384 343 344
f 383 343 384
f 385 344 345
f 384 344 385
f 386 345 346
f 385 345 386
f 387 346 347
f 386 346 387
f 388 347 348
f 387 347 388
f 389 348 349
f 388 348 389
f 390 349 350
f 389 349 390
f 391 350 351
f 390 350 391
f 351 352 392
f 351 392 391
f 354 353 393
f 354 393 394
f 395 353 355
f 393 353 395
f 396 355 356
f 395 355 396
f 397 356 357
f 396 356 397
f 398 357 358
f 397 357 398
f 399 358 359
f 398 358 399
f 400 359 360
f 399 359 400
f 401 360 361
f 400 360 401
f 402 361 362
f 401 361 402
f 403 362 363
f 402 362 403
f 404 363 364
f 403 363 404
f 405 364 365
f 404 364 405
f 406 365 366
f 405 365 406
f 407 366 367
f 406 366 407
f 408 367 368
f 407 367 408
f 409 368 369
f 408 368 409
f 410 369 370
f 409 369 410
f 411 370 371
f 410 370 411
f 412 371 372
f 411 371 412
f 413 372 373
f 412 372 413
f 414 373 374
f 413 373 414
f 415 374 375
f 414 374 415
f 416 375 376
f 415 375 416
f 417 376 377
f 416 376 417
f 418 377 378
f 417 377 418
f 419 378 379
f 418 378 419
f 420 379 380
f 419 379 420
f 421 380 381
f 420 380 421
f 422 381 382
f 421 381 422
f 423 382 383
f 422 382 423
f 424 383 384
f 423 383 424
f 425 384 385
f 424 384 425
f 426 385 386
f 425 385 426
f 427 386 387
f 426 386 427
f 428 387 388
f 427 387 428
f 429 388 389
f 428 388 429
f 430 389 390
f 429 389 430
f 431 390 391
f 430 390 431
f 391 392 432
f 391 432 431
f 394 393 433
f 394 433 434
f 435 393 395
f 433 393 435
f 436 395 396
f 435 395 436
f 437 396 397
f 436 396 437
f 438 397 398
f 437 397 438
f 439 398 399
f 438 398 439
f 440 399 400
f 439 399 440
f 441 400 401
f 440 400 441
f 442 401 402
f 441 401 442
f 443 402 403
f 442 402 443
f 444 403 404
f 443 403 444
f 445 404 405
f 444 404 445
f 446 405 406
f 445 405 446
f 447 406 407
f 446 406 447
f 448 407 408
f 447 407 448
f 449 408 409
f 448 408 449
f 450 409 410
f 449 409 450
f 451 410 411
f 450 410 451
f 452 411 412
f 451 411 452
f 453 412 413
f 452 412 453
f 454 413 414
f 453 413 454
f 455 414 415
f 454 414 455
f 456 415 416
f 455 415 456
f 457 416 417
f 456 416 457
f 458 417 418
f 457 417 458
f 459 418 419
f 458 418 459
f 460 419 420
f 459 419 460
f 461 420 421
f 460 420 461
f 462 421 422
f 461 421 462
f 463 422 423
f 462 422 463
f 464 423 424
f 463 423 464
f 465 424 425
f 464 424 465
f 466 425 426
f 465 425 466
f 467 426 427
f 466 426 467
f 468 427 428
f 467 427 468
f 469 428 429
f 468 428 469
f 470 429 430
f 469 429 470
f 471 430 431
f 470 430 471
f 431 432 472
f 431 472 471
f 434 433 473
f 434 473 474
f 475 433 435
f 473 433 475
f 476 435 436
f 475 435 476
f 477 436 437
f 476 436 477
f 478 437 438
f 477 437 478
f 479 438 439
f 478 438 479
f 480 439 440
f 479 439 480
f 481 440 441
f 480 440 481
f 482 441 442
f 481 441 482
f 483 442 443
f 482 442 483
f 484 443 444
f 483 443 484
f 485 444 445
f 484 444 485
f 486 445 446
f 485 445 486
f 487 446 447
f 486 446 487
f 488 447 448
f 487 447 488
f 489 448 449
f 488 448 489
f 490 449 450
f 489 449 490
f 491 450 451
f 490 450 491
f 492 451 452
f 491 451 492
f 493 452 453
f 492 452 493
f 494 453 454
f 493 453 494
f 495 454 455
f 494 454 495
f 496 455 456
f 495 455 496
f 497 456 457
f 496 456 497
f 498 457 458
f 497 457 498
f 499 458 459
f 498 458 499
f 500 459 460
f 499 459 500
f 501 460 461
f 500 460 501
f 502 461 462
f 501 461 502
f 503 462 463
f 502 462 503
f 504 463 464
f 503 463 504
f 505 464 465
f 504 464 505
f 506 465 466
f 505 465 506
f 507 466 467
f 506 466 507
f 508 467 468
f 507 467 508
f 509 468 469
f 508 468 509
f 510 469 470
f 509 469 510
f 511 470 471
f 510 470 511
f 471 472 512
f 471 512 511
f 474 473 513
f 474 513 514
f 515 473 475
f 513 473 515
f 516 475 476
f 515 475 516
f 517 476 477
f 516 476 517
f 518 477 478
f 517 477 518
f 519 478 479
f 518 478 519
f 520 479 480
f 519 479 520
f 521 480 481
f 520 480 521
f 522 481 482
f 521 481 522
f 523 482 483
f 522 482 523
f 524 483 484
f 523 483 524
f 525 484 485
f 524 484 525
f 526 485 486
f 525 485 526
f 527 486 487
f 526 486 527
f 528 487 488
f 527 487 528
f 529 488 489
f 528 488 529
f 530 489 490
f 529 489 530
f 531 490 491
f 530 490 531
f 532 491 492
f 531 491 532
f 533 492 493
f 532 492 533
f 534 493 494
f 533 493 534
f 535 494 495
f 534 494 535
f 536 495 496
f 535 495 536
f 537 496 497
f 536 496 537
f 538 497 498
f 537 497 538
f 539 498 499
f 538 498 539
f 540 499 500
f 539 499 540
f 541 500 501
f 540 500 541
f 542 501 502
f 541 501 542
f 543 502 503
f 542 502 543
f 544 503 504
f 543 503 544
f 545 504 505
f 544 504 545
f 546 505 506
f 545 505 546
f 547 506 507
f 546 506 547
f 548 507 508
f 547 507 548
f 549 508 509
f 548 508 549
f 550 509 510
f 549 509 550
f 551 510 511
f 550 510 551
f 511 512 552
f 511 552 551
f 514 513 553
f 514 553 554
f 555 513 515
f 553 513 555
f 556 515 516
f 555 515 556
f 557 516 517
f 556 516 557
f 558 517 518
f 557 517 558
f 559 518 519
f 558 518 559
f 560 519 520
f 559 519 560
f 561 520 521
f 560 520 561
f 562 521 522
f 561 521 562
f 563 522 523
f 562 522 563
f 564 523 524
f 563 523 564
f 565 524 525
f 564 524 565
f 566 525 526
f 565 525 566
f 567 526 527
f 566 526 567
f 568 527 528
f 567 527 568
f 569 528 529
f 568 528 569
f 570 529 530
f 569 529 570
f 571 530 531
f 570 530 571
f 572 531 532
f 571 531 572
f 573 532 533
f 572 532 573
f 574 533 534
f 573 533 574
f 575 534 535
f 574 534 575
f 576 535 536
f 575 535 576
f 577 536 537
f 576 536 577
f 578 537 538
f 577 537 578
f 579 538 539
f 578 538 579
f 580 539 540
f 579 539 580
f 581 540 541
f 580 540 581
f 582 541 542
f 581 541 582
f 583 542 543
f 582 542 583
f 584 543 544
f 583 543 584
f 585 544 545
f 584 544 585
f 586 545 546
f 585 545 586
f 587 546 547
f 586 546 587
f 588 547 548
f 587 547 588
f 589 548 549
f 588 548 589
f 590 549 550
f 589 549 590
f 591 550 551
f 590 550 591
f 551 552 592
f 551 592 591
f 554 553 593
f 554 593 594
f 595 553 555
f 593 553 595
f 596 555 556
f 595 555 596
f 597 556 557
f 596 556 597
f 598 557 558
f 597 557 598
f 599 558 559
f 598 558 599
f 600 559 560
f 599 559 600
f 601 560 561
f 600 560 601
f 602 561 562
f 601 561 602
f 603 562 563
f 602 562 603
f 604 563 564
f 603 563 604
f 605 564 565
f 604 564 605
f 606 565 566
f 605 565 606
f 607 566 567
f 606 566 607
f 608 567 568
f 607 567 608
f 609 568 569
f 608 568 609
f 610 569 570
f 609 569 610
f 611 570 571
f 610 570 611
f 612 571 572
f 611 571 612
f 613 572 573
f 612 572 613
f 614 573 574
f 613 573 614
f 615 574 575
f 614 574 615
f 616 575 576
f 615 575 616
f 617 576 577
f 616 576 617
f 618 577 578
f 617 577 618
f 619 578 579
f 618 578 619
f 620 579 580
f 619 579 620
f 621 580 581
f 620 580 621
f 622 581 582
f 621 581 622
f 623 582 583
f 622 582 623
f 624 583 584
f 623 583 624
f 625 584 585
f 624 584 625
f 626 585 586
f 625 585 626
f 627 586 587
f 626 586 627
f 628 587 588
f 627 587 628
f 629 588 589
f 628 588 629
f 630 589 590
f 629 589 630
f 631 590 591
f 630 590 631
f 591 592 632
f 591 632 631
f 594 593 633
f 594 633 634
f 635 593 595
f 633 593 635
f 636 595 596
f 635 595 636
f 637 596 597
f 636 596 637
f 638 597 598
f 637 597 638
f 639 598 599
f 638 598 639
f 640 599 600
f 639 599 640
f 641 600 601
f 640 600 641
f 642 601 602
f 641 601 642
f 643 602 603
f 642 602 643
f 644 603 604
f 643 603 644
f 645 604 605
f 644 604 645
f 646 605 606
f 645 605 646
f 647 606 607
f 646 606 647
f 648 607 608
f 647 607 648
f 649 608 609
f 648 608 649
f 650 609 610
f 649 609 650
f 651 610 611
f 650 610 651
f 652 611 612
f 651 611 652
f 653 612 613
f 652 612 653
f 654 613 614
f 653 613 654
f 655 614 615
f 654 614 655
f 656 615 616
f 655 615 656
f 657 616 617
f 656 616 657
f 658 617 618
f 657 617 658
f 659 618 619
f 658 618 659
f 660 619 620
f 659 619 660
f 661 620 621
f 660 620 661
f 662 621 622
f 661 621 662
f 663 622 623
f 662 622 663
f 664 623 624
f 663 623 664
f 665 624 625
f 664 624 665
f 666 625 626
f 665 625 666
f 667 626 627
f 666 626 667
f 668 627 628
f 667 627 668
f 669 628 629
f 668 628 669
f 670 629 630
f 669 629 670
f 671 630 631
f 670 630 671
f 631 632 672
f 631 672 671
f 634 633 673
f 634 673 674
f 675 633 635
f 673 633 675
f 676 635 636
f 675 635 676
f 677 636 637
f 676 636 677
f 678 637 638
f 677 637 678
f 679 638 639
f 678 638 679
f 680 639 640
f 679 639 680
f 681 640 641
f 680 640 681
f 682 641 642
f 681 641 682
f 683 642 643
f 682 642 683
f 684 643 644
f 683 643 684
f 685 644 645
f 684 644 685
f 686 645 646
f 685 645 686
f 687 646 647
f 686 646 687
f 688 647 648
f 687 647 688
f 689 648 649
f 688 648 689
f 690 649 650
f 689 649 690
f 691 650 651
f 690 650 691
f 692 651 652
f 691 651 692
f 693 652 653
f 692 652 693
f 694 653 654
f 693 653 694
f 695 654 655
f 694 654 695
f 696 655 656
f 695 655 696
f 697 656 657
f 696 656 697
f 698 657 658
f 697 657 698
f 699 658 659
f 698 658 699
f 700 659 660
f 699 659 700
f 701 660 661
f 700 660 701
f 702 661 662
f 701 661 702
f 703 662 663
f 702 662 703
f 704 663 664
f 703 663 704
f 705 664 665
f 704 664 705
f 706 665 666
f 705 665 706
f 707 666 667
f 706 666 707
f 708 667 668
f 707 667 708
f 709 668 669
f 708 668 709
f 710 669 670
f 709 669 710
f 711 670 671
f 710 670 711
f 671 672 712
f 671 712 711
f 674 673 713
f 674 713 714
f 715 673 675
f 713 673 715
f 716 675 676
f 715 675 716
f 717 676 677
f 716 676 717
f 718 677 678
f 717 677 718
f 719 678 679
f 718 678 719
f 720 679 680
f 719 679 720
f 721 680 681
f 720 680 721
f 722 681 682
f 721 681 722
f 723 682 683
f 722 682 723
f 724 683 684
f 723 683 724
f 725 684 685
f 724 684 725
f 726 685 686
f 725 685 726
f 727 686 687
f 726 686 727
f 728 687 688
f 727 687 728
f 729 688 689
f 728 688 729
f 730 689 690
f 729 689 730
f 731 690 691
f 730 690 731
f 732 691 692
f 731 691 732
f 733 692 693
f 732 692 733
f 734 693 694
f 733 693 734
f 735 694 695
f 734 694 735
f 736 695 696
f 735 695 736
f 737 696 697
f 736 696 737
f 738 697 698
f 737 697 738
f 739 698 699
f 738 698 739
f 740 699 700
f 739 699 740
f 741 700 701
f 740 700 741
f 742 701 702
f 741 701 742
f 743 702 703
f 742 702 743
f 744 703 704
f 743 703 744
f 745 704 705
f 744 704 745
f 746 705 706
f 745 705 746
f 747 706 707
f 746 706 747
f 748 707 708
f 747 707 748
f 749 708 709
f 748 708 749
f 750 709 710
f 749 709 750
f 751 710 711
f 750 710 751
f 711 712 752
f 711 752 751
f 714 713 753
f 714 753 754
f 755 713 715
f 753 713 755
f 756 715 716
f 755 715 756
f 757 716 717
f 756 716 757
f 758 717 718
f 757 717 758
f 759 718 719
f 758 718 759
f 760 719 720
f 759 719 760
f 761 720 721
f 760 720 761
f 762 721 722
f 761 721 762
f 763 722 723
f 762 722 763
f 764 723 724
f 763 723 764
f 765 724 725
f 764 724 765
f 766 725 726
f 765 725 766
f 767 726 727
f 766 726 767
f 768 727 728
f 767 727 768
f 769 728 729
f 768 728 769
f 770 729 730
f 769 729 770
f 771 730 731
f 770 730 771
f 772 731 732
f 771 731 772
f 773 732 733
f 772 732 773
f 774 733 734
f 773 733 774
f 775 734 735
f 774 734 775
f 776 735 736
f 775 735 776
f 777 736 737
f 776 736 777
f 778 737 738
f 777 737 778
f 779 738 739
f 778 738 779
f 780 739 740
f 779 739 780
f 781 740 741
f 780 740 781
f 782 741 742
f 781 741 782
f 783 742 743
f 782 742 783
f 784 743 744
f 783 743 784
f 785 744 745
f 784 744 785
f 786 745 746
f 785 745 786
f 787 746 747
f 786 746 787
f 788 747 748
f 787 747 788
f 789 748 749
f 788 748 789
f 790 749 750
f 789 749 790
f 791 750 751
f 790 750 791
f 751 752 792
f 751 792 791
f 754 753 793
f 754 793 794
f 795 753 755
f 793 753 795
f 796 755 756
f 795 755 796
f 797 756 757
f 796 756 797
f 798 757 758
f 797 757 798
f 799 758 759
f 798 758 799
f 800 759 760
f 799 759 800
f 801 760 761
f 800 760 801
f 802 761 762
f 801 761 802
f 803 762 763
f 802 762 803
f 804 763 764
f 803 763 804
f 805 764 765
f 804 764 805
f 806 765 766
f 805 765 806
f 807 766 767
f 806 766 807
f 808 767 768
f 807 767 808
f 809 768 769
f 808 768 809
f 810 769 770
f 809 769 810
f 811 770 771
f 810 770 811
f 812 771 772
f 811 771 812
f 813 772 773
f 812 772 813
f 814 773 774
f 813 773 814
f 815 774 775
f 814 774 815
f 816 775 776
f 815 775 816
f 817 776 777
f 816 776 817
f 818 777 778
f 817 777 818
f 819 778 779
f 818 778 819
f 820 779 780
f 819 779 820
f 821 780 781
f 820 780 821
f 822 781 782
f 821 781 822
f 823 782 783
f 822 782 823
f 824 783 784
f 823 783 824
f 825 784 785
f 824 784 825
f 826 785 786
f 825 785 826
f 827 786 787
f 826 786 827
f 828 787 788
f 827 787 828
f 829 788 789
f 828 788 829
f 830 789 790
f 829 789 830
f 831 790 791
f 830 790 831
f 791 792 832
f 791 832 831
f 794 793 833
f 794 833 834
f 835 793 795
f 833 793 835
f 836 795 796
f 835 795 836
f 837 796 797
f 836 796 837
f 838 797 798
f 837 797 838
f 839 798 799
f 838 798 839
f 840 799 800
f 839 799 840
f 841 800 801
f 840 800 841
f 842 801 802
f 841 801 842
f 843 802 803
f 842 802 843
f 844 803 804
f 843 803 844
f 845 804 805
f 844 804 845
f 846 805 806
f 845 805 846
f 847 806 807
f 846 806 847
f 848 807 808
f 847 807 848
f 849 808 809
f 848 808 849
f 850 809 810
f 849 809 850
f 851 810 811
f 850 810 851
f 852 811 812
f 851 811 852
f 853 812 813
f 852 812 853
f 854 813 814
f 853 813 854
f 855 814 815
f 854 814 855
f 856 815 816
f 855 815 856
f 857 816 817
f 856 816 857
f 858 817 818
f 857 817 858
f 859 818 819
f 858 818 859
f 860 819 820
f 859 819 860
f 861 820 821
f 860 820 861
f 862 821 822
f 861 821 862
f 863 822 823
f 862 822 863
f 864 823 824
f 863 823 864
f 865 824 825
f 864 824 865
f 866 825 826
f 865 825 866
f 867 826 827
f 866 826 867
f 868 827 828
f 867 827 868
f 869 828 829
f 868 828 869
f 870 829 830
f 869 829 870
f 871 830 831
f 870 830 871
f 831 832 872
f 831 872 871
f 834 833 873
f 834 873 874
f 875 833 835
f 873 833 875
f 876 835 836
f 875 835 876
f 877 836 837
f 876 836 877
f 878 837 838
f 877 837 878
f 879 838 839
f 878 838 879
f 880 839 840
f 879 839 880
f 881 840 841
f 880 840 881
f 882 841 842
f 881 841 882
f 883 842 843
f 882 842 883
f 884 843 844
f 883 843 884
f 885 844 845
f 884 844 885
f 886 845 846
f 885 845 886
f 887 846 847
f 886 846 887
f 888 847 848
f 887 847 888
f 889 848 849
f 888 848 889
f 890 849 850
f 889 849 890
f 891 850 851
f 890 850 891
f 892 851 852
f 891 851 892
f 893 852 853
f 892 852 893
f 894 853 854
f 893 853 894
f 895 854 855
f 894 854 895
f 896 855 856
f 895 855 896
f 897 856 857
f 896 856 897
f 898 857 858
f 897 857 898
f 899 858 859
f 898 858 899
f 900 859 860
f 899 859 900
f 901 860 861
f 900 860 901
f 902 861 862
f 901 861 902
f 903 862 863
f 902 862 903
f 904 863 864
f 903 863 904
f 905 864 865
f 904 864 905
f 906 865 866
f 905 865 906
f 907 866 867
f 906 866 907
f 908 867 868
f 907 867 908
f 909 868 869
f 908 868 909
f 910 869 870
f 909 869 910
f 911 870 871
f 910 870 911
f 871 872 912
f 871 912 911
f 874 873 913
f 874 913 914
f 915 873 875
f 913 873 915
f 916 875 876
f 915 875 916
f 917 876 877
f 916 876 917
f 918 877 878
f 917 877 918
f 919 878 879
f 918 878 919
f 920 879 880
f 919 879 920
f 921 880 881
f 920 880 921
f 922 881 882
f 921 881 922
f 923 882 883
f 922 882 923
f 924 883 884
f 923 883 924
f 925 884 885
f 924 884 925
f 926 885 886
f 925 885 926
f 927 886 887
f 926 886 927
f 928 887 888
f 927 887 928
f 929 888 889
f 928 888 929
f 930 889 890
f 929 889 930
f 931 890 891
f 930 890 931
f 932 891 892
f 931 891 932
f 933 892 893
f 932 892 933
f 934 893 894
f 933 893 934
f 935 894 895
f 934 894 935
f 936 895 896
f 935 895 936
f 937 896 897
f 936 896 937
f 938 897 898
f 937 897 938
f 939 898 899
f 938 898 939
f 940 899 900
f 939 899 940
f 941 900 901
f 940 900 941
f 942 901 902
f 941 901 942
f 943 902 903
f 942 902 943
f 944 903 904
f 943 903 944
f 945 904 905
f 944 904 945
f 946 905 906
f 945 905 946
f 947 906 907
f 946 906 947
f 948 907 908
f 947 907 948
f 949 908 909
f 948 908 949
f 950 909 910
f 949 909 950
f 951 910 911
f 950 910 951
f 911 912 952
f 911 952 951
f 914 913 953
f 914 953 954
f 955 913 915
f 953 913 955
f 956 915 916
f 955 915 956
f 957 916 917
f 956 916 957
f 958 917 918
f 957 917 958
f 959 918 919
f 958 918 959
f 960 919 920
f 959 919 960
f 961 920 921
f 960 920 961
f 962 921 922
f 961 921 962
f 963 922 923
f 962 922 963
f 964 923 924
f 963 923 964
f 965 924 925
f 964 924 965
f 966 925 926
f 965 925 966
f 967 926 927
f 966 926 967
f 968 927 928
f 967 927 968
f 969 928 929
f 968 928 969
f 970 929 930
f 969 929 970
f 971 930 931
f 970 930 971
f 972 931 932
f 971 931 972
f 973 932 933
f 972 932 973
f 974 933 934
f 973 933 974
f 975 934 935
f 974 934 975
f 976 935 936
f 975 935 976
f 977 936 937
f 976 936 977
f 978 937 938
f 977 937 978
f 979 938 939
f 978 938 979
f 980 939 940
f 979 939 980
f 981 940 941
f 980 940 981
f 982 941 942
f 981 941 982
f 983 942 943
f 982 942 983
f 984 943 944
f 983 943 984
f 985 944 945
f 984 944 985
f 986 945 946
f 985 945 986
f 987 946 947
f 986 946 987
f 988 947 948
f 987 947 988
f 989 948 949
f 988 948 989
f 990 949 950
f 989 949 990
f 991 950 951
f 990 950 991
f 951 952 992
f 951 992 991
f 954 953 993
f 954 993 994
f 995 953 955
f 993 953 995
f 996 955 956
f 995 955 996
f 997 956 957
f 996 956 997
f 998 957 958
f 997 957 998
f 999 958 959
f 998 958 999
f 1000 959 960
f 999 959 1000
f 1001 960 961
f 1000 960 1001
f 1002 961 962
f 1001 961 1002
f 1003 962 963
f 1002 962 1003
f 1004 963 964
f 1003 963 1004
f 1005 964 965
f 1004 964 1005
f 1006 965 966
f 1005 965 1006
f 1007 966 967
f 1006 966 1007
f 1008 967 968
f 1007 967 1008
f 1009 968 969
f 1008 968 1009
f 1010 969 970
f 1009 969 1010
f 1011 970 971
f 1010 970 1011
f 1012 971 972
f 1011 971 1012
f 1013 972 973
f 1012 972 1013
f 1014 973 974
f 1013 973 1014
f 1015 974 975
f 1014 974 1015
f 1016 975 976
f 1015 975 1016
f 1017 976 977
f 1016 976 1017
f 1018 977 978
f 1017 977 1018
f 1019 978 979
f 1018 978 1019
f 1020 979 980
f 1019 979 1020
f 1021 980 981
f 1020 980 1021
f 1022 981 982
f 1021 981 1022
f 1023 982 983
f 1022 982 1023
f 1024 983 984
f 1023 983 1024
f 1025 984 985
f 1024 984 1025
f 1026 985 986
f 1025 985 1026
f 1027 986 987
f 1026 986 1027
f 1028 987 988
f 1027 987 1028
f 1029 988 989
f 1028 988 1029
f 1030 989 990
f 1029 989 1030
f 1031 990 991
f 1030 990 1031
f 991 992 1032
f 991 1032 1031
f 994 993 1033
f 994 1033 1034
f 1035 993 995
f 1033 993 1035
f 1036 995 996
f 1035 995 1036
f 1037 996 997
f 1036 996 1037
f 1038 997 998
f 1037 997 1038
f 1039 998 999
f 1038 998 1039
f 1040 999 1000
f 1039 999 1040
f 1041 1000 1001
f 1040 1000 1041
f 1042 1001 1002
f 1041 1001 1042
f 1043 1002 1003
f 1042 1002 1043
f 1044 1003 1004
f 1043 1003 1044
f 1045 1004 1005
f 1044 1004 1045
f 1046 1005 1006
f 1045 1005 1046
f 1047 1006 1007
f 1046 1006 1047
f 1048 1007 1008
f 1047 1007 1048
f 1049 1008 1009
f 1048 1008 1049
f 1050 1009 1010
f 1049 1009 1050
f 1051 1010 1011
f 1050 1010 1051
f 1052 1011 1012
f 1051 1011 1052
f 1053 1012 1013
f 1052 1012 1053
f 1054 1013 1014
f 1053 1013 1054
f 1055 1014 1015
f 1054 1014 1055
f 1056 1015 1016
f 1055 1015 1056
f 1057 1016 1017
f 1056 1016 1057
f 1058 1017 1018
f 1057 1017 1058
f 1059 1018 1019
f 1058 1018 1059
f 1060 1019 1020
f 1059 1019 1060
f 1061 1020 1021
f 1060 1020 1061
f 1062 1021 1022
f 1061 1021 1062
f 1063 1022 1023
f 1062 1022 1063
f 1064 1023 1024
f 1063 1023 1064
f 1065 1024 1025
f 1064 1024 1065
f 1066 1025 1026
f 1065 1025 1066
f 1067 1026 1027
f 1066 1026 1067
f 1068 1027 1028
f 1067 1027 1068
f 1069 1028 1029
f 1068 1028 1069
f 1070 1029 1030
f 1069 1029 1070
f 1071 1030 1031
f 1070 1030 1071
f 1031 1032 1072
f 1031 1072 1071
f 1034 1033 1073
f 1034 1073 1074
f 1075 1033 1035
f 1073 1033 1075
f 1076 1035 1036
f 1075 1035 1076
f 1077 1036 1037
f 1076 1036 1077
f 1078 1037 1038
f 1077 1037 1078
f 1079 1038 1039
f 1078 1038 1079
f 1080 1039 1040
f 1079 1039 1080
f 1081 1040 1041
f 1080 1040 1081
f 1082 1041 1042
f 1081 1041 1082
f 1083 1042 1043
f 1082 1042 1083
f 1084 1043 1044
f 1083 1043 1084
f 1085 1044 1045
f 1084 1044 1085
f 1086 1045 1046
f 1085 1045 1086
f 1087 1046 1047
f 1086 1046 1087
f 1088 1047 1048
f 1087 1047 1088
f 1089 1048 1049
f 1088 1048 1089
f 1090 1049 1050
f 1089 1049 1090
f 1091 1050 1051
f 1090 1050 1091
f 1092 1051 1052
f 1091 1051 1092
f 1093 1052 1053
f 1092 1052 1093
f 1094 1053 1054
f 1093 1053 1094
f 1095 1054 1055
f 1094 1054 1095
f 1096 1055 1056
f 1095 1055 1096
f 1097 1056 1057
f 1096 1056 1097
f 1098 1057 1058
f 1097 1057 1098
f 1099 1058 1059
f 1098 1058 1099
f 1100 1059 1060
f 1099 1059 1100
f 1101 1060 1061
f 1100 1060 1101
f 1102 1061 1062
f 1101 1061 1102
f 1103 1062 1063
f 1102 1062 1103
f 1104 1063 1064
f 1103 1063 1104
f 1105 1064 1065
f 1104 1064 1105
f 1106 1065 1066
f 1105 1065 1106
f 1107 1066 1067
f 1106 1066 1107
f 1108 1067 1068
f 1107 1067 1108
f 1109 1068 1069
f 1108 1068 1109
f 1110 1069 1070
f 1109 1069 1110
f 1111 1070 1071
f 1110 1070 1111
f 1071 1072 1112
f 1071 1112 1111
f 1074 1073 1113
f 1074 1113 1114
f 1115 1073 1075
f 1113 1073 1115
f 1116 1075 1076
f 1115 1075 1116
f 1117 1076 1077
f 1116 1076 1117
f 1118 1077 1078
f 1117 1077 1118
f 1119 1078 1079
f 1118 1078 1119
f 1120 1079 1080
f 1119 1079 1120
f 1121 1080 1081
f 1120 1080 1121
f 1122 1081 1082
f 1121 1081 1122
f 1123 1082 1083
f 1122 1082 1123
f 1124 1083 1084
f 1123 1083 1124
f 1125 1084 1085
f 1124 1084 1125
f 1126 1085 1086
f 1125 1085 1126
f 1127 1086 1087
f 1126 1086 1127
f 1128 1087 1088
f 1127 1087 1128
f 1129 1088 1089
f 1128 1088 1129
f 1130 1089 1090
f 1129 1089 1130
f 1131 1090 1091
f 1130 1090 1131
f 1132 1091 1092
f 1131 1091 1132
f 1133 1092 1093
f 1132 1092 1133
f 1134 1093 1094
f 1133 1093 1134
f 1135 1094 1095
f 1134 1094 1135
f 1136 1095 1096
f 1135 1095 1136
f 1137 1096 1097
f 1136 1096 1137
f 1138 1097 1098
f 1137 1097 1138
f 1139 1098 1099
f 1138 1098 1139
f 1140 1099 1100
f 1139 1099 1140
f 1141 1100 1101
f 1140 1100 1141
f 1142 1101 1102
f 1141 1101 1142
f 1143 1102 1103
f 1142 1102 1143
f 1144 1103 1104
f 1143 1103 1144
f 1145 1104 1105
f 1144 1104 1145
f 1146 1105 1106
f 1145 1105 1146
f 1147 1106 1107
f 1146 1106 1147
f 1148 1107 1108
f 1147 1107 1148
f 1149 1108 1109
f 1148 1108 1149
f 1150 1109 1110
f 1149 1109 1150
f 1151 1110 1111
f 1150 1110 1151
f 1111 1112 1152
f 1111 1152 1151
f 1114 1113 1153
f 1114 1153 1154
f 1155 1113 1115
f 1153 1113 1155
f 1156 1115 1116
f 1155 1115 1156
f 1157 1116 1117
f 1156 1116 1157
f 1158 1117 1118
f 1157 1117 1158
f 1159 1118 1119
f 1158 1118 1159
f 1160 1119 1120
f 1159 1119 1160
f 1161 1120 1121
f 1160 1120 1161
f 1162 1121 1122
f 1161 1121 1162
f 1163 1122 1123
f 1162 1122 1163
f 1164 1123 1124
f 1163 1123 1164
f 1165 1124 1125
f 1164 1124 1165
f 1166 1125 1126
f 1165 1125 1166
f 1167 1126 1127
f 1166 1126 1167
f 1168 1127 1128
f 1167 1127 1168
f 1169 1128 1129
f 1168 1128 1169
f 1170 1129 1130
f 1169 1129 1170
f 1171 1130 1131
f 1170 1130 1171
f 1172 1131 1132
f 1171 1131 1172
f 1173 1132 1133
f 1172 1132 1173
f 1174 1133 1134
f 1173 1133 1174
f 1175 1134 1135
f 1174 1134 1175
f 1176 1135 1136
f 1175 1135 1176
f 1177 1136 1137
f 1176 1136 1177
f 1178 1137 1138
f 1177 1137 1178
f 1179 1138 1139
f 1178 1138 1179
f 1180 1139 1140
f 1179 1139 1180
f 1181 1140 1141
f 1180 1140 1181
f 1182 1141 1142
f 1181 1141 1182
f 1183 1142 1143
f 1182 1142 1183
f 1184 1143 1144
f 1183 1143 1184
f 1185 1144 1145
f 1184 1144 1185
f 1186 1145 1146
f 1185 1145 1186
f 1187 1146 1147
f 1186 1146 1187
f 1188 1147 1148
f 1187 1147 1188
f 1189 1148 1149
f 1188 1148 1189
f 1190 1149 1150
f 1189 1149 1190
f 1191 1150 1151
f 1190 1150 1191
f 1151 1152 1192
f 1151 1192 1191
f 1154 1153 1193
f 1154 1193 1194
f 1195 1153 1155
f 1193 1153 1195
f 1196 1155 1156
f 1195 1155 1196
f 1197 1156 1157
f 1196 1156 1197
f 1198 1157 1158
f 1197 1157 1198
f 1199 1158 1159
f 1198 1158 1199
f 1200 1159 1160
f 1199 1159 1200
f 1201 1160 1161
f 1200 1160 1201
f 1202 1161 1162
f 1201 1161 1202
f 1203 1162 1163
f 1202 1162 1203
f 1204 1163 1164
f 1203 1163 1204
f 1205 1164 1165
f 1204 1164 1205
f 1206 1165 1166
f 1205 1165 1206
f 1207 1166 1167
f 1206 1166 1207
f 1208 1167 1168
f 1207 1167 1208
f 1209 1168 1169
f 1208 1168 1209
f 1210 1169 1170
f 1209 1169 1210
f 1211 1170 1171
f 1210 1170 1211
f 1212 1171 1172
f 1211 1171 1212
f 1213 1172 1173
f 1212 1172 1213
f 1214 1173 1174
f 1213 1173 1214
f 1215 1174 1175
f 1214 1174 1215
f 1216 1175 1176
f 1215 1175 1216
f 1217 1176 1177
f 1216 1176 1217
f 1218 1177 1178
f 1217 1177 1218
f 1219 1178 1179
f 1218 1178 1219
f 1220 1179 1180
f 1219 1179 1220
f 1221 1180 1181
f 1220 1180 1221
f 1222 1181 1182
f 1221 1181 1222
f 1223 1182 1183
f 1222 1182 1223
f 1224 1183 1184
f 1223 1183 1224
f 1225 1184 1185
f 1224 1184 1225
f 1226 1185 1186
f 1225 1185 1226
f 1227 1186 1187
f 1226 1186 1227
f 1228 1187 1188
f 1227 1187 1228
f 1229 1188 1189
f 1228 1188 1229
f 1230 1189 1190
f 1229 1189 1230
f 1231 1190 1191
f 1230 1190 1231
f 1191 1192 1232
f 1191 1232 1231
f 1194 1193 1233
f 1194 1233 1234
f 1235 1193 1195
f 1233 1193 1235
f 1236 1195 1196
f 1235 1195 1236
f 1237 1196 1197
f 1236 1196 1237
f 1238 1197 1198
f 1237 1197 1238
f 1239 1198 1199
f 1238 1198 1239
f 1240 1199 1200
f 1239 1199 1240
f 1241 1200 1201
f 1240 1200 1241
f 1242 1201 1202
f 1241 1201 1242
f 1243 1202 1203
f 1242 1202 1243
f 1244 1203 1204
f 1243 1203 1244
f 1245 1204 1205
f 1244 1204 1245
f 1246 1205 1206
f 1245 1205 1246
f 1247 1206 1207
f 1246 1206 1247
f 1248 1207 1208
f 1247 1207 1248
f 1249 1208 1209
f 1248 1208 1249
f 1250 1209 1210
f 1249 1209 1250
f 1251 1210 1211
f 1250 1210 1251
f 1252 1211 1212
f 1251 1211 1252
f 1253 1212 1213
f 1252 1212 1253
f 1254 1213 1214
f 1253 1213 1254
f 1255 1214 1215
f 1254 1214 1255
f 1256 1215 1216
f 1255 1215 1256
f 1257 1216 1217
f 1256 1216 1257
f 1258 1217 1218
f 1257 1217 1258
f 1259 1218 1219
f 1258 1218 1259
f 1260 1219 1220
f 1259 1219 1260
f 1261 1220 1221
f 1260 1220 1261
f 1262 1221 1222
f 1261 1221 1262
f 1263 1222 1223
f 1262 1222 1263
f 1264 1223 1224
f 1263 1223 1264
f 1265 1224 1225
f 1264 1224 1265
f 1266 1225 1226
f 1265 1225 1266
f 1267 1226 1227
f 1266 1226 1267
f 1268 1227 1228
f 1267 1227 1268
f 1269 1228 1229
f 1268 1228 1269
f 1270 1229 1230
f 1269 1229 1270
f 1271 1230 1231
f 1270 1230 1271
f 1231 1232 1272
f 1231 1272 1271
f 1234 1233 1273
f 1234 1273 1274
f 1275 1233 1235
f 1273 1233 1275
f 1276 1235 1236
f 1275 1235 1276
f 1277 1236 1237
f 1276 1236 1277
f 1278 1237 1238
f 1277 1237 1278
f 1279 1238 1239
f 1278 1238 1279
f 1280 1239 1240
f 1279 1239 1280
f 1281 1240 1241
f 1280 1240 1281
f 1282 1241 1242
f 1281 1241 1282
f 1283 1242 1243
f 1282 1242 1283
f 1284 1243 1244
f 1283 1243 1284
f 1285 1244 1245
f 1284 1244 1285
f 1286 1245 1246
f 1285 1245 1286
f 1287 1246 1247
f 1286 1246 1287
f 1288 1247 1248
f 1287 1247 1288
f 1289 1248 1249
f 1288 1248 1289
f 1290 1249 1250
f 1289 1249 1290
f 1291 1250 1251
f 1290 1250 1291
f 1292 1251 1252
f 1291 1251 1292
f 1293 1252 1253
f 1292 1252 1293
f 1294 1253 1254
f 1293 1253 1294
f 1295 1254 1255
f 1294 1254 1295
f 1296 1255 1256
f 1295 1255 1296
f 1297 1256 1257
f 1296 1256 1297
f 1298 1257 1258
f 1297 1257 1298
f 1299 1258 1259
f 1298 1258 1299
f 1300 1259 1260
f 1299 1259 1300
f 1301 1260 1261
f 1300 1260 1301
f 1302 1261 1262
f 1301 1261 1302
f 1303 1262 1263
f 1302 1262 1303
f 1304 1263 1264
f 1303 1263 1304
f 1305 1264 1265
f 1304 1264 1305
f 1306 1265 1266
f 1305 1265 1306
f 1307 1266 1267
f 1306 1266 1307
f 1308 1267 1268
f 1307 1267 1308
f 1309 1268 1269
f 1308 1268 1309
f 1310 1269 1270
f 1309 1269 1310
f 1311 1270 1271
f 1310 1270 1311
f 1271 1272 1312
f 1271 1312 1311
f 1313 1274 1273
f 1315 1314 1313
f 1273 1315 1313
f 1275 1315 1273
f 1316 1275 1276
f 1315 1275 1316
f 1317 1276 1277
f 1316 1276 1317
f 1318 1277 1278
f 1317 1277 1318
f 1319 1278 1279
f 1318 1278 1319
f 1320 1279 1280
f 1319 1279 1320
f 1321 1280 1281
f 1320 1280 1321
f 1322 1281 1282
f 1321 1281 1322
f 1323 1282 1283
f 1322 1282 1323
f 1324 1283 1284
f 1323 1283 1324
f 1325 1284 1285
f 1324 1284 1325
f 1326 1285 1286
f 1325 1285 1326
f 1327 1286 1287
f 1326 1286 1327
f 1328 1287 1288
f 1327 1287 1328
f 1329 1288 1289
f 1328 1288 1329
f 1330 1289 1290
f 1329 1289 1330
f 1331 1290 1291
f 1330 1290 1331
f 1332 1291 1292
f 1331 1291 1332
f 1333 1292 1293
f 1332 1292 1333
f 1334 1293 1294
f 1333 1293 1334
f 1335 1294 1295
f 1334 1294 1335
f 1336 1295 1296
f 1335 1295 1336
f 1337 1296 1297
f 1336 1296 1337
f 1338 1297 1298
f 1337 1297 1338
f 1339 1298 1299
f 1338 1298 1339
f 1340 1299 1300
f 1339 1299 1340
f 1341 1300 1301
f 1340 1300 1341
f 1342 1301 1302
f 1341 1301 1342
f 1343 1302 1303
f 1342 1302 1343
f 1344 1303 1304
f 1343 1303 1344
f 1345 1304 1305
f 1344 1304 1345
f 1346 1305 1306
f 1345 1305 1346
f 1347 1306 1307
f 1346 1306 1347
f 1348 1307 1308
f 1347 1307 1348
f 1349 1308 1309
f 1348 1308 1349
f 1350 1309 1310
f 1349 1309 1350
f 1311 1352 1351
f 1350 1311 1351
f 1310 1311 1350
f 1352 1311 1312
f 1353 1314 1315
f 1355 1354 1353
f 1315 1355 1353
f 1316 1355 1315
f 1356 1316 1317
f 1355 1316 1356
f 1357 1317 1318
f 1356 1317 1357
f 1358 1318 1319
f 1357 1318 1358
f 1359 1319 1320
f 1358 1319 1359
f 1360 1320 1321
f 1359 1320 1360
f 1361 1321 1322
f 1360 1321 1361
f 1362 1322 1323
f 1361 1322 1362
f 1363 1323 1324
f 1362 1323 1363
f 1364 1324 1325
f 1363 1324 1364
f 1365 1325 1326
f 1364 1325 1365
f 1366 1326 1327
f 1365 1326 1366
f 1367 1327 1328
f 1366 1327 1367
f 1368 1328 1329
f 1367 1328 1368
f 1369 1329 1330
f 1368 1329 1369
f 1370 1330 1331
f 1369 1330 1370
f 1371 1331 1332
f 1370 1331 1371
f 1372 1332 1333
f 1371 1332 1372
f 1373 1333 1334
f 1372 1333 1373
f 1374 1334 1335
f 1373 1334 1374
f 1375 1335 1336
f 1374 1335 1375
f 1376 1336 1337
f 1375 1336 1376
f 1377 1337 1338
f 1376 1337 1377
f 1378 1338 1339
f 1377 1338 1378
f 1379 1339 1340
f 1378 1339 1379
f 1380 1340 1341
f 1379 1340 1380
f 1381 1341 1342
f 1380 1341 1381
f 1382 1342 1343
f 1381 1342 1382
f 1383 1343 1344
f 1382 1343 1383
f 1384 1344 1345
f 1383 1344 1384
f 1385 1345 1346
f 1384 1345 1385
f 1386 1346 1347
f 1385 1346 1386
f 1387 1347 1348
f 1386 1347 1387
f 1388 1348 1349
f 1387 1348 1388
f 1350 1390 1389
f 1388 1350 1389
f 1349 1350 1388
f 1390 1350 1351
f 1391 1354 1355
f 1391 1355 1356
f 1391 1356 1392
f 1392 1356 1357
f 1392 1357 1393
f 1393 1357 1358
f 1393 1358 1394
f 1394 1358 1359
f 1394 1359 1395
f 1395 1359 1360
f 1395 1360 1396
f 1396 1360 1361
f 1396 1361 1397
f 1397 1361 1362
f 1397 1362 1398
f 1398 1362 1363
f 1398 1363 1399
f 1399 1363 1364
f 1399 1364 1400
f 1400 1364 1365
f 1400 1365 1401
f 1401 1365 1366
f 1401 1366 1402
f 1402 1366 1367
f 1402 1367 1403
f 1403 1367 1368
f 1403 1368 1404
f 1404 1368 1369
f 1404 1369 1405
f 1405 1369 1370
f 1405 1370 1406
f 1406 1370 1371
f 1406 1371 1407
f 1407 1371 1372
f 1407 1372 1408
f 1408 1372 1373
f 1408 1373 1409
f 1409 1373 1374
f 1409 1374 1410
f 1410 1374 1375
f 1410 1375 1411
f 1411 1375 1376
f 1411 1376 1412
f 1412 1376 1377
f 1412 1377 1413
f 1413 1377 1378
f 1413 1378 1414
f 1414 1378 1379
f 1414 1379 1415
f 1415 1379 1380
f 1415 1380 1416
f 1416 1380 1381
f 1416 1381 1417
f 1417 1381 1382
f 1417 1382 1418
f 1418 1382 1383
f 1418 1383 1419
f 1419 1383 1384
f 1419 1384 1420
f 1420 1384 1385
f 1420 1385 1421
f 1421 1385 1386
f 1421 1386 1422
f 1422 1386 1387
f 1422 1387 1423
f 1423 1387 1388
f 1423 1388 1424
f 1424 1388 1389
f 1427 1426 1425
f 1429 1428 1425
f 1429 1425 1426
f 1431 1430 1428
f 1431 1428 1429
f 1433 1432 1430
f 1433 1430 1431
f 1435 1434 1432
f 1435 1432 1433
f 1437 1436 1434
f 1437 1434 1435
f 1439 1438 1436
f 1439 1436 1437
f 1441 1440 1438
f 1441 1438 1439
f 1443 1442 1440
f 1443 1440 1441
f 1445 1444 1442
f 1445 1442 1443
f 1447 1446 1444
f 1447 1444 1445
f 1449 1448 1446
f 1449 1446 1447
f 1451 1450 1448
f 1451 1448 1449
f 1453 1452 1450
f 1453 1450 1451
f 1455 1454 1452
f 1455 1452 1453
f 1457 1456 1454
f 1457 1454 1455
f 1459 1458 1456
f 1459 1456 1457
f 1461 1460 1458
f 1461 1458 1459
f 1463 1462 1460
f 1463 1460 1461
f 1465 1464 1462
f 1465 1462 1463
f 1467 1466 1464
f 1467 1464 1465
f 1469 1468 1466
f 1469 1466 1467
f 1471 1470 1468
f 1471 1468 1469
f 1473 1472 1470
f 1473 1470 1471
f 1475 1474 1472
f 1475 1472 1473
f 1477 1476 1474
f 1477 1474 1475
f 1479 1478 1476
f 1479 1476 1477
f 1481 1480 1478
f 1481 1478 1479
f 1483 1482 1480
f 1483 1480 1481
f 1485 1484 1482
f 1485 1482 1483
f 1487 1486 1484
f 1487 1484 1485
f 1489 1488 1486
f 1489 1486 1487
f 1491 1490 1488
f 1491 1488 1489
f 1493 1492 1490
f 1493 1490 1491
f 1494 1492 1493
f 1497 1496 1495
f 1499 1498 1495
f 1499 1495 1496
f 1498 1499 1427
f 1498 1427 1425
f 3 1498 1425
f 2 3 1425
f 2 1425 5
f 5 1425 1428
f 5 1428 7
f 7 1428 1430
f 7 1430 9
f 9 1430 1432
f 9 1432 11
f 11 1432 1434
f 11 1434 13
f 13 1434 1436
f 13 1436 15
f 15 1436 1438
f 15 1438 17
f 17 1438 1440
f 17 1440 19
f 19 1440 1442
f 19 1442 21
f 21 1442 1444
f 21 1444 23
f 23 1444 1446
f 23 1446 25
f 25 1446 1448
f 25 1448 27
f 27 1448 1450
f 27 1450 29
f 29 1450 1452
f 29 1452 31
f 31 1452 1454
f 31 1454 33
f 33 1454 1456
f 33 1456 35
f 35 1456 1458
f 35 1458 37
f 37 1458 1460
f 37 1460 39
f 39 1460 1462
f 39 1462 41
f 41 1462 1464
f 41 1464 43
f 43 1464 1466
f 43 1466 45
f 45 1466 1468
f 45 1468 47
f 47 1468 1470
f 47 1470 49
f 49 1470 1472
f 49 1472 51
f 51 1472 1474
f 51 1474 53
f 53 1474 1476
f 53 1476 55
f 55 1476 1478
f 55 1478 57
f 57 1478 1480
f 57 1480 59
f 59 1480 1482
f 59 1482 61
f 61 1482 1484
f 61 1484 63
f 63 1484 1486
f 63 1486 65
f 65 1486 1488
f 65 1488 67
f 67 1488 1490
f 67 1490 69
f 69 1490 1492
f 1501 1500 70
f 1501 70 69
f 1494 1501 69
f 1492 1494 69
f 1503 1502 1500
f 1503 1500 1501
f 1504 1502 1503
f 1497 1495 1505
f 1497 1505 1506
f 73 1505 72
f 1505 1498 72
f 1505 1495 1498
f 72 1498 3
f 1500 108 70
f 108 1500 110
f 1500 1507 110
f 1500 1502 1507
f 1502 1504 1508
f 1502 1508 1507
f 1511 1510 1509
f 1509 1510 1506
f 1509 1506 1505
f 113 1509 1505
f 112 113 1505
f 112 1505 73
f 1507 150 110
f 1513 1512 152
f 1513 152 150
f 1508 1513 150
f 1507 1508 150
f 1514 1512 1513
f 1511 1509 1515
f 1511 1515 1516
f 154 1515 113
f 113 1515 1509
f 1517 192 1512
f 1512 192 152
f 1512 1514 1518
f 1512 1518 1517
f 1516 1515 1519
f 1516 1519 1520
f 194 1519 154
f 154 1519 1515
f 1521 232 1517
f 1517 232 192
f 1517 1518 1522
f 1517 1522 1521
f 1520 1519 1523
f 1520 1523 1524
f 234 1523 194
f 194 1523 1519
f 1525 272 1521
f 1521 272 232
f 1521 1522 1526
f 1521 1526 1525
f 1524 1523 1527
f 1524 1527 1528
f 274 1527 234
f 234 1527 1523
f 1529 312 1525
f 1525 312 272
f 1525 1526 1530
f 1525 1530 1529
f 1528 1527 1531
f 1528 1531 1532
f 314 1531 274
f 274 1531 1527
f 1533 352 1529
f 1529 352 312
f 1529 1530 1534
f 1529 1534 1533
f 1532 1531 1535
f 1532 1535 1536
f 354 1535 314
f 314 1535 1531
f 1537 392 1533
f 1533 392 352
f 1533 1534 1538
f 1533 1538 1537
f 1536 1535 1539
f 1536 1539 1540
f 394 1539 354
f 354 1539 1535
f 1541 432 1537
f 1537 432 392
f 1537 1538 1542
f 1537 1542 1541
f 1540 1539 1543
f 1540 1543 1544
f 434 1543 394
f 394 1543 1539
f 1545 472 1541
f 1541 472 432
f 1541 1542 1546
f 1541 1546 1545
f 1544 1543 1547
f 1544 1547 1548
f 474 1547 434
f 434 1547 1543
f 1549 512 1545
f 1545 512 472
f 1545 1546 1550
f 1545 1550 1549
f 1548 1547 1551
f 1548 1551 1552
f 514 1551 474
f 474 1551 1547
f 1553 552 1549
f 1549 552 512
f 1549 1550 1554
f 1549 1554 1553
f 1552 1551 1555
f 1552 1555 1556
f 554 1555 514
f 514 1555 1551
f 1557 592 1553
f 1553 592 552
f 1553 1554 1558
f 1553 1558 1557
f 1556 1555 1559
f 1556 1559 1560
f 594 1559 554
f 554 1559 1555
f 1561 632 1557
f 1557 632 592
f 1557 1558 1562
f 1557 1562 1561
f 1560 1559 1563
f 1560 1563 1564
f 634 1563 594
f 594 1563 1559
f 1565 672 1561
f 1561 672 632
f 1561 1562 1566
f 1561 1566 1565
f 1564 1563 1567
f 1564 1567 1568
f 674 1567 634
f 634 1567 1563
f 1569 712 1565
f 1565 712 672
f 1565 1566 1570
f 1565 1570 1569
f 1568 1567 1571
f 1568 1571 1572
f 714 1571 674
f 674 1571 1567
f 1573 752 1569
f 1569 752 712
f 1569 1570 1574
f 1569 1574 1573
f 1572 1571 1575
f 1572 1575 1576
f 754 1575 714
f 714 1575 1571
f 1577 792 1573
f 1573 792 752
f 1573 1574 1578
f 1573 1578 1577
f 1576 1575 1579
f 1576 1579 1580
f 794 1579 754
f 754 1579 1575
f 1581 832 1577
f 1577 832 792
f 1577 1578 1582
f 1577 1582 1581
f 1580 1579 1583
f 1580 1583 1584
f 834 1583 794
f 794 1583 1579
f 1585 872 1581
f 1581 872 832
f 1581 1582 1586
f 1581 1586 1585
f 1584 1583 1587
f 1584 1587 1588
f 874 1587 834
f 834 1587 1583
f 1589 912 1585
f 1585 912 872
f 1585 1586 1590
f 1585 1590 1589
f 1588 1587 1591
f 1588 1591 1592
f 914 1591 874
f 874 1591 1587
f 1593 952 1589
f 1589 952 912
f 1589 1590 1594
f 1589 1594 1593
f 1592 1591 1595
f 1592 1595 1596
f 954 1595 914
f 914 1595 1591
f 1597 992 1593
f 1593 992 952
f 1593 1594 1598
f 1593 1598 1597
f 1596 1595 1599
f 1596 1599 1600
f 994 1599 954
f 954 1599 1595
f 1601 1032 1597
f 1597 1032 992
f 1597 1598 1602
f 1597 1602 1601
f 1600 1599 1603
f 1600 1603 1604
f 1034 1603 994
f 994 1603 1599
f 1605 1072 1601
f 1601 1072 1032
f 1601 1602 1606
f 1601 1606 1605
f 1604 1603 1607
f 1604 1607 1608
f 1074 1607 1034
f 1034 1607 1603
f 1609 1112 1605
f 1605 1112 1072
f 1605 1606 1610
f 1605 1610 1609
f 1608 1607 1611
f 1608 1611 1612
f 1114 1611 1074
f 1074 1611 1607
f 1613 1152 1609
f 1609 1152 1112
f 1609 1610 1614
f 1609 1614 1613
f 1612 1611 1615
f 1612 1615 1616
f 1154 1615 1114
f 1114 1615 1611
f 1617 1192 1613
f 1613 1192 1152
f 1613 1614 1618
f 1613 1618 1617
f 1616 1615 1619
f 1616 1619 1620
f 1194 1619 1154
f 1154 1619 1615
f 1621 1232 1617
f 1617 1232 1192
f 1617 1618 1622
f 1617 1622 1621
f 1620 1619 1623
f 1620 1623 1624
f 1234 1623 1194
f 1194 1623 1619
f 1625 1272 1621
f 1621 1272 1232
f 1621 1622 1626
f 1621 1626 1625
f 1624 1623 1627
f 1624 1627 1628
f 1274 1627 1234
f 1234 1627 1623
f 1629 1312 1625
f 1625 1312 1272
f 1625 1626 1630
f 1625 1630 1629
f 1631 1628 1627
f 1633 1631 1632
f 1632 1631 1313
f 1631 1627 1313
f 1627 1274 1313
f 1314 1632 1313
f 1634 1351 1352
f 1635 1634 1352
f 1635 1352 1312
f 1636 1635 1312
f 1629 1636 1312
f 1636 1629 1630
f 1633 1632 1637
f 1633 1637 1638
f 1353 1639 1314
f 1639 1632 1314
f 1639 1637 1632
f 1354 1639 1353
f 1640 1389 1390
f 1351 1634 1390
f 1634 1640 1390
f 1634 1641 1640
f 1634 1635 1642
f 1634 1642 1641
f 1643 1638 1637
f 1643 1637 1639
f 1643 1639 1644
f 1646 1644 1645
f 1645 1644 1391
f 1644 1639 1391
f 1639 1354 1391
f 1392 1647 1391
f 1391 1647 1645
f 1393 1648 1392
f 1392 1648 1647
f 1394 1649 1393
f 1393 1649 1648
f 1395 1650 1394
f 1394 1650 1649
f 1396 1651 1395
f 1395 1651 1650
f 1397 1652 1396
f 1396 1652 1651
f 1398 1653 1397
f 1397 1653 1652
f 1399 1654 1398
f 1398 1654 1653
f 1400 1655 1399
f 1399 1655 1654
f 1401 1656 1400
f 1400 1656 1655
f 1402 1657 1401
f 1401 1657 1656
f 1403 1658 1402
f 1402 1658 1657
f 1404 1659 1403
f 1403 1659 1658
f 1405 1660 1404
f 1404 1660 1659
f 1406 1661 1405
f 1405 1661 1660
f 1407 1662 1406
f 1406 1662 1661
f 1408 1663 1407
f 1407 1663 1662
f 1409 1664 1408
f 1408 1664 1663
f 1410 1665 1409
f 1409 1665 1664
f 1411 1666 1410
f 1410 1666 1665
f 1412 1667 1411
f 1411 1667 1666
f 1413 1668 1412
f 1412 1668 1667
f 1414 1669 1413
f 1413 1669 1668
f 1415 1670 1414
f 1414 1670 1669
f 1416 1671 1415
f 1415 1671 1670
f 1417 1672 1416
f 1416 1672 1671
f 1418 1673 1417
f 1417 1673 1672
f 1419 1674 1418
f 1418 1674 1673
f 1420 1675 1419
f 1419 1675 1674
f 1421 1676 1420
f 1420 1676 1675
f 1422 1677 1421
f 1421 1677 1676
f 1423 1678 1422
f 1422 1678 1677
f 1424 1679 1423
f 1423 1679 1678
f 1680 1679 1424
f 1680 1424 1389
f 1681 1680 1389
f 1640 1681 1389
f 1681 1640 1641
f 1681 1641 1682
f 1682 1641 1642
f 1683 1646 1645
f 1683 1645 1647
f 1683 1647 1684
f 1684 1647 1648
f 1684 1648 1685
f 1685 1648 1649
f 1685 1649 1686
f 1686 1649 1650
f 1686 1650 1687
f 1687 1650 1651
f 1687 1651 1688
f 1688 1651 1652
f 1688 1652 1689
f 1689 1652 1653
f 1689 1653 1690
f 1690 1653 1654
f 1690 1654 1691
f 1691 1654 1655
f 1691 1655 1692
f 1692 1655 1656
f 1692 1656 1693
f 1693 1656 1657
f 1693 1657 1694
f 1694 1657 1658
f 1694 1658 1695
f 1695 1658 1659
f 1695 1659 1696
f 1696 1659 1660
f 1696 1660 1697
f 1697 1660 1661
f 1697 1661 1698
f 1698 1661 1662
f 1698 1662 1699
f 1699 1662 1663
f 1699 1663 1700
f 1700 1663 1664
f 1700 1664 1701
f 1701 1664 1665
f 1701 1665 1702
f 1702 1665 1666
f 1702 1666 1703
f 1703 1666 1667
f 1703 1667 1704
f 1704 1667 1668
f 1704 1668 1705
f 1705 1668 1669
f 1705 1669 1706
f 1706 1669 1670
f 1706 1670 1707
f 1707 1670 1671
f 1707 1671 1708
f 1708 1671 1672
f 1708 1672 1709
f 1709 1672 1673
f 1709 1673 1710
f 1710 1673 1674
f 1710 1674 1711
f 1711 1674 1675
f 1711 1675 1712
f 1712 1675 1676
f 1712 1676 1713
f 1713 1676 1677
f 1713 1677 1714
f 1714 1677 1678
f 1714 1678 1715
f 1715 1678 1679
f 1715 1679 1716
f 1716 1679 1680
f 1719 1718 1717
f 1426 1427 1717
f 1718 1426 1717
f 1720 1426 1718
f 1426 1721 1429
f 1720 1721 1426
f 1429 1722 1431
f 1721 1722 1429
f 1431 1723 1433
f 1722 1723 1431
f 1433 1724 1435
f 1723 1724 1433
f 1435 1725 1437
f 1724 1725 1435
f 1437 1726 1439
f 1725 1726 1437
f 1439 1727 1441
f 1726 1727 1439
f 1441 1728 1443
f 1727 1728 1441
f 1443 1729 1445
f 1728 1729 1443
f 1445 1730 1447
f 1729 1730 1445
f 1447 1731 1449
f 1730 1731 1447
f 1449 1732 1451
f 1731 1732 1449
f 1451 1733 1453
f 1732 1733 1451
f 1453 1734 1455
f 1733 1734 1453
f 1455 1735 1457
f 1734 1735 1455
f 1457 1736 1459
f 1735 1736 1457
f 1459 1737 1461
f 1736 1737 1459
f 1461 1738 1463
f 1737 1738 1461
f 1463 1739 1465
f 1738 1739 1463
f 1465 1740 1467
f 1739 1740 1465
f 1467 1741 1469
f 1740 1741 1467
f 1469 1742 1471
f 1741 1742 1469
f 1471 1743 1473
f 1742 1743 1471
f 1473 1744 1475
f 1743 1744 1473
f 1475 1745 1477
f 1744 1745 1475
f 1477 1746 1479
f 1745 1746 1477
f 1479 1747 1481
f 1746 1747 1479
f 1481 1748 1483
f 1747 1748 1481
f 1483 1749 1485
f 1748 1749 1483
f 1485 1750 1487
f 1749 1750 1485
f 1487 1751 1489
f 1750 1751 1487
f 1489 1752 1491
f 1751 1752 1489
f 1491 1753 1493
f 1752 1753 1491
f 1755 1754 1494
f 1493 1755 1494
f 1753 1755 1493
f 1756 1754 1755
f 1758 1757 1496
f 1758 1496 1497
f 1717 1499 1719
f 1499 1757 1719
f 1499 1496 1757
f 1499 1717 1427
f 1754 1501 1494
f 1756 1759 1754
f 1759 1501 1754
f 1759 1503 1501
f 1504 1503 1759
f 1504 1759 1760
f 1763 1762 1761
f 1762 1758 1761
f 1758 1506 1761
f 1758 1497 1506
f 1765 1508 1764
f 1508 1760 1764
f 1508 1504 1760
f 1766 1765 1764
f 1763 1761 1510
f 1511 1763 1510
f 1767 1763 1511
f 1510 1761 1506
f 1765 1513 1508
f 1514 1513 1765
f 1766 1514 1765
f 1768 1514 1766
f 1516 1767 1511
f 1516 1769 1767
f 1768 1518 1514
f 1770 1518 1768
f 1520 1769 1516
f 1520 1771 1769
f 1770 1522 1518
f 1772 1522 1770
f 1524 1771 1520
f 1524 1773 1771
f 1772 1526 1522
f 1774 1526 1772
f 1528 1773 1524
f 1528 1775 1773
f 1774 1530 1526
f 1776 1530 1774
f 1532 1775 1528
f 1532 1777 1775
f 1776 1534 1530
f 1778 1534 1776
f 1536 1777 1532
f 1536 1779 1777
f 1778 1538 1534
f 1780 1538 1778
f 1540 1779 1536
f 1540 1781 1779
f 1780 1542 1538
f 1782 1542 1780
f 1544 1781 1540
f 1544 1783 1781
f 1782 1546 1542
f 1784 1546 1782
f 1548 1783 1544
f 1548 1785 1783
f 1784 1550 1546
f 1786 1550 1784
f 1552 1785 1548
f 1552 1787 1785
f 1786 1554 1550
f 1788 1554 1786
f 1556 1787 1552
f 1556 1789 1787
f 1788 1558 1554
f 1790 1558 1788
f 1560 1789 1556
f 1560 1791 1789
f 1790 1562 1558
f 1792 1562 1790
f 1564 1791 1560
f 1564 1793 1791
f 1792 1566 1562
f 1794 1566 1792
f 1568 1793 1564
f 1568 1795 1793
f 1794 1570 1566
f 1796 1570 1794
f 1572 1795 1568
f 1572 1797 1795
f 1796 1574 1570
f 1798 1574 1796
f 1576 1797 1572
f 1576 1799 1797
f 1798 1578 1574
f 1800 1578 1798
f 1580 1799 1576
f 1580 1801 1799
f 1800 1582 1578
f 1802 1582 1800
f 1584 1801 1580
f 1584 1803 1801
f 1802 1586 1582
f 1804 1586 1802
f 1588 1803 1584
f 1588 1805 1803
f 1804 1590 1586
f 1806 1590 1804
f 1592 1805 1588
f 1592 1807 1805
f 1806 1594 1590
f 1808 1594 1806
f 1596 1807 1592
f 1596 1809 1807
f 1808 1598 1594
f 1810 1598 1808
f 1600 1809 1596
f 1600 1811 1809
f 1810 1602 1598
f 1812 1602 1810
f 1604 1811 1600
f 1604 1813 1811
f 1812 1606 1602
f 1814 1606 1812
f 1608 1813 1604
f 1608 1815 1813
f 1814 1610 1606
f 1816 1610 1814
f 1612 1815 1608
f 1612 1817 1815
f 1816 1614 1610
f 1818 1614 1816
f 1616 1817 1612
f 1616 1819 1817
f 1818 1618 1614
f 1820 1618 1818
f 1620 1819 1616
f 1620 1821 1819
f 1820 1622 1618
f 1822 1622 1820
f 1624 1821 1620
f 1624 1823 1821
f 1822 1626 1622
f 1824 1626 1822
f 1628 1823 1624
f 1628 1825 1823
f 1824 1630 1626
f 1826 1630 1824
f 1628 1631 1827
f 1828 1628 1827
f 1825 1628 1828
f 1633 1827 1631
f 1829 1635 1636
f 1830 1829 1636
f 1630 1830 1636
f 1826 1830 1630
f 1831 1828 1827
f 1827 1633 1831
f 1633 1832 1831
f 1633 1638 1832
f 1834 1833 1829
f 1833 1635 1829
f 1833 1642 1635
f 1834 1829 1830
f 1835 1832 1638
f 1835 1638 1643
f 1837 1835 1836
f 1835 1644 1836
f 1835 1643 1644
f 1646 1836 1644
f 1838 1680 1681
f 1838 1681 1839
f 1681 1840 1839
f 1681 1682 1840
f 1682 1642 1833
f 1682 1833 1840
f 1841 1837 1836
f 1841 1836 1646
f 1683 1841 1646
f 1842 1841 1683
f 1843 1683 1684
f 1843 1842 1683
f 1844 1684 1685
f 1844 1843 1684
f 1845 1685 1686
f 1845 1844 1685
f 1846 1686 1687
f 1846 1845 1686
f 1847 1687 1688
f 1847 1846 1687
f 1848 1688 1689
f 1848 1847 1688
f 1849 1689 1690
f 1849 1848 1689
f 1850 1690 1691
f 1850 1849 1690
f 1851 1691 1692
f 1851 1850 1691
f 1852 1692 1693
f 1852 1851 1692
f 1853 1693 1694
f 1853 1852 1693
f 1854 1694 1695
f 1854 1853 1694
f 1855 1695 1696
f 1855 1854 1695
f 1856 1696 1697
f 1856 1855 1696
f 1857 1697 1698
f 1857 1856 1697
f 1858 1698 1699
f 1858 1857 1698
f 1859 1699 1700
f 1859 1858 1699
f 1860 1700 1701
f 1860 1859 1700
f 1861 1701 1702
f 1861 1860 1701
f 1862 1702 1703
f 1862 1861 1702
f 1863 1703 1704
f 1863 1862 1703
f 1864 1704 1705
f 1864 1863 1704
f 1865 1705 1706
f 1865 1864 1705
f 1866 1706 1707
f 1866 1865 1706
f 1867 1707 1708
f 1867 1866 1707
f 1868 1708 1709
f 1868 1867 1708
f 1869 1709 1710
f 1869 1868 1709
f 1870 1710 1711
f 1870 1869 1710
f 1871 1711 1712
f 1871 1870 1711
f 1872 1712 1713
f 1872 1871 1712
f 1873 1713 1714
f 1873 1872 1713
f 1874 1714 1715
f 1874 1873 1714
f 1875 1715 1716
f 1875 1874 1715
f 1716 1680 1838
f 1876 1716 1838
f 1875 1716 1876
f 1876 1838 1839
f 1879 1878 1877
f 1718 1719 1877
f 1878 1718 1877
f 1880 1718 1878
f 1718 1881 1720
f 1880 1881 1718
f 1720 1882 1721
f 1881 1882 1720
f 1721 1883 1722
f 1882 1883 1721
f 1722 1884 1723
f 1883 1884 1722
f 1723 1885 1724
f 1884 1885 1723
f 1724 1886 1725
f 1885 1886 1724
f 1725 1887 1726
f 1886 1887 1725
f 1726 1888 1727
f 1887 1888 1726
f 1727 1889 1728
f 1888 1889 1727
f 1728 1890 1729
f 1889 1890 1728
f 1729 1891 1730
f 1890 1891 1729
f 1730 1892 1731
f 1891 1892 1730
f 1731 1893 1732
f 1892 1893 1731
f 1732 1894 1733
f 1893 1894 1732
f 1733 1895 1734
f 1894 1895 1733
f 1734 1896 1735
f 1895 1896 1734
f 1735 1897 1736
f 1896 1897 1735
f 1736 1898 1737
f 1897 1898 1736
f 1737 1899 1738
f 1898 1899 1737
f 1738 1900 1739
f 1899 1900 1738
f 1739 1901 1740
f 1900 1901 1739
f 1740 1902 1741
f 1901 1902 1740
f 1741 1903 1742
f 1902 1903 1741
f 1742 1904 1743
f 1903 1904 1742
f 1743 1905 1744
f 1904 1905 1743
f 1744 1906 1745
f 1905 1906 1744
f 1745 1907 1746
f 1906 1907 1745
f 1746 1908 1747
f 1907 1908 1746
f 1747 1909 1748
f 1908 1909 1747
f 1748 1910 1749
f 1909 1910 1748
f 1749 1911 1750
f 1910 1911 1749
f 1750 1912 1751
f 1911 1912 1750
f 1751 1913 1752
f 1912 1913 1751
f 1752 1914 1753
f 1913 1914 1752
f 1753 1915 1755
f 1914 1915 1753
f 1917 1916 1756
f 1755 1917 1756
f 1915 1917 1755
f 1918 1916 1917
f 1921 1920 1919
f 1919 1920 1879
f 1919 1879 1877
f 1758 1919 1877
f 1757 1758 1877
f 1757 1877 1719
f 1916 1759 1756
f 1923 1922 1760
f 1923 1760 1759
f 1918 1923 1759
f 1916 1918 1759
f 1924 1922 1923
f 1921 1919 1762
f 1763 1921 1762
f 1925 1921 1763
f 1762 1919 1758
f 1922 1764 1760
f 1766 1764 1922
f 1924 1766 1922
f 1926 1766 1924
f 1767 1925 1763
f 1767 1927 1925
f 1926 1768 1766
f 1928 1768 1926
f 1769 1927 1767
f 1769 1929 1927
f 1928 1770 1768
f 1930 1770 1928
f 1771 1929 1769
f 1771 1931 1929
f 1930 1772 1770
f 1932 1772 1930
f 1773 1931 1771
f 1773 1933 1931
f 1932 1774 1772
f 1934 1774 1932
f 1775 1933 1773
f 1775 1935 1933
f 1934 1776 1774
f 1936 1776 1934
f 1777 1935 1775
f 1777 1937 1935
f 1936 1778 1776
f 1938 1778 1936
f 1779 1937 1777
f 1779 1939 1937
f 1938 1780 1778
f 1940 1780 1938
f 1781 1939 1779
f 1781 1941 1939
f 1940 1782 1780
f 1942 1782 1940
f 1783 1941 1781
f 1783 1943 1941
f 1942 1784 1782
f 1944 1784 1942
f 1785 1943 1783
f 1785 1945 1943
f 1944 1786 1784
f 1946 1786 1944
f 1787 1945 1785
f 1787 1947 1945
f 1946 1788 1786
f 1948 1788 1946
f 1789 1947 1787
f 1789 1949 1947
f 1948 1790 1788
f 1950 1790 1948
f 1791 1949 1789
f 1791 1951 1949
f 1950 1792 1790
f 1952 1792 1950
f 1793 1951 1791
f 1793 1953 1951
f 1952 1794 1792
f 1954 1794 1952
f 1795 1953 1793
f 1795 1955 1953
f 1954 1796 1794
f 1956 1796 1954
f 1797 1955 1795
f 1797 1957 1955
f 1956 1798 1796
f 1958 1798 1956
f 1799 1957 1797
f 1799 1959 1957
f 1958 1800 1798
f 1960 1800 1958
f 1801 1959 1799
f 1801 1961 1959
f 1960 1802 1800
f 1962 1802 1960
f 1803 1961 1801
f 1803 1963 1961
f 1962 1804 1802
f 1964 1804 1962
f 1805 1963 1803
f 1805 1965 1963
f 1964 1806 1804
f 1966 1806 1964
f 1807 1965 1805
f 1807 1967 1965
f 1966 1808 1806
f 1968 1808 1966
f 1809 1967 1807
f 1809 1969 1967
f 1968 1810 1808
f 1970 1810 1968
f 1811 1969 1809
f 1811 1971 1969
f 1970 1812 1810
f 1972 1812 1970
f 1813 1971 1811
f 1813 1973 1971
f 1972 1814 1812
f 1974 1814 1972
f 1815 1973 1813
f 1815 1975 1973
f 1974 1816 1814
f 1976 1816 1974
f 1817 1975 1815
f 1817 1977 1975
f 1976 1818 1816
f 1978 1818 1976
f 1819 1977 1817
f 1819 1979 1977
f 1978 1820 1818
f 1980 1820 1978
f 1821 1979 1819
f 1821 1981 1979
f 1980 1822 1820
f 1982 1822 1980
f 1823 1981 1821
f 1823 1983 1981
f 1982 1824 1822
f 1984 1824 1982
f 1825 1983 1823
f 1825 1985 1983
f 1984 1826 1824
f 1986 1826 1984
f 1828 1985 1825
f 1828 1987 1985
f 1986 1830 1826
f 1988 1830 1986
f 1828 1831 1989
f 1990 1828 1989
f 1987 1828 1990
f 1832 1989 1831
f 1991 1833 1834
f 1992 1991 1834
f 1830 1992 1834
f 1988 1992 1830
f 1993 1990 1989
f 1995 1993 1994
f 1994 1993 1835
f 1993 1989 1835
f 1989 1832 1835
f 1837 1994 1835
f 1996 1839 1840
f 1997 1996 1840
f 1997 1840 1833
f 1998 1997 1833
f 1991 1998 1833
f 1998 1991 1992
f 1999 1995 1994
f 1999 1994 1837
f 1841 1999 1837
f 2000 1999 1841
f 2001 1841 1842
f 2001 2000 1841
f 2002 1842 1843
f 2002 2001 1842
f 2003 1843 1844
f 2003 2002 1843
f 2004 1844 1845
f 2004 2003 1844
f 2005 1845 1846
f 2005 2004 1845
f 2006 1846 1847
f 2006 2005 1846
f 2007 1847 1848
f 2007 2006 1847
f 2008 1848 1849
f 2008 2007 1848
f 2009 1849 1850
f 2009 2008 1849
f 2010 1850 1851
f 2010 2009 1850
f 2011 1851 1852
f 2011 2010 1851
f 2012 1852 1853
f 2012 2011 1852
f 2013 1853 1854
f 2013 2012 1853
f 2014 1854 1855
f 2014 2013 1854
f 2015 1855 1856
f 2015 2014 1855
f 2016 1856 1857
f 2016 2015 1856
f 2017 1857 1858
f 2017 2016 1857
f 2018 1858 1859
f 2018 2017 1858
f 2019 1859 1860
f 2019 2018 1859
f 2020 1860 1861
f 2020 2019 1860
f 2021 1861 1862
f 2021 2020 1861
f 2022 1862 1863
f 2022 2021 1862
f 2023 1863 1864
f 2023 2022 1863
f 2024 1864 1865
f 2024 2023 1864
f 2025 1865 1866
f 2025 2024 1865
f 2026 1866 1867
f 2026 2025 1866
f 2027 1867 1868
f 2027 2026 1867
f 2028 1868 1869
f 2028 2027 1868
f 2029 1869 1870
f 2029 2028 1869
f 2030 1870 1871
f 2030 2029 1870
f 2031 1871 1872
f 2031 2030 1871
f 2032 1872 1873
f 2032 2031 1872
f 2033 1873 1874
f 2033 2032 1873
f 2034 1874 1875
f 2034 2033 1874
f 2035 1875 1876
f 2035 2034 1875
f 1876 1839 1996
f 2036 1876 1996
f 2035 1876 2036
f 2036 1996 1997
f 2038 2037 1878
f 2038 1878 1879
f 1878 2039 1880
f 2037 2039 1878
f 1880 2040 1881
f 2039 2040 1880
f 1881 2041 1882
f 2040 2041 1881
f 1882 2042 1883
f 2041 2042 1882
f 1883 2043 1884
f 2042 2043 1883
f 1884 2044 1885
f 2043 2044 1884
f 1885 2045 1886
f 2044 2045 1885
f 1886 2046 1887
f 2045 2046 1886
f 1887 2047 1888
f 2046 2047 1887
f 1888 2048 1889
f 2047 2048 1888
f 1889 2049 1890
f 2048 2049 1889
f 1890 2050 1891
f 2049 2050 1890
f 1891 2051 1892
f 2050 2051 1891
f 1892 2052 1893
f 2051 2052 1892
f 1893 2053 1894
f 2052 2053 1893
f 1894 2054 1895
f 2053 2054 1894
f 1895 2055 1896
f 2054 2055 1895
f 1896 2056 1897
f 2055 2056 1896
f 1897 2057 1898
f 2056 2057 1897
f 1898 2058 1899
f 2057 2058 1898
f 1899 2059 1900
f 2058 2059 1899
f 1900 2060 1901
f 2059 2060 1900
f 1901 2061 1902
f 2060 2061 1901
f 1902 2062 1903
f 2061 2062 1902
f 1903 2063 1904
f 2062 2063 1903
f 1904 2064 1905
f 2063 2064 1904
f 1905 2065 1906
f 2064 2065 1905
f 1906 2066 1907
f 2065 2066 1906
f 1907 2067 1908
f 2066 2067 1907
f 1908 2068 1909
f 2067 2068 1908
f 1909 2069 1910
f 2068 2069 1909
f 1910 2070 1911
f 2069 2070 1910
f 1911 2071 1912
f 2070 2071 1911
f 1912 2072 1913
f 2071 2072 1912
f 1913 2073 1914
f 2072 2073 1913
f 1914 2074 1915
f 2073 2074 1914
f 1915 2075 1917
f 2074 2075 1915
f 1918 1917 2075
f 1918 2075 2076
f 2078 2077 1920
f 2078 1920 1921
f 1879 1920 2038
f 2038 1920 2077
f 2076 2079 1918
f 1918 2079 1923
f 1924 1923 2079
f 1924 2079 2080
f 1925 2078 1921
f 1925 2081 2078
f 2080 1926 1924
f 2082 1926 2080
f 1927 2081 1925
f 1927 2083 2081
f 2082 1928 1926
f 2084 1928 2082
f 1929 2083 1927
f 1929 2085 2083
f 2084 1930 1928
f 2086 1930 2084
f 1931 2085 1929
f 1931 2087 2085
f 2086 1932 1930
f 2088 1932 2086
f 1933 2087 1931
f 1933 2089 2087
f 2088 1934 1932
f 2090 1934 2088
f 1935 2089 1933
f 1935 2091 2089
f 2090 1936 1934
f 2092 1936 2090
f 1937 2091 1935
f 1937 2093 2091
f 2092 1938 1936
f 2094 1938 2092
f 1939 2093 1937
f 1939 2095 2093
f 2094 1940 1938
f 2096 1940 2094
f 1941 2095 1939
f 1941 2097 2095
f 2096 1942 1940
f 2098 1942 2096
f 1943 2097 1941
f 1943 2099 2097
f 2098 1944 1942
f 2100 1944 2098
f 1945 2099 1943
f 1945 2101 2099
f 2100 1946 1944
f 2102 1946 2100
f 1947 2101 1945
f 1947 2103 2101
f 2102 1948 1946
f 2104 1948 2102
f 1949 2103 1947
f 1949 2105 2103
f 2104 1950 1948
f 2106 1950 2104
f 1951 2105 1949
f 1951 2107 2105
f 2106 1952 1950
f 2108 1952 2106
f 1953 2107 1951
f 1953 2109 2107
f 2108 1954 1952
f 2110 1954 2108
f 1955 2109 1953
f 1955 2111 2109
f 2110 1956 1954
f 2112 1956 2110
f 1957 2111 1955
f 1957 2113 2111
f 2112 1958 1956
f 2114 1958 2112
f 1959 2113 1957
f 1959 2115 2113
f 2114 1960 1958
f 2116 1960 2114
f 1961 2115 1959
f 1961 2117 2115
f 2116 1962 1960
f 2118 1962 2116
f 1963 2117 1961
f 1963 2119 2117
f 2118 1964 1962
f 2120 1964 2118
f 1965 2119 1963
f 1965 2121 2119
f 2120 1966 1964
f 2122 1966 2120
f 1967 2121 1965
f 1967 2123 2121
f 2122 1968 1966
f 2124 1968 2122
f 1969 2123 1967
f 1969 2125 2123
f 2124 1970 1968
f 2126 1970 2124
f 1971 2125 1969
f 1971 2127 2125
f 2126 1972 1970
f 2128 1972 2126
f 1973 2127 1971
f 1973 2129 2127
f 2128 1974 1972
f 2130 1974 2128
f 1975 2129 1973
f 1975 2131 2129
f 2130 1976 1974
f 2132 1976 2130
f 1977 2131 1975
f 1977 2133 2131
f 2132 1978 1976
f 2134 1978 2132
f 1979 2133 1977
f 1979 2135 2133
f 2134 1980 1978
f 2136 1980 2134
f 1981 2135 1979
f 1981 2137 2135
f 2136 1982 1980
f 2138 1982 2136
f 1983 2137 1981
f 1983 2139 2137
f 2138 1984 1982
f 2140 1984 2138
f 1985 2139 1983
f 1985 2141 2139
f 2140 1986 1984
f 2142 1986 2140
f 1987 2141 1985
f 1987 2143 2141
f 2142 1988 1986
f 2144 1988 2142
f 1990 2143 1987
f 1990 2145 2143
f 2144 1992 1988
f 2146 1992 2144
f 2147 2145 1990
f 2147 1990 1993
f 1993 1995 2147
f 2147 1995 2148
f 2150 2149 1998
f 1998 2149 1997
f 1998 1992 2146
f 1998 2146 2150
f 2151 2148 1995
f 2151 1995 1999
f 2152 1999 2000
f 2152 2151 1999
f 2153 2000 2001
f 2153 2152 2000
f 2154 2001 2002
f 2154 2153 2001
f 2155 2002 2003
f 2155 2154 2002
f 2156 2003 2004
f 2156 2155 2003
f 2157 2004 2005
f 2157 2156 2004
f 2158 2005 2006
f 2158 2157 2005
f 2159 2006 2007
f 2159 2158 2006
f 2160 2007 2008
f 2160 2159 2007
f 2161 2008 2009
f 2161 2160 2008
f 2162 2009 2010
f 2162 2161 2009
f 2163 2010 2011
f 2163 2162 2010
f 2164 2011 2012
f 2164 2163 2011
f 2165 2012 2013
f 2165 2164 2012
f 2166 2013 2014
f 2166 2165 2013
f 2167 2014 2015
f 2167 2166 2014
f 2168 2015 2016
f 2168 2167 2015
f 2169 2016 2017
f 2169 2168 2016
f 2170 2017 2018
f 2170 2169 2017
f 2171 2018 2019
f 2171 2170 2018
f 2172 2019 2020
f 2172 2171 2019
f 2173 2020 2021
f 2173 2172 2020
f 2174 2021 2022
f 2174 2173 2021
f 2175 2022 2023
f 2175 2174 2022
f 2176 2023 2024
f 2176 2175 2023
f 2177 2024 2025
f 2177 2176 2024
f 2178 2025 2026
f 2178 2177 2025
f 2179 2026 2027
f 2179 2178 2026
f 2180 2027 2028
f 2180 2179 2027
f 2181 2028 2029
f 2181 2180 2028
f 2182 2029 2030
f 2182 2181 2029
f 2183 2030 2031
f 2183 2182 2030
f 2184 2031 2032
f 2184 2183 2031
f 2185 2032 2033
f 2185 2184 2032
f 2186 2033 2034
f 2186 2185 2033
f 2187 2034 2035
f 2187 2186 2034
f 2188 2035 2036
f 2188 2187 2035
f 2036 1997 2149
f 2036 2149 2188
f 2190 2189 2037
f 2190 2037 2038
f 2037 2191 2039
f 2189 2191 2037
f 2039 2192 2040
f 2191 2192 2039
f 2040 2193 2041
f 2192 2193 2040
f 2041 2194 2042
f 2193 2194 2041
f 2042 2195 2043
f 2194 2195 2042
f 2043 2196 2044
f 2195 2196 2043
f 2044 2197 2045
f 2196 2197 2044
f 2045 2198 2046
f 2197 2198 2045
f 2046 2199 2047
f 2198 2199 2046
f 2047 2200 2048
f 2199 2200 2047
f 2048 2201 2049
f 2200 2201 2048
f 2049 2202 2050
f 2201 2202 2049
f 2050 2203 2051
f 2202 2203 2050
f 2051 2204 2052
f 2203 2204 2051
f 2052 2205 2053
f 2204 2205 2052
f 2053 2206 2054
f 2205 2206 2053
f 2054 2207 2055
f 2206 2207 2054
f 2055 2208 2056
f 2207 2208 2055
f 2056 2209 2057
f 2208 2209 2056
f 2057 2210 2058
f 2209 2210 2057
f 2058 2211 2059
f 2210 2211 2058
f 2059 2212 2060
f 2211 2212 2059
f 2060 2213 2061
f 2212 2213 2060
f 2061 2214 2062
f 2213 2214 2061
f 2062 2215 2063
f 2214 2215 2062
f 2063 2216 2064
f 2215 2216 2063
f 2064 2217 2065
f 2216 2217 2064
f 2065 2218 2066
f 2217 2218 2065
f 2066 2219 2067
f 2218 2219 2066
f 2067 2220 2068
f 2219 2220 2067
f 2068 2221 2069
f 2220 2221 2068
f 2069 2222 2070
f 2221 2222 2069
f 2070 2223 2071
f 2222 2223 2070
f 2071 2224 2072
f 2223 2224 2071
f 2072 2225 2073
f 2224 2225 2072
f 2073 2226 2074
f 2225 2226 2073
f 2074 2227 2075
f 2226 2227 2074
f 2076 2075 2227
f 2076 2227 2228
f 2230 2229 2077
f 2230 2077 2078
f 2038 2077 2190
f 2190 2077 2229
f 2228 2231 2076
f 2076 2231 2079
f 2080 2079 2231
f 2080 2231 2232
f 2081 2230 2078
f 2081 2233 2230
f 2232 2082 2080
f 2234 2082 2232
f 2083 2233 2081
f 2083 2235 2233
f 2234 2084 2082
f 2236 2084 2234
f 2085 2235 2083
f 2085 2237 2235
f 2236 2086 2084
f 2238 2086 2236
f 2087 2237 2085
f 2087 2239 2237
f 2238 2088 2086
f 2240 2088 2238
f 2089 2239 2087
f 2089 2241 2239
f 2240 2090 2088
f 2242 2090 2240
f 2091 2241 2089
f 2091 2243 2241
f 2242 2092 2090
f 2244 2092 2242
f 2093 2243 2091
f 2093 2245 2243
f 2244 2094 2092
f 2246 2094 2244
f 2095 2245 2093
f 2095 2247 2245
f 2246 2096 2094
f 2248 2096 2246
f 2097 2247 2095
f 2097 2249 2247
f 2248 2098 2096
f 2250 2098 2248
f 2099 2249 2097
f 2099 2251 2249
f 2250 2100 2098
f 2252 2100 2250
f 2101 2251 2099
f 2101 2253 2251
f 2252 2102 2100
f 2254 2102 2252
f 2103 2253 2101
f 2103 2255 2253
f 2254 2104 2102
f 2256 2104 2254
f 2105 2255 2103
f 2105 2257 2255
f 2256 2106 2104
f 2258 2106 2256
f 2107 2257 2105
f 2107 2259 2257
f 2258 2108 2106
f 2260 2108 2258
f 2109 2259 2107
f 2109 2261 2259
f 2260 2110 2108
f 2262 2110 2260
f 2111 2261 2109
f 2111 2263 2261
f 2262 2112 2110
f 2264 2112 2262
f 2113 2263 2111
f 2113 2265 2263
f 2264 2114 2112
f 2266 2114 2264
f 2115 2265 2113
f 2115 2267 2265
f 2266 2116 2114
f 2268 2116 2266
f 2117 2267 2115
f 2117 2269 2267
f 2268 2118 2116
f 2270 2118 2268
f 2119 2269 2117
f 2119 2271 2269
f 2270 2120 2118
f 2272 2120 2270
f 2121 2271 2119
f 2121 2273 2271
f 2272 2122 2120
f 2274 2122 2272
f 2123 2273 2121
f 2123 2275 2273
f 2274 2124 2122
f 2276 2124 2274
f 2125 2275 2123
f 2125 2277 2275
f 2276 2126 2124
f 2278 2126 2276
f 2127 2277 2125
f 2127 2279 2277
f 2278 2128 2126
f 2280 2128 2278
f 2129 2279 2127
f 2129 2281 2279
f 2280 2130 2128
f 2282 2130 2280
f 2131 2281 2129
f 2131 2283 2281
f 2282 2132 2130
f 2284 2132 2282
f 2133 2283 2131
f 2133 2285 2283
f 2284 2134 2132
f 2286 2134 2284
f 2135 2285 2133
f 2135 2287 2285
f 2286 2136 2134
f 2288 2136 2286
f 2137 2287 2135
f 2137 2289 2287
f 2288 2138 2136
f 2290 2138 2288
f 2139 2289 2137
f 2139 2291 2289
f 2290 2140 2138
f 2292 2140 2290
f 2141 2291 2139
f 2141 2293 2291
f 2292 2142 2140
f 2294 2142 2292
f 2143 2293 2141
f 2143 2295 2293
f 2294 2144 2142
f 2296 2144 2294
f 2145 2295 2143
f 2145 2297 2295
f 2296 2146 2144
f 2298 2146 2296
f 2299 2297 2145
f 2299 2145 2147
f 2147 2148 2299
f 2299 2148 2300
f 2302 2301 2150
f 2150 2301 2149
f 2150 2146 2298
f 2150 2298 2302
f 2303 2300 2148
f 2303 2148 2151
f 2304 2151 2152
f 2304 2303 2151
f 2305 2152 2153
f 2305 2304 2152
f 2306 2153 2154
f 2306 2305 2153
f 2307 2154 2155
f 2307 2306 2154
f 2308 2155 2156
f 2308 2307 2155
f 2309 2156 2157
f 2309 2308 2156
f 2310 2157 2158
f 2310 2309 2157
f 2311 2158 2159
f 2311 2310 2158
f 2312 2159 2160
f 2312 2311 2159
f 2313 2160 2161
f 2313 2312 2160
f 2314 2161 2162
f 2314 2313 2161
f 2315 2162 2163
f 2315 2314 2162
f 2316 2163 2164
f 2316 2315 2163
f 2317 2164 2165
f 2317 2316 2164
f 2318 2165 2166
f 2318 2317 2165
f 2319 2166 2167
f 2319 2318 2166
f 2320 2167 2168
f 2320 2319 2167
f 2321 2168 2169
f 2321 2320 2168
f 2322 2169 2170
f 2322 2321 2169
f 2323 2170 2171
f 2323 2322 2170
f 2324 2171 2172
f 2324 2323 2171
f 2325 2172 2173
f 2325 2324 2172
f 2326 2173 2174
f 2326 2325 2173
f 2327 2174 2175
f 2327 2326 2174
f 2328 2175 2176
f 2328 2327 2175
f 2329 2176 2177
f 2329 2328 2176
f 2330 2177 2178
f 2330 2329 2177
f 2331 2178 2179
f 2331 2330 2178
f 2332 2179 2180
f 2332 2331 2179
f 2333 2180 2181
f 2333 2332 2180
f 2334 2181 2182
f 2334 2333 2181
f 2335 2182 2183
f 2335 2334 2182
f 2336 2183 2184
f 2336 2335 2183
f 2337 2184 2185
f 2337 2336 2184
f 2338 2185 2186
f 2338 2337 2185
f 2339 2186 2187
f 2339 2338 2186
f 2340 2187 2188
f 2340 2339 2187
f 2188 2149 2301
f 2188 2301 2340
f 2342 2341 2189
f 2342 2189 2190
f 2189 2343 2191
f 2341 2343 2189
f 2191 2344 2192
f 2343 2344 2191
f 2192 2345 2193
f 2344 2345 2192
f 2193 2346 2194
f 2345 2346 2193
f 2194 2347 2195
f 2346 2347 2194
f 2195 2348 2196
f 2347 2348 2195
f 2196 2349 2197
f 2348 2349 2196
f 2197 2350 2198
f 2349 2350 2197
f 2198 2351 2199
f 2350 2351 2198
f 2199 2352 2200
f 2351 2352 2199
f 2200 2353 2201
f 2352 2353 2200
f 2201 2354 2202
f 2353 2354 2201
f 2202 2355 2203
f 2354 2355 2202
f 2203 2356 2204
f 2355 2356 2203
f 2204 2357 2205
f 2356 2357 2204
f 2205 2358 2206
f 2357 2358 2205
f 2206 2359 2207
f 2358 2359 2206
f 2207 2360 2208
f 2359 2360 2207
f 2208 2361 2209
f 2360 2361 2208
f 2209 2362 2210
f 2361 2362 2209
f 2210 2363 2211
f 2362 2363 2210
f 2211 2364 2212
f 2363 2364 2211
f 2212 2365 2213
f 2364 2365 2212
f 2213 2366 2214
f 2365 2366 2213
f 2214 2367 2215
f 2366 2367 2214
f 2215 2368 2216
f 2367 2368 2215
f 2216 2369 2217
f 2368 2369 2216
f 2217 2370 2218
f 2369 2370 2217
f 2218 2371 2219
f 2370 2371 2218
f 2219 2372 2220
f 2371 2372 2219
f 2220 2373 2221
f 2372 2373 2220
f 2221 2374 2222
f 2373 2374 2221
f 2222 2375 2223
f 2374 2375 2222
f 2223 2376 2224
f 2375 2376 2223
f 2224 2377 2225
f 2376 2377 2224
f 2225 2378 2226
f 2377 2378 2225
f 2226 2379 2227
f 2378 2379 2226
f 2228 2227 2379
f 2228 2379 2380
f 2382 2381 2229
f 2382 2229 2230
f 2190 2229 2342
f 2342 2229 2381
f 2380 2383 2228
f 2228 2383 2231
f 2232 2231 2383
f 2232 2383 2384
f 2233 2382 2230
f 2233 2385 2382
f 2384 2234 2232
f 2386 2234 2384
f 2235 2385 2233
f 2235 2387 2385
f 2386 2236 2234
f 2388 2236 2386
f 2237 2387 2235
f 2237 2389 2387
f 2388 2238 2236
f 2390 2238 2388
f 2239 2389 2237
f 2239 2391 2389
f 2390 2240 2238
f 2392 2240 2390
f 2241 2391 2239
f 2241 2393 2391
f 2392 2242 2240
f 2394 2242 2392
f 2243 2393 2241
f 2243 2395 2393
f 2394 2244 2242
f 2396 2244 2394
f 2245 2395 2243
f 2245 2397 2395
f 2396 2246 2244
f 2398 2246 2396
f 2247 2397 2245
f 2247 2399 2397
f 2398 2248 2246
f 2400 2248 2398
f 2249 2399 2247
f 2249 2401 2399
f 2400 2250 2248
f 2402 2250 2400
f 2251 2401 2249
f 2251 2403 2401
f 2402 2252 2250
f 2404 2252 2402
f 2253 2403 2251
f 2253 2405 2403
f 2404 2254 2252
f 2406 2254 2404
f 2255 2405 2253
f 2255 2407 2405
f 2406 2256 2254
f 2408 2256 2406
f 2257 2407 2255
f 2257 2409 2407
f 2408 2258 2256
f 2410 2258 2408
f 2259 2409 2257
f 2259 2411 2409
f 2410 2260 2258
f 2412 2260 2410
f 2261 2411 2259
f 2261 2413 2411
f 2412 2262 2260
f 2414 2262 2412
f 2263 2413 2261
f 2263 2415 2413
f 2414 2264 2262
f 2416 2264 2414
f 2265 2415 2263
f 2265 2417 2415
f 2416 2266 2264
f 2418 2266 2416
f 2267 2417 2265
f 2267 2419 2417
f 2418 2268 2266
f 2420 2268 2418
f 2269 2419 2267
f 2269 2421 2419
f 2420 2270 2268
f 2422 2270 2420
f 2271 2421 2269
f 2271 2423 2421
f 2422 2272 2270
f 2424 2272 2422
f 2273 2423 2271
f 2273 2425 2423
f 2424 2274 2272
f 2426 2274 2424
f 2275 2425 2273
f 2275 2427 2425
f 2426 2276 2274
f 2428 2276 2426
f 2277 2427 2275
f 2277 2429 2427
f 2428 2278 2276
f 2430 2278 2428
f 2279 2429 2277
f 2279 2431 2429
f 2430 2280 2278
f 2432 2280 2430
f 2281 2431 2279
f 2281 2433 2431
f 2432 2282 2280
f 2434 2282 2432
f 2283 2433 2281
f 2283 2435 2433
f 2434 2284 2282
f 2436 2284 2434
f 2285 2435 2283
f 2285 2437 2435
f 2436 2286 2284
f 2438 2286 2436
f 2287 2437 2285
f 2287 2439 2437
f 2438 2288 2286
f 2440 2288 2438
f 2289 2439 2287
f 2289 2441 2439
f 2440 2290 2288
f 2442 2290 2440
f 2291 2441 2289
f 2291 2443 2441
f 2442 2292 2290
f 2444 2292 2442
f 2293 2443 2291
f 2293 2445 2443
f 2444 2294 2292
f 2446 2294 2444
f 2295 2445 2293
f 2295 2447 2445
f 2446 2296 2294
f 2448 2296 2446
f 2297 2447 2295
f 2297 2449 2447
f 2448 2298 2296
f 2450 2298 2448
f 2451 2449 2297
f 2451 2297 2299
f 2299 2300 2451
f 2451 2300 2452
f 2454 2453 2302
f 2302 2453 2301
f 2302 2298 2450
f 2302 2450 2454
f 2455 2452 2300
f 2455 2300 2303
f 2456 2303 2304
f 2456 2455 2303
f 2457 2304 2305
f 2457 2456 2304
f 2458 2305 2306
f 2458 2457 2305
f 2459 2306 2307
f 2459 2458 2306
f 2460 2307 2308
f 2460 2459 2307
f 2461 2308 2309
f 2461 2460 2308
f 2462 2309 2310
f 2462 2461 2309
f 2463 2310 2311
f 2463 2462 2310
f 2464 2311 2312
f 2464 2463 2311
f 2465 2312 2313
f 2465 2464 2312
f 2466 2313 2314
f 2466 2465 2313
f 2467 2314 2315
f 2467 2466 2314
f 2468 2315 2316
f 2468 2467 2315
f 2469 2316 2317
f 2469 2468 2316
f 2470 2317 2318
f 2470 2469 2317
f 2471 2318 2319
f 2471 2470 2318
f 2472 2319 2320
f 2472 2471 2319
f 2473 2320 2321
f 2473 2472 2320
f 2474 2321 2322
f 2474 2473 2321
f 2475 2322 2323
f 2475 2474 2322
f 2476 2323 2324
f 2476 2475 2323
f 2477 2324 2325
f 2477 2476 2324
f 2478 2325 2326
f 2478 2477 2325
f 2479 2326 2327
f 2479 2478 2326
f 2480 2327 2328
f 2480 2479 2327
f 2481 2328 2329
f 2481 2480 2328
f 2482 2329 2330
f 2482 2481 2329
f 2483 2330 2331
f 2483 2482 2330
f 2484 2331 2332
f 2484 2483 2331
f 2485 2332 2333
f 2485 2484 2332
f 2486 2333 2334
f 2486 2485 2333
f 2487 2334 2335
f 2487 2486 2334
f 2488 2335 2336
f 2488 2487 2335
f 2489 2336 2337
f 2489 2488 2336
f 2490 2337 2338
f 2490 2489 2337
f 2491 2338 2339
f 2491 2490 2338
f 2492 2339 2340
f 2492 2491 2339
f 2340 2301 2453
f 2340 2453 2492
f 2494 2493 2341
f 2494 2341 2342
f 2341 2495 2343
f 2493 2495 2341
f 2343 2496 2344
f 2495 2496 2343
f 2344 2497 2345
f 2496 2497 2344
f 2345 2498 2346
f 2497 2498 2345
f 2346 2499 2347
f 2498 2499 2346
f 2347 2500 2348
f 2499 2500 2347
f 2348 2501 2349
f 2500 2501 2348
f 2349 2502 2350
f 2501 2502 2349
f 2350 2503 2351
f 2502 2503 2350
f 2351 2504 2352
f 2503 2504 2351
f 2352 2505 2353
f 2504 2505 2352
f 2353 2506 2354
f 2505 2506 2353
f 2354 2507 2355
f 2506 2507 2354
f 2355 2508 2356
f 2507 2508 2355
f 2356 2509 2357
f 2508 2509 2356
f 2357 2510 2358
f 2509 2510 2357
f 2358 2511 2359
f 2510 2511 2358
f 2359 2512 2360
f 2511 2512 2359
f 2360 2513 2361
f 2512 2513 2360
f 2361 2514 2362
f 2513 2514 2361
f 2362 2515 2363
f 2514 2515 2362
f 2363 2516 2364
f 2515 2516 2363
f 2364 2517 2365
f 2516 2517 2364
f 2365 2518 2366
f 2517 2518 2365
f 2366 2519 2367
f 2518 2519 2366
f 2367 2520 2368
f 2519 2520 2367
f 2368 2521 2369
f 2520 2521 2368
f 2369 2522 2370
f 2521 2522 2369
f 2370 2523 2371
f 2522 2523 2370
f 2371 2524 2372
f 2523 2524 2371
f 2372 2525 2373
f 2524 2525 2372
f 2373 2526 2374
f 2525 2526 2373
f 2374 2527 2375
f 2526 2527 2374
f 2375 2528 2376
f 2527 2528 2375
f 2376 2529 2377
f 2528 2529 2376
f 2377 2530 2378
f 2529 2530 2377
f 2378 2531 2379
f 2530 2531 2378
f 2380 2379 2531
f 2380 2531 2532
f 2534 2533 2381
f 2534 2381 2382
f 2342 2381 2494
f 2494 2381 2533
f 2532 2535 2380
f 2380 2535 2383
f 2384 2383 2535
f 2384 2535 2536
f 2385 2534 2382
f 2385 2537 2534
f 2536 2386 2384
f 2538 2386 2536
f 2387 2537 2385
f 2387 2539 2537
f 2538 2388 2386
f 2540 2388 2538
f 2389 2539 2387
f 2389 2541 2539
f 2540 2390 2388
f 2542 2390 2540
f 2391 2541 2389
f 2391 2543 2541
f 2542 2392 2390
f 2544 2392 2542
f 2393 2543 2391
f 2393 2545 2543
f 2544 2394 2392
f 2546 2394 2544
f 2395 2545 2393
f 2395 2547 2545
f 2546 2396 2394
f 2548 2396 2546
f 2397 2547 2395
f 2397 2549 2547
f 2548 2398 2396
f 2550 2398 2548
f 2399 2549 2397
f 2399 2551 2549
f 2550 2400 2398
f 2552 2400 2550
f 2401 2551 2399
f 2401 2553 2551
f 2552 2402 2400
f 2554 2402 2552
f 2403 2553 2401
f 2403 2555 2553
f 2554 2404 2402
f 2556 2404 2554
f 2405 2555 2403
f 2405 2557 2555
f 2556 2406 2404
f 2558 2406 2556
f 2407 2557 2405
f 2407 2559 2557
f 2558 2408 2406
f 2560 2408 2558
f 2409 2559 2407
f 2409 2561 2559
f 2560 2410 2408
f 2562 2410 2560
f 2411 2561 2409
f 2411 2563 2561
f 2562 2412 2410
f 2564 2412 2562
f 2413 2563 2411
f 2413 2565 2563
f 2564 2414 2412
f 2566 2414 2564
f 2415 2565 2413
f 2415 2567 2565
f 2566 2416 2414
f 2568 2416 2566
f 2417 2567 2415
f 2417 2569 2567
f 2568 2418 2416
f 2570 2418 2568
f 2419 2569 2417
f 2419 2571 2569
f 2570 2420 2418
f 2572 2420 2570
f 2421 2571 2419
f 2421 2573 2571
f 2572 2422 2420
f 2574 2422 2572
f 2423 2573 2421
f 2423 2575 2573
f 2574 2424 2422
f 2576 2424 2574
f 2425 2575 2423
f 2425 2577 2575
f 2576 2426 2424
f 2578 2426 2576
f 2427 2577 2425
f 2427 2579 2577
f 2578 2428 2426
f 2580 2428 2578
f 2429 2579 2427
f 2429 2581 2579
f 2580 2430 2428
f 2582 2430 2580
f 2431 2581 2429
f 2431 2583 2581
f 2582 2432 2430
f 2584 2432 2582
f 2433 2583 2431
f 2433 2585 2583
f 2584 2434 2432
f 2586 2434 2584
f 2435 2585 2433
f 2435 2587 2585
f 2586 2436 2434
f 2588 2436 2586
f 2437 2587 2435
f 2437 2589 2587
f 2588 2438 2436
f 2590 2438 2588
f 2439 2589 2437
f 2439 2591 2589
f 2590 2440 2438
f 2592 2440 2590
f 2441 2591 2439
f 2441 2593 2591
f 2592 2442 2440
f 2594 2442 2592
f 2443 2593 2441
f 2443 2595 2593
f 2594 2444 2442
f 2596 2444 2594
f 2445 2595 2443
f 2445 2597 2595
f 2596 2446 2444
f 2598 2446 2596
f 2447 2597 2445
f 2447 2599 2597
f 2598 2448 2446
f 2600 2448 2598
f 2449 2599 2447
f 2449 2601 2599
f 2600 2450 2448
f 2602 2450 2600
f 2603 2601 2449
f 2603 2449 2451
f 2451 2452 2603
f 2603 2452 2604
f 2606 2605 2454
f 2454 2605 2453
f 2454 2450 2602
f 2454 2602 2606
f 2607 2604 2452
f 2607 2452 2455
f 2608 2455 2456
f 2608 2607 2455
f 2609 2456 2457
f 2609 2608 2456
f 2610 2457 2458
f 2610 2609 2457
f 2611 2458 2459
f 2611 2610 2458
f 2612 2459 2460
f 2612 2611 2459
f 2613 2460 2461
f 2613 2612 2460
f 2614 2461 2462
f 2614 2613 2461
f 2615 2462 2463
f 2615 2614 2462
f 2616 2463 2464
f 2616 2615 2463
f 2617 2464 2465
f 2617 2616 2464
f 2618 2465 2466
f 2618 2617 2465
f 2619 2466 2467
f 2619 2618 2466
f 2620 2467 2468
f 2620 2619 2467
f 2621 2468 2469
f 2621 2620 2468
f 2622 2469 2470
f 2622 2621 2469
f 2623 2470 2471
f 2623 2622 2470
f 2624 2471 2472
f 2624 2623 2471
f 2625 2472 2473
f 2625 2624 2472
f 2626 2473 2474
f 2626 2625 2473
f 2627 2474 2475
f 2627 2626 2474
f 2628 2475 2476
f 2628 2627 2475
f 2629 2476 2477
f 2629 2628 2476
f 2630 2477 2478
f 2630 2629 2477
f 2631 2478 2479
f 2631 2630 2478
f 2632 2479 2480
f 2632 2631 2479
f 2633 2480 2481
f 2633 2632 2480
f 2634 2481 2482
f 2634 2633 2481
f 2635 2482 2483
f 2635 2634 2482
f 2636 2483 2484
f 2636 2635 2483
f 2637 2484 2485
f 2637 2636 2484
f 2638 2485 2486
f 2638 2637 2485
f 2639 2486 2487
f 2639 2638 2486
f 2640 2487 2488
f 2640 2639 2487
f 2641 2488 2489
f 2641 2640 2488
f 2642 2489 2490
f 2642 2641 2489
f 2643 2490 2491
f 2643 2642 2490
f 2644 2491 2492
f 2644 2643 2491
f 2492 2453 2605
f 2492 2605 2644
f 2646 2645 2493
f 2646 2493 2494
f 2493 2647 2495
f 2645 2647 2493
f 2495 2648 2496
f 2647 2648 2495
f 2496 2649 2497
f 2648 2649 2496
f 2497 2650 2498
f 2649 2650 2497
f 2498 2651 2499
f 2650 2651 2498
f 2499 2652 2500
f 2651 2652 2499
f 2500 2653 2501
f 2652 2653 2500
f 2501 2654 2502
f 2653 2654 2501
f 2502 2655 2503
f 2654 2655 2502
f 2503 2656 2504
f 2655 2656 2503
f 2504 2657 2505
f 2656 2657 2504
f 2505 2658 2506
f 2657 2658 2505
f 2506 2659 2507
f 2658 2659 2506
f 2507 2660 2508
f 2659 2660 2507
f 2508 2661 2509
f 2660 2661 2508
f 2509 2662 2510
f 2661 2662 2509
f 2510 2663 2511
f 2662 2663 2510
f 2511 2664 2512
f 2663 2664 2511
f 2512 2665 2513
f 2664 2665 2512
f 2513 2666 2514
f 2665 2666 2513
f 2514 2667 2515
f 2666 2667 2514
f 2515 2668 2516
f 2667 2668 2515
f 2516 2669 2517
f 2668 2669 2516
f 2517 2670 2518
f 2669 2670 2517
f 2518 2671 2519
f 2670 2671 2518
f 2519 2672 2520
f 2671 2672 2519
f 2520 2673 2521
f 2672 2673 2520
f 2521 2674 2522
f 2673 2674 2521
f 2522 2675 2523
f 2674 2675 2522
f 2523 2676 2524
f 2675 2676 2523
f 2524 2677 2525
f 2676 2677 2524
f 2525 2678 2526
f 2677 2678 2525
f 2526 2679 2527
f 2678 2679 2526
f 2527 2680 2528
f 2679 2680 2527
f 2528 2681 2529
f 2680 2681 2528
f 2529 2682 2530
f 2681 2682 2529
f 2530 2683 2531
f 2682 2683 2530
f 2532 2531 2683
f 2532 2683 2684
f 2686 2685 2533
f 2686 2533 2534
f 2494 2533 2646
f 2646 2533 2685
f 2684 2687 2532
f 2532 2687 2535
f 2536 2535 2687
f 2536 2687 2688
f 2537 2686 2534
f 2537 2689 2686
f 2688 2538 2536
f 2690 2538 2688
f 2539 2689 2537
f 2539 2691 2689
f 2690 2540 2538
f 2692 2540 2690
f 2541 2691 2539
f 2541 2693 2691
f 2692 2542 2540
f 2694 2542 2692
f 2543 2693 2541
f 2543 2695 2693
f 2694 2544 2542
f 2696 2544 2694
f 2545 2695 2543
f 2545 2697 2695
f 2696 2546 2544
f 2698 2546 2696
f 2547 2697 2545
f 2547 2699 2697
f 2698 2548 2546
f 2700 2548 2698
f 2549 2699 2547
f 2549 2701 2699
f 2700 2550 2548
f 2702 2550 2700
f 2551 2701 2549
f 2551 2703 2701
f 2702 2552 2550
f 2704 2552 2702
f 2553 2703 2551
f 2553 2705 2703
f 2704 2554 2552
f 2706 2554 2704
f 2555 2705 2553
f 2555 2707 2705
f 2706 2556 2554
f 2708 2556 2706
f 2557 2707 2555
f 2557 2709 2707
f 2708 2558 2556
f 2710 2558 2708
f 2559 2709 2557
f 2559 2711 2709
f 2710 2560 2558
f 2712 2560 2710
f 2561 2711 2559
f 2561 2713 2711
f 2712 2562 2560
f 2714 2562 2712
f 2563 2713 2561
f 2563 2715 2713
f 2714 2564 2562
f 2716 2564 2714
f 2565 2715 2563
f 2565 2717 2715
f 2716 2566 2564
f 2718 2566 2716
f 2567 2717 2565
f 2567 2719 2717
f 2718 2568 2566
f 2720 2568 2718
f 2569 2719 2567
f 2569 2721 2719
f 2720 2570 2568
f 2722 2570 2720
f 2571 2721 2569
f 2571 2723 2721
f 2722 2572 2570
f 2724 2572 2722
f 2573 2723 2571
f 2573 2725 2723
f 2724 2574 2572
f 2726 2574 2724
f 2575 2725 2573
f 2575 2727 2725
f 2726 2576 2574
f 2728 2576 2726
f 2577 2727 2575
f 2577 2729 2727
f 2728 2578 2576
f 2730 2578 2728
f 2579 2729 2577
f 2579 2731 2729
f 2730 2580 2578
f 2732 2580 2730
f 2581 2731 2579
f 2581 2733 2731
f 2732 2582 2580
f 2734 2582 2732
f 2583 2733 2581
f 2583 2735 2733
f 2734 2584 2582
f 2736 2584 2734
f 2585 2735 2583
f 2585 2737 2735
f 2736 2586 2584
f 2738 2586 2736
f 2587 2737 2585
f 2587 2739 2737
f 2738 2588 2586
f 2740 2588 2738
f 2589 2739 2587
f 2589 2741 2739
f 2740 2590 2588
f 2742 2590 2740
f 2591 2741 2589
f 2591 2743 2741
f 2742 2592 2590
f 2744 2592 2742
f 2593 2743 2591
f 2593 2745 2743
f 2744 2594 2592
f 2746 2594 2744
f 2595 2745 2593
f 2595 2747 2745
f 2746 2596 2594
f 2748 2596 2746
f 2597 2747 2595
f 2597 2749 2747
f 2748 2598 2596
f 2750 2598 2748
f 2599 2749 2597
f 2599 2751 2749
f 2750 2600 2598
f 2752 2600 2750
f 2601 2751 2599
f 2601 2753 2751
f 2752 2602 2600
f 2754 2602 2752
f 2755 2753 2601
f 2755 2601 2603
f 2603 2604 2755
f 2755 2604 2756
f 2758 2757 2606
f 2606 2757 2605
f 2606 2602 2754
f 2606 2754 2758
f 2759 2756 2604
f 2759 2604 2607
f 2760 2607 2608
f 2760 2759 2607
f 2761 2608 2609
f 2761 2760 2608
f 2762 2609 2610
f 2762 2761 2609
f 2763 2610 2611
f 2763 2762 2610
f 2764 2611 2612
f 2764 2763 2611
f 2765 2612 2613
f 2765 2764 2612
f 2766 2613 2614
f 2766 2765 2613
f 2767 2614 2615
f 2767 2766 2614
f 2768 2615 2616
f 2768 2767 2615
f 2769 2616 2617
f 2769 2768 2616
f 2770 2617 2618
f 2770 2769 2617
f 2771 2618 2619
f 2771 2770 2618
f 2772 2619 2620
f 2772 2771 2619
f 2773 2620 2621
f 2773 2772 2620
f 2774 2621 2622
f 2774 2773 2621
f 2775 2622 2623
f 2775 2774 2622
f 2776 2623 2624
f 2776 2775 2623
f 2777 2624 2625
f 2777 2776 2624
f 2778 2625 2626
f 2778 2777 2625
f 2779 2626 2627
f 2779 2778 2626
f 2780 2627 2628
f 2780 2779 2627
f 2781 2628 2629
f 2781 2780 2628
f 2782 2629 2630
f 2782 2781 2629
f 2783 2630 2631
f 2783 2782 2630
f 2784 2631 2632
f 2784 2783 2631
f 2785 2632 2633
f 2785 2784 2632
f 2786 2633 2634
f 2786 2785 2633
f 2787 2634 2635
f 2787 2786 2634
f 2788 2635 2636
f 2788 2787 2635
f 2789 2636 2637
f 2789 2788 2636
f 2790 2637 2638
f 2790 2789 2637
f 2791 2638 2639
f 2791 2790 2638
f 2792 2639 2640
f 2792 2791 2639
f 2793 2640 2641
f 2793 2792 2640
f 2794 2641 2642
f 2794 2793 2641
f 2795 2642 2643
f 2795 2794 2642
f 2796 2643 2644
f 2796 2795 2643
f 2644 2605 2757
f 2644 2757 2796
f 2798 2797 2645
f 2798 2645 2646
f 2645 2799 2647
f 2797 2799 2645
f 2647 2800 2648
f 2799 2800 2647
f 2648 2801 2649
f 2800 2801 2648
f 2649 2802 2650
f 2801 2802 2649
f 2650 2803 2651
f 2802 2803 2650
f 2651 2804 2652
f 2803 2804 2651
f 2652 2805 2653
f 2804 2805 2652
f 2653 2806 2654
f 2805 2806 2653
f 2654 2807 2655
f 2806 2807 2654
f 2655 2808 2656
f 2807 2808 2655
f 2656 2809 2657
f 2808 2809 2656
f 2657 2810 2658
f 2809 2810 2657
f 2658 2811 2659
f 2810 2811 2658
f 2659 2812 2660
f 2811 2812 2659
f 2660 2813 2661
f 2812 2813 2660
f 2661 2814 2662
f 2813 2814 2661
f 2662 2815 2663
f 2814 2815 2662
f 2663 2816 2664
f 2815 2816 2663
f 2664 2817 2665
f 2816 2817 2664
f 2665 2818 2666
f 2817 2818 2665
f 2666 2819 2667
f 2818 2819 2666
f 2667 2820 2668
f 2819 2820 2667
f 2668 2821 2669
f 2820 2821 2668
f 2669 2822 2670
f 2821 2822 2669
f 2670 2823 2671
f 2822 2823 2670
f 2671 2824 2672
f 2823 2824 2671
f 2672 2825 2673
f 2824 2825 2672
f 2673 2826 2674
f 2825 2826 2673
f 2674 2827 2675
f 2826 2827 2674
f 2675 2828 2676
f 2827 2828 2675
f 2676 2829 2677
f 2828 2829 2676
f 2677 2830 2678
f 2829 2830 2677
f 2678 2831 2679
f 2830 2831 2678
f 2679 2832 2680
f 2831 2832 2679
f 2680 2833 2681
f 2832 2833 2680
f 2681 2834 2682
f 2833 2834 2681
f 2682 2835 2683
f 2834 2835 2682
f 2684 2683 2835
f 2684 2835 2836
f 2838 2837 2685
f 2838 2685 2686
f 2646 2685 2798
f 2798 2685 2837
f 2836 2839 2684
f 2684 2839 2687
f 2688 2687 2839
f 2688 2839 2840
f 2689 2838 2686
f 2689 2841 2838
f 2840 2690 2688
f 2842 2690 2840
f 2691 2841 2689
f 2691 2843 2841
f 2842 2692 2690
f 2844 2692 2842
f 2693 2843 2691
f 2693 2845 2843
f 2844 2694 2692
f 2846 2694 2844
f 2695 2845 2693
f 2695 2847 2845
f 2846 2696 2694
f 2848 2696 2846
f 2697 2847 2695
f 2697 2849 2847
f 2848 2698 2696
f 2850 2698 2848
f 2699 2849 2697
f 2699 2851 2849
f 2850 2700 2698
f 2852 2700 2850
f 2701 2851 2699
f 2701 2853 2851
f 2852 2702 2700
f 2854 2702 2852
f 2703 2853 2701
f 2703 2855 2853
f 2854 2704 2702
f 2856 2704 2854
f 2705 2855 2703
f 2705 2857 2855
f 2856 2706 2704
f 2858 2706 2856
f 2707 2857 2705
f 2707 2859 2857
f 2858 2708 2706
f 2860 2708 2858
f 2709 2859 2707
f 2709 2861 2859
f 2860 2710 2708
f 2862 2710 2860
f 2711 2861 2709
f 2711 2863 2861
f 2862 2712 2710
f 2864 2712 2862
f 2713 2863 2711
f 2713 2865 2863
f 2864 2714 2712
f 2866 2714 2864
f 2715 2865 2713
f 2715 2867 2865
f 2866 2716 2714
f 2868 2716 2866
f 2717 2867 2715
f 2717 2869 2867
f 2868 2718 2716
f 2870 2718 2868
f 2719 2869 2717
f 2719 2871 2869
f 2870 2720 2718
f 2872 2720 2870
f 2721 2871 2719
f 2721 2873 2871
f 2872 2722 2720
f 2874 2722 2872
f 2723 2873 2721
f 2723 2875 2873
f 2874 2724 2722
f 2876 2724 2874
f 2725 2875 2723
f 2725 2877 2875
f 2876 2726 2724
f 2878 2726 2876
f 2727 2877 2725
f 2727 2879 2877
f 2878 2728 2726
f 2880 2728 2878
f 2729 2879 2727
f 2729 2881 2879
f 2880 2730 2728
f 2882 2730 2880
f 2731 2881 2729
f 2731 2883 2881
f 2882 2732 2730
f 2884 2732 2882
f 2733 2883 2731
f 2733 2885 2883
f 2884 2734 2732
f 2886 2734 2884
f 2735 2885 2733
f 2735 2887 2885
f 2886 2736 2734
f 2888 2736 2886
f 2737 2887 2735
f 2737 2889 2887
f 2888 2738 2736
f 2890 2738 2888
f 2739 2889 2737
f 2739 2891 2889
f 2890 2740 2738
f 2892 2740 2890
f 2741 2891 2739
f 2741 2893 2891
f 2892 2742 2740
f 2894 2742 2892
f 2743 2893 2741
f 2743 2895 2893
f 2894 2744 2742
f 2896 2744 2894
f 2745 2895 2743
f 2745 2897 2895
f 2896 2746 2744
f 2898 2746 2896
f 2747 2897 2745
f 2747 2899 2897
f 2898 2748 2746
f 2900 2748 2898
f 2749 2899 2747
f 2749 2901 2899
f 2900 2750 2748
f 2902 2750 2900
f 2751 2901 2749
f 2751 2903 2901
f 2902 2752 2750
f 2904 2752 2902
f 2753 2903 2751
f 2753 2905 2903
f 2904 2754 2752
f 2906 2754 2904
f 2907 2905 2753
f 2907 2753 2755
f 2755 2756 2907
f 2907 2756 2908
f 2910 2909 2758
f 2758 2909 2757
f 2758 2754 2906
f 2758 2906 2910
f 2911 2908 2756
f 2911 2756 2759
f 2912 2759 2760
f 2912 2911 2759
f 2913 2760 2761
f 2913 2912 2760
f 2914 2761 2762
f 2914 2913 2761
f 2915 2762 2763
f 2915 2914 2762
f 2916 2763 2764
f 2916 2915 2763
f 2917 2764 2765
f 2917 2916 2764
f 2918 2765 2766
f 2918 2917 2765
f 2919 2766 2767
f 2919 2918 2766
f 2920 2767 2768
f 2920 2919 2767
f 2921 2768 2769
f 2921 2920 2768
f 2922 2769 2770
f 2922 2921 2769
f 2923 2770 2771
f 2923 2922 2770
f 2924 2771 2772
f 2924 2923 2771
f 2925 2772 2773
f 2925 2924 2772
f 2926 2773 2774
f 2926 2925 2773
f 2927 2774 2775
f 2927 2926 2774
f 2928 2775 2776
f 2928 2927 2775
f 2929 2776 2777
f 2929 2928 2776
f 2930 2777 2778
f 2930 2929 2777
f 2931 2778 2779
f 2931 2930 2778
f 2932 2779 2780
f 2932 2931 2779
f 2933 2780 2781
f 2933 2932 2780
f 2934 2781 2782
f 2934 2933 2781
f 2935 2782 2783
f 2935 2934 2782
f 2936 2783 2784
f 2936 2935 2783
f 2937 2784 2785
f 2937 2936 2784
f 2938 2785 2786
f 2938 2937 2785
f 2939 2786 2787
f 2939 2938 2786
f 2940 2787 2788
f 2940 2939 2787
f 2941 2788 2789
f 2941 2940 2788
f 2942 2789 2790
f 2942 2941 2789
f 2943 2790 2791
f 2943 2942 2790
f 2944 2791 2792
f 2944 2943 2791
f 2945 2792 2793
f 2945 2944 2792
f 2946 2793 2794
f 2946 2945 2793
f 2947 2794 2795
f 2947 2946 2794
f 2948 2795 2796
f 2948 2947 2795
f 2796 2757 2909
f 2796 2909 2948
f 2950 2949 2797
f 2950 2797 2798
f 2797 2951 2799
f 2949 2951 2797
f 2799 2952 2800
f 2951 2952 2799
f 2800 2953 2801
f 2952 2953 2800
f 2801 2954 2802
f 2953 2954 2801
f 2802 2955 2803
f 2954 2955 2802
f 2803 2956 2804
f 2955 2956 2803
f 2804 2957 2805
f 2956 2957 2804
f 2805 2958 2806
f 2957 2958 2805
f 2806 2959 2807
f 2958 2959 2806
f 2807 2960 2808
f 2959 2960 2807
f 2808 2961 2809
f 2960 2961 2808
f 2809 2962 2810
f 2961 2962 2809
f 2810 2963 2811
f 2962 2963 2810
f 2811 2964 2812
f 2963 2964 2811
f 2812 2965 2813
f 2964 2965 2812
f 2813 2966 2814
f 2965 2966 2813
f 2814 2967 2815
f 2966 2967 2814
f 2815 2968 2816
f 2967 2968 2815
f 2816 2969 2817
f 2968 2969 2816
f 2817 2970 2818
f 2969 2970 2817
f 2818 2971 2819
f 2970 2971 2818
f 2819 2972 2820
f 2971 2972 2819
f 2820 2973 2821
f 2972 2973 2820
f 2821 2974 2822
f 2973 2974 2821
f 2822 2975 2823
f 2974 2975 2822
f 2823 2976 2824
f 2975 2976 2823
f 2824 2977 2825
f 2976 2977 2824
f 2825 2978 2826
f 2977 2978 2825
f 2826 2979 2827
f 2978 2979 2826
f 2827 2980 2828
f 2979 2980 2827
f 2828 2981 2829
f 2980 2981 2828
f 2829 2982 2830
f 2981 2982 2829
f 2830 2983 2831
f 2982 2983 2830
f 2831 2984 2832
f 2983 2984 2831
f 2832 2985 2833
f 2984 2985 2832
f 2833 2986 2834
f 2985 2986 2833
f 2834 2987 2835
f 2986 2987 2834
f 2836 2835 2987
f 2836 2987 2988
f 2990 2989 2837
f 2990 2837 2838
f 2798 2837 2950
f 2950 2837 2989
f 2988 2991 2836
f 2836 2991 2839
f 2840 2839 2991
f 2840 2991 2992
f 2841 2990 2838
f 2841 2993 2990
f 2992 2842 2840
f 2994 2842 2992
f 2843 2993 2841
f 2843 2995 2993
f 2994 2844 2842
f 2996 2844 2994
f 2845 2995 2843
f 2845 2997 2995
f 2996 2846 2844
f 2998 2846 2996
f 2847 2997 2845
f 2847 2999 2997
f 2998 2848 2846
f 3000 2848 2998
f 2849 2999 2847
f 2849 3001 2999
f 3000 2850 2848
f 3002 2850 3000
f 2851 3001 2849
f 2851 3003 3001
f 3002 2852 2850
f 3004 2852 3002
f 2853 3003 2851
f 2853 3005 3003
f 3004 2854 2852
f 3006 2854 3004
f 2855 3005 2853
f 2855 3007 3005
f 3006 2856 2854
f 3008 2856 3006
f 2857 3007 2855
f 2857 3009 3007
f 3008 2858 2856
f 3010 2858 3008
f 2859 3009 2857
f 2859 3011 3009
f 3010 2860 2858
f 3012 2860 3010
f 2861 3011 2859
f 2861 3013 3011
f 3012 2862 2860
f 3014 2862 3012
f 2863 3013 2861
f 2863 3015 3013
f 3014 2864 2862
f 3016 2864 3014
f 2865 3015 2863
f 2865 3017 3015
f 3016 2866 2864
f 3018 2866 3016
f 2867 3017 2865
f 2867 3019 3017
f 3018 2868 2866
f 3020 2868 3018
f 2869 3019 2867
f 2869 3021 3019
f 3020 2870 2868
f 3022 2870 3020
f 2871 3021 2869
f 2871 3023 3021
f 3022 2872 2870
f 3024 2872 3022
f 2873 3023 2871
f 2873 3025 3023
f 3024 2874 2872
f 3026 2874 3024
f 2875 3025 2873
f 2875 3027 3025
f 3026 2876 2874
f 3028 2876 3026
f 2877 3027 2875
f 2877 3029 3027
f 3028 2878 2876
f 3030 2878 3028
f 2879 3029 2877
f 2879 3031 3029
f 3030 2880 2878
f 3032 2880 3030
f 2881 3031 2879
f 2881 3033 3031
f 3032 2882 2880
f 3034 2882 3032
f 2883 3033 2881
f 2883 3035 3033
f 3034 2884 2882
f 3036 2884 3034
f 2885 3035 2883
f 2885 3037 3035
f 3036 2886 2884
f 3038 2886 3036
f 2887 3037 2885
f 2887 3039 3037
f 3038 2888 2886
f 3040 2888 3038
f 2889 3039 2887
f 2889 3041 3039
f 3040 2890 2888
f 3042 2890 3040
f 2891 3041 2889
f 2891 3043 3041
f 3042 2892 2890
f 3044 2892 3042
f 2893 3043 2891
f 2893 3045 3043
f 3044 2894 2892
f 3046 2894 3044
f 2895 3045 2893
f 2895 3047 3045
f 3046 2896 2894
f 3048 2896 3046
f 2897 3047 2895
f 2897 3049 3047
f 3048 2898 2896
f 3050 2898 3048
f 2899 3049 2897
f 2899 3051 3049
f 3050 2900 2898
f 3052 2900 3050
f 2901 3051 2899
f 2901 3053 3051
f 3052 2902 2900
f 3054 2902 3052
f 2903 3053 2901
f 2903 3055 3053
f 3054 2904 2902
f 3056 2904 3054
f 2905 3055 2903
f 2905 3057 3055
f 3056 2906 2904
f 3058 2906 3056
f 3059 3057 2905
f 3059 2905 2907
f 2907 2908 3059
f 3059 2908 3060
f 3062 3061 2910
f 2910 3061 2909
f 2910 2906 3058
f 2910 3058 3062
f 3063 3060 2908
f 3063 2908 2911
f 3064 2911 2912
f 3064 3063 2911
f 3065 2912 2913
f 3065 3064 2912
f 3066 2913 2914
f 3066 3065 2913
f 3067 2914 2915
f 3067 3066 2914
f 3068 2915 2916
f 3068 3067 2915
f 3069 2916 2917
f 3069 3068 2916
f 3070 2917 2918
f 3070 3069 2917
f 3071 2918 2919
f 3071 3070 2918
f 3072 2919 2920
f 3072 3071 2919
f 3073 2920 2921
f 3073 3072 2920
f 3074 2921 2922
f 3074 3073 2921
f 3075 2922 2923
f 3075 3074 2922
f 3076 2923 2924
f 3076 3075 2923
f 3077 2924 2925
f 3077 3076 2924
f 3078 2925 2926
f 3078 3077 2925
f 3079 2926 2927
f 3079 3078 2926
f 3080 2927 2928
f 3080 3079 2927
f 3081 2928 2929
f 3081 3080 2928
f 3082 2929 2930
f 3082 3081 2929
f 3083 2930 2931
f 3083 3082 2930
f 3084 2931 2932
f 3084 3083 2931
f 3085 2932 2933
f 3085 3084 2932
f 3086 2933 2934
f 3086 3085 2933
f 3087 2934 2935
f 3087 3086 2934
f 3088 2935 2936
f 3088 3087 2935
f 3089 2936 2937
f 3089 3088 2936
f 3090 2937 2938
f 3090 3089 2937
f 3091 2938 2939
f 3091 3090 2938
f 3092 2939 2940
f 3092 3091 2939
f 3093 2940 2941
f 3093 3092 2940
f 3094 2941 2942
f 3094 3093 2941
f 3095 2942 2943
f 3095 3094 2942
f 3096 2943 2944
f 3096 3095 2943
f 3097 2944 2945
f 3097 3096 2944
f 3098 2945 2946
f 3098 3097 2945
f 3099 2946 2947
f 3099 3098 2946
f 3100 2947 2948
f 3100 3099 2947
f 2948 2909 3061
f 2948 3061 3100
f 3102 3101 2949
f 3102 2949 2950
f 2949 3103 2951
f 3101 3103 2949
f 2951 3104 2952
f 3103 3104 2951
f 2952 3105 2953
f 3104 3105 2952
f 2953 3106 2954
f 3105 3106 2953
f 2954 3107 2955
f 3106 3107 2954
f 2955 3108 2956
f 3107 3108 2955
f 2956 3109 2957
f 3108 3109 2956
f 2957 3110 2958
f 3109 3110 2957
f 2958 3111 2959
f 3110 3111 2958
f 2959 3112 2960
f 3111 3112 2959
f 2960 3113 2961
f 3112 3113 2960
f 2961 3114 2962
f 3113 3114 2961
f 2962 3115 2963
f 3114 3115 2962
f 2963 3116 2964
f 3115 3116 2963
f 2964 3117 2965
f 3116 3117 2964
f 2965 3118 2966
f 3117 3118 2965
f 2966 3119 2967
f 3118 3119 2966
f 2967 3120 2968
f 3119 3120 2967
f 2968 3121 2969
f 3120 3121 2968
f 2969 3122 2970
f 3121 3122 2969
f 2970 3123 2971
f 3122 3123 2970
f 2971 3124 2972
f 3123 3124 2971
f 2972 3125 2973
f 3124 3125 2972
f 2973 3126 2974
f 3125 3126 2973
f 2974 3127 2975
f 3126 3127 2974
f 2975 3128 2976
f 3127 3128 2975
f 2976 3129 2977
f 3128 3129 2976
f 2977 3130 2978
f 3129 3130 2977
f 2978 3131 2979
f 3130 3131 2978
f 2979 3132 2980
f 3131 3132 2979
f 2980 3133 2981
f 3132 3133 2980
f 2981 3134 2982
f 3133 3134 2981
f 2982 3135 2983
f 3134 3135 2982
f 2983 3136 2984
f 3135 3136 2983
f 2984 3137 2985
f 3136 3137 2984
f 2985 3138 2986
f 3137 3138 2985
f 2986 3139 2987
f 3138 3139 2986
f 2988 2987 3139
f 2988 3139 3140
f 3142 3141 2989
f 3142 2989 2990
f 2950 2989 3102
f 3102 2989 3141
f 3140 3143 2988
f 2988 3143 2991
f 2992 2991 3143
f 2992 3143 3144
f 2993 3142 2990
f 2993 3145 3142
f 3144 2994 2992
f 3146 2994 3144
f 2995 3145 2993
f 2995 3147 3145
f 3146 2996 2994
f 3148 2996 3146
f 2997 3147 2995
f 2997 3149 3147
f 3148 2998 2996
f 3150 2998 3148
f 2999 3149 2997
f 2999 3151 3149
f 3150 3000 2998
f 3152 3000 3150
f 3001 3151 2999
f 3001 3153 3151
f 3152 3002 3000
f 3154 3002 3152
f 3003 3153 3001
f 3003 3155 3153
f 3154 3004 3002
f 3156 3004 3154
f 3005 3155 3003
f 3005 3157 3155
f 3156 3006 3004
f 3158 3006 3156
f 3007 3157 3005
f 3007 3159 3157
f 3158 3008 3006
f 3160 3008 3158
f 3009 3159 3007
f 3009 3161 3159
f 3160 3010 3008
f 3162 3010 3160
f 3011 3161 3009
f 3011 3163 3161
f 3162 3012 3010
f 3164 3012 3162
f 3013 3163 3011
f 3013 3165 3163
f 3164 3014 3012
f 3166 3014 3164
f 3015 3165 3013
f 3015 3167 3165
f 3166 3016 3014
f 3168 3016 3166
f 3017 3167 3015
f 3017 3169 3167
f 3168 3018 3016
f 3170 3018 3168
f 3019 3169 3017
f 3019 3171 3169
f 3170 3020 3018
f 3172 3020 3170
f 3021 3171 3019
f 3021 3173 3171
f 3172 3022 3020
f 3174 3022 3172
f 3023 3173 3021
f 3023 3175 3173
f 3174 3024 3022
f 3176 3024 3174
f 3025 3175 3023
f 3025 3177 3175
f 3176 3026 3024
f 3178 3026 3176
f 3027 3177 3025
f 3027 3179 3177
f 3178 3028 3026
f 3180 3028 3178
f 3029 3179 3027
f 3029 3181 3179
f 3180 3030 3028
f 3182 3030 3180
f 3031 3181 3029
f 3031 3183 3181
f 3182 3032 3030
f 3184 3032 3182
f 3033 3183 3031
f 3033 3185 3183
f 3184 3034 3032
f 3186 3034 3184
f 3035 3185 3033
f 3035 3187 3185
f 3186 3036 3034
f 3188 3036 3186
f 3037 3187 3035
f 3037 3189 3187
f 3188 3038 3036
f 3190 3038 3188
f 3039 3189 3037
f 3039 3191 3189
f 3190 3040 3038
f 3192 3040 3190
f 3041 3191 3039
f 3041 3193 3191
f 3192 3042 3040
f 3194 3042 3192
f 3043 3193 3041
f 3043 3195 3193
f 3194 3044 3042
f 3196 3044 3194
f 3045 3195 3043
f 3045 3197 3195
f 3196 3046 3044
f 3198 3046 3196
f 3047 3197 3045
f 3047 3199 3197
f 3198 3048 3046
f 3200 3048 3198
f 3049 3199 3047
f 3049 3201 3199
f 3200 3050 3048
f 3202 3050 3200
f 3051 3201 3049
f 3051 3203 3201
f 3202 3052 3050
f 3204 3052 3202
f 3053 3203 3051
f 3053 3205 3203
f 3204 3054 3052
f 3206 3054 3204
f 3055 3205 3053
f 3055 3207 3205
f 3206 3056 3054
f 3208 3056 3206
f 3057 3207 3055
f 3057 3209 3207
f 3208 3058 3056
f 3210 3058 3208
f 3211 3209 3057
f 3211 3057 3059
f 3059 3060 3211
f 3211 3060 3212
f 3214 3213 3062
f 3062 3213 3061
f 3062 3058 3210
f 3062 3210 3214
f 3215 3212 3060
f 3215 3060 3063
f 3216 3063 3064
f 3216 3215 3063
f 3217 3064 3065
f 3217 3216 3064
f 3218 3065 3066
f 3218 3217 3065
f 3219 3066 3067
f 3219 3218 3066
f 3220 3067 3068
f 3220 3219 3067
f 3221 3068 3069
f 3221 3220 3068
f 3222 3069 3070
f 3222 3221 3069
f 3223 3070 3071
f 3223 3222 3070
f 3224 3071 3072
f 3224 3223 3071
f 3225 3072 3073
f 3225 3224 3072
f 3226 3073 3074
f 3226 3225 3073
f 3227 3074 3075
f 3227 3226 3074
f 3228 3075 3076
f 3228 3227 3075
f 3229 3076 3077
f 3229 3228 3076
f 3230 3077 3078
f 3230 3229 3077
f 3231 3078 3079
f 3231 3230 3078
f 3232 3079 3080
f 3232 3231 3079
f 3233 3080 3081
f 3233 3232 3080
f 3234 3081 3082
f 3234 3233 3081
f 3235 3082 3083
f 3235 3234 3082
f 3236 3083 3084
f 3236 3235 3083
f 3237 3084 3085
f 3237 3236 3084
f 3238 3085 3086
f 3238 3237 3085
f 3239 3086 3087
f 3239 3238 3086
f 3240 3087 3088
f 3240 3239 3087
f 3241 3088 3089
f 3241 3240 3088
f 3242 3089 3090
f 3242 3241 3089
f 3243 3090 3091
f 3243 3242 3090
f 3244 3091 3092
f 3244 3243 3091
f 3245 3092 3093
f 3245 3244 3092
f 3246 3093 3094
f 3246 3245 3093
f 3247 3094 3095
f 3247 3246 3094
f 3248 3095 3096
f 3248 3247 3095
f 3249 3096 3097
f 3249 3248 3096
f 3250 3097 3098
f 3250 3249 3097
f 3251 3098 3099
f 3251 3250 3098
f 3252 3099 3100
f 3252 3251 3099
f 3100 3061 3213
f 3100 3213 3252
f 3254 3253 3101
f 3254 3101 3102
f 3101 3255 3103
f 3253 3255 3101
f 3103 3256 3104
f 3255 3256 3103
f 3104 3257 3105
f 3256 3257 3104
f 3105 3258 3106
f 3257 3258 3105
f 3106 3259 3107
f 3258 3259 3106
f 3107 3260 3108
f 3259 3260 3107
f 3108 3261 3109
f 3260 3261 3108
f 3109 3262 3110
f 3261 3262 3109
f 3110 3263 3111
f 3262 3263 3110
f 3111 3264 3112
f 3263 3264 3111
f 3112 3265 3113
f 3264 3265 3112
f 3113 3266 3114
f 3265 3266 3113
f 3114 3267 3115
f 3266 3267 3114
f 3115 3268 3116
f 3267 3268 3115
f 3116 3269 3117
f 3268 3269 3116
f 3117 3270 3118
f 3269 3270 3117
f 3118 3271 3119
f 3270 3271 3118
f 3119 3272 3120
f 3271 3272 3119
f 3120 3273 3121
f 3272 3273 3120
f 3121 3274 3122
f 3273 3274 3121
f 3122 3275 3123
f 3274 3275 3122
f 3123 3276 3124
f 3275 3276 3123
f 3124 3277 3125
f 3276 3277 3124
f 3125 3278 3126
f 3277 3278 3125
f 3126 3279 3127
f 3278 3279 3126
f 3127 3280 3128
f 3279 3280 3127
f 3128 3281 3129
f 3280 3281 3128
f 3129 3282 3130
f 3281 3282 3129
f 3130 3283 3131
f 3282 3283 3130
f 3131 3284 3132
f 3283 3284 3131
f 3132 3285 3133
f 3284 3285 3132
f 3133 3286 3134
f 3285 3286 3133
f 3134 3287 3135
f 3286 3287 3134
f 3135 3288 3136
f 3287 3288 3135
f 3136 3289 3137
f 3288 3289 3136
f 3137 3290 3138
f 3289 3290 3137
f 3138 3291 3139
f 3290 3291 3138
f 3140 3139 3291
f 3140 3291 3292
f 3294 3293 3141
f 3294 3141 3142
f 3102 3141 3254
f 3254 3141 3293
f 3292 3295 3140
f 3140 3295 3143
f 3144 3143 3295
f 3144 3295 3296
f 3145 3294 3142
f 3145 3297 3294
f 3296 3146 3144
f 3298 3146 3296
f 3147 3297 3145
f 3147 3299 3297
f 3298 3148 3146
f 3300 3148 3298
f 3149 3299 3147
f 3149 3301 3299
f 3300 3150 3148
f 3302 3150 3300
f 3151 3301 3149
f 3151 3303 3301
f 3302 3152 3150
f 3304 3152 3302
f 3153 3303 3151
f 3153 3305 3303
f 3304 3154 3152
f 3306 3154 3304
f 3155 3305 3153
f 3155 3307 3305
f 3306 3156 3154
f 3308 3156 3306
f 3157 3307 3155
f 3157 3309 3307
f 3308 3158 3156
f 3310 3158 3308
f 3159 3309 3157
f 3159 3311 3309
f 3310 3160 3158
f 3312 3160 3310
f 3161 3311 3159
f 3161 3313 3311
f 3312 3162 3160
f 3314 3162 3312
f 3163 3313 3161
f 3163 3315 3313
f 3314 3164 3162
f 3316 3164 3314
f 3165 3315 3163
f 3165 3317 3315
f 3316 3166 3164
f 3318 3166 3316
f 3167 3317 3165
f 3167 3319 3317
f 3318 3168 3166
f 3320 3168 3318
f 3169 3319 3167
f 3169 3321 3319
f 3320 3170 3168
f 3322 3170 3320
f 3171 3321 3169
f 3171 3323 3321
f 3322 3172 3170
f 3324 3172 3322
f 3173 3323 3171
f 3173 3325 3323
f 3324 3174 3172
f 3326 3174 3324
f 3175 3325 3173
f 3175 3327 3325
f 3326 3176 3174
f 3328 3176 3326
f 3177 3327 3175
f 3177 3329 3327
f 3328 3178 3176
f 3330 3178 3328
f 3179 3329 3177
f 3179 3331 3329
f 3330 3180 3178
f 3332 3180 3330
f 3181 3331 3179
f 3181 3333 3331
f 3332 3182 3180
f 3334 3182 3332
f 3183 3333 3181
f 3183 3335 3333
f 3334 3184 3182
f 3336 3184 3334
f 3185 3335 3183
f 3185 3337 3335
f 3336 3186 3184
f 3338 3186 3336
f 3187 3337 3185
f 3187 3339 3337
f 3338 3188 3186
f 3340 3188 3338
f 3189 3339 3187
f 3189 3341 3339
f 3340 3190 3188
f 3342 3190 3340
f 3191 3341 3189
f 3191 3343 3341
f 3342 3192 3190
f 3344 3192 3342
f 3193 3343 3191
f 3193 3345 3343
f 3344 3194 3192
f 3346 3194 3344
f 3195 3345 3193
f 3195 3347 3345
f 3346 3196 3194
f 3348 3196 3346
f 3197 3347 3195
f 3197 3349 3347
f 3348 3198 3196
f 3350 3198 3348
f 3199 3349 3197
f 3199 3351 3349
f 3350 3200 3198
f 3352 3200 3350
f 3201 3351 3199
f 3201 3353 3351
f 3352 3202 3200
f 3354 3202 3352
f 3203 3353 3201
f 3203 3355 3353
f 3354 3204 3202
f 3356 3204 3354
f 3205 3355 3203
f 3205 3357 3355
f 3356 3206 3204
f 3358 3206 3356
f 3207 3357 3205
f 3207 3359 3357
f 3358 3208 3206
f 3360 3208 3358
f 3209 3359 3207
f 3209 3361 3359
f 3360 3210 3208
f 3362 3210 3360
f 3363 3361 3209
f 3363 3209 3211
f 3211 3212 3363
f 3363 3212 3364
f 3366 3365 3214
f 3214 3365 3213
f 3214 3210 3362
f 3214 3362 3366
f 3367 3364 3212
f 3367 3212 3215
f 3368 3215 3216
f 3368 3367 3215
f 3369 3216 3217
f 3369 3368 3216
f 3370 3217 3218
f 3370 3369 3217
f 3371 3218 3219
f 3371 3370 3218
f 3372 3219 3220
f 3372 3371 3219
f 3373 3220 3221
f 3373 3372 3220
f 3374 3221 3222
f 3374 3373 3221
f 3375 3222 3223
f 3375 3374 3222
f 3376 3223 3224
f 3376 3375 3223
f 3377 3224 3225
f 3377 3376 3224
f 3378 3225 3226
f 3378 3377 3225
f 3379 3226 3227
f 3379 3378 3226
f 3380 3227 3228
f 3380 3379 3227
f 3381 3228 3229
f 3381 3380 3228
f 3382 3229 3230
f 3382 3381 3229
f 3383 3230 3231
f 3383 3382 3230
f 3384 3231 3232
f 3384 3383 3231
f 3385 3232 3233
f 3385 3384 3232
f 3386 3233 3234
f 3386 3385 3233
f 3387 3234 3235
f 3387 3386 3234
f 3388 3235 3236
f 3388 3387 3235
f 3389 3236 3237
f 3389 3388 3236
f 3390 3237 3238
f 3390 3389 3237
f 3391 3238 3239
f 3391 3390 3238
f 3392 3239 3240
f 3392 3391 3239
f 3393 3240 3241
f 3393 3392 3240
f 3394 3241 3242
f 3394 3393 3241
f 3395 3242 3243
f 3395 3394 3242
f 3396 3243 3244
f 3396 3395 3243
f 3397 3244 3245
f 3397 3396 3244
f 3398 3245 3246
f 3398 3397 3245
f 3399 3246 3247
f 3399 3398 3246
f 3400 3247 3248
f 3400 3399 3247
f 3401 3248 3249
f 3401 3400 3248
f 3402 3249 3250
f 3402 3401 3249
f 3403 3250 3251
f 3403 3402 3250
f 3404 3251 3252
f 3404 3403 3251
f 3252 3213 3365
f 3252 3365 3404
f 3406 3405 3253
f 3406 3253 3254
f 3253 3407 3255
f 3405 3407 3253
f 3255 3408 3256
f 3407 3408 3255
f 3256 3409 3257
f 3408 3409 3256
f 3257 3410 3258
f 3409 3410 3257
f 3258 3411 3259
f 3410 3411 3258
f 3259 3412 3260
f 3411 3412 3259
f 3260 3413 3261
f 3412 3413 3260
f 3261 3414 3262
f 3413 3414 3261
f 3262 3415 3263
f 3414 3415 3262
f 3263 3416 3264
f 3415 3416 3263
f 3264 3417 3265
f 3416 3417 3264
f 3265 3418 3266
f 3417 3418 3265
f 3266 3419 3267
f 3418 3419 3266
f 3267 3420 3268
f 3419 3420 3267
f 3268 3421 3269
f 3420 3421 3268
f 3269 3422 3270
f 3421 3422 3269
f 3270 3423 3271
f 3422 3423 3270
f 3271 3424 3272
f 3423 3424 3271
f 3272 3425 3273
f 3424 3425 3272
f 3273 3426 3274
f 3425 3426 3273
f 3274 3427 3275
f 3426 3427 3274
f 3275 3428 3276
f 3427 3428 3275
f 3276 3429 3277
f 3428 3429 3276
f 3277 3430 3278
f 3429 3430 3277
f 3278 3431 3279
f 3430 3431 3278
f 3279 3432 3280
f 3431 3432 3279
f 3280 3433 3281
f 3432 3433 3280
f 3281 3434 3282
f 3433 3434 3281
f 3282 3435 3283
f 3434 3435 3282
f 3283 3436 3284
f 3435 3436 3283
f 3284 3437 3285
f 3436 3437 3284
f 3285 3438 3286
f 3437 3438 3285
f 3286 3439 3287
f 3438 3439 3286
f 3287 3440 3288
f 3439 3440 3287
f 3288 3441 3289
f 3440 3441 3288
f 3289 3442 3290
f 3441 3442 3289
f 3290 3443 3291
f 3442 3443 3290
f 3292 3291 3443
f 3292 3443 3444
f 3446 3445 3293
f 3446 3293 3294
f 3254 3293 3406
f 3406 3293 3445
f 3444 3447 3292
f 3292 3447 3295
f 3296 3295 3447
f 3296 3447 3448
f 3297 3446 3294
f 3297 3449 3446
f 3448 3298 3296
f 3450 3298 3448
f 3299 3449 3297
f 3299 3451 3449
f 3450 3300 3298
f 3452 3300 3450
f 3301 3451 3299
f 3301 3453 3451
f 3452 3302 3300
f 3454 3302 3452
f 3303 3453 3301
f 3303 3455 3453
f 3454 3304 3302
f 3456 3304 3454
f 3305 3455 3303
f 3305 3457 3455
f 3456 3306 3304
f 3458 3306 3456
f 3307 3457 3305
f 3307 3459 3457
f 3458 3308 3306
f 3460 3308 3458
f 3309 3459 3307
f 3309 3461 3459
f 3460 3310 3308
f 3462 3310 3460
f 3311 3461 3309
f 3311 3463 3461
f 3462 3312 3310
f 3464 3312 3462
f 3313 3463 3311
f 3313 3465 3463
f 3464 3314 3312
f 3466 3314 3464
f 3315 3465 3313
f 3315 3467 3465
f 3466 3316 3314
f 3468 3316 3466
f 3317 3467 3315
f 3317 3469 3467
f 3468 3318 3316
f 3470 3318 3468
f 3319 3469 3317
f 3319 3471 3469
f 3470 3320 3318
f 3472 3320 3470
f 3321 3471 3319
f 3321 3473 3471
f 3472 3322 3320
f 3474 3322 3472
f 3323 3473 3321
f 3323 3475 3473
f 3474 3324 3322
f 3476 3324 3474
f 3325 3475 3323
f 3325 3477 3475
f 3476 3326 3324
f 3478 3326 3476
f 3327 3477 3325
f 3327 3479 3477
f 3478 3328 3326
f 3480 3328 3478
f 3329 3479 3327
f 3329 3481 3479
f 3480 3330 3328
f 3482 3330 3480
f 3331 3481 3329
f 3331 3483 3481
f 3482 3332 3330
f 3484 3332 3482
f 3333 3483 3331
f 3333 3485 3483
f 3484 3334 3332
f 3486 3334 3484
f 3335 3485 3333
f 3335 3487 3485
f 3486 3336 3334
f 3488 3336 3486
f 3337 3487 3335
f 3337 3489 3487
f 3488 3338 3336
f 3490 3338 3488
f 3339 3489 3337
f 3339 3491 3489
f 3490 3340 3338
f 3492 3340 3490
f 3341 3491 3339
f 3341 3493 3491
f 3492 3342 3340
f 3494 3342 3492
f 3343 3493 3341
f 3343 3495 3493
f 3494 3344 3342
f 3496 3344 3494
f 3345 3495 3343
f 3345 3497 3495
f 3496 3346 3344
f 3498 3346 3496
f 3347 3497 3345
f 3347 3499 3497
f 3498 3348 3346
f 3500 3348 3498
f 3349 3499 3347
f 3349 3501 3499
f 3500 3350 3348
f 3502 3350 3500
f 3351 3501 3349
f 3351 3503 3501
f 3502 3352 3350
f 3504 3352 3502
f 3353 3503 3351
f 3353 3505 3503
f 3504 3354 3352
f 3506 3354 3504
f 3355 3505 3353
f 3355 3507 3505
f 3506 3356 3354
f 3508 3356 3506
f 3357 3507 3355
f 3357 3509 3507
f 3508 3358 3356
f 3510 3358 3508
f 3359 3509 3357
f 3359 3511 3509
f 3510 3360 3358
f 3512 3360 3510
f 3361 3511 3359
f 3361 3513 3511
f 3512 3362 3360
f 3514 3362 3512
f 3515 3513 3361
f 3515 3361 3363
f 3363 3364 3515
f 3515 3364 3516
f 3518 3517 3366
f 3366 3517 3365
f 3366 3362 3514
f 3366 3514 3518
f 3519 3516 3364
f 3519 3364 3367
f 3520 3367 3368
f 3520 3519 3367
f 3521 3368 3369
f 3521 3520 3368
f 3522 3369 3370
f 3522 3521 3369
f 3523 3370 3371
f 3523 3522 3370
f 3524 3371 3372
f 3524 3523 3371
f 3525 3372 3373
f 3525 3524 3372
f 3526 3373 3374
f 3526 3525 3373
f 3527 3374 3375
f 3527 3526 3374
f 3528 3375 3376
f 3528 3527 3375
f 3529 3376 3377
f 3529 3528 3376
f 3530 3377 3378
f 3530 3529 3377
f 3531 3378 3379
f 3531 3530 3378
f 3532 3379 3380
f 3532 3531 3379
f 3533 3380 3381
f 3533 3532 3380
f 3534 3381 3382
f 3534 3533 3381
f 3535 3382 3383
f 3535 3534 3382
f 3536 3383 3384
f 3536 3535 3383
f 3537 3384 3385
f 3537 3536 3384
f 3538 3385 3386
f 3538 3537 3385
f 3539 3386 3387
f 3539 3538 3386
f 3540 3387 3388
f 3540 3539 3387
f 3541 3388 3389
f 3541 3540 3388
f 3542 3389 3390
f 3542 3541 3389
f 3543 3390 3391
f 3543 3542 3390
f 3544 3391 3392
f 3544 3543 3391
f 3545 3392 3393
f 3545 3544 3392
f 3546 3393 3394
f 3546 3545 3393
f 3547 3394 3395
f 3547 3546 3394
f 3548 3395 3396
f 3548 3547 3395
f 3549 3396 3397
f 3549 3548 3396
f 3550 3397 3398
f 3550 3549 3397
f 3551 3398 3399
f 3551 3550 3398
f 3552 3399 3400
f 3552 3551 3399
f 3553 3400 3401
f 3553 3552 3400
f 3554 3401 3402
f 3554 3553 3401
f 3555 3402 3403
f 3555 3554 3402
f 3556 3403 3404
f 3556 3555 3403
f 3404 3365 3517
f 3404 3517 3556
f 3558 3557 3405
f 3558 3405 3406
f 3405 3559 3407
f 3557 3559 3405
f 3407 3560 3408
f 3559 3560 3407
f 3408 3561 3409
f 3560 3561 3408
f 3409 3562 3410
f 3561 3562 3409
f 3410 3563 3411
f 3562 3563 3410
f 3411 3564 3412
f 3563 3564 3411
f 3412 3565 3413
f 3564 3565 3412
f 3413 3566 3414
f 3565 3566 3413
f 3414 3567 3415
f 3566 3567 3414
f 3415 3568 3416
f 3567 3568 3415
f 3416 3569 3417
f 3568 3569 3416
f 3417 3570 3418
f 3569 3570 3417
f 3418 3571 3419
f 3570 3571 3418
f 3419 3572 3420
f 3571 3572 3419
f 3420 3573 3421
f 3572 3573 3420
f 3421 3574 3422
f 3573 3574 3421
f 3422 3575 3423
f 3574 3575 3422
f 3423 3576 3424
f 3575 3576 3423
f 3424 3577 3425
f 3576 3577 3424
f 3425 3578 3426
f 3577 3578 3425
f 3426 3579 3427
f 3578 3579 3426
f 3427 3580 3428
f 3579 3580 3427
f 3428 3581 3429
f 3580 3581 3428
f 3429 3582 3430
f 3581 3582 3429
f 3430 3583 3431
f 3582 3583 3430
f 3431 3584 3432
f 3583 3584 3431
f 3432 3585 3433
f 3584 3585 3432
f 3433 3586 3434
f 3585 3586 3433
f 3434 3587 3435
f 3586 3587 3434
f 3435 3588 3436
f 3587 3588 3435
f 3436 3589 3437
f 3588 3589 3436
f 3437 3590 3438
f 3589 3590 3437
f 3438 3591 3439
f 3590 3591 3438
f 3439 3592 3440
f 3591 3592 3439
f 3440 3593 3441
f 3592 3593 3440
f 3441 3594 3442
f 3593 3594 3441
f 3442 3595 3443
f 3594 3595 3442
f 3444 3443 3595
f 3444 3595 3596
f 3598 3597 3445
f 3598 3445 3446
f 3406 3445 3558
f 3558 3445 3597
f 3596 3599 3444
f 3444 3599 3447
f 3448 3447 3599
f 3448 3599 3600
f 3449 3598 3446
f 3449 3601 3598
f 3600 3450 3448
f 3602 3450 3600
f 3451 3601 3449
f 3451 3603 3601
f 3602 3452 3450
f 3604 3452 3602
f 3453 3603 3451
f 3453 3605 3603
f 3604 3454 3452
f 3606 3454 3604
f 3455 3605 3453
f 3455 3607 3605
f 3606 3456 3454
f 3608 3456 3606
f 3457 3607 3455
f 3457 3609 3607
f 3608 3458 3456
f 3610 3458 3608
f 3459 3609 3457
f 3459 3611 3609
f 3610 3460 3458
f 3612 3460 3610
f 3461 3611 3459
f 3461 3613 3611
f 3612 3462 3460
f 3614 3462 3612
f 3463 3613 3461
f 3463 3615 3613
f 3614 3464 3462
f 3616 3464 3614
f 3465 3615 3463
f 3465 3617 3615
f 3616 3466 3464
f 3618 3466 3616
f 3467 3617 3465
f 3467 3619 3617
f 3618 3468 3466
f 3620 3468 3618
f 3469 3619 3467
f 3469 3621 3619
f 3620 3470 3468
f 3622 3470 3620
f 3471 3621 3469
f 3471 3623 3621
f 3622 3472 3470
f 3624 3472 3622
f 3473 3623 3471
f 3473 3625 3623
f 3624 3474 3472
f 3626 3474 3624
f 3475 3625 3473
f 3475 3627 3625
f 3626 3476 3474
f 3628 3476 3626
f 3477 3627 3475
f 3477 3629 3627
f 3628 3478 3476
f 3630 3478 3628
f 3479 3629 3477
f 3479 3631 3629
f 3630 3480 3478
f 3632 3480 3630
f 3481 3631 3479
f 3481 3633 3631
f 3632 3482 3480
f 3634 3482 3632
f 3483 3633 3481
f 3483 3635 3633
f 3634 3484 3482
f 3636 3484 3634
f 3485 3635 3483
f 3485 3637 3635
f 3636 3486 3484
f 3638 3486 3636
f 3487 3637 3485
f 3487 3639 3637
f 3638 3488 3486
f 3640 3488 3638
f 3489 3639 3487
f 3489 3641 3639
f 3640 3490 3488
f 3642 3490 3640
f 3491 3641 3489
f 3491 3643 3641
f 3642 3492 3490
f 3644 3492 3642
f 3493 3643 3491
f 3493 3645 3643
f 3644 3494 3492
f 3646 3494 3644
f 3495 3645 3493
f 3495 3647 3645
f 3646 3496 3494
f 3648 3496 3646
f 3497 3647 3495
f 3497 3649 3647
f 3648 3498 3496
f 3650 3498 3648
f 3499 3649 3497
f 3499 3651 3649
f 3650 3500 3498
f 3652 3500 3650
f 3501 3651 3499
f 3501 3653 3651
f 3652 3502 3500
f 3654 3502 3652
f 3503 3653 3501
f 3503 3655 3653
f 3654 3504 3502
f 3656 3504 3654
f 3505 3655 3503
f 3505 3657 3655
f 3656 3506 3504
f 3658 3506 3656
f 3507 3657 3505
f 3507 3659 3657
f 3658 3508 3506
f 3660 3508 3658
f 3509 3659 3507
f 3509 3661 3659
f 3660 3510 3508
f 3662 3510 3660
f 3511 3661 3509
f 3511 3663 3661
f 3662 3512 3510
f 3664 3512 3662
f 3513 3663 3511
f 3513 3665 3663
f 3664 3514 3512
f 3666 3514 3664
f 3667 3665 3513
f 3667 3513 3515
f 3515 3516 3667
f 3667 3516 3668
f 3670 3669 3518
f 3518 3669 3517
f 3518 3514 3666
f 3518 3666 3670
f 3671 3668 3516
f 3671 3516 3519
f 3672 3519 3520
f 3672 3671 3519
f 3673 3520 3521
f 3673 3672 3520
f 3674 3521 3522
f 3674 3673 3521
f 3675 3522 3523
f 3675 3674 3522
f 3676 3523 3524
f 3676 3675 3523
f 3677 3524 3525
f 3677 3676 3524
f 3678 3525 3526
f 3678 3677 3525
f 3679 3526 3527
f 3679 3678 3526
f 3680 3527 3528
f 3680 3679 3527
f 3681 3528 3529
f 3681 3680 3528
f 3682 3529 3530
f 3682 3681 3529
f 3683 3530 3531
f 3683 3682 3530
f 3684 3531 3532
f 3684 3683 3531
f 3685 3532 3533
f 3685 3684 3532
f 3686 3533 3534
f 3686 3685 3533
f 3687 3534 3535
f 3687 3686 3534
f 3688 3535 3536
f 3688 3687 3535
f 3689 3536 3537
f 3689 3688 3536
f 3690 3537 3538
f 3690 3689 3537
f 3691 3538 3539
f 3691 3690 3538
f 3692 3539 3540
f 3692 3691 3539
f 3693 3540 3541
f 3693 3692 3540
f 3694 3541 3542
f 3694 3693 3541
f 3695 3542 3543
f 3695 3694 3542
f 3696 3543 3544
f 3696 3695 3543
f 3697 3544 3545
f 3697 3696 3544
f 3698 3545 3546
f 3698 3697 3545
f 3699 3546 3547
f 3699 3698 3546
f 3700 3547 3548
f 3700 3699 3547
f 3701 3548 3549
f 3701 3700 3548
f 3702 3549 3550
f 3702 3701 3549
f 3703 3550 3551
f 3703 3702 3550
f 3704 3551 3552
f 3704 3703 3551
f 3705 3552 3553
f 3705 3704 3552
f 3706 3553 3554
f 3706 3705 3553
f 3707 3554 3555
f 3707 3706 3554
f 3708 3555 3556
f 3708 3707 3555
f 3556 3517 3669
f 3556 3669 3708
f 3710 3709 3557
f 3710 3557 3558
f 3557 3711 3559
f 3709 3711 3557
f 3559 3712 3560
f 3711 3712 3559
f 3560 3713 3561
f 3712 3713 3560
f 3561 3714 3562
f 3713 3714 3561
f 3562 3715 3563
f 3714 3715 3562
f 3563 3716 3564
f 3715 3716 3563
f 3564 3717 3565
f 3716 3717 3564
f 3565 3718 3566
f 3717 3718 3565
f 3566 3719 3567
f 3718 3719 3566
f 3567 3720 3568
f 3719 3720 3567
f 3568 3721 3569
f 3720 3721 3568
f 3569 3722 3570
f 3721 3722 3569
f 3570 3723 3571
f 3722 3723 3570
f 3571 3724 3572
f 3723 3724 3571
f 3572 3725 3573
f 3724 3725 3572
f 3573 3726 3574
f 3725 3726 3573
f 3574 3727 3575
f 3726 3727 3574
f 3575 3728 3576
f 3727 3728 3575
f 3576 3729 3577
f 3728 3729 3576
f 3577 3730 3578
f 3729 3730 3577
f 3578 3731 3579
f 3730 3731 3578
f 3579 3732 3580
f 3731 3732 3579
f 3580 3733 3581
f 3732 3733 3580
f 3581 3734 3582
f 3733 3734 3581
f 3582 3735 3583
f 3734 3735 3582
f 3583 3736 3584
f 3735 3736 3583
f 3584 3737 3585
f 3736 3737 3584
f 3585 3738 3586
f 3737 3738 3585
f 3586 3739 3587
f 3738 3739 3586
f 3587 3740 3588
f 3739 3740 3587
f 3588 3741 3589
f 3740 3741 3588
f 3589 3742 3590
f 3741 3742 3589
f 3590 3743 3591
f 3742 3743 3590
f 3591 3744 3592
f 3743 3744 3591
f 3592 3745 3593
f 3744 3745 3592
f 3593 3746 3594
f 3745 3746 3593
f 3594 3747 3595
f 3746 3747 3594
f 3596 3595 3747
f 3596 3747 3748
f 3750 3749 3597
f 3750 3597 3598
f 3558 3597 3710
f 3710 3597 3749
f 3748 3751 3596
f 3596 3751 3599
f 3600 3599 3751
f 3600 3751 3752
f 3601 3750 3598
f 3601 3753 3750
f 3752 3602 3600
f 3754 3602 3752
f 3603 3753 3601
f 3603 3755 3753
f 3754 3604 3602
f 3756 3604 3754
f 3605 3755 3603
f 3605 3757 3755
f 3756 3606 3604
f 3758 3606 3756
f 3607 3757 3605
f 3607 3759 3757
f 3758 3608 3606
f 3760 3608 3758
f 3609 3759 3607
f 3609 3761 3759
f 3760 3610 3608
f 3762 3610 3760
f 3611 3761 3609
f 3611 3763 3761
f 3762 3612 3610
f 3764 3612 3762
f 3613 3763 3611
f 3613 3765 3763
f 3764 3614 3612
f 3766 3614 3764
f 3615 3765 3613
f 3615 3767 3765
f 3766 3616 3614
f 3768 3616 3766
f 3617 3767 3615
f 3617 3769 3767
f 3768 3618 3616
f 3770 3618 3768
f 3619 3769 3617
f 3619 3771 3769
f 3770 3620 3618
f 3772 3620 3770
f 3621 3771 3619
f 3621 3773 3771
f 3772 3622 3620
f 3774 3622 3772
f 3623 3773 3621
f 3623 3775 3773
f 3774 3624 3622
f 3776 3624 3774
f 3625 3775 3623
f 3625 3777 3775
f 3776 3626 3624
f 3778 3626 3776
f 3627 3777 3625
f 3627 3779 3777
f 3778 3628 3626
f 3780 3628 3778
f 3629 3779 3627
f 3629 3781 3779
f 3780 3630 3628
f 3782 3630 3780
f 3631 3781 3629
f 3631 3783 3781
f 3782 3632 3630
f 3784 3632 3782
f 3633 3783 3631
f 3633 3785 3783
f 3784 3634 3632
f 3786 3634 3784
f 3635 3785 3633
f 3635 3787 3785
f 3786 3636 3634
f 3788 3636 3786
f 3637 3787 3635
f 3637 3789 3787
f 3788 3638 3636
f 3790 3638 3788
f 3639 3789 3637
f 3639 3791 3789
f 3790 3640 3638
f 3792 3640 3790
f 3641 3791 3639
f 3641 3793 3791
f 3792 3642 3640
f 3794 3642 3792
f 3643 3793 3641
f 3643 3795 3793
f 3794 3644 3642
f 3796 3644 3794
f 3645 3795 3643
f 3645 3797 3795
f 3796 3646 3644
f 3798 3646 3796
f 3647 3797 3645
f 3647 3799 3797
f 3798 3648 3646
f 3800 3648 3798
f 3649 3799 3647
f 3649 3801 3799
f 3800 3650 3648
f 3802 3650 3800
f 3651 3801 3649
f 3651 3803 3801
f 3802 3652 3650
f 3804 3652 3802
f 3653 3803 3651
f 3653 3805 3803
f 3804 3654 3652
f 3806 3654 3804
f 3655 3805 3653
f 3655 3807 3805
f 3806 3656 3654
f 3808 3656 3806
f 3657 3807 3655
f 3657 3809 3807
f 3808 3658 3656
f 3810 3658 3808
f 3659 3809 3657
f 3659 3811 3809
f 3810 3660 3658
f 3812 3660 3810
f 3661 3811 3659
f 3661 3813 3811
f 3812 3662 3660
f 3814 3662 3812
f 3663 3813 3661
f 3663 3815 3813
f 3814 3664 3662
f 3816 3664 3814
f 3665 3815 3663
f 3665 3817 3815
f 3816 3666 3664
f 3818 3666 3816
f 3819 3817 3665
f 3819 3665 3667
f 3667 3668 3819
f 3819 3668 3820
f 3822 3821 3670
f 3670 3821 3669
f 3670 3666 3818
f 3670 3818 3822
f 3823 3820 3668
f 3823 3668 3671
f 3824 3671 3672
f 3824 3823 3671
f 3825 3672 3673
f 3825 3824 3672
f 3826 3673 3674
f 3826 3825 3673
f 3827 3674 3675
f 3827 3826 3674
f 3828 3675 3676
f 3828 3827 3675
f 3829 3676 3677
f 3829 3828 3676
f 3830 3677 3678
f 3830 3829 3677
f 3831 3678 3679
f 3831 3830 3678
f 3832 3679 3680
f 3832 3831 3679
f 3833 3680 3681
f 3833 3832 3680
f 3834 3681 3682
f 3834 3833 3681
f 3835 3682 3683
f 3835 3834 3682
f 3836 3683 3684
f 3836 3835 3683
f 3837 3684 3685
f 3837 3836 3684
f 3838 3685 3686
f 3838 3837 3685
f 3839 3686 3687
f 3839 3838 3686
f 3840 3687 3688
f 3840 3839 3687
f 3841 3688 3689
f 3841 3840 3688
f 3842 3689 3690
f 3842 3841 3689
f 3843 3690 3691
f 3843 3842 3690
f 3844 3691 3692
f 3844 3843 3691
f 3845 3692 3693
f 3845 3844 3692
f 3846 3693 3694
f 3846 3845 3693
f 3847 3694 3695
f 3847 3846 3694
f 3848 3695 3696
f 3848 3847 3695
f 3849 3696 3697
f 3849 3848 3696
f 3850 3697 3698
f 3850 3849 3697
f 3851 3698 3699
f 3851 3850 3698
f 3852 3699 3700
f 3852 3851 3699
f 3853 3700 3701
f 3853 3852 3700
f 3854 3701 3702
f 3854 3853 3701
f 3855 3702 3703
f 3855 3854 3702
f 3856 3703 3704
f 3856 3855 3703
f 3857 3704 3705
f 3857 3856 3704
f 3858 3705 3706
f 3858 3857 3705
f 3859 3706 3707
f 3859 3858 3706
f 3860 3707 3708
f 3860 3859 3707
f 3708 3669 3821
f 3708 3821 3860
f 3862 3861 3709
f 3862 3709 3710
f 3709 3863 3711
f 3861 3863 3709
f 3711 3864 3712
f 3863 3864 3711
f 3712 3865 3713
f 3864 3865 3712
f 3713 3866 3714
f 3865 3866 3713
f 3714 3867 3715
f 3866 3867 3714
f 3715 3868 3716
f 3867 3868 3715
f 3716 3869 3717
f 3868 3869 3716
f 3717 3870 3718
f 3869 3870 3717
f 3718 3871 3719
f 3870 3871 3718
f 3719 3872 3720
f 3871 3872 3719
f 3720 3873 3721
f 3872 3873 3720
f 3721 3874 3722
f 3873 3874 3721
f 3722 3875 3723
f 3874 3875 3722
f 3723 3876 3724
f 3875 3876 3723
f 3724 3877 3725
f 3876 3877 3724
f 3725 3878 3726
f 3877 3878 3725
f 3726 3879 3727
f 3878 3879 3726
f 3727 3880 3728
f 3879 3880 3727
f 3728 3881 3729
f 3880 3881 3728
f 3729 3882 3730
f 3881 3882 3729
f 3730 3883 3731
f 3882 3883 3730
f 3731 3884 3732
f 3883 3884 3731
f 3732 3885 3733
f 3884 3885 3732
f 3733 3886 3734
f 3885 3886 3733
f 3734 3887 3735
f 3886 3887 3734
f 3735 3888 3736
f 3887 3888 3735
f 3736 3889 3737
f 3888 3889 3736
f 3737 3890 3738
f 3889 3890 3737
f 3738 3891 3739
f 3890 3891 3738
f 3739 3892 3740
f 3891 3892 3739
f 3740 3893 3741
f 3892 3893 3740
f 3741 3894 3742
f 3893 3894 3741
f 3742 3895 3743
f 3894 3895 3742
f 3743 3896 3744
f 3895 3896 3743
f 3744 3897 3745
f 3896 3897 3744
f 3745 3898 3746
f 3897 3898 3745
f 3746 3899 3747
f 3898 3899 3746
f 3748 3747 3899
f 3748 3899 3900
f 3902 3901 3749
f 3902 3749 3750
f 3710 3749 3862
f 3862 3749 3901
f 3900 3903 3748
f 3748 3903 3751
f 3752 3751 3903
f 3752 3903 3904
f 3753 3902 3750
f 3753 3905 3902
f 3904 3754 3752
f 3906 3754 3904
f 3755 3905 3753
f 3755 3907 3905
f 3906 3756 3754
f 3908 3756 3906
f 3757 3907 3755
f 3757 3909 3907
f 3908 3758 3756
f 3910 3758 3908
f 3759 3909 3757
f 3759 3911 3909
f 3910 3760 3758
f 3912 3760 3910
f 3761 3911 3759
f 3761 3913 3911
f 3912 3762 3760
f 3914 3762 3912
f 3763 3913 3761
f 3763 3915 3913
f 3914 3764 3762
f 3916 3764 3914
f 3765 3915 3763
f 3765 3917 3915
f 3916 3766 3764
f 3918 3766 3916
f 3767 3917 3765
f 3767 3919 3917
f 3918 3768 3766
f 3920 3768 3918
f 3769 3919 3767
f 3769 3921 3919
f 3920 3770 3768
f 3922 3770 3920
f 3771 3921 3769
f 3771 3923 3921
f 3922 3772 3770
f 3924 3772 3922
f 3773 3923 3771
f 3773 3925 3923
f 3924 3774 3772
f 3926 3774 3924
f 3775 3925 3773
f 3775 3927 3925
f 3926 3776 3774
f 3928 3776 3926
f 3777 3927 3775
f 3777 3929 3927
f 3928 3778 3776
f 3930 3778 3928
f 3779 3929 3777
f 3779 3931 3929
f 3930 3780 3778
f 3932 3780 3930
f 3781 3931 3779
f 3781 3933 3931
f 3932 3782 3780
f 3934 3782 3932
f 3783 3933 3781
f 3783 3935 3933
f 3934 3784 3782
f 3936 3784 3934
f 3785 3935 3783
f 3785 3937 3935
f 3936 3786 3784
f 3938 3786 3936
f 3787 3937 3785
f 3787 3939 3937
f 3938 3788 3786
f 3940 3788 3938
f 3789 3939 3787
f 3789 3941 3939
f 3940 3790 3788
f 3942 3790 3940
f 3791 3941 3789
f 3791 3943 3941
f 3942 3792 3790
f 3944 3792 3942
f 3793 3943 3791
f 3793 3945 3943
f 3944 3794 3792
f 3946 3794 3944
f 3795 3945 3793
f 3795 3947 3945
f 3946 3796 3794
f 3948 3796 3946
f 3797 3947 3795
f 3797 3949 3947
f 3948 3798 3796
f 3950 3798 3948
f 3799 3949 3797
f 3799 3951 3949
f 3950 3800 3798
f 3952 3800 3950
f 3801 3951 3799
f 3801 3953 3951
f 3952 3802 3800
f 3954 3802 3952
f 3803 3953 3801
f 3803 3955 3953
f 3954 3804 3802
f 3956 3804 3954
f 3805 3955 3803
f 3805 3957 3955
f 3956 3806 3804
f 3958 3806 3956
f 3807 3957 3805
f 3807 3959 3957
f 3958 3808 3806
f 3960 3808 3958
f 3809 3959 3807
f 3809 3961 3959
f 3960 3810 3808
f 3962 3810 3960
f 3811 3961 3809
f 3811 3963 3961
f 3962 3812 3810
f 3964 3812 3962
f 3813 3963 3811
f 3813 3965 3963
f 3964 3814 3812
f 3966 3814 3964
f 3815 3965 3813
f 3815 3967 3965
f 3966 3816 3814
f 3968 3816 3966
f 3817 3967 3815
f 3817 3969 3967
f 3968 3818 3816
f 3970 3818 3968
f 3971 3969 3817
f 3971 3817 3819
f 3819 3820 3971
f 3971 3820 3972
f 3974 3973 3822
f 3822 3973 3821
f 3822 3818 3970
f 3822 3970 3974
f 3975 3972 3820
f 3975 3820 3823
f 3976 3823 3824
f 3976 3975 3823
f 3977 3824 3825
f 3977 3976 3824
f 3978 3825 3826
f 3978 3977 3825
f 3979 3826 3827
f 3979 3978 3826
f 3980 3827 3828
f 3980 3979 3827
f 3981 3828 3829
f 3981 3980 3828
f 3982 3829 3830
f 3982 3981 3829
f 3983 3830 3831
f 3983 3982 3830
f 3984 3831 3832
f 3984 3983 3831
f 3985 3832 3833
f 3985 3984 3832
f 3986 3833 3834
f 3986 3985 3833
f 3987 3834 3835
f 3987 3986 3834
f 3988 3835 3836
f 3988 3987 3835
f 3989 3836 3837
f 3989 3988 3836
f 3990 3837 3838
f 3990 3989 3837
f 3991 3838 3839
f 3991 3990 3838
f 3992 3839 3840
f 3992 3991 3839
f 3993 3840 3841
f 3993 3992 3840
f 3994 3841 3842
f 3994 3993 3841
f 3995 3842 3843
f 3995 3994 3842
f 3996 3843 3844
f 3996 3995 3843
f 3997 3844 3845
f 3997 3996 3844
f 3998 3845 3846
f 3998 3997 3845
f 3999 3846 3847
f 3999 3998 3846
f 4000 3847 3848
f 4000 3999 3847
f 4001 3848 3849
f 4001 4000 3848
f 4002 3849 3850
f 4002 4001 3849
f 4003 3850 3851
f 4003 4002 3850
f 4004 3851 3852
f 4004 4003 3851
f 4005 3852 3853
f 4005 4004 3852
f 4006 3853 3854
f 4006 4005 3853
f 4007 3854 3855
f 4007 4006 3854
f 4008 3855 3856
f 4008 4007 3855
f 4009 3856 3857
f 4009 4008 3856
f 4010 3857 3858
f 4010 4009 3857
f 4011 3858 3859
f 4011 4010 3858
f 4012 3859 3860
f 4012 4011 3859
f 3860 3821 3973
f 3860 3973 4012
f 4014 4013 3861
f 4014 3861 3862
f 3861 4015 3863
f 4013 4015 3861
f 3863 4016 3864
f 4015 4016 3863
f 3864 4017 3865
f 4016 4017 3864
f 3865 4018 3866
f 4017 4018 3865
f 3866 4019 3867
f 4018 4019 3866
f 3867 4020 3868
f 4019 4020 3867
f 3868 4021 3869
f 4020 4021 3868
f 3869 4022 3870
f 4021 4022 3869
f 3870 4023 3871
f 4022 4023 3870
f 3871 4024 3872
f 4023 4024 3871
f 3872 4025 3873
f 4024 4025 3872
f 3873 4026 3874
f 4025 4026 3873
f 3874 4027 3875
f 4026 4027 3874
f 3875 4028 3876
f 4027 4028 3875
f 3876 4029 3877
f 4028 4029 3876
f 3877 4030 3878
f 4029 4030 3877
f 3878 4031 3879
f 4030 4031 3878
f 3879 4032 3880
f 4031 4032 3879
f 3880 4033 3881
f 4032 4033 3880
f 3881 4034 3882
f 4033 4034 3881
f 3882 4035 3883
f 4034 4035 3882
f 3883 4036 3884
f 4035 4036 3883
f 3884 4037 3885
f 4036 4037 3884
f 3885 4038 3886
f 4037 4038 3885
f 3886 4039 3887
f 4038 4039 3886
f 3887 4040 3888
f 4039 4040 3887
f 3888 4041 3889
f 4040 4041 3888
f 3889 4042 3890
f 4041 4042 3889
f 3890 4043 3891
f 4042 4043 3890
f 3891 4044 3892
f 4043 4044 3891
f 3892 4045 3893
f 4044 4045 3892
f 3893 4046 3894
f 4045 4046 3893
f 3894 4047 3895
f 4046 4047 3894
f 3895 4048 3896
f 4047 4048 3895
f 3896 4049 3897
f 4048 4049 3896
f 3897 4050 3898
f 4049 4050 3897
f 3898 4051 3899
f 4050 4051 3898
f 3900 3899 4051
f 3900 4051 4052
f 4054 4053 3901
f 4054 3901 3902
f 3862 3901 4014
f 4014 3901 4053
f 4052 4055 3900
f 3900 4055 3903
f 3904 3903 4055
f 3904 4055 4056
f 3905 4054 3902
f 3905 4057 4054
f 4056 3906 3904
f 4058 3906 4056
f 3907 4057 3905
f 3907 4059 4057
f 4058 3908 3906
f 4060 3908 4058
f 3909 4059 3907
f 3909 4061 4059
f 4060 3910 3908
f 4062 3910 4060
f 3911 4061 3909
f 3911 4063 4061
f 4062 3912 3910
f 4064 3912 4062
f 3913 4063 3911
f 3913 4065 4063
f 4064 3914 3912
f 4066 3914 4064
f 3915 4065 3913
f 3915 4067 4065
f 4066 3916 3914
f 4068 3916 4066
f 3917 4067 3915
f 3917 4069 4067
f 4068 3918 3916
f 4070 3918 4068
f 3919 4069 3917
f 3919 4071 4069
f 4070 3920 3918
f 4072 3920 4070
f 3921 4071 3919
f 3921 4073 4071
f 4072 3922 3920
f 4074 3922 4072
f 3923 4073 3921
f 3923 4075 4073
f 4074 3924 3922
f 4076 3924 4074
f 3925 4075 3923
f 3925 4077 4075
f 4076 3926 3924
f 4078 3926 4076
f 3927 4077 3925
f 3927 4079 4077
f 4078 3928 3926
f 4080 3928 4078
f 3929 4079 3927
f 3929 4081 4079
f 4080 3930 3928
f 4082 3930 4080
f 3931 4081 3929
f 3931 4083 4081
f 4082 3932 3930
f 4084 3932 4082
f 3933 4083 3931
f 3933 4085 4083
f 4084 3934 3932
f 4086 3934 4084
f 3935 4085 3933
f 3935 4087 4085
f 4086 3936 3934
f 4088 3936 4086
f 3937 4087 3935
f 3937 4089 4087
f 4088 3938 3936
f 4090 3938 4088
f 3939 4089 3937
f 3939 4091 4089
f 4090 3940 3938
f 4092 3940 4090
f 3941 4091 3939
f 3941 4093 4091
f 4092 3942 3940
f 4094 3942 4092
f 3943 4093 3941
f 3943 4095 4093
f 4094 3944 3942
f 4096 3944 4094
f 3945 4095 3943
f 3945 4097 4095
f 4096 3946 3944
f 4098 3946 4096
f 3947 4097 3945
f 3947 4099 4097
f 4098 3948 3946
f 4100 3948 4098
f 3949 4099 3947
f 3949 4101 4099
f 4100 3950 3948
f 4102 3950 4100
f 3951 4101 3949
f 3951 4103 4101
f 4102 3952 3950
f 4104 3952 4102
f 3953 4103 3951
f 3953 4105 4103
f 4104 3954 3952
f 4106 3954 4104
f 3955 4105 3953
f 3955 4107 4105
f 4106 3956 3954
f 4108 3956 4106
f 3957 4107 3955
f 3957 4109 4107
f 4108 3958 3956
f 4110 3958 4108
f 3959 4109 3957
f 3959 4111 4109
f 4110 3960 3958
f 4112 3960 4110
f 3961 4111 3959
f 3961 4113 4111
f 4112 3962 3960
f 4114 3962 4112
f 3963 4113 3961
f 3963 4115 4113
f 4114 3964 3962
f 4116 3964 4114
f 3965 4115 3963
f 3965 4117 4115
f 4116 3966 3964
f 4118 3966 4116
f 3967 4117 3965
f 3967 4119 4117
f 4118 3968 3966
f 4120 3968 4118
f 3969 4119 3967
f 3969 4121 4119
f 4120 3970 3968
f 4122 3970 4120
f 4123 4121 3969
f 4123 3969 3971
f 3971 3972 4123
f 4123 3972 4124
f 4126 4125 3974
f 3974 4125 3973
f 3974 3970 4122
f 3974 4122 4126
f 4127 4124 3972
f 4127 3972 3975
f 4128 3975 3976
f 4128 4127 3975
f 4129 3976 3977
f 4129 4128 3976
f 4130 3977 3978
f 4130 4129 3977
f 4131 3978 3979
f 4131 4130 3978
f 4132 3979 3980
f 4132 4131 3979
f 4133 3980 3981
f 4133 4132 3980
f 4134 3981 3982
f 4134 4133 3981
f 4135 3982 3983
f 4135 4134 3982
f 4136 3983 3984
f 4136 4135 3983
f 4137 3984 3985
f 4137 4136 3984
f 4138 3985 3986
f 4138 4137 3985
f 4139 3986 3987
f 4139 4138 3986
f 4140 3987 3988
f 4140 4139 3987
f 4141 3988 3989
f 4141 4140 3988
f 4142 3989 3990
f 4142 4141 3989
f 4143 3990 3991
f 4143 4142 3990
f 4144 3991 3992
f 4144 4143 3991
f 4145 3992 3993
f 4145 4144 3992
f 4146 3993 3994
f 4146 4145 3993
f 4147 3994 3995
f 4147 4146 3994
f 4148 3995 3996
f 4148 4147 3995
f 4149 3996 3997
f 4149 4148 3996
f 4150 3997 3998
f 4150 4149 3997
f 4151 3998 3999
f 4151 4150 3998
f 4152 3999 4000
f 4152 4151 3999
f 4153 4000 4001
f 4153 4152 4000
f 4154 4001 4002
f 4154 4153 4001
f 4155 4002 4003
f 4155 4154 4002
f 4156 4003 4004
f 4156 4155 4003
f 4157 4004 4005
f 4157 4156 4004
f 4158 4005 4006
f 4158 4157 4005
f 4159 4006 4007
f 4159 4158 4006
f 4160 4007 4008
f 4160 4159 4007
f 4161 4008 4009
f 4161 4160 4008
f 4162 4009 4010
f 4162 4161 4009
f 4163 4010 4011
f 4163 4162 4010
f 4164 4011 4012
f 4164 4163 4011
f 4012 3973 4125
f 4012 4125 4164
f 4166 4165 4013
f 4166 4013 4014
f 4013 4167 4015
f 4165 4167 4013
f 4015 4168 4016
f 4167 4168 4015
f 4016 4169 4017
f 4168 4169 4016
f 4017 4170 4018
f 4169 4170 4017
f 4018 4171 4019
f 4170 4171 4018
f 4019 4172 4020
f 4171 4172 4019
f 4020 4173 4021
f 4172 4173 4020
f 4021 4174 4022
f 4173 4174 4021
f 4022 4175 4023
f 4174 4175 4022
f 4023 4176 4024
f 4175 4176 4023
f 4024 4177 4025
f 4176 4177 4024
f 4025 4178 4026
f 4177 4178 4025
f 4026 4179 4027
f 4178 4179 4026
f 4027 4180 4028
f 4179 4180 4027
f 4028 4181 4029
f 4180 4181 4028
f 4029 4182 4030
f 4181 4182 4029
f 4030 4183 4031
f 4182 4183 4030
f 4031 4184 4032
f 4183 4184 4031
f 4032 4185 4033
f 4184 4185 4032
f 4033 4186 4034
f 4185 4186 4033
f 4034 4187 4035
f 4186 4187 4034
f 4035 4188 4036
f 4187 4188 4035
f 4036 4189 4037
f 4188 4189 4036
f 4037 4190 4038
f 4189 4190 4037
f 4038 4191 4039
f 4190 4191 4038
f 4039 4192 4040
f 4191 4192 4039
f 4040 4193 4041
f 4192 4193 4040
f 4041 4194 4042
f 4193 4194 4041
f 4042 4195 4043
f 4194 4195 4042
f 4043 4196 4044
f 4195 4196 4043
f 4044 4197 4045
f 4196 4197 4044
f 4045 4198 4046
f 4197 4198 4045
f 4046 4199 4047
f 4198 4199 4046
f 4047 4200 4048
f 4199 4200 4047
f 4048 4201 4049
f 4200 4201 4048
f 4049 4202 4050
f 4201 4202 4049
f 4050 4203 4051
f 4202 4203 4050
f 4052 4051 4203
f 4052 4203 4204
f 4206 4205 4053
f 4206 4053 4054
f 4014 4053 4166
f 4166 4053 4205
f 4204 4207 4052
f 4052 4207 4055
f 4056 4055 4207
f 4056 4207 4208
f 4057 4206 4054
f 4057 4209 4206
f 4208 4058 4056
f 4210 4058 4208
f 4059 4209 4057
f 4059 4211 4209
f 4210 4060 4058
f 4212 4060 4210
f 4061 4211 4059
f 4061 4213 4211
f 4212 4062 4060
f 4214 4062 4212
f 4063 4213 4061
f 4063 4215 4213
f 4214 4064 4062
f 4216 4064 4214
f 4065 4215 4063
f 4065 4217 4215
f 4216 4066 4064
f 4218 4066 4216
f 4067 4217 4065
f 4067 4219 4217
f 4218 4068 4066
f 4220 4068 4218
f 4069 4219 4067
f 4069 4221 4219
f 4220 4070 4068
f 4222 4070 4220
f 4071 4221 4069
f 4071 4223 4221
f 4222 4072 4070
f 4224 4072 4222
f 4073 4223 4071
f 4073 4225 4223
f 4224 4074 4072
f 4226 4074 4224
f 4075 4225 4073
f 4075 4227 4225
f 4226 4076 4074
f 4228 4076 4226
f 4077 4227 4075
f 4077 4229 4227
f 4228 4078 4076
f 4230 4078 4228
f 4079 4229 4077
f 4079 4231 4229
f 4230 4080 4078
f 4232 4080 4230
f 4081 4231 4079
f 4081 4233 4231
f 4232 4082 4080
f 4234 4082 4232
f 4083 4233 4081
f 4083 4235 4233
f 4234 4084 4082
f 4236 4084 4234
f 4085 4235 4083
f 4085 4237 4235
f 4236 4086 4084
f 4238 4086 4236
f 4087 4237 4085
f 4087 4239 4237
f 4238 4088 4086
f 4240 4088 4238
f 4089 4239 4087
f 4089 4241 4239
f 4240 4090 4088
f 4242 4090 4240
f 4091 4241 4089
f 4091 4243 4241
f 4242 4092 4090
f 4244 4092 4242
f 4093 4243 4091
f 4093 4245 4243
f 4244 4094 4092
f 4246 4094 4244
f 4095 4245 4093
f 4095 4247 4245
f 4246 4096 4094
f 4248 4096 4246
f 4097 4247 4095
f 4097 4249 4247
f 4248 4098 4096
f 4250 4098 4248
f 4099 4249 4097
f 4099 4251 4249
f 4250 4100 4098
f 4252 4100 4250
f 4101 4251 4099
f 4101 4253 4251
f 4252 4102 4100
f 4254 4102 4252
f 4103 4253 4101
f 4103 4255 4253
f 4254 4104 4102
f 4256 4104 4254
f 4105 4255 4103
f 4105 4257 4255
f 4256 4106 4104
f 4258 4106 4256
f 4107 4257 4105
f 4107 4259 4257
f 4258 4108 4106
f 4260 4108 4258
f 4109 4259 4107
f 4109 4261 4259
f 4260 4110 4108
f 4262 4110 4260
f 4111 4261 4109
f 4111 4263 4261
f 4262 4112 4110
f 4264 4112 4262
f 4113 4263 4111
f 4113 4265 4263
f 4264 4114 4112
f 4266 4114 4264
f 4115 4265 4113
f 4115 4267 4265
f 4266 4116 4114
f 4268 4116 4266
f 4117 4267 4115
f 4117 4269 4267
f 4268 4118 4116
f 4270 4118 4268
f 4119 4269 4117
f 4119 4271 4269
f 4270 4120 4118
f 4272 4120 4270
f 4121 4271 4119
f 4121 4273 4271
f 4272 4122 4120
f 4274 4122 4272
f 4275 4273 4121
f 4275 4121 4123
f 4123 4124 4275
f 4275 4124 4276
f 4278 4277 4126
f 4126 4277 4125
f 4126 4122 4274
f 4126 4274 4278
f 4279 4276 4124
f 4279 4124 4127
f 4280 4127 4128
f 4280 4279 4127
f 4281 4128 4129
f 4281 4280 4128
f 4282 4129 4130
f 4282 4281 4129
f 4283 4130 4131
f 4283 4282 4130
f 4284 4131 4132
f 4284 4283 4131
f 4285 4132 4133
f 4285 4284 4132
f 4286 4133 4134
f 4286 4285 4133
f 4287 4134 4135
f 4287 4286 4134
f 4288 4135 4136
f 4288 4287 4135
f 4289 4136 4137
f 4289 4288 4136
f 4290 4137 4138
f 4290 4289 4137
f 4291 4138 4139
f 4291 4290 4138
f 4292 4139 4140
f 4292 4291 4139
f 4293 4140 4141
f 4293 4292 4140
f 4294 4141 4142
f 4294 4293 4141
f 4295 4142 4143
f 4295 4294 4142
f 4296 4143 4144
f 4296 4295 4143
f 4297 4144 4145
f 4297 4296 4144
f 4298 4145 4146
f 4298 4297 4145
f 4299 4146 4147
f 4299 4298 4146
f 4300 4147 4148
f 4300 4299 4147
f 4301 4148 4149
f 4301 4300 4148
f 4302 4149 4150
f 4302 4301 4149
f 4303 4150 4151
f 4303 4302 4150
f 4304 4151 4152
f 4304 4303 4151
f 4305 4152 4153
f 4305 4304 4152
f 4306 4153 4154
f 4306 4305 4153
f 4307 4154 4155
f 4307 4306 4154
f 4308 4155 4156
f 4308 4307 4155
f 4309 4156 4157
f 4309 4308 4156
f 4310 4157 4158
f 4310 4309 4157
f 4311 4158 4159
f 4311 4310 4158
f 4312 4159 4160
f 4312 4311 4159
f 4313 4160 4161
f 4313 4312 4160
f 4314 4161 4162
f 4314 4313 4161
f 4315 4162 4163
f 4315 4314 4162
f 4316 4163 4164
f 4316 4315 4163
f 4164 4125 4277
f 4164 4277 4316
f 4318 4317 4165
f 4318 4165 4166
f 4165 4319 4167
f 4317 4319 4165
f 4167 4320 4168
f 4319 4320 4167
f 4168 4321 4169
f 4320 4321 4168
f 4169 4322 4170
f 4321 4322 4169
f 4170 4323 4171
f 4322 4323 4170
f 4171 4324 4172
f 4323 4324 4171
f 4172 4325 4173
f 4324 4325 4172
f 4173 4326 4174
f 4325 4326 4173
f 4174 4327 4175
f 4326 4327 4174
f 4175 4328 4176
f 4327 4328 4175
f 4176 4329 4177
f 4328 4329 4176
f 4177 4330 4178
f 4329 4330 4177
f 4178 4331 4179
f 4330 4331 4178
f 4179 4332 4180
f 4331 4332 4179
f 4180 4333 4181
f 4332 4333 4180
f 4181 4334 4182
f 4333 4334 4181
f 4182 4335 4183
f 4334 4335 4182
f 4183 4336 4184
f 4335 4336 4183
f 4184 4337 4185
f 4336 4337 4184
f 4185 4338 4186
f 4337 4338 4185
f 4186 4339 4187
f 4338 4339 4186
f 4187 4340 4188
f 4339 4340 4187
f 4188 4341 4189
f 4340 4341 4188
f 4189 4342 4190
f 4341 4342 4189
f 4190 4343 4191
f 4342 4343 4190
f 4191 4344 4192
f 4343 4344 4191
f 4192 4345 4193
f 4344 4345 4192
f 4193 4346 4194
f 4345 4346 4193
f 4194 4347 4195
f 4346 4347 4194
f 4195 4348 4196
f 4347 4348 4195
f 4196 4349 4197
f 4348 4349 4196
f 4197 4350 4198
f 4349 4350 4197
f 4198 4351 4199
f 4350 4351 4198
f 4199 4352 4200
f 4351 4352 4199
f 4200 4353 4201
f 4352 4353 4200
f 4201 4354 4202
f 4353 4354 4201
f 4202 4355 4203
f 4354 4355 4202
f 4204 4203 4355
f 4204 4355 4356
f 4358 4357 4205
f 4358 4205 4206
f 4166 4205 4318
f 4318 4205 4357
f 4356 4359 4204
f 4204 4359 4207
f 4208 4207 4359
f 4208 4359 4360
f 4209 4358 4206
f 4209 4361 4358
f 4360 4210 4208
f 4362 4210 4360
f 4211 4361 4209
f 4211 4363 4361
f 4362 4212 4210
f 4364 4212 4362
f 4213 4363 4211
f 4213 4365 4363
f 4364 4214 4212
f 4366 4214 4364
f 4215 4365 4213
f 4215 4367 4365
f 4366 4216 4214
f 4368 4216 4366
f 4217 4367 4215
f 4217 4369 4367
f 4368 4218 4216
f 4370 4218 4368
f 4219 4369 4217
f 4219 4371 4369
f 4370 4220 4218
f 4372 4220 4370
f 4221 4371 4219
f 4221 4373 4371
f 4372 4222 4220
f 4374 4222 4372
f 4223 4373 4221
f 4223 4375 4373
f 4374 4224 4222
f 4376 4224 4374
f 4225 4375 4223
f 4225 4377 4375
f 4376 4226 4224
f 4378 4226 4376
f 4227 4377 4225
f 4227 4379 4377
f 4378 4228 4226
f 4380 4228 4378
f 4229 4379 4227
f 4229 4381 4379
f 4380 4230 4228
f 4382 4230 4380
f 4231 4381 4229
f 4231 4383 4381
f 4382 4232 4230
f 4384 4232 4382
f 4233 4383 4231
f 4233 4385 4383
f 4384 4234 4232
f 4386 4234 4384
f 4235 4385 4233
f 4235 4387 4385
f 4386 4236 4234
f 4388 4236 4386
f 4237 4387 4235
f 4237 4389 4387
f 4388 4238 4236
f 4390 4238 4388
f 4239 4389 4237
f 4239 4391 4389
f 4390 4240 4238
f 4392 4240 4390
f 4241 4391 4239
f 4241 4393 4391
f 4392 4242 4240
f 4394 4242 4392
f 4243 4393 4241
f 4243 4395 4393
f 4394 4244 4242
f 4396 4244 4394
f 4245 4395 4243
f 4245 4397 4395
f 4396 4246 4244
f 4398 4246 4396
f 4247 4397 4245
f 4247 4399 4397
f 4398 4248 4246
f 4400 4248 4398
f 4249 4399 4247
f 4249 4401 4399
f 4400 4250 4248
f 4402 4250 4400
f 4251 4401 4249
f 4251 4403 4401
f 4402 4252 4250
f 4404 4252 4402
f 4253 4403 4251
f 4253 4405 4403
f 4404 4254 4252
f 4406 4254 4404
f 4255 4405 4253
f 4255 4407 4405
f 4406 4256 4254
f 4408 4256 4406
f 4257 4407 4255
f 4257 4409 4407
f 4408 4258 4256
f 4410 4258 4408
f 4259 4409 4257
f 4259 4411 4409
f 4410 4260 4258
f 4412 4260 4410
f 4261 4411 4259
f 4261 4413 4411
f 4412 4262 4260
f 4414 4262 4412
f 4263 4413 4261
f 4263 4415 4413
f 4414 4264 4262
f 4416 4264 4414
f 4265 4415 4263
f 4265 4417 4415
f 4416 4266 4264
f 4418 4266 4416
f 4267 4417 4265
f 4267 4419 4417
f 4418 4268 4266
f 4420 4268 4418
f 4269 4419 4267
f 4269 4421 4419
f 4420 4270 4268
f 4422 4270 4420
f 4271 4421 4269
f 4271 4423 4421
f 4422 4272 4270
f 4424 4272 4422
f 4273 4423 4271
f 4273 4425 4423
f 4424 4274 4272
f 4426 4274 4424
f 4427 4425 4273
f 4427 4273 4275
f 4275 4276 4427
f 4427 4276 4428
f 4430 4429 4278
f 4278 4429 4277
f 4278 4274 4426
f 4278 4426 4430
f 4431 4428 4276
f 4431 4276 4279
f 4432 4279 4280
f 4432 4431 4279
f 4433 4280 4281
f 4433 4432 4280
f 4434 4281 4282
f 4434 4433 4281
f 4435 4282 4283
f 4435 4434 4282
f 4436 4283 4284
f 4436 4435 4283
f 4437 4284 4285
f 4437 4436 4284
f 4438 4285 4286
f 4438 4437 4285
f 4439 4286 4287
f 4439 4438 4286
f 4440 4287 4288
f 4440 4439 4287
f 4441 4288 4289
f 4441 4440 4288
f 4442 4289 4290
f 4442 4441 4289
f 4443 4290 4291
f 4443 4442 4290
f 4444 4291 4292
f 4444 4443 4291
f 4445 4292 4293
f 4445 4444 4292
f 4446 4293 4294
f 4446 4445 4293
f 4447 4294 4295
f 4447 4446 4294
f 4448 4295 4296
f 4448 4447 4295
f 4449 4296 4297
f 4449 4448 4296
f 4450 4297 4298
f 4450 4449 4297
f 4451 4298 4299
f 4451 4450 4298
f 4452 4299 4300
f 4452 4451 4299
f 4453 4300 4301
f 4453 4452 4300
f 4454 4301 4302
f 4454 4453 4301
f 4455 4302 4303
f 4455 4454 4302
f 4456 4303 4304
f 4456 4455 4303
f 4457 4304 4305
f 4457 4456 4304
f 4458 4305 4306
f 4458 4457 4305
f 4459 4306 4307
f 4459 4458 4306
f 4460 4307 4308
f 4460 4459 4307
f 4461 4308 4309
f 4461 4460 4308
f 4462 4309 4310
f 4462 4461 4309
f 4463 4310 4311
f 4463 4462 4310
f 4464 4311 4312
f 4464 4463 4311
f 4465 4312 4313
f 4465 4464 4312
f 4466 4313 4314
f 4466 4465 4313
f 4467 4314 4315
f 4467 4466 4314
f 4468 4315 4316
f 4468 4467 4315
f 4316 4277 4429
f 4316 4429 4468
f 4470 4469 4317
f 4470 4317 4318
f 4317 4471 4319
f 4469 4471 4317
f 4319 4472 4320
f 4471 4472 4319
f 4320 4473 4321
f 4472 4473 4320
f 4321 4474 4322
f 4473 4474 4321
f 4322 4475 4323
f 4474 4475 4322
f 4323 4476 4324
f 4475 4476 4323
f 4324 4477 4325
f 4476 4477 4324
f 4325 4478 4326
f 4477 4478 4325
f 4326 4479 4327
f 4478 4479 4326
f 4327 4480 4328
f 4479 4480 4327
f 4328 4481 4329
f 4480 4481 4328
f 4329 4482 4330
f 4481 4482 4329
f 4330 4483 4331
f 4482 4483 4330
f 4331 4484 4332
f 4483 4484 4331
f 4332 4485 4333
f 4484 4485 4332
f 4333 4486 4334
f 4485 4486 4333
f 4334 4487 4335
f 4486 4487 4334
f 4335 4488 4336
f 4487 4488 4335
f 4336 4489 4337
f 4488 4489 4336
f 4337 4490 4338
f 4489 4490 4337
f 4338 4491 4339
f 4490 4491 4338
f 4339 4492 4340
f 4491 4492 4339
f 4340 4493 4341
f 4492 4493 4340
f 4341 4494 4342
f 4493 4494 4341
f 4342 4495 4343
f 4494 4495 4342
f 4343 4496 4344
f 4495 4496 4343
f 4344 4497 4345
f 4496 4497 4344
f 4345 4498 4346
f 4497 4498 4345
f 4346 4499 4347
f 4498 4499 4346
f 4347 4500 4348
f 4499 4500 4347
f 4348 4501 4349
f 4500 4501 4348
f 4349 4502 4350
f 4501 4502 4349
f 4350 4503 4351
f 4502 4503 4350
f 4351 4504 4352
f 4503 4504 4351
f 4352 4505 4353
f 4504 4505 4352
f 4353 4506 4354
f 4505 4506 4353
f 4354 4507 4355
f 4506 4507 4354
f 4356 4355 4507
f 4356 4507 4508
f 4510 4509 4357
f 4510 4357 4358
f 4318 4357 4470
f 4470 4357 4509
f 4508 4511 4356
f 4356 4511 4359
f 4360 4359 4511
f 4360 4511 4512
f 4361 4510 4358
f 4361 4513 4510
f 4512 4362 4360
f 4514 4362 4512
f 4363 4513 4361
f 4363 4515 4513
f 4514 4364 4362
f 4516 4364 4514
f 4365 4515 4363
f 4365 4517 4515
f 4516 4366 4364
f 4518 4366 4516
f 4367 4517 4365
f 4367 4519 4517
f 4518 4368 4366
f 4520 4368 4518
f 4369 4519 4367
f 4369 4521 4519
f 4520 4370 4368
f 4522 4370 4520
f 4371 4521 4369
f 4371 4523 4521
f 4522 4372 4370
f 4524 4372 4522
f 4373 4523 4371
f 4373 4525 4523
f 4524 4374 4372
f 4526 4374 4524
f 4375 4525 4373
f 4375 4527 4525
f 4526 4376 4374
f 4528 4376 4526
f 4377 4527 4375
f 4377 4529 4527
f 4528 4378 4376
f 4530 4378 4528
f 4379 4529 4377
f 4379 4531 4529
f 4530 4380 4378
f 4532 4380 4530
f 4381 4531 4379
f 4381 4533 4531
f 4532 4382 4380
f 4534 4382 4532
f 4383 4533 4381
f 4383 4535 4533
f 4534 4384 4382
f 4536 4384 4534
f 4385 4535 4383
f 4385 4537 4535
f 4536 4386 4384
f 4538 4386 4536
f 4387 4537 4385
f 4387 4539 4537
f 4538 4388 4386
f 4540 4388 4538
f 4389 4539 4387
f 4389 4541 4539
f 4540 4390 4388
f 4542 4390 4540
f 4391 4541 4389
f 4391 4543 4541
f 4542 4392 4390
f 4544 4392 4542
f 4393 4543 4391
f 4393 4545 4543
f 4544 4394 4392
f 4546 4394 4544
f 4395 4545 4393
f 4395 4547 4545
f 4546 4396 4394
f 4548 4396 4546
f 4397 4547 4395
f 4397 4549 4547
f 4548 4398 4396
f 4550 4398 4548
f 4399 4549 4397
f 4399 4551 4549
f 4550 4400 4398
f 4552 4400 4550
f 4401 4551 4399
f 4401 4553 4551
f 4552 4402 4400
f 4554 4402 4552
f 4403 4553 4401
f 4403 4555 4553
f 4554 4404 4402
f 4556 4404 4554
f 4405 4555 4403
f 4405 4557 4555
f 4556 4406 4404
f 4558 4406 4556
f 4407 4557 4405
f 4407 4559 4557
f 4558 4408 4406
f 4560 4408 4558
f 4409 4559 4407
f 4409 4561 4559
f 4560 4410 4408
f 4562 4410 4560
f 4411 4561 4409
f 4411 4563 4561
f 4562 4412 4410
f 4564 4412 4562
f 4413 4563 4411
f 4413 4565 4563
f 4564 4414 4412
f 4566 4414 4564
f 4415 4565 4413
f 4415 4567 4565
f 4566 4416 4414
f 4568 4416 4566
f 4417 4567 4415
f 4417 4569 4567
f 4568 4418 4416
f 4570 4418 4568
f 4419 4569 4417
f 4419 4571 4569
f 4570 4420 4418
f 4572 4420 4570
f 4421 4571 4419
f 4421 4573 4571
f 4572 4422 4420
f 4574 4422 4572
f 4423 4573 4421
f 4423 4575 4573
f 4574 4424 4422
f 4576 4424 4574
f 4425 4575 4423
f 4425 4577 4575
f 4576 4426 4424
f 4578 4426 4576
f 4579 4577 4425
f 4579 4425 4427
f 4427 4428 4579
f 4579 4428 4580
f 4582 4581 4430
f 4430 4581 4429
f 4430 4426 4578
f 4430 4578 4582
f 4583 4580 4428
f 4583 4428 4431
f 4584 4431 4432
f 4584 4583 4431
f 4585 4432 4433
f 4585 4584 4432
f 4586 4433 4434
f 4586 4585 4433
f 4587 4434 4435
f 4587 4586 4434
f 4588 4435 4436
f 4588 4587 4435
f 4589 4436 4437
f 4589 4588 4436
f 4590 4437 4438
f 4590 4589 4437
f 4591 4438 4439
f 4591 4590 4438
f 4592 4439 4440
f 4592 4591 4439
f 4593 4440 4441
f 4593 4592 4440
f 4594 4441 4442
f 4594 4593 4441
f 4595 4442 4443
f 4595 4594 4442
f 4596 4443 4444
f 4596 4595 4443
f 4597 4444 4445
f 4597 4596 4444
f 4598 4445 4446
f 4598 4597 4445
f 4599 4446 4447
f 4599 4598 4446
f 4600 4447 4448
f 4600 4599 4447
f 4601 4448 4449
f 4601 4600 4448
f 4602 4449 4450
f 4602 4601 4449
f 4603 4450 4451
f 4603 4602 4450
f 4604 4451 4452
f 4604 4603 4451
f 4605 4452 4453
f 4605 4604 4452
f 4606 4453 4454
f 4606 4605 4453
f 4607 4454 4455
f 4607 4606 4454
f 4608 4455 4456
f 4608 4607 4455
f 4609 4456 4457
f 4609 4608 4456
f 4610 4457 4458
f 4610 4609 4457
f 4611 4458 4459
f 4611 4610 4458
f 4612 4459 4460
f 4612 4611 4459
f 4613 4460 4461
f 4613 4612 4460
f 4614 4461 4462
f 4614 4613 4461
f 4615 4462 4463
f 4615 4614 4462
f 4616 4463 4464
f 4616 4615 4463
f 4617 4464 4465
f 4617 4616 4464
f 4618 4465 4466
f 4618 4617 4465
f 4619 4466 4467
f 4619 4618 4466
f 4620 4467 4468
f 4620 4619 4467
f 4468 4429 4581
f 4468 4581 4620
f 4622 4621 4469
f 4622 4469 4470
f 4469 4623 4471
f 4621 4623 4469
f 4471 4624 4472
f 4623 4624 4471
f 4472 4625 4473
f 4624 4625 4472
f 4473 4626 4474
f 4625 4626 4473
f 4474 4627 4475
f 4626 4627 4474
f 4475 4628 4476
f 4627 4628 4475
f 4476 4629 4477
f 4628 4629 4476
f 4477 4630 4478
f 4629 4630 4477
f 4478 4631 4479
f 4630 4631 4478
f 4479 4632 4480
f 4631 4632 4479
f 4480 4633 4481
f 4632 4633 4480
f 4481 4634 4482
f 4633 4634 4481
f 4482 4635 4483
f 4634 4635 4482
f 4483 4636 4484
f 4635 4636 4483
f 4484 4637 4485
f 4636 4637 4484
f 4485 4638 4486
f 4637 4638 4485
f 4486 4639 4487
f 4638 4639 4486
f 4487 4640 4488
f 4639 4640 4487
f 4488 4641 4489
f 4640 4641 4488
f 4489 4642 4490
f 4641 4642 4489
f 4490 4643 4491
f 4642 4643 4490
f 4491 4644 4492
f 4643 4644 4491
f 4492 4645 4493
f 4644 4645 4492
f 4493 4646 4494
f 4645 4646 4493
f 4494 4647 4495
f 4646 4647 4494
f 4495 4648 4496
f 4647 4648 4495
f 4496 4649 4497
f 4648 4649 4496
f 4497 4650 4498
f 4649 4650 4497
f 4498 4651 4499
f 4650 4651 4498
f 4499 4652 4500
f 4651 4652 4499
f 4500 4653 4501
f 4652 4653 4500
f 4501 4654 4502
f 4653 4654 4501
f 4502 4655 4503
f 4654 4655 4502
f 4503 4656 4504
f 4655 4656 4503
f 4504 4657 4505
f 4656 4657 4504
f 4505 4658 4506
f 4657 4658 4505
f 4506 4659 4507
f 4658 4659 4506
f 4508 4507 4659
f 4508 4659 4660
f 4662 4661 4509
f 4662 4509 4510
f 4470 4509 4622
f 4622 4509 4661
f 4660 4663 4508
f 4508 4663 4511
f 4512 4511 4663
f 4512 4663 4664
f 4513 4662 4510
f 4513 4665 4662
f 4664 4514 4512
f 4666 4514 4664
f 4515 4665 4513
f 4515 4667 4665
f 4666 4516 4514
f 4668 4516 4666
f 4517 4667 4515
f 4517 4669 4667
f 4668 4518 4516
f 4670 4518 4668
f 4519 4669 4517
f 4519 4671 4669
f 4670 4520 4518
f 4672 4520 4670
f 4521 4671 4519
f 4521 4673 4671
f 4672 4522 4520
f 4674 4522 4672
f 4523 4673 4521
f 4523 4675 4673
f 4674 4524 4522
f 4676 4524 4674
f 4525 4675 4523
f 4525 4677 4675
f 4676 4526 4524
f 4678 4526 4676
f 4527 4677 4525
f 4527 4679 4677
f 4678 4528 4526
f 4680 4528 4678
f 4529 4679 4527
f 4529 4681 4679
f 4680 4530 4528
f 4682 4530 4680
f 4531 4681 4529
f 4531 4683 4681
f 4682 4532 4530
f 4684 4532 4682
f 4533 4683 4531
f 4533 4685 4683
f 4684 4534 4532
f 4686 4534 4684
f 4535 4685 4533
f 4535 4687 4685
f 4686 4536 4534
f 4688 4536 4686
f 4537 4687 4535
f 4537 4689 4687
f 4688 4538 4536
f 4690 4538 4688
f 4539 4689 4537
f 4539 4691 4689
f 4690 4540 4538
f 4692 4540 4690
f 4541 4691 4539
f 4541 4693 4691
f 4692 4542 4540
f 4694 4542 4692
f 4543 4693 4541
f 4543 4695 4693
f 4694 4544 4542
f 4696 4544 4694
f 4545 4695 4543
f 4545 4697 4695
f 4696 4546 4544
f 4698 4546 4696
f 4547 4697 4545
f 4547 4699 4697
f 4698 4548 4546
f 4700 4548 4698
f 4549 4699 4547
f 4549 4701 4699
f 4700 4550 4548
f 4702 4550 4700
f 4551 4701 4549
f 4551 4703 4701
f 4702 4552 4550
f 4704 4552 4702
f 4553 4703 4551
f 4553 4705 4703
f 4704 4554 4552
f 4706 4554 4704
f 4555 4705 4553
f 4555 4707 4705
f 4706 4556 4554
f 4708 4556 4706
f 4557 4707 4555
f 4557 4709 4707
f 4708 4558 4556
f 4710 4558 4708
f 4559 4709 4557
f 4559 4711 4709
f 4710 4560 4558
f 4712 4560 4710
f 4561 4711 4559
f 4561 4713 4711
f 4712 4562 4560
f 4714 4562 4712
f 4563 4713 4561
f 4563 4715 4713
f 4714 4564 4562
f 4716 4564 4714
f 4565 4715 4563
f 4565 4717 4715
f 4716 4566 4564
f 4718 4566 4716
f 4567 4717 4565
f 4567 4719 4717
f 4718 4568 4566
f 4720 4568 4718
f 4569 4719 4567
f 4569 4721 4719
f 4720 4570 4568
f 4722 4570 4720
f 4571 4721 4569
f 4571 4723 4721
f 4722 4572 4570
f 4724 4572 4722
f 4573 4723 4571
f 4573 4725 4723
f 4724 4574 4572
f 4726 4574 4724
f 4575 4725 4573
f 4575 4727 4725
f 4726 4576 4574
f 4728 4576 4726
f 4577 4727 4575
f 4577 4729 4727
f 4728 4578 4576
f 4730 4578 4728
f 4731 4729 4577
f 4731 4577 4579
f 4579 4580 4731
f 4731 4580 4732
f 4734 4733 4582
f 4582 4733 4581
f 4582 4578 4730
f 4582 4730 4734
f 4735 4732 4580
f 4735 4580 4583
f 4736 4583 4584
f 4736 4735 4583
f 4737 4584 4585
f 4737 4736 4584
f 4738 4585 4586
f 4738 4737 4585
f 4739 4586 4587
f 4739 4738 4586
f 4740 4587 4588
f 4740 4739 4587
f 4741 4588 4589
f 4741 4740 4588
f 4742 4589 4590
f 4742 4741 4589
f 4743 4590 4591
f 4743 4742 4590
f 4744 4591 4592
f 4744 4743 4591
f 4745 4592 4593
f 4745 4744 4592
f 4746 4593 4594
f 4746 4745 4593
f 4747 4594 4595
f 4747 4746 4594
f 4748 4595 4596
f 4748 4747 4595
f 4749 4596 4597
f 4749 4748 4596
f 4750 4597 4598
f 4750 4749 4597
f 4751 4598 4599
f 4751 4750 4598
f 4752 4599 4600
f 4752 4751 4599
f 4753 4600 4601
f 4753 4752 4600
f 4754 4601 4602
f 4754 4753 4601
f 4755 4602 4603
f 4755 4754 4602
f 4756 4603 4604
f 4756 4755 4603
f 4757 4604 4605
f 4757 4756 4604
f 4758 4605 4606
f 4758 4757 4605
f 4759 4606 4607
f 4759 4758 4606
f 4760 4607 4608
f 4760 4759 4607
f 4761 4608 4609
f 4761 4760 4608
f 4762 4609 4610
f 4762 4761 4609
f 4763 4610 4611
f 4763 4762 4610
f 4764 4611 4612
f 4764 4763 4611
f 4765 4612 4613
f 4765 4764 4612
f 4766 4613 4614
f 4766 4765 4613
f 4767 4614 4615
f 4767 4766 4614
f 4768 4615 4616
f 4768 4767 4615
f 4769 4616 4617
f 4769 4768 4616
f 4770 4617 4618
f 4770 4769 4617
f 4771 4618 4619
f 4771 4770 4618
f 4772 4619 4620
f 4772 4771 4619
f 4620 4581 4733
f 4620 4733 4772
f 4774 4773 4621
f 4774 4621 4622
f 4621 4775 4623
f 4773 4775 4621
f 4623 4776 4624
f 4775 4776 4623
f 4624 4777 4625
f 4776 4777 4624
f 4625 4778 4626
f 4777 4778 4625
f 4626 4779 4627
f 4778 4779 4626
f 4627 4780 4628
f 4779 4780 4627
f 4628 4781 4629
f 4780 4781 4628
f 4629 4782 4630
f 4781 4782 4629
f 4630 4783 4631
f 4782 4783 4630
f 4631 4784 4632
f 4783 4784 4631
f 4632 4785 4633
f 4784 4785 4632
f 4633 4786 4634
f 4785 4786 4633
f 4634 4787 4635
f 4786 4787 4634
f 4635 4788 4636
f 4787 4788 4635
f 4636 4789 4637
f 4788 4789 4636
f 4637 4790 4638
f 4789 4790 4637
f 4638 4791 4639
f 4790 4791 4638
f 4639 4792 4640
f 4791 4792 4639
f 4640 4793 4641
f 4792 4793 4640
f 4641 4794 4642
f 4793 4794 4641
f 4642 4795 4643
f 4794 4795 4642
f 4643 4796 4644
f 4795 4796 4643
f 4644 4797 4645
f 4796 4797 4644
f 4645 4798 4646
f 4797 4798 4645
f 4646 4799 4647
f 4798 4799 4646
f 4647 4800 4648
f 4799 4800 4647
f 4648 4801 4649
f 4800 4801 4648
f 4649 4802 4650
f 4801 4802 4649
f 4650 4803 4651
f 4802 4803 4650
f 4651 4804 4652
f 4803 4804 4651
f 4652 4805 4653
f 4804 4805 4652
f 4653 4806 4654
f 4805 4806 4653
f 4654 4807 4655
f 4806 4807 4654
f 4655 4808 4656
f 4807 4808 4655
f 4656 4809 4657
f 4808 4809 4656
f 4657 4810 4658
f 4809 4810 4657
f 4658 4811 4659
f 4810 4811 4658
f 4660 4659 4811
f 4660 4811 4812
f 4814 4813 4661
f 4814 4661 4662
f 4622 4661 4774
f 4774 4661 4813
f 4812 4815 4660
f 4660 4815 4663
f 4664 4663 4815
f 4664 4815 4816
f 4665 4814 4662
f 4665 4817 4814
f 4816 4666 4664
f 4818 4666 4816
f 4667 4817 4665
f 4667 4819 4817
f 4818 4668 4666
f 4820 4668 4818
f 4669 4819 4667
f 4669 4821 4819
f 4820 4670 4668
f 4822 4670 4820
f 4671 4821 4669
f 4671 4823 4821
f 4822 4672 4670
f 4824 4672 4822
f 4673 4823 4671
f 4673 4825 4823
f 4824 4674 4672
f 4826 4674 4824
f 4675 4825 4673
f 4675 4827 4825
f 4826 4676 4674
f 4828 4676 4826
f 4677 4827 4675
f 4677 4829 4827
f 4828 4678 4676
f 4830 4678 4828
f 4679 4829 4677
f 4679 4831 4829
f 4830 4680 4678
f 4832 4680 4830
f 4681 4831 4679
f 4681 4833 4831
f 4832 4682 4680
f 4834 4682 4832
f 4683 4833 4681
f 4683 4835 4833
f 4834 4684 4682
f 4836 4684 4834
f 4685 4835 4683
f 4685 4837 4835
f 4836 4686 4684
f 4838 4686 4836
f 4687 4837 4685
f 4687 4839 4837
f 4838 4688 4686
f 4840 4688 4838
f 4689 4839 4687
f 4689 4841 4839
f 4840 4690 4688
f 4842 4690 4840
f 4691 4841 4689
f 4691 4843 4841
f 4842 4692 4690
f 4844 4692 4842
f 4693 4843 4691
f 4693 4845 4843
f 4844 4694 4692
f 4846 4694 4844
f 4695 4845 4693
f 4695 4847 4845
f 4846 4696 4694
f 4848 4696 4846
f 4697 4847 4695
f 4697 4849 4847
f 4848 4698 4696
f 4850 4698 4848
f 4699 4849 4697
f 4699 4851 4849
f 4850 4700 4698
f 4852 4700 4850
f 4701 4851 4699
f 4701 4853 4851
f 4852 4702 4700
f 4854 4702 4852
f 4703 4853 4701
f 4703 4855 4853
f 4854 4704 4702
f 4856 4704 4854
f 4705 4855 4703
f 4705 4857 4855
f 4856 4706 4704
f 4858 4706 4856
f 4707 4857 4705
f 4707 4859 4857
f 4858 4708 4706
f 4860 4708 4858
f 4709 4859 4707
f 4709 4861 4859
f 4860 4710 4708
f 4862 4710 4860
f 4711 4861 4709
f 4711 4863 4861
f 4862 4712 4710
f 4864 4712 4862
f 4713 4863 4711
f 4713 4865 4863
f 4864 4714 4712
f 4866 4714 4864
f 4715 4865 4713
f 4715 4867 4865
f 4866 4716 4714
f 4868 4716 4866
f 4717 4867 4715
f 4717 4869 4867
f 4868 4718 4716
f 4870 4718 4868
f 4719 4869 4717
f 4719 4871 4869
f 4870 4720 4718
f 4872 4720 4870
f 4721 4871 4719
f 4721 4873 4871
f 4872 4722 4720
f 4874 4722 4872
f 4723 4873 4721
f 4723 4875 4873
f 4874 4724 4722
f 4876 4724 4874
f 4725 4875 4723
f 4725 4877 4875
f 4876 4726 4724
f 4878 4726 4876
f 4727 4877 4725
f 4727 4879 4877
f 4878 4728 4726
f 4880 4728 4878
f 4729 4879 4727
f 4729 4881 4879
f 4880 4730 4728
f 4882 4730 4880
f 4883 4881 4729
f 4883 4729 4731
f 4731 4732 4883
f 4883 4732 4884
f 4886 4885 4734
f 4734 4885 4733
f 4734 4730 4882
f 4734 4882 4886
f 4887 4884 4732
f 4887 4732 4735
f 4888 4735 4736
f 4888 4887 4735
f 4889 4736 4737
f 4889 4888 4736
f 4890 4737 4738
f 4890 4889 4737
f 4891 4738 4739
f 4891 4890 4738
f 4892 4739 4740
f 4892 4891 4739
f 4893 4740 4741
f 4893 4892 4740
f 4894 4741 4742
f 4894 4893 4741
f 4895 4742 4743
f 4895 4894 4742
f 4896 4743 4744
f 4896 4895 4743
f 4897 4744 4745
f 4897 4896 4744
f 4898 4745 4746
f 4898 4897 4745
f 4899 4746 4747
f 4899 4898 4746
f 4900 4747 4748
f 4900 4899 4747
f 4901 4748 4749
f 4901 4900 4748
f 4902 4749 4750
f 4902 4901 4749
f 4903 4750 4751
f 4903 4902 4750
f 4904 4751 4752
f 4904 4903 4751
f 4905 4752 4753
f 4905 4904 4752
f 4906 4753 4754
f 4906 4905 4753
f 4907 4754 4755
f 4907 4906 4754
f 4908 4755 4756
f 4908 4907 4755
f 4909 4756 4757
f 4909 4908 4756
f 4910 4757 4758
f 4910 4909 4757
f 4911 4758 4759
f 4911 4910 4758
f 4912 4759 4760
f 4912 4911 4759
f 4913 4760 4761
f 4913 4912 4760
f 4914 4761 4762
f 4914 4913 4761
f 4915 4762 4763
f 4915 4914 4762
f 4916 4763 4764
f 4916 4915 4763
f 4917 4764 4765
f 4917 4916 4764
f 4918 4765 4766
f 4918 4917 4765
f 4919 4766 4767
f 4919 4918 4766
f 4920 4767 4768
f 4920 4919 4767
f 4921 4768 4769
f 4921 4920 4768
f 4922 4769 4770
f 4922 4921 4769
f 4923 4770 4771
f 4923 4922 4770
f 4924 4771 4772
f 4924 4923 4771
f 4772 4733 4885
f 4772 4885 4924
f 4926 4925 4773
f 4926 4773 4774
f 4773 4927 4775
f 4925 4927 4773
f 4775 4928 4776
f 4927 4928 4775
f 4776 4929 4777
f 4928 4929 4776
f 4777 4930 4778
f 4929 4930 4777
f 4778 4931 4779
f 4930 4931 4778
f 4779 4932 4780
f 4931 4932 4779
f 4780 4933 4781
f 4932 4933 4780
f 4781 4934 4782
f 4933 4934 4781
f 4782 4935 4783
f 4934 4935 4782
f 4783 4936 4784
f 4935 4936 4783
f 4784 4937 4785
f 4936 4937 4784
f 4785 4938 4786
f 4937 4938 4785
f 4786 4939 4787
f 4938 4939 4786
f 4787 4940 4788
f 4939 4940 4787
f 4788 4941 4789
f 4940 4941 4788
f 4789 4942 4790
f 4941 4942 4789
f 4790 4943 4791
f 4942 4943 4790
f 4791 4944 4792
f 4943 4944 4791
f 4792 4945 4793
f 4944 4945 4792
f 4793 4946 4794
f 4945 4946 4793
f 4794 4947 4795
f 4946 4947 4794
f 4795 4948 4796
f 4947 4948 4795
f 4796 4949 4797
f 4948 4949 4796
f 4797 4950 4798
f 4949 4950 4797
f 4798 4951 4799
f 4950 4951 4798
f 4799 4952 4800
f 4951 4952 4799
f 4800 4953 4801
f 4952 4953 4800
f 4801 4954 4802
f 4953 4954 4801
f 4802 4955 4803
f 4954 4955 4802
f 4803 4956 4804
f 4955 4956 4803
f 4804 4957 4805
f 4956 4957 4804
f 4805 4958 4806
f 4957 4958 4805
f 4806 4959 4807
f 4958 4959 4806
f 4807 4960 4808
f 4959 4960 4807
f 4808 4961 4809
f 4960 4961 4808
f 4809 4962 4810
f 4961 4962 4809
f 4810 4963 4811
f 4962 4963 4810
f 4812 4811 4963
f 4812 4963 4964
f 4966 4965 4813
f 4966 4813 4814
f 4774 4813 4926
f 4926 4813 4965
f 4964 4967 4812
f 4812 4967 4815
f 4816 4815 4967
f 4816 4967 4968
f 4817 4966 4814
f 4817 4969 4966
f 4968 4818 4816
f 4970 4818 4968
f 4819 4969 4817
f 4819 4971 4969
f 4970 4820 4818
f 4972 4820 4970
f 4821 4971 4819
f 4821 4973 4971
f 4972 4822 4820
f 4974 4822 4972
f 4823 4973 4821
f 4823 4975 4973
f 4974 4824 4822
f 4976 4824 4974
f 4825 4975 4823
f 4825 4977 4975
f 4976 4826 4824
f 4978 4826 4976
f 4827 4977 4825
f 4827 4979 4977
f 4978 4828 4826
f 4980 4828 4978
f 4829 4979 4827
f 4829 4981 4979
f 4980 4830 4828
f 4982 4830 4980
f 4831 4981 4829
f 4831 4983 4981
f 4982 4832 4830
f 4984 4832 4982
f 4833 4983 4831
f 4833 4985 4983
f 4984 4834 4832
f 4986 4834 4984
f 4835 4985 4833
f 4835 4987 4985
f 4986 4836 4834
f 4988 4836 4986
f 4837 4987 4835
f 4837 4989 4987
f 4988 4838 4836
f 4990 4838 4988
f 4839 4989 4837
f 4839 4991 4989
f 4990 4840 4838
f 4992 4840 4990
f 4841 4991 4839
f 4841 4993 4991
f 4992 4842 4840
f 4994 4842 4992
f 4843 4993 4841
f 4843 4995 4993
f 4994 4844 4842
f 4996 4844 4994
f 4845 4995 4843
f 4845 4997 4995
f 4996 4846 4844
f 4998 4846 4996
f 4847 4997 4845
f 4847 4999 4997
f 4998 4848 4846
f 5000 4848 4998
f 4849 4999 4847
f 4849 5001 4999
f 5000 4850 4848
f 5002 4850 5000
f 4851 5001 4849
f 4851 5003 5001
f 5002 4852 4850
f 5004 4852 5002
f 4853 5003 4851
f 4853 5005 5003
f 5004 4854 4852
f 5006 4854 5004
f 4855 5005 4853
f 4855 5007 5005
f 5006 4856 4854
f 5008 4856 5006
f 4857 5007 4855
f 4857 5009 5007
f 5008 4858 4856
f 5010 4858 5008
f 4859 5009 4857
f 4859 5011 5009
f 5010 4860 4858
f 5012 4860 5010
f 4861 5011 4859
f 4861 5013 5011
f 5012 4862 4860
f 5014 4862 5012
f 4863 5013 4861
f 4863 5015 5013
f 5014 4864 4862
f 5016 4864 5014
f 4865 5015 4863
f 4865 5017 5015
f 5016 4866 4864
f 5018 4866 5016
f 4867 5017 4865
f 4867 5019 5017
f 5018 4868 4866
f 5020 4868 5018
f 4869 5019 4867
f 4869 5021 5019
f 5020 4870 4868
f 5022 4870 5020
f 4871 5021 4869
f 4871 5023 5021
f 5022 4872 4870
f 5024 4872 5022
f 4873 5023 4871
f 4873 5025 5023
f 5024 4874 4872
f 5026 4874 5024
f 4875 5025 4873
f 4875 5027 5025
f 5026 4876 4874
f 5028 4876 5026
f 4877 5027 4875
f 4877 5029 5027
f 5028 4878 4876
f 5030 4878 5028
f 4879 5029 4877
f 4879 5031 5029
f 5030 4880 4878
f 5032 4880 5030
f 4881 5031 4879
f 4881 5033 5031
f 5032 4882 4880
f 5034 4882 5032
f 5035 5033 4881
f 5035 4881 4883
f 4883 4884 5035
f 5035 4884 5036
f 5038 5037 4886
f 4886 5037 4885
f 4886 4882 5034
f 4886 5034 5038
f 5039 5036 4884
f 5039 4884 4887
f 5040 4887 4888
f 5040 5039 4887
f 5041 4888 4889
f 5041 5040 4888
f 5042 4889 4890
f 5042 5041 4889
f 5043 4890 4891
f 5043 5042 4890
f 5044 4891 4892
f 5044 5043 4891
f 5045 4892 4893
f 5045 5044 4892
f 5046 4893 4894
f 5046 5045 4893
f 5047 4894 4895
f 5047 5046 4894
f 5048 4895 4896
f 5048 5047 4895
f 5049 4896 4897
f 5049 5048 4896
f 5050 4897 4898
f 5050 5049 4897
f 5051 4898 4899
f 5051 5050 4898
f 5052 4899 4900
f 5052 5051 4899
f 5053 4900 4901
f 5053 5052 4900
f 5054 4901 4902
f 5054 5053 4901
f 5055 4902 4903
f 5055 5054 4902
f 5056 4903 4904
f 5056 5055 4903
f 5057 4904 4905
f 5057 5056 4904
f 5058 4905 4906
f 5058 5057 4905
f 5059 4906 4907
f 5059 5058 4906
f 5060 4907 4908
f 5060 5059 4907
f 5061 4908 4909
f 5061 5060 4908
f 5062 4909 4910
f 5062 5061 4909
f 5063 4910 4911
f 5063 5062 4910
f 5064 4911 4912
f 5064 5063 4911
f 5065 4912 4913
f 5065 5064 4912
f 5066 4913 4914
f 5066 5065 4913
f 5067 4914 4915
f 5067 5066 4914
f 5068 4915 4916
f 5068 5067 4915
f 5069 4916 4917
f 5069 5068 4916
f 5070 4917 4918
f 5070 5069 4917
f 5071 4918 4919
f 5071 5070 4918
f 5072 4919 4920
f 5072 5071 4919
f 5073 4920 4921
f 5073 5072 4920
f 5074 4921 4922
f 5074 5073 4921
f 5075 4922 4923
f 5075 5074 4922
f 5076 4923 4924
f 5076 5075 4923
f 4924 4885 5037
f 4924 5037 5076
f 5078 5077 4925
f 5078 4925 4926
f 4925 5079 4927
f 5077 5079 4925
f 4927 5080 4928
f 5079 5080 4927
f 4928 5081 4929
f 5080 5081 4928
f 4929 5082 4930
f 5081 5082 4929
f 4930 5083 4931
f 5082 5083 4930
f 4931 5084 4932
f 5083 5084 4931
f 4932 5085 4933
f 5084 5085 4932
f 4933 5086 4934
f 5085 5086 4933
f 4934 5087 4935
f 5086 5087 4934
f 4935 5088 4936
f 5087 5088 4935
f 4936 5089 4937
f 5088 5089 4936
f 4937 5090 4938
f 5089 5090 4937
f 4938 5091 4939
f 5090 5091 4938
f 4939 5092 4940
f 5091 5092 4939
f 4940 5093 4941
f 5092 5093 4940
f 4941 5094 4942
f 5093 5094 4941
f 4942 5095 4943
f 5094 5095 4942
f 4943 5096 4944
f 5095 5096 4943
f 4944 5097 4945
f 5096 5097 4944
f 4945 5098 4946
f 5097 5098 4945
f 4946 5099 4947
f 5098 5099 4946
f 4947 5100 4948
f 5099 5100 4947
f 4948 5101 4949
f 5100 5101 4948
f 4949 5102 4950
f 5101 5102 4949
f 4950 5103 4951
f 5102 5103 4950
f 4951 5104 4952
f 5103 5104 4951
f 4952 5105 4953
f 5104 5105 4952
f 4953 5106 4954
f 5105 5106 4953
f 4954 5107 4955
f 5106 5107 4954
f 4955 5108 4956
f 5107 5108 4955
f 4956 5109 4957
f 5108 5109 4956
f 4957 5110 4958
f 5109 5110 4957
f 4958 5111 4959
f 5110 5111 4958
f 4959 5112 4960
f 5111 5112 4959
f 4960 5113 4961
f 5112 5113 4960
f 4961 5114 4962
f 5113 5114 4961
f 4962 5115 4963
f 5114 5115 4962
f 4964 4963 5115
f 4964 5115 5116
f 5118 5117 4965
f 5118 4965 4966
f 4926 4965 5078
f 5078 4965 5117
f 5116 5119 4964
f 4964 5119 4967
f 4968 4967 5119
f 4968 5119 5120
f 4969 5118 4966
f 4969 5121 5118
f 5120 4970 4968
f 5122 4970 5120
f 4971 5121 4969
f 4971 5123 5121
f 5122 4972 4970
f 5124 4972 5122
f 4973 5123 4971
f 4973 5125 5123
f 5124 4974 4972
f 5126 4974 5124
f 4975 5125 4973
f 4975 5127 5125
f 5126 4976 4974
f 5128 4976 5126
f 4977 5127 4975
f 4977 5129 5127
f 5128 4978 4976
f 5130 4978 5128
f 4979 5129 4977
f 4979 5131 5129
f 5130 4980 4978
f 5132 4980 5130
f 4981 5131 4979
f 4981 5133 5131
f 5132 4982 4980
f 5134 4982 5132
f 4983 5133 4981
f 4983 5135 5133
f 5134 4984 4982
f 5136 4984 5134
f 4985 5135 4983
f 4985 5137 5135
f 5136 4986 4984
f 5138 4986 5136
f 4987 5137 4985
f 4987 5139 5137
f 5138 4988 4986
f 5140 4988 5138
f 4989 5139 4987
f 4989 5141 5139
f 5140 4990 4988
f 5142 4990 5140
f 4991 5141 4989
f 4991 5143 5141
f 5142 4992 4990
f 5144 4992 5142
f 4993 5143 4991
f 4993 5145 5143
f 5144 4994 4992
f 5146 4994 5144
f 4995 5145 4993
f 4995 5147 5145
f 5146 4996 4994
f 5148 4996 5146
f 4997 5147 4995
f 4997 5149 5147
f 5148 4998 4996
f 5150 4998 5148
f 4999 5149 4997
f 4999 5151 5149
f 5150 5000 4998
f 5152 5000 5150
f 5001 5151 4999
f 5001 5153 5151
f 5152 5002 5000
f 5154 5002 5152
f 5003 5153 5001
f 5003 5155 5153
f 5154 5004 5002
f 5156 5004 5154
f 5005 5155 5003
f 5005 5157 5155
f 5156 5006 5004
f 5158 5006 5156
f 5007 5157 5005
f 5007 5159 5157
f 5158 5008 5006
f 5160 5008 5158
f 5009 5159 5007
f 5009 5161 5159
f 5160 5010 5008
f 5162 5010 5160
f 5011 5161 5009
f 5011 5163 5161
f 5162 5012 5010
f 5164 5012 5162
f 5013 5163 5011
f 5013 5165 5163
f 5164 5014 5012
f 5166 5014 5164
f 5015 5165 5013
f 5015 5167 5165
f 5166 5016 5014
f 5168 5016 5166
f 5017 5167 5015
f 5017 5169 5167
f 5168 5018 5016
f 5170 5018 5168
f 5019 5169 5017
f 5019 5171 5169
f 5170 5020 5018
f 5172 5020 5170
f 5021 5171 5019
f 5021 5173 5171
f 5172 5022 5020
f 5174 5022 5172
f 5023 5173 5021
f 5023 5175 5173
f 5174 5024 5022
f 5176 5024 5174
f 5025 5175 5023
f 5025 5177 5175
f 5176 5026 5024
f 5178 5026 5176
f 5027 5177 5025
f 5027 5179 5177
f 5178 5028 5026
f 5180 5028 5178
f 5029 5179 5027
f 5029 5181 5179
f 5180 5030 5028
f 5182 5030 5180
f 5031 5181 5029
f 5031 5183 5181
f 5182 5032 5030
f 5184 5032 5182
f 5033 5183 5031
f 5033 5185 5183
f 5184 5034 5032
f 5186 5034 5184
f 5187 5185 5033
f 5187 5033 5035
f 5035 5036 5187
f 5187 5036 5188
f 5190 5189 5038
f 5038 5189 5037
f 5038 5034 5186
f 5038 5186 5190
f 5191 5188 5036
f 5191 5036 5039
f 5192 5039 5040
f 5192 5191 5039
f 5193 5040 5041
f 5193 5192 5040
f 5194 5041 5042
f 5194 5193 5041
f 5195 5042 5043
f 5195 5194 5042
f 5196 5043 5044
f 5196 5195 5043
f 5197 5044 5045
f 5197 5196 5044
f 5198 5045 5046
f 5198 5197 5045
f 5199 5046 5047
f 5199 5198 5046
f 5200 5047 5048
f 5200 5199 5047
f 5201 5048 5049
f 5201 5200 5048
f 5202 5049 5050
f 5202 5201 5049
f 5203 5050 5051
f 5203 5202 5050
f 5204 5051 5052
f 5204 5203 5051
f 5205 5052 5053
f 5205 5204 5052
f 5206 5053 5054
f 5206 5205 5053
f 5207 5054 5055
f 5207 5206 5054
f 5208 5055 5056
f 5208 5207 5055
f 5209 5056 5057
f 5209 5208 5056
f 5210 5057 5058
f 5210 5209 5057
f 5211 5058 5059
f 5211 5210 5058
f 5212 5059 5060
f 5212 5211 5059
f 5213 5060 5061
f 5213 5212 5060
f 5214 5061 5062
f 5214 5213 5061
f 5215 5062 5063
f 5215 5214 5062
f 5216 5063 5064
f 5216 5215 5063
f 5217 5064 5065
f 5217 5216 5064
f 5218 5065 5066
f 5218 5217 5065
f 5219 5066 5067
f 5219 5218 5066
f 5220 5067 5068
f 5220 5219 5067
f 5221 5068 5069
f 5221 5220 5068
f 5222 5069 5070
f 5222 5221 5069
f 5223 5070 5071
f 5223 5222 5070
f 5224 5071 5072
f 5224 5223 5071
f 5225 5072 5073
f 5225 5224 5072
f 5226 5073 5074
f 5226 5225 5073
f 5227 5074 5075
f 5227 5226 5074
f 5228 5075 5076
f 5228 5227 5075
f 5076 5037 5189
f 5076 5189 5228
f 5230 5229 5077
f 5230 5077 5078
f 5077 5231 5079
f 5229 5231 5077
f 5079 5232 5080
f 5231 5232 5079
f 5080 5233 5081
f 5232 5233 5080
f 5081 5234 5082
f 5233 5234 5081
f 5082 5235 5083
f 5234 5235 5082
f 5083 5236 5084
f 5235 5236 5083
f 5084 5237 5085
f 5236 5237 5084
f 5085 5238 5086
f 5237 5238 5085
f 5086 5239 5087
f 5238 5239 5086
f 5087 5240 5088
f 5239 5240 5087
f 5088 5241 5089
f 5240 5241 5088
f 5089 5242 5090
f 5241 5242 5089
f 5090 5243 5091
f 5242 5243 5090
f 5091 5244 5092
f 5243 5244 5091
f 5092 5245 5093
f 5244 5245 5092
f 5093 5246 5094
f 5245 5246 5093
f 5094 5247 5095
f 5246 5247 5094
f 5095 5248 5096
f 5247 5248 5095
f 5096 5249 5097
f 5248 5249 5096
f 5097 5250 5098
f 5249 5250 5097
f 5098 5251 5099
f 5250 5251 5098
f 5099 5252 5100
f 5251 5252 5099
f 5100 5253 5101
f 5252 5253 5100
f 5101 5254 5102
f 5253 5254 5101
f 5102 5255 5103
f 5254 5255 5102
f 5103 5256 5104
f 5255 5256 5103
f 5104 5257 5105
f 5256 5257 5104
f 5105 5258 5106
f 5257 5258 5105
f 5106 5259 5107
f 5258 5259 5106
f 5107 5260 5108
f 5259 5260 5107
f 5108 5261 5109
f 5260 5261 5108
f 5109 5262 5110
f 5261 5262 5109
f 5110 5263 5111
f 5262 5263 5110
f 5111 5264 5112
f 5263 5264 5111
f 5112 5265 5113
f 5264 5265 5112
f 5113 5266 5114
f 5265 5266 5113
f 5114 5267 5115
f 5266 5267 5114
f 5116 5115 5267
f 5116 5267 5268
f 5270 5269 5117
f 5270 5117 5118
f 5078 5117 5230
f 5230 5117 5269
f 5268 5271 5116
f 5116 5271 5119
f 5120 5119 5271
f 5120 5271 5272
f 5121 5270 5118
f 5121 5273 5270
f 5272 5122 5120
f 5274 5122 5272
f 5123 5273 5121
f 5123 5275 5273
f 5274 5124 5122
f 5276 5124 5274
f 5125 5275 5123
f 5125 5277 5275
f 5276 5126 5124
f 5278 5126 5276
f 5127 5277 5125
f 5127 5279 5277
f 5278 5128 5126
f 5280 5128 5278
f 5129 5279 5127
f 5129 5281 5279
f 5280 5130 5128
f 5282 5130 5280
f 5131 5281 5129
f 5131 5283 5281
f 5282 5132 5130
f 5284 5132 5282
f 5133 5283 5131
f 5133 5285 5283
f 5284 5134 5132
f 5286 5134 5284
f 5135 5285 5133
f 5135 5287 5285
f 5286 5136 5134
f 5288 5136 5286
f 5137 5287 5135
f 5137 5289 5287
f 5288 5138 5136
f 5290 5138 5288
f 5139 5289 5137
f 5139 5291 5289
f 5290 5140 5138
f 5292 5140 5290
f 5141 5291 5139
f 5141 5293 5291
f 5292 5142 5140
f 5294 5142 5292
f 5143 5293 5141
f 5143 5295 5293
f 5294 5144 5142
f 5296 5144 5294
f 5145 5295 5143
f 5145 5297 5295
f 5296 5146 5144
f 5298 5146 5296
f 5147 5297 5145
f 5147 5299 5297
f 5298 5148 5146
f 5300 5148 5298
f 5149 5299 5147
f 5149 5301 5299
f 5300 5150 5148
f 5302 5150 5300
f 5151 5301 5149
f 5151 5303 5301
f 5302 5152 5150
f 5304 5152 5302
f 5153 5303 5151
f 5153 5305 5303
f 5304 5154 5152
f 5306 5154 5304
f 5155 5305 5153
f 5155 5307 5305
f 5306 5156 5154
f 5308 5156 5306
f 5157 5307 5155
f 5157 5309 5307
f 5308 5158 5156
f 5310 5158 5308
f 5159 5309 5157
f 5159 5311 5309
f 5310 5160 5158
f 5312 5160 5310
f 5161 5311 5159
f 5161 5313 5311
f 5312 5162 5160
f 5314 5162 5312
f 5163 5313 5161
f 5163 5315 5313
f 5314 5164 5162
f 5316 5164 5314
f 5165 5315 5163
f 5165 5317 5315
f 5316 5166 5164
f 5318 5166 5316
f 5167 5317 5165
f 5167 5319 5317
f 5318 5168 5166
f 5320 5168 5318
f 5169 5319 5167
f 5169 5321 5319
f 5320 5170 5168
f 5322 5170 5320
f 5171 5321 5169
f 5171 5323 5321
f 5322 5172 5170
f 5324 5172 5322
f 5173 5323 5171
f 5173 5325 5323
f 5324 5174 5172
f 5326 5174 5324
f 5175 5325 5173
f 5175 5327 5325
f 5326 5176 5174
f 5328 5176 5326
f 5177 5327 5175
f 5177 5329 5327
f 5328 5178 5176
f 5330 5178 5328
f 5179 5329 5177
f 5179 5331 5329
f 5330 5180 5178
f 5332 5180 5330
f 5181 5331 5179
f 5181 5333 5331
f 5332 5182 5180
f 5334 5182 5332
f 5183 5333 5181
f 5183 5335 5333
f 5334 5184 5182
f 5336 5184 5334
f 5185 5335 5183
f 5185 5337 5335
f 5336 5186 5184
f 5338 5186 5336
f 5339 5337 5185
f 5339 5185 5187
f 5187 5188 5339
f 5339 5188 5340
f 5342 5341 5190
f 5190 5341 5189
f 5190 5186 5338
f 5190 5338 5342
f 5343 5340 5188
f 5343 5188 5191
f 5344 5191 5192
f 5344 5343 5191
f 5345 5192 5193
f 5345 5344 5192
f 5346 5193 5194
f 5346 5345 5193
f 5347 5194 5195
f 5347 5346 5194
f 5348 5195 5196
f 5348 5347 5195
f 5349 5196 5197
f 5349 5348 5196
f 5350 5197 5198
f 5350 5349 5197
f 5351 5198 5199
f 5351 5350 5198
f 5352 5199 5200
f 5352 5351 5199
f 5353 5200 5201
f 5353 5352 5200
f 5354 5201 5202
f 5354 5353 5201
f 5355 5202 5203
f 5355 5354 5202
f 5356 5203 5204
f 5356 5355 5203
f 5357 5204 5205
f 5357 5356 5204
f 5358 5205 5206
f 5358 5357 5205
f 5359 5206 5207
f 5359 5358 5206
f 5360 5207 5208
f 5360 5359 5207
f 5361 5208 5209
f 5361 5360 5208
f 5362 5209 5210
f 5362 5361 5209
f 5363 5210 5211
f 5363 5362 5210
f 5364 5211 5212
f 5364 5363 5211
f 5365 5212 5213
f 5365 5364 5212
f 5366 5213 5214
f 5366 5365 5213
f 5367 5214 5215
f 5367 5366 5214
f 5368 5215 5216
f 5368 5367 5215
f 5369 5216 5217
f 5369 5368 5216
f 5370 5217 5218
f 5370 5369 5217
f 5371 5218 5219
f 5371 5370 5218
f 5372 5219 5220
f 5372 5371 5219
f 5373 5220 5221
f 5373 5372 5220
f 5374 5221 5222
f 5374 5373 5221
f 5375 5222 5223
f 5375 5374 5222
f 5376 5223 5224
f 5376 5375 5223
f 5377 5224 5225
f 5377 5376 5224
f 5378 5225 5226
f 5378 5377 5225
f 5379 5226 5227
f 5379 5378 5226
f 5380 5227 5228
f 5380 5379 5227
f 5228 5189 5341
f 5228 5341 5380
f 5382 5381 5229
f 5382 5229 5230
f 5229 5383 5231
f 5381 5383 5229
f 5231 5384 5232
f 5383 5384 5231
f 5232 5385 5233
f 5384 5385 5232
f 5233 5386 5234
f 5385 5386 5233
f 5234 5387 5235
f 5386 5387 5234
f 5235 5388 5236
f 5387 5388 5235
f 5236 5389 5237
f 5388 5389 5236
f 5237 5390 5238
f 5389 5390 5237
f 5238 5391 5239
f 5390 5391 5238
f 5239 5392 5240
f 5391 5392 5239
f 5240 5393 5241
f 5392 5393 5240
f 5241 5394 5242
f 5393 5394 5241
f 5242 5395 5243
f 5394 5395 5242
f 5243 5396 5244
f 5395 5396 5243
f 5244 5397 5245
f 5396 5397 5244
f 5245 5398 5246
f 5397 5398 5245
f 5246 5399 5247
f 5398 5399 5246
f 5247 5400 5248
f 5399 5400 5247
f 5248 5401 5249
f 5400 5401 5248
f 5249 5402 5250
f 5401 5402 5249
f 5250 5403 5251
f 5402 5403 5250
f 5251 5404 5252
f 5403 5404 5251
f 5252 5405 5253
f 5404 5405 5252
f 5253 5406 5254
f 5405 5406 5253
f 5254 5407 5255
f 5406 5407 5254
f 5255 5408 5256
f 5407 5408 5255
f 5256 5409 5257
f 5408 5409 5256
f 5257 5410 5258
f 5409 5410 5257
f 5258 5411 5259
f 5410 5411 5258
f 5259 5412 5260
f 5411 5412 5259
f 5260 5413 5261
f 5412 5413 5260
f 5261 5414 5262
f 5413 5414 5261
f 5262 5415 5263
f 5414 5415 5262
f 5263 5416 5264
f 5415 5416 5263
f 5264 5417 5265
f 5416 5417 5264
f 5265 5418 5266
f 5417 5418 5265
f 5266 5419 5267
f 5418 5419 5266
f 5268 5267 5419
f 5268 5419 5420
f 5422 5421 5269
f 5422 5269 5270
f 5230 5269 5382
f 5382 5269 5421
f 5420 5423 5268
f 5268 5423 5271
f 5272 5271 5423
f 5272 5423 5424
f 5273 5422 5270
f 5273 5425 5422
f 5424 5274 5272
f 5426 5274 5424
f 5275 5425 5273
f 5275 5427 5425
f 5426 5276 5274
f 5428 5276 5426
f 5277 5427 5275
f 5277 5429 5427
f 5428 5278 5276
f 5430 5278 5428
f 5279 5429 5277
f 5279 5431 5429
f 5430 5280 5278
f 5432 5280 5430
f 5281 5431 5279
f 5281 5433 5431
f 5432 5282 5280
f 5434 5282 5432
f 5283 5433 5281
f 5283 5435 5433
f 5434 5284 5282
f 5436 5284 5434
f 5285 5435 5283
f 5285 5437 5435
f 5436 5286 5284
f 5438 5286 5436
f 5287 5437 5285
f 5287 5439 5437
f 5438 5288 5286
f 5440 5288 5438
f 5289 5439 5287
f 5289 5441 5439
f 5440 5290 5288
f 5442 5290 5440
f 5291 5441 5289
f 5291 5443 5441
f 5442 5292 5290
f 5444 5292 5442
f 5293 5443 5291
f 5293 5445 5443
f 5444 5294 5292
f 5446 5294 5444
f 5295 5445 5293
f 5295 5447 5445
f 5446 5296 5294
f 5448 5296 5446
f 5297 5447 5295
f 5297 5449 5447
f 5448 5298 5296
f 5450 5298 5448
f 5299 5449 5297
f 5299 5451 5449
f 5450 5300 5298
f 5452 5300 5450
f 5301 5451 5299
f 5301 5453 5451
f 5452 5302 5300
f 5454 5302 5452
f 5303 5453 5301
f 5303 5455 5453
f 5454 5304 5302
f 5456 5304 5454
f 5305 5455 5303
f 5305 5457 5455
f 5456 5306 5304
f 5458 5306 5456
f 5307 5457 5305
f 5307 5459 5457
f 5458 5308 5306
f 5460 5308 5458
f 5309 5459 5307
f 5309 5461 5459
f 5460 5310 5308
f 5462 5310 5460
f 5311 5461 5309
f 5311 5463 5461
f 5462 5312 5310
f 5464 5312 5462
f 5313 5463 5311
f 5313 5465 5463
f 5464 5314 5312
f 5466 5314 5464
f 5315 5465 5313
f 5315 5467 5465
f 5466 5316 5314
f 5468 5316 5466
f 5317 5467 5315
f 5317 5469 5467
f 5468 5318 5316
f 5470 5318 5468
f 5319 5469 5317
f 5319 5471 5469
f 5470 5320 5318
f 5472 5320 5470
f 5321 5471 5319
f 5321 5473 5471
f 5472 5322 5320
f 5474 5322 5472
f 5323 5473 5321
f 5323 5475 5473
f 5474 5324 5322
f 5476 5324 5474
f 5325 5475 5323
f 5325 5477 5475
f 5476 5326 5324
f 5478 5326 5476
f 5327 5477 5325
f 5327 5479 5477
f 5478 5328 5326
f 5480 5328 5478
f 5329 5479 5327
f 5329 5481 5479
f 5480 5330 5328
f 5482 5330 5480
f 5331 5481 5329
f 5331 5483 5481
f 5482 5332 5330
f 5484 5332 5482
f 5333 5483 5331
f 5333 5485 5483
f 5484 5334 5332
f 5486 5334 5484
f 5335 5485 5333
f 5335 5487 5485
f 5486 5336 5334
f 5488 5336 5486
f 5337 5487 5335
f 5337 5489 5487
f 5488 5338 5336
f 5490 5338 5488
f 5491 5489 5337
f 5491 5337 5339
f 5339 5340 5491
f 5491 5340 5492
f 5494 5493 5342
f 5342 5493 5341
f 5342 5338 5490
f 5342 5490 5494
f 5495 5492 5340
f 5495 5340 5343
f 5496 5343 5344
f 5496 5495 5343
f 5497 5344 5345
f 5497 5496 5344
f 5498 5345 5346
f 5498 5497 5345
f 5499 5346 5347
f 5499 5498 5346
f 5500 5347 5348
f 5500 5499 5347
f 5501 5348 5349
f 5501 5500 5348
f 5502 5349 5350
f 5502 5501 5349
f 5503 5350 5351
f 5503 5502 5350
f 5504 5351 5352
f 5504 5503 5351
f 5505 5352 5353
f 5505 5504 5352
f 5506 5353 5354
f 5506 5505 5353
f 5507 5354 5355
f 5507 5506 5354
f 5508 5355 5356
f 5508 5507 5355
f 5509 5356 5357
f 5509 5508 5356
f 5510 5357 5358
f 5510 5509 5357
f 5511 5358 5359
f 5511 5510 5358
f 5512 5359 5360
f 5512 5511 5359
f 5513 5360 5361
f 5513 5512 5360
f 5514 5361 5362
f 5514 5513 5361
f 5515 5362 5363
f 5515 5514 5362
f 5516 5363 5364
f 5516 5515 5363
f 5517 5364 5365
f 5517 5516 5364
f 5518 5365 5366
f 5518 5517 5365
f 5519 5366 5367
f 5519 5518 5366
f 5520 5367 5368
f 5520 5519 5367
f 5521 5368 5369
f 5521 5520 5368
f 5522 5369 5370
f 5522 5521 5369
f 5523 5370 5371
f 5523 5522 5370
f 5524 5371 5372
f 5524 5523 5371
f 5525 5372 5373
f 5525 5524 5372
f 5526 5373 5374
f 5526 5525 5373
f 5527 5374 5375
f 5527 5526 5374
f 5528 5375 5376
f 5528 5527 5375
f 5529 5376 5377
f 5529 5528 5376
f 5530 5377 5378
f 5530 5529 5377
f 5531 5378 5379
f 5531 5530 5378
f 5532 5379 5380
f 5532 5531 5379
f 5380 5341 5493
f 5380 5493 5532
f 5534 5533 5381
f 5534 5381 5382
f 5381 5535 5383
f 5533 5535 5381
f 5383 5536 5384
f 5535 5536 5383
f 5384 5537 5385
f 5536 5537 5384
f 5385 5538 5386
f 5537 5538 5385
f 5386 5539 5387
f 5538 5539 5386
f 5387 5540 5388
f 5539 5540 5387
f 5388 5541 5389
f 5540 5541 5388
f 5389 5542 5390
f 5541 5542 5389
f 5390 5543 5391
f 5542 5543 5390
f 5391 5544 5392
f 5543 5544 5391
f 5392 5545 5393
f 5544 5545 5392
f 5393 5546 5394
f 5545 5546 5393
f 5394 5547 5395
f 5546 5547 5394
f 5395 5548 5396
f 5547 5548 5395
f 5396 5549 5397
f 5548 5549 5396
f 5397 5550 5398
f 5549 5550 5397
f 5398 5551 5399
f 5550 5551 5398
f 5399 5552 5400
f 5551 5552 5399
f 5400 5553 5401
f 5552 5553 5400
f 5401 5554 5402
f 5553 5554 5401
f 5402 5555 5403
f 5554 5555 5402
f 5403 5556 5404
f 5555 5556 5403
f 5404 5557 5405
f 5556 5557 5404
f 5405 5558 5406
f 5557 5558 5405
f 5406 5559 5407
f 5558 5559 5406
f 5407 5560 5408
f 5559 5560 5407
f 5408 5561 5409
f 5560 5561 5408
f 5409 5562 5410
f 5561 5562 5409
f 5410 5563 5411
f 5562 5563 5410
f 5411 5564 5412
f 5563 5564 5411
f 5412 5565 5413
f 5564 5565 5412
f 5413 5566 5414
f 5565 5566 5413
f 5414 5567 5415
f 5566 5567 5414
f 5415 5568 5416
f 5567 5568 5415
f 5416 5569 5417
f 5568 5569 5416
f 5417 5570 5418
f 5569 5570 5417
f 5418 5571 5419
f 5570 5571 5418
f 5420 5419 5571
f 5420 5571 5572
f 5574 5573 5421
f 5574 5421 5422
f 5382 5421 5534
f 5534 5421 5573
f 5572 5575 5420
f 5420 5575 5423
f 5424 5423 5575
f 5424 5575 5576
f 5425 5574 5422
f 5425 5577 5574
f 5576 5426 5424
f 5578 5426 5576
f 5427 5577 5425
f 5427 5579 5577
f 5578 5428 5426
f 5580 5428 5578
f 5429 5579 5427
f 5429 5581 5579
f 5580 5430 5428
f 5582 5430 5580
f 5431 5581 5429
f 5431 5583 5581
f 5582 5432 5430
f 5584 5432 5582
f 5433 5583 5431
f 5433 5585 5583
f 5584 5434 5432
f 5586 5434 5584
f 5435 5585 5433
f 5435 5587 5585
f 5586 5436 5434
f 5588 5436 5586
f 5437 5587 5435
f 5437 5589 5587
f 5588 5438 5436
f 5590 5438 5588
f 5439 5589 5437
f 5439 5591 5589
f 5590 5440 5438
f 5592 5440 5590
f 5441 5591 5439
f 5441 5593 5591
f 5592 5442 5440
f 5594 5442 5592
f 5443 5593 5441
f 5443 5595 5593
f 5594 5444 5442
f 5596 5444 5594
f 5445 5595 5443
f 5445 5597 5595
f 5596 5446 5444
f 5598 5446 5596
f 5447 5597 5445
f 5447 5599 5597
f 5598 5448 5446
f 5600 5448 5598
f 5449 5599 5447
f 5449 5601 5599
f 5600 5450 5448
f 5602 5450 5600
f 5451 5601 5449
f 5451 5603 5601
f 5602 5452 5450
f 5604 5452 5602
f 5453 5603 5451
f 5453 5605 5603
f 5604 5454 5452
f 5606 5454 5604
f 5455 5605 5453
f 5455 5607 5605
f 5606 5456 5454
f 5608 5456 5606
f 5457 5607 5455
f 5457 5609 5607
f 5608 5458 5456
f 5610 5458 5608
f 5459 5609 5457
f 5459 5611 5609
f 5610 5460 5458
f 5612 5460 5610
f 5461 5611 5459
f 5461 5613 5611
f 5612 5462 5460
f 5614 5462 5612
f 5463 5613 5461
f 5463 5615 5613
f 5614 5464 5462
f 5616 5464 5614
f 5465 5615 5463
f 5465 5617 5615
f 5616 5466 5464
f 5618 5466 5616
f 5467 5617 5465
f 5467 5619 5617
f 5618 5468 5466
f 5620 5468 5618
f 5469 5619 5467
f 5469 5621 5619
f 5620 5470 5468
f 5622 5470 5620
f 5471 5621 5469
f 5471 5623 5621
f 5622 5472 5470
f 5624 5472 5622
f 5473 5623 5471
f 5473 5625 5623
f 5624 5474 5472
f 5626 5474 5624
f 5475 5625 5473
f 5475 5627 5625
f 5626 5476 5474
f 5628 5476 5626
f 5477 5627 5475
f 5477 5629 5627
f 5628 5478 5476
f 5630 5478 5628
f 5479 5629 5477
f 5479 5631 5629
f 5630 5480 5478
f 5632 5480 5630
f 5481 5631 5479
f 5481 5633 5631
f 5632 5482 5480
f 5634 5482 5632
f 5483 5633 5481
f 5483 5635 5633
f 5634 5484 5482
f 5636 5484 5634
f 5485 5635 5483
f 5485 5637 5635
f 5636 5486 5484
f 5638 5486 5636
f 5487 5637 5485
f 5487 5639 5637
f 5638 5488 5486
f 5640 5488 5638
f 5489 5639 5487
f 5489 5641 5639
f 5640 5490 5488
f 5642 5490 5640
f 5643 5641 5489
f 5643 5489 5491
f 5491 5492 5643
f 5643 5492 5644
f 5646 5645 5494
f 5494 5645 5493
f 5494 5490 5642
f 5494 5642 5646
f 5647 5644 5492
f 5647 5492 5495
f 5648 5495 5496
f 5648 5647 5495
f 5649 5496 5497
f 5649 5648 5496
f 5650 5497 5498
f 5650 5649 5497
f 5651 5498 5499
f 5651 5650 5498
f 5652 5499 5500
f 5652 5651 5499
f 5653 5500 5501
f 5653 5652 5500
f 5654 5501 5502
f 5654 5653 5501
f 5655 5502 5503
f 5655 5654 5502
f 5656 5503 5504
f 5656 5655 5503
f 5657 5504 5505
f 5657 5656 5504
f 5658 5505 5506
f 5658 5657 5505
f 5659 5506 5507
f 5659 5658 5506
f 5660 5507 5508
f 5660 5659 5507
f 5661 5508 5509
f 5661 5660 5508
f 5662 5509 5510
f 5662 5661 5509
f 5663 5510 5511
f 5663 5662 5510
f 5664 5511 5512
f 5664 5663 5511
f 5665 5512 5513
f 5665 5664 5512
f 5666 5513 5514
f 5666 5665 5513
f 5667 5514 5515
f 5667 5666 5514
f 5668 5515 5516
f 5668 5667 5515
f 5669 5516 5517
f 5669 5668 5516
f 5670 5517 5518
f 5670 5669 5517
f 5671 5518 5519
f 5671 5670 5518
f 5672 5519 5520
f 5672 5671 5519
f 5673 5520 5521
f 5673 5672 5520
f 5674 5521 5522
f 5674 5673 5521
f 5675 5522 5523
f 5675 5674 5522
f 5676 5523 5524
f 5676 5675 5523
f 5677 5524 5525
f 5677 5676 5524
f 5678 5525 5526
f 5678 5677 5525
f 5679 5526 5527
f 5679 5678 5526
f 5680 5527 5528
f 5680 5679 5527
f 5681 5528 5529
f 5681 5680 5528
f 5682 5529 5530
f 5682 5681 5529
f 5683 5530 5531
f 5683 5682 5530
f 5684 5531 5532
f 5684 5683 5531
f 5532 5493 5645
f 5532 5645 5684
f 5686 5685 5533
f 5686 5533 5534
f 5533 5687 5535
f 5685 5687 5533
f 5535 5688 5536
f 5687 5688 5535
f 5536 5689 5537
f 5688 5689 5536
f 5537 5690 5538
f 5689 5690 5537
f 5538 5691 5539
f 5690 5691 5538
f 5539 5692 5540
f 5691 5692 5539
f 5540 5693 5541
f 5692 5693 5540
f 5541 5694 5542
f 5693 5694 5541
f 5542 5695 5543
f 5694 5695 5542
f 5543 5696 5544
f 5695 5696 5543
f 5544 5697 5545
f 5696 5697 5544
f 5545 5698 5546
f 5697 5698 5545
f 5546 5699 5547
f 5698 5699 5546
f 5547 5700 5548
f 5699 5700 5547
f 5548 5701 5549
f 5700 5701 5548
f 5549 5702 5550
f 5701 5702 5549
f 5550 5703 5551
f 5702 5703 5550
f 5551 5704 5552
f 5703 5704 5551
f 5552 5705 5553
f 5704 5705 5552
f 5553 5706 5554
f 5705 5706 5553
f 5554 5707 5555
f 5706 5707 5554
f 5555 5708 5556
f 5707 5708 5555
f 5556 5709 5557
f 5708 5709 5556
f 5557 5710 5558
f 5709 5710 5557
f 5558 5711 5559
f 5710 5711 5558
f 5559 5712 5560
f 5711 5712 5559
f 5560 5713 5561
f 5712 5713 5560
f 5561 5714 5562
f 5713 5714 5561
f 5562 5715 5563
f 5714 5715 5562
f 5563 5716 5564
f 5715 5716 5563
f 5564 5717 5565
f 5716 5717 5564
f 5565 5718 5566
f 5717 5718 5565
f 5566 5719 5567
f 5718 5719 5566
f 5567 5720 5568
f 5719 5720 5567
f 5568 5721 5569
f 5720 5721 5568
f 5569 5722 5570
f 5721 5722 5569
f 5570 5723 5571
f 5722 5723 5570
f 5572 5571 5723
f 5572 5723 5724
f 5726 5725 5573
f 5726 5573 5574
f 5534 5573 5686
f 5686 5573 5725
f 5724 5727 5572
f 5572 5727 5575
f 5576 5575 5727
f 5576 5727 5728
f 5577 5726 5574
f 5577 5729 5726
f 5728 5578 5576
f 5730 5578 5728
f 5579 5729 5577
f 5579 5731 5729
f 5730 5580 5578
f 5732 5580 5730
f 5581 5731 5579
f 5581 5733 5731
f 5732 5582 5580
f 5734 5582 5732
f 5583 5733 5581
f 5583 5735 5733
f 5734 5584 5582
f 5736 5584 5734
f 5585 5735 5583
f 5585 5737 5735
f 5736 5586 5584
f 5738 5586 5736
f 5587 5737 5585
f 5587 5739 5737
f 5738 5588 5586
f 5740 5588 5738
f 5589 5739 5587
f 5589 5741 5739
f 5740 5590 5588
f 5742 5590 5740
f 5591 5741 5589
f 5591 5743 5741
f 5742 5592 5590
f 5744 5592 5742
f 5593 5743 5591
f 5593 5745 5743
f 5744 5594 5592
f 5746 5594 5744
f 5595 5745 5593
f 5595 5747 5745
f 5746 5596 5594
f 5748 5596 5746
f 5597 5747 5595
f 5597 5749 5747
f 5748 5598 5596
f 5750 5598 5748
f 5599 5749 5597
f 5599 5751 5749
f 5750 5600 5598
f 5752 5600 5750
f 5601 5751 5599
f 5601 5753 5751
f 5752 5602 5600
f 5754 5602 5752
f 5603 5753 5601
f 5603 5755 5753
f 5754 5604 5602
f 5756 5604 5754
f 5605 5755 5603
f 5605 5757 5755
f 5756 5606 5604
f 5758 5606 5756
f 5607 5757 5605
f 5607 5759 5757
f 5758 5608 5606
f 5760 5608 5758
f 5609 5759 5607
f 5609 5761 5759
f 5760 5610 5608
f 5762 5610 5760
f 5611 5761 5609
f 5611 5763 5761
f 5762 5612 5610
f 5764 5612 5762
f 5613 5763 5611
f 5613 5765 5763
f 5764 5614 5612
f 5766 5614 5764
f 5615 5765 5613
f 5615 5767 5765
f 5766 5616 5614
f 5768 5616 5766
f 5617 5767 5615
f 5617 5769 5767
f 5768 5618 5616
f 5770 5618 5768
f 5619 5769 5617
f 5619 5771 5769
f 5770 5620 5618
f 5772 5620 5770
f 5621 5771 5619
f 5621 5773 5771
f 5772 5622 5620
f 5774 5622 5772
f 5623 5773 5621
f 5623 5775 5773
f 5774 5624 5622
f 5776 5624 5774
f 5625 5775 5623
f 5625 5777 5775
f 5776 5626 5624
f 5778 5626 5776
f 5627 5777 5625
f 5627 5779 5777
f 5778 5628 5626
f 5780 5628 5778
f 5629 5779 5627
f 5629 5781 5779
f 5780 5630 5628
f 5782 5630 5780
f 5631 5781 5629
f 5631 5783 5781
f 5782 5632 5630
f 5784 5632 5782
f 5633 5783 5631
f 5633 5785 5783
f 5784 5634 5632
f 5786 5634 5784
f 5635 5785 5633
f 5635 5787 5785
f 5786 5636 5634
f 5788 5636 5786
f 5637 5787 5635
f 5637 5789 5787
f 5788 5638 5636
f 5790 5638 5788
f 5639 5789 5637
f 5639 5791 5789
f 5790 5640 5638
f 5792 5640 5790
f 5641 5791 5639
f 5641 5793 5791
f 5792 5642 5640
f 5794 5642 5792
f 5795 5793 5641
f 5795 5641 5643
f 5643 5644 5795
f 5795 5644 5796
f 5798 5797 5646
f 5646 5797 5645
f 5646 5642 5794
f 5646 5794 5798
f 5799 5796 5644
f 5799 5644 5647
f 5800 5647 5648
f 5800 5799 5647
f 5801 5648 5649
f 5801 5800 5648
f 5802 5649 5650
f 5802 5801 5649
f 5803 5650 5651
f 5803 5802 5650
f 5804 5651 5652
f 5804 5803 5651
f 5805 5652 5653
f 5805 5804 5652
f 5806 5653 5654
f 5806 5805 5653
f 5807 5654 5655
f 5807 5806 5654
f 5808 5655 5656
f 5808 5807 5655
f 5809 5656 5657
f 5809 5808 5656
f 5810 5657 5658
f 5810 5809 5657
f 5811 5658 5659
f 5811 5810 5658
f 5812 5659 5660
f 5812 5811 5659
f 5813 5660 5661
f 5813 5812 5660
f 5814 5661 5662
f 5814 5813 5661
f 5815 5662 5663
f 5815 5814 5662
f 5816 5663 5664
f 5816 5815 5663
f 5817 5664 5665
f 5817 5816 5664
f 5818 5665 5666
f 5818 5817 5665
f 5819 5666 5667
f 5819 5818 5666
f 5820 5667 5668
f 5820 5819 5667
f 5821 5668 5669
f 5821 5820 5668
f 5822 5669 5670
f 5822 5821 5669
f 5823 5670 5671
f 5823 5822 5670
f 5824 5671 5672
f 5824 5823 5671
f 5825 5672 5673
f 5825 5824 5672
f 5826 5673 5674
f 5826 5825 5673
f 5827 5674 5675
f 5827 5826 5674
f 5828 5675 5676
f 5828 5827 5675
f 5829 5676 5677
f 5829 5828 5676
f 5830 5677 5678
f 5830 5829 5677
f 5831 5678 5679
f 5831 5830 5678
f 5832 5679 5680
f 5832 5831 5679
f 5833 5680 5681
f 5833 5832 5680
f 5834 5681 5682
f 5834 5833 5681
f 5835 5682 5683
f 5835 5834 5682
f 5836 5683 5684
f 5836 5835 5683
f 5684 5645 5797
f 5684 5797 5836
f 5838 5837 5685
f 5838 5685 5686
f 5685 5839 5687
f 5837 5839 5685
f 5687 5840 5688
f 5839 5840 5687
f 5688 5841 5689
f 5840 5841 5688
f 5689 5842 5690
f 5841 5842 5689
f 5690 5843 5691
f 5842 5843 5690
f 5691 5844 5692
f 5843 5844 5691
f 5692 5845 5693
f 5844 5845 5692
f 5693 5846 5694
f 5845 5846 5693
f 5694 5847 5695
f 5846 5847 5694
f 5695 5848 5696
f 5847 5848 5695
f 5696 5849 5697
f 5848 5849 5696
f 5697 5850 5698
f 5849 5850 5697
f 5698 5851 5699
f 5850 5851 5698
f 5699 5852 5700
f 5851 5852 5699
f 5700 5853 5701
f 5852 5853 5700
f 5701 5854 5702
f 5853 5854 5701
f 5702 5855 5703
f 5854 5855 5702
f 5703 5856 5704
f 5855 5856 5703
f 5704 5857 5705
f 5856 5857 5704
f 5705 5858 5706
f 5857 5858 5705
f 5706 5859 5707
f 5858 5859 5706
f 5707 5860 5708
f 5859 5860 5707
f 5708 5861 5709
f 5860 5861 5708
f 5709 5862 5710
f 5861 5862 5709
f 5710 5863 5711
f 5862 5863 5710
f 5711 5864 5712
f 5863 5864 5711
f 5712 5865 5713
f 5864 5865 5712
f 5713 5866 5714
f 5865 5866 5713
f 5714 5867 5715
f 5866 5867 5714
f 5715 5868 5716
f 5867 5868 5715
f 5716 5869 5717
f 5868 5869 5716
f 5717 5870 5718
f 5869 5870 5717
f 5718 5871 5719
f 5870 5871 5718
f 5719 5872 5720
f 5871 5872 5719
f 5720 5873 5721
f 5872 5873 5720
f 5721 5874 5722
f 5873 5874 5721
f 5722 5875 5723
f 5874 5875 5722
f 5724 5723 5875
f 5724 5875 5876
f 5878 5877 5725
f 5878 5725 5726
f 5686 5725 5838
f 5838 5725 5877
f 5876 5879 5724
f 5724 5879 5727
f 5728 5727 5879
f 5728 5879 5880
f 5729 5878 5726
f 5729 5881 5878
f 5880 5730 5728
f 5882 5730 5880
f 5731 5881 5729
f 5731 5883 5881
f 5882 5732 5730
f 5884 5732 5882
f 5733 5883 5731
f 5733 5885 5883
f 5884 5734 5732
f 5886 5734 5884
f 5735 5885 5733
f 5735 5887 5885
f 5886 5736 5734
f 5888 5736 5886
f 5737 5887 5735
f 5737 5889 5887
f 5888 5738 5736
f 5890 5738 5888
f 5739 5889 5737
f 5739 5891 5889
f 5890 5740 5738
f 5892 5740 5890
f 5741 5891 5739
f 5741 5893 5891
f 5892 5742 5740
f 5894 5742 5892
f 5743 5893 5741
f 5743 5895 5893
f 5894 5744 5742
f 5896 5744 5894
f 5745 5895 5743
f 5745 5897 5895
f 5896 5746 5744
f 5898 5746 5896
f 5747 5897 5745
f 5747 5899 5897
f 5898 5748 5746
f 5900 5748 5898
f 5749 5899 5747
f 5749 5901 5899
f 5900 5750 5748
f 5902 5750 5900
f 5751 5901 5749
f 5751 5903 5901
f 5902 5752 5750
f 5904 5752 5902
f 5753 5903 5751
f 5753 5905 5903
f 5904 5754 5752
f 5906 5754 5904
f 5755 5905 5753
f 5755 5907 5905
f 5906 5756 5754
f 5908 5756 5906
f 5757 5907 5755
f 5757 5909 5907
f 5908 5758 5756
f 5910 5758 5908
f 5759 5909 5757
f 5759 5911 5909
f 5910 5760 5758
f 5912 5760 5910
f 5761 5911 5759
f 5761 5913 5911
f 5912 5762 5760
f 5914 5762 5912
f 5763 5913 5761
f 5763 5915 5913
f 5914 5764 5762
f 5916 5764 5914
f 5765 5915 5763
f 5765 5917 5915
f 5916 5766 5764
f 5918 5766 5916
f 5767 5917 5765
f 5767 5919 5917
f 5918 5768 5766
f 5920 5768 5918
f 5769 5919 5767
f 5769 5921 5919
f 5920 5770 5768
f 5922 5770 5920
f 5771 5921 5769
f 5771 5923 5921
f 5922 5772 5770
f 5924 5772 5922
f 5773 5923 5771
f 5773 5925 5923
f 5924 5774 5772
f 5926 5774 5924
f 5775 5925 5773
f 5775 5927 5925
f 5926 5776 5774
f 5928 5776 5926
f 5777 5927 5775
f 5777 5929 5927
f 5928 5778 5776
f 5930 5778 5928
f 5779 5929 5777
f 5779 5931 5929
f 5930 5780 5778
f 5932 5780 5930
f 5781 5931 5779
f 5781 5933 5931
f 5932 5782 5780
f 5934 5782 5932
f 5783 5933 5781
f 5783 5935 5933
f 5934 5784 5782
f 5936 5784 5934
f 5785 5935 5783
f 5785 5937 5935
f 5936 5786 5784
f 5938 5786 5936
f 5787 5937 5785
f 5787 5939 5937
f 5938 5788 5786
f 5940 5788 5938
f 5789 5939 5787
f 5789 5941 5939
f 5940 5790 5788
f 5942 5790 5940
f 5791 5941 5789
f 5791 5943 5941
f 5942 5792 5790
f 5944 5792 5942
f 5793 5943 5791
f 5793 5945 5943
f 5944 5794 5792
f 5946 5794 5944
f 5947 5945 5793
f 5947 5793 5795
f 5795 5796 5947
f 5947 5796 5948
f 5950 5949 5798
f 5798 5949 5797
f 5798 5794 5946
f 5798 5946 5950
f 5951 5948 5796
f 5951 5796 5799
f 5952 5799 5800
f 5952 5951 5799
f 5953 5800 5801
f 5953 5952 5800
f 5954 5801 5802
f 5954 5953 5801
f 5955 5802 5803
f 5955 5954 5802
f 5956 5803 5804
f 5956 5955 5803
f 5957 5804 5805
f 5957 5956 5804
f 5958 5805 5806
f 5958 5957 5805
f 5959 5806 5807
f 5959 5958 5806
f 5960 5807 5808
f 5960 5959 5807
f 5961 5808 5809
f 5961 5960 5808
f 5962 5809 5810
f 5962 5961 5809
f 5963 5810 5811
f 5963 5962 5810
f 5964 5811 5812
f 5964 5963 5811
f 5965 5812 5813
f 5965 5964 5812
f 5966 5813 5814
f 5966 5965 5813
f 5967 5814 5815
f 5967 5966 5814
f 5968 5815 5816
f 5968 5967 5815
f 5969 5816 5817
f 5969 5968 5816
f 5970 5817 5818
f 5970 5969 5817
f 5971 5818 5819
f 5971 5970 5818
f 5972 5819 5820
f 5972 5971 5819
f 5973 5820 5821
f 5973 5972 5820
f 5974 5821 5822
f 5974 5973 5821
f 5975 5822 5823
f 5975 5974 5822
f 5976 5823 5824
f 5976 5975 5823
f 5977 5824 5825
f 5977 5976 5824
f 5978 5825 5826
f 5978 5977 5825
f 5979 5826 5827
f 5979 5978 5826
f 5980 5827 5828
f 5980 5979 5827
f 5981 5828 5829
f 5981 5980 5828
f 5982 5829 5830
f 5982 5981 5829
f 5983 5830 5831
f 5983 5982 5830
f 5984 5831 5832
f 5984 5983 5831
f 5985 5832 5833
f 5985 5984 5832
f 5986 5833 5834
f 5986 5985 5833
f 5987 5834 5835
f 5987 5986 5834
f 5988 5835 5836
f 5988 5987 5835
f 5836 5797 5949
f 5836 5949 5988
f 5990 5989 5837
f 5990 5837 5838
f 5837 5991 5839
f 5989 5991 5837
f 5839 5992 5840
f 5991 5992 5839
f 5840 5993 5841
f 5992 5993 5840
f 5841 5994 5842
f 5993 5994 5841
f 5842 5995 5843
f 5994 5995 5842
f 5843 5996 5844
f 5995 5996 5843
f 5844 5997 5845
f 5996 5997 5844
f 5845 5998 5846
f 5997 5998 5845
f 5846 5999 5847
f 5998 5999 5846
f 5847 6000 5848
f 5999 6000 5847
f 5848 6001 5849
f 6000 6001 5848
f 5849 6002 5850
f 6001 6002 5849
f 5850 6003 5851
f 6002 6003 5850
f 5851 6004 5852
f 6003 6004 5851
f 5852 6005 5853
f 6004 6005 5852
f 5853 6006 5854
f 6005 6006 5853
f 5854 6007 5855
f 6006 6007 5854
f 5855 6008 5856
f 6007 6008 5855
f 5856 6009 5857
f 6008 6009 5856
f 5857 6010 5858
f 6009 6010 5857
f 5858 6011 5859
f 6010 6011 5858
f 5859 6012 5860
f 6011 6012 5859
f 5860 6013 5861
f 6012 6013 5860
f 5861 6014 5862
f 6013 6014 5861
f 5862 6015 5863
f 6014 6015 5862
f 5863 6016 5864
f 6015 6016 5863
f 5864 6017 5865
f 6016 6017 5864
f 5865 6018 5866
f 6017 6018 5865
f 5866 6019 5867
f 6018 6019 5866
f 5867 6020 5868
f 6019 6020 5867
f 5868 6021 5869
f 6020 6021 5868
f 5869 6022 5870
f 6021 6022 5869
f 5870 6023 5871
f 6022 6023 5870
f 5871 6024 5872
f 6023 6024 5871
f 5872 6025 5873
f 6024 6025 5872
f 5873 6026 5874
f 6025 6026 5873
f 5874 6027 5875
f 6026 6027 5874
f 5876 5875 6027
f 5876 6027 6028
f 6030 6029 5877
f 6030 5877 5878
f 5838 5877 5990
f 5990 5877 6029
f 6028 6031 5876
f 5876 6031 5879
f 5880 5879 6031
f 5880 6031 6032
f 5881 6030 5878
f 5881 6033 6030
f 6032 5882 5880
f 6034 5882 6032
f 5883 6033 5881
f 5883 6035 6033
f 6034 5884 5882
f 6036 5884 6034
f 5885 6035 5883
f 5885 6037 6035
f 6036 5886 5884
f 6038 5886 6036
f 5887 6037 5885
f 5887 6039 6037
f 6038 5888 5886
f 6040 5888 6038
f 5889 6039 5887
f 5889 6041 6039
f 6040 5890 5888
f 6042 5890 6040
f 5891 6041 5889
f 5891 6043 6041
f 6042 5892 5890
f 6044 5892 6042
f 5893 6043 5891
f 5893 6045 6043
f 6044 5894 5892
f 6046 5894 6044
f 5895 6045 5893
f 5895 6047 6045
f 6046 5896 5894
f 6048 5896 6046
f 5897 6047 5895
f 5897 6049 6047
f 6048 5898 5896
f 6050 5898 6048
f 5899 6049 5897
f 5899 6051 6049
f 6050 5900 5898
f 6052 5900 6050
f 5901 6051 5899
f 5901 6053 6051
f 6052 5902 5900
f 6054 5902 6052
f 5903 6053 5901
f 5903 6055 6053
f 6054 5904 5902
f 6056 5904 6054
f 5905 6055 5903
f 5905 6057 6055
f 6056 5906 5904
f 6058 5906 6056
f 5907 6057 5905
f 5907 6059 6057
f 6058 5908 5906
f 6060 5908 6058
f 5909 6059 5907
f 5909 6061 6059
f 6060 5910 5908
f 6062 5910 6060
f 5911 6061 5909
f 5911 6063 6061
f 6062 5912 5910
f 6064 5912 6062
f 5913 6063 5911
f 5913 6065 6063
f 6064 5914 5912
f 6066 5914 6064
f 5915 6065 5913
f 5915 6067 6065
f 6066 5916 5914
f 6068 5916 6066
f 5917 6067 5915
f 5917 6069 6067
f 6068 5918 5916
f 6070 5918 6068
f 5919 6069 5917
f 5919 6071 6069
f 6070 5920 5918
f 6072 5920 6070
f 5921 6071 5919
f 5921 6073 6071
f 6072 5922 5920
f 6074 5922 6072
f 5923 6073 5921
f 5923 6075 6073
f 6074 5924 5922
f 6076 5924 6074
f 5925 6075 5923
f 5925 6077 6075
f 6076 5926 5924
f 6078 5926 6076
f 5927 6077 5925
f 5927 6079 6077
f 6078 5928 5926
f 6080 5928 6078
f 5929 6079 5927
f 5929 6081 6079
f 6080 5930 5928
f 6082 5930 6080
f 5931 6081 5929
f 5931 6083 6081
f 6082 5932 5930
f 6084 5932 6082
f 5933 6083 5931
f 5933 6085 6083
f 6084 5934 5932
f 6086 5934 6084
f 5935 6085 5933
f 5935 6087 6085
f 6086 5936 5934
f 6088 5936 6086
f 5937 6087 5935
f 5937 6089 6087
f 6088 5938 5936
f 6090 5938 6088
f 5939 6089 5937
f 5939 6091 6089
f 6090 5940 5938
f 6092 5940 6090
f 5941 6091 5939
f 5941 6093 6091
f 6092 5942 5940
f 6094 5942 6092
f 5943 6093 5941
f 5943 6095 6093
f 6094 5944 5942
f 6096 5944 6094
f 5945 6095 5943
f 5945 6097 6095
f 6096 5946 5944
f 6098 5946 6096
f 6099 6097 5945
f 6099 5945 5947
f 5947 5948 6099
f 6099 5948 6100
f 6102 6101 5950
f 5950 6101 5949
f 5950 5946 6098
f 5950 6098 6102
f 6103 6100 5948
f 6103 5948 5951
f 6104 5951 5952
f 6104 6103 5951
f 6105 5952 5953
f 6105 6104 5952
f 6106 5953 5954
f 6106 6105 5953
f 6107 5954 5955
f 6107 6106 5954
f 6108 5955 5956
f 6108 6107 5955
f 6109 5956 5957
f 6109 6108 5956
f 6110 5957 5958
f 6110 6109 5957
f 6111 5958 5959
f 6111 6110 5958
f 6112 5959 5960
f 6112 6111 5959
f 6113 5960 5961
f 6113 6112 5960
f 6114 5961 5962
f 6114 6113 5961
f 6115 5962 5963
f 6115 6114 5962
f 6116 5963 5964
f 6116 6115 5963
f 6117 5964 5965
f 6117 6116 5964
f 6118 5965 5966
f 6118 6117 5965
f 6119 5966 5967
f 6119 6118 5966
f 6120 5967 5968
f 6120 6119 5967
f 6121 5968 5969
f 6121 6120 5968
f 6122 5969 5970
f 6122 6121 5969
f 6123 5970 5971
f 6123 6122 5970
f 6124 5971 5972
f 6124 6123 5971
f 6125 5972 5973
f 6125 6124 5972
f 6126 5973 5974
f 6126 6125 5973
f 6127 5974 5975
f 6127 6126 5974
f 6128 5975 5976
f 6128 6127 5975
f 6129 5976 5977
f 6129 6128 5976
f 6130 5977 5978
f 6130 6129 5977
f 6131 5978 5979
f 6131 6130 5978
f 6132 5979 5980
f 6132 6131 5979
f 6133 5980 5981
f 6133 6132 5980
f 6134 5981 5982
f 6134 6133 5981
f 6135 5982 5983
f 6135 6134 5982
f 6136 5983 5984
f 6136 6135 5983
f 6137 5984 5985
f 6137 6136 5984
f 6138 5985 5986
f 6138 6137 5985
f 6139 5986 5987
f 6139 6138 5986
f 6140 5987 5988
f 6140 6139 5987
f 5988 5949 6101
f 5988 6101 6140
f 6142 6141 5989
f 6142 5989 5990
f 5989 6143 5991
f 6141 6143 5989
f 5991 6144 5992
f 6143 6144 5991
f 5992 6145 5993
f 6144 6145 5992
f 5993 6146 5994
f 6145 6146 5993
f 5994 6147 5995
f 6146 6147 5994
f 5995 6148 5996
f 6147 6148 5995
f 5996 6149 5997
f 6148 6149 5996
f 5997 6150 5998
f 6149 6150 5997
f 5998 6151 5999
f 6150 6151 5998
f 5999 6152 6000
f 6151 6152 5999
f 6000 6153 6001
f 6152 6153 6000
f 6001 6154 6002
f 6153 6154 6001
f 6002 6155 6003
f 6154 6155 6002
f 6003 6156 6004
f 6155 6156 6003
f 6004 6157 6005
f 6156 6157 6004
f 6005 6158 6006
f 6157 6158 6005
f 6006 6159 6007
f 6158 6159 6006
f 6007 6160 6008
f 6159 6160 6007
f 6008 6161 6009
f 6160 6161 6008
f 6009 6162 6010
f 6161 6162 6009
f 6010 6163 6011
f 6162 6163 6010
f 6011 6164 6012
f 6163 6164 6011
f 6012 6165 6013
f 6164 6165 6012
f 6013 6166 6014
f 6165 6166 6013
f 6014 6167 6015
f 6166 6167 6014
f 6015 6168 6016
f 6167 6168 6015
f 6016 6169 6017
f 6168 6169 6016
f 6017 6170 6018
f 6169 6170 6017
f 6018 6171 6019
f 6170 6171 6018
f 6019 6172 6020
f 6171 6172 6019
f 6020 6173 6021
f 6172 6173 6020
f 6021 6174 6022
f 6173 6174 6021
f 6022 6175 6023
f 6174 6175 6022
f 6023 6176 6024
f 6175 6176 6023
f 6024 6177 6025
f 6176 6177 6024
f 6025 6178 6026
f 6177 6178 6025
f 6026 6179 6027
f 6178 6179 6026
f 6028 6027 6179
f 6028 6179 6180
f 6182 6181 6029
f 6182 6029 6030
f 5990 6029 6142
f 6142 6029 6181
f 6180 6183 6028
f 6028 6183 6031
f 6032 6031 6183
f 6032 6183 6184
f 6033 6182 6030
f 6033 6185 6182
f 6184 6034 6032
f 6186 6034 6184
f 6035 6185 6033
f 6035 6187 6185
f 6186 6036 6034
f 6188 6036 6186
f 6037 6187 6035
f 6037 6189 6187
f 6188 6038 6036
f 6190 6038 6188
f 6039 6189 6037
f 6039 6191 6189
f 6190 6040 6038
f 6192 6040 6190
f 6041 6191 6039
f 6041 6193 6191
f 6192 6042 6040
f 6194 6042 6192
f 6043 6193 6041
f 6043 6195 6193
f 6194 6044 6042
f 6196 6044 6194
f 6045 6195 6043
f 6045 6197 6195
f 6196 6046 6044
f 6198 6046 6196
f 6047 6197 6045
f 6047 6199 6197
f 6198 6048 6046
f 6200 6048 6198
f 6049 6199 6047
f 6049 6201 6199
f 6200 6050 6048
f 6202 6050 6200
f 6051 6201 6049
f 6051 6203 6201
f 6202 6052 6050
f 6204 6052 6202
f 6053 6203 6051
f 6053 6205 6203
f 6204 6054 6052
f 6206 6054 6204
f 6055 6205 6053
f 6055 6207 6205
f 6206 6056 6054
f 6208 6056 6206
f 6057 6207 6055
f 6057 6209 6207
f 6208 6058 6056
f 6210 6058 6208
f 6059 6209 6057
f 6059 6211 6209
f 6210 6060 6058
f 6212 6060 6210
f 6061 6211 6059
f 6061 6213 6211
f 6212 6062 6060
f 6214 6062 6212
f 6063 6213 6061
f 6063 6215 6213
f 6214 6064 6062
f 6216 6064 6214
f 6065 6215 6063
f 6065 6217 6215
f 6216 6066 6064
f 6218 6066 6216
f 6067 6217 6065
f 6067 6219 6217
f 6218 6068 6066
f 6220 6068 6218
f 6069 6219 6067
f 6069 6221 6219
f 6220 6070 6068
f 6222 6070 6220
f 6071 6221 6069
f 6071 6223 6221
f 6222 6072 6070
f 6224 6072 6222
f 6073 6223 6071
f 6073 6225 6223
f 6224 6074 6072
f 6226 6074 6224
f 6075 6225 6073
f 6075 6227 6225
f 6226 6076 6074
f 6228 6076 6226
f 6077 6227 6075
f 6077 6229 6227
f 6228 6078 6076
f 6230 6078 6228
f 6079 6229 6077
f 6079 6231 6229
f 6230 6080 6078
f 6232 6080 6230
f 6081 6231 6079
f 6081 6233 6231
f 6232 6082 6080
f 6234 6082 6232
f 6083 6233 6081
f 6083 6235 6233
f 6234 6084 6082
f 6236 6084 6234
f 6085 6235 6083
f 6085 6237 6235
f 6236 6086 6084
f 6238 6086 6236
f 6087 6237 6085
f 6087 6239 6237
f 6238 6088 6086
f 6240 6088 6238
f 6089 6239 6087
f 6089 6241 6239
f 6240 6090 6088
f 6242 6090 6240
f 6091 6241 6089
f 6091 6243 6241
f 6242 6092 6090
f 6244 6092 6242
f 6093 6243 6091
f 6093 6245 6243
f 6244 6094 6092
f 6246 6094 6244
f 6095 6245 6093
f 6095 6247 6245
f 6246 6096 6094
f 6248 6096 6246
f 6097 6247 6095
f 6097 6249 6247
f 6248 6098 6096
f 6250 6098 6248
f 6251 6249 6097
f 6251 6097 6099
f 6099 6100 6251
f 6251 6100 6252
f 6254 6253 6102
f 6102 6253 6101
f 6102 6098 6250
f 6102 6250 6254
f 6255 6252 6100
f 6255 6100 6103
f 6256 6103 6104
f 6256 6255 6103
f 6257 6104 6105
f 6257 6256 6104
f 6258 6105 6106
f 6258 6257 6105
f 6259 6106 6107
f 6259 6258 6106
f 6260 6107 6108
f 6260 6259 6107
f 6261 6108 6109
f 6261 6260 6108
f 6262 6109 6110
f 6262 6261 6109
f 6263 6110 6111
f 6263 6262 6110
f 6264 6111 6112
f 6264 6263 6111
f 6265 6112 6113
f 6265 6264 6112
f 6266 6113 6114
f 6266 6265 6113
f 6267 6114 6115
f 6267 6266 6114
f 6268 6115 6116
f 6268 6267 6115
f 6269 6116 6117
f 6269 6268 6116
f 6270 6117 6118
f 6270 6269 6117
f 6271 6118 6119
f 6271 6270 6118
f 6272 6119 6120
f 6272 6271 6119
f 6273 6120 6121
f 6273 6272 6120
f 6274 6121 6122
f 6274 6273 6121
f 6275 6122 6123
f 6275 6274 6122
f 6276 6123 6124
f 6276 6275 6123
f 6277 6124 6125
f 6277 6276 6124
f 6278 6125 6126
f 6278 6277 6125
f 6279 6126 6127
f 6279 6278 6126
f 6280 6127 6128
f 6280 6279 6127
f 6281 6128 6129
f 6281 6280 6128
f 6282 6129 6130
f 6282 6281 6129
f 6283 6130 6131
f 6283 6282 6130
f 6284 6131 6132
f 6284 6283 6131
f 6285 6132 6133
f 6285 6284 6132
f 6286 6133 6134
f 6286 6285 6133
f 6287 6134 6135
f 6287 6286 6134
f 6288 6135 6136
f 6288 6287 6135
f 6289 6136 6137
f 6289 6288 6136
f 6290 6137 6138
f 6290 6289 6137
f 6291 6138 6139
f 6291 6290 6138
f 6292 6139 6140
f 6292 6291 6139
f 6140 6101 6253
f 6140 6253 6292
f 6294 6293 6141
f 6294 6141 6142
f 6141 6295 6143
f 6293 6295 6141
f 6143 6296 6144
f 6295 6296 6143
f 6144 6297 6145
f 6296 6297 6144
f 6145 6298 6146
f 6297 6298 6145
f 6146 6299 6147
f 6298 6299 6146
f 6147 6300 6148
f 6299 6300 6147
f 6148 6301 6149
f 6300 6301 6148
f 6149 6302 6150
f 6301 6302 6149
f 6150 6303 6151
f 6302 6303 6150
f 6151 6304 6152
f 6303 6304 6151
f 6152 6305 6153
f 6304 6305 6152
f 6153 6306 6154
f 6305 6306 6153
f 6154 6307 6155
f 6306 6307 6154
f 6155 6308 6156
f 6307 6308 6155
f 6156 6309 6157
f 6308 6309 6156
f 6157 6310 6158
f 6309 6310 6157
f 6158 6311 6159
f 6310 6311 6158
f 6159 6312 6160
f 6311 6312 6159
f 6160 6313 6161
f 6312 6313 6160
f 6161 6314 6162
f 6313 6314 6161
f 6162 6315 6163
f 6314 6315 6162
f 6163 6316 6164
f 6315 6316 6163
f 6164 6317 6165
f 6316 6317 6164
f 6165 6318 6166
f 6317 6318 6165
f 6166 6319 6167
f 6318 6319 6166
f 6167 6320 6168
f 6319 6320 6167
f 6168 6321 6169
f 6320 6321 6168
f 6169 6322 6170
f 6321 6322 6169
f 6170 6323 6171
f 6322 6323 6170
f 6171 6324 6172
f 6323 6324 6171
f 6172 6325 6173
f 6324 6325 6172
f 6173 6326 6174
f 6325 6326 6173
f 6174 6327 6175
f 6326 6327 6174
f 6175 6328 6176
f 6327 6328 6175
f 6176 6329 6177
f 6328 6329 6176
f 6177 6330 6178
f 6329 6330 6177
f 6178 6331 6179
f 6330 6331 6178
f 6180 6179 6331
f 6180 6331 6332
f 6334 6333 6181
f 6334 6181 6182
f 6142 6181 6294
f 6294 6181 6333
f 6332 6335 6180
f 6180 6335 6183
f 6184 6183 6335
f 6184 6335 6336
f 6185 6334 6182
f 6185 6337 6334
f 6336 6186 6184
f 6338 6186 6336
f 6187 6337 6185
f 6187 6339 6337
f 6338 6188 6186
f 6340 6188 6338
f 6189 6339 6187
f 6189 6341 6339
f 6340 6190 6188
f 6342 6190 6340
f 6191 6341 6189
f 6191 6343 6341
f 6342 6192 6190
f 6344 6192 6342
f 6193 6343 6191
f 6193 6345 6343
f 6344 6194 6192
f 6346 6194 6344
f 6195 6345 6193
f 6195 6347 6345
f 6346 6196 6194
f 6348 6196 6346
f 6197 6347 6195
f 6197 6349 6347
f 6348 6198 6196
f 6350 6198 6348
f 6199 6349 6197
f 6199 6351 6349
f 6350 6200 6198
f 6352 6200 6350
f 6201 6351 6199
f 6201 6353 6351
f 6352 6202 6200
f 6354 6202 6352
f 6203 6353 6201
f 6203 6355 6353
f 6354 6204 6202
f 6356 6204 6354
f 6205 6355 6203
f 6205 6357 6355
f 6356 6206 6204
f 6358 6206 6356
f 6207 6357 6205
f 6207 6359 6357
f 6358 6208 6206
f 6360 6208 6358
f 6209 6359 6207
f 6209 6361 6359
f 6360 6210 6208
f 6362 6210 6360
f 6211 6361 6209
f 6211 6363 6361
f 6362 6212 6210
f 6364 6212 6362
f 6213 6363 6211
f 6213 6365 6363
f 6364 6214 6212
f 6366 6214 6364
f 6215 6365 6213
f 6215 6367 6365
f 6366 6216 6214
f 6368 6216 6366
f 6217 6367 6215
f 6217 6369 6367
f 6368 6218 6216
f 6370 6218 6368
f 6219 6369 6217
f 6219 6371 6369
f 6370 6220 6218
f 6372 6220 6370
f 6221 6371 6219
f 6221 6373 6371
f 6372 6222 6220
f 6374 6222 6372
f 6223 6373 6221
f 6223 6375 6373
f 6374 6224 6222
f 6376 6224 6374
f 6225 6375 6223
f 6225 6377 6375
f 6376 6226 6224
f 6378 6226 6376
f 6227 6377 6225
f 6227 6379 6377
f 6378 6228 6226
f 6380 6228 6378
f 6229 6379 6227
f 6229 6381 6379
f 6380 6230 6228
f 6382 6230 6380
f 6231 6381 6229
f 6231 6383 6381
f 6382 6232 6230
f 6384 6232 6382
f 6233 6383 6231
f 6233 6385 6383
f 6384 6234 6232
f 6386 6234 6384
f 6235 6385 6233
f 6235 6387 6385
f 6386 6236 6234
f 6388 6236 6386
f 6237 6387 6235
f 6237 6389 6387
f 6388 6238 6236
f 6390 6238 6388
f 6239 6389 6237
f 6239 6391 6389
f 6390 6240 6238
f 6392 6240 6390
f 6241 6391 6239
f 6241 6393 6391
f 6392 6242 6240
f 6394 6242 6392
f 6243 6393 6241
f 6243 6395 6393
f 6394 6244 6242
f 6396 6244 6394
f 6245 6395 6243
f 6245 6397 6395
f 6396 6246 6244
f 6398 6246 6396
f 6247 6397 6245
f 6247 6399 6397
f 6398 6248 6246
f 6400 6248 6398
f 6249 6399 6247
f 6249 6401 6399
f 6400 6250 6248
f 6402 6250 6400
f 6403 6401 6249
f 6403 6249 6251
f 6251 6252 6403
f 6403 6252 6404
f 6406 6405 6254
f 6254 6405 6253
f 6254 6250 6402
f 6254 6402 6406
f 6407 6404 6252
f 6407 6252 6255
f 6408 6255 6256
f 6408 6407 6255
f 6409 6256 6257
f 6409 6408 6256
f 6410 6257 6258
f 6410 6409 6257
f 6411 6258 6259
f 6411 6410 6258
f 6412 6259 6260
f 6412 6411 6259
f 6413 6260 6261
f 6413 6412 6260
f 6414 6261 6262
f 6414 6413 6261
f 6415 6262 6263
f 6415 6414 6262
f 6416 6263 6264
f 6416 6415 6263
f 6417 6264 6265
f 6417 6416 6264
f 6418 6265 6266
f 6418 6417 6265
f 6419 6266 6267
f 6419 6418 6266
f 6420 6267 6268
f 6420 6419 6267
f 6421 6268 6269
f 6421 6420 6268
f 6422 6269 6270
f 6422 6421 6269
f 6423 6270 6271
f 6423 6422 6270
f 6424 6271 6272
f 6424 6423 6271
f 6425 6272 6273
f 6425 6424 6272
f 6426 6273 6274
f 6426 6425 6273
f 6427 6274 6275
f 6427 6426 6274
f 6428 6275 6276
f 6428 6427 6275
f 6429 6276 6277
f 6429 6428 6276
f 6430 6277 6278
f 6430 6429 6277
f 6431 6278 6279
f 6431 6430 6278
f 6432 6279 6280
f 6432 6431 6279
f 6433 6280 6281
f 6433 6432 6280
f 6434 6281 6282
f 6434 6433 6281
f 6435 6282 6283
f 6435 6434 6282
f 6436 6283 6284
f 6436 6435 6283
f 6437 6284 6285
f 6437 6436 6284
f 6438 6285 6286
f 6438 6437 6285
f 6439 6286 6287
f 6439 6438 6286
f 6440 6287 6288
f 6440 6439 6287
f 6441 6288 6289
f 6441 6440 6288
f 6442 6289 6290
f 6442 6441 6289
f 6443 6290 6291
f 6443 6442 6290
f 6444 6291 6292
f 6444 6443 6291
f 6292 6253 6405
f 6292 6405 6444
f 6446 6445 6293
f 6446 6293 6294
f 6293 6447 6295
f 6445 6447 6293
f 6295 6448 6296
f 6447 6448 6295
f 6296 6449 6297
f 6448 6449 6296
f 6297 6450 6298
f 6449 6450 6297
f 6298 6451 6299
f 6450 6451 6298
f 6299 6452 6300
f 6451 6452 6299
f 6300 6453 6301
f 6452 6453 6300
f 6301 6454 6302
f 6453 6454 6301
f 6302 6455 6303
f 6454 6455 6302
f 6303 6456 6304
f 6455 6456 6303
f 6304 6457 6305
f 6456 6457 6304
f 6305 6458 6306
f 6457 6458 6305
f 6306 6459 6307
f 6458 6459 6306
f 6307 6460 6308
f 6459 6460 6307
f 6308 6461 6309
f 6460 6461 6308
f 6309 6462 6310
f 6461 6462 6309
f 6310 6463 6311
f 6462 6463 6310
f 6311 6464 6312
f 6463 6464 6311
f 6312 6465 6313
f 6464 6465 6312
f 6313 6466 6314
f 6465 6466 6313
f 6314 6467 6315
f 6466 6467 6314
f 6315 6468 6316
f 6467 6468 6315
f 6316 6469 6317
f 6468 6469 6316
f 6317 6470 6318
f 6469 6470 6317
f 6318 6471 6319
f 6470 6471 6318
f 6319 6472 6320
f 6471 6472 6319
f 6320 6473 6321
f 6472 6473 6320
f 6321 6474 6322
f 6473 6474 6321
f 6322 6475 6323
f 6474 6475 6322
f 6323 6476 6324
f 6475 6476 6323
f 6324 6477 6325
f 6476 6477 6324
f 6325 6478 6326
f 6477 6478 6325
f 6326 6479 6327
f 6478 6479 6326
f 6327 6480 6328
f 6479 6480 6327
f 6328 6481 6329
f 6480 6481 6328
f 6329 6482 6330
f 6481 6482 6329
f 6330 6483 6331
f 6482 6483 6330
f 6332 6331 6483
f 6332 6483 6484
f 6486 6485 6333
f 6486 6333 6334
f 6294 6333 6446
f 6446 6333 6485
f 6484 6487 6332
f 6332 6487 6335
f 6336 6335 6487
f 6336 6487 6488
f 6337 6486 6334
f 6337 6489 6486
f 6488 6338 6336
f 6490 6338 6488
f 6339 6489 6337
f 6339 6491 6489
f 6490 6340 6338
f 6492 6340 6490
f 6341 6491 6339
f 6341 6493 6491
f 6492 6342 6340
f 6494 6342 6492
f 6343 6493 6341
f 6343 6495 6493
f 6494 6344 6342
f 6496 6344 6494
f 6345 6495 6343
f 6345 6497 6495
f 6496 6346 6344
f 6498 6346 6496
f 6347 6497 6345
f 6347 6499 6497
f 6498 6348 6346
f 6500 6348 6498
f 6349 6499 6347
f 6349 6501 6499
f 6500 6350 6348
f 6502 6350 6500
f 6351 6501 6349
f 6351 6503 6501
f 6502 6352 6350
f 6504 6352 6502
f 6353 6503 6351
f 6353 6505 6503
f 6504 6354 6352
f 6506 6354 6504
f 6355 6505 6353
f 6355 6507 6505
f 6506 6356 6354
f 6508 6356 6506
f 6357 6507 6355
f 6357 6509 6507
f 6508 6358 6356
f 6510 6358 6508
f 6359 6509 6357
f 6359 6511 6509
f 6510 6360 6358
f 6512 6360 6510
f 6361 6511 6359
f 6361 6513 6511
f 6512 6362 6360
f 6514 6362 6512
f 6363 6513 6361
f 6363 6515 6513
f 6514 6364 6362
f 6516 6364 6514
f 6365 6515 6363
f 6365 6517 6515
f 6516 6366 6364
f 6518 6366 6516
f 6367 6517 6365
f 6367 6519 6517
f 6518 6368 6366
f 6520 6368 6518
f 6369 6519 6367
f 6369 6521 6519
f 6520 6370 6368
f 6522 6370 6520
f 6371 6521 6369
f 6371 6523 6521
f 6522 6372 6370
f 6524 6372 6522
f 6373 6523 6371
f 6373 6525 6523
f 6524 6374 6372
f 6526 6374 6524
f 6375 6525 6373
f 6375 6527 6525
f 6526 6376 6374
f 6528 6376 6526
f 6377 6527 6375
f 6377 6529 6527
f 6528 6378 6376
f 6530 6378 6528
f 6379 6529 6377
f 6379 6531 6529
f 6530 6380 6378
f 6532 6380 6530
f 6381 6531 6379
f 6381 6533 6531
f 6532 6382 6380
f 6534 6382 6532
f 6383 6533 6381
f 6383 6535 6533
f 6534 6384 6382
f 6536 6384 6534
f 6385 6535 6383
f 6385 6537 6535
f 6536 6386 6384
f 6538 6386 6536
f 6387 6537 6385
f 6387 6539 6537
f 6538 6388 6386
f 6540 6388 6538
f 6389 6539 6387
f 6389 6541 6539
f 6540 6390 6388
f 6542 6390 6540
f 6391 6541 6389
f 6391 6543 6541
f 6542 6392 6390
f 6544 6392 6542
f 6393 6543 6391
f 6393 6545 6543
f 6544 6394 6392
f 6546 6394 6544
f 6395 6545 6393
f 6395 6547 6545
f 6546 6396 6394
f 6548 6396 6546
f 6397 6547 6395
f 6397 6549 6547
f 6548 6398 6396
f 6550 6398 6548
f 6399 6549 6397
f 6399 6551 6549
f 6550 6400 6398
f 6552 6400 6550
f 6401 6551 6399
f 6401 6553 6551
f 6552 6402 6400
f 6554 6402 6552
f 6555 6553 6401
f 6555 6401 6403
f 6403 6404 6555
f 6555 6404 6556
f 6558 6557 6406
f 6406 6557 6405
f 6406 6402 6554
f 6406 6554 6558
f 6559 6556 6404
f 6559 6404 6407
f 6560 6407 6408
f 6560 6559 6407
f 6561 6408 6409
f 6561 6560 6408
f 6562 6409 6410
f 6562 6561 6409
f 6563 6410 6411
f 6563 6562 6410
f 6564 6411 6412
f 6564 6563 6411
f 6565 6412 6413
f 6565 6564 6412
f 6566 6413 6414
f 6566 6565 6413
f 6567 6414 6415
f 6567 6566 6414
f 6568 6415 6416
f 6568 6567 6415
f 6569 6416 6417
f 6569 6568 6416
f 6570 6417 6418
f 6570 6569 6417
f 6571 6418 6419
f 6571 6570 6418
f 6572 6419 6420
f 6572 6571 6419
f 6573 6420 6421
f 6573 6572 6420
f 6574 6421 6422
f 6574 6573 6421
f 6575 6422 6423
f 6575 6574 6422
f 6576 6423 6424
f 6576 6575 6423
f 6577 6424 6425
f 6577 6576 6424
f 6578 6425 6426
f 6578 6577 6425
f 6579 6426 6427
f 6579 6578 6426
f 6580 6427 6428
f 6580 6579 6427
f 6581 6428 6429
f 6581 6580 6428
f 6582 6429 6430
f 6582 6581 6429
f 6583 6430 6431
f 6583 6582 6430
f 6584 6431 6432
f 6584 6583 6431
f 6585 6432 6433
f 6585 6584 6432
f 6586 6433 6434
f 6586 6585 6433
f 6587 6434 6435
f 6587 6586 6434
f 6588 6435 6436
f 6588 6587 6435
f 6589 6436 6437
f 6589 6588 6436
f 6590 6437 6438
f 6590 6589 6437
f 6591 6438 6439
f 6591 6590 6438
f 6592 6439 6440
f 6592 6591 6439
f 6593 6440 6441
f 6593 6592 6440
f 6594 6441 6442
f 6594 6593 6441
f 6595 6442 6443
f 6595 6594 6442
f 6596 6443 6444
f 6596 6595 6443
f 6444 6405 6557
f 6444 6557 6596
f 6598 6597 6445
f 6598 6445 6446
f 6445 6599 6447
f 6597 6599 6445
f 6447 6600 6448
f 6599 6600 6447
f 6448 6601 6449
f 6600 6601 6448
f 6449 6602 6450
f 6601 6602 6449
f 6450 6603 6451
f 6602 6603 6450
f 6451 6604 6452
f 6603 6604 6451
f 6452 6605 6453
f 6604 6605 6452
f 6453 6606 6454
f 6605 6606 6453
f 6454 6607 6455
f 6606 6607 6454
f 6455 6608 6456
f 6607 6608 6455
f 6456 6609 6457
f 6608 6609 6456
f 6457 6610 6458
f 6609 6610 6457
f 6458 6611 6459
f 6610 6611 6458
f 6459 6612 6460
f 6611 6612 6459
f 6460 6613 6461
f 6612 6613 6460
f 6461 6614 6462
f 6613 6614 6461
f 6462 6615 6463
f 6614 6615 6462
f 6463 6616 6464
f 6615 6616 6463
f 6464 6617 6465
f 6616 6617 6464
f 6465 6618 6466
f 6617 6618 6465
f 6466 6619 6467
f 6618 6619 6466
f 6467 6620 6468
f 6619 6620 6467
f 6468 6621 6469
f 6620 6621 6468
f 6469 6622 6470
f 6621 6622 6469
f 6470 6623 6471
f 6622 6623 6470
f 6471 6624 6472
f 6623 6624 6471
f 6472 6625 6473
f 6624 6625 6472
f 6473 6626 6474
f 6625 6626 6473
f 6474 6627 6475
f 6626 6627 6474
f 6475 6628 6476
f 6627 6628 6475
f 6476 6629 6477
f 6628 6629 6476
f 6477 6630 6478
f 6629 6630 6477
f 6478 6631 6479
f 6630 6631 6478
f 6479 6632 6480
f 6631 6632 6479
f 6480 6633 6481
f 6632 6633 6480
f 6481 6634 6482
f 6633 6634 6481
f 6482 6635 6483
f 6634 6635 6482
f 6484 6483 6635
f 6484 6635 6636
f 6638 6637 6485
f 6638 6485 6486
f 6446 6485 6598
f 6598 6485 6637
f 6636 6639 6484
f 6484 6639 6487
f 6488 6487 6639
f 6488 6639 6640
f 6489 6638 6486
f 6489 6641 6638
f 6640 6490 6488
f 6642 6490 6640
f 6491 6641 6489
f 6491 6643 6641
f 6642 6492 6490
f 6644 6492 6642
f 6493 6643 6491
f 6493 6645 6643
f 6644 6494 6492
f 6646 6494 6644
f 6495 6645 6493
f 6495 6647 6645
f 6646 6496 6494
f 6648 6496 6646
f 6497 6647 6495
f 6497 6649 6647
f 6648 6498 6496
f 6650 6498 6648
f 6499 6649 6497
f 6499 6651 6649
f 6650 6500 6498
f 6652 6500 6650
f 6501 6651 6499
f 6501 6653 6651
f 6652 6502 6500
f 6654 6502 6652
f 6503 6653 6501
f 6503 6655 6653
f 6654 6504 6502
f 6656 6504 6654
f 6505 6655 6503
f 6505 6657 6655
f 6656 6506 6504
f 6658 6506 6656
f 6507 6657 6505
f 6507 6659 6657
f 6658 6508 6506
f 6660 6508 6658
f 6509 6659 6507
f 6509 6661 6659
f 6660 6510 6508
f 6662 6510 6660
f 6511 6661 6509
f 6511 6663 6661
f 6662 6512 6510
f 6664 6512 6662
f 6513 6663 6511
f 6513 6665 6663
f 6664 6514 6512
f 6666 6514 6664
f 6515 6665 6513
f 6515 6667 6665
f 6666 6516 6514
f 6668 6516 6666
f 6517 6667 6515
f 6517 6669 6667
f 6668 6518 6516
f 6670 6518 6668
f 6519 6669 6517
f 6519 6671 6669
f 6670 6520 6518
f 6672 6520 6670
f 6521 6671 6519
f 6521 6673 6671
f 6672 6522 6520
f 6674 6522 6672
f 6523 6673 6521
f 6523 6675 6673
f 6674 6524 6522
f 6676 6524 6674
f 6525 6675 6523
f 6525 6677 6675
f 6676 6526 6524
f 6678 6526 6676
f 6527 6677 6525
f 6527 6679 6677
f 6678 6528 6526
f 6680 6528 6678
f 6529 6679 6527
f 6529 6681 6679
f 6680 6530 6528
f 6682 6530 6680
f 6531 6681 6529
f 6531 6683 6681
f 6682 6532 6530
f 6684 6532 6682
f 6533 6683 6531
f 6533 6685 6683
f 6684 6534 6532
f 6686 6534 6684
f 6535 6685 6533
f 6535 6687 6685
f 6686 6536 6534
f 6688 6536 6686
f 6537 6687 6535
f 6537 6689 6687
f 6688 6538 6536
f 6690 6538 6688
f 6539 6689 6537
f 6539 6691 6689
f 6690 6540 6538
f 6692 6540 6690
f 6541 6691 6539
f 6541 6693 6691
f 6692 6542 6540
f 6694 6542 6692
f 6543 6693 6541
f 6543 6695 6693
f 6694 6544 6542
f 6696 6544 6694
f 6545 6695 6543
f 6545 6697 6695
f 6696 6546 6544
f 6698 6546 6696
f 6547 6697 6545
f 6547 6699 6697
f 6698 6548 6546
f 6700 6548 6698
f 6549 6699 6547
f 6549 6701 6699
f 6700 6550 6548
f 6702 6550 6700
f 6551 6701 6549
f 6551 6703 6701
f 6702 6552 6550
f 6704 6552 6702
f 6553 6703 6551
f 6553 6705 6703
f 6704 6554 6552
f 6706 6554 6704
f 6707 6705 6553
f 6707 6553 6555
f 6555 6556 6707
f 6707 6556 6708
f 6710 6709 6558
f 6558 6709 6557
f 6558 6554 6706
f 6558 6706 6710
f 6711 6708 6556
f 6711 6556 6559
f 6712 6559 6560
f 6712 6711 6559
f 6713 6560 6561
f 6713 6712 6560
f 6714 6561 6562
f 6714 6713 6561
f 6715 6562 6563
f 6715 6714 6562
f 6716 6563 6564
f 6716 6715 6563
f 6717 6564 6565
f 6717 6716 6564
f 6718 6565 6566
f 6718 6717 6565
f 6719 6566 6567
f 6719 6718 6566
f 6720 6567 6568
f 6720 6719 6567
f 6721 6568 6569
f 6721 6720 6568
f 6722 6569 6570
f 6722 6721 6569
f 6723 6570 6571
f 6723 6722 6570
f 6724 6571 6572
f 6724 6723 6571
f 6725 6572 6573
f 6725 6724 6572
f 6726 6573 6574
f 6726 6725 6573
f 6727 6574 6575
f 6727 6726 6574
f 6728 6575 6576
f 6728 6727 6575
f 6729 6576 6577
f 6729 6728 6576
f 6730 6577 6578
f 6730 6729 6577
f 6731 6578 6579
f 6731 6730 6578
f 6732 6579 6580
f 6732 6731 6579
f 6733 6580 6581
f 6733 6732 6580
f 6734 6581 6582
f 6734 6733 6581
f 6735 6582 6583
f 6735 6734 6582
f 6736 6583 6584
f 6736 6735 6583
f 6737 6584 6585
f 6737 6736 6584
f 6738 6585 6586
f 6738 6737 6585
f 6739 6586 6587
f 6739 6738 6586
f 6740 6587 6588
f 6740 6739 6587
f 6741 6588 6589
f 6741 6740 6588
f 6742 6589 6590
f 6742 6741 6589
f 6743 6590 6591
f 6743 6742 6590
f 6744 6591 6592
f 6744 6743 6591
f 6745 6592 6593
f 6745 6744 6592
f 6746 6593 6594
f 6746 6745 6593
f 6747 6594 6595
f 6747 6746 6594
f 6748 6595 6596
f 6748 6747 6595
f 6596 6557 6709
f 6596 6709 6748
f 6750 6749 6597
f 6750 6597 6598
f 6597 6751 6599
f 6749 6751 6597
f 6599 6752 6600
f 6751 6752 6599
f 6600 6753 6601
f 6752 6753 6600
f 6601 6754 6602
f 6753 6754 6601
f 6602 6755 6603
f 6754 6755 6602
f 6603 6756 6604
f 6755 6756 6603
f 6604 6757 6605
f 6756 6757 6604
f 6605 6758 6606
f 6757 6758 6605
f 6606 6759 6607
f 6758 6759 6606
f 6607 6760 6608
f 6759 6760 6607
f 6608 6761 6609
f 6760 6761 6608
f 6609 6762 6610
f 6761 6762 6609
f 6610 6763 6611
f 6762 6763 6610
f 6611 6764 6612
f 6763 6764 6611
f 6612 6765 6613
f 6764 6765 6612
f 6613 6766 6614
f 6765 6766 6613
f 6614 6767 6615
f 6766 6767 6614
f 6615 6768 6616
f 6767 6768 6615
f 6616 6769 6617
f 6768 6769 6616
f 6617 6770 6618
f 6769 6770 6617
f 6618 6771 6619
f 6770 6771 6618
f 6619 6772 6620
f 6771 6772 6619
f 6620 6773 6621
f 6772 6773 6620
f 6621 6774 6622
f 6773 6774 6621
f 6622 6775 6623
f 6774 6775 6622
f 6623 6776 6624
f 6775 6776 6623
f 6624 6777 6625
f 6776 6777 6624
f 6625 6778 6626
f 6777 6778 6625
f 6626 6779 6627
f 6778 6779 6626
f 6627 6780 6628
f 6779 6780 6627
f 6628 6781 6629
f 6780 6781 6628
f 6629 6782 6630
f 6781 6782 6629
f 6630 6783 6631
f 6782 6783 6630
f 6631 6784 6632
f 6783 6784 6631
f 6632 6785 6633
f 6784 6785 6632
f 6633 6786 6634
f 6785 6786 6633
f 6634 6787 6635
f 6786 6787 6634
f 6636 6635 6787
f 6636 6787 6788
f 6790 6789 6637
f 6790 6637 6638
f 6598 6637 6750
f 6750 6637 6789
f 6788 6791 6636
f 6636 6791 6639
f 6640 6639 6791
f 6640 6791 6792
f 6641 6790 6638
f 6641 6793 6790
f 6792 6642 6640
f 6794 6642 6792
f 6643 6793 6641
f 6643 6795 6793
f 6794 6644 6642
f 6796 6644 6794
f 6645 6795 6643
f 6645 6797 6795
f 6796 6646 6644
f 6798 6646 6796
f 6647 6797 6645
f 6647 6799 6797
f 6798 6648 6646
f 6800 6648 6798
f 6649 6799 6647
f 6649 6801 6799
f 6800 6650 6648
f 6802 6650 6800
f 6651 6801 6649
f 6651 6803 6801
f 6802 6652 6650
f 6804 6652 6802
f 6653 6803 6651
f 6653 6805 6803
f 6804 6654 6652
f 6806 6654 6804
f 6655 6805 6653
f 6655 6807 6805
f 6806 6656 6654
f 6808 6656 6806
f 6657 6807 6655
f 6657 6809 6807
f 6808 6658 6656
f 6810 6658 6808
f 6659 6809 6657
f 6659 6811 6809
f 6810 6660 6658
f 6812 6660 6810
f 6661 6811 6659
f 6661 6813 6811
f 6812 6662 6660
f 6814 6662 6812
f 6663 6813 6661
f 6663 6815 6813
f 6814 6664 6662
f 6816 6664 6814
f 6665 6815 6663
f 6665 6817 6815
f 6816 6666 6664
f 6818 6666 6816
f 6667 6817 6665
f 6667 6819 6817
f 6818 6668 6666
f 6820 6668 6818
f 6669 6819 6667
f 6669 6821 6819
f 6820 6670 6668
f 6822 6670 6820
f 6671 6821 6669
f 6671 6823 6821
f 6822 6672 6670
f 6824 6672 6822
f 6673 6823 6671
f 6673 6825 6823
f 6824 6674 6672
f 6826 6674 6824
f 6675 6825 6673
f 6675 6827 6825
f 6826 6676 6674
f 6828 6676 6826
f 6677 6827 6675
f 6677 6829 6827
f 6828 6678 6676
f 6830 6678 6828
f 6679 6829 6677
f 6679 6831 6829
f 6830 6680 6678
f 6832 6680 6830
f 6681 6831 6679
f 6681 6833 6831
f 6832 6682 6680
f 6834 6682 6832
f 6683 6833 6681
f 6683 6835 6833
f 6834 6684 6682
f 6836 6684 6834
f 6685 6835 6683
f 6685 6837 6835
f 6836 6686 6684
f 6838 6686 6836
f 6687 6837 6685
f 6687 6839 6837
f 6838 6688 6686
f 6840 6688 6838
f 6689 6839 6687
f 6689 6841 6839
f 6840 6690 6688
f 6842 6690 6840
f 6691 6841 6689
f 6691 6843 6841
f 6842 6692 6690
f 6844 6692 6842
f 6693 6843 6691
f 6693 6845 6843
f 6844 6694 6692
f 6846 6694 6844
f 6695 6845 6693
f 6695 6847 6845
f 6846 6696 6694
f 6848 6696 6846
f 6697 6847 6695
f 6697 6849 6847
f 6848 6698 6696
f 6850 6698 6848
f 6699 6849 6697
f 6699 6851 6849
f 6850 6700 6698
f 6852 6700 6850
f 6701 6851 6699
f 6701 6853 6851
f 6852 6702 6700
f 6854 6702 6852
f 6703 6853 6701
f 6703 6855 6853
f 6854 6704 6702
f 6856 6704 6854
f 6705 6855 6703
f 6705 6857 6855
f 6856 6706 6704
f 6858 6706 6856
f 6859 6857 6705
f 6859 6705 6707
f 6707 6708 6859
f 6859 6708 6860
f 6862 6861 6710
f 6710 6861 6709
f 6710 6706 6858
f 6710 6858 6862
f 6863 6860 6708
f 6863 6708 6711
f 6864 6711 6712
f 6864 6863 6711
f 6865 6712 6713
f 6865 6864 6712
f 6866 6713 6714
f 6866 6865 6713
f 6867 6714 6715
f 6867 6866 6714
f 6868 6715 6716
f 6868 6867 6715
f 6869 6716 6717
f 6869 6868 6716
f 6870 6717 6718
f 6870 6869 6717
f 6871 6718 6719
f 6871 6870 6718
f 6872 6719 6720
f 6872 6871 6719
f 6873 6720 6721
f 6873 6872 6720
f 6874 6721 6722
f 6874 6873 6721
f 6875 6722 6723
f 6875 6874 6722
f 6876 6723 6724
f 6876 6875 6723
f 6877 6724 6725
f 6877 6876 6724
f 6878 6725 6726
f 6878 6877 6725
f 6879 6726 6727
f 6879 6878 6726
f 6880 6727 6728
f 6880 6879 6727
f 6881 6728 6729
f 6881 6880 6728
f 6882 6729 6730
f 6882 6881 6729
f 6883 6730 6731
f 6883 6882 6730
f 6884 6731 6732
f 6884 6883 6731
f 6885 6732 6733
f 6885 6884 6732
f 6886 6733 6734
f 6886 6885 6733
f 6887 6734 6735
f 6887 6886 6734
f 6888 6735 6736
f 6888 6887 6735
f 6889 6736 6737
f 6889 6888 6736
f 6890 6737 6738
f 6890 6889 6737
f 6891 6738 6739
f 6891 6890 6738
f 6892 6739 6740
f 6892 6891 6739
f 6893 6740 6741
f 6893 6892 6740
f 6894 6741 6742
f 6894 6893 6741
f 6895 6742 6743
f 6895 6894 6742
f 6896 6743 6744
f 6896 6895 6743
f 6897 6744 6745
f 6897 6896 6744
f 6898 6745 6746
f 6898 6897 6745
f 6899 6746 6747
f 6899 6898 6746
f 6900 6747 6748
f 6900 6899 6747
f 6748 6709 6861
f 6748 6861 6900
f 6902 6901 6749
f 6902 6749 6750
f 6749 6903 6751
f 6901 6903 6749
f 6751 6904 6752
f 6903 6904 6751
f 6752 6905 6753
f 6904 6905 6752
f 6753 6906 6754
f 6905 6906 6753
f 6754 6907 6755
f 6906 6907 6754
f 6755 6908 6756
f 6907 6908 6755
f 6756 6909 6757
f 6908 6909 6756
f 6757 6910 6758
f 6909 6910 6757
f 6758 6911 6759
f 6910 6911 6758
f 6759 6912 6760
f 6911 6912 6759
f 6760 6913 6761
f 6912 6913 6760
f 6761 6914 6762
f 6913 6914 6761
f 6762 6915 6763
f 6914 6915 6762
f 6763 6916 6764
f 6915 6916 6763
f 6764 6917 6765
f 6916 6917 6764
f 6765 6918 6766
f 6917 6918 6765
f 6766 6919 6767
f 6918 6919 6766
f 6767 6920 6768
f 6919 6920 6767
f 6768 6921 6769
f 6920 6921 6768
f 6769 6922 6770
f 6921 6922 6769
f 6770 6923 6771
f 6922 6923 6770
f 6771 6924 6772
f 6923 6924 6771
f 6772 6925 6773
f 6924 6925 6772
f 6773 6926 6774
f 6925 6926 6773
f 6774 6927 6775
f 6926 6927 6774
f 6775 6928 6776
f 6927 6928 6775
f 6776 6929 6777
f 6928 6929 6776
f 6777 6930 6778
f 6929 6930 6777
f 6778 6931 6779
f 6930 6931 6778
f 6779 6932 6780
f 6931 6932 6779
f 6780 6933 6781
f 6932 6933 6780
f 6781 6934 6782
f 6933 6934 6781
f 6782 6935 6783
f 6934 6935 6782
f 6783 6936 6784
f 6935 6936 6783
f 6784 6937 6785
f 6936 6937 6784
f 6785 6938 6786
f 6937 6938 6785
f 6786 6939 6787
f 6938 6939 6786
f 6788 6787 6939
f 6788 6939 6940
f 6942 6941 6789
f 6942 6789 6790
f 6750 6789 6902
f 6902 6789 6941
f 6940 6943 6788
f 6788 6943 6791
f 6792 6791 6943
f 6792 6943 6944
f 6793 6942 6790
f 6793 6945 6942
f 6944 6794 6792
f 6946 6794 6944
f 6795 6945 6793
f 6795 6947 6945
f 6946 6796 6794
f 6948 6796 6946
f 6797 6947 6795
f 6797 6949 6947
f 6948 6798 6796
f 6950 6798 6948
f 6799 6949 6797
f 6799 6951 6949
f 6950 6800 6798
f 6952 6800 6950
f 6801 6951 6799
f 6801 6953 6951
f 6952 6802 6800
f 6954 6802 6952
f 6803 6953 6801
f 6803 6955 6953
f 6954 6804 6802
f 6956 6804 6954
f 6805 6955 6803
f 6805 6957 6955
f 6956 6806 6804
f 6958 6806 6956
f 6807 6957 6805
f 6807 6959 6957
f 6958 6808 6806
f 6960 6808 6958
f 6809 6959 6807
f 6809 6961 6959
f 6960 6810 6808
f 6962 6810 6960
f 6811 6961 6809
f 6811 6963 6961
f 6962 6812 6810
f 6964 6812 6962
f 6813 6963 6811
f 6813 6965 6963
f 6964 6814 6812
f 6966 6814 6964
f 6815 6965 6813
f 6815 6967 6965
f 6966 6816 6814
f 6968 6816 6966
f 6817 6967 6815
f 6817 6969 6967
f 6968 6818 6816
f 6970 6818 6968
f 6819 6969 6817
f 6819 6971 6969
f 6970 6820 6818
f 6972 6820 6970
f 6821 6971 6819
f 6821 6973 6971
f 6972 6822 6820
f 6974 6822 6972
f 6823 6973 6821
f 6823 6975 6973
f 6974 6824 6822
f 6976 6824 6974
f 6825 6975 6823
f 6825 6977 6975
f 6976 6826 6824
f 6978 6826 6976
f 6827 6977 6825
f 6827 6979 6977
f 6978 6828 6826
f 6980 6828 6978
f 6829 6979 6827
f 6829 6981 6979
f 6980 6830 6828
f 6982 6830 6980
f 6831 6981 6829
f 6831 6983 6981
f 6982 6832 6830
f 6984 6832 6982
f 6833 6983 6831
f 6833 6985 6983
f 6984 6834 6832
f 6986 6834 6984
f 6835 6985 6833
f 6835 6987 6985
f 6986 6836 6834
f 6988 6836 6986
f 6837 6987 6835
f 6837 6989 6987
f 6988 6838 6836
f 6990 6838 6988
f 6839 6989 6837
f 6839 6991 6989
f 6990 6840 6838
f 6992 6840 6990
f 6841 6991 6839
f 6841 6993 6991
f 6992 6842 6840
f 6994 6842 6992
f 6843 6993 6841
f 6843 6995 6993
f 6994 6844 6842
f 6996 6844 6994
f 6845 6995 6843
f 6845 6997 6995
f 6996 6846 6844
f 6998 6846 6996
f 6847 6997 6845
f 6847 6999 6997
f 6998 6848 6846
f 7000 6848 6998
f 6849 6999 6847
f 6849 7001 6999
f 7000 6850 6848
f 7002 6850 7000
f 6851 7001 6849
f 6851 7003 7001
f 7002 6852 6850
f 7004 6852 7002
f 6853 7003 6851
f 6853 7005 7003
f 7004 6854 6852
f 7006 6854 7004
f 6855 7005 6853
f 6855 7007 7005
f 7006 6856 6854
f 7008 6856 7006
f 6857 7007 6855
f 6857 7009 7007
f 7008 6858 6856
f 7010 6858 7008
f 7011 7009 6857
f 7011 6857 6859
f 6859 6860 7011
f 7011 6860 7012
f 7014 7013 6862
f 6862 7013 6861
f 6862 6858 7010
f 6862 7010 7014
f 7015 7012 6860
f 7015 6860 6863
f 7016 6863 6864
f 7016 7015 6863
f 7017 6864 6865
f 7017 7016 6864
f 7018 6865 6866
f 7018 7017 6865
f 7019 6866 6867
f 7019 7018 6866
f 7020 6867 6868
f 7020 7019 6867
f 7021 6868 6869
f 7021 7020 6868
f 7022 6869 6870
f 7022 7021 6869
f 7023 6870 6871
f 7023 7022 6870
f 7024 6871 6872
f 7024 7023 6871
f 7025 6872 6873
f 7025 7024 6872
f 7026 6873 6874
f 7026 7025 6873
f 7027 6874 6875
f 7027 7026 6874
f 7028 6875 6876
f 7028 7027 6875
f 7029 6876 6877
f 7029 7028 6876
f 7030 6877 6878
f 7030 7029 6877
f 7031 6878 6879
f 7031 7030 6878
f 7032 6879 6880
f 7032 7031 6879
f 7033 6880 6881
f 7033 7032 6880
f 7034 6881 6882
f 7034 7033 6881
f 7035 6882 6883
f 7035 7034 6882
f 7036 6883 6884
f 7036 7035 6883
f 7037 6884 6885
f 7037 7036 6884
f 7038 6885 6886
f 7038 7037 6885
f 7039 6886 6887
f 7039 7038 6886
f 7040 6887 6888
f 7040 7039 6887
f 7041 6888 6889
f 7041 7040 6888
f 7042 6889 6890
f 7042 7041 6889
f 7043 6890 6891
f 7043 7042 6890
f 7044 6891 6892
f 7044 7043 6891
f 7045 6892 6893
f 7045 7044 6892
f 7046 6893 6894
f 7046 7045 6893
f 7047 6894 6895
f 7047 7046 6894
f 7048 6895 6896
f 7048 7047 6895
f 7049 6896 6897
f 7049 7048 6896
f 7050 6897 6898
f 7050 7049 6897
f 7051 6898 6899
f 7051 7050 6898
f 7052 6899 6900
f 7052 7051 6899
f 6900 6861 7013
f 6900 7013 7052
f 7054 7053 6901
f 7054 6901 6902
f 6901 7055 6903
f 7053 7055 6901
f 6903 7056 6904
f 7055 7056 6903
f 6904 7057 6905
f 7056 7057 6904
f 6905 7058 6906
f 7057 7058 6905
f 6906 7059 6907
f 7058 7059 6906
f 6907 7060 6908
f 7059 7060 6907
f 6908 7061 6909
f 7060 7061 6908
f 6909 7062 6910
f 7061 7062 6909
f 6910 7063 6911
f 7062 7063 6910
f 6911 7064 6912
f 7063 7064 6911
f 6912 7065 6913
f 7064 7065 6912
f 6913 7066 6914
f 7065 7066 6913
f 6914 7067 6915
f 7066 7067 6914
f 6915 7068 6916
f 7067 7068 6915
f 6916 7069 6917
f 7068 7069 6916
f 6917 7070 6918
f 7069 7070 6917
f 6918 7071 6919
f 7070 7071 6918
f 6919 7072 6920
f 7071 7072 6919
f 6920 7073 6921
f 7072 7073 6920
f 6921 7074 6922
f 7073 7074 6921
f 6922 7075 6923
f 7074 7075 6922
f 6923 7076 6924
f 7075 7076 6923
f 6924 7077 6925
f 7076 7077 6924
f 6925 7078 6926
f 7077 7078 6925
f 6926 7079 6927
f 7078 7079 6926
f 6927 7080 6928
f 7079 7080 6927
f 6928 7081 6929
f 7080 7081 6928
f 6929 7082 6930
f 7081 7082 6929
f 6930 7083 6931
f 7082 7083 6930
f 6931 7084 6932
f 7083 7084 6931
f 6932 7085 6933
f 7084 7085 6932
f 6933 7086 6934
f 7085 7086 6933
f 6934 7087 6935
f 7086 7087 6934
f 6935 7088 6936
f 7087 7088 6935
f 6936 7089 6937
f 7088 7089 6936
f 6937 7090 6938
f 7089 7090 6937
f 6938 7091 6939
f 7090 7091 6938
f 6940 6939 7091
f 6940 7091 7092
f 7094 7093 6941
f 7094 6941 6942
f 6902 6941 7054
f 7054 6941 7093
f 7092 7095 6940
f 6940 7095 6943
f 6944 6943 7095
f 6944 7095 7096
f 6945 7094 6942
f 6945 7097 7094
f 7096 6946 6944
f 7098 6946 7096
f 6947 7097 6945
f 6947 7099 7097
f 7098 6948 6946
f 7100 6948 7098
f 6949 7099 6947
f 6949 7101 7099
f 7100 6950 6948
f 7102 6950 7100
f 6951 7101 6949
f 6951 7103 7101
f 7102 6952 6950
f 7104 6952 7102
f 6953 7103 6951
f 6953 7105 7103
f 7104 6954 6952
f 7106 6954 7104
f 6955 7105 6953
f 6955 7107 7105
f 7106 6956 6954
f 7108 6956 7106
f 6957 7107 6955
f 6957 7109 7107
f 7108 6958 6956
f 7110 6958 7108
f 6959 7109 6957
f 6959 7111 7109
f 7110 6960 6958
f 7112 6960 7110
f 6961 7111 6959
f 6961 7113 7111
f 7112 6962 6960
f 7114 6962 7112
f 6963 7113 6961
f 6963 7115 7113
f 7114 6964 6962
f 7116 6964 7114
f 6965 7115 6963
f 6965 7117 7115
f 7116 6966 6964
f 7118 6966 7116
f 6967 7117 6965
f 6967 7119 7117
f 7118 6968 6966
f 7120 6968 7118
f 6969 7119 6967
f 6969 7121 7119
f 7120 6970 6968
f 7122 6970 7120
f 6971 7121 6969
f 6971 7123 7121
f 7122 6972 6970
f 7124 6972 7122
f 6973 7123 6971
f 6973 7125 7123
f 7124 6974 6972
f 7126 6974 7124
f 6975 7125 6973
f 6975 7127 7125
f 7126 6976 6974
f 7128 6976 7126
f 6977 7127 6975
f 6977 7129 7127
f 7128 6978 6976
f 7130 6978 7128
f 6979 7129 6977
f 6979 7131 7129
f 7130 6980 6978
f 7132 6980 7130
f 6981 7131 6979
f 6981 7133 7131
f 7132 6982 6980
f 7134 6982 7132
f 6983 7133 6981
f 6983 7135 7133
f 7134 6984 6982
f 7136 6984 7134
f 6985 7135 6983
f 6985 7137 7135
f 7136 6986 6984
f 7138 6986 7136
f 6987 7137 6985
f 6987 7139 7137
f 7138 6988 6986
f 7140 6988 7138
f 6989 7139 6987
f 6989 7141 7139
f 7140 6990 6988
f 7142 6990 7140
f 6991 7141 6989
f 6991 7143 7141
f 7142 6992 6990
f 7144 6992 7142
f 6993 7143 6991
f 6993 7145 7143
f 7144 6994 6992
f 7146 6994 7144
f 6995 7145 6993
f 6995 7147 7145
f 7146 6996 6994
f 7148 6996 7146
f 6997 7147 6995
f 6997 7149 7147
f 7148 6998 6996
f 7150 6998 7148
f 6999 7149 6997
f 6999 7151 7149
f 7150 7000 6998
f 7152 7000 7150
f 7001 7151 6999
f 7001 7153 7151
f 7152 7002 7000
f 7154 7002 7152
f 7003 7153 7001
f 7003 7155 7153
f 7154 7004 7002
f 7156 7004 7154
f 7005 7155 7003
f 7005 7157 7155
f 7156 7006 7004
f 7158 7006 7156
f 7007 7157 7005
f 7007 7159 7157
f 7158 7008 7006
f 7160 7008 7158
f 7009 7159 7007
f 7009 7161 7159
f 7160 7010 7008
f 7162 7010 7160
f 7163 7161 7009
f 7163 7009 7011
f 7011 7012 7163
f 7163 7012 7164
f 7166 7165 7014
f 7014 7165 7013
f 7014 7010 7162
f 7014 7162 7166
f 7167 7164 7012
f 7167 7012 7015
f 7168 7015 7016
f 7168 7167 7015
f 7169 7016 7017
f 7169 7168 7016
f 7170 7017 7018
f 7170 7169 7017
f 7171 7018 7019
f 7171 7170 7018
f 7172 7019 7020
f 7172 7171 7019
f 7173 7020 7021
f 7173 7172 7020
f 7174 7021 7022
f 7174 7173 7021
f 7175 7022 7023
f 7175 7174 7022
f 7176 7023 7024
f 7176 7175 7023
f 7177 7024 7025
f 7177 7176 7024
f 7178 7025 7026
f 7178 7177 7025
f 7179 7026 7027
f 7179 7178 7026
f 7180 7027 7028
f 7180 7179 7027
f 7181 7028 7029
f 7181 7180 7028
f 7182 7029 7030
f 7182 7181 7029
f 7183 7030 7031
f 7183 7182 7030
f 7184 7031 7032
f 7184 7183 7031
f 7185 7032 7033
f 7185 7184 7032
f 7186 7033 7034
f 7186 7185 7033
f 7187 7034 7035
f 7187 7186 7034
f 7188 7035 7036
f 7188 7187 7035
f 7189 7036 7037
f 7189 7188 7036
f 7190 7037 7038
f 7190 7189 7037
f 7191 7038 7039
f 7191 7190 7038
f 7192 7039 7040
f 7192 7191 7039
f 7193 7040 7041
f 7193 7192 7040
f 7194 7041 7042
f 7194 7193 7041
f 7195 7042 7043
f 7195 7194 7042
f 7196 7043 7044
f 7196 7195 7043
f 7197 7044 7045
f 7197 7196 7044
f 7198 7045 7046
f 7198 7197 7045
f 7199 7046 7047
f 7199 7198 7046
f 7200 7047 7048
f 7200 7199 7047
f 7201 7048 7049
f 7201 7200 7048
f 7202 7049 7050
f 7202 7201 7049
f 7203 7050 7051
f 7203 7202 7050
f 7204 7051 7052
f 7204 7203 7051
f 7052 7013 7165
f 7052 7165 7204
f 7206 7205 7053
f 7206 7053 7054
f 7053 7207 7055
f 7205 7207 7053
f 7055 7208 7056
f 7207 7208 7055
f 7056 7209 7057
f 7208 7209 7056
f 7057 7210 7058
f 7209 7210 7057
f 7058 7211 7059
f 7210 7211 7058
f 7059 7212 7060
f 7211 7212 7059
f 7060 7213 7061
f 7212 7213 7060
f 7061 7214 7062
f 7213 7214 7061
f 7062 7215 7063
f 7214 7215 7062
f 7063 7216 7064
f 7215 7216 7063
f 7064 7217 7065
f 7216 7217 7064
f 7065 7218 7066
f 7217 7218 7065
f 7066 7219 7067
f 7218 7219 7066
f 7067 7220 7068
f 7219 7220 7067
f 7068 7221 7069
f 7220 7221 7068
f 7069 7222 7070
f 7221 7222 7069
f 7070 7223 7071
f 7222 7223 7070
f 7071 7224 7072
f 7223 7224 7071
f 7072 7225 7073
f 7224 7225 7072
f 7073 7226 7074
f 7225 7226 7073
f 7074 7227 7075
f 7226 7227 7074
f 7075 7228 7076
f 7227 7228 7075
f 7076 7229 7077
f 7228 7229 7076
f 7077 7230 7078
f 7229 7230 7077
f 7078 7231 7079
f 7230 7231 7078
f 7079 7232 7080
f 7231 7232 7079
f 7080 7233 7081
f 7232 7233 7080
f 7081 7234 7082
f 7233 7234 7081
f 7082 7235 7083
f 7234 7235 7082
f 7083 7236 7084
f 7235 7236 7083
f 7084 7237 7085
f 7236 7237 7084
f 7085 7238 7086
f 7237 7238 7085
f 7086 7239 7087
f 7238 7239 7086
f 7087 7240 7088
f 7239 7240 7087
f 7088 7241 7089
f 7240 7241 7088
f 7089 7242 7090
f 7241 7242 7089
f 7090 7243 7091
f 7242 7243 7090
f 7092 7091 7243
f 7092 7243 7244
f 7246 7245 7093
f 7246 7093 7094
f 7054 7093 7206
f 7206 7093 7245
f 7244 7247 7092
f 7092 7247 7095
f 7096 7095 7247
f 7096 7247 7248
f 7097 7246 7094
f 7097 7249 7246
f 7248 7098 7096
f 7250 7098 7248
f 7099 7249 7097
f 7099 7251 7249
f 7250 7100 7098
f 7252 7100 7250
f 7101 7251 7099
f 7101 7253 7251
f 7252 7102 7100
f 7254 7102 7252
f 7103 7253 7101
f 7103 7255 7253
f 7254 7104 7102
f 7256 7104 7254
f 7105 7255 7103
f 7105 7257 7255
f 7256 7106 7104
f 7258 7106 7256
f 7107 7257 7105
f 7107 7259 7257
f 7258 7108 7106
f 7260 7108 7258
f 7109 7259 7107
f 7109 7261 7259
f 7260 7110 7108
f 7262 7110 7260
f 7111 7261 7109
f 7111 7263 7261
f 7262 7112 7110
f 7264 7112 7262
f 7113 7263 7111
f 7113 7265 7263
f 7264 7114 7112
f 7266 7114 7264
f 7115 7265 7113
f 7115 7267 7265
f 7266 7116 7114
f 7268 7116 7266
f 7117 7267 7115
f 7117 7269 7267
f 7268 7118 7116
f 7270 7118 7268
f 7119 7269 7117
f 7119 7271 7269
f 7270 7120 7118
f 7272 7120 7270
f 7121 7271 7119
f 7121 7273 7271
f 7272 7122 7120
f 7274 7122 7272
f 7123 7273 7121
f 7123 7275 7273
f 7274 7124 7122
f 7276 7124 7274
f 7125 7275 7123
f 7125 7277 7275
f 7276 7126 7124
f 7278 7126 7276
f 7127 7277 7125
f 7127 7279 7277
f 7278 7128 7126
f 7280 7128 7278
f 7129 7279 7127
f 7129 7281 7279
f 7280 7130 7128
f 7282 7130 7280
f 7131 7281 7129
f 7131 7283 7281
f 7282 7132 7130
f 7284 7132 7282
f 7133 7283 7131
f 7133 7285 7283
f 7284 7134 7132
f 7286 7134 7284
f 7135 7285 7133
f 7135 7287 7285
f 7286 7136 7134
f 7288 7136 7286
f 7137 7287 7135
f 7137 7289 7287
f 7288 7138 7136
f 7290 7138 7288
f 7139 7289 7137
f 7139 7291 7289
f 7290 7140 7138
f 7292 7140 7290
f 7141 7291 7139
f 7141 7293 7291
f 7292 7142 7140
f 7294 7142 7292
f 7143 7293 7141
f 7143 7295 7293
f 7294 7144 7142
f 7296 7144 7294
f 7145 7295 7143
f 7145 7297 7295
f 7296 7146 7144
f 7298 7146 7296
f 7147 7297 7145
f 7147 7299 7297
f 7298 7148 7146
f 7300 7148 7298
f 7149 7299 7147
f 7149 7301 7299
f 7300 7150 7148
f 7302 7150 7300
f 7151 7301 7149
f 7151 7303 7301
f 7302 7152 7150
f 7304 7152 7302
f 7153 7303 7151
f 7153 7305 7303
f 7304 7154 7152
f 7306 7154 7304
f 7155 7305 7153
f 7155 7307 7305
f 7306 7156 7154
f 7308 7156 7306
f 7157 7307 7155
f 7157 7309 7307
f 7308 7158 7156
f 7310 7158 7308
f 7159 7309 7157
f 7159 7311 7309
f 7310 7160 7158
f 7312 7160 7310
f 7161 7311 7159
f 7161 7313 7311
f 7312 7162 7160
f 7314 7162 7312
f 7315 7313 7161
f 7315 7161 7163
f 7163 7164 7315
f 7315 7164 7316
f 7318 7317 7166
f 7166 7317 7165
f 7166 7162 7314
f 7166 7314 7318
f 7319 7316 7164
f 7319 7164 7167
f 7320 7167 7168
f 7320 7319 7167
f 7321 7168 7169
f 7321 7320 7168
f 7322 7169 7170
f 7322 7321 7169
f 7323 7170 7171
f 7323 7322 7170
f 7324 7171 7172
f 7324 7323 7171
f 7325 7172 7173
f 7325 7324 7172
f 7326 7173 7174
f 7326 7325 7173
f 7327 7174 7175
f 7327 7326 7174
f 7328 7175 7176
f 7328 7327 7175
f 7329 7176 7177
f 7329 7328 7176
f 7330 7177 7178
f 7330 7329 7177
f 7331 7178 7179
f 7331 7330 7178
f 7332 7179 7180
f 7332 7331 7179
f 7333 7180 7181
f 7333 7332 7180
f 7334 7181 7182
f 7334 7333 7181
f 7335 7182 7183
f 7335 7334 7182
f 7336 7183 7184
f 7336 7335 7183
f 7337 7184 7185
f 7337 7336 7184
f 7338 7185 7186
f 7338 7337 7185
f 7339 7186 7187
f 7339 7338 7186
f 7340 7187 7188
f 7340 7339 7187
f 7341 7188 7189
f 7341 7340 7188
f 7342 7189 7190
f 7342 7341 7189
f 7343 7190 7191
f 7343 7342 7190
f 7344 7191 7192
f 7344 7343 7191
f 7345 7192 7193
f 7345 7344 7192
f 7346 7193 7194
f 7346 7345 7193
f 7347 7194 7195
f 7347 7346 7194
f 7348 7195 7196
f 7348 7347 7195
f 7349 7196 7197
f 7349 7348 7196
f 7350 7197 7198
f 7350 7349 7197
f 7351 7198 7199
f 7351 7350 7198
f 7352 7199 7200
f 7352 7351 7199
f 7353 7200 7201
f 7353 7352 7200
f 7354 7201 7202
f 7354 7353 7201
f 7355 7202 7203
f 7355 7354 7202
f 7356 7203 7204
f 7356 7355 7203
f 7204 7165 7317
f 7204 7317 7356
f 7358 7357 7205
f 7358 7205 7206
f 7205 7359 7207
f 7357 7359 7205
f 7207 7360 7208
f 7359 7360 7207
f 7208 7361 7209
f 7360 7361 7208
f 7209 7362 7210
f 7361 7362 7209
f 7210 7363 7211
f 7362 7363 7210
f 7211 7364 7212
f 7363 7364 7211
f 7212 7365 7213
f 7364 7365 7212
f 7213 7366 7214
f 7365 7366 7213
f 7214 7367 7215
f 7366 7367 7214
f 7215 7368 7216
f 7367 7368 7215
f 7216 7369 7217
f 7368 7369 7216
f 7217 7370 7218
f 7369 7370 7217
f 7218 7371 7219
f 7370 7371 7218
f 7219 7372 7220
f 7371 7372 7219
f 7220 7373 7221
f 7372 7373 7220
f 7221 7374 7222
f 7373 7374 7221
f 7222 7375 7223
f 7374 7375 7222
f 7223 7376 7224
f 7375 7376 7223
f 7224 7377 7225
f 7376 7377 7224
f 7225 7378 7226
f 7377 7378 7225
f 7226 7379 7227
f 7378 7379 7226
f 7227 7380 7228
f 7379 7380 7227
f 7228 7381 7229
f 7380 7381 7228
f 7229 7382 7230
f 7381 7382 7229
f 7230 7383 7231
f 7382 7383 7230
f 7231 7384 7232
f 7383 7384 7231
f 7232 7385 7233
f 7384 7385 7232
f 7233 7386 7234
f 7385 7386 7233
f 7234 7387 7235
f 7386 7387 7234
f 7235 7388 7236
f 7387 7388 7235
f 7236 7389 7237
f 7388 7389 7236
f 7237 7390 7238
f 7389 7390 7237
f 7238 7391 7239
f 7390 7391 7238
f 7239 7392 7240
f 7391 7392 7239
f 7240 7393 7241
f 7392 7393 7240
f 7241 7394 7242
f 7393 7394 7241
f 7242 7395 7243
f 7394 7395 7242
f 7244 7243 7395
f 7244 7395 7396
f 7398 7397 7245
f 7398 7245 7246
f 7206 7245 7358
f 7358 7245 7397
f 7396 7399 7244
f 7244 7399 7247
f 7248 7247 7399
f 7248 7399 7400
f 7249 7398 7246
f 7249 7401 7398
f 7400 7250 7248
f 7402 7250 7400
f 7251 7401 7249
f 7251 7403 7401
f 7402 7252 7250
f 7404 7252 7402
f 7253 7403 7251
f 7253 7405 7403
f 7404 7254 7252
f 7406 7254 7404
f 7255 7405 7253
f 7255 7407 7405
f 7406 7256 7254
f 7408 7256 7406
f 7257 7407 7255
f 7257 7409 7407
f 7408 7258 7256
f 7410 7258 7408
f 7259 7409 7257
f 7259 7411 7409
f 7410 7260 7258
f 7412 7260 7410
f 7261 7411 7259
f 7261 7413 7411
f 7412 7262 7260
f 7414 7262 7412
f 7263 7413 7261
f 7263 7415 7413
f 7414 7264 7262
f 7416 7264 7414
f 7265 7415 7263
f 7265 7417 7415
f 7416 7266 7264
f 7418 7266 7416
f 7267 7417 7265
f 7267 7419 7417
f 7418 7268 7266
f 7420 7268 7418
f 7269 7419 7267
f 7269 7421 7419
f 7420 7270 7268
f 7422 7270 7420
f 7271 7421 7269
f 7271 7423 7421
f 7422 7272 7270
f 7424 7272 7422
f 7273 7423 7271
f 7273 7425 7423
f 7424 7274 7272
f 7426 7274 7424
f 7275 7425 7273
f 7275 7427 7425
f 7426 7276 7274
f 7428 7276 7426
f 7277 7427 7275
f 7277 7429 7427
f 7428 7278 7276
f 7430 7278 7428
f 7279 7429 7277
f 7279 7431 7429
f 7430 7280 7278
f 7432 7280 7430
f 7281 7431 7279
f 7281 7433 7431
f 7432 7282 7280
f 7434 7282 7432
f 7283 7433 7281
f 7283 7435 7433
f 7434 7284 7282
f 7436 7284 7434
f 7285 7435 7283
f 7285 7437 7435
f 7436 7286 7284
f 7438 7286 7436
f 7287 7437 7285
f 7287 7439 7437
f 7438 7288 7286
f 7440 7288 7438
f 7289 7439 7287
f 7289 7441 7439
f 7440 7290 7288
f 7442 7290 7440
f 7291 7441 7289
f 7291 7443 7441
f 7442 7292 7290
f 7444 7292 7442
f 7293 7443 7291
f 7293 7445 7443
f 7444 7294 7292
f 7446 7294 7444
f 7295 7445 7293
f 7295 7447 7445
f 7446 7296 7294
f 7448 7296 7446
f 7297 7447 7295
f 7297 7449 7447
f 7448 7298 7296
f 7450 7298 7448
f 7299 7449 7297
f 7299 7451 7449
f 7450 7300 7298
f 7452 7300 7450
f 7301 7451 7299
f 7301 7453 7451
f 7452 7302 7300
f 7454 7302 7452
f 7303 7453 7301
f 7303 7455 7453
f 7454 7304 7302
f 7456 7304 7454
f 7305 7455 7303
f 7305 7457 7455
f 7456 7306 7304
f 7458 7306 7456
f 7307 7457 7305
f 7307 7459 7457
f 7458 7308 7306
f 7460 7308 7458
f 7309 7459 7307
f 7309 7461 7459
f 7460 7310 7308
f 7462 7310 7460
f 7311 7461 7309
f 7311 7463 7461
f 7462 7312 7310
f 7464 7312 7462
f 7313 7463 7311
f 7313 7465 7463
f 7464 7314 7312
f 7466 7314 7464
f 7467 7465 7313
f 7467 7313 7315
f 7315 7316 7467
f 7467 7316 7468
f 7470 7469 7318
f 7318 7469 7317
f 7318 7314 7466
f 7318 7466 7470
f 7471 7468 7316
f 7471 7316 7319
f 7472 7319 7320
f 7472 7471 7319
f 7473 7320 7321
f 7473 7472 7320
f 7474 7321 7322
f 7474 7473 7321
f 7475 7322 7323
f 7475 7474 7322
f 7476 7323 7324
f 7476 7475 7323
f 7477 7324 7325
f 7477 7476 7324
f 7478 7325 7326
f 7478 7477 7325
f 7479 7326 7327
f 7479 7478 7326
f 7480 7327 7328
f 7480 7479 7327
f 7481 7328 7329
f 7481 7480 7328
f 7482 7329 7330
f 7482 7481 7329
f 7483 7330 7331
f 7483 7482 7330
f 7484 7331 7332
f 7484 7483 7331
f 7485 7332 7333
f 7485 7484 7332
f 7486 7333 7334
f 7486 7485 7333
f 7487 7334 7335
f 7487 7486 7334
f 7488 7335 7336
f 7488 7487 7335
f 7489 7336 7337
f 7489 7488 7336
f 7490 7337 7338
f 7490 7489 7337
f 7491 7338 7339
f 7491 7490 7338
f 7492 7339 7340
f 7492 7491 7339
f 7493 7340 7341
f 7493 7492 7340
f 7494 7341 7342
f 7494 7493 7341
f 7495 7342 7343
f 7495 7494 7342
f 7496 7343 7344
f 7496 7495 7343
f 7497 7344 7345
f 7497 7496 7344
f 7498 7345 7346
f 7498 7497 7345
f 7499 7346 7347
f 7499 7498 7346
f 7500 7347 7348
f 7500 7499 7347
f 7501 7348 7349
f 7501 7500 7348
f 7502 7349 7350
f 7502 7501 7349
f 7503 7350 7351
f 7503 7502 7350
f 7504 7351 7352
f 7504 7503 7351
f 7505 7352 7353
f 7505 7504 7352
f 7506 7353 7354
f 7506 7505 7353
f 7507 7354 7355
f 7507 7506 7354
f 7508 7355 7356
f 7508 7507 7355
f 7356 7317 7469
f 7356 7469 7508
f 7510 7509 7357
f 7510 7357 7358
f 7357 7511 7359
f 7509 7511 7357
f 7359 7512 7360
f 7511 7512 7359
f 7360 7513 7361
f 7512 7513 7360
f 7361 7514 7362
f 7513 7514 7361
f 7362 7515 7363
f 7514 7515 7362
f 7363 7516 7364
f 7515 7516 7363
f 7364 7517 7365
f 7516 7517 7364
f 7365 7518 7366
f 7517 7518 7365
f 7366 7519 7367
f 7518 7519 7366
f 7367 7520 7368
f 7519 7520 7367
f 7368 7521 7369
f 7520 7521 7368
f 7369 7522 7370
f 7521 7522 7369
f 7370 7523 7371
f 7522 7523 7370
f 7371 7524 7372
f 7523 7524 7371
f 7372 7525 7373
f 7524 7525 7372
f 7373 7526 7374
f 7525 7526 7373
f 7374 7527 7375
f 7526 7527 7374
f 7375 7528 7376
f 7527 7528 7375
f 7376 7529 7377
f 7528 7529 7376
f 7377 7530 7378
f 7529 7530 7377
f 7378 7531 7379
f 7530 7531 7378
f 7379 7532 7380
f 7531 7532 7379
f 7380 7533 7381
f 7532 7533 7380
f 7381 7534 7382
f 7533 7534 7381
f 7382 7535 7383
f 7534 7535 7382
f 7383 7536 7384
f 7535 7536 7383
f 7384 7537 7385
f 7536 7537 7384
f 7385 7538 7386
f 7537 7538 7385
f 7386 7539 7387
f 7538 7539 7386
f 7387 7540 7388
f 7539 7540 7387
f 7388 7541 7389
f 7540 7541 7388
f 7389 7542 7390
f 7541 7542 7389
f 7390 7543 7391
f 7542 7543 7390
f 7391 7544 7392
f 7543 7544 7391
f 7392 7545 7393
f 7544 7545 7392
f 7393 7546 7394
f 7545 7546 7393
f 7394 7547 7395
f 7546 7547 7394
f 7396 7395 7547
f 7396 7547 7548
f 7550 7549 7397
f 7550 7397 7398
f 7358 7397 7510
f 7510 7397 7549
f 7548 7551 7396
f 7396 7551 7399
f 7400 7399 7551
f 7400 7551 7552
f 7401 7550 7398
f 7401 7553 7550
f 7552 7402 7400
f 7554 7402 7552
f 7403 7553 7401
f 7403 7555 7553
f 7554 7404 7402
f 7556 7404 7554
f 7405 7555 7403
f 7405 7557 7555
f 7556 7406 7404
f 7558 7406 7556
f 7407 7557 7405
f 7407 7559 7557
f 7558 7408 7406
f 7560 7408 7558
f 7409 7559 7407
f 7409 7561 7559
f 7560 7410 7408
f 7562 7410 7560
f 7411 7561 7409
f 7411 7563 7561
f 7562 7412 7410
f 7564 7412 7562
f 7413 7563 7411
f 7413 7565 7563
f 7564 7414 7412
f 7566 7414 7564
f 7415 7565 7413
f 7415 7567 7565
f 7566 7416 7414
f 7568 7416 7566
f 7417 7567 7415
f 7417 7569 7567
f 7568 7418 7416
f 7570 7418 7568
f 7419 7569 7417
f 7419 7571 7569
f 7570 7420 7418
f 7572 7420 7570
f 7421 7571 7419
f 7421 7573 7571
f 7572 7422 7420
f 7574 7422 7572
f 7423 7573 7421
f 7423 7575 7573
f 7574 7424 7422
f 7576 7424 7574
f 7425 7575 7423
f 7425 7577 7575
f 7576 7426 7424
f 7578 7426 7576
f 7427 7577 7425
f 7427 7579 7577
f 7578 7428 7426
f 7580 7428 7578
f 7429 7579 7427
f 7429 7581 7579
f 7580 7430 7428
f 7582 7430 7580
f 7431 7581 7429
f 7431 7583 7581
f 7582 7432 7430
f 7584 7432 7582
f 7433 7583 7431
f 7433 7585 7583
f 7584 7434 7432
f 7586 7434 7584
f 7435 7585 7433
f 7435 7587 7585
f 7586 7436 7434
f 7588 7436 7586
f 7437 7587 7435
f 7437 7589 7587
f 7588 7438 7436
f 7590 7438 7588
f 7439 7589 7437
f 7439 7591 7589
f 7590 7440 7438
f 7592 7440 7590
f 7441 7591 7439
f 7441 7593 7591
f 7592 7442 7440
f 7594 7442 7592
f 7443 7593 7441
f 7443 7595 7593
f 7594 7444 7442
f 7596 7444 7594
f 7445 7595 7443
f 7445 7597 7595
f 7596 7446 7444
f 7598 7446 7596
f 7447 7597 7445
f 7447 7599 7597
f 7598 7448 7446
f 7600 7448 7598
f 7449 7599 7447
f 7449 7601 7599
f 7600 7450 7448
f 7602 7450 7600
f 7451 7601 7449
f 7451 7603 7601
f 7602 7452 7450
f 7604 7452 7602
f 7453 7603 7451
f 7453 7605 7603
f 7604 7454 7452
f 7606 7454 7604
f 7455 7605 7453
f 7455 7607 7605
f 7606 7456 7454
f 7608 7456 7606
f 7457 7607 7455
f 7457 7609 7607
f 7608 7458 7456
f 7610 7458 7608
f 7459 7609 7457
f 7459 7611 7609
f 7610 7460 7458
f 7612 7460 7610
f 7461 7611 7459
f 7461 7613 7611
f 7612 7462 7460
f 7614 7462 7612
f 7463 7613 7461
f 7463 7615 7613
f 7614 7464 7462
f 7616 7464 7614
f 7465 7615 7463
f 7465 7617 7615
f 7616 7466 7464
f 7618 7466 7616
f 7619 7617 7465
f 7619 7465 7467
f 7467 7468 7619
f 7619 7468 7620
f 7622 7621 7470
f 7470 7621 7469
f 7470 7466 7618
f 7470 7618 7622
f 7623 7620 7468
f 7623 7468 7471
f 7624 7471 7472
f 7624 7623 7471
f 7625 7472 7473
f 7625 7624 7472
f 7626 7473 7474
f 7626 7625 7473
f 7627 7474 7475
f 7627 7626 7474
f 7628 7475 7476
f 7628 7627 7475
f 7629 7476 7477
f 7629 7628 7476
f 7630 7477 7478
f 7630 7629 7477
f 7631 7478 7479
f 7631 7630 7478
f 7632 7479 7480
f 7632 7631 7479
f 7633 7480 7481
f 7633 7632 7480
f 7634 7481 7482
f 7634 7633 7481
f 7635 7482 7483
f 7635 7634 7482
f 7636 7483 7484
f 7636 7635 7483
f 7637 7484 7485
f 7637 7636 7484
f 7638 7485 7486
f 7638 7637 7485
f 7639 7486 7487
f 7639 7638 7486
f 7640 7487 7488
f 7640 7639 7487
f 7641 7488 7489
f 7641 7640 7488
f 7642 7489 7490
f 7642 7641 7489
f 7643 7490 7491
f 7643 7642 7490
f 7644 7491 7492
f 7644 7643 7491
f 7645 7492 7493
f 7645 7644 7492
f 7646 7493 7494
f 7646 7645 7493
f 7647 7494 7495
f 7647 7646 7494
f 7648 7495 7496
f 7648 7647 7495
f 7649 7496 7497
f 7649 7648 7496
f 7650 7497 7498
f 7650 7649 7497
f 7651 7498 7499
f 7651 7650 7498
f 7652 7499 7500
f 7652 7651 7499
f 7653 7500 7501
f 7653 7652 7500
f 7654 7501 7502
f 7654 7653 7501
f 7655 7502 7503
f 7655 7654 7502
f 7656 7503 7504
f 7656 7655 7503
f 7657 7504 7505
f 7657 7656 7504
f 7658 7505 7506
f 7658 7657 7505
f 7659 7506 7507
f 7659 7658 7506
f 7660 7507 7508
f 7660 7659 7507
f 7508 7469 7621
f 7508 7621 7660
f 7662 7661 7509
f 7662 7509 7510
f 7509 7663 7511
f 7661 7663 7509
f 7511 7664 7512
f 7663 7664 7511
f 7512 7665 7513
f 7664 7665 7512
f 7513 7666 7514
f 7665 7666 7513
f 7514 7667 7515
f 7666 7667 7514
f 7515 7668 7516
f 7667 7668 7515
f 7516 7669 7517
f 7668 7669 7516
f 7517 7670 7518
f 7669 7670 7517
f 7518 7671 7519
f 7670 7671 7518
f 7519 7672 7520
f 7671 7672 7519
f 7520 7673 7521
f 7672 7673 7520
f 7521 7674 7522
f 7673 7674 7521
f 7522 7675 7523
f 7674 7675 7522
f 7523 7676 7524
f 7675 7676 7523
f 7524 7677 7525
f 7676 7677 7524
f 7525 7678 7526
f 7677 7678 7525
f 7526 7679 7527
f 7678 7679 7526
f 7527 7680 7528
f 7679 7680 7527
f 7528 7681 7529
f 7680 7681 7528
f 7529 7682 7530
f 7681 7682 7529
f 7530 7683 7531
f 7682 7683 7530
f 7531 7684 7532
f 7683 7684 7531
f 7532 7685 7533
f 7684 7685 7532
f 7533 7686 7534
f 7685 7686 7533
f 7534 7687 7535
f 7686 7687 7534
f 7535 7688 7536
f 7687 7688 7535
f 7536 7689 7537
f 7688 7689 7536
f 7537 7690 7538
f 7689 7690 7537
f 7538 7691 7539
f 7690 7691 7538
f 7539 7692 7540
f 7691 7692 7539
f 7540 7693 7541
f 7692 7693 7540
f 7541 7694 7542
f 7693 7694 7541
f 7542 7695 7543
f 7694 7695 7542
f 7543 7696 7544
f 7695 7696 7543
f 7544 7697 7545
f 7696 7697 7544
f 7545 7698 7546
f 7697 7698 7545
f 7546 7699 7547
f 7698 7699 7546
f 7548 7547 7699
f 7548 7699 7700
f 7702 7701 7549
f 7702 7549 7550
f 7510 7549 7662
f 7662 7549 7701
f 7700 7703 7548
f 7548 7703 7551
f 7552 7551 7703
f 7552 7703 7704
f 7553 7702 7550
f 7553 7705 7702
f 7704 7554 7552
f 7706 7554 7704
f 7555 7705 7553
f 7555 7707 7705
f 7706 7556 7554
f 7708 7556 7706
f 7557 7707 7555
f 7557 7709 7707
f 7708 7558 7556
f 7710 7558 7708
f 7559 7709 7557
f 7559 7711 7709
f 7710 7560 7558
f 7712 7560 7710
f 7561 7711 7559
f 7561 7713 7711
f 7712 7562 7560
f 7714 7562 7712
f 7563 7713 7561
f 7563 7715 7713
f 7714 7564 7562
f 7716 7564 7714
f 7565 7715 7563
f 7565 7717 7715
f 7716 7566 7564
f 7718 7566 7716
f 7567 7717 7565
f 7567 7719 7717
f 7718 7568 7566
f 7720 7568 7718
f 7569 7719 7567
f 7569 7721 7719
f 7720 7570 7568
f 7722 7570 7720
f 7571 7721 7569
f 7571 7723 7721
f 7722 7572 7570
f 7724 7572 7722
f 7573 7723 7571
f 7573 7725 7723
f 7724 7574 7572
f 7726 7574 7724
f 7575 7725 7573
f 7575 7727 7725
f 7726 7576 7574
f 7728 7576 7726
f 7577 7727 7575
f 7577 7729 7727
f 7728 7578 7576
f 7730 7578 7728
f 7579 7729 7577
f 7579 7731 7729
f 7730 7580 7578
f 7732 7580 7730
f 7581 7731 7579
f 7581 7733 7731
f 7732 7582 7580
f 7734 7582 7732
f 7583 7733 7581
f 7583 7735 7733
f 7734 7584 7582
f 7736 7584 7734
f 7585 7735 7583
f 7585 7737 7735
f 7736 7586 7584
f 7738 7586 7736
f 7587 7737 7585
f 7587 7739 7737
f 7738 7588 7586
f 7740 7588 7738
f 7589 7739 7587
f 7589 7741 7739
f 7740 7590 7588
f 7742 7590 7740
f 7591 7741 7589
f 7591 7743 7741
f 7742 7592 7590
f 7744 7592 7742
f 7593 7743 7591
f 7593 7745 7743
f 7744 7594 7592
f 7746 7594 7744
f 7595 7745 7593
f 7595 7747 7745
f 7746 7596 7594
f 7748 7596 7746
f 7597 7747 7595
f 7597 7749 7747
f 7748 7598 7596
f 7750 7598 7748
f 7599 7749 7597
f 7599 7751 7749
f 7750 7600 7598
f 7752 7600 7750
f 7601 7751 7599
f 7601 7753 7751
f 7752 7602 7600
f 7754 7602 7752
f 7603 7753 7601
f 7603 7755 7753
f 7754 7604 7602
f 7756 7604 7754
f 7605 7755 7603
f 7605 7757 7755
f 7756 7606 7604
f 7758 7606 7756
f 7607 7757 7605
f 7607 7759 7757
f 7758 7608 7606
f 7760 7608 7758
f 7609 7759 7607
f 7609 7761 7759
f 7760 7610 7608
f 7762 7610 7760
f 7611 7761 7609
f 7611 7763 7761
f 7762 7612 7610
f 7764 7612 7762
f 7613 7763 7611
f 7613 7765 7763
f 7764 7614 7612
f 7766 7614 7764
f 7615 7765 7613
f 7615 7767 7765
f 7766 7616 7614
f 7768 7616 7766
f 7617 7767 7615
f 7617 7769 7767
f 7768 7618 7616
f 7770 7618 7768
f 7771 7769 7617
f 7771 7617 7619
f 7619 7620 7771
f 7771 7620 7772
f 7774 7773 7622
f 7622 7773 7621
f 7622 7618 7770
f 7622 7770 7774
f 7775 7772 7620
f 7775 7620 7623
f 7776 7623 7624
f 7776 7775 7623
f 7777 7624 7625
f 7777 7776 7624
f 7778 7625 7626
f 7778 7777 7625
f 7779 7626 7627
f 7779 7778 7626
f 7780 7627 7628
f 7780 7779 7627
f 7781 7628 7629
f 7781 7780 7628
f 7782 7629 7630
f 7782 7781 7629
f 7783 7630 7631
f 7783 7782 7630
f 7784 7631 7632
f 7784 7783 7631
f 7785 7632 7633
f 7785 7784 7632
f 7786 7633 7634
f 7786 7785 7633
f 7787 7634 7635
f 7787 7786 7634
f 7788 7635 7636
f 7788 7787 7635
f 7789 7636 7637
f 7789 7788 7636
f 7790 7637 7638
f 7790 7789 7637
f 7791 7638 7639
f 7791 7790 7638
f 7792 7639 7640
f 7792 7791 7639
f 7793 7640 7641
f 7793 7792 7640
f 7794 7641 7642
f 7794 7793 7641
f 7795 7642 7643
f 7795 7794 7642
f 7796 7643 7644
f 7796 7795 7643
f 7797 7644 7645
f 7797 7796 7644
f 7798 7645 7646
f 7798 7797 7645
f 7799 7646 7647
f 7799 7798 7646
f 7800 7647 7648
f 7800 7799 7647
f 7801 7648 7649
f 7801 7800 7648
f 7802 7649 7650
f 7802 7801 7649
f 7803 7650 7651
f 7803 7802 7650
f 7804 7651 7652
f 7804 7803 7651
f 7805 7652 7653
f 7805 7804 7652
f 7806 7653 7654
f 7806 7805 7653
f 7807 7654 7655
f 7807 7806 7654
f 7808 7655 7656
f 7808 7807 7655
f 7809 7656 7657
f 7809 7808 7656
f 7810 7657 7658
f 7810 7809 7657
f 7811 7658 7659
f 7811 7810 7658
f 7812 7659 7660
f 7812 7811 7659
f 7660 7621 7773
f 7660 7773 7812
f 7814 7813 7661
f 7814 7661 7662
f 7661 7815 7663
f 7813 7815 7661
f 7663 7816 7664
f 7815 7816 7663
f 7664 7817 7665
f 7816 7817 7664
f 7665 7818 7666
f 7817 7818 7665
f 7666 7819 7667
f 7818 7819 7666
f 7667 7820 7668
f 7819 7820 7667
f 7668 7821 7669
f 7820 7821 7668
f 7669 7822 7670
f 7821 7822 7669
f 7670 7823 7671
f 7822 7823 7670
f 7671 7824 7672
f 7823 7824 7671
f 7672 7825 7673
f 7824 7825 7672
f 7673 7826 7674
f 7825 7826 7673
f 7674 7827 7675
f 7826 7827 7674
f 7675 7828 7676
f 7827 7828 7675
f 7676 7829 7677
f 7828 7829 7676
f 7677 7830 7678
f 7829 7830 7677
f 7678 7831 7679
f 7830 7831 7678
f 7679 7832 7680
f 7831 7832 7679
f 7680 7833 7681
f 7832 7833 7680
f 7681 7834 7682
f 7833 7834 7681
f 7682 7835 7683
f 7834 7835 7682
f 7683 7836 7684
f 7835 7836 7683
f 7684 7837 7685
f 7836 7837 7684
f 7685 7838 7686
f 7837 7838 7685
f 7686 7839 7687
f 7838 7839 7686
f 7687 7840 7688
f 7839 7840 7687
f 7688 7841 7689
f 7840 7841 7688
f 7689 7842 7690
f 7841 7842 7689
f 7690 7843 7691
f 7842 7843 7690
f 7691 7844 7692
f 7843 7844 7691
f 7692 7845 7693
f 7844 7845 7692
f 7693 7846 7694
f 7845 7846 7693
f 7694 7847 7695
f 7846 7847 7694
f 7695 7848 7696
f 7847 7848 7695
f 7696 7849 7697
f 7848 7849 7696
f 7697 7850 7698
f 7849 7850 7697
f 7698 7851 7699
f 7850 7851 7698
f 7700 7699 7851
f 7700 7851 7852
f 7854 7853 7701
f 7854 7701 7702
f 7662 7701 7814
f 7814 7701 7853
f 7852 7855 7700
f 7700 7855 7703
f 7704 7703 7855
f 7704 7855 7856
f 7705 7854 7702
f 7705 7857 7854
f 7856 7706 7704
f 7858 7706 7856
f 7707 7857 7705
f 7707 7859 7857
f 7858 7708 7706
f 7860 7708 7858
f 7709 7859 7707
f 7709 7861 7859
f 7860 7710 7708
f 7862 7710 7860
f 7711 7861 7709
f 7711 7863 7861
f 7862 7712 7710
f 7864 7712 7862
f 7713 7863 7711
f 7713 7865 7863
f 7864 7714 7712
f 7866 7714 7864
f 7715 7865 7713
f 7715 7867 7865
f 7866 7716 7714
f 7868 7716 7866
f 7717 7867 7715
f 7717 7869 7867
f 7868 7718 7716
f 7870 7718 7868
f 7719 7869 7717
f 7719 7871 7869
f 7870 7720 7718
f 7872 7720 7870
f 7721 7871 7719
f 7721 7873 7871
f 7872 7722 7720
f 7874 7722 7872
f 7723 7873 7721
f 7723 7875 7873
f 7874 7724 7722
f 7876 7724 7874
f 7725 7875 7723
f 7725 7877 7875
f 7876 7726 7724
f 7878 7726 7876
f 7727 7877 7725
f 7727 7879 7877
f 7878 7728 7726
f 7880 7728 7878
f 7729 7879 7727
f 7729 7881 7879
f 7880 7730 7728
f 7882 7730 7880
f 7731 7881 7729
f 7731 7883 7881
f 7882 7732 7730
f 7884 7732 7882
f 7733 7883 7731
f 7733 7885 7883
f 7884 7734 7732
f 7886 7734 7884
f 7735 7885 7733
f 7735 7887 7885
f 7886 7736 7734
f 7888 7736 7886
f 7737 7887 7735
f 7737 7889 7887
f 7888 7738 7736
f 7890 7738 7888
f 7739 7889 7737
f 7739 7891 7889
f 7890 7740 7738
f 7892 7740 7890
f 7741 7891 7739
f 7741 7893 7891
f 7892 7742 7740
f 7894 7742 7892
f 7743 7893 7741
f 7743 7895 7893
f 7894 7744 7742
f 7896 7744 7894
f 7745 7895 7743
f 7745 7897 7895
f 7896 7746 7744
f 7898 7746 7896
f 7747 7897 7745
f 7747 7899 7897
f 7898 7748 7746
f 7900 7748 7898
f 7749 7899 7747
f 7749 7901 7899
f 7900 7750 7748
f 7902 7750 7900
f 7751 7901 7749
f 7751 7903 7901
f 7902 7752 7750
f 7904 7752 7902
f 7753 7903 7751
f 7753 7905 7903
f 7904 7754 7752
f 7906 7754 7904
f 7755 7905 7753
f 7755 7907 7905
f 7906 7756 7754
f 7908 7756 7906
f 7757 7907 7755
f 7757 7909 7907
f 7908 7758 7756
f 7910 7758 7908
f 7759 7909 7757
f 7759 7911 7909
f 7910 7760 7758
f 7912 7760 7910
f 7761 7911 7759
f 7761 7913 7911
f 7912 7762 7760
f 7914 7762 7912
f 7763 7913 7761
f 7763 7915 7913
f 7914 7764 7762
f 7916 7764 7914
f 7765 7915 7763
f 7765 7917 7915
f 7916 7766 7764
f 7918 7766 7916
f 7767 7917 7765
f 7767 7919 7917
f 7918 7768 7766
f 7920 7768 7918
f 7769 7919 7767
f 7769 7921 7919
f 7920 7770 7768
f 7922 7770 7920
f 7923 7921 7769
f 7923 7769 7771
f 7771 7772 7923
f 7923 7772 7924
f 7926 7925 7774
f 7774 7925 7773
f 7774 7770 7922
f 7774 7922 7926
f 7927 7924 7772
f 7927 7772 7775
f 7928 7775 7776
f 7928 7927 7775
f 7929 7776 7777
f 7929 7928 7776
f 7930 7777 7778
f 7930 7929 7777
f 7931 7778 7779
f 7931 7930 7778
f 7932 7779 7780
f 7932 7931 7779
f 7933 7780 7781
f 7933 7932 7780
f 7934 7781 7782
f 7934 7933 7781
f 7935 7782 7783
f 7935 7934 7782
f 7936 7783 7784
f 7936 7935 7783
f 7937 7784 7785
f 7937 7936 7784
f 7938 7785 7786
f 7938 7937 7785
f 7939 7786 7787
f 7939 7938 7786
f 7940 7787 7788
f 7940 7939 7787
f 7941 7788 7789
f 7941 7940 7788
f 7942 7789 7790
f 7942 7941 7789
f 7943 7790 7791
f 7943 7942 7790
f 7944 7791 7792
f 7944 7943 7791
f 7945 7792 7793
f 7945 7944 7792
f 7946 7793 7794
f 7946 7945 7793
f 7947 7794 7795
f 7947 7946 7794
f 7948 7795 7796
f 7948 7947 7795
f 7949 7796 7797
f 7949 7948 7796
f 7950 7797 7798
f 7950 7949 7797
f 7951 7798 7799
f 7951 7950 7798
f 7952 7799 7800
f 7952 7951 7799
f 7953 7800 7801
f 7953 7952 7800
f 7954 7801 7802
f 7954 7953 7801
f 7955 7802 7803
f 7955 7954 7802
f 7956 7803 7804
f 7956 7955 7803
f 7957 7804 7805
f 7957 7956 7804
f 7958 7805 7806
f 7958 7957 7805
f 7959 7806 7807
f 7959 7958 7806
f 7960 7807 7808
f 7960 7959 7807
f 7961 7808 7809
f 7961 7960 7808
f 7962 7809 7810
f 7962 7961 7809
f 7963 7810 7811
f 7963 7962 7810
f 7964 7811 7812
f 7964 7963 7811
f 7812 7773 7925
f 7812 7925 7964
f 7966 7965 7813
f 7966 7813 7814
f 7813 7967 7815
f 7965 7967 7813
f 7815 7968 7816
f 7967 7968 7815
f 7816 7969 7817
f 7968 7969 7816
f 7817 7970 7818
f 7969 7970 7817
f 7818 7971 7819
f 7970 7971 7818
f 7819 7972 7820
f 7971 7972 7819
f 7820 7973 7821
f 7972 7973 7820
f 7821 7974 7822
f 7973 7974 7821
f 7822 7975 7823
f 7974 7975 7822
f 7823 7976 7824
f 7975 7976 7823
f 7824 7977 7825
f 7976 7977 7824
f 7825 7978 7826
f 7977 7978 7825
f 7826 7979 7827
f 7978 7979 7826
f 7827 7980 7828
f 7979 7980 7827
f 7828 7981 7829
f 7980 7981 7828
f 7829 7982 7830
f 7981 7982 7829
f 7830 7983 7831
f 7982 7983 7830
f 7831 7984 7832
f 7983 7984 7831
f 7832 7985 7833
f 7984 7985 7832
f 7833 7986 7834
f 7985 7986 7833
f 7834 7987 7835
f 7986 7987 7834
f 7835 7988 7836
f 7987 7988 7835
f 7836 7989 7837
f 7988 7989 7836
f 7837 7990 7838
f 7989 7990 7837
f 7838 7991 7839
f 7990 7991 7838
f 7839 7992 7840
f 7991 7992 7839
f 7840 7993 7841
f 7992 7993 7840
f 7841 7994 7842
f 7993 7994 7841
f 7842 7995 7843
f 7994 7995 7842
f 7843 7996 7844
f 7995 7996 7843
f 7844 7997 7845
f 7996 7997 7844
f 7845 7998 7846
f 7997 7998 7845
f 7846 7999 7847
f 7998 7999 7846
f 7847 8000 7848
f 7999 8000 7847
f 7848 8001 7849
f 8000 8001 7848
f 7849 8002 7850
f 8001 8002 7849
f 7850 8003 7851
f 8002 8003 7850
f 7852 7851 8003
f 7852 8003 8004
f 8006 8005 7853
f 8006 7853 7854
f 7814 7853 7966
f 7966 7853 8005
f 8004 8007 7852
f 7852 8007 7855
f 7856 7855 8007
f 7856 8007 8008
f 7857 8006 7854
f 7857 8009 8006
f 8008 7858 7856
f 8010 7858 8008
f 7859 8009 7857
f 7859 8011 8009
f 8010 7860 7858
f 8012 7860 8010
f 7861 8011 7859
f 7861 8013 8011
f 8012 7862 7860
f 8014 7862 8012
f 7863 8013 7861
f 7863 8015 8013
f 8014 7864 7862
f 8016 7864 8014
f 7865 8015 7863
f 7865 8017 8015
f 8016 7866 7864
f 8018 7866 8016
f 7867 8017 7865
f 7867 8019 8017
f 8018 7868 7866
f 8020 7868 8018
f 7869 8019 7867
f 7869 8021 8019
f 8020 7870 7868
f 8022 7870 8020
f 7871 8021 7869
f 7871 8023 8021
f 8022 7872 7870
f 8024 7872 8022
f 7873 8023 7871
f 7873 8025 8023
f 8024 7874 7872
f 8026 7874 8024
f 7875 8025 7873
f 7875 8027 8025
f 8026 7876 7874
f 8028 7876 8026
f 7877 8027 7875
f 7877 8029 8027
f 8028 7878 7876
f 8030 7878 8028
f 7879 8029 7877
f 7879 8031 8029
f 8030 7880 7878
f 8032 7880 8030
f 7881 8031 7879
f 7881 8033 8031
f 8032 7882 7880
f 8034 7882 8032
f 7883 8033 7881
f 7883 8035 8033
f 8034 7884 7882
f 8036 7884 8034
f 7885 8035 7883
f 7885 8037 8035
f 8036 7886 7884
f 8038 7886 8036
f 7887 8037 7885
f 7887 8039 8037
f 8038 7888 7886
f 8040 7888 8038
f 7889 8039 7887
f 7889 8041 8039
f 8040 7890 7888
f 8042 7890 8040
f 7891 8041 7889
f 7891 8043 8041
f 8042 7892 7890
f 8044 7892 8042
f 7893 8043 7891
f 7893 8045 8043
f 8044 7894 7892
f 8046 7894 8044
f 7895 8045 7893
f 7895 8047 8045
f 8046 7896 7894
f 8048 7896 8046
f 7897 8047 7895
f 7897 8049 8047
f 8048 7898 7896
f 8050 7898 8048
f 7899 8049 7897
f 7899 8051 8049
f 8050 7900 7898
f 8052 7900 8050
f 7901 8051 7899
f 7901 8053 8051
f 8052 7902 7900
f 8054 7902 8052
f 7903 8053 7901
f 7903 8055 8053
f 8054 7904 7902
f 8056 7904 8054
f 7905 8055 7903
f 7905 8057 8055
f 8056 7906 7904
f 8058 7906 8056
f 7907 8057 7905
f 7907 8059 8057
f 8058 7908 7906
f 8060 7908 8058
f 7909 8059 7907
f 7909 8061 8059
f 8060 7910 7908
f 8062 7910 8060
f 7911 8061 7909
f 7911 8063 8061
f 8062 7912 7910
f 8064 7912 8062
f 7913 8063 7911
f 7913 8065 8063
f 8064 7914 7912
f 8066 7914 8064
f 7915 8065 7913
f 7915 8067 8065
f 8066 7916 7914
f 8068 7916 8066
f 7917 8067 7915
f 7917 8069 8067
f 8068 7918 7916
f 8070 7918 8068
f 7919 8069 7917
f 7919 8071 8069
f 8070 7920 7918
f 8072 7920 8070
f 7921 8071 7919
f 7921 8073 8071
f 8072 7922 7920
f 8074 7922 8072
f 8075 8073 7921
f 8075 7921 7923
f 7923 7924 8075
f 8075 7924 8076
f 8078 8077 7926
f 7926 8077 7925
f 7926 7922 8074
f 7926 8074 8078
f 8079 8076 7924
f 8079 7924 7927
f 8080 7927 7928
f 8080 8079 7927
f 8081 7928 7929
f 8081 8080 7928
f 8082 7929 7930
f 8082 8081 7929
f 8083 7930 7931
f 8083 8082 7930
f 8084 7931 7932
f 8084 8083 7931
f 8085 7932 7933
f 8085 8084 7932
f 8086 7933 7934
f 8086 8085 7933
f 8087 7934 7935
f 8087 8086 7934
f 8088 7935 7936
f 8088 8087 7935
f 8089 7936 7937
f 8089 8088 7936
f 8090 7937 7938
f 8090 8089 7937
f 8091 7938 7939
f 8091 8090 7938
f 8092 7939 7940
f 8092 8091 7939
f 8093 7940 7941
f 8093 8092 7940
f 8094 7941 7942
f 8094 8093 7941
f 8095 7942 7943
f 8095 8094 7942
f 8096 7943 7944
f 8096 8095 7943
f 8097 7944 7945
f 8097 8096 7944
f 8098 7945 7946
f 8098 8097 7945
f 8099 7946 7947
f 8099 8098 7946
f 8100 7947 7948
f 8100 8099 7947
f 8101 7948 7949
f 8101 8100 7948
f 8102 7949 7950
f 8102 8101 7949
f 8103 7950 7951
f 8103 8102 7950
f 8104 7951 7952
f 8104 8103 7951
f 8105 7952 7953
f 8105 8104 7952
f 8106 7953 7954
f 8106 8105 7953
f 8107 7954 7955
f 8107 8106 7954
f 8108 7955 7956
f 8108 8107 7955
f 8109 7956 7957
f 8109 8108 7956
f 8110 7957 7958
f 8110 8109 7957
f 8111 7958 7959
f 8111 8110 7958
f 8112 7959 7960
f 8112 8111 7959
f 8113 7960 7961
f 8113 8112 7960
f 8114 7961 7962
f 8114 8113 7961
f 8115 7962 7963
f 8115 8114 7962
f 8116 7963 7964
f 8116 8115 7963
f 7964 7925 8077
f 7964 8077 8116
f 8118 8117 7965
f 8118 7965 7966
f 7965 8119 7967
f 8117 8119 7965
f 7967 8120 7968
f 8119 8120 7967
f 7968 8121 7969
f 8120 8121 7968
f 7969 8122 7970
f 8121 8122 7969
f 7970 8123 7971
f 8122 8123 7970
f 7971 8124 7972
f 8123 8124 7971
f 7972 8125 7973
f 8124 8125 7972
f 7973 8126 7974
f 8125 8126 7973
f 7974 8127 7975
f 8126 8127 7974
f 7975 8128 7976
f 8127 8128 7975
f 7976 8129 7977
f 8128 8129 7976
f 7977 8130 7978
f 8129 8130 7977
f 7978 8131 7979
f 8130 8131 7978
f 7979 8132 7980
f 8131 8132 7979
f 7980 8133 7981
f 8132 8133 7980
f 7981 8134 7982
f 8133 8134 7981
f 7982 8135 7983
f 8134 8135 7982
f 7983 8136 7984
f 8135 8136 7983
f 7984 8137 7985
f 8136 8137 7984
f 7985 8138 7986
f 8137 8138 7985
f 7986 8139 7987
f 8138 8139 7986
f 7987 8140 7988
f 8139 8140 7987
f 7988 8141 7989
f 8140 8141 7988
f 7989 8142 7990
f 8141 8142 7989
f 7990 8143 7991
f 8142 8143 7990
f 7991 8144 7992
f 8143 8144 7991
f 7992 8145 7993
f 8144 8145 7992
f 7993 8146 7994
f 8145 8146 7993
f 7994 8147 7995
f 8146 8147 7994
f 7995 8148 7996
f 8147 8148 7995
f 7996 8149 7997
f 8148 8149 7996
f 7997 8150 7998
f 8149 8150 7997
f 7998 8151 7999
f 8150 8151 7998
f 7999 8152 8000
f 8151 8152 7999
f 8000 8153 8001
f 8152 8153 8000
f 8001 8154 8002
f 8153 8154 8001
f 8002 8155 8003
f 8154 8155 8002
f 8004 8003 8155
f 8004 8155 8156
f 8158 8157 8005
f 8158 8005 8006
f 7966 8005 8118
f 8118 8005 8157
f 8156 8159 8004
f 8004 8159 8007
f 8008 8007 8159
f 8008 8159 8160
f 8009 8158 8006
f 8009 8161 8158
f 8160 8010 8008
f 8162 8010 8160
f 8011 8161 8009
f 8011 8163 8161
f 8162 8012 8010
f 8164 8012 8162
f 8013 8163 8011
f 8013 8165 8163
f 8164 8014 8012
f 8166 8014 8164
f 8015 8165 8013
f 8015 8167 8165
f 8166 8016 8014
f 8168 8016 8166
f 8017 8167 8015
f 8017 8169 8167
f 8168 8018 8016
f 8170 8018 8168
f 8019 8169 8017
f 8019 8171 8169
f 8170 8020 8018
f 8172 8020 8170
f 8021 8171 8019
f 8021 8173 8171
f 8172 8022 8020
f 8174 8022 8172
f 8023 8173 8021
f 8023 8175 8173
f 8174 8024 8022
f 8176 8024 8174
f 8025 8175 8023
f 8025 8177 8175
f 8176 8026 8024
f 8178 8026 8176
f 8027 8177 8025
f 8027 8179 8177
f 8178 8028 8026
f 8180 8028 8178
f 8029 8179 8027
f 8029 8181 8179
f 8180 8030 8028
f 8182 8030 8180
f 8031 8181 8029
f 8031 8183 8181
f 8182 8032 8030
f 8184 8032 8182
f 8033 8183 8031
f 8033 8185 8183
f 8184 8034 8032
f 8186 8034 8184
f 8035 8185 8033
f 8035 8187 8185
f 8186 8036 8034
f 8188 8036 8186
f 8037 8187 8035
f 8037 8189 8187
f 8188 8038 8036
f 8190 8038 8188
f 8039 8189 8037
f 8039 8191 8189
f 8190 8040 8038
f 8192 8040 8190
f 8041 8191 8039
f 8041 8193 8191
f 8192 8042 8040
f 8194 8042 8192
f 8043 8193 8041
f 8043 8195 8193
f 8194 8044 8042
f 8196 8044 8194
f 8045 8195 8043
f 8045 8197 8195
f 8196 8046 8044
f 8198 8046 8196
f 8047 8197 8045
f 8047 8199 8197
f 8198 8048 8046
f 8200 8048 8198
f 8049 8199 8047
f 8049 8201 8199
f 8200 8050 8048
f 8202 8050 8200
f 8051 8201 8049
f 8051 8203 8201
f 8202 8052 8050
f 8204 8052 8202
f 8053 8203 8051
f 8053 8205 8203
f 8204 8054 8052
f 8206 8054 8204
f 8055 8205 8053
f 8055 8207 8205
f 8206 8056 8054
f 8208 8056 8206
f 8057 8207 8055
f 8057 8209 8207
f 8208 8058 8056
f 8210 8058 8208
f 8059 8209 8057
f 8059 8211 8209
f 8210 8060 8058
f 8212 8060 8210
f 8061 8211 8059
f 8061 8213 8211
f 8212 8062 8060
f 8214 8062 8212
f 8063 8213 8061
f 8063 8215 8213
f 8214 8064 8062
f 8216 8064 8214
f 8065 8215 8063
f 8065 8217 8215
f 8216 8066 8064
f 8218 8066 8216
f 8067 8217 8065
f 8067 8219 8217
f 8218 8068 8066
f 8220 8068 8218
f 8069 8219 8067
f 8069 8221 8219
f 8220 8070 8068
f 8222 8070 8220
f 8071 8221 8069
f 8071 8223 8221
f 8222 8072 8070
f 8224 8072 8222
f 8073 8223 8071
f 8073 8225 8223
f 8224 8074 8072
f 8226 8074 8224
f 8227 8225 8073
f 8227 8073 8075
f 8075 8076 8227
f 8227 8076 8228
f 8230 8229 8078
f 8078 8229 8077
f 8078 8074 8226
f 8078 8226 8230
f 8231 8228 8076
f 8231 8076 8079
f 8232 8079 8080
f 8232 8231 8079
f 8233 8080 8081
f 8233 8232 8080
f 8234 8081 8082
f 8234 8233 8081
f 8235 8082 8083
f 8235 8234 8082
f 8236 8083 8084
f 8236 8235 8083
f 8237 8084 8085
f 8237 8236 8084
f 8238 8085 8086
f 8238 8237 8085
f 8239 8086 8087
f 8239 8238 8086
f 8240 8087 8088
f 8240 8239 8087
f 8241 8088 8089
f 8241 8240 8088
f 8242 8089 8090
f 8242 8241 8089
f 8243 8090 8091
f 8243 8242 8090
f 8244 8091 8092
f 8244 8243 8091
f 8245 8092 8093
f 8245 8244 8092
f 8246 8093 8094
f 8246 8245 8093
f 8247 8094 8095
f 8247 8246 8094
f 8248 8095 8096
f 8248 8247 8095
f 8249 8096 8097
f 8249 8248 8096
f 8250 8097 8098
f 8250 8249 8097
f 8251 8098 8099
f 8251 8250 8098
f 8252 8099 8100
f 8252 8251 8099
f 8253 8100 8101
f 8253 8252 8100
f 8254 8101 8102
f 8254 8253 8101
f 8255 8102 8103
f 8255 8254 8102
f 8256 8103 8104
f 8256 8255 8103
f 8257 8104 8105
f 8257 8256 8104
f 8258 8105 8106
f 8258 8257 8105
f 8259 8106 8107
f 8259 8258 8106
f 8260 8107 8108
f 8260 8259 8107
f 8261 8108 8109
f 8261 8260 8108
f 8262 8109 8110
f 8262 8261 8109
f 8263 8110 8111
f 8263 8262 8110
f 8264 8111 8112
f 8264 8263 8111
f 8265 8112 8113
f 8265 8264 8112
f 8266 8113 8114
f 8266 8265 8113
f 8267 8114 8115
f 8267 8266 8114
f 8268 8115 8116
f 8268 8267 8115
f 8116 8077 8229
f 8116 8229 8268
f 8270 8269 8117
f 8270 8117 8118
f 8117 8271 8119
f 8269 8271 8117
f 8119 8272 8120
f 8271 8272 8119
f 8120 8273 8121
f 8272 8273 8120
f 8121 8274 8122
f 8273 8274 8121
f 8122 8275 8123
f 8274 8275 8122
f 8123 8276 8124
f 8275 8276 8123
f 8124 8277 8125
f 8276 8277 8124
f 8125 8278 8126
f 8277 8278 8125
f 8126 8279 8127
f 8278 8279 8126
f 8127 8280 8128
f 8279 8280 8127
f 8128 8281 8129
f 8280 8281 8128
f 8129 8282 8130
f 8281 8282 8129
f 8130 8283 8131
f 8282 8283 8130
f 8131 8284 8132
f 8283 8284 8131
f 8132 8285 8133
f 8284 8285 8132
f 8133 8286 8134
f 8285 8286 8133
f 8134 8287 8135
f 8286 8287 8134
f 8135 8288 8136
f 8287 8288 8135
f 8136 8289 8137
f 8288 8289 8136
f 8137 8290 8138
f 8289 8290 8137
f 8138 8291 8139
f 8290 8291 8138
f 8139 8292 8140
f 8291 8292 8139
f 8140 8293 8141
f 8292 8293 8140
f 8141 8294 8142
f 8293 8294 8141
f 8142 8295 8143
f 8294 8295 8142
f 8143 8296 8144
f 8295 8296 8143
f 8144 8297 8145
f 8296 8297 8144
f 8145 8298 8146
f 8297 8298 8145
f 8146 8299 8147
f 8298 8299 8146
f 8147 8300 8148
f 8299 8300 8147
f 8148 8301 8149
f 8300 8301 8148
f 8149 8302 8150
f 8301 8302 8149
f 8150 8303 8151
f 8302 8303 8150
f 8151 8304 8152
f 8303 8304 8151
f 8152 8305 8153
f 8304 8305 8152
f 8153 8306 8154
f 8305 8306 8153
f 8154 8307 8155
f 8306 8307 8154
f 8156 8155 8307
f 8156 8307 8308
f 8310 8309 8157
f 8310 8157 8158
f 8118 8157 8270
f 8270 8157 8309
f 8308 8311 8156
f 8156 8311 8159
f 8160 8159 8311
f 8160 8311 8312
f 8161 8310 8158
f 8161 8313 8310
f 8312 8162 8160
f 8314 8162 8312
f 8163 8313 8161
f 8163 8315 8313
f 8314 8164 8162
f 8316 8164 8314
f 8165 8315 8163
f 8165 8317 8315
f 8316 8166 8164
f 8318 8166 8316
f 8167 8317 8165
f 8167 8319 8317
f 8318 8168 8166
f 8320 8168 8318
f 8169 8319 8167
f 8169 8321 8319
f 8320 8170 8168
f 8322 8170 8320
f 8171 8321 8169
f 8171 8323 8321
f 8322 8172 8170
f 8324 8172 8322
f 8173 8323 8171
f 8173 8325 8323
f 8324 8174 8172
f 8326 8174 8324
f 8175 8325 8173
f 8175 8327 8325
f 8326 8176 8174
f 8328 8176 8326
f 8177 8327 8175
f 8177 8329 8327
f 8328 8178 8176
f 8330 8178 8328
f 8179 8329 8177
f 8179 8331 8329
f 8330 8180 8178
f 8332 8180 8330
f 8181 8331 8179
f 8181 8333 8331
f 8332 8182 8180
f 8334 8182 8332
f 8183 8333 8181
f 8183 8335 8333
f 8334 8184 8182
f 8336 8184 8334
f 8185 8335 8183
f 8185 8337 8335
f 8336 8186 8184
f 8338 8186 8336
f 8187 8337 8185
f 8187 8339 8337
f 8338 8188 8186
f 8340 8188 8338
f 8189 8339 8187
f 8189 8341 8339
f 8340 8190 8188
f 8342 8190 8340
f 8191 8341 8189
f 8191 8343 8341
f 8342 8192 8190
f 8344 8192 8342
f 8193 8343 8191
f 8193 8345 8343
f 8344 8194 8192
f 8346 8194 8344
f 8195 8345 8193
f 8195 8347 8345
f 8346 8196 8194
f 8348 8196 8346
f 8197 8347 8195
f 8197 8349 8347
f 8348 8198 8196
f 8350 8198 8348
f 8199 8349 8197
f 8199 8351 8349
f 8350 8200 8198
f 8352 8200 8350
f 8201 8351 8199
f 8201 8353 8351
f 8352 8202 8200
f 8354 8202 8352
f 8203 8353 8201
f 8203 8355 8353
f 8354 8204 8202
f 8356 8204 8354
f 8205 8355 8203
f 8205 8357 8355
f 8356 8206 8204
f 8358 8206 8356
f 8207 8357 8205
f 8207 8359 8357
f 8358 8208 8206
f 8360 8208 8358
f 8209 8359 8207
f 8209 8361 8359
f 8360 8210 8208
f 8362 8210 8360
f 8211 8361 8209
f 8211 8363 8361
f 8362 8212 8210
f 8364 8212 8362
f 8213 8363 8211
f 8213 8365 8363
f 8364 8214 8212
f 8366 8214 8364
f 8215 8365 8213
f 8215 8367 8365
f 8366 8216 8214
f 8368 8216 8366
f 8217 8367 8215
f 8217 8369 8367
f 8368 8218 8216
f 8370 8218 8368
f 8219 8369 8217
f 8219 8371 8369
f 8370 8220 8218
f 8372 8220 8370
f 8221 8371 8219
f 8221 8373 8371
f 8372 8222 8220
f 8374 8222 8372
f 8223 8373 8221
f 8223 8375 8373
f 8374 8224 8222
f 8376 8224 8374
f 8225 8375 8223
f 8225 8377 8375
f 8376 8226 8224
f 8378 8226 8376
f 8379 8377 8225
f 8379 8225 8227
f 8227 8228 8379
f 8379 8228 8380
f 8382 8381 8230
f 8230 8381 8229
f 8230 8226 8378
f 8230 8378 8382
f 8383 8380 8228
f 8383 8228 8231
f 8384 8231 8232
f 8384 8383 8231
f 8385 8232 8233
f 8385 8384 8232
f 8386 8233 8234
f 8386 8385 8233
f 8387 8234 8235
f 8387 8386 8234
f 8388 8235 8236
f 8388 8387 8235
f 8389 8236 8237
f 8389 8388 8236
f 8390 8237 8238
f 8390 8389 8237
f 8391 8238 8239
f 8391 8390 8238
f 8392 8239 8240
f 8392 8391 8239
f 8393 8240 8241
f 8393 8392 8240
f 8394 8241 8242
f 8394 8393 8241
f 8395 8242 8243
f 8395 8394 8242
f 8396 8243 8244
f 8396 8395 8243
f 8397 8244 8245
f 8397 8396 8244
f 8398 8245 8246
f 8398 8397 8245
f 8399 8246 8247
f 8399 8398 8246
f 8400 8247 8248
f 8400 8399 8247
f 8401 8248 8249
f 8401 8400 8248
f 8402 8249 8250
f 8402 8401 8249
f 8403 8250 8251
f 8403 8402 8250
f 8404 8251 8252
f 8404 8403 8251
f 8405 8252 8253
f 8405 8404 8252
f 8406 8253 8254
f 8406 8405 8253
f 8407 8254 8255
f 8407 8406 8254
f 8408 8255 8256
f 8408 8407 8255
f 8409 8256 8257
f 8409 8408 8256
f 8410 8257 8258
f 8410 8409 8257
f 8411 8258 8259
f 8411 8410 8258
f 8412 8259 8260
f 8412 8411 8259
f 8413 8260 8261
f 8413 8412 8260
f 8414 8261 8262
f 8414 8413 8261
f 8415 8262 8263
f 8415 8414 8262
f 8416 8263 8264
f 8416 8415 8263
f 8417 8264 8265
f 8417 8416 8264
f 8418 8265 8266
f 8418 8417 8265
f 8419 8266 8267
f 8419 8418 8266
f 8420 8267 8268
f 8420 8419 8267
f 8268 8229 8381
f 8268 8381 8420
f 8422 8421 8269
f 8422 8269 8270
f 8269 8423 8271
f 8421 8423 8269
f 8271 8424 8272
f 8423 8424 8271
f 8272 8425 8273
f 8424 8425 8272
f 8273 8426 8274
f 8425 8426 8273
f 8274 8427 8275
f 8426 8427 8274
f 8275 8428 8276
f 8427 8428 8275
f 8276 8429 8277
f 8428 8429 8276
f 8277 8430 8278
f 8429 8430 8277
f 8278 8431 8279
f 8430 8431 8278
f 8279 8432 8280
f 8431 8432 8279
f 8280 8433 8281
f 8432 8433 8280
f 8281 8434 8282
f 8433 8434 8281
f 8282 8435 8283
f 8434 8435 8282
f 8283 8436 8284
f 8435 8436 8283
f 8284 8437 8285
f 8436 8437 8284
f 8285 8438 8286
f 8437 8438 8285
f 8286 8439 8287
f 8438 8439 8286
f 8287 8440 8288
f 8439 8440 8287
f 8288 8441 8289
f 8440 8441 8288
f 8289 8442 8290
f 8441 8442 8289
f 8290 8443 8291
f 8442 8443 8290
f 8291 8444 8292
f 8443 8444 8291
f 8292 8445 8293
f 8444 8445 8292
f 8293 8446 8294
f 8445 8446 8293
f 8294 8447 8295
f 8446 8447 8294
f 8295 8448 8296
f 8447 8448 8295
f 8296 8449 8297
f 8448 8449 8296
f 8297 8450 8298
f 8449 8450 8297
f 8298 8451 8299
f 8450 8451 8298
f 8299 8452 8300
f 8451 8452 8299
f 8300 8453 8301
f 8452 8453 8300
f 8301 8454 8302
f 8453 8454 8301
f 8302 8455 8303
f 8454 8455 8302
f 8303 8456 8304
f 8455 8456 8303
f 8304 8457 8305
f 8456 8457 8304
f 8305 8458 8306
f 8457 8458 8305
f 8306 8459 8307
f 8458 8459 8306
f 8308 8307 8459
f 8308 8459 8460
f 8462 8461 8309
f 8462 8309 8310
f 8270 8309 8422
f 8422 8309 8461
f 8460 8463 8308
f 8308 8463 8311
f 8312 8311 8463
f 8312 8463 8464
f 8313 8462 8310
f 8313 8465 8462
f 8464 8314 8312
f 8466 8314 8464
f 8315 8465 8313
f 8315 8467 8465
f 8466 8316 8314
f 8468 8316 8466
f 8317 8467 8315
f 8317 8469 8467
f 8468 8318 8316
f 8470 8318 8468
f 8319 8469 8317
f 8319 8471 8469
f 8470 8320 8318
f 8472 8320 8470
f 8321 8471 8319
f 8321 8473 8471
f 8472 8322 8320
f 8474 8322 8472
f 8323 8473 8321
f 8323 8475 8473
f 8474 8324 8322
f 8476 8324 8474
f 8325 8475 8323
f 8325 8477 8475
f 8476 8326 8324
f 8478 8326 8476
f 8327 8477 8325
f 8327 8479 8477
f 8478 8328 8326
f 8480 8328 8478
f 8329 8479 8327
f 8329 8481 8479
f 8480 8330 8328
f 8482 8330 8480
f 8331 8481 8329
f 8331 8483 8481
f 8482 8332 8330
f 8484 8332 8482
f 8333 8483 8331
f 8333 8485 8483
f 8484 8334 8332
f 8486 8334 8484
f 8335 8485 8333
f 8335 8487 8485
f 8486 8336 8334
f 8488 8336 8486
f 8337 8487 8335
f 8337 8489 8487
f 8488 8338 8336
f 8490 8338 8488
f 8339 8489 8337
f 8339 8491 8489
f 8490 8340 8338
f 8492 8340 8490
f 8341 8491 8339
f 8341 8493 8491
f 8492 8342 8340
f 8494 8342 8492
f 8343 8493 8341
f 8343 8495 8493
f 8494 8344 8342
f 8496 8344 8494
f 8345 8495 8343
f 8345 8497 8495
f 8496 8346 8344
f 8498 8346 8496
f 8347 8497 8345
f 8347 8499 8497
f 8498 8348 8346
f 8500 8348 8498
f 8349 8499 8347
f 8349 8501 8499
f 8500 8350 8348
f 8502 8350 8500
f 8351 8501 8349
f 8351 8503 8501
f 8502 8352 8350
f 8504 8352 8502
f 8353 8503 8351
f 8353 8505 8503
f 8504 8354 8352
f 8506 8354 8504
f 8355 8505 8353
f 8355 8507 8505
f 8506 8356 8354
f 8508 8356 8506
f 8357 8507 8355
f 8357 8509 8507
f 8508 8358 8356
f 8510 8358 8508
f 8359 8509 8357
f 8359 8511 8509
f 8510 8360 8358
f 8512 8360 8510
f 8361 8511 8359
f 8361 8513 8511
f 8512 8362 8360
f 8514 8362 8512
f 8363 8513 8361
f 8363 8515 8513
f 8514 8364 8362
f 8516 8364 8514
f 8365 8515 8363
f 8365 8517 8515
f 8516 8366 8364
f 8518 8366 8516
f 8367 8517 8365
f 8367 8519 8517
f 8518 8368 8366
f 8520 8368 8518
f 8369 8519 8367
f 8369 8521 8519
f 8520 8370 8368
f 8522 8370 8520
f 8371 8521 8369
f 8371 8523 8521
f 8522 8372 8370
f 8524 8372 8522
f 8373 8523 8371
f 8373 8525 8523
f 8524 8374 8372
f 8526 8374 8524
f 8375 8525 8373
f 8375 8527 8525
f 8526 8376 8374
f 8528 8376 8526
f 8377 8527 8375
f 8377 8529 8527
f 8528 8378 8376
f 8530 8378 8528
f 8531 8529 8377
f 8531 8377 8379
f 8379 8380 8531
f 8531 8380 8532
f 8534 8533 8382
f 8382 8533 8381
f 8382 8378 8530
f 8382 8530 8534
f 8535 8532 8380
f 8535 8380 8383
f 8536 8383 8384
f 8536 8535 8383
f 8537 8384 8385
f 8537 8536 8384
f 8538 8385 8386
f 8538 8537 8385
f 8539 8386 8387
f 8539 8538 8386
f 8540 8387 8388
f 8540 8539 8387
f 8541 8388 8389
f 8541 8540 8388
f 8542 8389 8390
f 8542 8541 8389
f 8543 8390 8391
f 8543 8542 8390
f 8544 8391 8392
f 8544 8543 8391
f 8545 8392 8393
f 8545 8544 8392
f 8546 8393 8394
f 8546 8545 8393
f 8547 8394 8395
f 8547 8546 8394
f 8548 8395 8396
f 8548 8547 8395
f 8549 8396 8397
f 8549 8548 8396
f 8550 8397 8398
f 8550 8549 8397
f 8551 8398 8399
f 8551 8550 8398
f 8552 8399 8400
f 8552 8551 8399
f 8553 8400 8401
f 8553 8552 8400
f 8554 8401 8402
f 8554 8553 8401
f 8555 8402 8403
f 8555 8554 8402
f 8556 8403 8404
f 8556 8555 8403
f 8557 8404 8405
f 8557 8556 8404
f 8558 8405 8406
f 8558 8557 8405
f 8559 8406 8407
f 8559 8558 8406
f 8560 8407 8408
f 8560 8559 8407
f 8561 8408 8409
f 8561 8560 8408
f 8562 8409 8410
f 8562 8561 8409
f 8563 8410 8411
f 8563 8562 8410
f 8564 8411 8412
f 8564 8563 8411
f 8565 8412 8413
f 8565 8564 8412
f 8566 8413 8414
f 8566 8565 8413
f 8567 8414 8415
f 8567 8566 8414
f 8568 8415 8416
f 8568 8567 8415
f 8569 8416 8417
f 8569 8568 8416
f 8570 8417 8418
f 8570 8569 8417
f 8571 8418 8419
f 8571 8570 8418
f 8572 8419 8420
f 8572 8571 8419
f 8420 8381 8533
f 8420 8533 8572
f 8422 8573 8421
f 8421 8573 8574
f 8575 8421 8574
f 8423 8421 8575
f 8423 8576 8424
f 8575 8576 8423
f 8424 8577 8425
f 8576 8577 8424
f 8425 8578 8426
f 8577 8578 8425
f 8426 8579 8427
f 8578 8579 8426
f 8427 8580 8428
f 8579 8580 8427
f 8428 8581 8429
f 8580 8581 8428
f 8429 8582 8430
f 8581 8582 8429
f 8430 8583 8431
f 8582 8583 8430
f 8431 8584 8432
f 8583 8584 8431
f 8432 8585 8433
f 8584 8585 8432
f 8433 8586 8434
f 8585 8586 8433
f 8434 8587 8435
f 8586 8587 8434
f 8435 8588 8436
f 8587 8588 8435
f 8436 8589 8437
f 8588 8589 8436
f 8437 8590 8438
f 8589 8590 8437
f 8438 8591 8439
f 8590 8591 8438
f 8439 8592 8440
f 8591 8592 8439
f 8440 8593 8441
f 8592 8593 8440
f 8441 8594 8442
f 8593 8594 8441
f 8442 8595 8443
f 8594 8595 8442
f 8443 8596 8444
f 8595 8596 8443
f 8444 8597 8445
f 8596 8597 8444
f 8445 8598 8446
f 8597 8598 8445
f 8446 8599 8447
f 8598 8599 8446
f 8447 8600 8448
f 8599 8600 8447
f 8448 8601 8449
f 8600 8601 8448
f 8449 8602 8450
f 8601 8602 8449
f 8450 8603 8451
f 8602 8603 8450
f 8451 8604 8452
f 8603 8604 8451
f 8452 8605 8453
f 8604 8605 8452
f 8453 8606 8454
f 8605 8606 8453
f 8454 8607 8455
f 8606 8607 8454
f 8455 8608 8456
f 8607 8608 8455
f 8456 8609 8457
f 8608 8609 8456
f 8457 8610 8458
f 8609 8610 8457
f 8610 8612 8611
f 8459 8610 8611
f 8458 8610 8459
f 8611 8460 8459
f 8462 8613 8461
f 8613 8614 8461
f 8461 8614 8422
f 8614 8615 8422
f 8615 8573 8422
f 8573 8615 8574
f 8612 8616 8611
f 8616 8618 8617
f 8616 8617 8463
f 8611 8616 8463
f 8460 8611 8463
f 8617 8464 8463
f 8620 8619 8613
f 8462 8620 8613
f 8465 8620 8462
f 8613 8619 8614
f 8618 8621 8617
f 8464 8617 8621
f 8622 8464 8621
f 8466 8464 8622
f 8467 8620 8465
f 8467 8623 8620
f 8622 8468 8466
f 8624 8468 8622
f 8469 8623 8467
f 8469 8625 8623
f 8624 8470 8468
f 8626 8470 8624
f 8471 8625 8469
f 8471 8627 8625
f 8626 8472 8470
f 8628 8472 8626
f 8473 8627 8471
f 8473 8629 8627
f 8628 8474 8472
f 8630 8474 8628
f 8475 8629 8473
f 8475 8631 8629
f 8630 8476 8474
f 8632 8476 8630
f 8477 8631 8475
f 8477 8633 8631
f 8632 8478 8476
f 8634 8478 8632
f 8479 8633 8477
f 8479 8635 8633
f 8634 8480 8478
f 8636 8480 8634
f 8481 8635 8479
f 8481 8637 8635
f 8636 8482 8480
f 8638 8482 8636
f 8483 8637 8481
f 8483 8639 8637
f 8638 8484 8482
f 8640 8484 8638
f 8485 8639 8483
f 8485 8641 8639
f 8640 8486 8484
f 8642 8486 8640
f 8487 8641 8485
f 8487 8643 8641
f 8642 8488 8486
f 8644 8488 8642
f 8489 8643 8487
f 8489 8645 8643
f 8644 8490 8488
f 8646 8490 8644
f 8491 8645 8489
f 8491 8647 8645
f 8646 8492 8490
f 8648 8492 8646
f 8493 8647 8491
f 8493 8649 8647
f 8648 8494 8492
f 8650 8494 8648
f 8495 8649 8493
f 8495 8651 8649
f 8650 8496 8494
f 8652 8496 8650
f 8497 8651 8495
f 8497 8653 8651
f 8652 8498 8496
f 8654 8498 8652
f 8499 8653 8497
f 8499 8655 8653
f 8654 8500 8498
f 8656 8500 8654
f 8501 8655 8499
f 8501 8657 8655
f 8656 8502 8500
f 8658 8502 8656
f 8503 8657 8501
f 8503 8659 8657
f 8658 8504 8502
f 8660 8504 8658
f 8505 8659 8503
f 8505 8661 8659
f 8660 8506 8504
f 8662 8506 8660
f 8507 8661 8505
f 8507 8663 8661
f 8662 8508 8506
f 8664 8508 8662
f 8509 8663 8507
f 8509 8665 8663
f 8664 8510 8508
f 8666 8510 8664
f 8511 8665 8509
f 8511 8667 8665
f 8666 8512 8510
f 8668 8512 8666
f 8513 8667 8511
f 8513 8669 8667
f 8668 8514 8512
f 8670 8514 8668
f 8515 8669 8513
f 8515 8671 8669
f 8670 8516 8514
f 8672 8516 8670
f 8517 8671 8515
f 8517 8673 8671
f 8672 8518 8516
f 8674 8518 8672
f 8519 8673 8517
f 8519 8675 8673
f 8674 8520 8518
f 8676 8520 8674
f 8521 8675 8519
f 8521 8677 8675
f 8676 8522 8520
f 8678 8522 8676
f 8523 8677 8521
f 8523 8679 8677
f 8678 8524 8522
f 8680 8524 8678
f 8525 8679 8523
f 8525 8681 8679
f 8680 8526 8524
f 8682 8526 8680
f 8527 8681 8525
f 8527 8683 8681
f 8682 8528 8526
f 8684 8528 8682
f 8529 8686 8685
f 8683 8529 8685
f 8527 8529 8683
f 8686 8687 8685
f 8690 8689 8688
f 8684 8690 8688
f 8530 8684 8688
f 8528 8684 8530
f 8531 8686 8529
f 8692 8691 8532
f 8532 8691 8531
f 8691 8687 8531
f 8687 8686 8531
f 8692 8693 8691
f 8696 8695 8694
f 8696 8694 8689
f 8689 8694 8688
f 8694 8533 8688
f 8533 8534 8688
f 8688 8534 8530
f 8535 8692 8532
f 8697 8693 8692
f 8535 8697 8692
f 8536 8697 8535
f 8698 8536 8537
f 8698 8697 8536
f 8699 8537 8538
f 8699 8698 8537
f 8700 8538 8539
f 8700 8699 8538
f 8701 8539 8540
f 8701 8700 8539
f 8702 8540 8541
f 8702 8701 8540
f 8703 8541 8542
f 8703 8702 8541
f 8704 8542 8543
f 8704 8703 8542
f 8705 8543 8544
f 8705 8704 8543
f 8706 8544 8545
f 8706 8705 8544
f 8707 8545 8546
f 8707 8706 8545
f 8708 8546 8547
f 8708 8707 8546
f 8709 8547 8548
f 8709 8708 8547
f 8710 8548 8549
f 8710 8709 8548
f 8711 8549 8550
f 8711 8710 8549
f 8712 8550 8551
f 8712 8711 8550
f 8713 8551 8552
f 8713 8712 8551
f 8714 8552 8553
f 8714 8713 8552
f 8715 8553 8554
f 8715 8714 8553
f 8716 8554 8555
f 8716 8715 8554
f 8717 8555 8556
f 8717 8716 8555
f 8718 8556 8557
f 8718 8717 8556
f 8719 8557 8558
f 8719 8718 8557
f 8720 8558 8559
f 8720 8719 8558
f 8721 8559 8560
f 8721 8720 8559
f 8722 8560 8561
f 8722 8721 8560
f 8723 8561 8562
f 8723 8722 8561
f 8724 8562 8563
f 8724 8723 8562
f 8725 8563 8564
f 8725 8724 8563
f 8726 8564 8565
f 8726 8725 8564
f 8727 8565 8566
f 8727 8726 8565
f 8728 8566 8567
f 8728 8727 8566
f 8729 8567 8568
f 8729 8728 8567
f 8730 8568 8569
f 8730 8729 8568
f 8731 8569 8570
f 8731 8730 8569
f 8732 8570 8571
f 8732 8731 8570
f 8572 8694 8695
f 8732 8572 8695
f 8571 8572 8732
f 8694 8572 8533
f 8574 8733 8575
f 8575 8733 8734
f 8735 8575 8734
f 8576 8575 8735
f 8576 8736 8577
f 8735 8736 8576
f 8577 8737 8578
f 8736 8737 8577
f 8578 8738 8579
f 8737 8738 8578
f 8579 8739 8580
f 8738 8739 8579
f 8580 8740 8581
f 8739 8740 8580
f 8581 8741 8582
f 8740 8741 8581
f 8582 8742 8583
f 8741 8742 8582
f 8583 8743 8584
f 8742 8743 8583
f 8584 8744 8585
f 8743 8744 8584
f 8585 8745 8586
f 8744 8745 8585
f 8586 8746 8587
f 8745 8746 8586
f 8587 8747 8588
f 8746 8747 8587
f 8588 8748 8589
f 8747 8748 8588
f 8589 8749 8590
f 8748 8749 8589
f 8590 8750 8591
f 8749 8750 8590
f 8591 8751 8592
f 8750 8751 8591
f 8592 8752 8593
f 8751 8752 8592
f 8593 8753 8594
f 8752 8753 8593
f 8594 8754 8595
f 8753 8754 8594
f 8595 8755 8596
f 8754 8755 8595
f 8596 8756 8597
f 8755 8756 8596
f 8597 8757 8598
f 8756 8757 8597
f 8598 8758 8599
f 8757 8758 8598
f 8599 8759 8600
f 8758 8759 8599
f 8600 8760 8601
f 8759 8760 8600
f 8601 8761 8602
f 8760 8761 8601
f 8602 8762 8603
f 8761 8762 8602
f 8603 8763 8604
f 8762 8763 8603
f 8604 8764 8605
f 8763 8764 8604
f 8605 8765 8606
f 8764 8765 8605
f 8606 8766 8607
f 8765 8766 8606
f 8607 8767 8608
f 8766 8767 8607
f 8608 8768 8609
f 8767 8768 8608
f 8768 8770 8769
f 8610 8768 8769
f 8609 8768 8610
f 8769 8612 8610
f 8772 8771 8615
f 8772 8615 8614
f 8574 8615 8733
f 8615 8773 8733
f 8615 8771 8773
f 8733 8773 8734
f 8770 8774 8769
f 8769 8774 8612
f 8774 8616 8612
f 8774 8775 8616
f 8618 8616 8775
f 8618 8775 8776
f 8620 8777 8619
f 8777 8778 8619
f 8778 8614 8619
f 8778 8772 8614
f 8621 8618 8779
f 8618 8780 8779
f 8618 8776 8780
f 8779 8622 8621
f 8782 8781 8777
f 8620 8782 8777
f 8623 8782 8620
f 8777 8781 8778
f 8780 8783 8779
f 8622 8779 8783
f 8784 8622 8783
f 8624 8622 8784
f 8625 8782 8623
f 8625 8785 8782
f 8784 8626 8624
f 8786 8626 8784
f 8627 8785 8625
f 8627 8787 8785
f 8786 8628 8626
f 8788 8628 8786
f 8629 8787 8627
f 8629 8789 8787
f 8788 8630 8628
f 8790 8630 8788
f 8631 8789 8629
f 8631 8791 8789
f 8790 8632 8630
f 8792 8632 8790
f 8633 8791 8631
f 8633 8793 8791
f 8792 8634 8632
f 8794 8634 8792
f 8635 8793 8633
f 8635 8795 8793
f 8794 8636 8634
f 8796 8636 8794
f 8637 8795 8635
f 8637 8797 8795
f 8796 8638 8636
f 8798 8638 8796
f 8639 8797 8637
f 8639 8799 8797
f 8798 8640 8638
f 8800 8640 8798
f 8641 8799 8639
f 8641 8801 8799
f 8800 8642 8640
f 8802 8642 8800
f 8643 8801 8641
f 8643 8803 8801
f 8802 8644 8642
f 8804 8644 8802
f 8645 8803 8643
f 8645 8805 8803
f 8804 8646 8644
f 8806 8646 8804
f 8647 8805 8645
f 8647 8807 8805
f 8806 8648 8646
f 8808 8648 8806
f 8649 8807 8647
f 8649 8809 8807
f 8808 8650 8648
f 8810 8650 8808
f 8651 8809 8649
f 8651 8811 8809
f 8810 8652 8650
f 8812 8652 8810
f 8653 8811 8651
f 8653 8813 8811
f 8812 8654 8652
f 8814 8654 8812
f 8655 8813 8653
f 8655 8815 8813
f 8814 8656 8654
f 8816 8656 8814
f 8657 8815 8655
f 8657 8817 8815
f 8816 8658 8656
f 8818 8658 8816
f 8659 8817 8657
f 8659 8819 8817
f 8818 8660 8658
f 8820 8660 8818
f 8661 8819 8659
f 8661 8821 8819
f 8820 8662 8660
f 8822 8662 8820
f 8663 8821 8661
f 8663 8823 8821
f 8822 8664 8662
f 8824 8664 8822
f 8665 8823 8663
f 8665 8825 8823
f 8824 8666 8664
f 8826 8666 8824
f 8667 8825 8665
f 8667 8827 8825
f 8826 8668 8666
f 8828 8668 8826
f 8669 8827 8667
f 8669 8829 8827
f 8828 8670 8668
f 8830 8670 8828
f 8671 8829 8669
f 8671 8831 8829
f 8830 8672 8670
f 8832 8672 8830
f 8673 8831 8671
f 8673 8833 8831
f 8832 8674 8672
f 8834 8674 8832
f 8675 8833 8673
f 8675 8835 8833
f 8834 8676 8674
f 8836 8676 8834
f 8677 8835 8675
f 8677 8837 8835
f 8836 8678 8676
f 8838 8678 8836
f 8679 8837 8677
f 8679 8839 8837
f 8838 8680 8678
f 8840 8680 8838
f 8681 8839 8679
f 8681 8841 8839
f 8840 8682 8680
f 8842 8682 8840
f 8683 8844 8843
f 8841 8683 8843
f 8681 8683 8841
f 8844 8845 8843
f 8848 8847 8846
f 8842 8848 8846
f 8684 8842 8846
f 8682 8842 8684
f 8685 8844 8683
f 8685 8687 8844
f 8687 8845 8844
f 8687 8849 8845
f 8846 8847 8690
f 8847 8689 8690
f 8847 8850 8689
f 8846 8690 8684
f 8851 8849 8687
f 8851 8687 8691
f 8853 8852 8693
f 8852 8691 8693
f 8852 8851 8691
f 8853 8854 8852
f 8857 8856 8855
f 8695 8696 8855
f 8696 8857 8855
f 8696 8858 8857
f 8696 8689 8850
f 8696 8850 8858
f 8697 8853 8693
f 8859 8854 8853
f 8697 8859 8853
f 8698 8859 8697
f 8860 8698 8699
f 8860 8859 8698
f 8861 8699 8700
f 8861 8860 8699
f 8862 8700 8701
f 8862 8861 8700
f 8863 8701 8702
f 8863 8862 8701
f 8864 8702 8703
f 8864 8863 8702
f 8865 8703 8704
f 8865 8864 8703
f 8866 8704 8705
f 8866 8865 8704
f 8867 8705 8706
f 8867 8866 8705
f 8868 8706 8707
f 8868 8867 8706
f 8869 8707 8708
f 8869 8868 8707
f 8870 8708 8709
f 8870 8869 8708
f 8871 8709 8710
f 8871 8870 8709
f 8872 8710 8711
f 8872 8871 8710
f 8873 8711 8712
f 8873 8872 8711
f 8874 8712 8713
f 8874 8873 8712
f 8875 8713 8714
f 8875 8874 8713
f 8876 8714 8715
f 8876 8875 8714
f 8877 8715 8716
f 8877 8876 8715
f 8878 8716 8717
f 8878 8877 8716
f 8879 8717 8718
f 8879 8878 8717
f 8880 8718 8719
f 8880 8879 8718
f 8881 8719 8720
f 8881 8880 8719
f 8882 8720 8721
f 8882 8881 8720
f 8883 8721 8722
f 8883 8882 8721
f 8884 8722 8723
f 8884 8883 8722
f 8885 8723 8724
f 8885 8884 8723
f 8886 8724 8725
f 8886 8885 8724
f 8887 8725 8726
f 8887 8886 8725
f 8888 8726 8727
f 8888 8887 8726
f 8889 8727 8728
f 8889 8888 8727
f 8890 8728 8729
f 8890 8889 8728
f 8891 8729 8730
f 8891 8890 8729
f 8892 8730 8731
f 8892 8891 8730
f 8732 8855 8856
f 8892 8732 8856
f 8731 8732 8892
f 8855 8732 8695
f 8734 8893 8735
f 8894 8736 8735
f 8894 8735 8893
f 8895 8737 8736
f 8895 8736 8894
f 8896 8738 8737
f 8896 8737 8895
f 8897 8739 8738
f 8897 8738 8896
f 8898 8740 8739
f 8898 8739 8897
f 8899 8741 8740
f 8899 8740 8898
f 8900 8742 8741
f 8900 8741 8899
f 8901 8743 8742
f 8901 8742 8900
f 8902 8744 8743
f 8902 8743 8901
f 8903 8745 8744
f 8903 8744 8902
f 8904 8746 8745
f 8904 8745 8903
f 8905 8747 8746
f 8905 8746 8904
f 8906 8748 8747
f 8906 8747 8905
f 8907 8749 8748
f 8907 8748 8906
f 8908 8750 8749
f 8908 8749 8907
f 8909 8751 8750
f 8909 8750 8908
f 8910 8752 8751
f 8910 8751 8909
f 8911 8753 8752
f 8911 8752 8910
f 8912 8754 8753
f 8912 8753 8911
f 8913 8755 8754
f 8913 8754 8912
f 8914 8756 8755
f 8914 8755 8913
f 8915 8757 8756
f 8915 8756 8914
f 8916 8758 8757
f 8916 8757 8915
f 8917 8759 8758
f 8917 8758 8916
f 8918 8760 8759
f 8918 8759 8917
f 8919 8761 8760
f 8919 8760 8918
f 8920 8762 8761
f 8920 8761 8919
f 8921 8763 8762
f 8921 8762 8920
f 8922 8764 8763
f 8922 8763 8921
f 8923 8765 8764
f 8923 8764 8922
f 8924 8766 8765
f 8924 8765 8923
f 8925 8767 8766
f 8925 8766 8924
f 8926 8768 8767
f 8926 8767 8925
f 8926 8770 8768
f 8772 8927 8771
f 8928 8773 8771
f 8928 8771 8927
f 8928 8929 8773
f 8773 8929 8734
f 8929 8930 8734
f 8930 8893 8734
f 8893 8930 8894
f 8894 8930 8931
f 8894 8931 8895
f 8895 8931 8932
f 8895 8932 8896
f 8896 8932 8933
f 8896 8933 8897
f 8897 8933 8934
f 8897 8934 8898
f 8898 8934 8935
f 8898 8935 8899
f 8899 8935 8936
f 8899 8936 8900
f 8900 8936 8937
f 8900 8937 8901
f 8901 8937 8938
f 8901 8938 8902
f 8902 8938 8939
f 8902 8939 8903
f 8903 8939 8940
f 8903 8940 8904
f 8904 8940 8941
f 8904 8941 8905
f 8905 8941 8942
f 8905 8942 8906
f 8906 8942 8943
f 8906 8943 8907
f 8907 8943 8944
f 8907 8944 8908
f 8908 8944 8945
f 8908 8945 8909
f 8909 8945 8946
f 8909 8946 8910
f 8910 8946 8947
f 8910 8947 8911
f 8911 8947 8948
f 8911 8948 8912
f 8912 8948 8949
f 8912 8949 8913
f 8913 8949 8950
f 8913 8950 8914
f 8914 8950 8951
f 8914 8951 8915
f 8915 8951 8952
f 8915 8952 8916
f 8916 8952 8953
f 8916 8953 8917
f 8917 8953 8954
f 8917 8954 8918
f 8918 8954 8955
f 8918 8955 8919
f 8919 8955 8956
f 8919 8956 8920
f 8920 8956 8957
f 8920 8957 8921
f 8921 8957 8958
f 8921 8958 8922
f 8922 8958 8959
f 8922 8959 8923
f 8923 8959 8960
f 8923 8960 8924
f 8924 8960 8961
f 8924 8961 8925
f 8925 8961 8962
f 8925 8962 8926
f 8926 8962 8963
f 8963 8965 8964
f 8963 8964 8774
f 8926 8963 8774
f 8770 8926 8774
f 8966 8775 8774
f 8966 8774 8964
f 8966 8776 8775
f 8778 8967 8927
f 8778 8927 8772
f 8969 8928 8968
f 8928 8967 8968
f 8928 8927 8967
f 8928 8969 8929
f 8965 8970 8964
f 8972 8971 8970
f 8971 8964 8970
f 8971 8966 8964
f 8971 8780 8776
f 8971 8776 8966
f 8782 8973 8781
f 8973 8974 8781
f 8781 8974 8778
f 8974 8975 8778
f 8975 8967 8778
f 8967 8975 8968
f 8972 8976 8971
f 8976 8978 8977
f 8976 8977 8783
f 8971 8976 8783
f 8780 8971 8783
f 8977 8784 8783
f 8785 8979 8973
f 8785 8973 8782
f 8974 8973 8980
f 8980 8973 8979
f 8977 8978 8981
f 8981 8978 8982
f 8981 8786 8784
f 8981 8784 8977
f 8787 8983 8979
f 8787 8979 8785
f 8980 8979 8984
f 8984 8979 8983
f 8981 8982 8985
f 8985 8982 8986
f 8985 8788 8786
f 8985 8786 8981
f 8789 8987 8983
f 8789 8983 8787
f 8984 8983 8988
f 8988 8983 8987
f 8985 8986 8989
f 8989 8986 8990
f 8989 8790 8788
f 8989 8788 8985
f 8791 8991 8987
f 8791 8987 8789
f 8988 8987 8992
f 8992 8987 8991
f 8989 8990 8993
f 8993 8990 8994
f 8993 8792 8790
f 8993 8790 8989
f 8793 8995 8991
f 8793 8991 8791
f 8992 8991 8996
f 8996 8991 8995
f 8993 8994 8997
f 8997 8994 8998
f 8997 8794 8792
f 8997 8792 8993
f 8795 8999 8995
f 8795 8995 8793
f 8996 8995 9000
f 9000 8995 8999
f 8997 8998 9001
f 9001 8998 9002
f 9001 8796 8794
f 9001 8794 8997
f 8797 9003 8999
f 8797 8999 8795
f 9000 8999 9004
f 9004 8999 9003
f 9001 9002 9005
f 9005 9002 9006
f 9005 8798 8796
f 9005 8796 9001
f 8799 9007 9003
f 8799 9003 8797
f 9004 9003 9008
f 9008 9003 9007
f 9005 9006 9009
f 9009 9006 9010
f 9009 8800 8798
f 9009 8798 9005
f 8801 9011 9007
f 8801 9007 8799
f 9008 9007 9012
f 9012 9007 9011
f 9009 9010 9013
f 9013 9010 9014
f 9013 8802 8800
f 9013 8800 9009
f 8803 9015 9011
f 8803 9011 8801
f 9012 9011 9016
f 9016 9011 9015
f 9013 9014 9017
f 9017 9014 9018
f 9017 8804 8802
f 9017 8802 9013
f 8805 9019 9015
f 8805 9015 8803
f 9016 9015 9020
f 9020 9015 9019
f 9017 9018 9021
f 9021 9018 9022
f 9021 8806 8804
f 9021 8804 9017
f 8807 9023 9019
f 8807 9019 8805
f 9020 9019 9024
f 9024 9019 9023
f 9021 9022 9025
f 9025 9022 9026
f 9025 8808 8806
f 9025 8806 9021
f 8809 9027 9023
f 8809 9023 8807
f 9024 9023 9028
f 9028 9023 9027
f 9025 9026 9029
f 9029 9026 9030
f 9029 8810 8808
f 9029 8808 9025
f 8811 9031 9027
f 8811 9027 8809
f 9028 9027 9032
f 9032 9027 9031
f 9029 9030 9033
f 9033 9030 9034
f 9033 8812 8810
f 9033 8810 9029
f 8813 9035 9031
f 8813 9031 8811
f 9032 9031 9036
f 9036 9031 9035
f 9033 9034 9037
f 9037 9034 9038
f 9037 8814 8812
f 9037 8812 9033
f 8815 9039 9035
f 8815 9035 8813
f 9036 9035 9040
f 9040 9035 9039
f 9037 9038 9041
f 9041 9038 9042
f 9041 8816 8814
f 9041 8814 9037
f 8817 9043 9039
f 8817 9039 8815
f 9040 9039 9044
f 9044 9039 9043
f 9041 9042 9045
f 9045 9042 9046
f 9045 8818 8816
f 9045 8816 9041
f 8819 9047 9043
f 8819 9043 8817
f 9044 9043 9048
f 9048 9043 9047
f 9045 9046 9049
f 9049 9046 9050
f 9049 8820 8818
f 9049 8818 9045
f 8821 9051 9047
f 8821 9047 8819
f 9048 9047 9052
f 9052 9047 9051
f 9049 9050 9053
f 9053 9050 9054
f 9053 8822 8820
f 9053 8820 9049
f 8823 9055 9051
f 8823 9051 8821
f 9052 9051 9056
f 9056 9051 9055
f 9053 9054 9057
f 9057 9054 9058
f 9057 8824 8822
f 9057 8822 9053
f 8825 9059 9055
f 8825 9055 8823
f 9056 9055 9060
f 9060 9055 9059
f 9057 9058 9061
f 9061 9058 9062
f 9061 8826 8824
f 9061 8824 9057
f 8827 9063 9059
f 8827 9059 8825
f 9060 9059 9064
f 9064 9059 9063
f 9061 9062 9065
f 9065 9062 9066
f 9065 8828 8826
f 9065 8826 9061
f 8829 9067 9063
f 8829 9063 8827
f 9064 9063 9068
f 9068 9063 9067
f 9065 9066 9069
f 9069 9066 9070
f 9069 8830 8828
f 9069 8828 9065
f 8831 9071 9067
f 8831 9067 8829
f 9068 9067 9072
f 9072 9067 9071
f 9069 9070 9073
f 9073 9070 9074
f 9073 8832 8830
f 9073 8830 9069
f 8833 9075 9071
f 8833 9071 8831
f 9072 9071 9076
f 9076 9071 9075
f 9073 9074 9077
f 9077 9074 9078
f 9077 8834 8832
f 9077 8832 9073
f 8835 9079 9075
f 8835 9075 8833
f 9076 9075 9080
f 9080 9075 9079
f 9077 9078 9081
f 9081 9078 9082
f 9081 8836 8834
f 9081 8834 9077
f 8837 9083 9079
f 8837 9079 8835
f 9080 9079 9084
f 9084 9079 9083
f 9081 9082 9085
f 9085 9082 9086
f 9085 8838 8836
f 9085 8836 9081
f 8839 9087 9083
f 8839 9083 8837
f 9084 9083 9088
f 9088 9083 9087
f 9085 9086 9089
f 9089 9086 9090
f 9089 8840 8838
f 9089 8838 9085
f 8841 9091 9087
f 8841 9087 8839
f 9088 9087 9092
f 9092 9087 9091
f 9089 9090 9093
f 9093 9090 9094
f 9093 8842 8840
f 9093 8840 9089
f 8843 9091 8841
f 9096 9095 8845
f 8845 9095 8843
f 9095 9092 8843
f 9092 9091 8843
f 9096 9097 9095
f 9100 9099 9098
f 9100 9098 9094
f 9094 9098 9093
f 9098 8847 9093
f 8847 8848 9093
f 9093 8848 8842
f 8849 9101 9096
f 8849 9096 8845
f 9097 9096 9102
f 9096 9103 9102
f 9096 9101 9103
f 9103 9104 9102
f 9107 9106 9105
f 9107 9105 9099
f 9105 9098 9099
f 9105 9108 9098
f 9108 8850 8847
f 9108 8847 9098
f 8851 9101 8849
f 9101 8851 8852
f 9101 8852 9103
f 9110 9109 8854
f 8854 9109 8852
f 9109 9104 8852
f 9104 9103 8852
f 9112 9111 9110
f 9110 9111 9109
f 9114 9113 9112
f 9112 9113 9111
f 9116 9115 9114
f 9114 9115 9113
f 9118 9117 9116
f 9116 9117 9115
f 9120 9119 9118
f 9118 9119 9117
f 9122 9121 9120
f 9120 9121 9119
f 9124 9123 9122
f 9122 9123 9121
f 9126 9125 9124
f 9124 9125 9123
f 9128 9127 9126
f 9126 9127 9125
f 9130 9129 9128
f 9128 9129 9127
f 9132 9131 9130
f 9130 9131 9129
f 9134 9133 9132
f 9132 9133 9131
f 9136 9135 9134
f 9134 9135 9133
f 9138 9137 9136
f 9136 9137 9135
f 9140 9139 9138
f 9138 9139 9137
f 9142 9141 9140
f 9140 9141 9139
f 9144 9143 9142
f 9142 9143 9141
f 9146 9145 9144
f 9144 9145 9143
f 9148 9147 9146
f 9146 9147 9145
f 9150 9149 9148
f 9148 9149 9147
f 9152 9151 9150
f 9150 9151 9149
f 9154 9153 9152
f 9152 9153 9151
f 9156 9155 9154
f 9154 9155 9153
f 9158 9157 9156
f 9156 9157 9155
f 9160 9159 9158
f 9158 9159 9157
f 9162 9161 9160
f 9160 9161 9159
f 9164 9163 9162
f 9162 9163 9161
f 9166 9165 9164
f 9164 9165 9163
f 9168 9167 9166
f 9166 9167 9165
f 9170 9169 9168
f 9168 9169 9167
f 9172 9171 9170
f 9170 9171 9169
f 9174 9173 9172
f 9172 9173 9171
f 9176 9175 9174
f 9174 9175 9173
f 9175 9176 9106
f 9106 9176 9105
f 9176 8856 9105
f 8856 8857 9105
f 9105 8857 8858
f 9105 8858 9108
f 9108 8858 8850
f 8859 9110 8854
f 9110 8859 8860
f 9110 8860 9112
f 9112 8860 8861
f 9112 8861 9114
f 9114 8861 8862
f 9114 8862 9116
f 9116 8862 8863
f 9116 8863 9118
f 9118 8863 8864
f 9118 8864 9120
f 9120 8864 8865
f 9120 8865 9122
f 9122 8865 8866
f 9122 8866 9124
f 9124 8866 8867
f 9124 8867 9126
f 9126 8867 8868
f 9126 8868 9128
f 9128 8868 8869
f 9128 8869 9130
f 9130 8869 8870
f 9130 8870 9132
f 9132 8870 8871
f 9132 8871 9134
f 9134 8871 8872
f 9134 8872 9136
f 9136 8872 8873
f 9136 8873 9138
f 9138 8873 8874
f 9138 8874 9140
f 9140 8874 8875
f 9140 8875 9142
f 9142 8875 8876
f 9142 8876 9144
f 9144 8876 8877
f 9144 8877 9146
f 9146 8877 8878
f 9146 8878 9148
f 9148 8878 8879
f 9148 8879 9150
f 9150 8879 8880
f 9150 8880 9152
f 9152 8880 8881
f 9152 8881 9154
f 9154 8881 8882
f 9154 8882 9156
f 9156 8882 8883
f 9156 8883 9158
f 9158 8883 8884
f 9158 8884 9160
f 9160 8884 8885
f 9160 8885 9162
f 9162 8885 8886
f 9162 8886 9164
f 9164 8886 8887
f 9164 8887 9166
f 9166 8887 8888
f 9166 8888 9168
f 9168 8888 8889
f 9168 8889 9170
f 9170 8889 8890
f 9170 8890 9172
f 9172 8890 8891
f 9172 8891 9174
f 9174 8891 8892
f 9174 8892 9176
f 9176 8892 8856
f 8929 9177 8930
f 9178 8931 8930
f 9178 8930 9177
f 9179 8932 8931
f 9179 8931 9178
f 9180 8933 8932
f 9180 8932 9179
f 9181 8934 8933
f 9181 8933 9180
f 9182 8935 8934
f 9182 8934 9181
f 9183 8936 8935
f 9183 8935 9182
f 9184 8937 8936
f 9184 8936 9183
f 9185 8938 8937
f 9185 8937 9184
f 9186 8939 8938
f 9186 8938 9185
f 9187 8940 8939
f 9187 8939 9186
f 9188 8941 8940
f 9188 8940 9187
f 9189 8942 8941
f 9189 8941 9188
f 9190 8943 8942
f 9190 8942 9189
f 9191 8944 8943
f 9191 8943 9190
f 9192 8945 8944
f 9192 8944 9191
f 9193 8946 8945
f 9193 8945 9192
f 9194 8947 8946
f 9194 8946 9193
f 9195 8948 8947
f 9195 8947 9194
f 9196 8949 8948
f 9196 8948 9195
f 9197 8950 8949
f 9197 8949 9196
f 9198 8951 8950
f 9198 8950 9197
f 9199 8952 8951
f 9199 8951 9198
f 9200 8953 8952
f 9200 8952 9199
f 9201 8954 8953
f 9201 8953 9200
f 9202 8955 8954
f 9202 8954 9201
f 9203 8956 8955
f 9203 8955 9202
f 9204 8957 8956
f 9204 8956 9203
f 9205 8958 8957
f 9205 8957 9204
f 9206 8959 8958
f 9206 8958 9205
f 9207 8960 8959
f 9207 8959 9206
f 9208 8961 8960
f 9208 8960 9207
f 9209 8962 8961
f 9209 8961 9208
f 9210 8963 8962
f 9210 8962 9209
f 9210 8965 8963
f 8968 9211 8969
f 9177 8929 8969
f 9211 9177 8969
f 9212 9177 9211
f 9177 9213 9178
f 9177 9212 9213
f 9178 9214 9179
f 9178 9213 9214
f 9179 9215 9180
f 9179 9214 9215
f 9180 9216 9181
f 9180 9215 9216
f 9181 9217 9182
f 9181 9216 9217
f 9182 9218 9183
f 9182 9217 9218
f 9183 9219 9184
f 9183 9218 9219
f 9184 9220 9185
f 9184 9219 9220
f 9185 9221 9186
f 9185 9220 9221
f 9186 9222 9187
f 9186 9221 9222
f 9187 9223 9188
f 9187 9222 9223
f 9188 9224 9189
f 9188 9223 9224
f 9189 9225 9190
f 9189 9224 9225
f 9190 9226 9191
f 9190 9225 9226
f 9191 9227 9192
f 9191 9226 9227
f 9192 9228 9193
f 9192 9227 9228
f 9193 9229 9194
f 9193 9228 9229
f 9194 9230 9195
f 9194 9229 9230
f 9195 9231 9196
f 9195 9230 9231
f 9196 9232 9197
f 9196 9231 9232
f 9197 9233 9198
f 9197 9232 9233
f 9198 9234 9199
f 9198 9233 9234
f 9199 9235 9200
f 9199 9234 9235
f 9200 9236 9201
f 9200 9235 9236
f 9201 9237 9202
f 9201 9236 9237
f 9202 9238 9203
f 9202 9237 9238
f 9203 9239 9204
f 9203 9238 9239
f 9204 9240 9205
f 9204 9239 9240
f 9205 9241 9206
f 9205 9240 9241
f 9206 9242 9207
f 9206 9241 9242
f 9207 9243 9208
f 9207 9242 9243
f 9208 9244 9209
f 9208 9243 9244
f 9209 9245 9210
f 9209 9244 9245
f 9246 8970 8965
f 9210 9246 8965
f 9245 9246 9210
f 9246 8972 8970
f 8974 9247 8975
f 9211 8968 8975
f 9247 9211 8975
f 9248 9211 9247
f 9211 9249 9212
f 9211 9248 9249
f 9212 9250 9213
f 9212 9249 9250
f 9213 9251 9214
f 9213 9250 9251
f 9214 9252 9215
f 9214 9251 9252
f 9215 9253 9216
f 9215 9252 9253
f 9216 9254 9217
f 9216 9253 9254
f 9217 9255 9218
f 9217 9254 9255
f 9218 9256 9219
f 9218 9255 9256
f 9219 9257 9220
f 9219 9256 9257
f 9220 9258 9221
f 9220 9257 9258
f 9221 9259 9222
f 9221 9258 9259
f 9222 9260 9223
f 9222 9259 9260
f 9223 9261 9224
f 9223 9260 9261
f 9224 9262 9225
f 9224 9261 9262
f 9225 9263 9226
f 9225 9262 9263
f 9226 9264 9227
f 9226 9263 9264
f 9227 9265 9228
f 9227 9264 9265
f 9228 9266 9229
f 9228 9265 9266
f 9229 9267 9230
f 9229 9266 9267
f 9230 9268 9231
f 9230 9267 9268
f 9231 9269 9232
f 9231 9268 9269
f 9232 9270 9233
f 9232 9269 9270
f 9233 9271 9234
f 9233 9270 9271
f 9234 9272 9235
f 9234 9271 9272
f 9235 9273 9236
f 9235 9272 9273
f 9236 9274 9237
f 9236 9273 9274
f 9237 9275 9238
f 9237 9274 9275
f 9238 9276 9239
f 9238 9275 9276
f 9239 9277 9240
f 9239 9276 9277
f 9240 9278 9241
f 9240 9277 9278
f 9241 9279 9242
f 9241 9278 9279
f 9242 9280 9243
f 9242 9279 9280
f 9243 9281 9244
f 9243 9280 9281
f 9244 9282 9245
f 9244 9281 9282
f 9245 9283 9246
f 9245 9282 9283
f 9284 8976 8972
f 9246 9284 8972
f 9283 9284 9246
f 9284 8978 8976
f 8980 9285 9247
f 8980 9247 8974
f 9247 9286 9248
f 9247 9285 9286
f 9248 9287 9249
f 9248 9286 9287
f 9249 9288 9250
f 9249 9287 9288
f 9250 9289 9251
f 9250 9288 9289
f 9251 9290 9252
f 9251 9289 9290
f 9252 9291 9253
f 9252 9290 9291
f 9253 9292 9254
f 9253 9291 9292
f 9254 9293 9255
f 9254 9292 9293
f 9255 9294 9256
f 9255 9293 9294
f 9256 9295 9257
f 9256 9294 9295
f 9257 9296 9258
f 9257 9295 9296
f 9258 9297 9259
f 9258 9296 9297
f 9259 9298 9260
f 9259 9297 9298
f 9260 9299 9261
f 9260 9298 9299
f 9261 9300 9262
f 9261 9299 9300
f 9262 9301 9263
f 9262 9300 9301
f 9263 9302 9264
f 9263 9301 9302
f 9264 9303 9265
f 9264 9302 9303
f 9265 9304 9266
f 9265 9303 9304
f 9266 9305 9267
f 9266 9304 9305
f 9267 9306 9268
f 9267 9305 9306
f 9268 9307 9269
f 9268 9306 9307
f 9269 9308 9270
f 9269 9307 9308
f 9270 9309 9271
f 9270 9308 9309
f 9271 9310 9272
f 9271 9309 9310
f 9272 9311 9273
f 9272 9310 9311
f 9273 9312 9274
f 9273 9311 9312
f 9274 9313 9275
f 9274 9312 9313
f 9275 9314 9276
f 9275 9313 9314
f 9276 9315 9277
f 9276 9314 9315
f 9277 9316 9278
f 9277 9315 9316
f 9278 9317 9279
f 9278 9316 9317
f 9279 9318 9280
f 9279 9317 9318
f 9280 9319 9281
f 9280 9318 9319
f 9281 9320 9282
f 9281 9319 9320
f 9282 9321 9283
f 9282 9320 9321
f 9283 9322 9284
f 9283 9321 9322
f 9322 8982 8978
f 9322 8978 9284
f 8984 9323 9285
f 8984 9285 8980
f 9285 9324 9286
f 9285 9323 9324
f 9286 9325 9287
f 9286 9324 9325
f 9287 9326 9288
f 9287 9325 9326
f 9288 9327 9289
f 9288 9326 9327
f 9289 9328 9290
f 9289 9327 9328
f 9290 9329 9291
f 9290 9328 9329
f 9291 9330 9292
f 9291 9329 9330
f 9292 9331 9293
f 9292 9330 9331
f 9293 9332 9294
f 9293 9331 9332
f 9294 9333 9295
f 9294 9332 9333
f 9295 9334 9296
f 9295 9333 9334
f 9296 9335 9297
f 9296 9334 9335
f 9297 9336 9298
f 9297 9335 9336
f 9298 9337 9299
f 9298 9336 9337
f 9299 9338 9300
f 9299 9337 9338
f 9300 9339 9301
f 9300 9338 9339
f 9301 9340 9302
f 9301 9339 9340
f 9302 9341 9303
f 9302 9340 9341
f 9303 9342 9304
f 9303 9341 9342
f 9304 9343 9305
f 9304 9342 9343
f 9305 9344 9306
f 9305 9343 9344
f 9306 9345 9307
f 9306 9344 9345
f 9307 9346 9308
f 9307 9345 9346
f 9308 9347 9309
f 9308 9346 9347
f 9309 9348 9310
f 9309 9347 9348
f 9310 9349 9311
f 9310 9348 9349
f 9311 9350 9312
f 9311 9349 9350
f 9312 9351 9313
f 9312 9350 9351
f 9313 9352 9314
f 9313 9351 9352
f 9314 9353 9315
f 9314 9352 9353
f 9315 9354 9316
f 9315 9353 9354
f 9316 9355 9317
f 9316 9354 9355
f 9317 9356 9318
f 9317 9355 9356
f 9318 9357 9319
f 9318 9356 9357
f 9319 9358 9320
f 9319 9357 9358
f 9320 9359 9321
f 9320 9358 9359
f 9321 9360 9322
f 9321 9359 9360
f 9360 8986 8982
f 9360 8982 9322
f 8988 9361 9323
f 8988 9323 8984
f 9323 9362 9324
f 9323 9361 9362
f 9324 9363 9325
f 9324 9362 9363
f 9325 9364 9326
f 9325 9363 9364
f 9326 9365 9327
f 9326 9364 9365
f 9327 9366 9328
f 9327 9365 9366
f 9328 9367 9329
f 9328 9366 9367
f 9329 9368 9330
f 9329 9367 9368
f 9330 9369 9331
f 9330 9368 9369
f 9331 9370 9332
f 9331 9369 9370
f 9332 9371 9333
f 9332 9370 9371
f 9333 9372 9334
f 9333 9371 9372
f 9334 9373 9335
f 9334 9372 9373
f 9335 9374 9336
f 9335 9373 9374
f 9336 9375 9337
f 9336 9374 9375
f 9337 9376 9338
f 9337 9375 9376
f 9338 9377 9339
f 9338 9376 9377
f 9339 9378 9340
f 9339 9377 9378
f 9340 9379 9341
f 9340 9378 9379
f 9341 9380 9342
f 9341 9379 9380
f 9342 9381 9343
f 9342 9380 9381
f 9343 9382 9344
f 9343 9381 9382
f 9344 9383 9345
f 9344 9382 9383
f 9345 9384 9346
f 9345 9383 9384
f 9346 9385 9347
f 9346 9384 9385
f 9347 9386 9348
f 9347 9385 9386
f 9348 9387 9349
f 9348 9386 9387
f 9349 9388 9350
f 9349 9387 9388
f 9350 9389 9351
f 9350 9388 9389
f 9351 9390 9352
f 9351 9389 9390
f 9352 9391 9353
f 9352 9390 9391
f 9353 9392 9354
f 9353 9391 9392
f 9354 9393 9355
f 9354 9392 9393
f 9355 9394 9356
f 9355 9393 9394
f 9356 9395 9357
f 9356 9394 9395
f 9357 9396 9358
f 9357 9395 9396
f 9358 9397 9359
f 9358 9396 9397
f 9359 9398 9360
f 9359 9397 9398
f 9398 8990 8986
f 9398 8986 9360
f 8992 9399 9361
f 8992 9361 8988
f 9361 9400 9362
f 9361 9399 9400
f 9362 9401 9363
f 9362 9400 9401
f 9363 9402 9364
f 9363 9401 9402
f 9364 9403 9365
f 9364 9402 9403
f 9365 9404 9366
f 9365 9403 9404
f 9366 9405 9367
f 9366 9404 9405
f 9367 9406 9368
f 9367 9405 9406
f 9368 9407 9369
f 9368 9406 9407
f 9369 9408 9370
f 9369 9407 9408
f 9370 9409 9371
f 9370 9408 9409
f 9371 9410 9372
f 9371 9409 9410
f 9372 9411 9373
f 9372 9410 9411
f 9373 9412 9374
f 9373 9411 9412
f 9374 9413 9375
f 9374 9412 9413
f 9375 9414 9376
f 9375 9413 9414
f 9376 9415 9377
f 9376 9414 9415
f 9377 9416 9378
f 9377 9415 9416
f 9378 9417 9379
f 9378 9416 9417
f 9379 9418 9380
f 9379 9417 9418
f 9380 9419 9381
f 9380 9418 9419
f 9381 9420 9382
f 9381 9419 9420
f 9382 9421 9383
f 9382 9420 9421
f 9383 9422 9384
f 9383 9421 9422
f 9384 9423 9385
f 9384 9422 9423
f 9385 9424 9386
f 9385 9423 9424
f 9386 9425 9387
f 9386 9424 9425
f 9387 9426 9388
f 9387 9425 9426
f 9388 9427 9389
f 9388 9426 9427
f 9389 9428 9390
f 9389 9427 9428
f 9390 9429 9391
f 9390 9428 9429
f 9391 9430 9392
f 9391 9429 9430
f 9392 9431 9393
f 9392 9430 9431
f 9393 9432 9394
f 9393 9431 9432
f 9394 9433 9395
f 9394 9432 9433
f 9395 9434 9396
f 9395 9433 9434
f 9396 9435 9397
f 9396 9434 9435
f 9397 9436 9398
f 9397 9435 9436
f 9436 8994 8990
f 9436 8990 9398
f 8996 9437 9399
f 8996 9399 8992
f 9399 9438 9400
f 9399 9437 9438
f 9400 9439 9401
f 9400 9438 9439
f 9401 9440 9402
f 9401 9439 9440
f 9402 9441 9403
f 9402 9440 9441
f 9403 9442 9404
f 9403 9441 9442
f 9404 9443 9405
f 9404 9442 9443
f 9405 9444 9406
f 9405 9443 9444
f 9406 9445 9407
f 9406 9444 9445
f 9407 9446 9408
f 9407 9445 9446
f 9408 9447 9409
f 9408 9446 9447
f 9409 9448 9410
f 9409 9447 9448
f 9410 9449 9411
f 9410 9448 9449
f 9411 9450 9412
f 9411 9449 9450
f 9412 9451 9413
f 9412 9450 9451
f 9413 9452 9414
f 9413 9451 9452
f 9414 9453 9415
f 9414 9452 9453
f 9415 9454 9416
f 9415 9453 9454
f 9416 9455 9417
f 9416 9454 9455
f 9417 9456 9418
f 9417 9455 9456
f 9418 9457 9419
f 9418 9456 9457
f 9419 9458 9420
f 9419 9457 9458
f 9420 9459 9421
f 9420 9458 9459
f 9421 9460 9422
f 9421 9459 9460
f 9422 9461 9423
f 9422 9460 9461
f 9423 9462 9424
f 9423 9461 9462
f 9424 9463 9425
f 9424 9462 9463
f 9425 9464 9426
f 9425 9463 9464
f 9426 9465 9427
f 9426 9464 9465
f 9427 9466 9428
f 9427 9465 9466
f 9428 9467 9429
f 9428 9466 9467
f 9429 9468 9430
f 9429 9467 9468
f 9430 9469 9431
f 9430 9468 9469
f 9431 9470 9432
f 9431 9469 9470
f 9432 9471 9433
f 9432 9470 9471
f 9433 9472 9434
f 9433 9471 9472
f 9434 9473 9435
f 9434 9472 9473
f 9435 9474 9436
f 9435 9473 9474
f 9474 8998 8994
f 9474 8994 9436
f 9000 9475 9437
f 9000 9437 8996
f 9437 9476 9438
f 9437 9475 9476
f 9438 9477 9439
f 9438 9476 9477
f 9439 9478 9440
f 9439 9477 9478
f 9440 9479 9441
f 9440 9478 9479
f 9441 9480 9442
f 9441 9479 9480
f 9442 9481 9443
f 9442 9480 9481
f 9443 9482 9444
f 9443 9481 9482
f 9444 9483 9445
f 9444 9482 9483
f 9445 9484 9446
f 9445 9483 9484
f 9446 9485 9447
f 9446 9484 9485
f 9447 9486 9448
f 9447 9485 9486
f 9448 9487 9449
f 9448 9486 9487
f 9449 9488 9450
f 9449 9487 9488
f 9450 9489 9451
f 9450 9488 9489
f 9451 9490 9452
f 9451 9489 9490
f 9452 9491 9453
f 9452 9490 9491
f 9453 9492 9454
f 9453 9491 9492
f 9454 9493 9455
f 9454 9492 9493
f 9455 9494 9456
f 9455 9493 9494
f 9456 9495 9457
f 9456 9494 9495
f 9457 9496 9458
f 9457 9495 9496
f 9458 9497 9459
f 9458 9496 9497
f 9459 9498 9460
f 9459 9497 9498
f 9460 9499 9461
f 9460 9498 9499
f 9461 9500 9462
f 9461 9499 9500
f 9462 9501 9463
f 9462 9500 9501
f 9463 9502 9464
f 9463 9501 9502
f 9464 9503 9465
f 9464 9502 9503
f 9465 9504 9466
f 9465 9503 9504
f 9466 9505 9467
f 9466 9504 9505
f 9467 9506 9468
f 9467 9505 9506
f 9468 9507 9469
f 9468 9506 9507
f 9469 9508 9470
f 9469 9507 9508
f 9470 9509 9471
f 9470 9508 9509
f 9471 9510 9472
f 9471 9509 9510
f 9472 9511 9473
f 9472 9510 9511
f 9473 9512 9474
f 9473 9511 9512
f 9512 9002 8998
f 9512 8998 9474
f 9004 9513 9475
f 9004 9475 9000
f 9475 9514 9476
f 9475 9513 9514
f 9476 9515 9477
f 9476 9514 9515
f 9477 9516 9478
f 9477 9515 9516
f 9478 9517 9479
f 9478 9516 9517
f 9479 9518 9480
f 9479 9517 9518
f 9480 9519 9481
f 9480 9518 9519
f 9481 9520 9482
f 9481 9519 9520
f 9482 9521 9483
f 9482 9520 9521
f 9483 9522 9484
f 9483 9521 9522
f 9484 9523 9485
f 9484 9522 9523
f 9485 9524 9486
f 9485 9523 9524
f 9486 9525 9487
f 9486 9524 9525
f 9487 9526 9488
f 9487 9525 9526
f 9488 9527 9489
f 9488 9526 9527
f 9489 9528 9490
f 9489 9527 9528
f 9490 9529 9491
f 9490 9528 9529
f 9491 9530 9492
f 9491 9529 9530
f 9492 9531 9493
f 9492 9530 9531
f 9493 9532 9494
f 9493 9531 9532
f 9494 9533 9495
f 9494 9532 9533
f 9495 9534 9496
f 9495 9533 9534
f 9496 9535 9497
f 9496 9534 9535
f 9497 9536 9498
f 9497 9535 9536
f 9498 9537 9499
f 9498 9536 9537
f 9499 9538 9500
f 9499 9537 9538
f 9500 9539 9501
f 9500 9538 9539
f 9501 9540 9502
f 9501 9539 9540
f 9502 9541 9503
f 9502 9540 9541
f 9503 9542 9504
f 9503 9541 9542
f 9504 9543 9505
f 9504 9542 9543
f 9505 9544 9506
f 9505 9543 9544
f 9506 9545 9507
f 9506 9544 9545
f 9507 9546 9508
f 9507 9545 9546
f 9508 9547 9509
f 9508 9546 9547
f 9509 9548 9510
f 9509 9547 9548
f 9510 9549 9511
f 9510 9548 9549
f 9511 9550 9512
f 9511 9549 9550
f 9550 9006 9002
f 9550 9002 9512
f 9008 9551 9513
f 9008 9513 9004
f 9513 9552 9514
f 9513 9551 9552
f 9514 9553 9515
f 9514 9552 9553
f 9515 9554 9516
f 9515 9553 9554
f 9516 9555 9517
f 9516 9554 9555
f 9517 9556 9518
f 9517 9555 9556
f 9518 9557 9519
f 9518 9556 9557
f 9519 9558 9520
f 9519 9557 9558
f 9520 9559 9521
f 9520 9558 9559
f 9521 9560 9522
f 9521 9559 9560
f 9522 9561 9523
f 9522 9560 9561
f 9523 9562 9524
f 9523 9561 9562
f 9524 9563 9525
f 9524 9562 9563
f 9525 9564 9526
f 9525 9563 9564
f 9526 9565 9527
f 9526 9564 9565
f 9527 9566 9528
f 9527 9565 9566
f 9528 9567 9529
f 9528 9566 9567
f 9529 9568 9530
f 9529 9567 9568
f 9530 9569 9531
f 9530 9568 9569
f 9531 9570 9532
f 9531 9569 9570
f 9532 9571 9533
f 9532 9570 9571
f 9533 9572 9534
f 9533 9571 9572
f 9534 9573 9535
f 9534 9572 9573
f 9535 9574 9536
f 9535 9573 9574
f 9536 9575 9537
f 9536 9574 9575
f 9537 9576 9538
f 9537 9575 9576
f 9538 9577 9539
f 9538 9576 9577
f 9539 9578 9540
f 9539 9577 9578
f 9540 9579 9541
f 9540 9578 9579
f 9541 9580 9542
f 9541 9579 9580
f 9542 9581 9543
f 9542 9580 9581
f 9543 9582 9544
f 9543 9581 9582
f 9544 9583 9545
f 9544 9582 9583
f 9545 9584 9546
f 9545 9583 9584
f 9546 9585 9547
f 9546 9584 9585
f 9547 9586 9548
f 9547 9585 9586
f 9548 9587 9549
f 9548 9586 9587
f 9549 9588 9550
f 9549 9587 9588
f 9588 9010 9006
f 9588 9006 9550
f 9012 9589 9551
f 9012 9551 9008
f 9551 9590 9552
f 9551 9589 9590
f 9552 9591 9553
f 9552 9590 9591
f 9553 9592 9554
f 9553 9591 9592
f 9554 9593 9555
f 9554 9592 9593
f 9555 9594 9556
f 9555 9593 9594
f 9556 9595 9557
f 9556 9594 9595
f 9557 9596 9558
f 9557 9595 9596
f 9558 9597 9559
f 9558 9596 9597
f 9559 9598 9560
f 9559 9597 9598
f 9560 9599 9561
f 9560 9598 9599
f 9561 9600 9562
f 9561 9599 9600
f 9562 9601 9563
f 9562 9600 9601
f 9563 9602 9564
f 9563 9601 9602
f 9564 9603 9565
f 9564 9602 9603
f 9565 9604 9566
f 9565 9603 9604
f 9566 9605 9567
f 9566 9604 9605
f 9567 9606 9568
f 9567 9605 9606
f 9568 9607 9569
f 9568 9606 9607
f 9569 9608 9570
f 9569 9607 9608
f 9570 9609 9571
f 9570 9608 9609
f 9571 9610 9572
f 9571 9609 9610
f 9572 9611 9573
f 9572 9610 9611
f 9573 9612 9574
f 9573 9611 9612
f 9574 9613 9575
f 9574 9612 9613
f 9575 9614 9576
f 9575 9613 9614
f 9576 9615 9577
f 9576 9614 9615
f 9577 9616 9578
f 9577 9615 9616
f 9578 9617 9579
f 9578 9616 9617
f 9579 9618 9580
f 9579 9617 9618
f 9580 9619 9581
f 9580 9618 9619
f 9581 9620 9582
f 9581 9619 9620
f 9582 9621 9583
f 9582 9620 9621
f 9583 9622 9584
f 9583 9621 9622
f 9584 9623 9585
f 9584 9622 9623
f 9585 9624 9586
f 9585 9623 9624
f 9586 9625 9587
f 9586 9624 9625
f 9587 9626 9588
f 9587 9625 9626
f 9626 9014 9010
f 9626 9010 9588
f 9016 9627 9589
f 9016 9589 9012
f 9589 9628 9590
f 9589 9627 9628
f 9590 9629 9591
f 9590 9628 9629
f 9591 9630 9592
f 9591 9629 9630
f 9592 9631 9593
f 9592 9630 9631
f 9593 9632 9594
f 9593 9631 9632
f 9594 9633 9595
f 9594 9632 9633
f 9595 9634 9596
f 9595 9633 9634
f 9596 9635 9597
f 9596 9634 9635
f 9597 9636 9598
f 9597 9635 9636
f 9598 9637 9599
f 9598 9636 9637
f 9599 9638 9600
f 9599 9637 9638
f 9600 9639 9601
f 9600 9638 9639
f 9601 9640 9602
f 9601 9639 9640
f 9602 9641 9603
f 9602 9640 9641
f 9603 9642 9604
f 9603 9641 9642
f 9604 9643 9605
f 9604 9642 9643
f 9605 9644 9606
f 9605 9643 9644
f 9606 9645 9607
f 9606 9644 9645
f 9607 9646 9608
f 9607 9645 9646
f 9608 9647 9609
f 9608 9646 9647
f 9609 9648 9610
f 9609 9647 9648
f 9610 9649 9611
f 9610 9648 9649
f 9611 9650 9612
f 9611 9649 9650
f 9612 9651 9613
f 9612 9650 9651
f 9613 9652 9614
f 9613 9651 9652
f 9614 9653 9615
f 9614 9652 9653
f 9615 9654 9616
f 9615 9653 9654
f 9616 9655 9617
f 9616 9654 9655
f 9617 9656 9618
f 9617 9655 9656
f 9618 9657 9619
f 9618 9656 9657
f 9619 9658 9620
f 9619 9657 9658
f 9620 9659 9621
f 9620 9658 9659
f 9621 9660 9622
f 9621 9659 9660
f 9622 9661 9623
f 9622 9660 9661
f 9623 9662 9624
f 9623 9661 9662
f 9624 9663 9625
f 9624 9662 9663
f 9625 9664 9626
f 9625 9663 9664
f 9664 9018 9014
f 9664 9014 9626
f 9020 9665 9627
f 9020 9627 9016
f 9627 9666 9628
f 9627 9665 9666
f 9628 9667 9629
f 9628 9666 9667
f 9629 9668 9630
f 9629 9667 9668
f 9630 9669 9631
f 9630 9668 9669
f 9631 9670 9632
f 9631 9669 9670
f 9632 9671 9633
f 9632 9670 9671
f 9633 9672 9634
f 9633 9671 9672
f 9634 9673 9635
f 9634 9672 9673
f 9635 9674 9636
f 9635 9673 9674
f 9636 9675 9637
f 9636 9674 9675
f 9637 9676 9638
f 9637 9675 9676
f 9638 9677 9639
f 9638 9676 9677
f 9639 9678 9640
f 9639 9677 9678
f 9640 9679 9641
f 9640 9678 9679
f 9641 9680 9642
f 9641 9679 9680
f 9642 9681 9643
f 9642 9680 9681
f 9643 9682 9644
f 9643 9681 9682
f 9644 9683 9645
f 9644 9682 9683
f 9645 9684 9646
f 9645 9683 9684
f 9646 9685 9647
f 9646 9684 9685
f 9647 9686 9648
f 9647 9685 9686
f 9648 9687 9649
f 9648 9686 9687
f 9649 9688 9650
f 9649 9687 9688
f 9650 9689 9651
f 9650 9688 9689
f 9651 9690 9652
f 9651 9689 9690
f 9652 9691 9653
f 9652 9690 9691
f 9653 9692 9654
f 9653 9691 9692
f 9654 9693 9655
f 9654 9692 9693
f 9655 9694 9656
f 9655 9693 9694
f 9656 9695 9657
f 9656 9694 9695
f 9657 9696 9658
f 9657 9695 9696
f 9658 9697 9659
f 9658 9696 9697
f 9659 9698 9660
f 9659 9697 9698
f 9660 9699 9661
f 9660 9698 9699
f 9661 9700 9662
f 9661 9699 9700
f 9662 9701 9663
f 9662 9700 9701
f 9663 9702 9664
f 9663 9701 9702
f 9702 9022 9018
f 9702 9018 9664
f 9024 9703 9665
f 9024 9665 9020
f 9665 9704 9666
f 9665 9703 9704
f 9666 9705 9667
f 9666 9704 9705
f 9667 9706 9668
f 9667 9705 9706
f 9668 9707 9669
f 9668 9706 9707
f 9669 9708 9670
f 9669 9707 9708
f 9670 9709 9671
f 9670 9708 9709
f 9671 9710 9672
f 9671 9709 9710
f 9672 9711 9673
f 9672 9710 9711
f 9673 9712 9674
f 9673 9711 9712
f 9674 9713 9675
f 9674 9712 9713
f 9675 9714 9676
f 9675 9713 9714
f 9676 9715 9677
f 9676 9714 9715
f 9677 9716 9678
f 9677 9715 9716
f 9678 9717 9679
f 9678 9716 9717
f 9679 9718 9680
f 9679 9717 9718
f 9680 9719 9681
f 9680 9718 9719
f 9681 9720 9682
f 9681 9719 9720
f 9682 9721 9683
f 9682 9720 9721
f 9683 9722 9684
f 9683 9721 9722
f 9684 9723 9685
f 9684 9722 9723
f 9685 9724 9686
f 9685 9723 9724
f 9686 9725 9687
f 9686 9724 9725
f 9687 9726 9688
f 9687 9725 9726
f 9688 9727 9689
f 9688 9726 9727
f 9689 9728 9690
f 9689 9727 9728
f 9690 9729 9691
f 9690 9728 9729
f 9691 9730 9692
f 9691 9729 9730
f 9692 9731 9693
f 9692 9730 9731
f 9693 9732 9694
f 9693 9731 9732
f 9694 9733 9695
f 9694 9732 9733
f 9695 9734 9696
f 9695 9733 9734
f 9696 9735 9697
f 9696 9734 9735
f 9697 9736 9698
f 9697 9735 9736
f 9698 9737 9699
f 9698 9736 9737
f 9699 9738 9700
f 9699 9737 9738
f 9700 9739 9701
f 9700 9738 9739
f 9701 9740 9702
f 9701 9739 9740
f 9740 9026 9022
f 9740 9022 9702
f 9028 9741 9703
f 9028 9703 9024
f 9703 9742 9704
f 9703 9741 9742
f 9704 9743 9705
f 9704 9742 9743
f 9705 9744 9706
f 9705 9743 9744
f 9706 9745 9707
f 9706 9744 9745
f 9707 9746 9708
f 9707 9745 9746
f 9708 9747 9709
f 9708 9746 9747
f 9709 9748 9710
f 9709 9747 9748
f 9710 9749 9711
f 9710 9748 9749
f 9711 9750 9712
f 9711 9749 9750
f 9712 9751 9713
f 9712 9750 9751
f 9713 9752 9714
f 9713 9751 9752
f 9714 9753 9715
f 9714 9752 9753
f 9715 9754 9716
f 9715 9753 9754
f 9716 9755 9717
f 9716 9754 9755
f 9717 9756 9718
f 9717 9755 9756
f 9718 9757 9719
f 9718 9756 9757
f 9719 9758 9720
f 9719 9757 9758
f 9720 9759 9721
f 9720 9758 9759
f 9721 9760 9722
f 9721 9759 9760
f 9722 9761 9723
f 9722 9760 9761
f 9723 9762 9724
f 9723 9761 9762
f 9724 9763 9725
f 9724 9762 9763
f 9725 9764 9726
f 9725 9763 9764
f 9726 9765 9727
f 9726 9764 9765
f 9727 9766 9728
f 9727 9765 9766
f 9728 9767 9729
f 9728 9766 9767
f 9729 9768 9730
f 9729 9767 9768
f 9730 9769 9731
f 9730 9768 9769
f 9731 9770 9732
f 9731 9769 9770
f 9732 9771 9733
f 9732 9770 9771
f 9733 9772 9734
f 9733 9771 9772
f 9734 9773 9735
f 9734 9772 9773
f 9735 9774 9736
f 9735 9773 9774
f 9736 9775 9737
f 9736 9774 9775
f 9737 9776 9738
f 9737 9775 9776
f 9738 9777 9739
f 9738 9776 9777
f 9739 9778 9740
f 9739 9777 9778
f 9778 9030 9026
f 9778 9026 9740
f 9032 9779 9741
f 9032 9741 9028
f 9741 9780 9742
f 9741 9779 9780
f 9742 9781 9743
f 9742 9780 9781
f 9743 9782 9744
f 9743 9781 9782
f 9744 9783 9745
f 9744 9782 9783
f 9745 9784 9746
f 9745 9783 9784
f 9746 9785 9747
f 9746 9784 9785
f 9747 9786 9748
f 9747 9785 9786
f 9748 9787 9749
f 9748 9786 9787
f 9749 9788 9750
f 9749 9787 9788
f 9750 9789 9751
f 9750 9788 9789
f 9751 9790 9752
f 9751 9789 9790
f 9752 9791 9753
f 9752 9790 9791
f 9753 9792 9754
f 9753 9791 9792
f 9754 9793 9755
f 9754 9792 9793
f 9755 9794 9756
f 9755 9793 9794
f 9756 9795 9757
f 9756 9794 9795
f 9757 9796 9758
f 9757 9795 9796
f 9758 9797 9759
f 9758 9796 9797
f 9759 9798 9760
f 9759 9797 9798
f 9760 9799 9761
f 9760 9798 9799
f 9761 9800 9762
f 9761 9799 9800
f 9762 9801 9763
f 9762 9800 9801
f 9763 9802 9764
f 9763 9801 9802
f 9764 9803 9765
f 9764 9802 9803
f 9765 9804 9766
f 9765 9803 9804
f 9766 9805 9767
f 9766 9804 9805
f 9767 9806 9768
f 9767 9805 9806
f 9768 9807 9769
f 9768 9806 9807
f 9769 9808 9770
f 9769 9807 9808
f 9770 9809 9771
f 9770 9808 9809
f 9771 9810 9772
f 9771 9809 9810
f 9772 9811 9773
f 9772 9810 9811
f 9773 9812 9774
f 9773 9811 9812
f 9774 9813 9775
f 9774 9812 9813
f 9775 9814 9776
f 9775 9813 9814
f 9776 9815 9777
f 9776 9814 9815
f 9777 9816 9778
f 9777 9815 9816
f 9816 9034 9030
f 9816 9030 9778
f 9036 9817 9779
f 9036 9779 9032
f 9779 9818 9780
f 9779 9817 9818
f 9780 9819 9781
f 9780 9818 9819
f 9781 9820 9782
f 9781 9819 9820
f 9782 9821 9783
f 9782 9820 9821
f 9783 9822 9784
f 9783 9821 9822
f 9784 9823 9785
f 9784 9822 9823
f 9785 9824 9786
f 9785 9823 9824
f 9786 9825 9787
f 9786 9824 9825
f 9787 9826 9788
f 9787 9825 9826
f 9788 9827 9789
f 9788 9826 9827
f 9789 9828 9790
f 9789 9827 9828
f 9790 9829 9791
f 9790 9828 9829
f 9791 9830 9792
f 9791 9829 9830
f 9792 9831 9793
f 9792 9830 9831
f 9793 9832 9794
f 9793 9831 9832
f 9794 9833 9795
f 9794 9832 9833
f 9795 9834 9796
f 9795 9833 9834
f 9796 9835 9797
f 9796 9834 9835
f 9797 9836 9798
f 9797 9835 9836
f 9798 9837 9799
f 9798 9836 9837
f 9799 9838 9800
f 9799 9837 9838
f 9800 9839 9801
f 9800 9838 9839
f 9801 9840 9802
f 9801 9839 9840
f 9802 9841 9803
f 9802 9840 9841
f 9803 9842 9804
f 9803 9841 9842
f 9804 9843 9805
f 9804 9842 9843
f 9805 9844 9806
f 9805 9843 9844
f 9806 9845 9807
f 9806 9844 9845
f 9807 9846 9808
f 9807 9845 9846
f 9808 9847 9809
f 9808 9846 9847
f 9809 9848 9810
f 9809 9847 9848
f 9810 9849 9811
f 9810 9848 9849
f 9811 9850 9812
f 9811 9849 9850
f 9812 9851 9813
f 9812 9850 9851
f 9813 9852 9814
f 9813 9851 9852
f 9814 9853 9815
f 9814 9852 9853
f 9815 9854 9816
f 9815 9853 9854
f 9854 9038 9034
f 9854 9034 9816
f 9040 9855 9817
f 9040 9817 9036
f 9817 9856 9818
f 9817 9855 9856
f 9818 9857 9819
f 9818 9856 9857
f 9819 9858 9820
f 9819 9857 9858
f 9820 9859 9821
f 9820 9858 9859
f 9821 9860 9822
f 9821 9859 9860
f 9822 9861 9823
f 9822 9860 9861
f 9823 9862 9824
f 9823 9861 9862
f 9824 9863 9825
f 9824 9862 9863
f 9825 9864 9826
f 9825 9863 9864
f 9826 9865 9827
f 9826 9864 9865
f 9827 9866 9828
f 9827 9865 9866
f 9828 9867 9829
f 9828 9866 9867
f 9829 9868 9830
f 9829 9867 9868
f 9830 9869 9831
f 9830 9868 9869
f 9831 9870 9832
f 9831 9869 9870
f 9832 9871 9833
f 9832 9870 9871
f 9833 9872 9834
f 9833 9871 9872
f 9834 9873 9835
f 9834 9872 9873
f 9835 9874 9836
f 9835 9873 9874
f 9836 9875 9837
f 9836 9874 9875
f 9837 9876 9838
f 9837 9875 9876
f 9838 9877 9839
f 9838 9876 9877
f 9839 9878 9840
f 9839 9877 9878
f 9840 9879 9841
f 9840 9878 9879
f 9841 9880 9842
f 9841 9879 9880
f 9842 9881 9843
f 9842 9880 9881
f 9843 9882 9844
f 9843 9881 9882
f 9844 9883 9845
f 9844 9882 9883
f 9845 9884 9846
f 9845 9883 9884
f 9846 9885 9847
f 9846 9884 9885
f 9847 9886 9848
f 9847 9885 9886
f 9848 9887 9849
f 9848 9886 9887
f 9849 9888 9850
f 9849 9887 9888
f 9850 9889 9851
f 9850 9888 9889
f 9851 9890 9852
f 9851 9889 9890
f 9852 9891 9853
f 9852 9890 9891
f 9853 9892 9854
f 9853 9891 9892
f 9892 9042 9038
f 9892 9038 9854
f 9044 9893 9855
f 9044 9855 9040
f 9855 9894 9856
f 9855 9893 9894
f 9856 9895 9857
f 9856 9894 9895
f 9857 9896 9858
f 9857 9895 9896
f 9858 9897 9859
f 9858 9896 9897
f 9859 9898 9860
f 9859 9897 9898
f 9860 9899 9861
f 9860 9898 9899
f 9861 9900 9862
f 9861 9899 9900
f 9862 9901 9863
f 9862 9900 9901
f 9863 9902 9864
f 9863 9901 9902
f 9864 9903 9865
f 9864 9902 9903
f 9865 9904 9866
f 9865 9903 9904
f 9866 9905 9867
f 9866 9904 9905
f 9867 9906 9868
f 9867 9905 9906
f 9868 9907 9869
f 9868 9906 9907
f 9869 9908 9870
f 9869 9907 9908
f 9870 9909 9871
f 9870 9908 9909
f 9871 9910 9872
f 9871 9909 9910
f 9872 9911 9873
f 9872 9910 9911
f 9873 9912 9874
f 9873 9911 9912
f 9874 9913 9875
f 9874 9912 9913
f 9875 9914 9876
f 9875 9913 9914
f 9876 9915 9877
f 9876 9914 9915
f 9877 9916 9878
f 9877 9915 9916
f 9878 9917 9879
f 9878 9916 9917
f 9879 9918 9880
f 9879 9917 9918
f 9880 9919 9881
f 9880 9918 9919
f 9881 9920 9882
f 9881 9919 9920
f 9882 9921 9883
f 9882 9920 9921
f 9883 9922 9884
f 9883 9921 9922
f 9884 9923 9885
f 9884 9922 9923
f 9885 9924 9886
f 9885 9923 9924
f 9886 9925 9887
f 9886 9924 9925
f 9887 9926 9888
f 9887 9925 9926
f 9888 9927 9889
f 9888 9926 9927
f 9889 9928 9890
f 9889 9927 9928
f 9890 9929 9891
f 9890 9928 9929
f 9891 9930 9892
f 9891 9929 9930
f 9930 9046 9042
f 9930 9042 9892
f 9048 9931 9893
f 9048 9893 9044
f 9893 9932 9894
f 9893 9931 9932
f 9894 9933 9895
f 9894 9932 9933
f 9895 9934 9896
f 9895 9933 9934
f 9896 9935 9897
f 9896 9934 9935
f 9897 9936 9898
f 9897 9935 9936
f 9898 9937 9899
f 9898 9936 9937
f 9899 9938 9900
f 9899 9937 9938
f 9900 9939 9901
f 9900 9938 9939
f 9901 9940 9902
f 9901 9939 9940
f 9902 9941 9903
f 9902 9940 9941
f 9903 9942 9904
f 9903 9941 9942
f 9904 9943 9905
f 9904 9942 9943
f 9905 9944 9906
f 9905 9943 9944
f 9906 9945 9907
f 9906 9944 9945
f 9907 9946 9908
f 9907 9945 9946
f 9908 9947 9909
f 9908 9946 9947
f 9909 9948 9910
f 9909 9947 9948
f 9910 9949 9911
f 9910 9948 9949
f 9911 9950 9912
f 9911 9949 9950
f 9912 9951 9913
f 9912 9950 9951
f 9913 9952 9914
f 9913 9951 9952
f 9914 9953 9915
f 9914 9952 9953
f 9915 9954 9916
f 9915 9953 9954
f 9916 9955 9917
f 9916 9954 9955
f 9917 9956 9918
f 9917 9955 9956
f 9918 9957 9919
f 9918 9956 9957
f 9919 9958 9920
f 9919 9957 9958
f 9920 9959 9921
f 9920 9958 9959
f 9921 9960 9922
f 9921 9959 9960
f 9922 9961 9923
f 9922 9960 9961
f 9923 9962 9924
f 9923 9961 9962
f 9924 9963 9925
f 9924 9962 9963
f 9925 9964 9926
f 9925 9963 9964
f 9926 9965 9927
f 9926 9964 9965
f 9927 9966 9928
f 9927 9965 9966
f 9928 9967 9929
f 9928 9966 9967
f 9929 9968 9930
f 9929 9967 9968
f 9968 9050 9046
f 9968 9046 9930
f 9052 9969 9931
f 9052 9931 9048
f 9931 9970 9932
f 9931 9969 9970
f 9932 9971 9933
f 9932 9970 9971
f 9933 9972 9934
f 9933 9971 9972
f 9934 9973 9935
f 9934 9972 9973
f 9935 9974 9936
f 9935 9973 9974
f 9936 9975 9937
f 9936 9974 9975
f 9937 9976 9938
f 9937 9975 9976
f 9938 9977 9939
f 9938 9976 9977
f 9939 9978 9940
f 9939 9977 9978
f 9940 9979 9941
f 9940 9978 9979
f 9941 9980 9942
f 9941 9979 9980
f 9942 9981 9943
f 9942 9980 9981
f 9943 9982 9944
f 9943 9981 9982
f 9944 9983 9945
f 9944 9982 9983
f 9945 9984 9946
f 9945 9983 9984
f 9946 9985 9947
f 9946 9984 9985
f 9947 9986 9948
f 9947 9985 9986
f 9948 9987 9949
f 9948 9986 9987
f 9949 9988 9950
f 9949 9987 9988
f 9950 9989 9951
f 9950 9988 9989
f 9951 9990 9952
f 9951 9989 9990
f 9952 9991 9953
f 9952 9990 9991
f 9953 9992 9954
f 9953 9991 9992
f 9954 9993 9955
f 9954 9992 9993
f 9955 9994 9956
f 9955 9993 9994
f 9956 9995 9957
f 9956 9994 9995
f 9957 9996 9958
f 9957 9995 9996
f 9958 9997 9959
f 9958 9996 9997
f 9959 9998 9960
f 9959 9997 9998
f 9960 9999 9961
f 9960 9998 9999
f 9961 10000 9962
f 9961 9999 10000
f 9962 10001 9963
f 9962 10000 10001
f 9963 10002 9964
f 9963 10001 10002
f 9964 10003 9965
f 9964 10002 10003
f 9965 10004 9966
f 9965 10003 10004
f 9966 10005 9967
f 9966 10004 10005
f 9967 10006 9968
f 9967 10005 10006
f 10006 9054 9050
f 10006 9050 9968
f 9056 10007 9969
f 9056 9969 9052
f 9969 10008 9970
f 9969 10007 10008
f 9970 10009 9971
f 9970 10008 10009
f 9971 10010 9972
f 9971 10009 10010
f 9972 10011 9973
f 9972 10010 10011
f 9973 10012 9974
f 9973 10011 10012
f 9974 10013 9975
f 9974 10012 10013
f 9975 10014 9976
f 9975 10013 10014
f 9976 10015 9977
f 9976 10014 10015
f 9977 10016 9978
f 9977 10015 10016
f 9978 10017 9979
f 9978 10016 10017
f 9979 10018 9980
f 9979 10017 10018
f 9980 10019 9981
f 9980 10018 10019
f 9981 10020 9982
f 9981 10019 10020
f 9982 10021 9983
f 9982 10020 10021
f 9983 10022 9984
f 9983 10021 10022
f 9984 10023 9985
f 9984 10022 10023
f 9985 10024 9986
f 9985 10023 10024
f 9986 10025 9987
f 9986 10024 10025
f 9987 10026 9988
f 9987 10025 10026
f 9988 10027 9989
f 9988 10026 10027
f 9989 10028 9990
f 9989 10027 10028
f 9990 10029 9991
f 9990 10028 10029
f 9991 10030 9992
f 9991 10029 10030
f 9992 10031 9993
f 9992 10030 10031
f 9993 10032 9994
f 9993 10031 10032
f 9994 10033 9995
f 9994 10032 10033
f 9995 10034 9996
f 9995 10033 10034
f 9996 10035 9997
f 9996 10034 10035
f 9997 10036 9998
f 9997 10035 10036
f 9998 10037 9999
f 9998 10036 10037
f 9999 10038 10000
f 9999 10037 10038
f 10000 10039 10001
f 10000 10038 10039
f 10001 10040 10002
f 10001 10039 10040
f 10002 10041 10003
f 10002 10040 10041
f 10003 10042 10004
f 10003 10041 10042
f 10004 10043 10005
f 10004 10042 10043
f 10005 10044 10006
f 10005 10043 10044
f 10044 9058 9054
f 10044 9054 10006
f 9060 10045 10007
f 9060 10007 9056
f 10007 10046 10008
f 10007 10045 10046
f 10008 10047 10009
f 10008 10046 10047
f 10009 10048 10010
f 10009 10047 10048
f 10010 10049 10011
f 10010 10048 10049
f 10011 10050 10012
f 10011 10049 10050
f 10012 10051 10013
f 10012 10050 10051
f 10013 10052 10014
f 10013 10051 10052
f 10014 10053 10015
f 10014 10052 10053
f 10015 10054 10016
f 10015 10053 10054
f 10016 10055 10017
f 10016 10054 10055
f 10017 10056 10018
f 10017 10055 10056
f 10018 10057 10019
f 10018 10056 10057
f 10019 10058 10020
f 10019 10057 10058
f 10020 10059 10021
f 10020 10058 10059
f 10021 10060 10022
f 10021 10059 10060
f 10022 10061 10023
f 10022 10060 10061
f 10023 10062 10024
f 10023 10061 10062
f 10024 10063 10025
f 10024 10062 10063
f 10025 10064 10026
f 10025 10063 10064
f 10026 10065 10027
f 10026 10064 10065
f 10027 10066 10028
f 10027 10065 10066
f 10028 10067 10029
f 10028 10066 10067
f 10029 10068 10030
f 10029 10067 10068
f 10030 10069 10031
f 10030 10068 10069
f 10031 10070 10032
f 10031 10069 10070
f 10032 10071 10033
f 10032 10070 10071
f 10033 10072 10034
f 10033 10071 10072
f 10034 10073 10035
f 10034 10072 10073
f 10035 10074 10036
f 10035 10073 10074
f 10036 10075 10037
f 10036 10074 10075
f 10037 10076 10038
f 10037 10075 10076
f 10038 10077 10039
f 10038 10076 10077
f 10039 10078 10040
f 10039 10077 10078
f 10040 10079 10041
f 10040 10078 10079
f 10041 10080 10042
f 10041 10079 10080
f 10042 10081 10043
f 10042 10080 10081
f 10043 10082 10044
f 10043 10081 10082
f 10082 9062 9058
f 10082 9058 10044
f 9064 10083 10045
f 9064 10045 9060
f 10045 10084 10046
f 10045 10083 10084
f 10046 10085 10047
f 10046 10084 10085
f 10047 10086 10048
f 10047 10085 10086
f 10048 10087 10049
f 10048 10086 10087
f 10049 10088 10050
f 10049 10087 10088
f 10050 10089 10051
f 10050 10088 10089
f 10051 10090 10052
f 10051 10089 10090
f 10052 10091 10053
f 10052 10090 10091
f 10053 10092 10054
f 10053 10091 10092
f 10054 10093 10055
f 10054 10092 10093
f 10055 10094 10056
f 10055 10093 10094
f 10056 10095 10057
f 10056 10094 10095
f 10057 10096 10058
f 10057 10095 10096
f 10058 10097 10059
f 10058 10096 10097
f 10059 10098 10060
f 10059 10097 10098
f 10060 10099 10061
f 10060 10098 10099
f 10061 10100 10062
f 10061 10099 10100
f 10062 10101 10063
f 10062 10100 10101
f 10063 10102 10064
f 10063 10101 10102
f 10064 10103 10065
f 10064 10102 10103
f 10065 10104 10066
f 10065 10103 10104
f 10066 10105 10067
f 10066 10104 10105
f 10067 10106 10068
f 10067 10105 10106
f 10068 10107 10069
f 10068 10106 10107
f 10069 10108 10070
f 10069 10107 10108
f 10070 10109 10071
f 10070 10108 10109
f 10071 10110 10072
f 10071 10109 10110
f 10072 10111 10073
f 10072 10110 10111
f 10073 10112 10074
f 10073 10111 10112
f 10074 10113 10075
f 10074 10112 10113
f 10075 10114 10076
f 10075 10113 10114
f 10076 10115 10077
f 10076 10114 10115
f 10077 10116 10078
f 10077 10115 10116
f 10078 10117 10079
f 10078 10116 10117
f 10079 10118 10080
f 10079 10117 10118
f 10080 10119 10081
f 10080 10118 10119
f 10081 10120 10082
f 10081 10119 10120
f 10120 9066 9062
f 10120 9062 10082
f 9068 10121 10083
f 9068 10083 9064
f 10083 10122 10084
f 10083 10121 10122
f 10084 10123 10085
f 10084 10122 10123
f 10085 10124 10086
f 10085 10123 10124
f 10086 10125 10087
f 10086 10124 10125
f 10087 10126 10088
f 10087 10125 10126
f 10088 10127 10089
f 10088 10126 10127
f 10089 10128 10090
f 10089 10127 10128
f 10090 10129 10091
f 10090 10128 10129
f 10091 10130 10092
f 10091 10129 10130
f 10092 10131 10093
f 10092 10130 10131
f 10093 10132 10094
f 10093 10131 10132
f 10094 10133 10095
f 10094 10132 10133
f 10095 10134 10096
f 10095 10133 10134
f 10096 10135 10097
f 10096 10134 10135
f 10097 10136 10098
f 10097 10135 10136
f 10098 10137 10099
f 10098 10136 10137
f 10099 10138 10100
f 10099 10137 10138
f 10100 10139 10101
f 10100 10138 10139
f 10101 10140 10102
f 10101 10139 10140
f 10102 10141 10103
f 10102 10140 10141
f 10103 10142 10104
f 10103 10141 10142
f 10104 10143 10105
f 10104 10142 10143
f 10105 10144 10106
f 10105 10143 10144
f 10106 10145 10107
f 10106 10144 10145
f 10107 10146 10108
f 10107 10145 10146
f 10108 10147 10109
f 10108 10146 10147
f 10109 10148 10110
f 10109 10147 10148
f 10110 10149 10111
f 10110 10148 10149
f 10111 10150 10112
f 10111 10149 10150
f 10112 10151 10113
f 10112 10150 10151
f 10113 10152 10114
f 10113 10151 10152
f 10114 10153 10115
f 10114 10152 10153
f 10115 10154 10116
f 10115 10153 10154
f 10116 10155 10117
f 10116 10154 10155
f 10117 10156 10118
f 10117 10155 10156
f 10118 10157 10119
f 10118 10156 10157
f 10119 10158 10120
f 10119 10157 10158
f 10158 9070 9066
f 10158 9066 10120
f 9072 10159 10121
f 9072 10121 9068
f 10121 10160 10122
f 10121 10159 10160
f 10122 10161 10123
f 10122 10160 10161
f 10123 10162 10124
f 10123 10161 10162
f 10124 10163 10125
f 10124 10162 10163
f 10125 10164 10126
f 10125 10163 10164
f 10126 10165 10127
f 10126 10164 10165
f 10127 10166 10128
f 10127 10165 10166
f 10128 10167 10129
f 10128 10166 10167
f 10129 10168 10130
f 10129 10167 10168
f 10130 10169 10131
f 10130 10168 10169
f 10131 10170 10132
f 10131 10169 10170
f 10132 10171 10133
f 10132 10170 10171
f 10133 10172 10134
f 10133 10171 10172
f 10134 10173 10135
f 10134 10172 10173
f 10135 10174 10136
f 10135 10173 10174
f 10136 10175 10137
f 10136 10174 10175
f 10137 10176 10138
f 10137 10175 10176
f 10138 10177 10139
f 10138 10176 10177
f 10139 10178 10140
f 10139 10177 10178
f 10140 10179 10141
f 10140 10178 10179
f 10141 10180 10142
f 10141 10179 10180
f 10142 10181 10143
f 10142 10180 10181
f 10143 10182 10144
f 10143 10181 10182
f 10144 10183 10145
f 10144 10182 10183
f 10145 10184 10146
f 10145 10183 10184
f 10146 10185 10147
f 10146 10184 10185
f 10147 10186 10148
f 10147 10185 10186
f 10148 10187 10149
f 10148 10186 10187
f 10149 10188 10150
f 10149 10187 10188
f 10150 10189 10151
f 10150 10188 10189
f 10151 10190 10152
f 10151 10189 10190
f 10152 10191 10153
f 10152 10190 10191
f 10153 10192 10154
f 10153 10191 10192
f 10154 10193 10155
f 10154 10192 10193
f 10155 10194 10156
f 10155 10193 10194
f 10156 10195 10157
f 10156 10194 10195
f 10157 10196 10158
f 10157 10195 10196
f 10196 9074 9070
f 10196 9070 10158
f 9076 10197 10159
f 9076 10159 9072
f 10159 10198 10160
f 10159 10197 10198
f 10160 10199 10161
f 10160 10198 10199
f 10161 10200 10162
f 10161 10199 10200
f 10162 10201 10163
f 10162 10200 10201
f 10163 10202 10164
f 10163 10201 10202
f 10164 10203 10165
f 10164 10202 10203
f 10165 10204 10166
f 10165 10203 10204
f 10166 10205 10167
f 10166 10204 10205
f 10167 10206 10168
f 10167 10205 10206
f 10168 10207 10169
f 10168 10206 10207
f 10169 10208 10170
f 10169 10207 10208
f 10170 10209 10171
f 10170 10208 10209
f 10171 10210 10172
f 10171 10209 10210
f 10172 10211 10173
f 10172 10210 10211
f 10173 10212 10174
f 10173 10211 10212
f 10174 10213 10175
f 10174 10212 10213
f 10175 10214 10176
f 10175 10213 10214
f 10176 10215 10177
f 10176 10214 10215
f 10177 10216 10178
f 10177 10215 10216
f 10178 10217 10179
f 10178 10216 10217
f 10179 10218 10180
f 10179 10217 10218
f 10180 10219 10181
f 10180 10218 10219
f 10181 10220 10182
f 10181 10219 10220
f 10182 10221 10183
f 10182 10220 10221
f 10183 10222 10184
f 10183 10221 10222
f 10184 10223 10185
f 10184 10222 10223
f 10185 10224 10186
f 10185 10223 10224
f 10186 10225 10187
f 10186 10224 10225
f 10187 10226 10188
f 10187 10225 10226
f 10188 10227 10189
f 10188 10226 10227
f 10189 10228 10190
f 10189 10227 10228
f 10190 10229 10191
f 10190 10228 10229
f 10191 10230 10192
f 10191 10229 10230
f 10192 10231 10193
f 10192 10230 10231
f 10193 10232 10194
f 10193 10231 10232
f 10194 10233 10195
f 10194 10232 10233
f 10195 10234 10196
f 10195 10233 10234
f 10234 9078 9074
f 10234 9074 10196
f 9080 10235 10197
f 9080 10197 9076
f 10197 10236 10198
f 10197 10235 10236
f 10198 10237 10199
f 10198 10236 10237
f 10199 10238 10200
f 10199 10237 10238
f 10200 10239 10201
f 10200 10238 10239
f 10201 10240 10202
f 10201 10239 10240
f 10202 10241 10203
f 10202 10240 10241
f 10203 10242 10204
f 10203 10241 10242
f 10204 10243 10205
f 10204 10242 10243
f 10205 10244 10206
f 10205 10243 10244
f 10206 10245 10207
f 10206 10244 10245
f 10207 10246 10208
f 10207 10245 10246
f 10208 10247 10209
f 10208 10246 10247
f 10209 10248 10210
f 10209 10247 10248
f 10210 10249 10211
f 10210 10248 10249
f 10211 10250 10212
f 10211 10249 10250
f 10212 10251 10213
f 10212 10250 10251
f 10213 10252 10214
f 10213 10251 10252
f 10214 10253 10215
f 10214 10252 10253
f 10215 10254 10216
f 10215 10253 10254
f 10216 10255 10217
f 10216 10254 10255
f 10217 10256 10218
f 10217 10255 10256
f 10218 10257 10219
f 10218 10256 10257
f 10219 10258 10220
f 10219 10257 10258
f 10220 10259 10221
f 10220 10258 10259
f 10221 10260 10222
f 10221 10259 10260
f 10222 10261 10223
f 10222 10260 10261
f 10223 10262 10224
f 10223 10261 10262
f 10224 10263 10225
f 10224 10262 10263
f 10225 10264 10226
f 10225 10263 10264
f 10226 10265 10227
f 10226 10264 10265
f 10227 10266 10228
f 10227 10265 10266
f 10228 10267 10229
f 10228 10266 10267
f 10229 10268 10230
f 10229 10267 10268
f 10230 10269 10231
f 10230 10268 10269
f 10231 10270 10232
f 10231 10269 10270
f 10232 10271 10233
f 10232 10270 10271
f 10233 10272 10234
f 10233 10271 10272
f 10272 9082 9078
f 10272 9078 10234
f 9084 10273 10235
f 9084 10235 9080
f 10235 10274 10236
f 10235 10273 10274
f 10236 10275 10237
f 10236 10274 10275
f 10237 10276 10238
f 10237 10275 10276
f 10238 10277 10239
f 10238 10276 10277
f 10239 10278 10240
f 10239 10277 10278
f 10240 10279 10241
f 10240 10278 10279
f 10241 10280 10242
f 10241 10279 10280
f 10242 10281 10243
f 10242 10280 10281
f 10243 10282 10244
f 10243 10281 10282
f 10244 10283 10245
f 10244 10282 10283
f 10245 10284 10246
f 10245 10283 10284
f 10246 10285 10247
f 10246 10284 10285
f 10247 10286 10248
f 10247 10285 10286
f 10248 10287 10249
f 10248 10286 10287
f 10249 10288 10250
f 10249 10287 10288
f 10250 10289 10251
f 10250 10288 10289
f 10251 10290 10252
f 10251 10289 10290
f 10252 10291 10253
f 10252 10290 10291
f 10253 10292 10254
f 10253 10291 10292
f 10254 10293 10255
f 10254 10292 10293
f 10255 10294 10256
f 10255 10293 10294
f 10256 10295 10257
f 10256 10294 10295
f 10257 10296 10258
f 10257 10295 10296
f 10258 10297 10259
f 10258 10296 10297
f 10259 10298 10260
f 10259 10297 10298
f 10260 10299 10261
f 10260 10298 10299
f 10261 10300 10262
f 10261 10299 10300
f 10262 10301 10263
f 10262 10300 10301
f 10263 10302 10264
f 10263 10301 10302
f 10264 10303 10265
f 10264 10302 10303
f 10265 10304 10266
f 10265 10303 10304
f 10266 10305 10267
f 10266 10304 10305
f 10267 10306 10268
f 10267 10305 10306
f 10268 10307 10269
f 10268 10306 10307
f 10269 10308 10270
f 10269 10307 10308
f 10270 10309 10271
f 10270 10308 10309
f 10271 10310 10272
f 10271 10309 10310
f 10310 9086 9082
f 10310 9082 10272
f 9088 10311 10273
f 9088 10273 9084
f 10273 10312 10274
f 10273 10311 10312
f 10274 10313 10275
f 10274 10312 10313
f 10275 10314 10276
f 10275 10313 10314
f 10276 10315 10277
f 10276 10314 10315
f 10277 10316 10278
f 10277 10315 10316
f 10278 10317 10279
f 10278 10316 10317
f 10279 10318 10280
f 10279 10317 10318
f 10280 10319 10281
f 10280 10318 10319
f 10281 10320 10282
f 10281 10319 10320
f 10282 10321 10283
f 10282 10320 10321
f 10283 10322 10284
f 10283 10321 10322
f 10284 10323 10285
f 10284 10322 10323
f 10285 10324 10286
f 10285 10323 10324
f 10286 10325 10287
f 10286 10324 10325
f 10287 10326 10288
f 10287 10325 10326
f 10288 10327 10289
f 10288 10326 10327
f 10289 10328 10290
f 10289 10327 10328
f 10290 10329 10291
f 10290 10328 10329
f 10291 10330 10292
f 10291 10329 10330
f 10292 10331 10293
f 10292 10330 10331
f 10293 10332 10294
f 10293 10331 10332
f 10294 10333 10295
f 10294 10332 10333
f 10295 10334 10296
f 10295 10333 10334
f 10296 10335 10297
f 10296 10334 10335
f 10297 10336 10298
f 10297 10335 10336
f 10298 10337 10299
f 10298 10336 10337
f 10299 10338 10300
f 10299 10337 10338
f 10300 10339 10301
f 10300 10338 10339
f 10301 10340 10302
f 10301 10339 10340
f 10302 10341 10303
f 10302 10340 10341
f 10303 10342 10304
f 10303 10341 10342
f 10304 10343 10305
f 10304 10342 10343
f 10305 10344 10306
f 10305 10343 10344
f 10306 10345 10307
f 10306 10344 10345
f 10307 10346 10308
f 10307 10345 10346
f 10308 10347 10309
f 10308 10346 10347
f 10309 10348 10310
f 10309 10347 10348
f 10348 9090 9086
f 10348 9086 10310
f 9092 10349 10311
f 9092 10311 9088
f 10311 10350 10312
f 10311 10349 10350
f 10312 10351 10313
f 10312 10350 10351
f 10313 10352 10314
f 10313 10351 10352
f 10314 10353 10315
f 10314 10352 10353
f 10315 10354 10316
f 10315 10353 10354
f 10316 10355 10317
f 10316 10354 10355
f 10317 10356 10318
f 10317 10355 10356
f 10318 10357 10319
f 10318 10356 10357
f 10319 10358 10320
f 10319 10357 10358
f 10320 10359 10321
f 10320 10358 10359
f 10321 10360 10322
f 10321 10359 10360
f 10322 10361 10323
f 10322 10360 10361
f 10323 10362 10324
f 10323 10361 10362
f 10324 10363 10325
f 10324 10362 10363
f 10325 10364 10326
f 10325 10363 10364
f 10326 10365 10327
f 10326 10364 10365
f 10327 10366 10328
f 10327 10365 10366
f 10328 10367 10329
f 10328 10366 10367
f 10329 10368 10330
f 10329 10367 10368
f 10330 10369 10331
f 10330 10368 10369
f 10331 10370 10332
f 10331 10369 10370
f 10332 10371 10333
f 10332 10370 10371
f 10333 10372 10334
f 10333 10371 10372
f 10334 10373 10335
f 10334 10372 10373
f 10335 10374 10336
f 10335 10373 10374
f 10336 10375 10337
f 10336 10374 10375
f 10337 10376 10338
f 10337 10375 10376
f 10338 10377 10339
f 10338 10376 10377
f 10339 10378 10340
f 10339 10377 10378
f 10340 10379 10341
f 10340 10378 10379
f 10341 10380 10342
f 10341 10379 10380
f 10342 10381 10343
f 10342 10380 10381
f 10343 10382 10344
f 10343 10381 10382
f 10344 10383 10345
f 10344 10382 10383
f 10345 10384 10346
f 10345 10383 10384
f 10346 10385 10347
f 10346 10384 10385
f 10347 10386 10348
f 10347 10385 10386
f 10386 9094 9090
f 10386 9090 10348
f 9095 10349 9092
f 10349 9095 9097
f 10387 10349 9097
f 10350 10349 10387
f 10350 10388 10351
f 10350 10387 10388
f 10351 10389 10352
f 10351 10388 10389
f 10352 10390 10353
f 10352 10389 10390
f 10353 10391 10354
f 10353 10390 10391
f 10354 10392 10355
f 10354 10391 10392
f 10355 10393 10356
f 10355 10392 10393
f 10356 10394 10357
f 10356 10393 10394
f 10357 10395 10358
f 10357 10394 10395
f 10358 10396 10359
f 10358 10395 10396
f 10359 10397 10360
f 10359 10396 10397
f 10360 10398 10361
f 10360 10397 10398
f 10361 10399 10362
f 10361 10398 10399
f 10362 10400 10363
f 10362 10399 10400
f 10363 10401 10364
f 10363 10400 10401
f 10364 10402 10365
f 10364 10401 10402
f 10365 10403 10366
f 10365 10402 10403
f 10366 10404 10367
f 10366 10403 10404
f 10367 10405 10368
f 10367 10404 10405
f 10368 10406 10369
f 10368 10405 10406
f 10369 10407 10370
f 10369 10406 10407
f 10370 10408 10371
f 10370 10407 10408
f 10371 10409 10372
f 10371 10408 10409
f 10372 10410 10373
f 10372 10409 10410
f 10373 10411 10374
f 10373 10410 10411
f 10374 10412 10375
f 10374 10411 10412
f 10375 10413 10376
f 10375 10412 10413
f 10376 10414 10377
f 10376 10413 10414
f 10377 10415 10378
f 10377 10414 10415
f 10378 10416 10379
f 10378 10415 10416
f 10379 10417 10380
f 10379 10416 10417
f 10380 10418 10381
f 10380 10417 10418
f 10381 10419 10382
f 10381 10418 10419
f 10382 10420 10383
f 10382 10419 10420
f 10383 10421 10384
f 10383 10420 10421
f 10384 10422 10385
f 10384 10421 10422
f 10422 9099 9100
f 10386 10422 9100
f 10385 10422 10386
f 10386 9100 9094
f 9102 10387 9097
f 10387 9102 9104
f 10423 10387 9104
f 10388 10387 10423
f 10388 10424 10389
f 10388 10423 10424
f 10389 10425 10390
f 10389 10424 10425
f 10390 10426 10391
f 10390 10425 10426
f 10391 10427 10392
f 10391 10426 10427
f 10392 10428 10393
f 10392 10427 10428
f 10393 10429 10394
f 10393 10428 10429
f 10394 10430 10395
f 10394 10429 10430
f 10395 10431 10396
f 10395 10430 10431
f 10396 10432 10397
f 10396 10431 10432
f 10397 10433 10398
f 10397 10432 10433
f 10398 10434 10399
f 10398 10433 10434
f 10399 10435 10400
f 10399 10434 10435
f 10400 10436 10401
f 10400 10435 10436
f 10401 10437 10402
f 10401 10436 10437
f 10402 10438 10403
f 10402 10437 10438
f 10403 10439 10404
f 10403 10438 10439
f 10404 10440 10405
f 10404 10439 10440
f 10405 10441 10406
f 10405 10440 10441
f 10406 10442 10407
f 10406 10441 10442
f 10407 10443 10408
f 10407 10442 10443
f 10408 10444 10409
f 10408 10443 10444
f 10409 10445 10410
f 10409 10444 10445
f 10410 10446 10411
f 10410 10445 10446
f 10411 10447 10412
f 10411 10446 10447
f 10412 10448 10413
f 10412 10447 10448
f 10413 10449 10414
f 10413 10448 10449
f 10414 10450 10415
f 10414 10449 10450
f 10415 10451 10416
f 10415 10450 10451
f 10416 10452 10417
f 10416 10451 10452
f 10417 10453 10418
f 10417 10452 10453
f 10418 10454 10419
f 10418 10453 10454
f 10419 10455 10420
f 10419 10454 10455
f 10420 10456 10421
f 10420 10455 10456
f 10456 9106 9107
f 10422 10456 9107
f 10421 10456 10422
f 10422 9107 9099
f 9109 10423 9104
f 10423 9109 9111
f 10423 9111 10424
f 10424 9111 9113
f 10424 9113 10425
f 10425 9113 9115
f 10425 9115 10426
f 10426 9115 9117
f 10426 9117 10427
f 10427 9117 9119
f 10427 9119 10428
f 10428 9119 9121
f 10428 9121 10429
f 10429 9121 9123
f 10429 9123 10430
f 10430 9123 9125
f 10430 9125 10431
f 10431 9125 9127
f 10431 9127 10432
f 10432 9127 9129
f 10432 9129 10433
f 10433 9129 9131
f 10433 9131 10434
f 10434 9131 9133
f 10434 9133 10435
f 10435 9133 9135
f 10435 9135 10436
f 10436 9135 9137
f 10436 9137 10437
f 10437 9137 9139
f 10437 9139 10438
f 10438 9139 9141
f 10438 9141 10439
f 10439 9141 9143
f 10439 9143 10440
f 10440 9143 9145
f 10440 9145 10441
f 10441 9145 9147
f 10441 9147 10442
f 10442 9147 9149
f 10442 9149 10443
f 10443 9149 9151
f 10443 9151 10444
f 10444 9151 9153
f 10444 9153 10445
f 10445 9153 9155
f 10445 9155 10446
f 10446 9155 9157
f 10446 9157 10447
f 10447 9157 9159
f 10447 9159 10448
f 10448 9159 9161
f 10448 9161 10449
f 10449 9161 9163
f 10449 9163 10450
f 10450 9163 9165
f 10450 9165 10451
f 10451 9165 9167
f 10451 9167 10452
f 10452 9167 9169
f 10452 9169 10453
f 10453 9169 9171
f 10453 9171 10454
f 10454 9171 9173
f 10454 9173 10455
f 10455 9173 9175
f 10455 9175 10456
f 10456 9175 9106

