# https://github.com/mikedh/trimesh
v -0.03936127 -0.00240114 -0.03236007
v -0.03925622 -0.00247731 -0.03236007
v -0.03925622 -0.00240114 -0.03246154
v -0.03977019 -0.00240114 -0.03039885
v -0.03925622 -0.00277055 -0.03039885
v -0.03977019 -0.00240114 -0.02843764
v -0.03925622 -0.00277055 -0.02843764
v -0.03977019 -0.00240114 -0.02647642
v -0.03925622 -0.00277055 -0.02647642
v -0.03977019 -0.00240114 -0.02451520
v -0.03925622 -0.00277055 -0.02451520
v -0.03977019 -0.00240114 -0.02255399
v -0.03925622 -0.00277055 -0.02255399
v -0.03977019 -0.00240114 -0.02059277
v -0.03925622 -0.00277055 -0.02059277
v -0.03977019 -0.00240114 -0.01863155
v -0.03925622 -0.00277055 -0.01863155
v -0.03977019 -0.00240114 -0.01667034
v -0.03925622 -0.00277055 -0.01667034
v -0.03977019 -0.00240114 -0.01470912
v -0.03925622 -0.00277055 -0.01470912
v -0.03977019 -0.00240114 -0.01274791
v -0.03925622 -0.00277055 -0.01274791
v -0.03977019 -0.00240114 -0.01078669
v -0.03925622 -0.00277055 -0.01078669
v -0.03977019 -0.00240114 -0.00882547
v -0.03925622 -0.00277055 -0.00882547
v -0.03977019 -0.00240114 -0.00686426
v -0.03925622 -0.00277055 -0.00686426
v -0.03977019 -0.00240114 -0.00490304
v -0.03925622 -0.00277055 -0.00490304
v -0.03977019 -0.00240114 -0.00294182
v -0.03925622 -0.00277055 -0.00294182
v -0.03977019 -0.00240114 -0.00098061
v -0.03925622 -0.00277055 -0.00098061
v -0.03977019 -0.00240114 0.00098061
v -0.03925622 -0.00277055 0.00098061
v -0.03977019 -0.00240114 0.00294182
v -0.03925622 -0.00277055 0.00294182
v -0.03977019 -0.00240114 0.00490304
v -0.03925622 -0.00277055 0.00490304
v -0.03977019 -0.00240114 0.00686426
v -0.03925622 -0.00277055 0.00686426
v -0.03977019 -0.00240114 0.00882547
v -0.03925622 -0.00277055 0.00882547
v -0.03977019 -0.00240114 0.01078669
v -0.03925622 -0.00277055 0.01078669
v -0.03977019 -0.00240114 0.01274791
v -0.03925622 -0.00277055 0.01274791
v -0.03977019 -0.00240114 0.01470912
v -0.03925622 -0.00277055 0.01470912
v -0.03977019 -0.00240114 0.01667034
v -0.03925622 -0.00277055 0.01667034
v -0.03977019 -0.00240114 0.01863155
v -0.03925622 -0.00277055 0.01863155
v -0.03977019 -0.00240114 0.02059277
v -0.03925622 -0.00277055 0.02059277
v -0.03977019 -0.00240114 0.02255399
v -0.03925622 -0.00277055 0.02255399
v -0.03977019 -0.00240114 0.02451520
v -0.03925622 -0.00277055 0.02451520
v -0.03977019 -0.00240114 0.02647642
v -0.03925622 -0.00277055 0.02647642
v -0.03977019 -0.00240114 0.02843764
v -0.03925622 -0.00277055 0.02843764
v -0.03977019 -0.00240114 0.03039885
v -0.03925622 -0.00277055 0.03039885
v -0.03936127 -0.00240114 0.03236007
v -0.03925622 -0.00247731 0.03236007
v -0.03925622 -0.00240114 0.03246154
v -0.04028108 -0.00144068 -0.03236007
v -0.03925622 -0.00144068 -0.03335058
v -0.04063773 -0.00144068 -0.03039885
v -0.04063773 -0.00144068 -0.02843764
v -0.04063773 -0.00144068 -0.02647642
v -0.04063773 -0.00144068 -0.02451520
v -0.04063773 -0.00144068 -0.02255399
v -0.04063773 -0.00144068 -0.02059277
v -0.04063773 -0.00144068 -0.01863155
v -0.04063773 -0.00144068 -0.01667034
v -0.04063773 -0.00144068 -0.01470912
v -0.04063773 -0.00144068 -0.01274791
v -0.04063773 -0.00144068 -0.01078669
v -0.04063773 -0.00144068 -0.00882547
v -0.04063773 -0.00144068 -0.00686426
v -0.04063773 -0.00144068 -0.00490304
v -0.04063773 -0.00144068 -0.00294182
v -0.04063773 -0.00144068 -0.00098061
v -0.04063773 -0.00144068 0.00098061
v -0.04063773 -0.00144068 0.00294182
v -0.04063773 -0.00144068 0.00490304
v -0.04063773 -0.00144068 0.00686426
v -0.04063773 -0.00144068 0.00882547
v -0.04063773 -0.00144068 0.01078669
v -0.04063773 -0.00144068 0.01274791
v -0.04063773 -0.00144068 0.01470912
v -0.04063773 -0.00144068 0.01667034
v -0.04063773 -0.00144068 0.01863155
v -0.04063773 -0.00144068 0.02059277
v -0.04063773 -0.00144068 0.02255399
v -0.04063773 -0.00144068 0.02451520
v -0.04063773 -0.00144068 0.02647642
v -0.04063773 -0.00144068 0.02843764
v -0.04063773 -0.00144068 0.03039885
v -0.04028108 -0.00144068 0.03236007
v -0.03925622 -0.00144068 0.03335058
v -0.04065922 -0.00048023 -0.03236007
v -0.03925622 -0.00048023 -0.03371662
v -0.04097811 -0.00048023 -0.03039885
v -0.04097811 -0.00048023 -0.02843764
v -0.04097811 -0.00048023 -0.02647642
v -0.04097811 -0.00048023 -0.02451520
v -0.04097811 -0.00048023 -0.02255399
v -0.04097811 -0.00048023 -0.02059277
v -0.04097811 -0.00048023 -0.01863155
v -0.04097811 -0.00048023 -0.01667034
v -0.04097811 -0.00048023 -0.01470912
v -0.04097811 -0.00048023 -0.01274791
v -0.04097811 -0.00048023 -0.01078669
v -0.04097811 -0.00048023 -0.00882547
v -0.04097811 -0.00048023 -0.00686426
v -0.04097811 -0.00048023 -0.00490304
v -0.04097811 -0.00048023 -0.00294182
v -0.04097811 -0.00048023 -0.00098061
v -0.04097811 -0.00048023 0.00098061
v -0.04097811 -0.00048023 0.00294182
v -0.04097811 -0.00048023 0.00490304
v -0.04097811 -0.00048023 0.00686426
v -0.04097811 -0.00048023 0.00882547
v -0.04097811 -0.00048023 0.01078669
v -0.04097811 -0.00048023 0.01274791
v -0.04097811 -0.00048023 0.01470912
v -0.04097811 -0.00048023 0.01667034
v -0.04097811 -0.00048023 0.01863155
v -0.04097811 -0.00048023 0.02059277
v -0.04097811 -0.00048023 0.02255399
v -0.04097811 -0.00048023 0.02451520
v -0.04097811 -0.00048023 0.02647642
v -0.04097811 -0.00048023 0.02843764
v -0.04097811 -0.00048023 0.03039885
v -0.04065922 -0.00048023 0.03236007
v -0.03925622 -0.00048023 0.03371663
v -0.04065922 0.00048023 -0.03236007
v -0.03925622 0.00048023 -0.03371662
v -0.04097811 0.00048023 -0.03039885
v -0.04097811 0.00048023 -0.02843764
v -0.04097811 0.00048023 -0.02647642
v -0.04097811 0.00048023 -0.02451520
v -0.04097811 0.00048023 -0.02255399
v -0.04097811 0.00048023 -0.02059277
v -0.04097811 0.00048023 -0.01863155
v -0.04097811 0.00048023 -0.01667034
v -0.04097811 0.00048023 -0.01470912
v -0.04097811 0.00048023 -0.01274791
v -0.04097811 0.00048023 -0.01078669
v -0.04097811 0.00048023 -0.00882547
v -0.04097811 0.00048023 -0.00686426
v -0.04097811 0.00048023 -0.00490304
v -0.04097811 0.00048023 -0.00294182
v -0.04097811 0.00048023 -0.00098061
v -0.04097811 0.00048023 0.00098061
v -0.04097811 0.00048023 0.00294182
v -0.04097811 0.00048023 0.00490304
v -0.04097811 0.00048023 0.00686426
v -0.04097811 0.00048023 0.00882547
v -0.04097811 0.00048023 0.01078669
v -0.04097811 0.00048023 0.01274791
v -0.04097811 0.00048023 0.01470912
v -0.04097811 0.00048023 0.01667034
v -0.04097811 0.00048023 0.01863155
v -0.04097811 0.00048023 0.02059277
v -0.04097811 0.00048023 0.02255399
v -0.04097811 0.00048023 0.02451520
v -0.04097811 0.00048023 0.02647642
v -0.04097811 0.00048023 0.02843764
v -0.04097811 0.00048023 0.03039885
v -0.04065922 0.00048023 0.03236007
v -0.03925622 0.00048023 0.03371663
v -0.04028108 0.00144068 -0.03236007
v -0.03925622 0.00144068 -0.03335058
v -0.04063773 0.00144068 -0.03039885
v -0.04063773 0.00144068 -0.02843764
v -0.04063773 0.00144068 -0.02647642
v -0.04063773 0.00144068 -0.02451520
v -0.04063773 0.00144068 -0.02255399
v -0.04063773 0.00144068 -0.02059277
v -0.04063773 0.00144068 -0.01863155
v -0.04063773 0.00144068 -0.01667034
v -0.04063773 0.00144068 -0.01470912
v -0.04063773 0.00144068 -0.01274791
v -0.04063773 0.00144068 -0.01078669
v -0.04063773 0.00144068 -0.00882547
v -0.04063773 0.00144068 -0.00686426
v -0.04063773 0.00144068 -0.00490304
v -0.04063773 0.00144068 -0.00294182
v -0.04063773 0.00144068 -0.00098061
v -0.04063773 0.00144068 0.00098061
v -0.04063773 0.00144068 0.00294182
v -0.04063773 0.00144068 0.00490304
v -0.04063773 0.00144068 0.00686426
v -0.04063773 0.00144068 0.00882547
v -0.04063773 0.00144068 0.01078669
v -0.04063773 0.00144068 0.01274791
v -0.04063773 0.00144068 0.01470912
v -0.04063773 0.00144068 0.01667034
v -0.04063773 0.00144068 0.01863155
v -0.04063773 0.00144068 0.02059277
v -0.04063773 0.00144068 0.02255399
v -0.04063773 0.00144068 0.02451520
v -0.04063773 0.00144068 0.02647642
v -0.04063773 0.00144068 0.02843764
v -0.04063773 0.00144068 0.03039885
v -0.04028108 0.00144068 0.03236007
v -0.03925622 0.00144068 0.03335058
v -0.03936127 0.00240114 -0.03236007
v -0.03925622 0.00240114 -0.03246154
v -0.03977019 0.00240114 -0.03039885
v -0.03977019 0.00240114 -0.02843764
v -0.03977019 0.00240114 -0.02647642
v -0.03977019 0.00240114 -0.02451520
v -0.03977019 0.00240114 -0.02255399
v -0.03977019 0.00240114 -0.02059277
v -0.03977019 0.00240114 -0.01863155
v -0.03977019 0.00240114 -0.01667034
v -0.03977019 0.00240114 -0.01470912
v -0.03977019 0.00240114 -0.01274791
v -0.03977019 0.00240114 -0.01078669
v -0.03977019 0.00240114 -0.00882547
v -0.03977019 0.00240114 -0.00686426
v -0.03977019 0.00240114 -0.00490304
v -0.03977019 0.00240114 -0.00294182
v -0.03977019 0.00240114 -0.00098061
v -0.03977019 0.00240114 0.00098061
v -0.03977019 0.00240114 0.00294182
v -0.03977019 0.00240114 0.00490304
v -0.03977019 0.00240114 0.00686426
v -0.03977019 0.00240114 0.00882547
v -0.03977019 0.00240114 0.01078669
v -0.03977019 0.00240114 0.01274791
v -0.03977019 0.00240114 0.01470912
v -0.03977019 0.00240114 0.01667034
v -0.03977019 0.00240114 0.01863155
v -0.03977019 0.00240114 0.02059277
v -0.03977019 0.00240114 0.02255399
v -0.03977019 0.00240114 0.02451520
v -0.03977019 0.00240114 0.02647642
v -0.03977019 0.00240114 0.02843764
v -0.03977019 0.00240114 0.03039885
v -0.03936127 0.00240114 0.03236007
v -0.03925622 0.00240114 0.03246154
v -0.03925622 0.00247731 -0.03236007
v -0.03925622 0.00277055 -0.03039885
v -0.03925622 0.00277055 -0.02843764
v -0.03925622 0.00277055 -0.02647642
v -0.03925622 0.00277055 -0.02451520
v -0.03925622 0.00277055 -0.02255399
v -0.03925622 0.00277055 -0.02059277
v -0.03925622 0.00277055 -0.01863155
v -0.03925622 0.00277055 -0.01667034
v -0.03925622 0.00277055 -0.01470912
v -0.03925622 0.00277055 -0.01274791
v -0.03925622 0.00277055 -0.01078669
v -0.03925622 0.00277055 -0.00882547
v -0.03925622 0.00277055 -0.00686426
v -0.03925622 0.00277055 -0.00490304
v -0.03925622 0.00277055 -0.00294182
v -0.03925622 0.00277055 -0.00098061
v -0.03925622 0.00277055 0.00098061
v -0.03925622 0.00277055 0.00294182
v -0.03925622 0.00277055 0.00490304
v -0.03925622 0.00277055 0.00686426
v -0.03925622 0.00277055 0.00882547
v -0.03925622 0.00277055 0.01078669
v -0.03925622 0.00277055 0.01274791
v -0.03925622 0.00277055 0.01470912
v -0.03925622 0.00277055 0.01667034
v -0.03925622 0.00277055 0.01863155
v -0.03925622 0.00277055 0.02059277
v -0.03925622 0.00277055 0.02255399
v -0.03925622 0.00277055 0.02451520
v -0.03925622 0.00277055 0.02647642
v -0.03925622 0.00277055 0.02843764
v -0.03925622 0.00277055 0.03039885
v -0.03925622 0.00247731 0.03236007
v -0.03724308 -0.00272366 -0.03236007
v -0.03724308 -0.00240114 -0.03279289
v -0.03724308 -0.00300000 -0.03039885
v -0.03724308 -0.00300000 -0.02843764
v -0.03724308 -0.00300000 -0.02647642
v -0.03724308 -0.00300000 -0.02451520
v -0.03724308 -0.00300000 -0.02255399
v -0.03724308 -0.00300000 -0.02059277
v -0.03724308 -0.00300000 -0.01863155
v -0.03724308 -0.00300000 -0.01667034
v -0.03724308 -0.00300000 -0.01470912
v -0.03724308 -0.00300000 -0.01274791
v -0.03724308 -0.00300000 -0.01078669
v -0.03724308 -0.00300000 -0.00882547
v -0.03724308 -0.00300000 -0.00686426
v -0.03724308 -0.00300000 -0.00490304
v -0.03724308 -0.00300000 -0.00294182
v -0.03724308 -0.00300000 -0.00098061
v -0.03724308 -0.00300000 0.00098061
v -0.03724308 -0.00300000 0.00294182
v -0.03724308 -0.00300000 0.00490304
v -0.03724308 -0.00300000 0.00686426
v -0.03724308 -0.00300000 0.00882547
v -0.03724308 -0.00300000 0.01078669
v -0.03724308 -0.00300000 0.01274791
v -0.03724308 -0.00300000 0.01470912
v -0.03724308 -0.00300000 0.01667034
v -0.03724308 -0.00300000 0.01863155
v -0.03724308 -0.00300000 0.02059277
v -0.03724308 -0.00300000 0.02255399
v -0.03724308 -0.00300000 0.02451520
v -0.03724308 -0.00300000 0.02647642
v -0.03724308 -0.00300000 0.02843764
v -0.03724308 -0.00300000 0.03039885
v -0.03724308 -0.00272366 0.03236007
v -0.03724308 -0.00240114 0.03279289
v -0.03724308 -0.00144068 -0.03364109
v -0.03724308 -0.00144068 0.03364109
v -0.03724308 -0.00048023 -0.03397811
v -0.03724308 -0.00048023 0.03397811
v -0.03724308 0.00048023 -0.03397811
v -0.03724308 0.00048023 0.03397811
v -0.03724308 0.00144068 -0.03364109
v -0.03724308 0.00144068 0.03364109
v -0.03724308 0.00240114 -0.03279289
v -0.03724308 0.00240114 0.03279289
v -0.03724308 0.00272366 -0.03236007
v -0.03724308 0.00300000 -0.03039885
v -0.03724308 0.00300000 -0.02843764
v -0.03724308 0.00300000 -0.02647642
v -0.03724308 0.00300000 -0.02451520
v -0.03724308 0.00300000 -0.02255399
v -0.03724308 0.00300000 -0.02059277
v -0.03724308 0.00300000 -0.01863155
v -0.03724308 0.00300000 -0.01667034
v -0.03724308 0.00300000 -0.01470912
v -0.03724308 0.00300000 -0.01274791
v -0.03724308 0.00300000 -0.01078669
v -0.03724308 0.00300000 -0.00882547
v -0.03724308 0.00300000 -0.00686426
v -0.03724308 0.00300000 -0.00490304
v -0.03724308 0.00300000 -0.00294182
v -0.03724308 0.00300000 -0.00098061
v -0.03724308 0.00300000 0.00098061
v -0.03724308 0.00300000 0.00294182
v -0.03724308 0.00300000 0.00490304
v -0.03724308 0.00300000 0.00686426
v -0.03724308 0.00300000 0.00882547
v -0.03724308 0.00300000 0.01078669
v -0.03724308 0.00300000 0.01274791
v -0.03724308 0.00300000 0.01470912
v -0.03724308 0.00300000 0.01667034
v -0.03724308 0.00300000 0.01863155
v -0.03724308 0.00300000 0.02059277
v -0.03724308 0.00300000 0.02255399
v -0.03724308 0.00300000 0.02451520
v -0.03724308 0.00300000 0.02647642
v -0.03724308 0.00300000 0.02843764
v -0.03724308 0.00300000 0.03039885
v -0.03724308 0.00272366 0.03236007
v -0.03522994 -0.00272366 -0.03236007
v -0.03522994 -0.00240114 -0.03279289
v -0.03522994 -0.00300000 -0.03039885
v -0.03522994 -0.00300000 -0.02843764
v -0.03522994 -0.00300000 -0.02647642
v -0.03522994 -0.00300000 -0.02451520
v -0.03522994 -0.00300000 -0.02255399
v -0.03522994 -0.00300000 -0.02059277
v -0.03522994 -0.00300000 -0.01863155
v -0.03522994 -0.00300000 -0.01667034
v -0.03522994 -0.00300000 -0.01470912
v -0.03522994 -0.00300000 -0.01274791
v -0.03522994 -0.00300000 -0.01078669
v -0.03522994 -0.00300000 -0.00882547
v -0.03522994 -0.00300000 -0.00686426
v -0.03522994 -0.00300000 -0.00490304
v -0.03522994 -0.00300000 -0.00294182
v -0.03522994 -0.00300000 -0.00098061
v -0.03522994 -0.00300000 0.00098061
v -0.03522994 -0.00300000 0.00294182
v -0.03522994 -0.00300000 0.00490304
v -0.03522994 -0.00300000 0.00686426
v -0.03522994 -0.00300000 0.00882547
v -0.03522994 -0.00300000 0.01078669
v -0.03522994 -0.00300000 0.01274791
v -0.03522994 -0.00300000 0.01470912
v -0.03522994 -0.00300000 0.01667034
v -0.03522994 -0.00300000 0.01863155
v -0.03522994 -0.00300000 0.02059277
v -0.03522994 -0.00300000 0.02255399
v -0.03522994 -0.00300000 0.02451520
v -0.03522994 -0.00300000 0.02647642
v -0.03522994 -0.00300000 0.02843764
v -0.03522994 -0.00300000 0.03039885
v -0.03522994 -0.00272366 0.03236007
v -0.03522994 -0.00240114 0.03279289
v -0.03522994 -0.00144068 -0.03364109
v -0.03522994 -0.00144068 0.03364109
v -0.03522994 -0.00048023 -0.03397811
v -0.03522994 -0.00048023 0.03397811
v -0.03522994 0.00048023 -0.03397811
v -0.03522994 0.00048023 0.03397811
v -0.03522994 0.00144068 -0.03364109
v -0.03522994 0.00144068 0.03364109
v -0.03522994 0.00240114 -0.03279289
v -0.03522994 0.00240114 0.03279289
v -0.03522994 0.00272366 -0.03236007
v -0.03522994 0.00300000 -0.03039885
v -0.03522994 0.00300000 -0.02843764
v -0.03522994 0.00300000 -0.02647642
v -0.03522994 0.00300000 -0.02451520
v -0.03522994 0.00300000 -0.02255399
v -0.03522994 0.00300000 -0.02059277
v -0.03522994 0.00300000 -0.01863155
v -0.03522994 0.00300000 -0.01667034
v -0.03522994 0.00300000 -0.01470912
v -0.03522994 0.00300000 -0.01274791
v -0.03522994 0.00300000 -0.01078669
v -0.03522994 0.00300000 -0.00882547
v -0.03522994 0.00300000 -0.00686426
v -0.03522994 0.00300000 -0.00490304
v -0.03522994 0.00300000 -0.00294182
v -0.03522994 0.00300000 -0.00098061
v -0.03522994 0.00300000 0.00098061
v -0.03522994 0.00300000 0.00294182
v -0.03522994 0.00300000 0.00490304
v -0.03522994 0.00300000 0.00686426
v -0.03522994 0.00300000 0.00882547
v -0.03522994 0.00300000 0.01078669
v -0.03522994 0.00300000 0.01274791
v -0.03522994 0.00300000 0.01470912
v -0.03522994 0.00300000 0.01667034
v -0.03522994 0.00300000 0.01863155
v -0.03522994 0.00300000 0.02059277
v -0.03522994 0.00300000 0.02255399
v -0.03522994 0.00300000 0.02451520
v -0.03522994 0.00300000 0.02647642
v -0.03522994 0.00300000 0.02843764
v -0.03522994 0.00300000 0.03039885
v -0.03522994 0.00272366 0.03236007
v -0.03321680 -0.00272366 -0.03236007
v -0.03321680 -0.00240114 -0.03279289
v -0.03321680 -0.00300000 -0.03039885
v -0.03321680 -0.00300000 -0.02843764
v -0.03321680 -0.00300000 -0.02647642
v -0.03321680 -0.00300000 -0.02451520
v -0.03321680 -0.00300000 -0.02255399
v -0.03321680 -0.00300000 -0.02059277
v -0.03321680 -0.00300000 -0.01863155
v -0.03321680 -0.00300000 -0.01667034
v -0.03321680 -0.00300000 -0.01470912
v -0.03321680 -0.00300000 -0.01274791
v -0.03321680 -0.00300000 -0.01078669
v -0.03321680 -0.00300000 -0.00882547
v -0.03321680 -0.00300000 -0.00686426
v -0.03321680 -0.00300000 -0.00490304
v -0.03321680 -0.00300000 -0.00294182
v -0.03321680 -0.00300000 -0.00098061
v -0.03321680 -0.00300000 0.00098061
v -0.03321680 -0.00300000 0.00294182
v -0.03321680 -0.00300000 0.00490304
v -0.03321680 -0.00300000 0.00686426
v -0.03321680 -0.00300000 0.00882547
v -0.03321680 -0.00300000 0.01078669
v -0.03321680 -0.00300000 0.01274791
v -0.03321680 -0.00300000 0.01470912
v -0.03321680 -0.00300000 0.01667034
v -0.03321680 -0.00300000 0.01863155
v -0.03321680 -0.00300000 0.02059277
v -0.03321680 -0.00300000 0.02255399
v -0.03321680 -0.00300000 0.02451520
v -0.03321680 -0.00300000 0.02647642
v -0.03321680 -0.00300000 0.02843764
v -0.03321680 -0.00300000 0.03039885
v -0.03321680 -0.00272366 0.03236007
v -0.03321680 -0.00240114 0.03279289
v -0.03321680 -0.00144068 -0.03364109
v -0.03321680 -0.00144068 0.03364109
v -0.03321680 -0.00048023 -0.03397811
v -0.03321680 -0.00048023 0.03397811
v -0.03321680 0.00048023 -0.03397811
v -0.03321680 0.00048023 0.03397811
v -0.03321680 0.00144068 -0.03364109
v -0.03321680 0.00144068 0.03364109
v -0.03321680 0.00240114 -0.03279289
v -0.03321680 0.00240114 0.03279289
v -0.03321680 0.00272366 -0.03236007
v -0.03321680 0.00300000 -0.03039885
v -0.03321680 0.00300000 -0.02843764
v -0.03321680 0.00300000 -0.02647642
v -0.03321680 0.00300000 -0.02451520
v -0.03321680 0.00300000 -0.02255399
v -0.03321680 0.00300000 -0.02059277
v -0.03321680 0.00300000 -0.01863155
v -0.03321680 0.00300000 -0.01667034
v -0.03321680 0.00300000 -0.01470912
v -0.03321680 0.00300000 -0.01274791
v -0.03321680 0.00300000 -0.01078669
v -0.03321680 0.00300000 -0.00882547
v -0.03321680 0.00300000 -0.00686426
v -0.03321680 0.00300000 -0.00490304
v -0.03321680 0.00300000 -0.00294182
v -0.03321680 0.00300000 -0.00098061
v -0.03321680 0.00300000 0.00098061
v -0.03321680 0.00300000 0.00294182
v -0.03321680 0.00300000 0.00490304
v -0.03321680 0.00300000 0.00686426
v -0.03321680 0.00300000 0.00882547
v -0.03321680 0.00300000 0.01078669
v -0.03321680 0.00300000 0.01274791
v -0.03321680 0.00300000 0.01470912
v -0.03321680 0.00300000 0.01667034
v -0.03321680 0.00300000 0.01863155
v -0.03321680 0.00300000 0.02059277
v -0.03321680 0.00300000 0.02255399
v -0.03321680 0.00300000 0.02451520
v -0.03321680 0.00300000 0.02647642
v -0.03321680 0.00300000 0.02843764
v -0.03321680 0.00300000 0.03039885
v -0.03321680 0.00272366 0.03236007
v -0.03120366 -0.00272366 -0.03236007
v -0.03120366 -0.00240114 -0.03279289
v -0.03120366 -0.00300000 -0.03039885
v -0.03120366 -0.00300000 -0.02843764
v -0.03120366 -0.00300000 -0.02647642
v -0.03120366 -0.00300000 -0.02451520
v -0.03120366 -0.00300000 -0.02255399
v -0.03120366 -0.00300000 -0.02059277
v -0.03120366 -0.00300000 -0.01863155
v -0.03120366 -0.00300000 -0.01667034
v -0.03120366 -0.00300000 -0.01470912
v -0.03120366 -0.00300000 -0.01274791
v -0.03120366 -0.00300000 -0.01078669
v -0.03120366 -0.00300000 -0.00882547
v -0.03120366 -0.00300000 -0.00686426
v -0.03120366 -0.00300000 -0.00490304
v -0.03120366 -0.00300000 -0.00294182
v -0.03120366 -0.00300000 -0.00098061
v -0.03120366 -0.00300000 0.00098061
v -0.03120366 -0.00300000 0.00294182
v -0.03120366 -0.00300000 0.00490304
v -0.03120366 -0.00300000 0.00686426
v -0.03120366 -0.00300000 0.00882547
v -0.03120366 -0.00300000 0.01078669
v -0.03120366 -0.00300000 0.01274791
v -0.03120366 -0.00300000 0.01470912
v -0.03120366 -0.00300000 0.01667034
v -0.03120366 -0.00300000 0.01863155
v -0.03120366 -0.00300000 0.02059277
v -0.03120366 -0.00300000 0.02255399
v -0.03120366 -0.00300000 0.02451520
v -0.03120366 -0.00300000 0.02647642
v -0.03120366 -0.00300000 0.02843764
v -0.03120366 -0.00300000 0.03039885
v -0.03120366 -0.00272366 0.03236007
v -0.03120366 -0.00240114 0.03279289
v -0.03120366 -0.00144068 -0.03364109
v -0.03120366 -0.00144068 0.03364109
v -0.03120366 -0.00048023 -0.03397811
v -0.03120366 -0.00048023 0.03397811
v -0.03120366 0.00048023 -0.03397811
v -0.03120366 0.00048023 0.03397811
v -0.03120366 0.00144068 -0.03364109
v -0.03120366 0.00144068 0.03364109
v -0.03120366 0.00240114 -0.03279289
v -0.03120366 0.00240114 0.03279289
v -0.03120366 0.00272366 -0.03236007
v -0.03120366 0.00300000 -0.03039885
v -0.03120366 0.00300000 -0.02843764
v -0.03120366 0.00300000 -0.02647642
v -0.03120366 0.00300000 -0.02451520
v -0.03120366 0.00300000 -0.02255399
v -0.03120366 0.00300000 -0.02059277
v -0.03120366 0.00300000 -0.01863155
v -0.03120366 0.00300000 -0.01667034
v -0.03120366 0.00300000 -0.01470912
v -0.03120366 0.00300000 -0.01274791
v -0.03120366 0.00300000 -0.01078669
v -0.03120366 0.00300000 -0.00882547
v -0.03120366 0.00300000 -0.00686426
v -0.03120366 0.00300000 -0.00490304
v -0.03120366 0.00300000 -0.00294182
v -0.03120366 0.00300000 -0.00098061
v -0.03120366 0.00300000 0.00098061
v -0.03120366 0.00300000 0.00294182
v -0.03120366 0.00300000 0.00490304
v -0.03120366 0.00300000 0.00686426
v -0.03120366 0.00300000 0.00882547
v -0.03120366 0.00300000 0.01078669
v -0.03120366 0.00300000 0.01274791
v -0.03120366 0.00300000 0.01470912
v -0.03120366 0.00300000 0.01667034
v -0.03120366 0.00300000 0.01863155
v -0.03120366 0.00300000 0.02059277
v -0.03120366 0.00300000 0.02255399
v -0.03120366 0.00300000 0.02451520
v -0.03120366 0.00300000 0.02647642
v -0.03120366 0.00300000 0.02843764
v -0.03120366 0.00300000 0.03039885
v -0.03120366 0.00272366 0.03236007
v -0.02919052 -0.00272366 -0.03236007
v -0.02919052 -0.00240114 -0.03279289
v -0.02919052 -0.00300000 -0.03039885
v -0.02919052 -0.00300000 -0.02843764
v -0.02919052 -0.00300000 -0.02647642
v -0.02919052 -0.00300000 -0.02451520
v -0.02919052 -0.00300000 -0.02255399
v -0.02919052 -0.00300000 -0.02059277
v -0.02919052 -0.00300000 -0.01863155
v -0.02919052 -0.00300000 -0.01667034
v -0.02919052 -0.00300000 -0.01470912
v -0.02919052 -0.00300000 -0.01274791
v -0.02919052 -0.00300000 -0.01078669
v -0.02919052 -0.00300000 -0.00882547
v -0.02919052 -0.00300000 -0.00686426
v -0.02919052 -0.00300000 -0.00490304
v -0.02919052 -0.00300000 -0.00294182
v -0.02919052 -0.00300000 -0.00098061
v -0.02919052 -0.00300000 0.00098061
v -0.02919052 -0.00300000 0.00294182
v -0.02919052 -0.00300000 0.00490304
v -0.02919052 -0.00300000 0.00686426
v -0.02919052 -0.00300000 0.00882547
v -0.02919052 -0.00300000 0.01078669
v -0.02919052 -0.00300000 0.01274791
v -0.02919052 -0.00300000 0.01470912
v -0.02919052 -0.00300000 0.01667034
v -0.02919052 -0.00300000 0.01863155
v -0.02919052 -0.00300000 0.02059277
v -0.02919052 -0.00300000 0.02255399
v -0.02919052 -0.00300000 0.02451520
v -0.02919052 -0.00300000 0.02647642
v -0.02919052 -0.00300000 0.02843764
v -0.02919052 -0.00300000 0.03039885
v -0.02919052 -0.00272366 0.03236007
v -0.02919052 -0.00240114 0.03279289
v -0.02919052 -0.00144068 -0.03364109
v -0.02919052 -0.00144068 0.03364109
v -0.02919052 -0.00048023 -0.03397811
v -0.02919052 -0.00048023 0.03397811
v -0.02919052 0.00048023 -0.03397811
v -0.02919052 0.00048023 0.03397811
v -0.02919052 0.00144068 -0.03364109
v -0.02919052 0.00144068 0.03364109
v -0.02919052 0.00240114 -0.03279289
v -0.02919052 0.00240114 0.03279289
v -0.02919052 0.00272366 -0.03236007
v -0.02919052 0.00300000 -0.03039885
v -0.02919052 0.00300000 -0.02843764
v -0.02919052 0.00300000 -0.02647642
v -0.02919052 0.00300000 -0.02451520
v -0.02919052 0.00300000 -0.02255399
v -0.02919052 0.00300000 -0.02059277
v -0.02919052 0.00300000 -0.01863155
v -0.02919052 0.00300000 -0.01667034
v -0.02919052 0.00300000 -0.01470912
v -0.02919052 0.00300000 -0.01274791
v -0.02919052 0.00300000 -0.01078669
v -0.02919052 0.00300000 -0.00882547
v -0.02919052 0.00300000 -0.00686426
v -0.02919052 0.00300000 -0.00490304
v -0.02919052 0.00300000 -0.00294182
v -0.02919052 0.00300000 -0.00098061
v -0.02919052 0.00300000 0.00098061
v -0.02919052 0.00300000 0.00294182
v -0.02919052 0.00300000 0.00490304
v -0.02919052 0.00300000 0.00686426
v -0.02919052 0.00300000 0.00882547
v -0.02919052 0.00300000 0.01078669
v -0.02919052 0.00300000 0.01274791
v -0.02919052 0.00300000 0.01470912
v -0.02919052 0.00300000 0.01667034
v -0.02919052 0.00300000 0.01863155
v -0.02919052 0.00300000 0.02059277
v -0.02919052 0.00300000 0.02255399
v -0.02919052 0.00300000 0.02451520
v -0.02919052 0.00300000 0.02647642
v -0.02919052 0.00300000 0.02843764
v -0.02919052 0.00300000 0.03039885
v -0.02919052 0.00272366 0.03236007
v -0.02717738 -0.00272366 -0.03236007
v -0.02717738 -0.00240114 -0.03279289
v -0.02717738 -0.00300000 -0.03039885
v -0.02717738 -0.00300000 -0.02843764
v -0.02717738 -0.00300000 -0.02647642
v -0.02717738 -0.00300000 -0.02451520
v -0.02717738 -0.00300000 -0.02255399
v -0.02717738 -0.00300000 -0.02059277
v -0.02717738 -0.00300000 -0.01863155
v -0.02717738 -0.00300000 -0.01667034
v -0.02717738 -0.00300000 -0.01470912
v -0.02717738 -0.00300000 -0.01274791
v -0.02717738 -0.00300000 -0.01078669
v -0.02717738 -0.00300000 -0.00882547
v -0.02717738 -0.00300000 -0.00686426
v -0.02717738 -0.00300000 -0.00490304
v -0.02717738 -0.00300000 -0.00294182
v -0.02717738 -0.00300000 -0.00098061
v -0.02717738 -0.00300000 0.00098061
v -0.02717738 -0.00300000 0.00294182
v -0.02717738 -0.00300000 0.00490304
v -0.02717738 -0.00300000 0.00686426
v -0.02717738 -0.00300000 0.00882547
v -0.02717738 -0.00300000 0.01078669
v -0.02717738 -0.00300000 0.01274791
v -0.02717738 -0.00300000 0.01470912
v -0.02717738 -0.00300000 0.01667034
v -0.02717738 -0.00300000 0.01863155
v -0.02717738 -0.00300000 0.02059277
v -0.02717738 -0.00300000 0.02255399
v -0.02717738 -0.00300000 0.02451520
v -0.02717738 -0.00300000 0.02647642
v -0.02717738 -0.00300000 0.02843764
v -0.02717738 -0.00300000 0.03039885
v -0.02717738 -0.00272366 0.03236007
v -0.02717738 -0.00240114 0.03279289
v -0.02717738 -0.00144068 -0.03364109
v -0.02717738 -0.00144068 0.03364109
v -0.02717738 -0.00048023 -0.03397811
v -0.02717738 -0.00048023 0.03397811
v -0.02717738 0.00048023 -0.03397811
v -0.02717738 0.00048023 0.03397811
v -0.02717738 0.00144068 -0.03364109
v -0.02717738 0.00144068 0.03364109
v -0.02717738 0.00240114 -0.03279289
v -0.02717738 0.00240114 0.03279289
v -0.02717738 0.00272366 -0.03236007
v -0.02717738 0.00300000 -0.03039885
v -0.02717738 0.00300000 -0.02843764
v -0.02717738 0.00300000 -0.02647642
v -0.02717738 0.00300000 -0.02451520
v -0.02717738 0.00300000 -0.02255399
v -0.02717738 0.00300000 -0.02059277
v -0.02717738 0.00300000 -0.01863155
v -0.02717738 0.00300000 -0.01667034
v -0.02717738 0.00300000 -0.01470912
v -0.02717738 0.00300000 -0.01274791
v -0.02717738 0.00300000 -0.01078669
v -0.02717738 0.00300000 -0.00882547
v -0.02717738 0.00300000 -0.00686426
v -0.02717738 0.00300000 -0.00490304
v -0.02717738 0.00300000 -0.00294182
v -0.02717738 0.00300000 -0.00098061
v -0.02717738 0.00300000 0.00098061
v -0.02717738 0.00300000 0.00294182
v -0.02717738 0.00300000 0.00490304
v -0.02717738 0.00300000 0.00686426
v -0.02717738 0.00300000 0.00882547
v -0.02717738 0.00300000 0.01078669
v -0.02717738 0.00300000 0.01274791
v -0.02717738 0.00300000 0.01470912
v -0.02717738 0.00300000 0.01667034
v -0.02717738 0.00300000 0.01863155
v -0.02717738 0.00300000 0.02059277
v -0.02717738 0.00300000 0.02255399
v -0.02717738 0.00300000 0.02451520
v -0.02717738 0.00300000 0.02647642
v -0.02717738 0.00300000 0.02843764
v -0.02717738 0.00300000 0.03039885
v -0.02717738 0.00272366 0.03236007
v -0.02516424 -0.00272366 -0.03236007
v -0.02516424 -0.00240114 -0.03279289
v -0.02516424 -0.00300000 -0.03039885
v -0.02516424 -0.00300000 -0.02843764
v -0.02516424 -0.00300000 -0.02647642
v -0.02516424 -0.00300000 -0.02451520
v -0.02516424 -0.00300000 -0.02255399
v -0.02516424 -0.00300000 -0.02059277
v -0.02516424 -0.00300000 -0.01863155
v -0.02516424 -0.00300000 -0.01667034
v -0.02516424 -0.00300000 -0.01470912
v -0.02516424 -0.00300000 -0.01274791
v -0.02516424 -0.00300000 -0.01078669
v -0.02516424 -0.00300000 -0.00882547
v -0.02516424 -0.00300000 -0.00686426
v -0.02516424 -0.00300000 -0.00490304
v -0.02516424 -0.00300000 -0.00294182
v -0.02516424 -0.00300000 -0.00098061
v -0.02516424 -0.00300000 0.00098061
v -0.02516424 -0.00300000 0.00294182
v -0.02516424 -0.00300000 0.00490304
v -0.02516424 -0.00300000 0.00686426
v -0.02516424 -0.00300000 0.00882547
v -0.02516424 -0.00300000 0.01078669
v -0.02516424 -0.00300000 0.01274791
v -0.02516424 -0.00300000 0.01470912
v -0.02516424 -0.00300000 0.01667034
v -0.02516424 -0.00300000 0.01863155
v -0.02516424 -0.00300000 0.02059277
v -0.02516424 -0.00300000 0.02255399
v -0.02516424 -0.00300000 0.02451520
v -0.02516424 -0.00300000 0.02647642
v -0.02516424 -0.00300000 0.02843764
v -0.02516424 -0.00300000 0.03039885
v -0.02516424 -0.00272366 0.03236007
v -0.02516424 -0.00240114 0.03279289
v -0.02516424 -0.00144068 -0.03364109
v -0.02516424 -0.00144068 0.03364109
v -0.02516424 -0.00048023 -0.03397811
v -0.02516424 -0.00048023 0.03397811
v -0.02516424 0.00048023 -0.03397811
v -0.02516424 0.00048023 0.03397811
v -0.02516424 0.00144068 -0.03364109
v -0.02516424 0.00144068 0.03364109
v -0.02516424 0.00240114 -0.03279289
v -0.02516424 0.00240114 0.03279289
v -0.02516424 0.00272366 -0.03236007
v -0.02516424 0.00300000 -0.03039885
v -0.02516424 0.00300000 -0.02843764
v -0.02516424 0.00300000 -0.02647642
v -0.02516424 0.00300000 -0.02451520
v -0.02516424 0.00300000 -0.02255399
v -0.02516424 0.00300000 -0.02059277
v -0.02516424 0.00300000 -0.01863155
v -0.02516424 0.00300000 -0.01667034
v -0.02516424 0.00300000 -0.01470912
v -0.02516424 0.00300000 -0.01274791
v -0.02516424 0.00300000 -0.01078669
v -0.02516424 0.00300000 -0.00882547
v -0.02516424 0.00300000 -0.00686426
v -0.02516424 0.00300000 -0.00490304
v -0.02516424 0.00300000 -0.00294182
v -0.02516424 0.00300000 -0.00098061
v -0.02516424 0.00300000 0.00098061
v -0.02516424 0.00300000 0.00294182
v -0.02516424 0.00300000 0.00490304
v -0.02516424 0.00300000 0.00686426
v -0.02516424 0.00300000 0.00882547
v -0.02516424 0.00300000 0.01078669
v -0.02516424 0.00300000 0.01274791
v -0.02516424 0.00300000 0.01470912
v -0.02516424 0.00300000 0.01667034
v -0.02516424 0.00300000 0.01863155
v -0.02516424 0.00300000 0.02059277
v -0.02516424 0.00300000 0.02255399
v -0.02516424 0.00300000 0.02451520
v -0.02516424 0.00300000 0.02647642
v -0.02516424 0.00300000 0.02843764
v -0.02516424 0.00300000 0.03039885
v -0.02516424 0.00272366 0.03236007
v -0.02315110 -0.00272366 -0.03236007
v -0.02315110 -0.00240114 -0.03279289
v -0.02315110 -0.00300000 -0.03039885
v -0.02315110 -0.00300000 -0.02843764
v -0.02315110 -0.00300000 -0.02647642
v -0.02315110 -0.00300000 -0.02451520
v -0.02315110 -0.00300000 -0.02255399
v -0.02315110 -0.00300000 -0.02059277
v -0.02315110 -0.00300000 -0.01863155
v -0.02315110 -0.00300000 -0.01667034
v -0.02315110 -0.00300000 -0.01470912
v -0.02315110 -0.00300000 -0.01274791
v -0.02315110 -0.00300000 -0.01078669
v -0.02315110 -0.00300000 -0.00882547
v -0.02315110 -0.00300000 -0.00686426
v -0.02315110 -0.00300000 -0.00490304
v -0.02315110 -0.00300000 -0.00294182
v -0.02315110 -0.00300000 -0.00098061
v -0.02315110 -0.00300000 0.00098061
v -0.02315110 -0.00300000 0.00294182
v -0.02315110 -0.00300000 0.00490304
v -0.02315110 -0.00300000 0.00686426
v -0.02315110 -0.00300000 0.00882547
v -0.02315110 -0.00300000 0.01078669
v -0.02315110 -0.00300000 0.01274791
v -0.02315110 -0.00300000 0.01470912
v -0.02315110 -0.00300000 0.01667034
v -0.02315110 -0.00300000 0.01863155
v -0.02315110 -0.00300000 0.02059277
v -0.02315110 -0.00300000 0.02255399
v -0.02315110 -0.00300000 0.02451520
v -0.02315110 -0.00300000 0.02647642
v -0.02315110 -0.00300000 0.02843764
v -0.02315110 -0.00300000 0.03039885
v -0.02315110 -0.00272366 0.03236007
v -0.02315110 -0.00240114 0.03279289
v -0.02315110 -0.00144068 -0.03364109
v -0.02315110 -0.00144068 0.03364109
v -0.02315110 -0.00048023 -0.03397811
v -0.02315110 -0.00048023 0.03397811
v -0.02315110 0.00048023 -0.03397811
v -0.02315110 0.00048023 0.03397811
v -0.02315110 0.00144068 -0.03364109
v -0.02315110 0.00144068 0.03364109
v -0.02315110 0.00240114 -0.03279289
v -0.02315110 0.00240114 0.03279289
v -0.02315110 0.00272366 -0.03236007
v -0.02315110 0.00300000 -0.03039885
v -0.02315110 0.00300000 -0.02843764
v -0.02315110 0.00300000 -0.02647642
v -0.02315110 0.00300000 -0.02451520
v -0.02315110 0.00300000 -0.02255399
v -0.02315110 0.00300000 -0.02059277
v -0.02315110 0.00300000 -0.01863155
v -0.02315110 0.00300000 -0.01667034
v -0.02315110 0.00300000 -0.01470912
v -0.02315110 0.00300000 -0.01274791
v -0.02315110 0.00300000 -0.01078669
v -0.02315110 0.00300000 -0.00882547
v -0.02315110 0.00300000 -0.00686426
v -0.02315110 0.00300000 -0.00490304
v -0.02315110 0.00300000 -0.00294182
v -0.02315110 0.00300000 -0.00098061
v -0.02315110 0.00300000 0.00098061
v -0.02315110 0.00300000 0.00294182
v -0.02315110 0.00300000 0.00490304
v -0.02315110 0.00300000 0.00686426
v -0.02315110 0.00300000 0.00882547
v -0.02315110 0.00300000 0.01078669
v -0.02315110 0.00300000 0.01274791
v -0.02315110 0.00300000 0.01470912
v -0.02315110 0.00300000 0.01667034
v -0.02315110 0.00300000 0.01863155
v -0.02315110 0.00300000 0.02059277
v -0.02315110 0.00300000 0.02255399
v -0.02315110 0.00300000 0.02451520
v -0.02315110 0.00300000 0.02647642
v -0.02315110 0.00300000 0.02843764
v -0.02315110 0.00300000 0.03039885
v -0.02315110 0.00272366 0.03236007
v -0.02113797 -0.00272366 -0.03236007
v -0.02113797 -0.00240114 -0.03279289
v -0.02113797 -0.00300000 -0.03039885
v -0.02113797 -0.00300000 -0.02843764
v -0.02113797 -0.00300000 -0.02647642
v -0.02113797 -0.00300000 -0.02451520
v -0.02113797 -0.00300000 -0.02255399
v -0.02113797 -0.00300000 -0.02059277
v -0.02113797 -0.00300000 -0.01863155
v -0.02113797 -0.00300000 -0.01667034
v -0.02113797 -0.00300000 -0.01470912
v -0.02113797 -0.00300000 -0.01274791
v -0.02113797 -0.00300000 -0.01078669
v -0.02113797 -0.00300000 -0.00882547
v -0.02113797 -0.00300000 -0.00686426
v -0.02113797 -0.00300000 -0.00490304
v -0.02113797 -0.00300000 -0.00294182
v -0.02113797 -0.00300000 -0.00098061
v -0.02113797 -0.00300000 0.00098061
v -0.02113797 -0.00300000 0.00294182
v -0.02113797 -0.00300000 0.00490304
v -0.02113797 -0.00300000 0.00686426
v -0.02113797 -0.00300000 0.00882547
v -0.02113797 -0.00300000 0.01078669
v -0.02113797 -0.00300000 0.01274791
v -0.02113797 -0.00300000 0.01470912
v -0.02113797 -0.00300000 0.01667034
v -0.02113797 -0.00300000 0.01863155
v -0.02113797 -0.00300000 0.02059277
v -0.02113797 -0.00300000 0.02255399
v -0.02113797 -0.00300000 0.02451520
v -0.02113797 -0.00300000 0.02647642
v -0.02113797 -0.00300000 0.02843764
v -0.02113797 -0.00300000 0.03039885
v -0.02113797 -0.00272366 0.03236007
v -0.02113797 -0.00240114 0.03279289
v -0.02113797 -0.00144068 -0.03364109
v -0.02113797 -0.00144068 0.03364109
v -0.02113797 -0.00048023 -0.03397811
v -0.02113797 -0.00048023 0.03397811
v -0.02113797 0.00048023 -0.03397811
v -0.02113797 0.00048023 0.03397811
v -0.02113797 0.00144068 -0.03364109
v -0.02113797 0.00144068 0.03364109
v -0.02113797 0.00240114 -0.03279289
v -0.02113797 0.00240114 0.03279289
v -0.02113797 0.00272366 -0.03236007
v -0.02113797 0.00300000 -0.03039885
v -0.02113797 0.00300000 -0.02843764
v -0.02113797 0.00300000 -0.02647642
v -0.02113797 0.00300000 -0.02451520
v -0.02113797 0.00300000 -0.02255399
v -0.02113797 0.00300000 -0.02059277
v -0.02113797 0.00300000 -0.01863155
v -0.02113797 0.00300000 -0.01667034
v -0.02113797 0.00300000 -0.01470912
v -0.02113797 0.00300000 -0.01274791
v -0.02113797 0.00300000 -0.01078669
v -0.02113797 0.00300000 -0.00882547
v -0.02113797 0.00300000 -0.00686426
v -0.02113797 0.00300000 -0.00490304
v -0.02113797 0.00300000 -0.00294182
v -0.02113797 0.00300000 -0.00098061
v -0.02113797 0.00300000 0.00098061
v -0.02113797 0.00300000 0.00294182
v -0.02113797 0.00300000 0.00490304
v -0.02113797 0.00300000 0.00686426
v -0.02113797 0.00300000 0.00882547
v -0.02113797 0.00300000 0.01078669
v -0.02113797 0.00300000 0.01274791
v -0.02113797 0.00300000 0.01470912
v -0.02113797 0.00300000 0.01667034
v -0.02113797 0.00300000 0.01863155
v -0.02113797 0.00300000 0.02059277
v -0.02113797 0.00300000 0.02255399
v -0.02113797 0.00300000 0.02451520
v -0.02113797 0.00300000 0.02647642
v -0.02113797 0.00300000 0.02843764
v -0.02113797 0.00300000 0.03039885
v -0.02113797 0.00272366 0.03236007
v -0.01912483 -0.00272366 -0.03236007
v -0.01912483 -0.00240114 -0.03279289
v -0.01912483 -0.00300000 -0.03039885
v -0.01912483 -0.00300000 -0.02843764
v -0.01912483 -0.00300000 -0.02647642
v -0.01912483 -0.00300000 -0.02451520
v -0.01912483 -0.00300000 -0.02255399
v -0.01912483 -0.00300000 -0.02059277
v -0.01912483 -0.00300000 -0.01863155
v -0.01912483 -0.00300000 -0.01667034
v -0.01912483 -0.00300000 -0.01470912
v -0.01912483 -0.00300000 -0.01274791
v -0.01912483 -0.00300000 -0.01078669
v -0.01912483 -0.00300000 -0.00882547
v -0.01912483 -0.00300000 -0.00686426
v -0.01912483 -0.00300000 -0.00490304
v -0.01912483 -0.00300000 -0.00294182
v -0.01912483 -0.00300000 -0.00098061
v -0.01912483 -0.00300000 0.00098061
v -0.01912483 -0.00300000 0.00294182
v -0.01912483 -0.00300000 0.00490304
v -0.01912483 -0.00300000 0.00686426
v -0.01912483 -0.00300000 0.00882547
v -0.01912483 -0.00300000 0.01078669
v -0.01912483 -0.00300000 0.01274791
v -0.01912483 -0.00300000 0.01470912
v -0.01912483 -0.00300000 0.01667034
v -0.01912483 -0.00300000 0.01863155
v -0.01912483 -0.00300000 0.02059277
v -0.01912483 -0.00300000 0.02255399
v -0.01912483 -0.00300000 0.02451520
v -0.01912483 -0.00300000 0.02647642
v -0.01912483 -0.00300000 0.02843764
v -0.01912483 -0.00300000 0.03039885
v -0.01912483 -0.00272366 0.03236007
v -0.01912483 -0.00240114 0.03279289
v -0.01912483 -0.00144068 -0.03364109
v -0.01912483 -0.00144068 0.03364109
v -0.01912483 -0.00048023 -0.03397811
v -0.01912483 -0.00048023 0.03397811
v -0.01912483 0.00048023 -0.03397811
v -0.01912483 0.00048023 0.03397811
v -0.01912483 0.00144068 -0.03364109
v -0.01912483 0.00144068 0.03364109
v -0.01912483 0.00240114 -0.03279289
v -0.01912483 0.00240114 0.03279289
v -0.01912483 0.00272366 -0.03236007
v -0.01912483 0.00300000 -0.03039885
v -0.01912483 0.00300000 -0.02843764
v -0.01912483 0.00300000 -0.02647642
v -0.01912483 0.00300000 -0.02451520
v -0.01912483 0.00300000 -0.02255399
v -0.01912483 0.00300000 -0.02059277
v -0.01912483 0.00300000 -0.01863155
v -0.01912483 0.00300000 -0.01667034
v -0.01912483 0.00300000 -0.01470912
v -0.01912483 0.00300000 -0.01274791
v -0.01912483 0.00300000 -0.01078669
v -0.01912483 0.00300000 -0.00882547
v -0.01912483 0.00300000 -0.00686426
v -0.01912483 0.00300000 -0.00490304
v -0.01912483 0.00300000 -0.00294182
v -0.01912483 0.00300000 -0.00098061
v -0.01912483 0.00300000 0.00098061
v -0.01912483 0.00300000 0.00294182
v -0.01912483 0.00300000 0.00490304
v -0.01912483 0.00300000 0.00686426
v -0.01912483 0.00300000 0.00882547
v -0.01912483 0.00300000 0.01078669
v -0.01912483 0.00300000 0.01274791
v -0.01912483 0.00300000 0.01470912
v -0.01912483 0.00300000 0.01667034
v -0.01912483 0.00300000 0.01863155
v -0.01912483 0.00300000 0.02059277
v -0.01912483 0.00300000 0.02255399
v -0.01912483 0.00300000 0.02451520
v -0.01912483 0.00300000 0.02647642
v -0.01912483 0.00300000 0.02843764
v -0.01912483 0.00300000 0.03039885
v -0.01912483 0.00272366 0.03236007
v -0.01711169 -0.00272366 -0.03236007
v -0.01711169 -0.00240114 -0.03279289
v -0.01711169 -0.00300000 -0.03039885
v -0.01711169 -0.00300000 -0.02843764
v -0.01711169 -0.00300000 -0.02647642
v -0.01711169 -0.00300000 -0.02451520
v -0.01711169 -0.00300000 -0.02255399
v -0.01711169 -0.00300000 -0.02059277
v -0.01711169 -0.00300000 -0.01863155
v -0.01711169 -0.00300000 -0.01667034
v -0.01711169 -0.00300000 -0.01470912
v -0.01711169 -0.00300000 -0.01274791
v -0.01711169 -0.00300000 -0.01078669
v -0.01711169 -0.00300000 -0.00882547
v -0.01711169 -0.00300000 -0.00686426
v -0.01711169 -0.00300000 -0.00490304
v -0.01711169 -0.00300000 -0.00294182
v -0.01711169 -0.00300000 -0.00098061
v -0.01711169 -0.00300000 0.00098061
v -0.01711169 -0.00300000 0.00294182
v -0.01711169 -0.00300000 0.00490304
v -0.01711169 -0.00300000 0.00686426
v -0.01711169 -0.00300000 0.00882547
v -0.01711169 -0.00300000 0.01078669
v -0.01711169 -0.00300000 0.01274791
v -0.01711169 -0.00300000 0.01470912
v -0.01711169 -0.00300000 0.01667034
v -0.01711169 -0.00300000 0.01863155
v -0.01711169 -0.00300000 0.02059277
v -0.01711169 -0.00300000 0.02255399
v -0.01711169 -0.00300000 0.02451520
v -0.01711169 -0.00300000 0.02647642
v -0.01711169 -0.00300000 0.02843764
v -0.01711169 -0.00300000 0.03039885
v -0.01711169 -0.00272366 0.03236007
v -0.01711169 -0.00240114 0.03279289
v -0.01711169 -0.00144068 -0.03364109
v -0.01711169 -0.00144068 0.03364109
v -0.01711169 -0.00048023 -0.03397811
v -0.01711169 -0.00048023 0.03397811
v -0.01711169 0.00048023 -0.03397811
v -0.01711169 0.00048023 0.03397811
v -0.01711169 0.00144068 -0.03364109
v -0.01711169 0.00144068 0.03364109
v -0.01711169 0.00240114 -0.03279289
v -0.01711169 0.00240114 0.03279289
v -0.01711169 0.00272366 -0.03236007
v -0.01711169 0.00300000 -0.03039885
v -0.01711169 0.00300000 -0.02843764
v -0.01711169 0.00300000 -0.02647642
v -0.01711169 0.00300000 -0.02451520
v -0.01711169 0.00300000 -0.02255399
v -0.01711169 0.00300000 -0.02059277
v -0.01711169 0.00300000 -0.01863155
v -0.01711169 0.00300000 -0.01667034
v -0.01711169 0.00300000 -0.01470912
v -0.01711169 0.00300000 -0.01274791
v -0.01711169 0.00300000 -0.01078669
v -0.01711169 0.00300000 -0.00882547
v -0.01711169 0.00300000 -0.00686426
v -0.01711169 0.00300000 -0.00490304
v -0.01711169 0.00300000 -0.00294182
v -0.01711169 0.00300000 -0.00098061
v -0.01711169 0.00300000 0.00098061
v -0.01711169 0.00300000 0.00294182
v -0.01711169 0.00300000 0.00490304
v -0.01711169 0.00300000 0.00686426
v -0.01711169 0.00300000 0.00882547
v -0.01711169 0.00300000 0.01078669
v -0.01711169 0.00300000 0.01274791
v -0.01711169 0.00300000 0.01470912
v -0.01711169 0.00300000 0.01667034
v -0.01711169 0.00300000 0.01863155
v -0.01711169 0.00300000 0.02059277
v -0.01711169 0.00300000 0.02255399
v -0.01711169 0.00300000 0.02451520
v -0.01711169 0.00300000 0.02647642
v -0.01711169 0.00300000 0.02843764
v -0.01711169 0.00300000 0.03039885
v -0.01711169 0.00272366 0.03236007
v -0.01509855 -0.00272366 -0.03236007
v -0.01509855 -0.00240114 -0.03279289
v -0.01509855 -0.00300000 -0.03039885
v -0.01509855 -0.00300000 -0.02843764
v -0.01509855 -0.00300000 -0.02647642
v -0.01509855 -0.00300000 -0.02451520
v -0.01509855 -0.00300000 -0.02255399
v -0.01509855 -0.00300000 -0.02059277
v -0.01509855 -0.00300000 -0.01863155
v -0.01509855 -0.00300000 -0.01667034
v -0.01509855 -0.00300000 -0.01470912
v -0.01509855 -0.00300000 -0.01274791
v -0.01509855 -0.00300000 -0.01078669
v -0.01509855 -0.00300000 -0.00882547
v -0.01509855 -0.00300000 -0.00686426
v -0.01509855 -0.00300000 -0.00490304
v -0.01509855 -0.00300000 -0.00294182
v -0.01509855 -0.00300000 -0.00098061
v -0.01509855 -0.00300000 0.00098061
v -0.01509855 -0.00300000 0.00294182
v -0.01509855 -0.00300000 0.00490304
v -0.01509855 -0.00300000 0.00686426
v -0.01509855 -0.00300000 0.00882547
v -0.01509855 -0.00300000 0.01078669
v -0.01509855 -0.00300000 0.01274791
v -0.01509855 -0.00300000 0.01470912
v -0.01509855 -0.00300000 0.01667034
v -0.01509855 -0.00300000 0.01863155
v -0.01509855 -0.00300000 0.02059277
v -0.01509855 -0.00300000 0.02255399
v -0.01509855 -0.00300000 0.02451520
v -0.01509855 -0.00300000 0.02647642
v -0.01509855 -0.00300000 0.02843764
v -0.01509855 -0.00300000 0.03039885
v -0.01509855 -0.00272366 0.03236007
v -0.01509855 -0.00240114 0.03279289
v -0.01509855 -0.00144068 -0.03364109
v -0.01509855 -0.00144068 0.03364109
v -0.01509855 -0.00048023 -0.03397811
v -0.01509855 -0.00048023 0.03397811
v -0.01509855 0.00048023 -0.03397811
v -0.01509855 0.00048023 0.03397811
v -0.01509855 0.00144068 -0.03364109
v -0.01509855 0.00144068 0.03364109
v -0.01509855 0.00240114 -0.03279289
v -0.01509855 0.00240114 0.03279289
v -0.01509855 0.00272366 -0.03236007
v -0.01509855 0.00300000 -0.03039885
v -0.01509855 0.00300000 -0.02843764
v -0.01509855 0.00300000 -0.02647642
v -0.01509855 0.00300000 -0.02451520
v -0.01509855 0.00300000 -0.02255399
v -0.01509855 0.00300000 -0.02059277
v -0.01509855 0.00300000 -0.01863155
v -0.01509855 0.00300000 -0.01667034
v -0.01509855 0.00300000 -0.01470912
v -0.01509855 0.00300000 -0.01274791
v -0.01509855 0.00300000 -0.01078669
v -0.01509855 0.00300000 -0.00882547
v -0.01509855 0.00300000 -0.00686426
v -0.01509855 0.00300000 -0.00490304
v -0.01509855 0.00300000 -0.00294182
v -0.01509855 0.00300000 -0.00098061
v -0.01509855 0.00300000 0.00098061
v -0.01509855 0.00300000 0.00294182
v -0.01509855 0.00300000 0.00490304
v -0.01509855 0.00300000 0.00686426
v -0.01509855 0.00300000 0.00882547
v -0.01509855 0.00300000 0.01078669
v -0.01509855 0.00300000 0.01274791
v -0.01509855 0.00300000 0.01470912
v -0.01509855 0.00300000 0.01667034
v -0.01509855 0.00300000 0.01863155
v -0.01509855 0.00300000 0.02059277
v -0.01509855 0.00300000 0.02255399
v -0.01509855 0.00300000 0.02451520
v -0.01509855 0.00300000 0.02647642
v -0.01509855 0.00300000 0.02843764
v -0.01509855 0.00300000 0.03039885
v -0.01509855 0.00272366 0.03236007
v -0.01308541 -0.00272366 -0.03236007
v -0.01308541 -0.00240114 -0.03279289
v -0.01308541 -0.00300000 -0.03039885
v -0.01308541 -0.00300000 -0.02843764
v -0.01308541 -0.00300000 -0.02647642
v -0.01308541 -0.00300000 -0.02451520
v -0.01308541 -0.00300000 -0.02255399
v -0.01308541 -0.00300000 -0.02059277
v -0.01308541 -0.00300000 -0.01863155
v -0.01308541 -0.00300000 -0.01667034
v -0.01308541 -0.00300000 -0.01470912
v -0.01308541 -0.00300000 -0.01274791
v -0.01308541 -0.00300000 -0.01078669
v -0.01308541 -0.00300000 -0.00882547
v -0.01308541 -0.00300000 -0.00686426
v -0.01308541 -0.00300000 -0.00490304
v -0.01308541 -0.00300000 -0.00294182
v -0.01308541 -0.00300000 -0.00098061
v -0.01308541 -0.00300000 0.00098061
v -0.01308541 -0.00300000 0.00294182
v -0.01308541 -0.00300000 0.00490304
v -0.01308541 -0.00300000 0.00686426
v -0.01308541 -0.00300000 0.00882547
v -0.01308541 -0.00300000 0.01078669
v -0.01308541 -0.00300000 0.01274791
v -0.01308541 -0.00300000 0.01470912
v -0.01308541 -0.00300000 0.01667034
v -0.01308541 -0.00300000 0.01863155
v -0.01308541 -0.00300000 0.02059277
v -0.01308541 -0.00300000 0.02255399
v -0.01308541 -0.00300000 0.02451520
v -0.01308541 -0.00300000 0.02647642
v -0.01308541 -0.00300000 0.02843764
v -0.01308541 -0.00300000 0.03039885
v -0.01308541 -0.00272366 0.03236007
v -0.01308541 -0.00240114 0.03279289
v -0.01308541 -0.00144068 -0.03364109
v -0.01308541 -0.00144068 0.03364109
v -0.01308541 -0.00048023 -0.03397811
v -0.01308541 -0.00048023 0.03397811
v -0.01308541 0.00048023 -0.03397811
v -0.01308541 0.00048023 0.03397811
v -0.01308541 0.00144068 -0.03364109
v -0.01308541 0.00144068 0.03364109
v -0.01308541 0.00240114 -0.03279289
v -0.01308541 0.00240114 0.03279289
v -0.01308541 0.00272366 -0.03236007
v -0.01308541 0.00300000 -0.03039885
v -0.01308541 0.00300000 -0.02843764
v -0.01308541 0.00300000 -0.02647642
v -0.01308541 0.00300000 -0.02451520
v -0.01308541 0.00300000 -0.02255399
v -0.01308541 0.00300000 -0.02059277
v -0.01308541 0.00300000 -0.01863155
v -0.01308541 0.00300000 -0.01667034
v -0.01308541 0.00300000 -0.01470912
v -0.01308541 0.00300000 -0.01274791
v -0.01308541 0.00300000 -0.01078669
v -0.01308541 0.00300000 -0.00882547
v -0.01308541 0.00300000 -0.00686426
v -0.01308541 0.00300000 -0.00490304
v -0.01308541 0.00300000 -0.00294182
v -0.01308541 0.00300000 -0.00098061
v -0.01308541 0.00300000 0.00098061
v -0.01308541 0.00300000 0.00294182
v -0.01308541 0.00300000 0.00490304
v -0.01308541 0.00300000 0.00686426
v -0.01308541 0.00300000 0.00882547
v -0.01308541 0.00300000 0.01078669
v -0.01308541 0.00300000 0.01274791
v -0.01308541 0.00300000 0.01470912
v -0.01308541 0.00300000 0.01667034
v -0.01308541 0.00300000 0.01863155
v -0.01308541 0.00300000 0.02059277
v -0.01308541 0.00300000 0.02255399
v -0.01308541 0.00300000 0.02451520
v -0.01308541 0.00300000 0.02647642
v -0.01308541 0.00300000 0.02843764
v -0.01308541 0.00300000 0.03039885
v -0.01308541 0.00272366 0.03236007
v -0.01107227 -0.00272366 -0.03236007
v -0.01107227 -0.00240114 -0.03279289
v -0.01107227 -0.00300000 -0.03039885
v -0.01107227 -0.00300000 -0.02843764
v -0.01107227 -0.00300000 -0.02647642
v -0.01107227 -0.00300000 -0.02451520
v -0.01107227 -0.00300000 -0.02255399
v -0.01107227 -0.00300000 -0.02059277
v -0.01107227 -0.00300000 -0.01863155
v -0.01107227 -0.00300000 -0.01667034
v -0.01107227 -0.00300000 -0.01470912
v -0.01107227 -0.00300000 -0.01274791
v -0.01107227 -0.00300000 -0.01078669
v -0.01107227 -0.00300000 -0.00882547
v -0.01107227 -0.00300000 -0.00686426
v -0.01107227 -0.00300000 -0.00490304
v -0.01107227 -0.00300000 -0.00294182
v -0.01107227 -0.00300000 -0.00098061
v -0.01107227 -0.00300000 0.00098061
v -0.01107227 -0.00300000 0.00294182
v -0.01107227 -0.00300000 0.00490304
v -0.01107227 -0.00300000 0.00686426
v -0.01107227 -0.00300000 0.00882547
v -0.01107227 -0.00300000 0.01078669
v -0.01107227 -0.00300000 0.01274791
v -0.01107227 -0.00300000 0.01470912
v -0.01107227 -0.00300000 0.01667034
v -0.01107227 -0.00300000 0.01863155
v -0.01107227 -0.00300000 0.02059277
v -0.01107227 -0.00300000 0.02255399
v -0.01107227 -0.00300000 0.02451520
v -0.01107227 -0.00300000 0.02647642
v -0.01107227 -0.00300000 0.02843764
v -0.01107227 -0.00300000 0.03039885
v -0.01107227 -0.00272366 0.03236007
v -0.01107227 -0.00240114 0.03279289
v -0.01107227 -0.00144068 -0.03364109
v -0.01107227 -0.00144068 0.03364109
v -0.01107227 -0.00048023 -0.03397811
v -0.01107227 -0.00048023 0.03397811
v -0.01107227 0.00048023 -0.03397811
v -0.01107227 0.00048023 0.03397811
v -0.01107227 0.00144068 -0.03364109
v -0.01107227 0.00144068 0.03364109
v -0.01107227 0.00240114 -0.03279289
v -0.01107227 0.00240114 0.03279289
v -0.01107227 0.00272366 -0.03236007
v -0.01107227 0.00300000 -0.03039885
v -0.01107227 0.00300000 -0.02843764
v -0.01107227 0.00300000 -0.02647642
v -0.01107227 0.00300000 -0.02451520
v -0.01107227 0.00300000 -0.02255399
v -0.01107227 0.00300000 -0.02059277
v -0.01107227 0.00300000 -0.01863155
v -0.01107227 0.00300000 -0.01667034
v -0.01107227 0.00300000 -0.01470912
v -0.01107227 0.00300000 -0.01274791
v -0.01107227 0.00300000 -0.01078669
v -0.01107227 0.00300000 -0.00882547
v -0.01107227 0.00300000 -0.00686426
v -0.01107227 0.00300000 -0.00490304
v -0.01107227 0.00300000 -0.00294182
v -0.01107227 0.00300000 -0.00098061
v -0.01107227 0.00300000 0.00098061
v -0.01107227 0.00300000 0.00294182
v -0.01107227 0.00300000 0.00490304
v -0.01107227 0.00300000 0.00686426
v -0.01107227 0.00300000 0.00882547
v -0.01107227 0.00300000 0.01078669
v -0.01107227 0.00300000 0.01274791
v -0.01107227 0.00300000 0.01470912
v -0.01107227 0.00300000 0.01667034
v -0.01107227 0.00300000 0.01863155
v -0.01107227 0.00300000 0.02059277
v -0.01107227 0.00300000 0.02255399
v -0.01107227 0.00300000 0.02451520
v -0.01107227 0.00300000 0.02647642
v -0.01107227 0.00300000 0.02843764
v -0.01107227 0.00300000 0.03039885
v -0.01107227 0.00272366 0.03236007
v -0.00905913 -0.00272366 -0.03236007
v -0.00905913 -0.00240114 -0.03279289
v -0.00905913 -0.00300000 -0.03039885
v -0.00905913 -0.00300000 -0.02843764
v -0.00905913 -0.00300000 -0.02647642
v -0.00905913 -0.00300000 -0.02451520
v -0.00905913 -0.00300000 -0.02255399
v -0.00905913 -0.00300000 -0.02059277
v -0.00905913 -0.00300000 -0.01863155
v -0.00905913 -0.00300000 -0.01667034
v -0.00905913 -0.00300000 -0.01470912
v -0.00905913 -0.00300000 -0.01274791
v -0.00905913 -0.00300000 -0.01078669
v -0.00905913 -0.00300000 -0.00882547
v -0.00905913 -0.00300000 -0.00686426
v -0.00905913 -0.00300000 -0.00490304
v -0.00905913 -0.00300000 -0.00294182
v -0.00905913 -0.00300000 -0.00098061
v -0.00905913 -0.00300000 0.00098061
v -0.00905913 -0.00300000 0.00294182
v -0.00905913 -0.00300000 0.00490304
v -0.00905913 -0.00300000 0.00686426
v -0.00905913 -0.00300000 0.00882547
v -0.00905913 -0.00300000 0.01078669
v -0.00905913 -0.00300000 0.01274791
v -0.00905913 -0.00300000 0.01470912
v -0.00905913 -0.00300000 0.01667034
v -0.00905913 -0.00300000 0.01863155
v -0.00905913 -0.00300000 0.02059277
v -0.00905913 -0.00300000 0.02255399
v -0.00905913 -0.00300000 0.02451520
v -0.00905913 -0.00300000 0.02647642
v -0.00905913 -0.00300000 0.02843764
v -0.00905913 -0.00300000 0.03039885
v -0.00905913 -0.00272366 0.03236007
v -0.00905913 -0.00240114 0.03279289
v -0.00905913 -0.00144068 -0.03364109
v -0.00905913 -0.00144068 0.03364109
v -0.00905913 -0.00048023 -0.03397811
v -0.00905913 -0.00048023 0.03397811
v -0.00905913 0.00048023 -0.03397811
v -0.00905913 0.00048023 0.03397811
v -0.00905913 0.00144068 -0.03364109
v -0.00905913 0.00144068 0.03364109
v -0.00905913 0.00240114 -0.03279289
v -0.00905913 0.00240114 0.03279289
v -0.00905913 0.00272366 -0.03236007
v -0.00905913 0.00300000 -0.03039885
v -0.00905913 0.00300000 -0.02843764
v -0.00905913 0.00300000 -0.02647642
v -0.00905913 0.00300000 -0.02451520
v -0.00905913 0.00300000 -0.02255399
v -0.00905913 0.00300000 -0.02059277
v -0.00905913 0.00300000 -0.01863155
v -0.00905913 0.00300000 -0.01667034
v -0.00905913 0.00300000 -0.01470912
v -0.00905913 0.00300000 -0.01274791
v -0.00905913 0.00300000 -0.01078669
v -0.00905913 0.00300000 -0.00882547
v -0.00905913 0.00300000 -0.00686426
v -0.00905913 0.00300000 -0.00490304
v -0.00905913 0.00300000 -0.00294182
v -0.00905913 0.00300000 -0.00098061
v -0.00905913 0.00300000 0.00098061
v -0.00905913 0.00300000 0.00294182
v -0.00905913 0.00300000 0.00490304
v -0.00905913 0.00300000 0.00686426
v -0.00905913 0.00300000 0.00882547
v -0.00905913 0.00300000 0.01078669
v -0.00905913 0.00300000 0.01274791
v -0.00905913 0.00300000 0.01470912
v -0.00905913 0.00300000 0.01667034
v -0.00905913 0.00300000 0.01863155
v -0.00905913 0.00300000 0.02059277
v -0.00905913 0.00300000 0.02255399
v -0.00905913 0.00300000 0.02451520
v -0.00905913 0.00300000 0.02647642
v -0.00905913 0.00300000 0.02843764
v -0.00905913 0.00300000 0.03039885
v -0.00905913 0.00272366 0.03236007
v -0.00704599 -0.00272366 -0.03236007
v -0.00704599 -0.00240114 -0.03279289
v -0.00704599 -0.00300000 -0.03039885
v -0.00704599 -0.00300000 -0.02843764
v -0.00704599 -0.00300000 -0.02647642
v -0.00704599 -0.00300000 -0.02451520
v -0.00704599 -0.00300000 -0.02255399
v -0.00704599 -0.00300000 -0.02059277
v -0.00704599 -0.00300000 -0.01863155
v -0.00704599 -0.00300000 -0.01667034
v -0.00704599 -0.00300000 -0.01470912
v -0.00704599 -0.00300000 -0.01274791
v -0.00704599 -0.00300000 -0.01078669
v -0.00704599 -0.00300000 -0.00882547
v -0.00704599 -0.00300000 -0.00686426
v -0.00704599 -0.00300000 -0.00490304
v -0.00704599 -0.00300000 -0.00294182
v -0.00704599 -0.00300000 -0.00098061
v -0.00704599 -0.00300000 0.00098061
v -0.00704599 -0.00300000 0.00294182
v -0.00704599 -0.00300000 0.00490304
v -0.00704599 -0.00300000 0.00686426
v -0.00704599 -0.00300000 0.00882547
v -0.00704599 -0.00300000 0.01078669
v -0.00704599 -0.00300000 0.01274791
v -0.00704599 -0.00300000 0.01470912
v -0.00704599 -0.00300000 0.01667034
v -0.00704599 -0.00300000 0.01863155
v -0.00704599 -0.00300000 0.02059277
v -0.00704599 -0.00300000 0.02255399
v -0.00704599 -0.00300000 0.02451520
v -0.00704599 -0.00300000 0.02647642
v -0.00704599 -0.00300000 0.02843764
v -0.00704599 -0.00300000 0.03039885
v -0.00704599 -0.00272366 0.03236007
v -0.00704599 -0.00240114 0.03279289
v -0.00704599 -0.00144068 -0.03364109
v -0.00704599 -0.00144068 0.03364109
v -0.00704599 -0.00048023 -0.03397811
v -0.00704599 -0.00048023 0.03397811
v -0.00704599 0.00048023 -0.03397811
v -0.00704599 0.00048023 0.03397811
v -0.00704599 0.00144068 -0.03364109
v -0.00704599 0.00144068 0.03364109
v -0.00704599 0.00240114 -0.03279289
v -0.00704599 0.00240114 0.03279289
v -0.00704599 0.00272366 -0.03236007
v -0.00704599 0.00300000 -0.03039885
v -0.00704599 0.00300000 -0.02843764
v -0.00704599 0.00300000 -0.02647642
v -0.00704599 0.00300000 -0.02451520
v -0.00704599 0.00300000 -0.02255399
v -0.00704599 0.00300000 -0.02059277
v -0.00704599 0.00300000 -0.01863155
v -0.00704599 0.00300000 -0.01667034
v -0.00704599 0.00300000 -0.01470912
v -0.00704599 0.00300000 -0.01274791
v -0.00704599 0.00300000 -0.01078669
v -0.00704599 0.00300000 -0.00882547
v -0.00704599 0.00300000 -0.00686426
v -0.00704599 0.00300000 -0.00490304
v -0.00704599 0.00300000 -0.00294182
v -0.00704599 0.00300000 -0.00098061
v -0.00704599 0.00300000 0.00098061
v -0.00704599 0.00300000 0.00294182
v -0.00704599 0.00300000 0.00490304
v -0.00704599 0.00300000 0.00686426
v -0.00704599 0.00300000 0.00882547
v -0.00704599 0.00300000 0.01078669
v -0.00704599 0.00300000 0.01274791
v -0.00704599 0.00300000 0.01470912
v -0.00704599 0.00300000 0.01667034
v -0.00704599 0.00300000 0.01863155
v -0.00704599 0.00300000 0.02059277
v -0.00704599 0.00300000 0.02255399
v -0.00704599 0.00300000 0.02451520
v -0.00704599 0.00300000 0.02647642
v -0.00704599 0.00300000 0.02843764
v -0.00704599 0.00300000 0.03039885
v -0.00704599 0.00272366 0.03236007
v -0.00503285 -0.00272366 -0.03236007
v -0.00503285 -0.00240114 -0.03279289
v -0.00503285 -0.00300000 -0.03039885
v -0.00503285 -0.00300000 -0.02843764
v -0.00503285 -0.00300000 -0.02647642
v -0.00503285 -0.00300000 -0.02451520
v -0.00503285 -0.00300000 -0.02255399
v -0.00503285 -0.00300000 -0.02059277
v -0.00503285 -0.00300000 -0.01863155
v -0.00503285 -0.00300000 -0.01667034
v -0.00503285 -0.00300000 -0.01470912
v -0.00503285 -0.00300000 -0.01274791
v -0.00503285 -0.00300000 -0.01078669
v -0.00503285 -0.00300000 -0.00882547
v -0.00503285 -0.00300000 -0.00686426
v -0.00503285 -0.00300000 -0.00490304
v -0.00503285 -0.00300000 -0.00294182
v -0.00503285 -0.00300000 -0.00098061
v -0.00503285 -0.00300000 0.00098061
v -0.00503285 -0.00300000 0.00294182
v -0.00503285 -0.00300000 0.00490304
v -0.00503285 -0.00300000 0.00686426
v -0.00503285 -0.00300000 0.00882547
v -0.00503285 -0.00300000 0.01078669
v -0.00503285 -0.00300000 0.01274791
v -0.00503285 -0.00300000 0.01470912
v -0.00503285 -0.00300000 0.01667034
v -0.00503285 -0.00300000 0.01863155
v -0.00503285 -0.00300000 0.02059277
v -0.00503285 -0.00300000 0.02255399
v -0.00503285 -0.00300000 0.02451520
v -0.00503285 -0.00300000 0.02647642
v -0.00503285 -0.00300000 0.02843764
v -0.00503285 -0.00300000 0.03039885
v -0.00503285 -0.00272366 0.03236007
v -0.00503285 -0.00240114 0.03279289
v -0.00503285 -0.00144068 -0.03364109
v -0.00503285 -0.00144068 0.03364109
v -0.00503285 -0.00048023 -0.03397811
v -0.00503285 -0.00048023 0.03397811
v -0.00503285 0.00048023 -0.03397811
v -0.00503285 0.00048023 0.03397811
v -0.00503285 0.00144068 -0.03364109
v -0.00503285 0.00144068 0.03364109
v -0.00503285 0.00240114 -0.03279289
v -0.00503285 0.00240114 0.03279289
v -0.00503285 0.00272366 -0.03236007
v -0.00503285 0.00300000 -0.03039885
v -0.00503285 0.00300000 -0.02843764
v -0.00503285 0.00300000 -0.02647642
v -0.00503285 0.00300000 -0.02451520
v -0.00503285 0.00300000 -0.02255399
v -0.00503285 0.00300000 -0.02059277
v -0.00503285 0.00300000 -0.01863155
v -0.00503285 0.00300000 -0.01667034
v -0.00503285 0.00300000 -0.01470912
v -0.00503285 0.00300000 -0.01274791
v -0.00503285 0.00300000 -0.01078669
v -0.00503285 0.00300000 -0.00882547
v -0.00503285 0.00300000 -0.00686426
v -0.00503285 0.00300000 -0.00490304
v -0.00503285 0.00300000 -0.00294182
v -0.00503285 0.00300000 -0.00098061
v -0.00503285 0.00300000 0.00098061
v -0.00503285 0.00300000 0.00294182
v -0.00503285 0.00300000 0.00490304
v -0.00503285 0.00300000 0.00686426
v -0.00503285 0.00300000 0.00882547
v -0.00503285 0.00300000 0.01078669
v -0.00503285 0.00300000 0.01274791
v -0.00503285 0.00300000 0.01470912
v -0.00503285 0.00300000 0.01667034
v -0.00503285 0.00300000 0.01863155
v -0.00503285 0.00300000 0.02059277
v -0.00503285 0.00300000 0.02255399
v -0.00503285 0.00300000 0.02451520
v -0.00503285 0.00300000 0.02647642
v -0.00503285 0.00300000 0.02843764
v -0.00503285 0.00300000 0.03039885
v -0.00503285 0.00272366 0.03236007
v -0.00301971 -0.00272366 -0.03236007
v -0.00301971 -0.00240114 -0.03279289
v -0.00301971 -0.00300000 -0.03039885
v -0.00301971 -0.00300000 -0.02843764
v -0.00301971 -0.00300000 -0.02647642
v -0.00301971 -0.00300000 -0.02451520
v -0.00301971 -0.00300000 -0.02255399
v -0.00301971 -0.00300000 -0.02059277
v -0.00301971 -0.00300000 -0.01863155
v -0.00301971 -0.00300000 -0.01667034
v -0.00301971 -0.00300000 -0.01470912
v -0.00301971 -0.00300000 -0.01274791
v -0.00301971 -0.00300000 -0.01078669
v -0.00301971 -0.00300000 -0.00882547
v -0.00301971 -0.00300000 -0.00686426
v -0.00301971 -0.00300000 -0.00490304
v -0.00301971 -0.00300000 -0.00294182
v -0.00301971 -0.00300000 -0.00098061
v -0.00301971 -0.00300000 0.00098061
v -0.00301971 -0.00300000 0.00294182
v -0.00301971 -0.00300000 0.00490304
v -0.00301971 -0.00300000 0.00686426
v -0.00301971 -0.00300000 0.00882547
v -0.00301971 -0.00300000 0.01078669
v -0.00301971 -0.00300000 0.01274791
v -0.00301971 -0.00300000 0.01470912
v -0.00301971 -0.00300000 0.01667034
v -0.00301971 -0.00300000 0.01863155
v -0.00301971 -0.00300000 0.02059277
v -0.00301971 -0.00300000 0.02255399
v -0.00301971 -0.00300000 0.02451520
v -0.00301971 -0.00300000 0.02647642
v -0.00301971 -0.00300000 0.02843764
v -0.00301971 -0.00300000 0.03039885
v -0.00301971 -0.00272366 0.03236007
v -0.00301971 -0.00240114 0.03279289
v -0.00301971 -0.00144068 -0.03364109
v -0.00301971 -0.00144068 0.03364109
v -0.00301971 -0.00048023 -0.03397811
v -0.00301971 -0.00048023 0.03397811
v -0.00301971 0.00048023 -0.03397811
v -0.00301971 0.00048023 0.03397811
v -0.00301971 0.00144068 -0.03364109
v -0.00301971 0.00144068 0.03364109
v -0.00301971 0.00240114 -0.03279289
v -0.00301971 0.00240114 0.03279289
v -0.00301971 0.00272366 -0.03236007
v -0.00301971 0.00300000 -0.03039885
v -0.00301971 0.00300000 -0.02843764
v -0.00301971 0.00300000 -0.02647642
v -0.00301971 0.00300000 -0.02451520
v -0.00301971 0.00300000 -0.02255399
v -0.00301971 0.00300000 -0.02059277
v -0.00301971 0.00300000 -0.01863155
v -0.00301971 0.00300000 -0.01667034
v -0.00301971 0.00300000 -0.01470912
v -0.00301971 0.00300000 -0.01274791
v -0.00301971 0.00300000 -0.01078669
v -0.00301971 0.00300000 -0.00882547
v -0.00301971 0.00300000 -0.00686426
v -0.00301971 0.00300000 -0.00490304
v -0.00301971 0.00300000 -0.00294182
v -0.00301971 0.00300000 -0.00098061
v -0.00301971 0.00300000 0.00098061
v -0.00301971 0.00300000 0.00294182
v -0.00301971 0.00300000 0.00490304
v -0.00301971 0.00300000 0.00686426
v -0.00301971 0.00300000 0.00882547
v -0.00301971 0.00300000 0.01078669
v -0.00301971 0.00300000 0.01274791
v -0.00301971 0.00300000 0.01470912
v -0.00301971 0.00300000 0.01667034
v -0.00301971 0.00300000 0.01863155
v -0.00301971 0.00300000 0.02059277
v -0.00301971 0.00300000 0.02255399
v -0.00301971 0.00300000 0.02451520
v -0.00301971 0.00300000 0.02647642
v -0.00301971 0.00300000 0.02843764
v -0.00301971 0.00300000 0.03039885
v -0.00301971 0.00272366 0.03236007
v -0.00100657 -0.00272366 -0.03236007
v -0.00100657 -0.00240114 -0.03279289
v -0.00100657 -0.00300000 -0.03039885
v -0.00100657 -0.00300000 -0.02843764
v -0.00100657 -0.00300000 -0.02647642
v -0.00100657 -0.00300000 -0.02451520
v -0.00100657 -0.00300000 -0.02255399
v -0.00100657 -0.00300000 -0.02059277
v -0.00100657 -0.00300000 -0.01863155
v -0.00100657 -0.00300000 -0.01667034
v -0.00100657 -0.00300000 -0.01470912
v -0.00100657 -0.00300000 -0.01274791
v -0.00100657 -0.00300000 -0.01078669
v -0.00100657 -0.00300000 -0.00882547
v -0.00100657 -0.00300000 -0.00686426
v -0.00100657 -0.00300000 -0.00490304
v -0.00100657 -0.00300000 -0.00294182
v -0.00100657 -0.00300000 -0.00098061
v -0.00100657 -0.00300000 0.00098061
v -0.00100657 -0.00300000 0.00294182
v -0.00100657 -0.00300000 0.00490304
v -0.00100657 -0.00300000 0.00686426
v -0.00100657 -0.00300000 0.00882547
v -0.00100657 -0.00300000 0.01078669
v -0.00100657 -0.00300000 0.01274791
v -0.00100657 -0.00300000 0.01470912
v -0.00100657 -0.00300000 0.01667034
v -0.00100657 -0.00300000 0.01863155
v -0.00100657 -0.00300000 0.02059277
v -0.00100657 -0.00300000 0.02255399
v -0.00100657 -0.00300000 0.02451520
v -0.00100657 -0.00300000 0.02647642
v -0.00100657 -0.00300000 0.02843764
v -0.00100657 -0.00300000 0.03039885
v -0.00100657 -0.00272366 0.03236007
v -0.00100657 -0.00240114 0.03279289
v -0.00100657 -0.00144068 -0.03364109
v -0.00100657 -0.00144068 0.03364109
v -0.00100657 -0.00048023 -0.03397811
v -0.00100657 -0.00048023 0.03397811
v -0.00100657 0.00048023 -0.03397811
v -0.00100657 0.00048023 0.03397811
v -0.00100657 0.00144068 -0.03364109
v -0.00100657 0.00144068 0.03364109
v -0.00100657 0.00240114 -0.03279289
v -0.00100657 0.00240114 0.03279289
v -0.00100657 0.00272366 -0.03236007
v -0.00100657 0.00300000 -0.03039885
v -0.00100657 0.00300000 -0.02843764
v -0.00100657 0.00300000 -0.02647642
v -0.00100657 0.00300000 -0.02451520
v -0.00100657 0.00300000 -0.02255399
v -0.00100657 0.00300000 -0.02059277
v -0.00100657 0.00300000 -0.01863155
v -0.00100657 0.00300000 -0.01667034
v -0.00100657 0.00300000 -0.01470912
v -0.00100657 0.00300000 -0.01274791
v -0.00100657 0.00300000 -0.01078669
v -0.00100657 0.00300000 -0.00882547
v -0.00100657 0.00300000 -0.00686426
v -0.00100657 0.00300000 -0.00490304
v -0.00100657 0.00300000 -0.00294182
v -0.00100657 0.00300000 -0.00098061
v -0.00100657 0.00300000 0.00098061
v -0.00100657 0.00300000 0.00294182
v -0.00100657 0.00300000 0.00490304
v -0.00100657 0.00300000 0.00686426
v -0.00100657 0.00300000 0.00882547
v -0.00100657 0.00300000 0.01078669
v -0.00100657 0.00300000 0.01274791
v -0.00100657 0.00300000 0.01470912
v -0.00100657 0.00300000 0.01667034
v -0.00100657 0.00300000 0.01863155
v -0.00100657 0.00300000 0.02059277
v -0.00100657 0.00300000 0.02255399
v -0.00100657 0.00300000 0.02451520
v -0.00100657 0.00300000 0.02647642
v -0.00100657 0.00300000 0.02843764
v -0.00100657 0.00300000 0.03039885
v -0.00100657 0.00272366 0.03236007
v 0.00100657 -0.00272366 -0.03236007
v 0.00100657 -0.00240114 -0.03279289
v 0.00100657 -0.00300000 -0.03039885
v 0.00100657 -0.00300000 -0.02843764
v 0.00100657 -0.00300000 -0.02647642
v 0.00100657 -0.00300000 -0.02451520
v 0.00100657 -0.00300000 -0.02255399
v 0.00100657 -0.00300000 -0.02059277
v 0.00100657 -0.00300000 -0.01863155
v 0.00100657 -0.00300000 -0.01667034
v 0.00100657 -0.00300000 -0.01470912
v 0.00100657 -0.00300000 -0.01274791
v 0.00100657 -0.00300000 -0.01078669
v 0.00100657 -0.00300000 -0.00882547
v 0.00100657 -0.00300000 -0.00686426
v 0.00100657 -0.00300000 -0.00490304
v 0.00100657 -0.00300000 -0.00294182
v 0.00100657 -0.00300000 -0.00098061
v 0.00100657 -0.00300000 0.00098061
v 0.00100657 -0.00300000 0.00294182
v 0.00100657 -0.00300000 0.00490304
v 0.00100657 -0.00300000 0.00686426
v 0.00100657 -0.00300000 0.00882547
v 0.00100657 -0.00300000 0.01078669
v 0.00100657 -0.00300000 0.01274791
v 0.00100657 -0.00300000 0.01470912
v 0.00100657 -0.00300000 0.01667034
v 0.00100657 -0.00300000 0.01863155
v 0.00100657 -0.00300000 0.02059277
v 0.00100657 -0.00300000 0.02255399
v 0.00100657 -0.00300000 0.02451520
v 0.00100657 -0.00300000 0.02647642
v 0.00100657 -0.00300000 0.02843764
v 0.00100657 -0.00300000 0.03039885
v 0.00100657 -0.00272366 0.03236007
v 0.00100657 -0.00240114 0.03279289
v 0.00100657 -0.00144068 -0.03364109
v 0.00100657 -0.00144068 0.03364109
v 0.00100657 -0.00048023 -0.03397811
v 0.00100657 -0.00048023 0.03397811
v 0.00100657 0.00048023 -0.03397811
v 0.00100657 0.00048023 0.03397811
v 0.00100657 0.00144068 -0.03364109
v 0.00100657 0.00144068 0.03364109
v 0.00100657 0.00240114 -0.03279289
v 0.00100657 0.00240114 0.03279289
v 0.00100657 0.00272366 -0.03236007
v 0.00100657 0.00300000 -0.03039885
v 0.00100657 0.00300000 -0.02843764
v 0.00100657 0.00300000 -0.02647642
v 0.00100657 0.00300000 -0.02451520
v 0.00100657 0.00300000 -0.02255399
v 0.00100657 0.00300000 -0.02059277
v 0.00100657 0.00300000 -0.01863155
v 0.00100657 0.00300000 -0.01667034
v 0.00100657 0.00300000 -0.01470912
v 0.00100657 0.00300000 -0.01274791
v 0.00100657 0.00300000 -0.01078669
v 0.00100657 0.00300000 -0.00882547
v 0.00100657 0.00300000 -0.00686426
v 0.00100657 0.00300000 -0.00490304
v 0.00100657 0.00300000 -0.00294182
v 0.00100657 0.00300000 -0.00098061
v 0.00100657 0.00300000 0.00098061
v 0.00100657 0.00300000 0.00294182
v 0.00100657 0.00300000 0.00490304
v 0.00100657 0.00300000 0.00686426
v 0.00100657 0.00300000 0.00882547
v 0.00100657 0.00300000 0.01078669
v 0.00100657 0.00300000 0.01274791
v 0.00100657 0.00300000 0.01470912
v 0.00100657 0.00300000 0.01667034
v 0.00100657 0.00300000 0.01863155
v 0.00100657 0.00300000 0.02059277
v 0.00100657 0.00300000 0.02255399
v 0.00100657 0.00300000 0.02451520
v 0.00100657 0.00300000 0.02647642
v 0.00100657 0.00300000 0.02843764
v 0.00100657 0.00300000 0.03039885
v 0.00100657 0.00272366 0.03236007
v 0.00301971 -0.00272366 -0.03236007
v 0.00301971 -0.00240114 -0.03279289
v 0.00301971 -0.00300000 -0.03039885
v 0.00301971 -0.00300000 -0.02843764
v 0.00301971 -0.00300000 -0.02647642
v 0.00301971 -0.00300000 -0.02451520
v 0.00301971 -0.00300000 -0.02255399
v 0.00301971 -0.00300000 -0.02059277
v 0.00301971 -0.00300000 -0.01863155
v 0.00301971 -0.00300000 -0.01667034
v 0.00301971 -0.00300000 -0.01470912
v 0.00301971 -0.00300000 -0.01274791
v 0.00301971 -0.00300000 -0.01078669
v 0.00301971 -0.00300000 -0.00882547
v 0.00301971 -0.00300000 -0.00686426
v 0.00301971 -0.00300000 -0.00490304
v 0.00301971 -0.00300000 -0.00294182
v 0.00301971 -0.00300000 -0.00098061
v 0.00301971 -0.00300000 0.00098061
v 0.00301971 -0.00300000 0.00294182
v 0.00301971 -0.00300000 0.00490304
v 0.00301971 -0.00300000 0.00686426
v 0.00301971 -0.00300000 0.00882547
v 0.00301971 -0.00300000 0.01078669
v 0.00301971 -0.00300000 0.01274791
v 0.00301971 -0.00300000 0.01470912
v 0.00301971 -0.00300000 0.01667034
v 0.00301971 -0.00300000 0.01863155
v 0.00301971 -0.00300000 0.02059277
v 0.00301971 -0.00300000 0.02255399
v 0.00301971 -0.00300000 0.02451520
v 0.00301971 -0.00300000 0.02647642
v 0.00301971 -0.00300000 0.02843764
v 0.00301971 -0.00300000 0.03039885
v 0.00301971 -0.00272366 0.03236007
v 0.00301971 -0.00240114 0.03279289
v 0.00301971 -0.00144068 -0.03364109
v 0.00301971 -0.00144068 0.03364109
v 0.00301971 -0.00048023 -0.03397811
v 0.00301971 -0.00048023 0.03397811
v 0.00301971 0.00048023 -0.03397811
v 0.00301971 0.00048023 0.03397811
v 0.00301971 0.00144068 -0.03364109
v 0.00301971 0.00144068 0.03364109
v 0.00301971 0.00240114 -0.03279289
v 0.00301971 0.00240114 0.03279289
v 0.00301971 0.00272366 -0.03236007
v 0.00301971 0.00300000 -0.03039885
v 0.00301971 0.00300000 -0.02843764
v 0.00301971 0.00300000 -0.02647642
v 0.00301971 0.00300000 -0.02451520
v 0.00301971 0.00300000 -0.02255399
v 0.00301971 0.00300000 -0.02059277
v 0.00301971 0.00300000 -0.01863155
v 0.00301971 0.00300000 -0.01667034
v 0.00301971 0.00300000 -0.01470912
v 0.00301971 0.00300000 -0.01274791
v 0.00301971 0.00300000 -0.01078669
v 0.00301971 0.00300000 -0.00882547
v 0.00301971 0.00300000 -0.00686426
v 0.00301971 0.00300000 -0.00490304
v 0.00301971 0.00300000 -0.00294182
v 0.00301971 0.00300000 -0.00098061
v 0.00301971 0.00300000 0.00098061
v 0.00301971 0.00300000 0.00294182
v 0.00301971 0.00300000 0.00490304
v 0.00301971 0.00300000 0.00686426
v 0.00301971 0.00300000 0.00882547
v 0.00301971 0.00300000 0.01078669
v 0.00301971 0.00300000 0.01274791
v 0.00301971 0.00300000 0.01470912
v 0.00301971 0.00300000 0.01667034
v 0.00301971 0.00300000 0.01863155
v 0.00301971 0.00300000 0.02059277
v 0.00301971 0.00300000 0.02255399
v 0.00301971 0.00300000 0.02451520
v 0.00301971 0.00300000 0.02647642
v 0.00301971 0.00300000 0.02843764
v 0.00301971 0.00300000 0.03039885
v 0.00301971 0.00272366 0.03236007
v 0.00503285 -0.00272366 -0.03236007
v 0.00503285 -0.00240114 -0.03279289
v 0.00503285 -0.00300000 -0.03039885
v 0.00503285 -0.00300000 -0.02843764
v 0.00503285 -0.00300000 -0.02647642
v 0.00503285 -0.00300000 -0.02451520
v 0.00503285 -0.00300000 -0.02255399
v 0.00503285 -0.00300000 -0.02059277
v 0.00503285 -0.00300000 -0.01863155
v 0.00503285 -0.00300000 -0.01667034
v 0.00503285 -0.00300000 -0.01470912
v 0.00503285 -0.00300000 -0.01274791
v 0.00503285 -0.00300000 -0.01078669
v 0.00503285 -0.00300000 -0.00882547
v 0.00503285 -0.00300000 -0.00686426
v 0.00503285 -0.00300000 -0.00490304
v 0.00503285 -0.00300000 -0.00294182
v 0.00503285 -0.00300000 -0.00098061
v 0.00503285 -0.00300000 0.00098061
v 0.00503285 -0.00300000 0.00294182
v 0.00503285 -0.00300000 0.00490304
v 0.00503285 -0.00300000 0.00686426
v 0.00503285 -0.00300000 0.00882547
v 0.00503285 -0.00300000 0.01078669
v 0.00503285 -0.00300000 0.01274791
v 0.00503285 -0.00300000 0.01470912
v 0.00503285 -0.00300000 0.01667034
v 0.00503285 -0.00300000 0.01863155
v 0.00503285 -0.00300000 0.02059277
v 0.00503285 -0.00300000 0.02255399
v 0.00503285 -0.00300000 0.02451520
v 0.00503285 -0.00300000 0.02647642
v 0.00503285 -0.00300000 0.02843764
v 0.00503285 -0.00300000 0.03039885
v 0.00503285 -0.00272366 0.03236007
v 0.00503285 -0.00240114 0.03279289
v 0.00503285 -0.00144068 -0.03364109
v 0.00503285 -0.00144068 0.03364109
v 0.00503285 -0.00048023 -0.03397811
v 0.00503285 -0.00048023 0.03397811
v 0.00503285 0.00048023 -0.03397811
v 0.00503285 0.00048023 0.03397811
v 0.00503285 0.00144068 -0.03364109
v 0.00503285 0.00144068 0.03364109
v 0.00503285 0.00240114 -0.03279289
v 0.00503285 0.00240114 0.03279289
v 0.00503285 0.00272366 -0.03236007
v 0.00503285 0.00300000 -0.03039885
v 0.00503285 0.00300000 -0.02843764
v 0.00503285 0.00300000 -0.02647642
v 0.00503285 0.00300000 -0.02451520
v 0.00503285 0.00300000 -0.02255399
v 0.00503285 0.00300000 -0.02059277
v 0.00503285 0.00300000 -0.01863155
v 0.00503285 0.00300000 -0.01667034
v 0.00503285 0.00300000 -0.01470912
v 0.00503285 0.00300000 -0.01274791
v 0.00503285 0.00300000 -0.01078669
v 0.00503285 0.00300000 -0.00882547
v 0.00503285 0.00300000 -0.00686426
v 0.00503285 0.00300000 -0.00490304
v 0.00503285 0.00300000 -0.00294182
v 0.00503285 0.00300000 -0.00098061
v 0.00503285 0.00300000 0.00098061
v 0.00503285 0.00300000 0.00294182
v 0.00503285 0.00300000 0.00490304
v 0.00503285 0.00300000 0.00686426
v 0.00503285 0.00300000 0.00882547
v 0.00503285 0.00300000 0.01078669
v 0.00503285 0.00300000 0.01274791
v 0.00503285 0.00300000 0.01470912
v 0.00503285 0.00300000 0.01667034
v 0.00503285 0.00300000 0.01863155
v 0.00503285 0.00300000 0.02059277
v 0.00503285 0.00300000 0.02255399
v 0.00503285 0.00300000 0.02451520
v 0.00503285 0.00300000 0.02647642
v 0.00503285 0.00300000 0.02843764
v 0.00503285 0.00300000 0.03039885
v 0.00503285 0.00272366 0.03236007
v 0.00704599 -0.00272366 -0.03236007
v 0.00704599 -0.00240114 -0.03279289
v 0.00704599 -0.00300000 -0.03039885
v 0.00704599 -0.00300000 -0.02843764
v 0.00704599 -0.00300000 -0.02647642
v 0.00704599 -0.00300000 -0.02451520
v 0.00704599 -0.00300000 -0.02255399
v 0.00704599 -0.00300000 -0.02059277
v 0.00704599 -0.00300000 -0.01863155
v 0.00704599 -0.00300000 -0.01667034
v 0.00704599 -0.00300000 -0.01470912
v 0.00704599 -0.00300000 -0.01274791
v 0.00704599 -0.00300000 -0.01078669
v 0.00704599 -0.00300000 -0.00882547
v 0.00704599 -0.00300000 -0.00686426
v 0.00704599 -0.00300000 -0.00490304
v 0.00704599 -0.00300000 -0.00294182
v 0.00704599 -0.00300000 -0.00098061
v 0.00704599 -0.00300000 0.00098061
v 0.00704599 -0.00300000 0.00294182
v 0.00704599 -0.00300000 0.00490304
v 0.00704599 -0.00300000 0.00686426
v 0.00704599 -0.00300000 0.00882547
v 0.00704599 -0.00300000 0.01078669
v 0.00704599 -0.00300000 0.01274791
v 0.00704599 -0.00300000 0.01470912
v 0.00704599 -0.00300000 0.01667034
v 0.00704599 -0.00300000 0.01863155
v 0.00704599 -0.00300000 0.02059277
v 0.00704599 -0.00300000 0.02255399
v 0.00704599 -0.00300000 0.02451520
v 0.00704599 -0.00300000 0.02647642
v 0.00704599 -0.00300000 0.02843764
v 0.00704599 -0.00300000 0.03039885
v 0.00704599 -0.00272366 0.03236007
v 0.00704599 -0.00240114 0.03279289
v 0.00704599 -0.00144068 -0.03364109
v 0.00704599 -0.00144068 0.03364109
v 0.00704599 -0.00048023 -0.03397811
v 0.00704599 -0.00048023 0.03397811
v 0.00704599 0.00048023 -0.03397811
v 0.00704599 0.00048023 0.03397811
v 0.00704599 0.00144068 -0.03364109
v 0.00704599 0.00144068 0.03364109
v 0.00704599 0.00240114 -0.03279289
v 0.00704599 0.00240114 0.03279289
v 0.00704599 0.00272366 -0.03236007
v 0.00704599 0.00300000 -0.03039885
v 0.00704599 0.00300000 -0.02843764
v 0.00704599 0.00300000 -0.02647642
v 0.00704599 0.00300000 -0.02451520
v 0.00704599 0.00300000 -0.02255399
v 0.00704599 0.00300000 -0.02059277
v 0.00704599 0.00300000 -0.01863155
v 0.00704599 0.00300000 -0.01667034
v 0.00704599 0.00300000 -0.01470912
v 0.00704599 0.00300000 -0.01274791
v 0.00704599 0.00300000 -0.01078669
v 0.00704599 0.00300000 -0.00882547
v 0.00704599 0.00300000 -0.00686426
v 0.00704599 0.00300000 -0.00490304
v 0.00704599 0.00300000 -0.00294182
v 0.00704599 0.00300000 -0.00098061
v 0.00704599 0.00300000 0.00098061
v 0.00704599 0.00300000 0.00294182
v 0.00704599 0.00300000 0.00490304
v 0.00704599 0.00300000 0.00686426
v 0.00704599 0.00300000 0.00882547
v 0.00704599 0.00300000 0.01078669
v 0.00704599 0.00300000 0.01274791
v 0.00704599 0.00300000 0.01470912
v 0.00704599 0.00300000 0.01667034
v 0.00704599 0.00300000 0.01863155
v 0.00704599 0.00300000 0.02059277
v 0.00704599 0.00300000 0.02255399
v 0.00704599 0.00300000 0.02451520
v 0.00704599 0.00300000 0.02647642
v 0.00704599 0.00300000 0.02843764
v 0.00704599 0.00300000 0.03039885
v 0.00704599 0.00272366 0.03236007
v 0.00905913 -0.00272366 -0.03236007
v 0.00905913 -0.00240114 -0.03279289
v 0.00905913 -0.00300000 -0.03039885
v 0.00905913 -0.00300000 -0.02843764
v 0.00905913 -0.00300000 -0.02647642
v 0.00905913 -0.00300000 -0.02451520
v 0.00905913 -0.00300000 -0.02255399
v 0.00905913 -0.00300000 -0.02059277
v 0.00905913 -0.00300000 -0.01863155
v 0.00905913 -0.00300000 -0.01667034
v 0.00905913 -0.00300000 -0.01470912
v 0.00905913 -0.00300000 -0.01274791
v 0.00905913 -0.00300000 -0.01078669
v 0.00905913 -0.00300000 -0.00882547
v 0.00905913 -0.00300000 -0.00686426
v 0.00905913 -0.00300000 -0.00490304
v 0.00905913 -0.00300000 -0.00294182
v 0.00905913 -0.00300000 -0.00098061
v 0.00905913 -0.00300000 0.00098061
v 0.00905913 -0.00300000 0.00294182
v 0.00905913 -0.00300000 0.00490304
v 0.00905913 -0.00300000 0.00686426
v 0.00905913 -0.00300000 0.00882547
v 0.00905913 -0.00300000 0.01078669
v 0.00905913 -0.00300000 0.01274791
v 0.00905913 -0.00300000 0.01470912
v 0.00905913 -0.00300000 0.01667034
v 0.00905913 -0.00300000 0.01863155
v 0.00905913 -0.00300000 0.02059277
v 0.00905913 -0.00300000 0.02255399
v 0.00905913 -0.00300000 0.02451520
v 0.00905913 -0.00300000 0.02647642
v 0.00905913 -0.00300000 0.02843764
v 0.00905913 -0.00300000 0.03039885
v 0.00905913 -0.00272366 0.03236007
v 0.00905913 -0.00240114 0.03279289
v 0.00905913 -0.00144068 -0.03364109
v 0.00905913 -0.00144068 0.03364109
v 0.00905913 -0.00048023 -0.03397811
v 0.00905913 -0.00048023 0.03397811
v 0.00905913 0.00048023 -0.03397811
v 0.00905913 0.00048023 0.03397811
v 0.00905913 0.00144068 -0.03364109
v 0.00905913 0.00144068 0.03364109
v 0.00905913 0.00240114 -0.03279289
v 0.00905913 0.00240114 0.03279289
v 0.00905913 0.00272366 -0.03236007
v 0.00905913 0.00300000 -0.03039885
v 0.00905913 0.00300000 -0.02843764
v 0.00905913 0.00300000 -0.02647642
v 0.00905913 0.00300000 -0.02451520
v 0.00905913 0.00300000 -0.02255399
v 0.00905913 0.00300000 -0.02059277
v 0.00905913 0.00300000 -0.01863155
v 0.00905913 0.00300000 -0.01667034
v 0.00905913 0.00300000 -0.01470912
v 0.00905913 0.00300000 -0.01274791
v 0.00905913 0.00300000 -0.01078669
v 0.00905913 0.00300000 -0.00882547
v 0.00905913 0.00300000 -0.00686426
v 0.00905913 0.00300000 -0.00490304
v 0.00905913 0.00300000 -0.00294182
v 0.00905913 0.00300000 -0.00098061
v 0.00905913 0.00300000 0.00098061
v 0.00905913 0.00300000 0.00294182
v 0.00905913 0.00300000 0.00490304
v 0.00905913 0.00300000 0.00686426
v 0.00905913 0.00300000 0.00882547
v 0.00905913 0.00300000 0.01078669
v 0.00905913 0.00300000 0.01274791
v 0.00905913 0.00300000 0.01470912
v 0.00905913 0.00300000 0.01667034
v 0.00905913 0.00300000 0.01863155
v 0.00905913 0.00300000 0.02059277
v 0.00905913 0.00300000 0.02255399
v 0.00905913 0.00300000 0.02451520
v 0.00905913 0.00300000 0.02647642
v 0.00905913 0.00300000 0.02843764
v 0.00905913 0.00300000 0.03039885
v 0.00905913 0.00272366 0.03236007
v 0.01107227 -0.00272366 -0.03236007
v 0.01107227 -0.00240114 -0.03279289
v 0.01107227 -0.00300000 -0.03039885
v 0.01107227 -0.00300000 -0.02843764
v 0.01107227 -0.00300000 -0.02647642
v 0.01107227 -0.00300000 -0.02451520
v 0.01107227 -0.00300000 -0.02255399
v 0.01107227 -0.00300000 -0.02059277
v 0.01107227 -0.00300000 -0.01863155
v 0.01107227 -0.00300000 -0.01667034
v 0.01107227 -0.00300000 -0.01470912
v 0.01107227 -0.00300000 -0.01274791
v 0.01107227 -0.00300000 -0.01078669
v 0.01107227 -0.00300000 -0.00882547
v 0.01107227 -0.00300000 -0.00686426
v 0.01107227 -0.00300000 -0.00490304
v 0.01107227 -0.00300000 -0.00294182
v 0.01107227 -0.00300000 -0.00098061
v 0.01107227 -0.00300000 0.00098061
v 0.01107227 -0.00300000 0.00294182
v 0.01107227 -0.00300000 0.00490304
v 0.01107227 -0.00300000 0.00686426
v 0.01107227 -0.00300000 0.00882547
v 0.01107227 -0.00300000 0.01078669
v 0.01107227 -0.00300000 0.01274791
v 0.01107227 -0.00300000 0.01470912
v 0.01107227 -0.00300000 0.01667034
v 0.01107227 -0.00300000 0.01863155
v 0.01107227 -0.00300000 0.02059277
v 0.01107227 -0.00300000 0.02255399
v 0.01107227 -0.00300000 0.02451520
v 0.01107227 -0.00300000 0.02647642
v 0.01107227 -0.00300000 0.02843764
v 0.01107227 -0.00300000 0.03039885
v 0.01107227 -0.00272366 0.03236007
v 0.01107227 -0.00240114 0.03279289
v 0.01107227 -0.00144068 -0.03364109
v 0.01107227 -0.00144068 0.03364109
v 0.01107227 -0.00048023 -0.03397811
v 0.01107227 -0.00048023 0.03397811
v 0.01107227 0.00048023 -0.03397811
v 0.01107227 0.00048023 0.03397811
v 0.01107227 0.00144068 -0.03364109
v 0.01107227 0.00144068 0.03364109
v 0.01107227 0.00240114 -0.03279289
v 0.01107227 0.00240114 0.03279289
v 0.01107227 0.00272366 -0.03236007
v 0.01107227 0.00300000 -0.03039885
v 0.01107227 0.00300000 -0.02843764
v 0.01107227 0.00300000 -0.02647642
v 0.01107227 0.00300000 -0.02451520
v 0.01107227 0.00300000 -0.02255399
v 0.01107227 0.00300000 -0.02059277
v 0.01107227 0.00300000 -0.01863155
v 0.01107227 0.00300000 -0.01667034
v 0.01107227 0.00300000 -0.01470912
v 0.01107227 0.00300000 -0.01274791
v 0.01107227 0.00300000 -0.01078669
v 0.01107227 0.00300000 -0.00882547
v 0.01107227 0.00300000 -0.00686426
v 0.01107227 0.00300000 -0.00490304
v 0.01107227 0.00300000 -0.00294182
v 0.01107227 0.00300000 -0.00098061
v 0.01107227 0.00300000 0.00098061
v 0.01107227 0.00300000 0.00294182
v 0.01107227 0.00300000 0.00490304
v 0.01107227 0.00300000 0.00686426
v 0.01107227 0.00300000 0.00882547
v 0.01107227 0.00300000 0.01078669
v 0.01107227 0.00300000 0.01274791
v 0.01107227 0.00300000 0.01470912
v 0.01107227 0.00300000 0.01667034
v 0.01107227 0.00300000 0.01863155
v 0.01107227 0.00300000 0.02059277
v 0.01107227 0.00300000 0.02255399
v 0.01107227 0.00300000 0.02451520
v 0.01107227 0.00300000 0.02647642
v 0.01107227 0.00300000 0.02843764
v 0.01107227 0.00300000 0.03039885
v 0.01107227 0.00272366 0.03236007
v 0.01308541 -0.00272366 -0.03236007
v 0.01308541 -0.00240114 -0.03279289
v 0.01308541 -0.00300000 -0.03039885
v 0.01308541 -0.00300000 -0.02843764
v 0.01308541 -0.00300000 -0.02647642
v 0.01308541 -0.00300000 -0.02451520
v 0.01308541 -0.00300000 -0.02255399
v 0.01308541 -0.00300000 -0.02059277
v 0.01308541 -0.00300000 -0.01863155
v 0.01308541 -0.00300000 -0.01667034
v 0.01308541 -0.00300000 -0.01470912
v 0.01308541 -0.00300000 -0.01274791
v 0.01308541 -0.00300000 -0.01078669
v 0.01308541 -0.00300000 -0.00882547
v 0.01308541 -0.00300000 -0.00686426
v 0.01308541 -0.00300000 -0.00490304
v 0.01308541 -0.00300000 -0.00294182
v 0.01308541 -0.00300000 -0.00098061
v 0.01308541 -0.00300000 0.00098061
v 0.01308541 -0.00300000 0.00294182
v 0.01308541 -0.00300000 0.00490304
v 0.01308541 -0.00300000 0.00686426
v 0.01308541 -0.00300000 0.00882547
v 0.01308541 -0.00300000 0.01078669
v 0.01308541 -0.00300000 0.01274791
v 0.01308541 -0.00300000 0.01470912
v 0.01308541 -0.00300000 0.01667034
v 0.01308541 -0.00300000 0.01863155
v 0.01308541 -0.00300000 0.02059277
v 0.01308541 -0.00300000 0.02255399
v 0.01308541 -0.00300000 0.02451520
v 0.01308541 -0.00300000 0.02647642
v 0.01308541 -0.00300000 0.02843764
v 0.01308541 -0.00300000 0.03039885
v 0.01308541 -0.00272366 0.03236007
v 0.01308541 -0.00240114 0.03279289
v 0.01308541 -0.00144068 -0.03364109
v 0.01308541 -0.00144068 0.03364109
v 0.01308541 -0.00048023 -0.03397811
v 0.01308541 -0.00048023 0.03397811
v 0.01308541 0.00048023 -0.03397811
v 0.01308541 0.00048023 0.03397811
v 0.01308541 0.00144068 -0.03364109
v 0.01308541 0.00144068 0.03364109
v 0.01308541 0.00240114 -0.03279289
v 0.01308541 0.00240114 0.03279289
v 0.01308541 0.00272366 -0.03236007
v 0.01308541 0.00300000 -0.03039885
v 0.01308541 0.00300000 -0.02843764
v 0.01308541 0.00300000 -0.02647642
v 0.01308541 0.00300000 -0.02451520
v 0.01308541 0.00300000 -0.02255399
v 0.01308541 0.00300000 -0.02059277
v 0.01308541 0.00300000 -0.01863155
v 0.01308541 0.00300000 -0.01667034
v 0.01308541 0.00300000 -0.01470912
v 0.01308541 0.00300000 -0.01274791
v 0.01308541 0.00300000 -0.01078669
v 0.01308541 0.00300000 -0.00882547
v 0.01308541 0.00300000 -0.00686426
v 0.01308541 0.00300000 -0.00490304
v 0.01308541 0.00300000 -0.00294182
v 0.01308541 0.00300000 -0.00098061
v 0.01308541 0.00300000 0.00098061
v 0.01308541 0.00300000 0.00294182
v 0.01308541 0.00300000 0.00490304
v 0.01308541 0.00300000 0.00686426
v 0.01308541 0.00300000 0.00882547
v 0.01308541 0.00300000 0.01078669
v 0.01308541 0.00300000 0.01274791
v 0.01308541 0.00300000 0.01470912
v 0.01308541 0.00300000 0.01667034
v 0.01308541 0.00300000 0.01863155
v 0.01308541 0.00300000 0.02059277
v 0.01308541 0.00300000 0.02255399
v 0.01308541 0.00300000 0.02451520
v 0.01308541 0.00300000 0.02647642
v 0.01308541 0.00300000 0.02843764
v 0.01308541 0.00300000 0.03039885
v 0.01308541 0.00272366 0.03236007
v 0.01509855 -0.00272366 -0.03236007
v 0.01509855 -0.00240114 -0.03279289
v 0.01509855 -0.00300000 -0.03039885
v 0.01509855 -0.00300000 -0.02843764
v 0.01509855 -0.00300000 -0.02647642
v 0.01509855 -0.00300000 -0.02451520
v 0.01509855 -0.00300000 -0.02255399
v 0.01509855 -0.00300000 -0.02059277
v 0.01509855 -0.00300000 -0.01863155
v 0.01509855 -0.00300000 -0.01667034
v 0.01509855 -0.00300000 -0.01470912
v 0.01509855 -0.00300000 -0.01274791
v 0.01509855 -0.00300000 -0.01078669
v 0.01509855 -0.00300000 -0.00882547
v 0.01509855 -0.00300000 -0.00686426
v 0.01509855 -0.00300000 -0.00490304
v 0.01509855 -0.00300000 -0.00294182
v 0.01509855 -0.00300000 -0.00098061
v 0.01509855 -0.00300000 0.00098061
v 0.01509855 -0.00300000 0.00294182
v 0.01509855 -0.00300000 0.00490304
v 0.01509855 -0.00300000 0.00686426
v 0.01509855 -0.00300000 0.00882547
v 0.01509855 -0.00300000 0.01078669
v 0.01509855 -0.00300000 0.01274791
v 0.01509855 -0.00300000 0.01470912
v 0.01509855 -0.00300000 0.01667034
v 0.01509855 -0.00300000 0.01863155
v 0.01509855 -0.00300000 0.02059277
v 0.01509855 -0.00300000 0.02255399
v 0.01509855 -0.00300000 0.02451520
v 0.01509855 -0.00300000 0.02647642
v 0.01509855 -0.00300000 0.02843764
v 0.01509855 -0.00300000 0.03039885
v 0.01509855 -0.00272366 0.03236007
v 0.01509855 -0.00240114 0.03279289
v 0.01509855 -0.00144068 -0.03364109
v 0.01509855 -0.00144068 0.03364109
v 0.01509855 -0.00048023 -0.03397811
v 0.01509855 -0.00048023 0.03397811
v 0.01509855 0.00048023 -0.03397811
v 0.01509855 0.00048023 0.03397811
v 0.01509855 0.00144068 -0.03364109
v 0.01509855 0.00144068 0.03364109
v 0.01509855 0.00240114 -0.03279289
v 0.01509855 0.00240114 0.03279289
v 0.01509855 0.00272366 -0.03236007
v 0.01509855 0.00300000 -0.03039885
v 0.01509855 0.00300000 -0.02843764
v 0.01509855 0.00300000 -0.02647642
v 0.01509855 0.00300000 -0.02451520
v 0.01509855 0.00300000 -0.02255399
v 0.01509855 0.00300000 -0.02059277
v 0.01509855 0.00300000 -0.01863155
v 0.01509855 0.00300000 -0.01667034
v 0.01509855 0.00300000 -0.01470912
v 0.01509855 0.00300000 -0.01274791
v 0.01509855 0.00300000 -0.01078669
v 0.01509855 0.00300000 -0.00882547
v 0.01509855 0.00300000 -0.00686426
v 0.01509855 0.00300000 -0.00490304
v 0.01509855 0.00300000 -0.00294182
v 0.01509855 0.00300000 -0.00098061
v 0.01509855 0.00300000 0.00098061
v 0.01509855 0.00300000 0.00294182
v 0.01509855 0.00300000 0.00490304
v 0.01509855 0.00300000 0.00686426
v 0.01509855 0.00300000 0.00882547
v 0.01509855 0.00300000 0.01078669
v 0.01509855 0.00300000 0.01274791
v 0.01509855 0.00300000 0.01470912
v 0.01509855 0.00300000 0.01667034
v 0.01509855 0.00300000 0.01863155
v 0.01509855 0.00300000 0.02059277
v 0.01509855 0.00300000 0.02255399
v 0.01509855 0.00300000 0.02451520
v 0.01509855 0.00300000 0.02647642
v 0.01509855 0.00300000 0.02843764
v 0.01509855 0.00300000 0.03039885
v 0.01509855 0.00272366 0.03236007
v 0.01711169 -0.00272366 -0.03236007
v 0.01711169 -0.00240114 -0.03279289
v 0.01711169 -0.00300000 -0.03039885
v 0.01711169 -0.00300000 -0.02843764
v 0.01711169 -0.00300000 -0.02647642
v 0.01711169 -0.00300000 -0.02451520
v 0.01711169 -0.00300000 -0.02255399
v 0.01711169 -0.00300000 -0.02059277
v 0.01711169 -0.00300000 -0.01863155
v 0.01711169 -0.00300000 -0.01667034
v 0.01711169 -0.00300000 -0.01470912
v 0.01711169 -0.00300000 -0.01274791
v 0.01711169 -0.00300000 -0.01078669
v 0.01711169 -0.00300000 -0.00882547
v 0.01711169 -0.00300000 -0.00686426
v 0.01711169 -0.00300000 -0.00490304
v 0.01711169 -0.00300000 -0.00294182
v 0.01711169 -0.00300000 -0.00098061
v 0.01711169 -0.00300000 0.00098061
v 0.01711169 -0.00300000 0.00294182
v 0.01711169 -0.00300000 0.00490304
v 0.01711169 -0.00300000 0.00686426
v 0.01711169 -0.00300000 0.00882547
v 0.01711169 -0.00300000 0.01078669
v 0.01711169 -0.00300000 0.01274791
v 0.01711169 -0.00300000 0.01470912
v 0.01711169 -0.00300000 0.01667034
v 0.01711169 -0.00300000 0.01863155
v 0.01711169 -0.00300000 0.02059277
v 0.01711169 -0.00300000 0.02255399
v 0.01711169 -0.00300000 0.02451520
v 0.01711169 -0.00300000 0.02647642
v 0.01711169 -0.00300000 0.02843764
v 0.01711169 -0.00300000 0.03039885
v 0.01711169 -0.00272366 0.03236007
v 0.01711169 -0.00240114 0.03279289
v 0.01711169 -0.00144068 -0.03364109
v 0.01711169 -0.00144068 0.03364109
v 0.01711169 -0.00048023 -0.03397811
v 0.01711169 -0.00048023 0.03397811
v 0.01711169 0.00048023 -0.03397811
v 0.01711169 0.00048023 0.03397811
v 0.01711169 0.00144068 -0.03364109
v 0.01711169 0.00144068 0.03364109
v 0.01711169 0.00240114 -0.03279289
v 0.01711169 0.00240114 0.03279289
v 0.01711169 0.00272366 -0.03236007
v 0.01711169 0.00300000 -0.03039885
v 0.01711169 0.00300000 -0.02843764
v 0.01711169 0.00300000 -0.02647642
v 0.01711169 0.00300000 -0.02451520
v 0.01711169 0.00300000 -0.02255399
v 0.01711169 0.00300000 -0.02059277
v 0.01711169 0.00300000 -0.01863155
v 0.01711169 0.00300000 -0.01667034
v 0.01711169 0.00300000 -0.01470912
v 0.01711169 0.00300000 -0.01274791
v 0.01711169 0.00300000 -0.01078669
v 0.01711169 0.00300000 -0.00882547
v 0.01711169 0.00300000 -0.00686426
v 0.01711169 0.00300000 -0.00490304
v 0.01711169 0.00300000 -0.00294182
v 0.01711169 0.00300000 -0.00098061
v 0.01711169 0.00300000 0.00098061
v 0.01711169 0.00300000 0.00294182
v 0.01711169 0.00300000 0.00490304
v 0.01711169 0.00300000 0.00686426
v 0.01711169 0.00300000 0.00882547
v 0.01711169 0.00300000 0.01078669
v 0.01711169 0.00300000 0.01274791
v 0.01711169 0.00300000 0.01470912
v 0.01711169 0.00300000 0.01667034
v 0.01711169 0.00300000 0.01863155
v 0.01711169 0.00300000 0.02059277
v 0.01711169 0.00300000 0.02255399
v 0.01711169 0.00300000 0.02451520
v 0.01711169 0.00300000 0.02647642
v 0.01711169 0.00300000 0.02843764
v 0.01711169 0.00300000 0.03039885
v 0.01711169 0.00272366 0.03236007
v 0.01912483 -0.00272366 -0.03236007
v 0.01912483 -0.00240114 -0.03279289
v 0.01912483 -0.00300000 -0.03039885
v 0.01912483 -0.00300000 -0.02843764
v 0.01912483 -0.00300000 -0.02647642
v 0.01912483 -0.00300000 -0.02451520
v 0.01912483 -0.00300000 -0.02255399
v 0.01912483 -0.00300000 -0.02059277
v 0.01912483 -0.00300000 -0.01863155
v 0.01912483 -0.00300000 -0.01667034
v 0.01912483 -0.00300000 -0.01470912
v 0.01912483 -0.00300000 -0.01274791
v 0.01912483 -0.00300000 -0.01078669
v 0.01912483 -0.00300000 -0.00882547
v 0.01912483 -0.00300000 -0.00686426
v 0.01912483 -0.00300000 -0.00490304
v 0.01912483 -0.00300000 -0.00294182
v 0.01912483 -0.00300000 -0.00098061
v 0.01912483 -0.00300000 0.00098061
v 0.01912483 -0.00300000 0.00294182
v 0.01912483 -0.00300000 0.00490304
v 0.01912483 -0.00300000 0.00686426
v 0.01912483 -0.00300000 0.00882547
v 0.01912483 -0.00300000 0.01078669
v 0.01912483 -0.00300000 0.01274791
v 0.01912483 -0.00300000 0.01470912
v 0.01912483 -0.00300000 0.01667034
v 0.01912483 -0.00300000 0.01863155
v 0.01912483 -0.00300000 0.02059277
v 0.01912483 -0.00300000 0.02255399
v 0.01912483 -0.00300000 0.02451520
v 0.01912483 -0.00300000 0.02647642
v 0.01912483 -0.00300000 0.02843764
v 0.01912483 -0.00300000 0.03039885
v 0.01912483 -0.00272366 0.03236007
v 0.01912483 -0.00240114 0.03279289
v 0.01912483 -0.00144068 -0.03364109
v 0.01912483 -0.00144068 0.03364109
v 0.01912483 -0.00048023 -0.03397811
v 0.01912483 -0.00048023 0.03397811
v 0.01912483 0.00048023 -0.03397811
v 0.01912483 0.00048023 0.03397811
v 0.01912483 0.00144068 -0.03364109
v 0.01912483 0.00144068 0.03364109
v 0.01912483 0.00240114 -0.03279289
v 0.01912483 0.00240114 0.03279289
v 0.01912483 0.00272366 -0.03236007
v 0.01912483 0.00300000 -0.03039885
v 0.01912483 0.00300000 -0.02843764
v 0.01912483 0.00300000 -0.02647642
v 0.01912483 0.00300000 -0.02451520
v 0.01912483 0.00300000 -0.02255399
v 0.01912483 0.00300000 -0.02059277
v 0.01912483 0.00300000 -0.01863155
v 0.01912483 0.00300000 -0.01667034
v 0.01912483 0.00300000 -0.01470912
v 0.01912483 0.00300000 -0.01274791
v 0.01912483 0.00300000 -0.01078669
v 0.01912483 0.00300000 -0.00882547
v 0.01912483 0.00300000 -0.00686426
v 0.01912483 0.00300000 -0.00490304
v 0.01912483 0.00300000 -0.00294182
v 0.01912483 0.00300000 -0.00098061
v 0.01912483 0.00300000 0.00098061
v 0.01912483 0.00300000 0.00294182
v 0.01912483 0.00300000 0.00490304
v 0.01912483 0.00300000 0.00686426
v 0.01912483 0.00300000 0.00882547
v 0.01912483 0.00300000 0.01078669
v 0.01912483 0.00300000 0.01274791
v 0.01912483 0.00300000 0.01470912
v 0.01912483 0.00300000 0.01667034
v 0.01912483 0.00300000 0.01863155
v 0.01912483 0.00300000 0.02059277
v 0.01912483 0.00300000 0.02255399
v 0.01912483 0.00300000 0.02451520
v 0.01912483 0.00300000 0.02647642
v 0.01912483 0.00300000 0.02843764
v 0.01912483 0.00300000 0.03039885
v 0.01912483 0.00272366 0.03236007
v 0.02113797 -0.00272366 -0.03236007
v 0.02113797 -0.00240114 -0.03279289
v 0.02113797 -0.00300000 -0.03039885
v 0.02113797 -0.00300000 -0.02843764
v 0.02113797 -0.00300000 -0.02647642
v 0.02113797 -0.00300000 -0.02451520
v 0.02113797 -0.00300000 -0.02255399
v 0.02113797 -0.00300000 -0.02059277
v 0.02113797 -0.00300000 -0.01863155
v 0.02113797 -0.00300000 -0.01667034
v 0.02113797 -0.00300000 -0.01470912
v 0.02113797 -0.00300000 -0.01274791
v 0.02113797 -0.00300000 -0.01078669
v 0.02113797 -0.00300000 -0.00882547
v 0.02113797 -0.00300000 -0.00686426
v 0.02113797 -0.00300000 -0.00490304
v 0.02113797 -0.00300000 -0.00294182
v 0.02113797 -0.00300000 -0.00098061
v 0.02113797 -0.00300000 0.00098061
v 0.02113797 -0.00300000 0.00294182
v 0.02113797 -0.00300000 0.00490304
v 0.02113797 -0.00300000 0.00686426
v 0.02113797 -0.00300000 0.00882547
v 0.02113797 -0.00300000 0.01078669
v 0.02113797 -0.00300000 0.01274791
v 0.02113797 -0.00300000 0.01470912
v 0.02113797 -0.00300000 0.01667034
v 0.02113797 -0.00300000 0.01863155
v 0.02113797 -0.00300000 0.02059277
v 0.02113797 -0.00300000 0.02255399
v 0.02113797 -0.00300000 0.02451520
v 0.02113797 -0.00300000 0.02647642
v 0.02113797 -0.00300000 0.02843764
v 0.02113797 -0.00300000 0.03039885
v 0.02113797 -0.00272366 0.03236007
v 0.02113797 -0.00240114 0.03279289
v 0.02113797 -0.00144068 -0.03364109
v 0.02113797 -0.00144068 0.03364109
v 0.02113797 -0.00048023 -0.03397811
v 0.02113797 -0.00048023 0.03397811
v 0.02113797 0.00048023 -0.03397811
v 0.02113797 0.00048023 0.03397811
v 0.02113797 0.00144068 -0.03364109
v 0.02113797 0.00144068 0.03364109
v 0.02113797 0.00240114 -0.03279289
v 0.02113797 0.00240114 0.03279289
v 0.02113797 0.00272366 -0.03236007
v 0.02113797 0.00300000 -0.03039885
v 0.02113797 0.00300000 -0.02843764
v 0.02113797 0.00300000 -0.02647642
v 0.02113797 0.00300000 -0.02451520
v 0.02113797 0.00300000 -0.02255399
v 0.02113797 0.00300000 -0.02059277
v 0.02113797 0.00300000 -0.01863155
v 0.02113797 0.00300000 -0.01667034
v 0.02113797 0.00300000 -0.01470912
v 0.02113797 0.00300000 -0.01274791
v 0.02113797 0.00300000 -0.01078669
v 0.02113797 0.00300000 -0.00882547
v 0.02113797 0.00300000 -0.00686426
v 0.02113797 0.00300000 -0.00490304
v 0.02113797 0.00300000 -0.00294182
v 0.02113797 0.00300000 -0.00098061
v 0.02113797 0.00300000 0.00098061
v 0.02113797 0.00300000 0.00294182
v 0.02113797 0.00300000 0.00490304
v 0.02113797 0.00300000 0.00686426
v 0.02113797 0.00300000 0.00882547
v 0.02113797 0.00300000 0.01078669
v 0.02113797 0.00300000 0.01274791
v 0.02113797 0.00300000 0.01470912
v 0.02113797 0.00300000 0.01667034
v 0.02113797 0.00300000 0.01863155
v 0.02113797 0.00300000 0.02059277
v 0.02113797 0.00300000 0.02255399
v 0.02113797 0.00300000 0.02451520
v 0.02113797 0.00300000 0.02647642
v 0.02113797 0.00300000 0.02843764
v 0.02113797 0.00300000 0.03039885
v 0.02113797 0.00272366 0.03236007
v 0.02315110 -0.00272366 -0.03236007
v 0.02315110 -0.00240114 -0.03279289
v 0.02315110 -0.00300000 -0.03039885
v 0.02315110 -0.00300000 -0.02843764
v 0.02315110 -0.00300000 -0.02647642
v 0.02315110 -0.00300000 -0.02451520
v 0.02315110 -0.00300000 -0.02255399
v 0.02315110 -0.00300000 -0.02059277
v 0.02315110 -0.00300000 -0.01863155
v 0.02315110 -0.00300000 -0.01667034
v 0.02315110 -0.00300000 -0.01470912
v 0.02315110 -0.00300000 -0.01274791
v 0.02315110 -0.00300000 -0.01078669
v 0.02315110 -0.00300000 -0.00882547
v 0.02315110 -0.00300000 -0.00686426
v 0.02315110 -0.00300000 -0.00490304
v 0.02315110 -0.00300000 -0.00294182
v 0.02315110 -0.00300000 -0.00098061
v 0.02315110 -0.00300000 0.00098061
v 0.02315110 -0.00300000 0.00294182
v 0.02315110 -0.00300000 0.00490304
v 0.02315110 -0.00300000 0.00686426
v 0.02315110 -0.00300000 0.00882547
v 0.02315110 -0.00300000 0.01078669
v 0.02315110 -0.00300000 0.01274791
v 0.02315110 -0.00300000 0.01470912
v 0.02315110 -0.00300000 0.01667034
v 0.02315110 -0.00300000 0.01863155
v 0.02315110 -0.00300000 0.02059277
v 0.02315110 -0.00300000 0.02255399
v 0.02315110 -0.00300000 0.02451520
v 0.02315110 -0.00300000 0.02647642
v 0.02315110 -0.00300000 0.02843764
v 0.02315110 -0.00300000 0.03039885
v 0.02315110 -0.00272366 0.03236007
v 0.02315110 -0.00240114 0.03279289
v 0.02315110 -0.00144068 -0.03364109
v 0.02315110 -0.00144068 0.03364109
v 0.02315110 -0.00048023 -0.03397811
v 0.02315110 -0.00048023 0.03397811
v 0.02315110 0.00048023 -0.03397811
v 0.02315110 0.00048023 0.03397811
v 0.02315110 0.00144068 -0.03364109
v 0.02315110 0.00144068 0.03364109
v 0.02315110 0.00240114 -0.03279289
v 0.02315110 0.00240114 0.03279289
v 0.02315110 0.00272366 -0.03236007
v 0.02315110 0.00300000 -0.03039885
v 0.02315110 0.00300000 -0.02843764
v 0.02315110 0.00300000 -0.02647642
v 0.02315110 0.00300000 -0.02451520
v 0.02315110 0.00300000 -0.02255399
v 0.02315110 0.00300000 -0.02059277
v 0.02315110 0.00300000 -0.01863155
v 0.02315110 0.00300000 -0.01667034
v 0.02315110 0.00300000 -0.01470912
v 0.02315110 0.00300000 -0.01274791
v 0.02315110 0.00300000 -0.01078669
v 0.02315110 0.00300000 -0.00882547
v 0.02315110 0.00300000 -0.00686426
v 0.02315110 0.00300000 -0.00490304
v 0.02315110 0.00300000 -0.00294182
v 0.02315110 0.00300000 -0.00098061
v 0.02315110 0.00300000 0.00098061
v 0.02315110 0.00300000 0.00294182
v 0.02315110 0.00300000 0.00490304
v 0.02315110 0.00300000 0.00686426
v 0.02315110 0.00300000 0.00882547
v 0.02315110 0.00300000 0.01078669
v 0.02315110 0.00300000 0.01274791
v 0.02315110 0.00300000 0.01470912
v 0.02315110 0.00300000 0.01667034
v 0.02315110 0.00300000 0.01863155
v 0.02315110 0.00300000 0.02059277
v 0.02315110 0.00300000 0.02255399
v 0.02315110 0.00300000 0.02451520
v 0.02315110 0.00300000 0.02647642
v 0.02315110 0.00300000 0.02843764
v 0.02315110 0.00300000 0.03039885
v 0.02315110 0.00272366 0.03236007
v 0.02516424 -0.00272366 -0.03236007
v 0.02516424 -0.00240114 -0.03279289
v 0.02516424 -0.00300000 -0.03039885
v 0.02516424 -0.00300000 -0.02843764
v 0.02516424 -0.00300000 -0.02647642
v 0.02516424 -0.00300000 -0.02451520
v 0.02516424 -0.00300000 -0.02255399
v 0.02516424 -0.00300000 -0.02059277
v 0.02516424 -0.00300000 -0.01863155
v 0.02516424 -0.00300000 -0.01667034
v 0.02516424 -0.00300000 -0.01470912
v 0.02516424 -0.00300000 -0.01274791
v 0.02516424 -0.00300000 -0.01078669
v 0.02516424 -0.00300000 -0.00882547
v 0.02516424 -0.00300000 -0.00686426
v 0.02516424 -0.00300000 -0.00490304
v 0.02516424 -0.00300000 -0.00294182
v 0.02516424 -0.00300000 -0.00098061
v 0.02516424 -0.00300000 0.00098061
v 0.02516424 -0.00300000 0.00294182
v 0.02516424 -0.00300000 0.00490304
v 0.02516424 -0.00300000 0.00686426
v 0.02516424 -0.00300000 0.00882547
v 0.02516424 -0.00300000 0.01078669
v 0.02516424 -0.00300000 0.01274791
v 0.02516424 -0.00300000 0.01470912
v 0.02516424 -0.00300000 0.01667034
v 0.02516424 -0.00300000 0.01863155
v 0.02516424 -0.00300000 0.02059277
v 0.02516424 -0.00300000 0.02255399
v 0.02516424 -0.00300000 0.02451520
v 0.02516424 -0.00300000 0.02647642
v 0.02516424 -0.00300000 0.02843764
v 0.02516424 -0.00300000 0.03039885
v 0.02516424 -0.00272366 0.03236007
v 0.02516424 -0.00240114 0.03279289
v 0.02516424 -0.00144068 -0.03364109
v 0.02516424 -0.00144068 0.03364109
v 0.02516424 -0.00048023 -0.03397811
v 0.02516424 -0.00048023 0.03397811
v 0.02516424 0.00048023 -0.03397811
v 0.02516424 0.00048023 0.03397811
v 0.02516424 0.00144068 -0.03364109
v 0.02516424 0.00144068 0.03364109
v 0.02516424 0.00240114 -0.03279289
v 0.02516424 0.00240114 0.03279289
v 0.02516424 0.00272366 -0.03236007
v 0.02516424 0.00300000 -0.03039885
v 0.02516424 0.00300000 -0.02843764
v 0.02516424 0.00300000 -0.02647642
v 0.02516424 0.00300000 -0.02451520
v 0.02516424 0.00300000 -0.02255399
v 0.02516424 0.00300000 -0.02059277
v 0.02516424 0.00300000 -0.01863155
v 0.02516424 0.00300000 -0.01667034
v 0.02516424 0.00300000 -0.01470912
v 0.02516424 0.00300000 -0.01274791
v 0.02516424 0.00300000 -0.01078669
v 0.02516424 0.00300000 -0.00882547
v 0.02516424 0.00300000 -0.00686426
v 0.02516424 0.00300000 -0.00490304
v 0.02516424 0.00300000 -0.00294182
v 0.02516424 0.00300000 -0.00098061
v 0.02516424 0.00300000 0.00098061
v 0.02516424 0.00300000 0.00294182
v 0.02516424 0.00300000 0.00490304
v 0.02516424 0.00300000 0.00686426
v 0.02516424 0.00300000 0.00882547
v 0.02516424 0.00300000 0.01078669
v 0.02516424 0.00300000 0.01274791
v 0.02516424 0.00300000 0.01470912
v 0.02516424 0.00300000 0.01667034
v 0.02516424 0.00300000 0.01863155
v 0.02516424 0.00300000 0.02059277
v 0.02516424 0.00300000 0.02255399
v 0.02516424 0.00300000 0.02451520
v 0.02516424 0.00300000 0.02647642
v 0.02516424 0.00300000 0.02843764
v 0.02516424 0.00300000 0.03039885
v 0.02516424 0.00272366 0.03236007
v 0.02717738 -0.00272366 -0.03236007
v 0.02717738 -0.00240114 -0.03279289
v 0.02717738 -0.00300000 -0.03039885
v 0.02717738 -0.00300000 -0.02843764
v 0.02717738 -0.00300000 -0.02647642
v 0.02717738 -0.00300000 -0.02451520
v 0.02717738 -0.00300000 -0.02255399
v 0.02717738 -0.00300000 -0.02059277
v 0.02717738 -0.00300000 -0.01863155
v 0.02717738 -0.00300000 -0.01667034
v 0.02717738 -0.00300000 -0.01470912
v 0.02717738 -0.00300000 -0.01274791
v 0.02717738 -0.00300000 -0.01078669
v 0.02717738 -0.00300000 -0.00882547
v 0.02717738 -0.00300000 -0.00686426
v 0.02717738 -0.00300000 -0.00490304
v 0.02717738 -0.00300000 -0.00294182
v 0.02717738 -0.00300000 -0.00098061
v 0.02717738 -0.00300000 0.00098061
v 0.02717738 -0.00300000 0.00294182
v 0.02717738 -0.00300000 0.00490304
v 0.02717738 -0.00300000 0.00686426
v 0.02717738 -0.00300000 0.00882547
v 0.02717738 -0.00300000 0.01078669
v 0.02717738 -0.00300000 0.01274791
v 0.02717738 -0.00300000 0.01470912
v 0.02717738 -0.00300000 0.01667034
v 0.02717738 -0.00300000 0.01863155
v 0.02717738 -0.00300000 0.02059277
v 0.02717738 -0.00300000 0.02255399
v 0.02717738 -0.00300000 0.02451520
v 0.02717738 -0.00300000 0.02647642
v 0.02717738 -0.00300000 0.02843764
v 0.02717738 -0.00300000 0.03039885
v 0.02717738 -0.00272366 0.03236007
v 0.02717738 -0.00240114 0.03279289
v 0.02717738 -0.00144068 -0.03364109
v 0.02717738 -0.00144068 0.03364109
v 0.02717738 -0.00048023 -0.03397811
v 0.02717738 -0.00048023 0.03397811
v 0.02717738 0.00048023 -0.03397811
v 0.02717738 0.00048023 0.03397811
v 0.02717738 0.00144068 -0.03364109
v 0.02717738 0.00144068 0.03364109
v 0.02717738 0.00240114 -0.03279289
v 0.02717738 0.00240114 0.03279289
v 0.02717738 0.00272366 -0.03236007
v 0.02717738 0.00300000 -0.03039885
v 0.02717738 0.00300000 -0.02843764
v 0.02717738 0.00300000 -0.02647642
v 0.02717738 0.00300000 -0.02451520
v 0.02717738 0.00300000 -0.02255399
v 0.02717738 0.00300000 -0.02059277
v 0.02717738 0.00300000 -0.01863155
v 0.02717738 0.00300000 -0.01667034
v 0.02717738 0.00300000 -0.01470912
v 0.02717738 0.00300000 -0.01274791
v 0.02717738 0.00300000 -0.01078669
v 0.02717738 0.00300000 -0.00882547
v 0.02717738 0.00300000 -0.00686426
v 0.02717738 0.00300000 -0.00490304
v 0.02717738 0.00300000 -0.00294182
v 0.02717738 0.00300000 -0.00098061
v 0.02717738 0.00300000 0.00098061
v 0.02717738 0.00300000 0.00294182
v 0.02717738 0.00300000 0.00490304
v 0.02717738 0.00300000 0.00686426
v 0.02717738 0.00300000 0.00882547
v 0.02717738 0.00300000 0.01078669
v 0.02717738 0.00300000 0.01274791
v 0.02717738 0.00300000 0.01470912
v 0.02717738 0.00300000 0.01667034
v 0.02717738 0.00300000 0.01863155
v 0.02717738 0.00300000 0.02059277
v 0.02717738 0.00300000 0.02255399
v 0.02717738 0.00300000 0.02451520
v 0.02717738 0.00300000 0.02647642
v 0.02717738 0.00300000 0.02843764
v 0.02717738 0.00300000 0.03039885
v 0.02717738 0.00272366 0.03236007
v 0.02919052 -0.00272366 -0.03236007
v 0.02919052 -0.00240114 -0.03279289
v 0.02919052 -0.00300000 -0.03039885
v 0.02919052 -0.00300000 -0.02843764
v 0.02919052 -0.00300000 -0.02647642
v 0.02919052 -0.00300000 -0.02451520
v 0.02919052 -0.00300000 -0.02255399
v 0.02919052 -0.00300000 -0.02059277
v 0.02919052 -0.00300000 -0.01863155
v 0.02919052 -0.00300000 -0.01667034
v 0.02919052 -0.00300000 -0.01470912
v 0.02919052 -0.00300000 -0.01274791
v 0.02919052 -0.00300000 -0.01078669
v 0.02919052 -0.00300000 -0.00882547
v 0.02919052 -0.00300000 -0.00686426
v 0.02919052 -0.00300000 -0.00490304
v 0.02919052 -0.00300000 -0.00294182
v 0.02919052 -0.00300000 -0.00098061
v 0.02919052 -0.00300000 0.00098061
v 0.02919052 -0.00300000 0.00294182
v 0.02919052 -0.00300000 0.00490304
v 0.02919052 -0.00300000 0.00686426
v 0.02919052 -0.00300000 0.00882547
v 0.02919052 -0.00300000 0.01078669
v 0.02919052 -0.00300000 0.01274791
v 0.02919052 -0.00300000 0.01470912
v 0.02919052 -0.00300000 0.01667034
v 0.02919052 -0.00300000 0.01863155
v 0.02919052 -0.00300000 0.02059277
v 0.02919052 -0.00300000 0.02255399
v 0.02919052 -0.00300000 0.02451520
v 0.02919052 -0.00300000 0.02647642
v 0.02919052 -0.00300000 0.02843764
v 0.02919052 -0.00300000 0.03039885
v 0.02919052 -0.00272366 0.03236007
v 0.02919052 -0.00240114 0.03279289
v 0.02919052 -0.00144068 -0.03364109
v 0.02919052 -0.00144068 0.03364109
v 0.02919052 -0.00048023 -0.03397811
v 0.02919052 -0.00048023 0.03397811
v 0.02919052 0.00048023 -0.03397811
v 0.02919052 0.00048023 0.03397811
v 0.02919052 0.00144068 -0.03364109
v 0.02919052 0.00144068 0.03364109
v 0.02919052 0.00240114 -0.03279289
v 0.02919052 0.00240114 0.03279289
v 0.02919052 0.00272366 -0.03236007
v 0.02919052 0.00300000 -0.03039885
v 0.02919052 0.00300000 -0.02843764
v 0.02919052 0.00300000 -0.02647642
v 0.02919052 0.00300000 -0.02451520
v 0.02919052 0.00300000 -0.02255399
v 0.02919052 0.00300000 -0.02059277
v 0.02919052 0.00300000 -0.01863155
v 0.02919052 0.00300000 -0.01667034
v 0.02919052 0.00300000 -0.01470912
v 0.02919052 0.00300000 -0.01274791
v 0.02919052 0.00300000 -0.01078669
v 0.02919052 0.00300000 -0.00882547
v 0.02919052 0.00300000 -0.00686426
v 0.02919052 0.00300000 -0.00490304
v 0.02919052 0.00300000 -0.00294182
v 0.02919052 0.00300000 -0.00098061
v 0.02919052 0.00300000 0.00098061
v 0.02919052 0.00300000 0.00294182
v 0.02919052 0.00300000 0.00490304
v 0.02919052 0.00300000 0.00686426
v 0.02919052 0.00300000 0.00882547
v 0.02919052 0.00300000 0.01078669
v 0.02919052 0.00300000 0.01274791
v 0.02919052 0.00300000 0.01470912
v 0.02919052 0.00300000 0.01667034
v 0.02919052 0.00300000 0.01863155
v 0.02919052 0.00300000 0.02059277
v 0.02919052 0.00300000 0.02255399
v 0.02919052 0.00300000 0.02451520
v 0.02919052 0.00300000 0.02647642
v 0.02919052 0.00300000 0.02843764
v 0.02919052 0.00300000 0.03039885
v 0.02919052 0.00272366 0.03236007
v 0.03120366 -0.00272366 -0.03236007
v 0.03120366 -0.00240114 -0.03279289
v 0.03120366 -0.00300000 -0.03039885
v 0.03120366 -0.00300000 -0.02843764
v 0.03120366 -0.00300000 -0.02647642
v 0.03120366 -0.00300000 -0.02451520
v 0.03120366 -0.00300000 -0.02255399
v 0.03120366 -0.00300000 -0.02059277
v 0.03120366 -0.00300000 -0.01863155
v 0.03120366 -0.00300000 -0.01667034
v 0.03120366 -0.00300000 -0.01470912
v 0.03120366 -0.00300000 -0.01274791
v 0.03120366 -0.00300000 -0.01078669
v 0.03120366 -0.00300000 -0.00882547
v 0.03120366 -0.00300000 -0.00686426
v 0.03120366 -0.00300000 -0.00490304
v 0.03120366 -0.00300000 -0.00294182
v 0.03120366 -0.00300000 -0.00098061
v 0.03120366 -0.00300000 0.00098061
v 0.03120366 -0.00300000 0.00294182
v 0.03120366 -0.00300000 0.00490304
v 0.03120366 -0.00300000 0.00686426
v 0.03120366 -0.00300000 0.00882547
v 0.03120366 -0.00300000 0.01078669
v 0.03120366 -0.00300000 0.01274791
v 0.03120366 -0.00300000 0.01470912
v 0.03120366 -0.00300000 0.01667034
v 0.03120366 -0.00300000 0.01863155
v 0.03120366 -0.00300000 0.02059277
v 0.03120366 -0.00300000 0.02255399
v 0.03120366 -0.00300000 0.02451520
v 0.03120366 -0.00300000 0.02647642
v 0.03120366 -0.00300000 0.02843764
v 0.03120366 -0.00300000 0.03039885
v 0.03120366 -0.00272366 0.03236007
v 0.03120366 -0.00240114 0.03279289
v 0.03120366 -0.00144068 -0.03364109
v 0.03120366 -0.00144068 0.03364109
v 0.03120366 -0.00048023 -0.03397811
v 0.03120366 -0.00048023 0.03397811
v 0.03120366 0.00048023 -0.03397811
v 0.03120366 0.00048023 0.03397811
v 0.03120366 0.00144068 -0.03364109
v 0.03120366 0.00144068 0.03364109
v 0.03120366 0.00240114 -0.03279289
v 0.03120366 0.00240114 0.03279289
v 0.03120366 0.00272366 -0.03236007
v 0.03120366 0.00300000 -0.03039885
v 0.03120366 0.00300000 -0.02843764
v 0.03120366 0.00300000 -0.02647642
v 0.03120366 0.00300000 -0.02451520
v 0.03120366 0.00300000 -0.02255399
v 0.03120366 0.00300000 -0.02059277
v 0.03120366 0.00300000 -0.01863155
v 0.03120366 0.00300000 -0.01667034
v 0.03120366 0.00300000 -0.01470912
v 0.03120366 0.00300000 -0.01274791
v 0.03120366 0.00300000 -0.01078669
v 0.03120366 0.00300000 -0.00882547
v 0.03120366 0.00300000 -0.00686426
v 0.03120366 0.00300000 -0.00490304
v 0.03120366 0.00300000 -0.00294182
v 0.03120366 0.00300000 -0.00098061
v 0.03120366 0.00300000 0.00098061
v 0.03120366 0.00300000 0.00294182
v 0.03120366 0.00300000 0.00490304
v 0.03120366 0.00300000 0.00686426
v 0.03120366 0.00300000 0.00882547
v 0.03120366 0.00300000 0.01078669
v 0.03120366 0.00300000 0.01274791
v 0.03120366 0.00300000 0.01470912
v 0.03120366 0.00300000 0.01667034
v 0.03120366 0.00300000 0.01863155
v 0.03120366 0.00300000 0.02059277
v 0.03120366 0.00300000 0.02255399
v 0.03120366 0.00300000 0.02451520
v 0.03120366 0.00300000 0.02647642
v 0.03120366 0.00300000 0.02843764
v 0.03120366 0.00300000 0.03039885
v 0.03120366 0.00272366 0.03236007
v 0.03321680 -0.00272366 -0.03236007
v 0.03321680 -0.00240114 -0.03279289
v 0.03321680 -0.00300000 -0.03039885
v 0.03321680 -0.00300000 -0.02843764
v 0.03321680 -0.00300000 -0.02647642
v 0.03321680 -0.00300000 -0.02451520
v 0.03321680 -0.00300000 -0.02255399
v 0.03321680 -0.00300000 -0.02059277
v 0.03321680 -0.00300000 -0.01863155
v 0.03321680 -0.00300000 -0.01667034
v 0.03321680 -0.00300000 -0.01470912
v 0.03321680 -0.00300000 -0.01274791
v 0.03321680 -0.00300000 -0.01078669
v 0.03321680 -0.00300000 -0.00882547
v 0.03321680 -0.00300000 -0.00686426
v 0.03321680 -0.00300000 -0.00490304
v 0.03321680 -0.00300000 -0.00294182
v 0.03321680 -0.00300000 -0.00098061
v 0.03321680 -0.00300000 0.00098061
v 0.03321680 -0.00300000 0.00294182
v 0.03321680 -0.00300000 0.00490304
v 0.03321680 -0.00300000 0.00686426
v 0.03321680 -0.00300000 0.00882547
v 0.03321680 -0.00300000 0.01078669
v 0.03321680 -0.00300000 0.01274791
v 0.03321680 -0.00300000 0.01470912
v 0.03321680 -0.00300000 0.01667034
v 0.03321680 -0.00300000 0.01863155
v 0.03321680 -0.00300000 0.02059277
v 0.03321680 -0.00300000 0.02255399
v 0.03321680 -0.00300000 0.02451520
v 0.03321680 -0.00300000 0.02647642
v 0.03321680 -0.00300000 0.02843764
v 0.03321680 -0.00300000 0.03039885
v 0.03321680 -0.00272366 0.03236007
v 0.03321680 -0.00240114 0.03279289
v 0.03321680 -0.00144068 -0.03364109
v 0.03321680 -0.00144068 0.03364109
v 0.03321680 -0.00048023 -0.03397811
v 0.03321680 -0.00048023 0.03397811
v 0.03321680 0.00048023 -0.03397811
v 0.03321680 0.00048023 0.03397811
v 0.03321680 0.00144068 -0.03364109
v 0.03321680 0.00144068 0.03364109
v 0.03321680 0.00240114 -0.03279289
v 0.03321680 0.00240114 0.03279289
v 0.03321680 0.00272366 -0.03236007
v 0.03321680 0.00300000 -0.03039885
v 0.03321680 0.00300000 -0.02843764
v 0.03321680 0.00300000 -0.02647642
v 0.03321680 0.00300000 -0.02451520
v 0.03321680 0.00300000 -0.02255399
v 0.03321680 0.00300000 -0.02059277
v 0.03321680 0.00300000 -0.01863155
v 0.03321680 0.00300000 -0.01667034
v 0.03321680 0.00300000 -0.01470912
v 0.03321680 0.00300000 -0.01274791
v 0.03321680 0.00300000 -0.01078669
v 0.03321680 0.00300000 -0.00882547
v 0.03321680 0.00300000 -0.00686426
v 0.03321680 0.00300000 -0.00490304
v 0.03321680 0.00300000 -0.00294182
v 0.03321680 0.00300000 -0.00098061
v 0.03321680 0.00300000 0.00098061
v 0.03321680 0.00300000 0.00294182
v 0.03321680 0.00300000 0.00490304
v 0.03321680 0.00300000 0.00686426
v 0.03321680 0.00300000 0.00882547
v 0.03321680 0.00300000 0.01078669
v 0.03321680 0.00300000 0.01274791
v 0.03321680 0.00300000 0.01470912
v 0.03321680 0.00300000 0.01667034
v 0.03321680 0.00300000 0.01863155
v 0.03321680 0.00300000 0.02059277
v 0.03321680 0.00300000 0.02255399
v 0.03321680 0.00300000 0.02451520
v 0.03321680 0.00300000 0.02647642
v 0.03321680 0.00300000 0.02843764
v 0.03321680 0.00300000 0.03039885
v 0.03321680 0.00272366 0.03236007
v 0.03522994 -0.00272366 -0.03236007
v 0.03522994 -0.00240114 -0.03279289
v 0.03522994 -0.00300000 -0.03039885
v 0.03522994 -0.00300000 -0.02843764
v 0.03522994 -0.00300000 -0.02647642
v 0.03522994 -0.00300000 -0.02451520
v 0.03522994 -0.00300000 -0.02255399
v 0.03522994 -0.00300000 -0.02059277
v 0.03522994 -0.00300000 -0.01863155
v 0.03522994 -0.00300000 -0.01667034
v 0.03522994 -0.00300000 -0.01470912
v 0.03522994 -0.00300000 -0.01274791
v 0.03522994 -0.00300000 -0.01078669
v 0.03522994 -0.00300000 -0.00882547
v 0.03522994 -0.00300000 -0.00686426
v 0.03522994 -0.00300000 -0.00490304
v 0.03522994 -0.00300000 -0.00294182
v 0.03522994 -0.00300000 -0.00098061
v 0.03522994 -0.00300000 0.00098061
v 0.03522994 -0.00300000 0.00294182
v 0.03522994 -0.00300000 0.00490304
v 0.03522994 -0.00300000 0.00686426
v 0.03522994 -0.00300000 0.00882547
v 0.03522994 -0.00300000 0.01078669
v 0.03522994 -0.00300000 0.01274791
v 0.03522994 -0.00300000 0.01470912
v 0.03522994 -0.00300000 0.01667034
v 0.03522994 -0.00300000 0.01863155
v 0.03522994 -0.00300000 0.02059277
v 0.03522994 -0.00300000 0.02255399
v 0.03522994 -0.00300000 0.02451520
v 0.03522994 -0.00300000 0.02647642
v 0.03522994 -0.00300000 0.02843764
v 0.03522994 -0.00300000 0.03039885
v 0.03522994 -0.00272366 0.03236007
v 0.03522994 -0.00240114 0.03279289
v 0.03522994 -0.00144068 -0.03364109
v 0.03522994 -0.00144068 0.03364109
v 0.03522994 -0.00048023 -0.03397811
v 0.03522994 -0.00048023 0.03397811
v 0.03522994 0.00048023 -0.03397811
v 0.03522994 0.00048023 0.03397811
v 0.03522994 0.00144068 -0.03364109
v 0.03522994 0.00144068 0.03364109
v 0.03522994 0.00240114 -0.03279289
v 0.03522994 0.00240114 0.03279289
v 0.03522994 0.00272366 -0.03236007
v 0.03522994 0.00300000 -0.03039885
v 0.03522994 0.00300000 -0.02843764
v 0.03522994 0.00300000 -0.02647642
v 0.03522994 0.00300000 -0.02451520
v 0.03522994 0.00300000 -0.02255399
v 0.03522994 0.00300000 -0.02059277
v 0.03522994 0.00300000 -0.01863155
v 0.03522994 0.00300000 -0.01667034
v 0.03522994 0.00300000 -0.01470912
v 0.03522994 0.00300000 -0.01274791
v 0.03522994 0.00300000 -0.01078669
v 0.03522994 0.00300000 -0.00882547
v 0.03522994 0.00300000 -0.00686426
v 0.03522994 0.00300000 -0.00490304
v 0.03522994 0.00300000 -0.00294182
v 0.03522994 0.00300000 -0.00098061
v 0.03522994 0.00300000 0.00098061
v 0.03522994 0.00300000 0.00294182
v 0.03522994 0.00300000 0.00490304
v 0.03522994 0.00300000 0.00686426
v 0.03522994 0.00300000 0.00882547
v 0.03522994 0.00300000 0.01078669
v 0.03522994 0.00300000 0.01274791
v 0.03522994 0.00300000 0.01470912
v 0.03522994 0.00300000 0.01667034
v 0.03522994 0.00300000 0.01863155
v 0.03522994 0.00300000 0.02059277
v 0.03522994 0.00300000 0.02255399
v 0.03522994 0.00300000 0.02451520
v 0.03522994 0.00300000 0.02647642
v 0.03522994 0.00300000 0.02843764
v 0.03522994 0.00300000 0.03039885
v 0.03522994 0.00272366 0.03236007
v 0.03724308 -0.00272366 -0.03236007
v 0.03724308 -0.00240114 -0.03279289
v 0.03724308 -0.00300000 -0.03039885
v 0.03724308 -0.00300000 -0.02843764
v 0.03724308 -0.00300000 -0.02647642
v 0.03724308 -0.00300000 -0.02451520
v 0.03724308 -0.00300000 -0.02255399
v 0.03724308 -0.00300000 -0.02059277
v 0.03724308 -0.00300000 -0.01863155
v 0.03724308 -0.00300000 -0.01667034
v 0.03724308 -0.00300000 -0.01470912
v 0.03724308 -0.00300000 -0.01274791
v 0.03724308 -0.00300000 -0.01078669
v 0.03724308 -0.00300000 -0.00882547
v 0.03724308 -0.00300000 -0.00686426
v 0.03724308 -0.00300000 -0.00490304
v 0.03724308 -0.00300000 -0.00294182
v 0.03724308 -0.00300000 -0.00098061
v 0.03724308 -0.00300000 0.00098061
v 0.03724308 -0.00300000 0.00294182
v 0.03724308 -0.00300000 0.00490304
v 0.03724308 -0.00300000 0.00686426
v 0.03724308 -0.00300000 0.00882547
v 0.03724308 -0.00300000 0.01078669
v 0.03724308 -0.00300000 0.01274791
v 0.03724308 -0.00300000 0.01470912
v 0.03724308 -0.00300000 0.01667034
v 0.03724308 -0.00300000 0.01863155
v 0.03724308 -0.00300000 0.02059277
v 0.03724308 -0.00300000 0.02255399
v 0.03724308 -0.00300000 0.02451520
v 0.03724308 -0.00300000 0.02647642
v 0.03724308 -0.00300000 0.02843764
v 0.03724308 -0.00300000 0.03039885
v 0.03724308 -0.00272366 0.03236007
v 0.03724308 -0.00240114 0.03279289
v 0.03724308 -0.00144068 -0.03364109
v 0.03724308 -0.00144068 0.03364109
v 0.03724308 -0.00048023 -0.03397811
v 0.03724308 -0.00048023 0.03397811
v 0.03724308 0.00048023 -0.03397811
v 0.03724308 0.00048023 0.03397811
v 0.03724308 0.00144068 -0.03364109
v 0.03724308 0.00144068 0.03364109
v 0.03724308 0.00240114 -0.03279289
v 0.03724308 0.00240114 0.03279289
v 0.03724308 0.00272366 -0.03236007
v 0.03724308 0.00300000 -0.03039885
v 0.03724308 0.00300000 -0.02843764
v 0.03724308 0.00300000 -0.02647642
v 0.03724308 0.00300000 -0.02451520
v 0.03724308 0.00300000 -0.02255399
v 0.03724308 0.00300000 -0.02059277
v 0.03724308 0.00300000 -0.01863155
v 0.03724308 0.00300000 -0.01667034
v 0.03724308 0.00300000 -0.01470912
v 0.03724308 0.00300000 -0.01274791
v 0.03724308 0.00300000 -0.01078669
v 0.03724308 0.00300000 -0.00882547
v 0.03724308 0.00300000 -0.00686426
v 0.03724308 0.00300000 -0.00490304
v 0.03724308 0.00300000 -0.00294182
v 0.03724308 0.00300000 -0.00098061
v 0.03724308 0.00300000 0.00098061
v 0.03724308 0.00300000 0.00294182
v 0.03724308 0.00300000 0.00490304
v 0.03724308 0.00300000 0.00686426
v 0.03724308 0.00300000 0.00882547
v 0.03724308 0.00300000 0.01078669
v 0.03724308 0.00300000 0.01274791
v 0.03724308 0.00300000 0.01470912
v 0.03724308 0.00300000 0.01667034
v 0.03724308 0.00300000 0.01863155
v 0.03724308 0.00300000 0.02059277
v 0.03724308 0.00300000 0.02255399
v 0.03724308 0.00300000 0.02451520
v 0.03724308 0.00300000 0.02647642
v 0.03724308 0.00300000 0.02843764
v 0.03724308 0.00300000 0.03039885
v 0.03724308 0.00272366 0.03236007
v 0.03925622 -0.00247731 -0.03236007
v 0.03925622 -0.00240114 -0.03246154
v 0.03925622 -0.00277055 -0.03039885
v 0.03925622 -0.00277055 -0.02843764
v 0.03925622 -0.00277055 -0.02647642
v 0.03925622 -0.00277055 -0.02451520
v 0.03925622 -0.00277055 -0.02255399
v 0.03925622 -0.00277055 -0.02059277
v 0.03925622 -0.00277055 -0.01863155
v 0.03925622 -0.00277055 -0.01667034
v 0.03925622 -0.00277055 -0.01470912
v 0.03925622 -0.00277055 -0.01274791
v 0.03925622 -0.00277055 -0.01078669
v 0.03925622 -0.00277055 -0.00882547
v 0.03925622 -0.00277055 -0.00686426
v 0.03925622 -0.00277055 -0.00490304
v 0.03925622 -0.00277055 -0.00294182
v 0.03925622 -0.00277055 -0.00098061
v 0.03925622 -0.00277055 0.00098061
v 0.03925622 -0.00277055 0.00294182
v 0.03925622 -0.00277055 0.00490304
v 0.03925622 -0.00277055 0.00686426
v 0.03925622 -0.00277055 0.00882547
v 0.03925622 -0.00277055 0.01078669
v 0.03925622 -0.00277055 0.01274791
v 0.03925622 -0.00277055 0.01470912
v 0.03925622 -0.00277055 0.01667034
v 0.03925622 -0.00277055 0.01863155
v 0.03925622 -0.00277055 0.02059277
v 0.03925622 -0.00277055 0.02255399
v 0.03925622 -0.00277055 0.02451520
v 0.03925622 -0.00277055 0.02647642
v 0.03925622 -0.00277055 0.02843764
v 0.03925622 -0.00277055 0.03039885
v 0.03925622 -0.00247731 0.03236007
v 0.03925622 -0.00240114 0.03246154
v 0.03925622 -0.00144068 -0.03335058
v 0.03925622 -0.00144068 0.03335058
v 0.03925622 -0.00048023 -0.03371662
v 0.03925622 -0.00048023 0.03371663
v 0.03925622 0.00048023 -0.03371662
v 0.03925622 0.00048023 0.03371663
v 0.03925622 0.00144068 -0.03335058
v 0.03925622 0.00144068 0.03335058
v 0.03925622 0.00240114 -0.03246154
v 0.03925622 0.00240114 0.03246154
v 0.03925622 0.00247731 -0.03236007
v 0.03925622 0.00277055 -0.03039885
v 0.03925622 0.00277055 -0.02843764
v 0.03925622 0.00277055 -0.02647642
v 0.03925622 0.00277055 -0.02451520
v 0.03925622 0.00277055 -0.02255399
v 0.03925622 0.00277055 -0.02059277
v 0.03925622 0.00277055 -0.01863155
v 0.03925622 0.00277055 -0.01667034
v 0.03925622 0.00277055 -0.01470912
v 0.03925622 0.00277055 -0.01274791
v 0.03925622 0.00277055 -0.01078669
v 0.03925622 0.00277055 -0.00882547
v 0.03925622 0.00277055 -0.00686426
v 0.03925622 0.00277055 -0.00490304
v 0.03925622 0.00277055 -0.00294182
v 0.03925622 0.00277055 -0.00098061
v 0.03925622 0.00277055 0.00098061
v 0.03925622 0.00277055 0.00294182
v 0.03925622 0.00277055 0.00490304
v 0.03925622 0.00277055 0.00686426
v 0.03925622 0.00277055 0.00882547
v 0.03925622 0.00277055 0.01078669
v 0.03925622 0.00277055 0.01274791
v 0.03925622 0.00277055 0.01470912
v 0.03925622 0.00277055 0.01667034
v 0.03925622 0.00277055 0.01863155
v 0.03925622 0.00277055 0.02059277
v 0.03925622 0.00277055 0.02255399
v 0.03925622 0.00277055 0.02451520
v 0.03925622 0.00277055 0.02647642
v 0.03925622 0.00277055 0.02843764
v 0.03925622 0.00277055 0.03039885
v 0.03925622 0.00247731 0.03236007
v 0.03936127 -0.00240114 -0.03236007
v 0.03977019 -0.00240114 -0.03039885
v 0.03977019 -0.00240114 -0.02843764
v 0.03977019 -0.00240114 -0.02647642
v 0.03977019 -0.00240114 -0.02451520
v 0.03977019 -0.00240114 -0.02255399
v 0.03977019 -0.00240114 -0.02059277
v 0.03977019 -0.00240114 -0.01863155
v 0.03977019 -0.00240114 -0.01667034
v 0.03977019 -0.00240114 -0.01470912
v 0.03977019 -0.00240114 -0.01274791
v 0.03977019 -0.00240114 -0.01078669
v 0.03977019 -0.00240114 -0.00882547
v 0.03977019 -0.00240114 -0.00686426
v 0.03977019 -0.00240114 -0.00490304
v 0.03977019 -0.00240114 -0.00294182
v 0.03977019 -0.00240114 -0.00098061
v 0.03977019 -0.00240114 0.00098061
v 0.03977019 -0.00240114 0.00294182
v 0.03977019 -0.00240114 0.00490304
v 0.03977019 -0.00240114 0.00686426
v 0.03977019 -0.00240114 0.00882547
v 0.03977019 -0.00240114 0.01078669
v 0.03977019 -0.00240114 0.01274791
v 0.03977019 -0.00240114 0.01470912
v 0.03977019 -0.00240114 0.01667034
v 0.03977019 -0.00240114 0.01863155
v 0.03977019 -0.00240114 0.02059277
v 0.03977019 -0.00240114 0.02255399
v 0.03977019 -0.00240114 0.02451520
v 0.03977019 -0.00240114 0.02647642
v 0.03977019 -0.00240114 0.02843764
v 0.03977019 -0.00240114 0.03039885
v 0.03936127 -0.00240114 0.03236007
v 0.04028108 -0.00144068 -0.03236007
v 0.04063774 -0.00144068 -0.03039885
v 0.04063774 -0.00144068 -0.02843764
v 0.04063774 -0.00144068 -0.02647642
v 0.04063774 -0.00144068 -0.02451520
v 0.04063774 -0.00144068 -0.02255399
v 0.04063774 -0.00144068 -0.02059277
v 0.04063774 -0.00144068 -0.01863155
v 0.04063774 -0.00144068 -0.01667034
v 0.04063774 -0.00144068 -0.01470912
v 0.04063774 -0.00144068 -0.01274791
v 0.04063774 -0.00144068 -0.01078669
v 0.04063774 -0.00144068 -0.00882547
v 0.04063774 -0.00144068 -0.00686426
v 0.04063774 -0.00144068 -0.00490304
v 0.04063774 -0.00144068 -0.00294182
v 0.04063774 -0.00144068 -0.00098061
v 0.04063774 -0.00144068 0.00098061
v 0.04063774 -0.00144068 0.00294182
v 0.04063774 -0.00144068 0.00490304
v 0.04063774 -0.00144068 0.00686426
v 0.04063774 -0.00144068 0.00882547
v 0.04063774 -0.00144068 0.01078669
v 0.04063774 -0.00144068 0.01274791
v 0.04063774 -0.00144068 0.01470912
v 0.04063774 -0.00144068 0.01667034
v 0.04063774 -0.00144068 0.01863155
v 0.04063774 -0.00144068 0.02059277
v 0.04063774 -0.00144068 0.02255399
v 0.04063774 -0.00144068 0.02451520
v 0.04063774 -0.00144068 0.02647642
v 0.04063774 -0.00144068 0.02843764
v 0.04063774 -0.00144068 0.03039885
v 0.04028108 -0.00144068 0.03236007
v 0.04065922 -0.00048023 -0.03236007
v 0.04097811 -0.00048023 -0.03039885
v 0.04097811 -0.00048023 -0.02843764
v 0.04097811 -0.00048023 -0.02647642
v 0.04097811 -0.00048023 -0.02451520
v 0.04097811 -0.00048023 -0.02255399
v 0.04097811 -0.00048023 -0.02059277
v 0.04097811 -0.00048023 -0.01863155
v 0.04097811 -0.00048023 -0.01667034
v 0.04097811 -0.00048023 -0.01470912
v 0.04097811 -0.00048023 -0.01274791
v 0.04097811 -0.00048023 -0.01078669
v 0.04097811 -0.00048023 -0.00882547
v 0.04097811 -0.00048023 -0.00686426
v 0.04097811 -0.00048023 -0.00490304
v 0.04097811 -0.00048023 -0.00294182
v 0.04097811 -0.00048023 -0.00098061
v 0.04097811 -0.00048023 0.00098061
v 0.04097811 -0.00048023 0.00294182
v 0.04097811 -0.00048023 0.00490304
v 0.04097811 -0.00048023 0.00686426
v 0.04097811 -0.00048023 0.00882547
v 0.04097811 -0.00048023 0.01078669
v 0.04097811 -0.00048023 0.01274791
v 0.04097811 -0.00048023 0.01470912
v 0.04097811 -0.00048023 0.01667034
v 0.04097811 -0.00048023 0.01863155
v 0.04097811 -0.00048023 0.02059277
v 0.04097811 -0.00048023 0.02255399
v 0.04097811 -0.00048023 0.02451520
v 0.04097811 -0.00048023 0.02647642
v 0.04097811 -0.00048023 0.02843764
v 0.04097811 -0.00048023 0.03039885
v 0.04065922 -0.00048023 0.03236007
v 0.04065922 0.00048023 -0.03236007
v 0.04097811 0.00048023 -0.03039885
v 0.04097811 0.00048023 -0.02843764
v 0.04097811 0.00048023 -0.02647642
v 0.04097811 0.00048023 -0.02451520
v 0.04097811 0.00048023 -0.02255399
v 0.04097811 0.00048023 -0.02059277
v 0.04097811 0.00048023 -0.01863155
v 0.04097811 0.00048023 -0.01667034
v 0.04097811 0.00048023 -0.01470912
v 0.04097811 0.00048023 -0.01274791
v 0.04097811 0.00048023 -0.01078669
v 0.04097811 0.00048023 -0.00882547
v 0.04097811 0.00048023 -0.00686426
v 0.04097811 0.00048023 -0.00490304
v 0.04097811 0.00048023 -0.00294182
v 0.04097811 0.00048023 -0.00098061
v 0.04097811 0.00048023 0.00098061
v 0.04097811 0.00048023 0.00294182
v 0.04097811 0.00048023 0.00490304
v 0.04097811 0.00048023 0.00686426
v 0.04097811 0.00048023 0.00882547
v 0.04097811 0.00048023 0.01078669
v 0.04097811 0.00048023 0.01274791
v 0.04097811 0.00048023 0.01470912
v 0.04097811 0.00048023 0.01667034
v 0.04097811 0.00048023 0.01863155
v 0.04097811 0.00048023 0.02059277
v 0.04097811 0.00048023 0.02255399
v 0.04097811 0.00048023 0.02451520
v 0.04097811 0.00048023 0.02647642
v 0.04097811 0.00048023 0.02843764
v 0.04097811 0.00048023 0.03039885
v 0.04065922 0.00048023 0.03236007
v 0.04028108 0.00144068 -0.03236007
v 0.04063774 0.00144068 -0.03039885
v 0.04063774 0.00144068 -0.02843764
v 0.04063774 0.00144068 -0.02647642
v 0.04063774 0.00144068 -0.02451520
v 0.04063774 0.00144068 -0.02255399
v 0.04063774 0.00144068 -0.02059277
v 0.04063774 0.00144068 -0.01863155
v 0.04063774 0.00144068 -0.01667034
v 0.04063774 0.00144068 -0.01470912
v 0.04063774 0.00144068 -0.01274791
v 0.04063774 0.00144068 -0.01078669
v 0.04063774 0.00144068 -0.00882547
v 0.04063774 0.00144068 -0.00686426
v 0.04063774 0.00144068 -0.00490304
v 0.04063774 0.00144068 -0.00294182
v 0.04063774 0.00144068 -0.00098061
v 0.04063774 0.00144068 0.00098061
v 0.04063774 0.00144068 0.00294182
v 0.04063774 0.00144068 0.00490304
v 0.04063774 0.00144068 0.00686426
v 0.04063774 0.00144068 0.00882547
v 0.04063774 0.00144068 0.01078669
v 0.04063774 0.00144068 0.01274791
v 0.04063774 0.00144068 0.01470912
v 0.04063774 0.00144068 0.01667034
v 0.04063774 0.00144068 0.01863155
v 0.04063774 0.00144068 0.02059277
v 0.04063774 0.00144068 0.02255399
v 0.04063774 0.00144068 0.02451520
v 0.04063774 0.00144068 0.02647642
v 0.04063774 0.00144068 0.02843764
v 0.04063774 0.00144068 0.03039885
v 0.04028108 0.00144068 0.03236007
v 0.03936127 0.00240114 -0.03236007
v 0.03977019 0.00240114 -0.03039885
v 0.03977019 0.00240114 -0.02843764
v 0.03977019 0.00240114 -0.02647642
v 0.03977019 0.00240114 -0.02451520
v 0.03977019 0.00240114 -0.02255399
v 0.03977019 0.00240114 -0.02059277
v 0.03977019 0.00240114 -0.01863155
v 0.03977019 0.00240114 -0.01667034
v 0.03977019 0.00240114 -0.01470912
v 0.03977019 0.00240114 -0.01274791
v 0.03977019 0.00240114 -0.01078669
v 0.03977019 0.00240114 -0.00882547
v 0.03977019 0.00240114 -0.00686426
v 0.03977019 0.00240114 -0.00490304
v 0.03977019 0.00240114 -0.00294182
v 0.03977019 0.00240114 -0.00098061
v 0.03977019 0.00240114 0.00098061
v 0.03977019 0.00240114 0.00294182
v 0.03977019 0.00240114 0.00490304
v 0.03977019 0.00240114 0.00686426
v 0.03977019 0.00240114 0.00882547
v 0.03977019 0.00240114 0.01078669
v 0.03977019 0.00240114 0.01274791
v 0.03977019 0.00240114 0.01470912
v 0.03977019 0.00240114 0.01667034
v 0.03977019 0.00240114 0.01863155
v 0.03977019 0.00240114 0.02059277
v 0.03977019 0.00240114 0.02255399
v 0.03977019 0.00240114 0.02451520
v 0.03977019 0.00240114 0.02647642
v 0.03977019 0.00240114 0.02843764
v 0.03977019 0.00240114 0.03039885
v 0.03936127 0.00240114 0.03236007
f 3 2 1
f 5 4 1
f 5 1 2
f 7 6 4
f 7 4 5
f 9 8 6
f 9 6 7
f 11 10 8
f 11 8 9
f 13 12 10
f 13 10 11
f 15 14 12
f 15 12 13
f 17 16 14
f 17 14 15
f 19 18 16
f 19 16 17
f 21 20 18
f 21 18 19
f 23 22 20
f 23 20 21
f 25 24 22
f 25 22 23
f 27 26 24
f 27 24 25
f 29 28 26
f 29 26 27
f 31 30 28
f 31 28 29
f 33 32 30
f 33 30 31
f 35 34 32
f 35 32 33
f 37 36 34
f 37 34 35
f 39 38 36
f 39 36 37
f 41 40 38
f 41 38 39
f 43 42 40
f 43 40 41
f 45 44 42
f 45 42 43
f 47 46 44
f 47 44 45
f 49 48 46
f 49 46 47
f 51 50 48
f 51 48 49
f 53 52 50
f 53 50 51
f 55 54 52
f 55 52 53
f 57 56 54
f 57 54 55
f 59 58 56
f 59 56 57
f 61 60 58
f 61 58 59
f 63 62 60
f 63 60 61
f 65 64 62
f 65 62 63
f 67 66 64
f 67 64 65
f 69 68 66
f 69 66 67
f 70 68 69
f 3 1 71
f 3 71 72
f 73 1 4
f 71 1 73
f 74 4 6
f 73 4 74
f 75 6 8
f 74 6 75
f 76 8 10
f 75 8 76
f 77 10 12
f 76 10 77
f 78 12 14
f 77 12 78
f 79 14 16
f 78 14 79
f 80 16 18
f 79 16 80
f 81 18 20
f 80 18 81
f 82 20 22
f 81 20 82
f 83 22 24
f 82 22 83
f 84 24 26
f 83 24 84
f 85 26 28
f 84 26 85
f 86 28 30
f 85 28 86
f 87 30 32
f 86 30 87
f 88 32 34
f 87 32 88
f 89 34 36
f 88 34 89
f 90 36 38
f 89 36 90
f 91 38 40
f 90 38 91
f 92 40 42
f 91 40 92
f 93 42 44
f 92 42 93
f 94 44 46
f 93 44 94
f 95 46 48
f 94 46 95
f 96 48 50
f 95 48 96
f 97 50 52
f 96 50 97
f 98 52 54
f 97 52 98
f 99 54 56
f 98 54 99
f 100 56 58
f 99 56 100
f 101 58 60
f 100 58 101
f 102 60 62
f 101 60 102
f 103 62 64
f 102 62 103
f 104 64 66
f 103 64 104
f 105 66 68
f 104 66 105
f 68 70 106
f 68 106 105
f 72 71 107
f 72 107 108
f 109 71 73
f 107 71 109
f 110 73 74
f 109 73 110
f 111 74 75
f 110 74 111
f 112 75 76
f 111 75 112
f 113 76 77
f 112 76 113
f 114 77 78
f 113 77 114
f 115 78 79
f 114 78 115
f 116 79 80
f 115 79 116
f 117 80 81
f 116 80 117
f 118 81 82
f 117 81 118
f 119 82 83
f 118 82 119
f 120 83 84
f 119 83 120
f 121 84 85
f 120 84 121
f 122 85 86
f 121 85 122
f 123 86 87
f 122 86 123
f 124 87 88
f 123 87 124
f 125 88 89
f 124 88 125
f 126 89 90
f 125 89 126
f 127 90 91
f 126 90 127
f 128 91 92
f 127 91 128
f 129 92 93
f 128 92 129
f 130 93 94
f 129 93 130
f 131 94 95
f 130 94 131
f 132 95 96
f 131 95 132
f 133 96 97
f 132 96 133
f 134 97 98
f 133 97 134
f 135 98 99
f 134 98 135
f 136 99 100
f 135 99 136
f 137 100 101
f 136 100 137
f 138 101 102
f 137 101 138
f 139 102 103
f 138 102 139
f 140 103 104
f 139 103 140
f 141 104 105
f 140 104 141
f 105 106 142
f 105 142 141
f 108 107 143
f 108 143 144
f 145 107 109
f 143 107 145
f 146 109 110
f 145 109 146
f 147 110 111
f 146 110 147
f 148 111 112
f 147 111 148
f 149 112 113
f 148 112 149
f 150 113 114
f 149 113 150
f 151 114 115
f 150 114 151
f 152 115 116
f 151 115 152
f 153 116 117
f 152 116 153
f 154 117 118
f 153 117 154
f 155 118 119
f 154 118 155
f 156 119 120
f 155 119 156
f 157 120 121
f 156 120 157
f 158 121 122
f 157 121 158
f 159 122 123
f 158 122 159
f 160 123 124
f 159 123 160
f 161 124 125
f 160 124 161
f 162 125 126
f 161 125 162
f 163 126 127
f 162 126 163
f 164 127 128
f 163 127 164
f 165 128 129
f 164 128 165
f 166 129 130
f 165 129 166
f 167 130 131
f 166 130 167
f 168 131 132
f 167 131 168
f 169 132 133
f 168 132 169
f 170 133 134
f 169 133 170
f 171 134 135
f 170 134 171
f 172 135 136
f 171 135 172
f 173 136 137
f 172 136 173
f 174 137 138
f 173 137 174
f 175 138 139
f 174 138 175
f 176 139 140
f 175 139 176
f 177 140 141
f 176 140 177
f 141 142 178
f 141 178 177
f 144 143 179
f 144 179 180
f 181 143 145
f 179 143 181
f 182 145 146
f 181 145 182
f 183 146 147
f 182 146 183
f 184 147 148
f 183 147 184
f 185 148 149
f 184 148 185
f 186 149 150
f 185 149 186
f 187 150 151
f 186 150 187
f 188 151 152
f 187 151 188
f 189 152 153
f 188 152 189
f 190 153 154
f 189 153 190
f 191 154 155
f 190 154 191
f 192 155 156
f 191 155 192
f 193 156 157
f 192 156 193
f 194 157 158
f 193 157 194
f 195 158 159
f 194 158 195
f 196 159 160
f 195 159 196
f 197 160 161
f 196 160 197
f 198 161 162
f 197 161 198
f 199 162 163
f 198 162 199
f 200 163 164
f 199 163 200
f 201 164 165
f 200 164 201
f 202 165 166
f 201 165 202
f 203 166 167
f 202 166 203
f 204 167 168
f 203 167 204
f 205 168 169
f 204 168 205
f 206 169 170
f 205 169 206
f 207 170 171
f 206 170 207
f 208 171 172
f 207 171 208
f 209 172 173
f 208 172 209
f 210 173 174
f 209 173 210
f 211 174 175
f 210 174 211
f 212 175 176
f 211 175 212
f 213 176 177
f 212 176 213
f 177 178 214
f 177 214 213
f 180 179 215
f 180 215 216
f 217 179 181
f 215 179 217
f 218 181 182
f 217 181 218
f 219 182 183
f 218 182 219
f 220 183 184
f 219 183 220
f 221 184 185
f 220 184 221
f 222 185 186
f 221 185 222
f 223 186 187
f 222 186 223
f 224 187 188
f 223 187 224
f 225 188 189
f 224 188 225
f 226 189 190
f 225 189 226
f 227 190 191
f 226 190 227
f 228 191 192
f 227 191 228
f 229 192 193
f 228 192 229
f 230 193 194
f 229 193 230
f 231 194 195
f 230 194 231
f 232 195 196
f 231 195 232
f 233 196 197
f 232 196 233
f 234 197 198
f 233 197 234
f 235 198 199
f 234 198 235
f 236 199 200
f 235 199 236
f 237 200 201
f 236 200 237
f 238 201 202
f 237 201 238
f 239 202 203
f 238 202 239
f 240 203 204
f 239 203 240
f 241 204 205
f 240 204 241
f 242 205 206
f 241 205 242
f 243 206 207
f 242 206 243
f 244 207 208
f 243 207 244
f 245 208 209
f 244 208 245
f 246 209 210
f 245 209 246
f 247 210 211
f 246 210 247
f 248 211 212
f 247 211 248
f 249 212 213
f 248 212 249
f 213 214 250
f 213 250 249
f 251 216 215
f 251 215 217
f 251 217 252
f 252 217 218
f 252 218 253
f 253 218 219
f 253 219 254
f 254 219 220
f 254 220 255
f 255 220 221
f 255 221 256
f 256 221 222
f 256 222 257
f 257 222 223
f 257 223 258
f 258 223 224
f 258 224 259
f 259 224 225
f 259 225 260
f 260 225 226
f 260 226 261
f 261 226 227
f 261 227 262
f 262 227 228
f 262 228 263
f 263 228 229
f 263 229 264
f 264 229 230
f 264 230 265
f 265 230 231
f 265 231 266
f 266 231 232
f 266 232 267
f 267 232 233
f 267 233 268
f 268 233 234
f 268 234 269
f 269 234 235
f 269 235 270
f 270 235 236
f 270 236 271
f 271 236 237
f 271 237 272
f 272 237 238
f 272 238 273
f 273 238 239
f 273 239 274
f 274 239 240
f 274 240 275
f 275 240 241
f 275 241 276
f 276 241 242
f 276 242 277
f 277 242 243
f 277 243 278
f 278 243 244
f 278 244 279
f 279 244 245
f 279 245 280
f 280 245 246
f 280 246 281
f 281 246 247
f 281 247 282
f 282 247 248
f 282 248 283
f 283 248 249
f 283 249 284
f 284 249 250
f 286 285 2
f 286 2 3
f 2 287 5
f 285 287 2
f 5 288 7
f 287 288 5
f 7 289 9
f 288 289 7
f 9 290 11
f 289 290 9
f 11 291 13
f 290 291 11
f 13 292 15
f 291 292 13
f 15 293 17
f 292 293 15
f 17 294 19
f 293 294 17
f 19 295 21
f 294 295 19
f 21 296 23
f 295 296 21
f 23 297 25
f 296 297 23
f 25 298 27
f 297 298 25
f 27 299 29
f 298 299 27
f 29 300 31
f 299 300 29
f 31 301 33
f 300 301 31
f 33 302 35
f 301 302 33
f 35 303 37
f 302 303 35
f 37 304 39
f 303 304 37
f 39 305 41
f 304 305 39
f 41 306 43
f 305 306 41
f 43 307 45
f 306 307 43
f 45 308 47
f 307 308 45
f 47 309 49
f 308 309 47
f 49 310 51
f 309 310 49
f 51 311 53
f 310 311 51
f 53 312 55
f 311 312 53
f 55 313 57
f 312 313 55
f 57 314 59
f 313 314 57
f 59 315 61
f 314 315 59
f 61 316 63
f 315 316 61
f 63 317 65
f 316 317 63
f 65 318 67
f 317 318 65
f 67 319 69
f 318 319 67
f 70 69 319
f 70 319 320
f 72 286 3
f 72 321 286
f 320 106 70
f 322 106 320
f 108 321 72
f 108 323 321
f 322 142 106
f 324 142 322
f 144 323 108
f 144 325 323
f 324 178 142
f 326 178 324
f 180 325 144
f 180 327 325
f 326 214 178
f 328 214 326
f 216 327 180
f 216 329 327
f 328 250 214
f 330 250 328
f 331 329 216
f 331 216 251
f 332 251 252
f 332 331 251
f 333 252 253
f 333 332 252
f 334 253 254
f 334 333 253
f 335 254 255
f 335 334 254
f 336 255 256
f 336 335 255
f 337 256 257
f 337 336 256
f 338 257 258
f 338 337 257
f 339 258 259
f 339 338 258
f 340 259 260
f 340 339 259
f 341 260 261
f 341 340 260
f 342 261 262
f 342 341 261
f 343 262 263
f 343 342 262
f 344 263 264
f 344 343 263
f 345 264 265
f 345 344 264
f 346 265 266
f 346 345 265
f 347 266 267
f 347 346 266
f 348 267 268
f 348 347 267
f 349 268 269
f 349 348 268
f 350 269 270
f 350 349 269
f 351 270 271
f 351 350 270
f 352 271 272
f 352 351 271
f 353 272 273
f 353 352 272
f 354 273 274
f 354 353 273
f 355 274 275
f 355 354 274
f 356 275 276
f 356 355 275
f 357 276 277
f 357 356 276
f 358 277 278
f 358 357 277
f 359 278 279
f 359 358 278
f 360 279 280
f 360 359 279
f 361 280 281
f 361 360 280
f 362 281 282
f 362 361 281
f 363 282 283
f 363 362 282
f 364 283 284
f 364 363 283
f 284 250 330
f 284 330 364
f 366 365 285
f 366 285 286
f 285 367 287
f 365 367 285
f 287 368 288
f 367 368 287
f 288 369 289
f 368 369 288
f 289 370 290
f 369 370 289
f 290 371 291
f 370 371 290
f 291 372 292
f 371 372 291
f 292 373 293
f 372 373 292
f 293 374 294
f 373 374 293
f 294 375 295
f 374 375 294
f 295 376 296
f 375 376 295
f 296 377 297
f 376 377 296
f 297 378 298
f 377 378 297
f 298 379 299
f 378 379 298
f 299 380 300
f 379 380 299
f 300 381 301
f 380 381 300
f 301 382 302
f 381 382 301
f 302 383 303
f 382 383 302
f 303 384 304
f 383 384 303
f 304 385 305
f 384 385 304
f 305 386 306
f 385 386 305
f 306 387 307
f 386 387 306
f 307 388 308
f 387 388 307
f 308 389 309
f 388 389 308
f 309 390 310
f 389 390 309
f 310 391 311
f 390 391 310
f 311 392 312
f 391 392 311
f 312 393 313
f 392 393 312
f 313 394 314
f 393 394 313
f 314 395 315
f 394 395 314
f 315 396 316
f 395 396 315
f 316 397 317
f 396 397 316
f 317 398 318
f 397 398 317
f 318 399 319
f 398 399 318
f 320 319 399
f 320 399 400
f 321 366 286
f 321 401 366
f 400 322 320
f 402 322 400
f 323 401 321
f 323 403 401
f 402 324 322
f 404 324 402
f 325 403 323
f 325 405 403
f 404 326 324
f 406 326 404
f 327 405 325
f 327 407 405
f 406 328 326
f 408 328 406
f 329 407 327
f 329 409 407
f 408 330 328
f 410 330 408
f 411 409 329
f 411 329 331
f 412 331 332
f 412 411 331
f 413 332 333
f 413 412 332
f 414 333 334
f 414 413 333
f 415 334 335
f 415 414 334
f 416 335 336
f 416 415 335
f 417 336 337
f 417 416 336
f 418 337 338
f 418 417 337
f 419 338 339
f 419 418 338
f 420 339 340
f 420 419 339
f 421 340 341
f 421 420 340
f 422 341 342
f 422 421 341
f 423 342 343
f 423 422 342
f 424 343 344
f 424 423 343
f 425 344 345
f 425 424 344
f 426 345 346
f 426 425 345
f 427 346 347
f 427 426 346
f 428 347 348
f 428 427 347
f 429 348 349
f 429 428 348
f 430 349 350
f 430 429 349
f 431 350 351
f 431 430 350
f 432 351 352
f 432 431 351
f 433 352 353
f 433 432 352
f 434 353 354
f 434 433 353
f 435 354 355
f 435 434 354
f 436 355 356
f 436 435 355
f 437 356 357
f 437 436 356
f 438 357 358
f 438 437 357
f 439 358 359
f 439 438 358
f 440 359 360
f 440 439 359
f 441 360 361
f 441 440 360
f 442 361 362
f 442 441 361
f 443 362 363
f 443 442 362
f 444 363 364
f 444 443 363
f 364 330 410
f 364 410 444
f 446 445 365
f 446 365 366
f 365 447 367
f 445 447 365
f 367 448 368
f 447 448 367
f 368 449 369
f 448 449 368
f 369 450 370
f 449 450 369
f 370 451 371
f 450 451 370
f 371 452 372
f 451 452 371
f 372 453 373
f 452 453 372
f 373 454 374
f 453 454 373
f 374 455 375
f 454 455 374
f 375 456 376
f 455 456 375
f 376 457 377
f 456 457 376
f 377 458 378
f 457 458 377
f 378 459 379
f 458 459 378
f 379 460 380
f 459 460 379
f 380 461 381
f 460 461 380
f 381 462 382
f 461 462 381
f 382 463 383
f 462 463 382
f 383 464 384
f 463 464 383
f 384 465 385
f 464 465 384
f 385 466 386
f 465 466 385
f 386 467 387
f 466 467 386
f 387 468 388
f 467 468 387
f 388 469 389
f 468 469 388
f 389 470 390
f 469 470 389
f 390 471 391
f 470 471 390
f 391 472 392
f 471 472 391
f 392 473 393
f 472 473 392
f 393 474 394
f 473 474 393
f 394 475 395
f 474 475 394
f 395 476 396
f 475 476 395
f 396 477 397
f 476 477 396
f 397 478 398
f 477 478 397
f 398 479 399
f 478 479 398
f 400 399 479
f 400 479 480
f 401 446 366
f 401 481 446
f 480 402 400
f 482 402 480
f 403 481 401
f 403 483 481
f 482 404 402
f 484 404 482
f 405 483 403
f 405 485 483
f 484 406 404
f 486 406 484
f 407 485 405
f 407 487 485
f 486 408 406
f 488 408 486
f 409 487 407
f 409 489 487
f 488 410 408
f 490 410 488
f 491 489 409
f 491 409 411
f 492 411 412
f 492 491 411
f 493 412 413
f 493 492 412
f 494 413 414
f 494 493 413
f 495 414 415
f 495 494 414
f 496 415 416
f 496 495 415
f 497 416 417
f 497 496 416
f 498 417 418
f 498 497 417
f 499 418 419
f 499 498 418
f 500 419 420
f 500 499 419
f 501 420 421
f 501 500 420
f 502 421 422
f 502 501 421
f 503 422 423
f 503 502 422
f 504 423 424
f 504 503 423
f 505 424 425
f 505 504 424
f 506 425 426
f 506 505 425
f 507 426 427
f 507 506 426
f 508 427 428
f 508 507 427
f 509 428 429
f 509 508 428
f 510 429 430
f 510 509 429
f 511 430 431
f 511 510 430
f 512 431 432
f 512 511 431
f 513 432 433
f 513 512 432
f 514 433 434
f 514 513 433
f 515 434 435
f 515 514 434
f 516 435 436
f 516 515 435
f 517 436 437
f 517 516 436
f 518 437 438
f 518 517 437
f 519 438 439
f 519 518 438
f 520 439 440
f 520 519 439
f 521 440 441
f 521 520 440
f 522 441 442
f 522 521 441
f 523 442 443
f 523 522 442
f 524 443 444
f 524 523 443
f 444 410 490
f 444 490 524
f 526 525 445
f 526 445 446
f 445 527 447
f 525 527 445
f 447 528 448
f 527 528 447
f 448 529 449
f 528 529 448
f 449 530 450
f 529 530 449
f 450 531 451
f 530 531 450
f 451 532 452
f 531 532 451
f 452 533 453
f 532 533 452
f 453 534 454
f 533 534 453
f 454 535 455
f 534 535 454
f 455 536 456
f 535 536 455
f 456 537 457
f 536 537 456
f 457 538 458
f 537 538 457
f 458 539 459
f 538 539 458
f 459 540 460
f 539 540 459
f 460 541 461
f 540 541 460
f 461 542 462
f 541 542 461
f 462 543 463
f 542 543 462
f 463 544 464
f 543 544 463
f 464 545 465
f 544 545 464
f 465 546 466
f 545 546 465
f 466 547 467
f 546 547 466
f 467 548 468
f 547 548 467
f 468 549 469
f 548 549 468
f 469 550 470
f 549 550 469
f 470 551 471
f 550 551 470
f 471 552 472
f 551 552 471
f 472 553 473
f 552 553 472
f 473 554 474
f 553 554 473
f 474 555 475
f 554 555 474
f 475 556 476
f 555 556 475
f 476 557 477
f 556 557 476
f 477 558 478
f 557 558 477
f 478 559 479
f 558 559 478
f 480 479 559
f 480 559 560
f 481 526 446
f 481 561 526
f 560 482 480
f 562 482 560
f 483 561 481
f 483 563 561
f 562 484 482
f 564 484 562
f 485 563 483
f 485 565 563
f 564 486 484
f 566 486 564
f 487 565 485
f 487 567 565
f 566 488 486
f 568 488 566
f 489 567 487
f 489 569 567
f 568 490 488
f 570 490 568
f 571 569 489
f 571 489 491
f 572 491 492
f 572 571 491
f 573 492 493
f 573 572 492
f 574 493 494
f 574 573 493
f 575 494 495
f 575 574 494
f 576 495 496
f 576 575 495
f 577 496 497
f 577 576 496
f 578 497 498
f 578 577 497
f 579 498 499
f 579 578 498
f 580 499 500
f 580 579 499
f 581 500 501
f 581 580 500
f 582 501 502
f 582 581 501
f 583 502 503
f 583 582 502
f 584 503 504
f 584 583 503
f 585 504 505
f 585 584 504
f 586 505 506
f 586 585 505
f 587 506 507
f 587 586 506
f 588 507 508
f 588 587 507
f 589 508 509
f 589 588 508
f 590 509 510
f 590 589 509
f 591 510 511
f 591 590 510
f 592 511 512
f 592 591 511
f 593 512 513
f 593 592 512
f 594 513 514
f 594 593 513
f 595 514 515
f 595 594 514
f 596 515 516
f 596 595 515
f 597 516 517
f 597 596 516
f 598 517 518
f 598 597 517
f 599 518 519
f 599 598 518
f 600 519 520
f 600 599 519
f 601 520 521
f 601 600 520
f 602 521 522
f 602 601 521
f 603 522 523
f 603 602 522
f 604 523 524
f 604 603 523
f 524 490 570
f 524 570 604
f 606 605 525
f 606 525 526
f 525 607 527
f 605 607 525
f 527 608 528
f 607 608 527
f 528 609 529
f 608 609 528
f 529 610 530
f 609 610 529
f 530 611 531
f 610 611 530
f 531 612 532
f 611 612 531
f 532 613 533
f 612 613 532
f 533 614 534
f 613 614 533
f 534 615 535
f 614 615 534
f 535 616 536
f 615 616 535
f 536 617 537
f 616 617 536
f 537 618 538
f 617 618 537
f 538 619 539
f 618 619 538
f 539 620 540
f 619 620 539
f 540 621 541
f 620 621 540
f 541 622 542
f 621 622 541
f 542 623 543
f 622 623 542
f 543 624 544
f 623 624 543
f 544 625 545
f 624 625 544
f 545 626 546
f 625 626 545
f 546 627 547
f 626 627 546
f 547 628 548
f 627 628 547
f 548 629 549
f 628 629 548
f 549 630 550
f 629 630 549
f 550 631 551
f 630 631 550
f 551 632 552
f 631 632 551
f 552 633 553
f 632 633 552
f 553 634 554
f 633 634 553
f 554 635 555
f 634 635 554
f 555 636 556
f 635 636 555
f 556 637 557
f 636 637 556
f 557 638 558
f 637 638 557
f 558 639 559
f 638 639 558
f 560 559 639
f 560 639 640
f 561 606 526
f 561 641 606
f 640 562 560
f 642 562 640
f 563 641 561
f 563 643 641
f 642 564 562
f 644 564 642
f 565 643 563
f 565 645 643
f 644 566 564
f 646 566 644
f 567 645 565
f 567 647 645
f 646 568 566
f 648 568 646
f 569 647 567
f 569 649 647
f 648 570 568
f 650 570 648
f 651 649 569
f 651 569 571
f 652 571 572
f 652 651 571
f 653 572 573
f 653 652 572
f 654 573 574
f 654 653 573
f 655 574 575
f 655 654 574
f 656 575 576
f 656 655 575
f 657 576 577
f 657 656 576
f 658 577 578
f 658 657 577
f 659 578 579
f 659 658 578
f 660 579 580
f 660 659 579
f 661 580 581
f 661 660 580
f 662 581 582
f 662 661 581
f 663 582 583
f 663 662 582
f 664 583 584
f 664 663 583
f 665 584 585
f 665 664 584
f 666 585 586
f 666 665 585
f 667 586 587
f 667 666 586
f 668 587 588
f 668 667 587
f 669 588 589
f 669 668 588
f 670 589 590
f 670 669 589
f 671 590 591
f 671 670 590
f 672 591 592
f 672 671 591
f 673 592 593
f 673 672 592
f 674 593 594
f 674 673 593
f 675 594 595
f 675 674 594
f 676 595 596
f 676 675 595
f 677 596 597
f 677 676 596
f 678 597 598
f 678 677 597
f 679 598 599
f 679 678 598
f 680 599 600
f 680 679 599
f 681 600 601
f 681 680 600
f 682 601 602
f 682 681 601
f 683 602 603
f 683 682 602
f 684 603 604
f 684 683 603
f 604 570 650
f 604 650 684
f 686 685 605
f 686 605 606
f 605 687 607
f 685 687 605
f 607 688 608
f 687 688 607
f 608 689 609
f 688 689 608
f 609 690 610
f 689 690 609
f 610 691 611
f 690 691 610
f 611 692 612
f 691 692 611
f 612 693 613
f 692 693 612
f 613 694 614
f 693 694 613
f 614 695 615
f 694 695 614
f 615 696 616
f 695 696 615
f 616 697 617
f 696 697 616
f 617 698 618
f 697 698 617
f 618 699 619
f 698 699 618
f 619 700 620
f 699 700 619
f 620 701 621
f 700 701 620
f 621 702 622
f 701 702 621
f 622 703 623
f 702 703 622
f 623 704 624
f 703 704 623
f 624 705 625
f 704 705 624
f 625 706 626
f 705 706 625
f 626 707 627
f 706 707 626
f 627 708 628
f 707 708 627
f 628 709 629
f 708 709 628
f 629 710 630
f 709 710 629
f 630 711 631
f 710 711 630
f 631 712 632
f 711 712 631
f 632 713 633
f 712 713 632
f 633 714 634
f 713 714 633
f 634 715 635
f 714 715 634
f 635 716 636
f 715 716 635
f 636 717 637
f 716 717 636
f 637 718 638
f 717 718 637
f 638 719 639
f 718 719 638
f 640 639 719
f 640 719 720
f 641 686 606
f 641 721 686
f 720 642 640
f 722 642 720
f 643 721 641
f 643 723 721
f 722 644 642
f 724 644 722
f 645 723 643
f 645 725 723
f 724 646 644
f 726 646 724
f 647 725 645
f 647 727 725
f 726 648 646
f 728 648 726
f 649 727 647
f 649 729 727
f 728 650 648
f 730 650 728
f 731 729 649
f 731 649 651
f 732 651 652
f 732 731 651
f 733 652 653
f 733 732 652
f 734 653 654
f 734 733 653
f 735 654 655
f 735 734 654
f 736 655 656
f 736 735 655
f 737 656 657
f 737 736 656
f 738 657 658
f 738 737 657
f 739 658 659
f 739 738 658
f 740 659 660
f 740 739 659
f 741 660 661
f 741 740 660
f 742 661 662
f 742 741 661
f 743 662 663
f 743 742 662
f 744 663 664
f 744 743 663
f 745 664 665
f 745 744 664
f 746 665 666
f 746 745 665
f 747 666 667
f 747 746 666
f 748 667 668
f 748 747 667
f 749 668 669
f 749 748 668
f 750 669 670
f 750 749 669
f 751 670 671
f 751 750 670
f 752 671 672
f 752 751 671
f 753 672 673
f 753 752 672
f 754 673 674
f 754 753 673
f 755 674 675
f 755 754 674
f 756 675 676
f 756 755 675
f 757 676 677
f 757 756 676
f 758 677 678
f 758 757 677
f 759 678 679
f 759 758 678
f 760 679 680
f 760 759 679
f 761 680 681
f 761 760 680
f 762 681 682
f 762 761 681
f 763 682 683
f 763 762 682
f 764 683 684
f 764 763 683
f 684 650 730
f 684 730 764
f 766 765 685
f 766 685 686
f 685 767 687
f 765 767 685
f 687 768 688
f 767 768 687
f 688 769 689
f 768 769 688
f 689 770 690
f 769 770 689
f 690 771 691
f 770 771 690
f 691 772 692
f 771 772 691
f 692 773 693
f 772 773 692
f 693 774 694
f 773 774 693
f 694 775 695
f 774 775 694
f 695 776 696
f 775 776 695
f 696 777 697
f 776 777 696
f 697 778 698
f 777 778 697
f 698 779 699
f 778 779 698
f 699 780 700
f 779 780 699
f 700 781 701
f 780 781 700
f 701 782 702
f 781 782 701
f 702 783 703
f 782 783 702
f 703 784 704
f 783 784 703
f 704 785 705
f 784 785 704
f 705 786 706
f 785 786 705
f 706 787 707
f 786 787 706
f 707 788 708
f 787 788 707
f 708 789 709
f 788 789 708
f 709 790 710
f 789 790 709
f 710 791 711
f 790 791 710
f 711 792 712
f 791 792 711
f 712 793 713
f 792 793 712
f 713 794 714
f 793 794 713
f 714 795 715
f 794 795 714
f 715 796 716
f 795 796 715
f 716 797 717
f 796 797 716
f 717 798 718
f 797 798 717
f 718 799 719
f 798 799 718
f 720 719 799
f 720 799 800
f 721 766 686
f 721 801 766
f 800 722 720
f 802 722 800
f 723 801 721
f 723 803 801
f 802 724 722
f 804 724 802
f 725 803 723
f 725 805 803
f 804 726 724
f 806 726 804
f 727 805 725
f 727 807 805
f 806 728 726
f 808 728 806
f 729 807 727
f 729 809 807
f 808 730 728
f 810 730 808
f 811 809 729
f 811 729 731
f 812 731 732
f 812 811 731
f 813 732 733
f 813 812 732
f 814 733 734
f 814 813 733
f 815 734 735
f 815 814 734
f 816 735 736
f 816 815 735
f 817 736 737
f 817 816 736
f 818 737 738
f 818 817 737
f 819 738 739
f 819 818 738
f 820 739 740
f 820 819 739
f 821 740 741
f 821 820 740
f 822 741 742
f 822 821 741
f 823 742 743
f 823 822 742
f 824 743 744
f 824 823 743
f 825 744 745
f 825 824 744
f 826 745 746
f 826 825 745
f 827 746 747
f 827 826 746
f 828 747 748
f 828 827 747
f 829 748 749
f 829 828 748
f 830 749 750
f 830 829 749
f 831 750 751
f 831 830 750
f 832 751 752
f 832 831 751
f 833 752 753
f 833 832 752
f 834 753 754
f 834 833 753
f 835 754 755
f 835 834 754
f 836 755 756
f 836 835 755
f 837 756 757
f 837 836 756
f 838 757 758
f 838 837 757
f 839 758 759
f 839 838 758
f 840 759 760
f 840 839 759
f 841 760 761
f 841 840 760
f 842 761 762
f 842 841 761
f 843 762 763
f 843 842 762
f 844 763 764
f 844 843 763
f 764 730 810
f 764 810 844
f 846 845 765
f 846 765 766
f 765 847 767
f 845 847 765
f 767 848 768
f 847 848 767
f 768 849 769
f 848 849 768
f 769 850 770
f 849 850 769
f 770 851 771
f 850 851 770
f 771 852 772
f 851 852 771
f 772 853 773
f 852 853 772
f 773 854 774
f 853 854 773
f 774 855 775
f 854 855 774
f 775 856 776
f 855 856 775
f 776 857 777
f 856 857 776
f 777 858 778
f 857 858 777
f 778 859 779
f 858 859 778
f 779 860 780
f 859 860 779
f 780 861 781
f 860 861 780
f 781 862 782
f 861 862 781
f 782 863 783
f 862 863 782
f 783 864 784
f 863 864 783
f 784 865 785
f 864 865 784
f 785 866 786
f 865 866 785
f 786 867 787
f 866 867 786
f 787 868 788
f 867 868 787
f 788 869 789
f 868 869 788
f 789 870 790
f 869 870 789
f 790 871 791
f 870 871 790
f 791 872 792
f 871 872 791
f 792 873 793
f 872 873 792
f 793 874 794
f 873 874 793
f 794 875 795
f 874 875 794
f 795 876 796
f 875 876 795
f 796 877 797
f 876 877 796
f 797 878 798
f 877 878 797
f 798 879 799
f 878 879 798
f 800 799 879
f 800 879 880
f 801 846 766
f 801 881 846
f 880 802 800
f 882 802 880
f 803 881 801
f 803 883 881
f 882 804 802
f 884 804 882
f 805 883 803
f 805 885 883
f 884 806 804
f 886 806 884
f 807 885 805
f 807 887 885
f 886 808 806
f 888 808 886
f 809 887 807
f 809 889 887
f 888 810 808
f 890 810 888
f 891 889 809
f 891 809 811
f 892 811 812
f 892 891 811
f 893 812 813
f 893 892 812
f 894 813 814
f 894 893 813
f 895 814 815
f 895 894 814
f 896 815 816
f 896 895 815
f 897 816 817
f 897 896 816
f 898 817 818
f 898 897 817
f 899 818 819
f 899 898 818
f 900 819 820
f 900 899 819
f 901 820 821
f 901 900 820
f 902 821 822
f 902 901 821
f 903 822 823
f 903 902 822
f 904 823 824
f 904 903 823
f 905 824 825
f 905 904 824
f 906 825 826
f 906 905 825
f 907 826 827
f 907 906 826
f 908 827 828
f 908 907 827
f 909 828 829
f 909 908 828
f 910 829 830
f 910 909 829
f 911 830 831
f 911 910 830
f 912 831 832
f 912 911 831
f 913 832 833
f 913 912 832
f 914 833 834
f 914 913 833
f 915 834 835
f 915 914 834
f 916 835 836
f 916 915 835
f 917 836 837
f 917 916 836
f 918 837 838
f 918 917 837
f 919 838 839
f 919 918 838
f 920 839 840
f 920 919 839
f 921 840 841
f 921 920 840
f 922 841 842
f 922 921 841
f 923 842 843
f 923 922 842
f 924 843 844
f 924 923 843
f 844 810 890
f 844 890 924
f 926 925 845
f 926 845 846
f 845 927 847
f 925 927 845
f 847 928 848
f 927 928 847
f 848 929 849
f 928 929 848
f 849 930 850
f 929 930 849
f 850 931 851
f 930 931 850
f 851 932 852
f 931 932 851
f 852 933 853
f 932 933 852
f 853 934 854
f 933 934 853
f 854 935 855
f 934 935 854
f 855 936 856
f 935 936 855
f 856 937 857
f 936 937 856
f 857 938 858
f 937 938 857
f 858 939 859
f 938 939 858
f 859 940 860
f 939 940 859
f 860 941 861
f 940 941 860
f 861 942 862
f 941 942 861
f 862 943 863
f 942 943 862
f 863 944 864
f 943 944 863
f 864 945 865
f 944 945 864
f 865 946 866
f 945 946 865
f 866 947 867
f 946 947 866
f 867 948 868
f 947 948 867
f 868 949 869
f 948 949 868
f 869 950 870
f 949 950 869
f 870 951 871
f 950 951 870
f 871 952 872
f 951 952 871
f 872 953 873
f 952 953 872
f 873 954 874
f 953 954 873
f 874 955 875
f 954 955 874
f 875 956 876
f 955 956 875
f 876 957 877
f 956 957 876
f 877 958 878
f 957 958 877
f 878 959 879
f 958 959 878
f 880 879 959
f 880 959 960
f 881 926 846
f 881 961 926
f 960 882 880
f 962 882 960
f 883 961 881
f 883 963 961
f 962 884 882
f 964 884 962
f 885 963 883
f 885 965 963
f 964 886 884
f 966 886 964
f 887 965 885
f 887 967 965
f 966 888 886
f 968 888 966
f 889 967 887
f 889 969 967
f 968 890 888
f 970 890 968
f 971 969 889
f 971 889 891
f 972 891 892
f 972 971 891
f 973 892 893
f 973 972 892
f 974 893 894
f 974 973 893
f 975 894 895
f 975 974 894
f 976 895 896
f 976 975 895
f 977 896 897
f 977 976 896
f 978 897 898
f 978 977 897
f 979 898 899
f 979 978 898
f 980 899 900
f 980 979 899
f 981 900 901
f 981 980 900
f 982 901 902
f 982 981 901
f 983 902 903
f 983 982 902
f 984 903 904
f 984 983 903
f 985 904 905
f 985 984 904
f 986 905 906
f 986 985 905
f 987 906 907
f 987 986 906
f 988 907 908
f 988 987 907
f 989 908 909
f 989 988 908
f 990 909 910
f 990 989 909
f 991 910 911
f 991 990 910
f 992 911 912
f 992 991 911
f 993 912 913
f 993 992 912
f 994 913 914
f 994 993 913
f 995 914 915
f 995 994 914
f 996 915 916
f 996 995 915
f 997 916 917
f 997 996 916
f 998 917 918
f 998 997 917
f 999 918 919
f 999 998 918
f 1000 919 920
f 1000 999 919
f 1001 920 921
f 1001 1000 920
f 1002 921 922
f 1002 1001 921
f 1003 922 923
f 1003 1002 922
f 1004 923 924
f 1004 1003 923
f 924 890 970
f 924 970 1004
f 1006 1005 925
f 1006 925 926
f 925 1007 927
f 1005 1007 925
f 927 1008 928
f 1007 1008 927
f 928 1009 929
f 1008 1009 928
f 929 1010 930
f 1009 1010 929
f 930 1011 931
f 1010 1011 930
f 931 1012 932
f 1011 1012 931
f 932 1013 933
f 1012 1013 932
f 933 1014 934
f 1013 1014 933
f 934 1015 935
f 1014 1015 934
f 935 1016 936
f 1015 1016 935
f 936 1017 937
f 1016 1017 936
f 937 1018 938
f 1017 1018 937
f 938 1019 939
f 1018 1019 938
f 939 1020 940
f 1019 1020 939
f 940 1021 941
f 1020 1021 940
f 941 1022 942
f 1021 1022 941
f 942 1023 943
f 1022 1023 942
f 943 1024 944
f 1023 1024 943
f 944 1025 945
f 1024 1025 944
f 945 1026 946
f 1025 1026 945
f 946 1027 947
f 1026 1027 946
f 947 1028 948
f 1027 1028 947
f 948 1029 949
f 1028 1029 948
f 949 1030 950
f 1029 1030 949
f 950 1031 951
f 1030 1031 950
f 951 1032 952
f 1031 1032 951
f 952 1033 953
f 1032 1033 952
f 953 1034 954
f 1033 1034 953
f 954 1035 955
f 1034 1035 954
f 955 1036 956
f 1035 1036 955
f 956 1037 957
f 1036 1037 956
f 957 1038 958
f 1037 1038 957
f 958 1039 959
f 1038 1039 958
f 960 959 1039
f 960 1039 1040
f 961 1006 926
f 961 1041 1006
f 1040 962 960
f 1042 962 1040
f 963 1041 961
f 963 1043 1041
f 1042 964 962
f 1044 964 1042
f 965 1043 963
f 965 1045 1043
f 1044 966 964
f 1046 966 1044
f 967 1045 965
f 967 1047 1045
f 1046 968 966
f 1048 968 1046
f 969 1047 967
f 969 1049 1047
f 1048 970 968
f 1050 970 1048
f 1051 1049 969
f 1051 969 971
f 1052 971 972
f 1052 1051 971
f 1053 972 973
f 1053 1052 972
f 1054 973 974
f 1054 1053 973
f 1055 974 975
f 1055 1054 974
f 1056 975 976
f 1056 1055 975
f 1057 976 977
f 1057 1056 976
f 1058 977 978
f 1058 1057 977
f 1059 978 979
f 1059 1058 978
f 1060 979 980
f 1060 1059 979
f 1061 980 981
f 1061 1060 980
f 1062 981 982
f 1062 1061 981
f 1063 982 983
f 1063 1062 982
f 1064 983 984
f 1064 1063 983
f 1065 984 985
f 1065 1064 984
f 1066 985 986
f 1066 1065 985
f 1067 986 987
f 1067 1066 986
f 1068 987 988
f 1068 1067 987
f 1069 988 989
f 1069 1068 988
f 1070 989 990
f 1070 1069 989
f 1071 990 991
f 1071 1070 990
f 1072 991 992
f 1072 1071 991
f 1073 992 993
f 1073 1072 992
f 1074 993 994
f 1074 1073 993
f 1075 994 995
f 1075 1074 994
f 1076 995 996
f 1076 1075 995
f 1077 996 997
f 1077 1076 996
f 1078 997 998
f 1078 1077 997
f 1079 998 999
f 1079 1078 998
f 1080 999 1000
f 1080 1079 999
f 1081 1000 1001
f 1081 1080 1000
f 1082 1001 1002
f 1082 1081 1001
f 1083 1002 1003
f 1083 1082 1002
f 1084 1003 1004
f 1084 1083 1003
f 1004 970 1050
f 1004 1050 1084
f 1086 1085 1005
f 1086 1005 1006
f 1005 1087 1007
f 1085 1087 1005
f 1007 1088 1008
f 1087 1088 1007
f 1008 1089 1009
f 1088 1089 1008
f 1009 1090 1010
f 1089 1090 1009
f 1010 1091 1011
f 1090 1091 1010
f 1011 1092 1012
f 1091 1092 1011
f 1012 1093 1013
f 1092 1093 1012
f 1013 1094 1014
f 1093 1094 1013
f 1014 1095 1015
f 1094 1095 1014
f 1015 1096 1016
f 1095 1096 1015
f 1016 1097 1017
f 1096 1097 1016
f 1017 1098 1018
f 1097 1098 1017
f 1018 1099 1019
f 1098 1099 1018
f 1019 1100 1020
f 1099 1100 1019
f 1020 1101 1021
f 1100 1101 1020
f 1021 1102 1022
f 1101 1102 1021
f 1022 1103 1023
f 1102 1103 1022
f 1023 1104 1024
f 1103 1104 1023
f 1024 1105 1025
f 1104 1105 1024
f 1025 1106 1026
f 1105 1106 1025
f 1026 1107 1027
f 1106 1107 1026
f 1027 1108 1028
f 1107 1108 1027
f 1028 1109 1029
f 1108 1109 1028
f 1029 1110 1030
f 1109 1110 1029
f 1030 1111 1031
f 1110 1111 1030
f 1031 1112 1032
f 1111 1112 1031
f 1032 1113 1033
f 1112 1113 1032
f 1033 1114 1034
f 1113 1114 1033
f 1034 1115 1035
f 1114 1115 1034
f 1035 1116 1036
f 1115 1116 1035
f 1036 1117 1037
f 1116 1117 1036
f 1037 1118 1038
f 1117 1118 1037
f 1038 1119 1039
f 1118 1119 1038
f 1040 1039 1119
f 1040 1119 1120
f 1041 1086 1006
f 1041 1121 1086
f 1120 1042 1040
f 1122 1042 1120
f 1043 1121 1041
f 1043 1123 1121
f 1122 1044 1042
f 1124 1044 1122
f 1045 1123 1043
f 1045 1125 1123
f 1124 1046 1044
f 1126 1046 1124
f 1047 1125 1045
f 1047 1127 1125
f 1126 1048 1046
f 1128 1048 1126
f 1049 1127 1047
f 1049 1129 1127
f 1128 1050 1048
f 1130 1050 1128
f 1131 1129 1049
f 1131 1049 1051
f 1132 1051 1052
f 1132 1131 1051
f 1133 1052 1053
f 1133 1132 1052
f 1134 1053 1054
f 1134 1133 1053
f 1135 1054 1055
f 1135 1134 1054
f 1136 1055 1056
f 1136 1135 1055
f 1137 1056 1057
f 1137 1136 1056
f 1138 1057 1058
f 1138 1137 1057
f 1139 1058 1059
f 1139 1138 1058
f 1140 1059 1060
f 1140 1139 1059
f 1141 1060 1061
f 1141 1140 1060
f 1142 1061 1062
f 1142 1141 1061
f 1143 1062 1063
f 1143 1142 1062
f 1144 1063 1064
f 1144 1143 1063
f 1145 1064 1065
f 1145 1144 1064
f 1146 1065 1066
f 1146 1145 1065
f 1147 1066 1067
f 1147 1146 1066
f 1148 1067 1068
f 1148 1147 1067
f 1149 1068 1069
f 1149 1148 1068
f 1150 1069 1070
f 1150 1149 1069
f 1151 1070 1071
f 1151 1150 1070
f 1152 1071 1072
f 1152 1151 1071
f 1153 1072 1073
f 1153 1152 1072
f 1154 1073 1074
f 1154 1153 1073
f 1155 1074 1075
f 1155 1154 1074
f 1156 1075 1076
f 1156 1155 1075
f 1157 1076 1077
f 1157 1156 1076
f 1158 1077 1078
f 1158 1157 1077
f 1159 1078 1079
f 1159 1158 1078
f 1160 1079 1080
f 1160 1159 1079
f 1161 1080 1081
f 1161 1160 1080
f 1162 1081 1082
f 1162 1161 1081
f 1163 1082 1083
f 1163 1162 1082
f 1164 1083 1084
f 1164 1163 1083
f 1084 1050 1130
f 1084 1130 1164
f 1166 1165 1085
f 1166 1085 1086
f 1085 1167 1087
f 1165 1167 1085
f 1087 1168 1088
f 1167 1168 1087
f 1088 1169 1089
f 1168 1169 1088
f 1089 1170 1090
f 1169 1170 1089
f 1090 1171 1091
f 1170 1171 1090
f 1091 1172 1092
f 1171 1172 1091
f 1092 1173 1093
f 1172 1173 1092
f 1093 1174 1094
f 1173 1174 1093
f 1094 1175 1095
f 1174 1175 1094
f 1095 1176 1096
f 1175 1176 1095
f 1096 1177 1097
f 1176 1177 1096
f 1097 1178 1098
f 1177 1178 1097
f 1098 1179 1099
f 1178 1179 1098
f 1099 1180 1100
f 1179 1180 1099
f 1100 1181 1101
f 1180 1181 1100
f 1101 1182 1102
f 1181 1182 1101
f 1102 1183 1103
f 1182 1183 1102
f 1103 1184 1104
f 1183 1184 1103
f 1104 1185 1105
f 1184 1185 1104
f 1105 1186 1106
f 1185 1186 1105
f 1106 1187 1107
f 1186 1187 1106
f 1107 1188 1108
f 1187 1188 1107
f 1108 1189 1109
f 1188 1189 1108
f 1109 1190 1110
f 1189 1190 1109
f 1110 1191 1111
f 1190 1191 1110
f 1111 1192 1112
f 1191 1192 1111
f 1112 1193 1113
f 1192 1193 1112
f 1113 1194 1114
f 1193 1194 1113
f 1114 1195 1115
f 1194 1195 1114
f 1115 1196 1116
f 1195 1196 1115
f 1116 1197 1117
f 1196 1197 1116
f 1117 1198 1118
f 1197 1198 1117
f 1118 1199 1119
f 1198 1199 1118
f 1120 1119 1199
f 1120 1199 1200
f 1121 1166 1086
f 1121 1201 1166
f 1200 1122 1120
f 1202 1122 1200
f 1123 1201 1121
f 1123 1203 1201
f 1202 1124 1122
f 1204 1124 1202
f 1125 1203 1123
f 1125 1205 1203
f 1204 1126 1124
f 1206 1126 1204
f 1127 1205 1125
f 1127 1207 1205
f 1206 1128 1126
f 1208 1128 1206
f 1129 1207 1127
f 1129 1209 1207
f 1208 1130 1128
f 1210 1130 1208
f 1211 1209 1129
f 1211 1129 1131
f 1212 1131 1132
f 1212 1211 1131
f 1213 1132 1133
f 1213 1212 1132
f 1214 1133 1134
f 1214 1213 1133
f 1215 1134 1135
f 1215 1214 1134
f 1216 1135 1136
f 1216 1215 1135
f 1217 1136 1137
f 1217 1216 1136
f 1218 1137 1138
f 1218 1217 1137
f 1219 1138 1139
f 1219 1218 1138
f 1220 1139 1140
f 1220 1219 1139
f 1221 1140 1141
f 1221 1220 1140
f 1222 1141 1142
f 1222 1221 1141
f 1223 1142 1143
f 1223 1222 1142
f 1224 1143 1144
f 1224 1223 1143
f 1225 1144 1145
f 1225 1224 1144
f 1226 1145 1146
f 1226 1225 1145
f 1227 1146 1147
f 1227 1226 1146
f 1228 1147 1148
f 1228 1227 1147
f 1229 1148 1149
f 1229 1228 1148
f 1230 1149 1150
f 1230 1229 1149
f 1231 1150 1151
f 1231 1230 1150
f 1232 1151 1152
f 1232 1231 1151
f 1233 1152 1153
f 1233 1232 1152
f 1234 1153 1154
f 1234 1233 1153
f 1235 1154 1155
f 1235 1234 1154
f 1236 1155 1156
f 1236 1235 1155
f 1237 1156 1157
f 1237 1236 1156
f 1238 1157 1158
f 1238 1237 1157
f 1239 1158 1159
f 1239 1238 1158
f 1240 1159 1160
f 1240 1239 1159
f 1241 1160 1161
f 1241 1240 1160
f 1242 1161 1162
f 1242 1241 1161
f 1243 1162 1163
f 1243 1242 1162
f 1244 1163 1164
f 1244 1243 1163
f 1164 1130 1210
f 1164 1210 1244
f 1246 1245 1165
f 1246 1165 1166
f 1165 1247 1167
f 1245 1247 1165
f 1167 1248 1168
f 1247 1248 1167
f 1168 1249 1169
f 1248 1249 1168
f 1169 1250 1170
f 1249 1250 1169
f 1170 1251 1171
f 1250 1251 1170
f 1171 1252 1172
f 1251 1252 1171
f 1172 1253 1173
f 1252 1253 1172
f 1173 1254 1174
f 1253 1254 1173
f 1174 1255 1175
f 1254 1255 1174
f 1175 1256 1176
f 1255 1256 1175
f 1176 1257 1177
f 1256 1257 1176
f 1177 1258 1178
f 1257 1258 1177
f 1178 1259 1179
f 1258 1259 1178
f 1179 1260 1180
f 1259 1260 1179
f 1180 1261 1181
f 1260 1261 1180
f 1181 1262 1182
f 1261 1262 1181
f 1182 1263 1183
f 1262 1263 1182
f 1183 1264 1184
f 1263 1264 1183
f 1184 1265 1185
f 1264 1265 1184
f 1185 1266 1186
f 1265 1266 1185
f 1186 1267 1187
f 1266 1267 1186
f 1187 1268 1188
f 1267 1268 1187
f 1188 1269 1189
f 1268 1269 1188
f 1189 1270 1190
f 1269 1270 1189
f 1190 1271 1191
f 1270 1271 1190
f 1191 1272 1192
f 1271 1272 1191
f 1192 1273 1193
f 1272 1273 1192
f 1193 1274 1194
f 1273 1274 1193
f 1194 1275 1195
f 1274 1275 1194
f 1195 1276 1196
f 1275 1276 1195
f 1196 1277 1197
f 1276 1277 1196
f 1197 1278 1198
f 1277 1278 1197
f 1198 1279 1199
f 1278 1279 1198
f 1200 1199 1279
f 1200 1279 1280
f 1201 1246 1166
f 1201 1281 1246
f 1280 1202 1200
f 1282 1202 1280
f 1203 1281 1201
f 1203 1283 1281
f 1282 1204 1202
f 1284 1204 1282
f 1205 1283 1203
f 1205 1285 1283
f 1284 1206 1204
f 1286 1206 1284
f 1207 1285 1205
f 1207 1287 1285
f 1286 1208 1206
f 1288 1208 1286
f 1209 1287 1207
f 1209 1289 1287
f 1288 1210 1208
f 1290 1210 1288
f 1291 1289 1209
f 1291 1209 1211
f 1292 1211 1212
f 1292 1291 1211
f 1293 1212 1213
f 1293 1292 1212
f 1294 1213 1214
f 1294 1293 1213
f 1295 1214 1215
f 1295 1294 1214
f 1296 1215 1216
f 1296 1295 1215
f 1297 1216 1217
f 1297 1296 1216
f 1298 1217 1218
f 1298 1297 1217
f 1299 1218 1219
f 1299 1298 1218
f 1300 1219 1220
f 1300 1299 1219
f 1301 1220 1221
f 1301 1300 1220
f 1302 1221 1222
f 1302 1301 1221
f 1303 1222 1223
f 1303 1302 1222
f 1304 1223 1224
f 1304 1303 1223
f 1305 1224 1225
f 1305 1304 1224
f 1306 1225 1226
f 1306 1305 1225
f 1307 1226 1227
f 1307 1306 1226
f 1308 1227 1228
f 1308 1307 1227
f 1309 1228 1229
f 1309 1308 1228
f 1310 1229 1230
f 1310 1309 1229
f 1311 1230 1231
f 1311 1310 1230
f 1312 1231 1232
f 1312 1311 1231
f 1313 1232 1233
f 1313 1312 1232
f 1314 1233 1234
f 1314 1313 1233
f 1315 1234 1235
f 1315 1314 1234
f 1316 1235 1236
f 1316 1315 1235
f 1317 1236 1237
f 1317 1316 1236
f 1318 1237 1238
f 1318 1317 1237
f 1319 1238 1239
f 1319 1318 1238
f 1320 1239 1240
f 1320 1319 1239
f 1321 1240 1241
f 1321 1320 1240
f 1322 1241 1242
f 1322 1321 1241
f 1323 1242 1243
f 1323 1322 1242
f 1324 1243 1244
f 1324 1323 1243
f 1244 1210 1290
f 1244 1290 1324
f 1326 1325 1245
f 1326 1245 1246
f 1245 1327 1247
f 1325 1327 1245
f 1247 1328 1248
f 1327 1328 1247
f 1248 1329 1249
f 1328 1329 1248
f 1249 1330 1250
f 1329 1330 1249
f 1250 1331 1251
f 1330 1331 1250
f 1251 1332 1252
f 1331 1332 1251
f 1252 1333 1253
f 1332 1333 1252
f 1253 1334 1254
f 1333 1334 1253
f 1254 1335 1255
f 1334 1335 1254
f 1255 1336 1256
f 1335 1336 1255
f 1256 1337 1257
f 1336 1337 1256
f 1257 1338 1258
f 1337 1338 1257
f 1258 1339 1259
f 1338 1339 1258
f 1259 1340 1260
f 1339 1340 1259
f 1260 1341 1261
f 1340 1341 1260
f 1261 1342 1262
f 1341 1342 1261
f 1262 1343 1263
f 1342 1343 1262
f 1263 1344 1264
f 1343 1344 1263
f 1264 1345 1265
f 1344 1345 1264
f 1265 1346 1266
f 1345 1346 1265
f 1266 1347 1267
f 1346 1347 1266
f 1267 1348 1268
f 1347 1348 1267
f 1268 1349 1269
f 1348 1349 1268
f 1269 1350 1270
f 1349 1350 1269
f 1270 1351 1271
f 1350 1351 1270
f 1271 1352 1272
f 1351 1352 1271
f 1272 1353 1273
f 1352 1353 1272
f 1273 1354 1274
f 1353 1354 1273
f 1274 1355 1275
f 1354 1355 1274
f 1275 1356 1276
f 1355 1356 1275
f 1276 1357 1277
f 1356 1357 1276
f 1277 1358 1278
f 1357 1358 1277
f 1278 1359 1279
f 1358 1359 1278
f 1280 1279 1359
f 1280 1359 1360
f 1281 1326 1246
f 1281 1361 1326
f 1360 1282 1280
f 1362 1282 1360
f 1283 1361 1281
f 1283 1363 1361
f 1362 1284 1282
f 1364 1284 1362
f 1285 1363 1283
f 1285 1365 1363
f 1364 1286 1284
f 1366 1286 1364
f 1287 1365 1285
f 1287 1367 1365
f 1366 1288 1286
f 1368 1288 1366
f 1289 1367 1287
f 1289 1369 1367
f 1368 1290 1288
f 1370 1290 1368
f 1371 1369 1289
f 1371 1289 1291
f 1372 1291 1292
f 1372 1371 1291
f 1373 1292 1293
f 1373 1372 1292
f 1374 1293 1294
f 1374 1373 1293
f 1375 1294 1295
f 1375 1374 1294
f 1376 1295 1296
f 1376 1375 1295
f 1377 1296 1297
f 1377 1376 1296
f 1378 1297 1298
f 1378 1377 1297
f 1379 1298 1299
f 1379 1378 1298
f 1380 1299 1300
f 1380 1379 1299
f 1381 1300 1301
f 1381 1380 1300
f 1382 1301 1302
f 1382 1381 1301
f 1383 1302 1303
f 1383 1382 1302
f 1384 1303 1304
f 1384 1383 1303
f 1385 1304 1305
f 1385 1384 1304
f 1386 1305 1306
f 1386 1385 1305
f 1387 1306 1307
f 1387 1386 1306
f 1388 1307 1308
f 1388 1387 1307
f 1389 1308 1309
f 1389 1388 1308
f 1390 1309 1310
f 1390 1389 1309
f 1391 1310 1311
f 1391 1390 1310
f 1392 1311 1312
f 1392 1391 1311
f 1393 1312 1313
f 1393 1392 1312
f 1394 1313 1314
f 1394 1393 1313
f 1395 1314 1315
f 1395 1394 1314
f 1396 1315 1316
f 1396 1395 1315
f 1397 1316 1317
f 1397 1396 1316
f 1398 1317 1318
f 1398 1397 1317
f 1399 1318 1319
f 1399 1398 1318
f 1400 1319 1320
f 1400 1399 1319
f 1401 1320 1321
f 1401 1400 1320
f 1402 1321 1322
f 1402 1401 1321
f 1403 1322 1323
f 1403 1402 1322
f 1404 1323 1324
f 1404 1403 1323
f 1324 1290 1370
f 1324 1370 1404
f 1406 1405 1325
f 1406 1325 1326
f 1325 1407 1327
f 1405 1407 1325
f 1327 1408 1328
f 1407 1408 1327
f 1328 1409 1329
f 1408 1409 1328
f 1329 1410 1330
f 1409 1410 1329
f 1330 1411 1331
f 1410 1411 1330
f 1331 1412 1332
f 1411 1412 1331
f 1332 1413 1333
f 1412 1413 1332
f 1333 1414 1334
f 1413 1414 1333
f 1334 1415 1335
f 1414 1415 1334
f 1335 1416 1336
f 1415 1416 1335
f 1336 1417 1337
f 1416 1417 1336
f 1337 1418 1338
f 1417 1418 1337
f 1338 1419 1339
f 1418 1419 1338
f 1339 1420 1340
f 1419 1420 1339
f 1340 1421 1341
f 1420 1421 1340
f 1341 1422 1342
f 1421 1422 1341
f 1342 1423 1343
f 1422 1423 1342
f 1343 1424 1344
f 1423 1424 1343
f 1344 1425 1345
f 1424 1425 1344
f 1345 1426 1346
f 1425 1426 1345
f 1346 1427 1347
f 1426 1427 1346
f 1347 1428 1348
f 1427 1428 1347
f 1348 1429 1349
f 1428 1429 1348
f 1349 1430 1350
f 1429 1430 1349
f 1350 1431 1351
f 1430 1431 1350
f 1351 1432 1352
f 1431 1432 1351
f 1352 1433 1353
f 1432 1433 1352
f 1353 1434 1354
f 1433 1434 1353
f 1354 1435 1355
f 1434 1435 1354
f 1355 1436 1356
f 1435 1436 1355
f 1356 1437 1357
f 1436 1437 1356
f 1357 1438 1358
f 1437 1438 1357
f 1358 1439 1359
f 1438 1439 1358
f 1360 1359 1439
f 1360 1439 1440
f 1361 1406 1326
f 1361 1441 1406
f 1440 1362 1360
f 1442 1362 1440
f 1363 1441 1361
f 1363 1443 1441
f 1442 1364 1362
f 1444 1364 1442
f 1365 1443 1363
f 1365 1445 1443
f 1444 1366 1364
f 1446 1366 1444
f 1367 1445 1365
f 1367 1447 1445
f 1446 1368 1366
f 1448 1368 1446
f 1369 1447 1367
f 1369 1449 1447
f 1448 1370 1368
f 1450 1370 1448
f 1451 1449 1369
f 1451 1369 1371
f 1452 1371 1372
f 1452 1451 1371
f 1453 1372 1373
f 1453 1452 1372
f 1454 1373 1374
f 1454 1453 1373
f 1455 1374 1375
f 1455 1454 1374
f 1456 1375 1376
f 1456 1455 1375
f 1457 1376 1377
f 1457 1456 1376
f 1458 1377 1378
f 1458 1457 1377
f 1459 1378 1379
f 1459 1458 1378
f 1460 1379 1380
f 1460 1459 1379
f 1461 1380 1381
f 1461 1460 1380
f 1462 1381 1382
f 1462 1461 1381
f 1463 1382 1383
f 1463 1462 1382
f 1464 1383 1384
f 1464 1463 1383
f 1465 1384 1385
f 1465 1464 1384
f 1466 1385 1386
f 1466 1465 1385
f 1467 1386 1387
f 1467 1466 1386
f 1468 1387 1388
f 1468 1467 1387
f 1469 1388 1389
f 1469 1468 1388
f 1470 1389 1390
f 1470 1469 1389
f 1471 1390 1391
f 1471 1470 1390
f 1472 1391 1392
f 1472 1471 1391
f 1473 1392 1393
f 1473 1472 1392
f 1474 1393 1394
f 1474 1473 1393
f 1475 1394 1395
f 1475 1474 1394
f 1476 1395 1396
f 1476 1475 1395
f 1477 1396 1397
f 1477 1476 1396
f 1478 1397 1398
f 1478 1477 1397
f 1479 1398 1399
f 1479 1478 1398
f 1480 1399 1400
f 1480 1479 1399
f 1481 1400 1401
f 1481 1480 1400
f 1482 1401 1402
f 1482 1481 1401
f 1483 1402 1403
f 1483 1482 1402
f 1484 1403 1404
f 1484 1483 1403
f 1404 1370 1450
f 1404 1450 1484
f 1486 1485 1405
f 1486 1405 1406
f 1405 1487 1407
f 1485 1487 1405
f 1407 1488 1408
f 1487 1488 1407
f 1408 1489 1409
f 1488 1489 1408
f 1409 1490 1410
f 1489 1490 1409
f 1410 1491 1411
f 1490 1491 1410
f 1411 1492 1412
f 1491 1492 1411
f 1412 1493 1413
f 1492 1493 1412
f 1413 1494 1414
f 1493 1494 1413
f 1414 1495 1415
f 1494 1495 1414
f 1415 1496 1416
f 1495 1496 1415
f 1416 1497 1417
f 1496 1497 1416
f 1417 1498 1418
f 1497 1498 1417
f 1418 1499 1419
f 1498 1499 1418
f 1419 1500 1420
f 1499 1500 1419
f 1420 1501 1421
f 1500 1501 1420
f 1421 1502 1422
f 1501 1502 1421
f 1422 1503 1423
f 1502 1503 1422
f 1423 1504 1424
f 1503 1504 1423
f 1424 1505 1425
f 1504 1505 1424
f 1425 1506 1426
f 1505 1506 1425
f 1426 1507 1427
f 1506 1507 1426
f 1427 1508 1428
f 1507 1508 1427
f 1428 1509 1429
f 1508 1509 1428
f 1429 1510 1430
f 1509 1510 1429
f 1430 1511 1431
f 1510 1511 1430
f 1431 1512 1432
f 1511 1512 1431
f 1432 1513 1433
f 1512 1513 1432
f 1433 1514 1434
f 1513 1514 1433
f 1434 1515 1435
f 1514 1515 1434
f 1435 1516 1436
f 1515 1516 1435
f 1436 1517 1437
f 1516 1517 1436
f 1437 1518 1438
f 1517 1518 1437
f 1438 1519 1439
f 1518 1519 1438
f 1440 1439 1519
f 1440 1519 1520
f 1441 1486 1406
f 1441 1521 1486
f 1520 1442 1440
f 1522 1442 1520
f 1443 1521 1441
f 1443 1523 1521
f 1522 1444 1442
f 1524 1444 1522
f 1445 1523 1443
f 1445 1525 1523
f 1524 1446 1444
f 1526 1446 1524
f 1447 1525 1445
f 1447 1527 1525
f 1526 1448 1446
f 1528 1448 1526
f 1449 1527 1447
f 1449 1529 1527
f 1528 1450 1448
f 1530 1450 1528
f 1531 1529 1449
f 1531 1449 1451
f 1532 1451 1452
f 1532 1531 1451
f 1533 1452 1453
f 1533 1532 1452
f 1534 1453 1454
f 1534 1533 1453
f 1535 1454 1455
f 1535 1534 1454
f 1536 1455 1456
f 1536 1535 1455
f 1537 1456 1457
f 1537 1536 1456
f 1538 1457 1458
f 1538 1537 1457
f 1539 1458 1459
f 1539 1538 1458
f 1540 1459 1460
f 1540 1539 1459
f 1541 1460 1461
f 1541 1540 1460
f 1542 1461 1462
f 1542 1541 1461
f 1543 1462 1463
f 1543 1542 1462
f 1544 1463 1464
f 1544 1543 1463
f 1545 1464 1465
f 1545 1544 1464
f 1546 1465 1466
f 1546 1545 1465
f 1547 1466 1467
f 1547 1546 1466
f 1548 1467 1468
f 1548 1547 1467
f 1549 1468 1469
f 1549 1548 1468
f 1550 1469 1470
f 1550 1549 1469
f 1551 1470 1471
f 1551 1550 1470
f 1552 1471 1472
f 1552 1551 1471
f 1553 1472 1473
f 1553 1552 1472
f 1554 1473 1474
f 1554 1553 1473
f 1555 1474 1475
f 1555 1554 1474
f 1556 1475 1476
f 1556 1555 1475
f 1557 1476 1477
f 1557 1556 1476
f 1558 1477 1478
f 1558 1557 1477
f 1559 1478 1479
f 1559 1558 1478
f 1560 1479 1480
f 1560 1559 1479
f 1561 1480 1481
f 1561 1560 1480
f 1562 1481 1482
f 1562 1561 1481
f 1563 1482 1483
f 1563 1562 1482
f 1564 1483 1484
f 1564 1563 1483
f 1484 1450 1530
f 1484 1530 1564
f 1566 1565 1485
f 1566 1485 1486
f 1485 1567 1487
f 1565 1567 1485
f 1487 1568 1488
f 1567 1568 1487
f 1488 1569 1489
f 1568 1569 1488
f 1489 1570 1490
f 1569 1570 1489
f 1490 1571 1491
f 1570 1571 1490
f 1491 1572 1492
f 1571 1572 1491
f 1492 1573 1493
f 1572 1573 1492
f 1493 1574 1494
f 1573 1574 1493
f 1494 1575 1495
f 1574 1575 1494
f 1495 1576 1496
f 1575 1576 1495
f 1496 1577 1497
f 1576 1577 1496
f 1497 1578 1498
f 1577 1578 1497
f 1498 1579 1499
f 1578 1579 1498
f 1499 1580 1500
f 1579 1580 1499
f 1500 1581 1501
f 1580 1581 1500
f 1501 1582 1502
f 1581 1582 1501
f 1502 1583 1503
f 1582 1583 1502
f 1503 1584 1504
f 1583 1584 1503
f 1504 1585 1505
f 1584 1585 1504
f 1505 1586 1506
f 1585 1586 1505
f 1506 1587 1507
f 1586 1587 1506
f 1507 1588 1508
f 1587 1588 1507
f 1508 1589 1509
f 1588 1589 1508
f 1509 1590 1510
f 1589 1590 1509
f 1510 1591 1511
f 1590 1591 1510
f 1511 1592 1512
f 1591 1592 1511
f 1512 1593 1513
f 1592 1593 1512
f 1513 1594 1514
f 1593 1594 1513
f 1514 1595 1515
f 1594 1595 1514
f 1515 1596 1516
f 1595 1596 1515
f 1516 1597 1517
f 1596 1597 1516
f 1517 1598 1518
f 1597 1598 1517
f 1518 1599 1519
f 1598 1599 1518
f 1520 1519 1599
f 1520 1599 1600
f 1521 1566 1486
f 1521 1601 1566
f 1600 1522 1520
f 1602 1522 1600
f 1523 1601 1521
f 1523 1603 1601
f 1602 1524 1522
f 1604 1524 1602
f 1525 1603 1523
f 1525 1605 1603
f 1604 1526 1524
f 1606 1526 1604
f 1527 1605 1525
f 1527 1607 1605
f 1606 1528 1526
f 1608 1528 1606
f 1529 1607 1527
f 1529 1609 1607
f 1608 1530 1528
f 1610 1530 1608
f 1611 1609 1529
f 1611 1529 1531
f 1612 1531 1532
f 1612 1611 1531
f 1613 1532 1533
f 1613 1612 1532
f 1614 1533 1534
f 1614 1613 1533
f 1615 1534 1535
f 1615 1614 1534
f 1616 1535 1536
f 1616 1615 1535
f 1617 1536 1537
f 1617 1616 1536
f 1618 1537 1538
f 1618 1617 1537
f 1619 1538 1539
f 1619 1618 1538
f 1620 1539 1540
f 1620 1619 1539
f 1621 1540 1541
f 1621 1620 1540
f 1622 1541 1542
f 1622 1621 1541
f 1623 1542 1543
f 1623 1622 1542
f 1624 1543 1544
f 1624 1623 1543
f 1625 1544 1545
f 1625 1624 1544
f 1626 1545 1546
f 1626 1625 1545
f 1627 1546 1547
f 1627 1626 1546
f 1628 1547 1548
f 1628 1627 1547
f 1629 1548 1549
f 1629 1628 1548
f 1630 1549 1550
f 1630 1629 1549
f 1631 1550 1551
f 1631 1630 1550
f 1632 1551 1552
f 1632 1631 1551
f 1633 1552 1553
f 1633 1632 1552
f 1634 1553 1554
f 1634 1633 1553
f 1635 1554 1555
f 1635 1634 1554
f 1636 1555 1556
f 1636 1635 1555
f 1637 1556 1557
f 1637 1636 1556
f 1638 1557 1558
f 1638 1637 1557
f 1639 1558 1559
f 1639 1638 1558
f 1640 1559 1560
f 1640 1639 1559
f 1641 1560 1561
f 1641 1640 1560
f 1642 1561 1562
f 1642 1641 1561
f 1643 1562 1563
f 1643 1642 1562
f 1644 1563 1564
f 1644 1643 1563
f 1564 1530 1610
f 1564 1610 1644
f 1646 1645 1565
f 1646 1565 1566
f 1565 1647 1567
f 1645 1647 1565
f 1567 1648 1568
f 1647 1648 1567
f 1568 1649 1569
f 1648 1649 1568
f 1569 1650 1570
f 1649 1650 1569
f 1570 1651 1571
f 1650 1651 1570
f 1571 1652 1572
f 1651 1652 1571
f 1572 1653 1573
f 1652 1653 1572
f 1573 1654 1574
f 1653 1654 1573
f 1574 1655 1575
f 1654 1655 1574
f 1575 1656 1576
f 1655 1656 1575
f 1576 1657 1577
f 1656 1657 1576
f 1577 1658 1578
f 1657 1658 1577
f 1578 1659 1579
f 1658 1659 1578
f 1579 1660 1580
f 1659 1660 1579
f 1580 1661 1581
f 1660 1661 1580
f 1581 1662 1582
f 1661 1662 1581
f 1582 1663 1583
f 1662 1663 1582
f 1583 1664 1584
f 1663 1664 1583
f 1584 1665 1585
f 1664 1665 1584
f 1585 1666 1586
f 1665 1666 1585
f 1586 1667 1587
f 1666 1667 1586
f 1587 1668 1588
f 1667 1668 1587
f 1588 1669 1589
f 1668 1669 1588
f 1589 1670 1590
f 1669 1670 1589
f 1590 1671 1591
f 1670 1671 1590
f 1591 1672 1592
f 1671 1672 1591
f 1592 1673 1593
f 1672 1673 1592
f 1593 1674 1594
f 1673 1674 1593
f 1594 1675 1595
f 1674 1675 1594
f 1595 1676 1596
f 1675 1676 1595
f 1596 1677 1597
f 1676 1677 1596
f 1597 1678 1598
f 1677 1678 1597
f 1598 1679 1599
f 1678 1679 1598
f 1600 1599 1679
f 1600 1679 1680
f 1601 1646 1566
f 1601 1681 1646
f 1680 1602 1600
f 1682 1602 1680
f 1603 1681 1601
f 1603 1683 1681
f 1682 1604 1602
f 1684 1604 1682
f 1605 1683 1603
f 1605 1685 1683
f 1684 1606 1604
f 1686 1606 1684
f 1607 1685 1605
f 1607 1687 1685
f 1686 1608 1606
f 1688 1608 1686
f 1609 1687 1607
f 1609 1689 1687
f 1688 1610 1608
f 1690 1610 1688
f 1691 1689 1609
f 1691 1609 1611
f 1692 1611 1612
f 1692 1691 1611
f 1693 1612 1613
f 1693 1692 1612
f 1694 1613 1614
f 1694 1693 1613
f 1695 1614 1615
f 1695 1694 1614
f 1696 1615 1616
f 1696 1695 1615
f 1697 1616 1617
f 1697 1696 1616
f 1698 1617 1618
f 1698 1697 1617
f 1699 1618 1619
f 1699 1698 1618
f 1700 1619 1620
f 1700 1699 1619
f 1701 1620 1621
f 1701 1700 1620
f 1702 1621 1622
f 1702 1701 1621
f 1703 1622 1623
f 1703 1702 1622
f 1704 1623 1624
f 1704 1703 1623
f 1705 1624 1625
f 1705 1704 1624
f 1706 1625 1626
f 1706 1705 1625
f 1707 1626 1627
f 1707 1706 1626
f 1708 1627 1628
f 1708 1707 1627
f 1709 1628 1629
f 1709 1708 1628
f 1710 1629 1630
f 1710 1709 1629
f 1711 1630 1631
f 1711 1710 1630
f 1712 1631 1632
f 1712 1711 1631
f 1713 1632 1633
f 1713 1712 1632
f 1714 1633 1634
f 1714 1713 1633
f 1715 1634 1635
f 1715 1714 1634
f 1716 1635 1636
f 1716 1715 1635
f 1717 1636 1637
f 1717 1716 1636
f 1718 1637 1638
f 1718 1717 1637
f 1719 1638 1639
f 1719 1718 1638
f 1720 1639 1640
f 1720 1719 1639
f 1721 1640 1641
f 1721 1720 1640
f 1722 1641 1642
f 1722 1721 1641
f 1723 1642 1643
f 1723 1722 1642
f 1724 1643 1644
f 1724 1723 1643
f 1644 1610 1690
f 1644 1690 1724
f 1726 1725 1645
f 1726 1645 1646
f 1645 1727 1647
f 1725 1727 1645
f 1647 1728 1648
f 1727 1728 1647
f 1648 1729 1649
f 1728 1729 1648
f 1649 1730 1650
f 1729 1730 1649
f 1650 1731 1651
f 1730 1731 1650
f 1651 1732 1652
f 1731 1732 1651
f 1652 1733 1653
f 1732 1733 1652
f 1653 1734 1654
f 1733 1734 1653
f 1654 1735 1655
f 1734 1735 1654
f 1655 1736 1656
f 1735 1736 1655
f 1656 1737 1657
f 1736 1737 1656
f 1657 1738 1658
f 1737 1738 1657
f 1658 1739 1659
f 1738 1739 1658
f 1659 1740 1660
f 1739 1740 1659
f 1660 1741 1661
f 1740 1741 1660
f 1661 1742 1662
f 1741 1742 1661
f 1662 1743 1663
f 1742 1743 1662
f 1663 1744 1664
f 1743 1744 1663
f 1664 1745 1665
f 1744 1745 1664
f 1665 1746 1666
f 1745 1746 1665
f 1666 1747 1667
f 1746 1747 1666
f 1667 1748 1668
f 1747 1748 1667
f 1668 1749 1669
f 1748 1749 1668
f 1669 1750 1670
f 1749 1750 1669
f 1670 1751 1671
f 1750 1751 1670
f 1671 1752 1672
f 1751 1752 1671
f 1672 1753 1673
f 1752 1753 1672
f 1673 1754 1674
f 1753 1754 1673
f 1674 1755 1675
f 1754 1755 1674
f 1675 1756 1676
f 1755 1756 1675
f 1676 1757 1677
f 1756 1757 1676
f 1677 1758 1678
f 1757 1758 1677
f 1678 1759 1679
f 1758 1759 1678
f 1680 1679 1759
f 1680 1759 1760
f 1681 1726 1646
f 1681 1761 1726
f 1760 1682 1680
f 1762 1682 1760
f 1683 1761 1681
f 1683 1763 1761
f 1762 1684 1682
f 1764 1684 1762
f 1685 1763 1683
f 1685 1765 1763
f 1764 1686 1684
f 1766 1686 1764
f 1687 1765 1685
f 1687 1767 1765
f 1766 1688 1686
f 1768 1688 1766
f 1689 1767 1687
f 1689 1769 1767
f 1768 1690 1688
f 1770 1690 1768
f 1771 1769 1689
f 1771 1689 1691
f 1772 1691 1692
f 1772 1771 1691
f 1773 1692 1693
f 1773 1772 1692
f 1774 1693 1694
f 1774 1773 1693
f 1775 1694 1695
f 1775 1774 1694
f 1776 1695 1696
f 1776 1775 1695
f 1777 1696 1697
f 1777 1776 1696
f 1778 1697 1698
f 1778 1777 1697
f 1779 1698 1699
f 1779 1778 1698
f 1780 1699 1700
f 1780 1779 1699
f 1781 1700 1701
f 1781 1780 1700
f 1782 1701 1702
f 1782 1781 1701
f 1783 1702 1703
f 1783 1782 1702
f 1784 1703 1704
f 1784 1783 1703
f 1785 1704 1705
f 1785 1784 1704
f 1786 1705 1706
f 1786 1785 1705
f 1787 1706 1707
f 1787 1786 1706
f 1788 1707 1708
f 1788 1787 1707
f 1789 1708 1709
f 1789 1788 1708
f 1790 1709 1710
f 1790 1789 1709
f 1791 1710 1711
f 1791 1790 1710
f 1792 1711 1712
f 1792 1791 1711
f 1793 1712 1713
f 1793 1792 1712
f 1794 1713 1714
f 1794 1793 1713
f 1795 1714 1715
f 1795 1794 1714
f 1796 1715 1716
f 1796 1795 1715
f 1797 1716 1717
f 1797 1796 1716
f 1798 1717 1718
f 1798 1797 1717
f 1799 1718 1719
f 1799 1798 1718
f 1800 1719 1720
f 1800 1799 1719
f 1801 1720 1721
f 1801 1800 1720
f 1802 1721 1722
f 1802 1801 1721
f 1803 1722 1723
f 1803 1802 1722
f 1804 1723 1724
f 1804 1803 1723
f 1724 1690 1770
f 1724 1770 1804
f 1806 1805 1725
f 1806 1725 1726
f 1725 1807 1727
f 1805 1807 1725
f 1727 1808 1728
f 1807 1808 1727
f 1728 1809 1729
f 1808 1809 1728
f 1729 1810 1730
f 1809 1810 1729
f 1730 1811 1731
f 1810 1811 1730
f 1731 1812 1732
f 1811 1812 1731
f 1732 1813 1733
f 1812 1813 1732
f 1733 1814 1734
f 1813 1814 1733
f 1734 1815 1735
f 1814 1815 1734
f 1735 1816 1736
f 1815 1816 1735
f 1736 1817 1737
f 1816 1817 1736
f 1737 1818 1738
f 1817 1818 1737
f 1738 1819 1739
f 1818 1819 1738
f 1739 1820 1740
f 1819 1820 1739
f 1740 1821 1741
f 1820 1821 1740
f 1741 1822 1742
f 1821 1822 1741
f 1742 1823 1743
f 1822 1823 1742
f 1743 1824 1744
f 1823 1824 1743
f 1744 1825 1745
f 1824 1825 1744
f 1745 1826 1746
f 1825 1826 1745
f 1746 1827 1747
f 1826 1827 1746
f 1747 1828 1748
f 1827 1828 1747
f 1748 1829 1749
f 1828 1829 1748
f 1749 1830 1750
f 1829 1830 1749
f 1750 1831 1751
f 1830 1831 1750
f 1751 1832 1752
f 1831 1832 1751
f 1752 1833 1753
f 1832 1833 1752
f 1753 1834 1754
f 1833 1834 1753
f 1754 1835 1755
f 1834 1835 1754
f 1755 1836 1756
f 1835 1836 1755
f 1756 1837 1757
f 1836 1837 1756
f 1757 1838 1758
f 1837 1838 1757
f 1758 1839 1759
f 1838 1839 1758
f 1760 1759 1839
f 1760 1839 1840
f 1761 1806 1726
f 1761 1841 1806
f 1840 1762 1760
f 1842 1762 1840
f 1763 1841 1761
f 1763 1843 1841
f 1842 1764 1762
f 1844 1764 1842
f 1765 1843 1763
f 1765 1845 1843
f 1844 1766 1764
f 1846 1766 1844
f 1767 1845 1765
f 1767 1847 1845
f 1846 1768 1766
f 1848 1768 1846
f 1769 1847 1767
f 1769 1849 1847
f 1848 1770 1768
f 1850 1770 1848
f 1851 1849 1769
f 1851 1769 1771
f 1852 1771 1772
f 1852 1851 1771
f 1853 1772 1773
f 1853 1852 1772
f 1854 1773 1774
f 1854 1853 1773
f 1855 1774 1775
f 1855 1854 1774
f 1856 1775 1776
f 1856 1855 1775
f 1857 1776 1777
f 1857 1856 1776
f 1858 1777 1778
f 1858 1857 1777
f 1859 1778 1779
f 1859 1858 1778
f 1860 1779 1780
f 1860 1859 1779
f 1861 1780 1781
f 1861 1860 1780
f 1862 1781 1782
f 1862 1861 1781
f 1863 1782 1783
f 1863 1862 1782
f 1864 1783 1784
f 1864 1863 1783
f 1865 1784 1785
f 1865 1864 1784
f 1866 1785 1786
f 1866 1865 1785
f 1867 1786 1787
f 1867 1866 1786
f 1868 1787 1788
f 1868 1867 1787
f 1869 1788 1789
f 1869 1868 1788
f 1870 1789 1790
f 1870 1869 1789
f 1871 1790 1791
f 1871 1870 1790
f 1872 1791 1792
f 1872 1871 1791
f 1873 1792 1793
f 1873 1872 1792
f 1874 1793 1794
f 1874 1873 1793
f 1875 1794 1795
f 1875 1874 1794
f 1876 1795 1796
f 1876 1875 1795
f 1877 1796 1797
f 1877 1876 1796
f 1878 1797 1798
f 1878 1877 1797
f 1879 1798 1799
f 1879 1878 1798
f 1880 1799 1800
f 1880 1879 1799
f 1881 1800 1801
f 1881 1880 1800
f 1882 1801 1802
f 1882 1881 1801
f 1883 1802 1803
f 1883 1882 1802
f 1884 1803 1804
f 1884 1883 1803
f 1804 1770 1850
f 1804 1850 1884
f 1886 1885 1805
f 1886 1805 1806
f 1805 1887 1807
f 1885 1887 1805
f 1807 1888 1808
f 1887 1888 1807
f 1808 1889 1809
f 1888 1889 1808
f 1809 1890 1810
f 1889 1890 1809
f 1810 1891 1811
f 1890 1891 1810
f 1811 1892 1812
f 1891 1892 1811
f 1812 1893 1813
f 1892 1893 1812
f 1813 1894 1814
f 1893 1894 1813
f 1814 1895 1815
f 1894 1895 1814
f 1815 1896 1816
f 1895 1896 1815
f 1816 1897 1817
f 1896 1897 1816
f 1817 1898 1818
f 1897 1898 1817
f 1818 1899 1819
f 1898 1899 1818
f 1819 1900 1820
f 1899 1900 1819
f 1820 1901 1821
f 1900 1901 1820
f 1821 1902 1822
f 1901 1902 1821
f 1822 1903 1823
f 1902 1903 1822
f 1823 1904 1824
f 1903 1904 1823
f 1824 1905 1825
f 1904 1905 1824
f 1825 1906 1826
f 1905 1906 1825
f 1826 1907 1827
f 1906 1907 1826
f 1827 1908 1828
f 1907 1908 1827
f 1828 1909 1829
f 1908 1909 1828
f 1829 1910 1830
f 1909 1910 1829
f 1830 1911 1831
f 1910 1911 1830
f 1831 1912 1832
f 1911 1912 1831
f 1832 1913 1833
f 1912 1913 1832
f 1833 1914 1834
f 1913 1914 1833
f 1834 1915 1835
f 1914 1915 1834
f 1835 1916 1836
f 1915 1916 1835
f 1836 1917 1837
f 1916 1917 1836
f 1837 1918 1838
f 1917 1918 1837
f 1838 1919 1839
f 1918 1919 1838
f 1840 1839 1919
f 1840 1919 1920
f 1841 1886 1806
f 1841 1921 1886
f 1920 1842 1840
f 1922 1842 1920
f 1843 1921 1841
f 1843 1923 1921
f 1922 1844 1842
f 1924 1844 1922
f 1845 1923 1843
f 1845 1925 1923
f 1924 1846 1844
f 1926 1846 1924
f 1847 1925 1845
f 1847 1927 1925
f 1926 1848 1846
f 1928 1848 1926
f 1849 1927 1847
f 1849 1929 1927
f 1928 1850 1848
f 1930 1850 1928
f 1931 1929 1849
f 1931 1849 1851
f 1932 1851 1852
f 1932 1931 1851
f 1933 1852 1853
f 1933 1932 1852
f 1934 1853 1854
f 1934 1933 1853
f 1935 1854 1855
f 1935 1934 1854
f 1936 1855 1856
f 1936 1935 1855
f 1937 1856 1857
f 1937 1936 1856
f 1938 1857 1858
f 1938 1937 1857
f 1939 1858 1859
f 1939 1938 1858
f 1940 1859 1860
f 1940 1939 1859
f 1941 1860 1861
f 1941 1940 1860
f 1942 1861 1862
f 1942 1941 1861
f 1943 1862 1863
f 1943 1942 1862
f 1944 1863 1864
f 1944 1943 1863
f 1945 1864 1865
f 1945 1944 1864
f 1946 1865 1866
f 1946 1945 1865
f 1947 1866 1867
f 1947 1946 1866
f 1948 1867 1868
f 1948 1947 1867
f 1949 1868 1869
f 1949 1948 1868
f 1950 1869 1870
f 1950 1949 1869
f 1951 1870 1871
f 1951 1950 1870
f 1952 1871 1872
f 1952 1951 1871
f 1953 1872 1873
f 1953 1952 1872
f 1954 1873 1874
f 1954 1953 1873
f 1955 1874 1875
f 1955 1954 1874
f 1956 1875 1876
f 1956 1955 1875
f 1957 1876 1877
f 1957 1956 1876
f 1958 1877 1878
f 1958 1957 1877
f 1959 1878 1879
f 1959 1958 1878
f 1960 1879 1880
f 1960 1959 1879
f 1961 1880 1881
f 1961 1960 1880
f 1962 1881 1882
f 1962 1961 1881
f 1963 1882 1883
f 1963 1962 1882
f 1964 1883 1884
f 1964 1963 1883
f 1884 1850 1930
f 1884 1930 1964
f 1966 1965 1885
f 1966 1885 1886
f 1885 1967 1887
f 1965 1967 1885
f 1887 1968 1888
f 1967 1968 1887
f 1888 1969 1889
f 1968 1969 1888
f 1889 1970 1890
f 1969 1970 1889
f 1890 1971 1891
f 1970 1971 1890
f 1891 1972 1892
f 1971 1972 1891
f 1892 1973 1893
f 1972 1973 1892
f 1893 1974 1894
f 1973 1974 1893
f 1894 1975 1895
f 1974 1975 1894
f 1895 1976 1896
f 1975 1976 1895
f 1896 1977 1897
f 1976 1977 1896
f 1897 1978 1898
f 1977 1978 1897
f 1898 1979 1899
f 1978 1979 1898
f 1899 1980 1900
f 1979 1980 1899
f 1900 1981 1901
f 1980 1981 1900
f 1901 1982 1902
f 1981 1982 1901
f 1902 1983 1903
f 1982 1983 1902
f 1903 1984 1904
f 1983 1984 1903
f 1904 1985 1905
f 1984 1985 1904
f 1905 1986 1906
f 1985 1986 1905
f 1906 1987 1907
f 1986 1987 1906
f 1907 1988 1908
f 1987 1988 1907
f 1908 1989 1909
f 1988 1989 1908
f 1909 1990 1910
f 1989 1990 1909
f 1910 1991 1911
f 1990 1991 1910
f 1911 1992 1912
f 1991 1992 1911
f 1912 1993 1913
f 1992 1993 1912
f 1913 1994 1914
f 1993 1994 1913
f 1914 1995 1915
f 1994 1995 1914
f 1915 1996 1916
f 1995 1996 1915
f 1916 1997 1917
f 1996 1997 1916
f 1917 1998 1918
f 1997 1998 1917
f 1918 1999 1919
f 1998 1999 1918
f 1920 1919 1999
f 1920 1999 2000
f 1921 1966 1886
f 1921 2001 1966
f 2000 1922 1920
f 2002 1922 2000
f 1923 2001 1921
f 1923 2003 2001
f 2002 1924 1922
f 2004 1924 2002
f 1925 2003 1923
f 1925 2005 2003
f 2004 1926 1924
f 2006 1926 2004
f 1927 2005 1925
f 1927 2007 2005
f 2006 1928 1926
f 2008 1928 2006
f 1929 2007 1927
f 1929 2009 2007
f 2008 1930 1928
f 2010 1930 2008
f 2011 2009 1929
f 2011 1929 1931
f 2012 1931 1932
f 2012 2011 1931
f 2013 1932 1933
f 2013 2012 1932
f 2014 1933 1934
f 2014 2013 1933
f 2015 1934 1935
f 2015 2014 1934
f 2016 1935 1936
f 2016 2015 1935
f 2017 1936 1937
f 2017 2016 1936
f 2018 1937 1938
f 2018 2017 1937
f 2019 1938 1939
f 2019 2018 1938
f 2020 1939 1940
f 2020 2019 1939
f 2021 1940 1941
f 2021 2020 1940
f 2022 1941 1942
f 2022 2021 1941
f 2023 1942 1943
f 2023 2022 1942
f 2024 1943 1944
f 2024 2023 1943
f 2025 1944 1945
f 2025 2024 1944
f 2026 1945 1946
f 2026 2025 1945
f 2027 1946 1947
f 2027 2026 1946
f 2028 1947 1948
f 2028 2027 1947
f 2029 1948 1949
f 2029 2028 1948
f 2030 1949 1950
f 2030 2029 1949
f 2031 1950 1951
f 2031 2030 1950
f 2032 1951 1952
f 2032 2031 1951
f 2033 1952 1953
f 2033 2032 1952
f 2034 1953 1954
f 2034 2033 1953
f 2035 1954 1955
f 2035 2034 1954
f 2036 1955 1956
f 2036 2035 1955
f 2037 1956 1957
f 2037 2036 1956
f 2038 1957 1958
f 2038 2037 1957
f 2039 1958 1959
f 2039 2038 1958
f 2040 1959 1960
f 2040 2039 1959
f 2041 1960 1961
f 2041 2040 1960
f 2042 1961 1962
f 2042 2041 1961
f 2043 1962 1963
f 2043 2042 1962
f 2044 1963 1964
f 2044 2043 1963
f 1964 1930 2010
f 1964 2010 2044
f 2046 2045 1965
f 2046 1965 1966
f 1965 2047 1967
f 2045 2047 1965
f 1967 2048 1968
f 2047 2048 1967
f 1968 2049 1969
f 2048 2049 1968
f 1969 2050 1970
f 2049 2050 1969
f 1970 2051 1971
f 2050 2051 1970
f 1971 2052 1972
f 2051 2052 1971
f 1972 2053 1973
f 2052 2053 1972
f 1973 2054 1974
f 2053 2054 1973
f 1974 2055 1975
f 2054 2055 1974
f 1975 2056 1976
f 2055 2056 1975
f 1976 2057 1977
f 2056 2057 1976
f 1977 2058 1978
f 2057 2058 1977
f 1978 2059 1979
f 2058 2059 1978
f 1979 2060 1980
f 2059 2060 1979
f 1980 2061 1981
f 2060 2061 1980
f 1981 2062 1982
f 2061 2062 1981
f 1982 2063 1983
f 2062 2063 1982
f 1983 2064 1984
f 2063 2064 1983
f 1984 2065 1985
f 2064 2065 1984
f 1985 2066 1986
f 2065 2066 1985
f 1986 2067 1987
f 2066 2067 1986
f 1987 2068 1988
f 2067 2068 1987
f 1988 2069 1989
f 2068 2069 1988
f 1989 2070 1990
f 2069 2070 1989
f 1990 2071 1991
f 2070 2071 1990
f 1991 2072 1992
f 2071 2072 1991
f 1992 2073 1993
f 2072 2073 1992
f 1993 2074 1994
f 2073 2074 1993
f 1994 2075 1995
f 2074 2075 1994
f 1995 2076 1996
f 2075 2076 1995
f 1996 2077 1997
f 2076 2077 1996
f 1997 2078 1998
f 2077 2078 1997
f 1998 2079 1999
f 2078 2079 1998
f 2000 1999 2079
f 2000 2079 2080
f 2001 2046 1966
f 2001 2081 2046
f 2080 2002 2000
f 2082 2002 2080
f 2003 2081 2001
f 2003 2083 2081
f 2082 2004 2002
f 2084 2004 2082
f 2005 2083 2003
f 2005 2085 2083
f 2084 2006 2004
f 2086 2006 2084
f 2007 2085 2005
f 2007 2087 2085
f 2086 2008 2006
f 2088 2008 2086
f 2009 2087 2007
f 2009 2089 2087
f 2088 2010 2008
f 2090 2010 2088
f 2091 2089 2009
f 2091 2009 2011
f 2092 2011 2012
f 2092 2091 2011
f 2093 2012 2013
f 2093 2092 2012
f 2094 2013 2014
f 2094 2093 2013
f 2095 2014 2015
f 2095 2094 2014
f 2096 2015 2016
f 2096 2095 2015
f 2097 2016 2017
f 2097 2096 2016
f 2098 2017 2018
f 2098 2097 2017
f 2099 2018 2019
f 2099 2098 2018
f 2100 2019 2020
f 2100 2099 2019
f 2101 2020 2021
f 2101 2100 2020
f 2102 2021 2022
f 2102 2101 2021
f 2103 2022 2023
f 2103 2102 2022
f 2104 2023 2024
f 2104 2103 2023
f 2105 2024 2025
f 2105 2104 2024
f 2106 2025 2026
f 2106 2105 2025
f 2107 2026 2027
f 2107 2106 2026
f 2108 2027 2028
f 2108 2107 2027
f 2109 2028 2029
f 2109 2108 2028
f 2110 2029 2030
f 2110 2109 2029
f 2111 2030 2031
f 2111 2110 2030
f 2112 2031 2032
f 2112 2111 2031
f 2113 2032 2033
f 2113 2112 2032
f 2114 2033 2034
f 2114 2113 2033
f 2115 2034 2035
f 2115 2114 2034
f 2116 2035 2036
f 2116 2115 2035
f 2117 2036 2037
f 2117 2116 2036
f 2118 2037 2038
f 2118 2117 2037
f 2119 2038 2039
f 2119 2118 2038
f 2120 2039 2040
f 2120 2119 2039
f 2121 2040 2041
f 2121 2120 2040
f 2122 2041 2042
f 2122 2121 2041
f 2123 2042 2043
f 2123 2122 2042
f 2124 2043 2044
f 2124 2123 2043
f 2044 2010 2090
f 2044 2090 2124
f 2126 2125 2045
f 2126 2045 2046
f 2045 2127 2047
f 2125 2127 2045
f 2047 2128 2048
f 2127 2128 2047
f 2048 2129 2049
f 2128 2129 2048
f 2049 2130 2050
f 2129 2130 2049
f 2050 2131 2051
f 2130 2131 2050
f 2051 2132 2052
f 2131 2132 2051
f 2052 2133 2053
f 2132 2133 2052
f 2053 2134 2054
f 2133 2134 2053
f 2054 2135 2055
f 2134 2135 2054
f 2055 2136 2056
f 2135 2136 2055
f 2056 2137 2057
f 2136 2137 2056
f 2057 2138 2058
f 2137 2138 2057
f 2058 2139 2059
f 2138 2139 2058
f 2059 2140 2060
f 2139 2140 2059
f 2060 2141 2061
f 2140 2141 2060
f 2061 2142 2062
f 2141 2142 2061
f 2062 2143 2063
f 2142 2143 2062
f 2063 2144 2064
f 2143 2144 2063
f 2064 2145 2065
f 2144 2145 2064
f 2065 2146 2066
f 2145 2146 2065
f 2066 2147 2067
f 2146 2147 2066
f 2067 2148 2068
f 2147 2148 2067
f 2068 2149 2069
f 2148 2149 2068
f 2069 2150 2070
f 2149 2150 2069
f 2070 2151 2071
f 2150 2151 2070
f 2071 2152 2072
f 2151 2152 2071
f 2072 2153 2073
f 2152 2153 2072
f 2073 2154 2074
f 2153 2154 2073
f 2074 2155 2075
f 2154 2155 2074
f 2075 2156 2076
f 2155 2156 2075
f 2076 2157 2077
f 2156 2157 2076
f 2077 2158 2078
f 2157 2158 2077
f 2078 2159 2079
f 2158 2159 2078
f 2080 2079 2159
f 2080 2159 2160
f 2081 2126 2046
f 2081 2161 2126
f 2160 2082 2080
f 2162 2082 2160
f 2083 2161 2081
f 2083 2163 2161
f 2162 2084 2082
f 2164 2084 2162
f 2085 2163 2083
f 2085 2165 2163
f 2164 2086 2084
f 2166 2086 2164
f 2087 2165 2085
f 2087 2167 2165
f 2166 2088 2086
f 2168 2088 2166
f 2089 2167 2087
f 2089 2169 2167
f 2168 2090 2088
f 2170 2090 2168
f 2171 2169 2089
f 2171 2089 2091
f 2172 2091 2092
f 2172 2171 2091
f 2173 2092 2093
f 2173 2172 2092
f 2174 2093 2094
f 2174 2173 2093
f 2175 2094 2095
f 2175 2174 2094
f 2176 2095 2096
f 2176 2175 2095
f 2177 2096 2097
f 2177 2176 2096
f 2178 2097 2098
f 2178 2177 2097
f 2179 2098 2099
f 2179 2178 2098
f 2180 2099 2100
f 2180 2179 2099
f 2181 2100 2101
f 2181 2180 2100
f 2182 2101 2102
f 2182 2181 2101
f 2183 2102 2103
f 2183 2182 2102
f 2184 2103 2104
f 2184 2183 2103
f 2185 2104 2105
f 2185 2184 2104
f 2186 2105 2106
f 2186 2185 2105
f 2187 2106 2107
f 2187 2186 2106
f 2188 2107 2108
f 2188 2187 2107
f 2189 2108 2109
f 2189 2188 2108
f 2190 2109 2110
f 2190 2189 2109
f 2191 2110 2111
f 2191 2190 2110
f 2192 2111 2112
f 2192 2191 2111
f 2193 2112 2113
f 2193 2192 2112
f 2194 2113 2114
f 2194 2193 2113
f 2195 2114 2115
f 2195 2194 2114
f 2196 2115 2116
f 2196 2195 2115
f 2197 2116 2117
f 2197 2196 2116
f 2198 2117 2118
f 2198 2197 2117
f 2199 2118 2119
f 2199 2198 2118
f 2200 2119 2120
f 2200 2199 2119
f 2201 2120 2121
f 2201 2200 2120
f 2202 2121 2122
f 2202 2201 2121
f 2203 2122 2123
f 2203 2202 2122
f 2204 2123 2124
f 2204 2203 2123
f 2124 2090 2170
f 2124 2170 2204
f 2206 2205 2125
f 2206 2125 2126
f 2125 2207 2127
f 2205 2207 2125
f 2127 2208 2128
f 2207 2208 2127
f 2128 2209 2129
f 2208 2209 2128
f 2129 2210 2130
f 2209 2210 2129
f 2130 2211 2131
f 2210 2211 2130
f 2131 2212 2132
f 2211 2212 2131
f 2132 2213 2133
f 2212 2213 2132
f 2133 2214 2134
f 2213 2214 2133
f 2134 2215 2135
f 2214 2215 2134
f 2135 2216 2136
f 2215 2216 2135
f 2136 2217 2137
f 2216 2217 2136
f 2137 2218 2138
f 2217 2218 2137
f 2138 2219 2139
f 2218 2219 2138
f 2139 2220 2140
f 2219 2220 2139
f 2140 2221 2141
f 2220 2221 2140
f 2141 2222 2142
f 2221 2222 2141
f 2142 2223 2143
f 2222 2223 2142
f 2143 2224 2144
f 2223 2224 2143
f 2144 2225 2145
f 2224 2225 2144
f 2145 2226 2146
f 2225 2226 2145
f 2146 2227 2147
f 2226 2227 2146
f 2147 2228 2148
f 2227 2228 2147
f 2148 2229 2149
f 2228 2229 2148
f 2149 2230 2150
f 2229 2230 2149
f 2150 2231 2151
f 2230 2231 2150
f 2151 2232 2152
f 2231 2232 2151
f 2152 2233 2153
f 2232 2233 2152
f 2153 2234 2154
f 2233 2234 2153
f 2154 2235 2155
f 2234 2235 2154
f 2155 2236 2156
f 2235 2236 2155
f 2156 2237 2157
f 2236 2237 2156
f 2157 2238 2158
f 2237 2238 2157
f 2158 2239 2159
f 2238 2239 2158
f 2160 2159 2239
f 2160 2239 2240
f 2161 2206 2126
f 2161 2241 2206
f 2240 2162 2160
f 2242 2162 2240
f 2163 2241 2161
f 2163 2243 2241
f 2242 2164 2162
f 2244 2164 2242
f 2165 2243 2163
f 2165 2245 2243
f 2244 2166 2164
f 2246 2166 2244
f 2167 2245 2165
f 2167 2247 2245
f 2246 2168 2166
f 2248 2168 2246
f 2169 2247 2167
f 2169 2249 2247
f 2248 2170 2168
f 2250 2170 2248
f 2251 2249 2169
f 2251 2169 2171
f 2252 2171 2172
f 2252 2251 2171
f 2253 2172 2173
f 2253 2252 2172
f 2254 2173 2174
f 2254 2253 2173
f 2255 2174 2175
f 2255 2254 2174
f 2256 2175 2176
f 2256 2255 2175
f 2257 2176 2177
f 2257 2256 2176
f 2258 2177 2178
f 2258 2257 2177
f 2259 2178 2179
f 2259 2258 2178
f 2260 2179 2180
f 2260 2259 2179
f 2261 2180 2181
f 2261 2260 2180
f 2262 2181 2182
f 2262 2261 2181
f 2263 2182 2183
f 2263 2262 2182
f 2264 2183 2184
f 2264 2263 2183
f 2265 2184 2185
f 2265 2264 2184
f 2266 2185 2186
f 2266 2265 2185
f 2267 2186 2187
f 2267 2266 2186
f 2268 2187 2188
f 2268 2267 2187
f 2269 2188 2189
f 2269 2268 2188
f 2270 2189 2190
f 2270 2269 2189
f 2271 2190 2191
f 2271 2270 2190
f 2272 2191 2192
f 2272 2271 2191
f 2273 2192 2193
f 2273 2272 2192
f 2274 2193 2194
f 2274 2273 2193
f 2275 2194 2195
f 2275 2274 2194
f 2276 2195 2196
f 2276 2275 2195
f 2277 2196 2197
f 2277 2276 2196
f 2278 2197 2198
f 2278 2277 2197
f 2279 2198 2199
f 2279 2278 2198
f 2280 2199 2200
f 2280 2279 2199
f 2281 2200 2201
f 2281 2280 2200
f 2282 2201 2202
f 2282 2281 2201
f 2283 2202 2203
f 2283 2282 2202
f 2284 2203 2204
f 2284 2283 2203
f 2204 2170 2250
f 2204 2250 2284
f 2286 2285 2205
f 2286 2205 2206
f 2205 2287 2207
f 2285 2287 2205
f 2207 2288 2208
f 2287 2288 2207
f 2208 2289 2209
f 2288 2289 2208
f 2209 2290 2210
f 2289 2290 2209
f 2210 2291 2211
f 2290 2291 2210
f 2211 2292 2212
f 2291 2292 2211
f 2212 2293 2213
f 2292 2293 2212
f 2213 2294 2214
f 2293 2294 2213
f 2214 2295 2215
f 2294 2295 2214
f 2215 2296 2216
f 2295 2296 2215
f 2216 2297 2217
f 2296 2297 2216
f 2217 2298 2218
f 2297 2298 2217
f 2218 2299 2219
f 2298 2299 2218
f 2219 2300 2220
f 2299 2300 2219
f 2220 2301 2221
f 2300 2301 2220
f 2221 2302 2222
f 2301 2302 2221
f 2222 2303 2223
f 2302 2303 2222
f 2223 2304 2224
f 2303 2304 2223
f 2224 2305 2225
f 2304 2305 2224
f 2225 2306 2226
f 2305 2306 2225
f 2226 2307 2227
f 2306 2307 2226
f 2227 2308 2228
f 2307 2308 2227
f 2228 2309 2229
f 2308 2309 2228
f 2229 2310 2230
f 2309 2310 2229
f 2230 2311 2231
f 2310 2311 2230
f 2231 2312 2232
f 2311 2312 2231
f 2232 2313 2233
f 2312 2313 2232
f 2233 2314 2234
f 2313 2314 2233
f 2234 2315 2235
f 2314 2315 2234
f 2235 2316 2236
f 2315 2316 2235
f 2236 2317 2237
f 2316 2317 2236
f 2237 2318 2238
f 2317 2318 2237
f 2238 2319 2239
f 2318 2319 2238
f 2240 2239 2319
f 2240 2319 2320
f 2241 2286 2206
f 2241 2321 2286
f 2320 2242 2240
f 2322 2242 2320
f 2243 2321 2241
f 2243 2323 2321
f 2322 2244 2242
f 2324 2244 2322
f 2245 2323 2243
f 2245 2325 2323
f 2324 2246 2244
f 2326 2246 2324
f 2247 2325 2245
f 2247 2327 2325
f 2326 2248 2246
f 2328 2248 2326
f 2249 2327 2247
f 2249 2329 2327
f 2328 2250 2248
f 2330 2250 2328
f 2331 2329 2249
f 2331 2249 2251
f 2332 2251 2252
f 2332 2331 2251
f 2333 2252 2253
f 2333 2332 2252
f 2334 2253 2254
f 2334 2333 2253
f 2335 2254 2255
f 2335 2334 2254
f 2336 2255 2256
f 2336 2335 2255
f 2337 2256 2257
f 2337 2336 2256
f 2338 2257 2258
f 2338 2337 2257
f 2339 2258 2259
f 2339 2338 2258
f 2340 2259 2260
f 2340 2339 2259
f 2341 2260 2261
f 2341 2340 2260
f 2342 2261 2262
f 2342 2341 2261
f 2343 2262 2263
f 2343 2342 2262
f 2344 2263 2264
f 2344 2343 2263
f 2345 2264 2265
f 2345 2344 2264
f 2346 2265 2266
f 2346 2345 2265
f 2347 2266 2267
f 2347 2346 2266
f 2348 2267 2268
f 2348 2347 2267
f 2349 2268 2269
f 2349 2348 2268
f 2350 2269 2270
f 2350 2349 2269
f 2351 2270 2271
f 2351 2350 2270
f 2352 2271 2272
f 2352 2351 2271
f 2353 2272 2273
f 2353 2352 2272
f 2354 2273 2274
f 2354 2353 2273
f 2355 2274 2275
f 2355 2354 2274
f 2356 2275 2276
f 2356 2355 2275
f 2357 2276 2277
f 2357 2356 2276
f 2358 2277 2278
f 2358 2357 2277
f 2359 2278 2279
f 2359 2358 2278
f 2360 2279 2280
f 2360 2359 2279
f 2361 2280 2281
f 2361 2360 2280
f 2362 2281 2282
f 2362 2361 2281
f 2363 2282 2283
f 2363 2362 2282
f 2364 2283 2284
f 2364 2363 2283
f 2284 2250 2330
f 2284 2330 2364
f 2366 2365 2285
f 2366 2285 2286
f 2285 2367 2287
f 2365 2367 2285
f 2287 2368 2288
f 2367 2368 2287
f 2288 2369 2289
f 2368 2369 2288
f 2289 2370 2290
f 2369 2370 2289
f 2290 2371 2291
f 2370 2371 2290
f 2291 2372 2292
f 2371 2372 2291
f 2292 2373 2293
f 2372 2373 2292
f 2293 2374 2294
f 2373 2374 2293
f 2294 2375 2295
f 2374 2375 2294
f 2295 2376 2296
f 2375 2376 2295
f 2296 2377 2297
f 2376 2377 2296
f 2297 2378 2298
f 2377 2378 2297
f 2298 2379 2299
f 2378 2379 2298
f 2299 2380 2300
f 2379 2380 2299
f 2300 2381 2301
f 2380 2381 2300
f 2301 2382 2302
f 2381 2382 2301
f 2302 2383 2303
f 2382 2383 2302
f 2303 2384 2304
f 2383 2384 2303
f 2304 2385 2305
f 2384 2385 2304
f 2305 2386 2306
f 2385 2386 2305
f 2306 2387 2307
f 2386 2387 2306
f 2307 2388 2308
f 2387 2388 2307
f 2308 2389 2309
f 2388 2389 2308
f 2309 2390 2310
f 2389 2390 2309
f 2310 2391 2311
f 2390 2391 2310
f 2311 2392 2312
f 2391 2392 2311
f 2312 2393 2313
f 2392 2393 2312
f 2313 2394 2314
f 2393 2394 2313
f 2314 2395 2315
f 2394 2395 2314
f 2315 2396 2316
f 2395 2396 2315
f 2316 2397 2317
f 2396 2397 2316
f 2317 2398 2318
f 2397 2398 2317
f 2318 2399 2319
f 2398 2399 2318
f 2320 2319 2399
f 2320 2399 2400
f 2321 2366 2286
f 2321 2401 2366
f 2400 2322 2320
f 2402 2322 2400
f 2323 2401 2321
f 2323 2403 2401
f 2402 2324 2322
f 2404 2324 2402
f 2325 2403 2323
f 2325 2405 2403
f 2404 2326 2324
f 2406 2326 2404
f 2327 2405 2325
f 2327 2407 2405
f 2406 2328 2326
f 2408 2328 2406
f 2329 2407 2327
f 2329 2409 2407
f 2408 2330 2328
f 2410 2330 2408
f 2411 2409 2329
f 2411 2329 2331
f 2412 2331 2332
f 2412 2411 2331
f 2413 2332 2333
f 2413 2412 2332
f 2414 2333 2334
f 2414 2413 2333
f 2415 2334 2335
f 2415 2414 2334
f 2416 2335 2336
f 2416 2415 2335
f 2417 2336 2337
f 2417 2416 2336
f 2418 2337 2338
f 2418 2417 2337
f 2419 2338 2339
f 2419 2418 2338
f 2420 2339 2340
f 2420 2419 2339
f 2421 2340 2341
f 2421 2420 2340
f 2422 2341 2342
f 2422 2421 2341
f 2423 2342 2343
f 2423 2422 2342
f 2424 2343 2344
f 2424 2423 2343
f 2425 2344 2345
f 2425 2424 2344
f 2426 2345 2346
f 2426 2425 2345
f 2427 2346 2347
f 2427 2426 2346
f 2428 2347 2348
f 2428 2427 2347
f 2429 2348 2349
f 2429 2428 2348
f 2430 2349 2350
f 2430 2429 2349
f 2431 2350 2351
f 2431 2430 2350
f 2432 2351 2352
f 2432 2431 2351
f 2433 2352 2353
f 2433 2432 2352
f 2434 2353 2354
f 2434 2433 2353
f 2435 2354 2355
f 2435 2434 2354
f 2436 2355 2356
f 2436 2435 2355
f 2437 2356 2357
f 2437 2436 2356
f 2438 2357 2358
f 2438 2437 2357
f 2439 2358 2359
f 2439 2438 2358
f 2440 2359 2360
f 2440 2439 2359
f 2441 2360 2361
f 2441 2440 2360
f 2442 2361 2362
f 2442 2441 2361
f 2443 2362 2363
f 2443 2442 2362
f 2444 2363 2364
f 2444 2443 2363
f 2364 2330 2410
f 2364 2410 2444
f 2446 2445 2365
f 2446 2365 2366
f 2365 2447 2367
f 2445 2447 2365
f 2367 2448 2368
f 2447 2448 2367
f 2368 2449 2369
f 2448 2449 2368
f 2369 2450 2370
f 2449 2450 2369
f 2370 2451 2371
f 2450 2451 2370
f 2371 2452 2372
f 2451 2452 2371
f 2372 2453 2373
f 2452 2453 2372
f 2373 2454 2374
f 2453 2454 2373
f 2374 2455 2375
f 2454 2455 2374
f 2375 2456 2376
f 2455 2456 2375
f 2376 2457 2377
f 2456 2457 2376
f 2377 2458 2378
f 2457 2458 2377
f 2378 2459 2379
f 2458 2459 2378
f 2379 2460 2380
f 2459 2460 2379
f 2380 2461 2381
f 2460 2461 2380
f 2381 2462 2382
f 2461 2462 2381
f 2382 2463 2383
f 2462 2463 2382
f 2383 2464 2384
f 2463 2464 2383
f 2384 2465 2385
f 2464 2465 2384
f 2385 2466 2386
f 2465 2466 2385
f 2386 2467 2387
f 2466 2467 2386
f 2387 2468 2388
f 2467 2468 2387
f 2388 2469 2389
f 2468 2469 2388
f 2389 2470 2390
f 2469 2470 2389
f 2390 2471 2391
f 2470 2471 2390
f 2391 2472 2392
f 2471 2472 2391
f 2392 2473 2393
f 2472 2473 2392
f 2393 2474 2394
f 2473 2474 2393
f 2394 2475 2395
f 2474 2475 2394
f 2395 2476 2396
f 2475 2476 2395
f 2396 2477 2397
f 2476 2477 2396
f 2397 2478 2398
f 2477 2478 2397
f 2398 2479 2399
f 2478 2479 2398
f 2400 2399 2479
f 2400 2479 2480
f 2401 2446 2366
f 2401 2481 2446
f 2480 2402 2400
f 2482 2402 2480
f 2403 2481 2401
f 2403 2483 2481
f 2482 2404 2402
f 2484 2404 2482
f 2405 2483 2403
f 2405 2485 2483
f 2484 2406 2404
f 2486 2406 2484
f 2407 2485 2405
f 2407 2487 2485
f 2486 2408 2406
f 2488 2408 2486
f 2409 2487 2407
f 2409 2489 2487
f 2488 2410 2408
f 2490 2410 2488
f 2491 2489 2409
f 2491 2409 2411
f 2492 2411 2412
f 2492 2491 2411
f 2493 2412 2413
f 2493 2492 2412
f 2494 2413 2414
f 2494 2493 2413
f 2495 2414 2415
f 2495 2494 2414
f 2496 2415 2416
f 2496 2495 2415
f 2497 2416 2417
f 2497 2496 2416
f 2498 2417 2418
f 2498 2497 2417
f 2499 2418 2419
f 2499 2498 2418
f 2500 2419 2420
f 2500 2499 2419
f 2501 2420 2421
f 2501 2500 2420
f 2502 2421 2422
f 2502 2501 2421
f 2503 2422 2423
f 2503 2502 2422
f 2504 2423 2424
f 2504 2503 2423
f 2505 2424 2425
f 2505 2504 2424
f 2506 2425 2426
f 2506 2505 2425
f 2507 2426 2427
f 2507 2506 2426
f 2508 2427 2428
f 2508 2507 2427
f 2509 2428 2429
f 2509 2508 2428
f 2510 2429 2430
f 2510 2509 2429
f 2511 2430 2431
f 2511 2510 2430
f 2512 2431 2432
f 2512 2511 2431
f 2513 2432 2433
f 2513 2512 2432
f 2514 2433 2434
f 2514 2513 2433
f 2515 2434 2435
f 2515 2514 2434
f 2516 2435 2436
f 2516 2515 2435
f 2517 2436 2437
f 2517 2516 2436
f 2518 2437 2438
f 2518 2517 2437
f 2519 2438 2439
f 2519 2518 2438
f 2520 2439 2440
f 2520 2519 2439
f 2521 2440 2441
f 2521 2520 2440
f 2522 2441 2442
f 2522 2521 2441
f 2523 2442 2443
f 2523 2522 2442
f 2524 2443 2444
f 2524 2523 2443
f 2444 2410 2490
f 2444 2490 2524
f 2526 2525 2445
f 2526 2445 2446
f 2445 2527 2447
f 2525 2527 2445
f 2447 2528 2448
f 2527 2528 2447
f 2448 2529 2449
f 2528 2529 2448
f 2449 2530 2450
f 2529 2530 2449
f 2450 2531 2451
f 2530 2531 2450
f 2451 2532 2452
f 2531 2532 2451
f 2452 2533 2453
f 2532 2533 2452
f 2453 2534 2454
f 2533 2534 2453
f 2454 2535 2455
f 2534 2535 2454
f 2455 2536 2456
f 2535 2536 2455
f 2456 2537 2457
f 2536 2537 2456
f 2457 2538 2458
f 2537 2538 2457
f 2458 2539 2459
f 2538 2539 2458
f 2459 2540 2460
f 2539 2540 2459
f 2460 2541 2461
f 2540 2541 2460
f 2461 2542 2462
f 2541 2542 2461
f 2462 2543 2463
f 2542 2543 2462
f 2463 2544 2464
f 2543 2544 2463
f 2464 2545 2465
f 2544 2545 2464
f 2465 2546 2466
f 2545 2546 2465
f 2466 2547 2467
f 2546 2547 2466
f 2467 2548 2468
f 2547 2548 2467
f 2468 2549 2469
f 2548 2549 2468
f 2469 2550 2470
f 2549 2550 2469
f 2470 2551 2471
f 2550 2551 2470
f 2471 2552 2472
f 2551 2552 2471
f 2472 2553 2473
f 2552 2553 2472
f 2473 2554 2474
f 2553 2554 2473
f 2474 2555 2475
f 2554 2555 2474
f 2475 2556 2476
f 2555 2556 2475
f 2476 2557 2477
f 2556 2557 2476
f 2477 2558 2478
f 2557 2558 2477
f 2478 2559 2479
f 2558 2559 2478
f 2480 2479 2559
f 2480 2559 2560
f 2481 2526 2446
f 2481 2561 2526
f 2560 2482 2480
f 2562 2482 2560
f 2483 2561 2481
f 2483 2563 2561
f 2562 2484 2482
f 2564 2484 2562
f 2485 2563 2483
f 2485 2565 2563
f 2564 2486 2484
f 2566 2486 2564
f 2487 2565 2485
f 2487 2567 2565
f 2566 2488 2486
f 2568 2488 2566
f 2489 2567 2487
f 2489 2569 2567
f 2568 2490 2488
f 2570 2490 2568
f 2571 2569 2489
f 2571 2489 2491
f 2572 2491 2492
f 2572 2571 2491
f 2573 2492 2493
f 2573 2572 2492
f 2574 2493 2494
f 2574 2573 2493
f 2575 2494 2495
f 2575 2574 2494
f 2576 2495 2496
f 2576 2575 2495
f 2577 2496 2497
f 2577 2576 2496
f 2578 2497 2498
f 2578 2577 2497
f 2579 2498 2499
f 2579 2578 2498
f 2580 2499 2500
f 2580 2579 2499
f 2581 2500 2501
f 2581 2580 2500
f 2582 2501 2502
f 2582 2581 2501
f 2583 2502 2503
f 2583 2582 2502
f 2584 2503 2504
f 2584 2583 2503
f 2585 2504 2505
f 2585 2584 2504
f 2586 2505 2506
f 2586 2585 2505
f 2587 2506 2507
f 2587 2586 2506
f 2588 2507 2508
f 2588 2587 2507
f 2589 2508 2509
f 2589 2588 2508
f 2590 2509 2510
f 2590 2589 2509
f 2591 2510 2511
f 2591 2590 2510
f 2592 2511 2512
f 2592 2591 2511
f 2593 2512 2513
f 2593 2592 2512
f 2594 2513 2514
f 2594 2593 2513
f 2595 2514 2515
f 2595 2594 2514
f 2596 2515 2516
f 2596 2595 2515
f 2597 2516 2517
f 2597 2596 2516
f 2598 2517 2518
f 2598 2597 2517
f 2599 2518 2519
f 2599 2598 2518
f 2600 2519 2520
f 2600 2599 2519
f 2601 2520 2521
f 2601 2600 2520
f 2602 2521 2522
f 2602 2601 2521
f 2603 2522 2523
f 2603 2602 2522
f 2604 2523 2524
f 2604 2603 2523
f 2524 2490 2570
f 2524 2570 2604
f 2606 2605 2525
f 2606 2525 2526
f 2525 2607 2527
f 2605 2607 2525
f 2527 2608 2528
f 2607 2608 2527
f 2528 2609 2529
f 2608 2609 2528
f 2529 2610 2530
f 2609 2610 2529
f 2530 2611 2531
f 2610 2611 2530
f 2531 2612 2532
f 2611 2612 2531
f 2532 2613 2533
f 2612 2613 2532
f 2533 2614 2534
f 2613 2614 2533
f 2534 2615 2535
f 2614 2615 2534
f 2535 2616 2536
f 2615 2616 2535
f 2536 2617 2537
f 2616 2617 2536
f 2537 2618 2538
f 2617 2618 2537
f 2538 2619 2539
f 2618 2619 2538
f 2539 2620 2540
f 2619 2620 2539
f 2540 2621 2541
f 2620 2621 2540
f 2541 2622 2542
f 2621 2622 2541
f 2542 2623 2543
f 2622 2623 2542
f 2543 2624 2544
f 2623 2624 2543
f 2544 2625 2545
f 2624 2625 2544
f 2545 2626 2546
f 2625 2626 2545
f 2546 2627 2547
f 2626 2627 2546
f 2547 2628 2548
f 2627 2628 2547
f 2548 2629 2549
f 2628 2629 2548
f 2549 2630 2550
f 2629 2630 2549
f 2550 2631 2551
f 2630 2631 2550
f 2551 2632 2552
f 2631 2632 2551
f 2552 2633 2553
f 2632 2633 2552
f 2553 2634 2554
f 2633 2634 2553
f 2554 2635 2555
f 2634 2635 2554
f 2555 2636 2556
f 2635 2636 2555
f 2556 2637 2557
f 2636 2637 2556
f 2557 2638 2558
f 2637 2638 2557
f 2558 2639 2559
f 2638 2639 2558
f 2560 2559 2639
f 2560 2639 2640
f 2561 2606 2526
f 2561 2641 2606
f 2640 2562 2560
f 2642 2562 2640
f 2563 2641 2561
f 2563 2643 2641
f 2642 2564 2562
f 2644 2564 2642
f 2565 2643 2563
f 2565 2645 2643
f 2644 2566 2564
f 2646 2566 2644
f 2567 2645 2565
f 2567 2647 2645
f 2646 2568 2566
f 2648 2568 2646
f 2569 2647 2567
f 2569 2649 2647
f 2648 2570 2568
f 2650 2570 2648
f 2651 2649 2569
f 2651 2569 2571
f 2652 2571 2572
f 2652 2651 2571
f 2653 2572 2573
f 2653 2652 2572
f 2654 2573 2574
f 2654 2653 2573
f 2655 2574 2575
f 2655 2654 2574
f 2656 2575 2576
f 2656 2655 2575
f 2657 2576 2577
f 2657 2656 2576
f 2658 2577 2578
f 2658 2657 2577
f 2659 2578 2579
f 2659 2658 2578
f 2660 2579 2580
f 2660 2659 2579
f 2661 2580 2581
f 2661 2660 2580
f 2662 2581 2582
f 2662 2661 2581
f 2663 2582 2583
f 2663 2662 2582
f 2664 2583 2584
f 2664 2663 2583
f 2665 2584 2585
f 2665 2664 2584
f 2666 2585 2586
f 2666 2665 2585
f 2667 2586 2587
f 2667 2666 2586
f 2668 2587 2588
f 2668 2667 2587
f 2669 2588 2589
f 2669 2668 2588
f 2670 2589 2590
f 2670 2669 2589
f 2671 2590 2591
f 2671 2670 2590
f 2672 2591 2592
f 2672 2671 2591
f 2673 2592 2593
f 2673 2672 2592
f 2674 2593 2594
f 2674 2673 2593
f 2675 2594 2595
f 2675 2674 2594
f 2676 2595 2596
f 2676 2675 2595
f 2677 2596 2597
f 2677 2676 2596
f 2678 2597 2598
f 2678 2677 2597
f 2679 2598 2599
f 2679 2678 2598
f 2680 2599 2600
f 2680 2679 2599
f 2681 2600 2601
f 2681 2680 2600
f 2682 2601 2602
f 2682 2681 2601
f 2683 2602 2603
f 2683 2682 2602
f 2684 2603 2604
f 2684 2683 2603
f 2604 2570 2650
f 2604 2650 2684
f 2686 2685 2605
f 2686 2605 2606
f 2605 2687 2607
f 2685 2687 2605
f 2607 2688 2608
f 2687 2688 2607
f 2608 2689 2609
f 2688 2689 2608
f 2609 2690 2610
f 2689 2690 2609
f 2610 2691 2611
f 2690 2691 2610
f 2611 2692 2612
f 2691 2692 2611
f 2612 2693 2613
f 2692 2693 2612
f 2613 2694 2614
f 2693 2694 2613
f 2614 2695 2615
f 2694 2695 2614
f 2615 2696 2616
f 2695 2696 2615
f 2616 2697 2617
f 2696 2697 2616
f 2617 2698 2618
f 2697 2698 2617
f 2618 2699 2619
f 2698 2699 2618
f 2619 2700 2620
f 2699 2700 2619
f 2620 2701 2621
f 2700 2701 2620
f 2621 2702 2622
f 2701 2702 2621
f 2622 2703 2623
f 2702 2703 2622
f 2623 2704 2624
f 2703 2704 2623
f 2624 2705 2625
f 2704 2705 2624
f 2625 2706 2626
f 2705 2706 2625
f 2626 2707 2627
f 2706 2707 2626
f 2627 2708 2628
f 2707 2708 2627
f 2628 2709 2629
f 2708 2709 2628
f 2629 2710 2630
f 2709 2710 2629
f 2630 2711 2631
f 2710 2711 2630
f 2631 2712 2632
f 2711 2712 2631
f 2632 2713 2633
f 2712 2713 2632
f 2633 2714 2634
f 2713 2714 2633
f 2634 2715 2635
f 2714 2715 2634
f 2635 2716 2636
f 2715 2716 2635
f 2636 2717 2637
f 2716 2717 2636
f 2637 2718 2638
f 2717 2718 2637
f 2638 2719 2639
f 2718 2719 2638
f 2640 2639 2719
f 2640 2719 2720
f 2641 2686 2606
f 2641 2721 2686
f 2720 2642 2640
f 2722 2642 2720
f 2643 2721 2641
f 2643 2723 2721
f 2722 2644 2642
f 2724 2644 2722
f 2645 2723 2643
f 2645 2725 2723
f 2724 2646 2644
f 2726 2646 2724
f 2647 2725 2645
f 2647 2727 2725
f 2726 2648 2646
f 2728 2648 2726
f 2649 2727 2647
f 2649 2729 2727
f 2728 2650 2648
f 2730 2650 2728
f 2731 2729 2649
f 2731 2649 2651
f 2732 2651 2652
f 2732 2731 2651
f 2733 2652 2653
f 2733 2732 2652
f 2734 2653 2654
f 2734 2733 2653
f 2735 2654 2655
f 2735 2734 2654
f 2736 2655 2656
f 2736 2735 2655
f 2737 2656 2657
f 2737 2736 2656
f 2738 2657 2658
f 2738 2737 2657
f 2739 2658 2659
f 2739 2738 2658
f 2740 2659 2660
f 2740 2739 2659
f 2741 2660 2661
f 2741 2740 2660
f 2742 2661 2662
f 2742 2741 2661
f 2743 2662 2663
f 2743 2742 2662
f 2744 2663 2664
f 2744 2743 2663
f 2745 2664 2665
f 2745 2744 2664
f 2746 2665 2666
f 2746 2745 2665
f 2747 2666 2667
f 2747 2746 2666
f 2748 2667 2668
f 2748 2747 2667
f 2749 2668 2669
f 2749 2748 2668
f 2750 2669 2670
f 2750 2749 2669
f 2751 2670 2671
f 2751 2750 2670
f 2752 2671 2672
f 2752 2751 2671
f 2753 2672 2673
f 2753 2752 2672
f 2754 2673 2674
f 2754 2753 2673
f 2755 2674 2675
f 2755 2754 2674
f 2756 2675 2676
f 2756 2755 2675
f 2757 2676 2677
f 2757 2756 2676
f 2758 2677 2678
f 2758 2757 2677
f 2759 2678 2679
f 2759 2758 2678
f 2760 2679 2680
f 2760 2759 2679
f 2761 2680 2681
f 2761 2760 2680
f 2762 2681 2682
f 2762 2761 2681
f 2763 2682 2683
f 2763 2762 2682
f 2764 2683 2684
f 2764 2763 2683
f 2684 2650 2730
f 2684 2730 2764
f 2766 2765 2685
f 2766 2685 2686
f 2685 2767 2687
f 2765 2767 2685
f 2687 2768 2688
f 2767 2768 2687
f 2688 2769 2689
f 2768 2769 2688
f 2689 2770 2690
f 2769 2770 2689
f 2690 2771 2691
f 2770 2771 2690
f 2691 2772 2692
f 2771 2772 2691
f 2692 2773 2693
f 2772 2773 2692
f 2693 2774 2694
f 2773 2774 2693
f 2694 2775 2695
f 2774 2775 2694
f 2695 2776 2696
f 2775 2776 2695
f 2696 2777 2697
f 2776 2777 2696
f 2697 2778 2698
f 2777 2778 2697
f 2698 2779 2699
f 2778 2779 2698
f 2699 2780 2700
f 2779 2780 2699
f 2700 2781 2701
f 2780 2781 2700
f 2701 2782 2702
f 2781 2782 2701
f 2702 2783 2703
f 2782 2783 2702
f 2703 2784 2704
f 2783 2784 2703
f 2704 2785 2705
f 2784 2785 2704
f 2705 2786 2706
f 2785 2786 2705
f 2706 2787 2707
f 2786 2787 2706
f 2707 2788 2708
f 2787 2788 2707
f 2708 2789 2709
f 2788 2789 2708
f 2709 2790 2710
f 2789 2790 2709
f 2710 2791 2711
f 2790 2791 2710
f 2711 2792 2712
f 2791 2792 2711
f 2712 2793 2713
f 2792 2793 2712
f 2713 2794 2714
f 2793 2794 2713
f 2714 2795 2715
f 2794 2795 2714
f 2715 2796 2716
f 2795 2796 2715
f 2716 2797 2717
f 2796 2797 2716
f 2717 2798 2718
f 2797 2798 2717
f 2718 2799 2719
f 2798 2799 2718
f 2720 2719 2799
f 2720 2799 2800
f 2721 2766 2686
f 2721 2801 2766
f 2800 2722 2720
f 2802 2722 2800
f 2723 2801 2721
f 2723 2803 2801
f 2802 2724 2722
f 2804 2724 2802
f 2725 2803 2723
f 2725 2805 2803
f 2804 2726 2724
f 2806 2726 2804
f 2727 2805 2725
f 2727 2807 2805
f 2806 2728 2726
f 2808 2728 2806
f 2729 2807 2727
f 2729 2809 2807
f 2808 2730 2728
f 2810 2730 2808
f 2811 2809 2729
f 2811 2729 2731
f 2812 2731 2732
f 2812 2811 2731
f 2813 2732 2733
f 2813 2812 2732
f 2814 2733 2734
f 2814 2813 2733
f 2815 2734 2735
f 2815 2814 2734
f 2816 2735 2736
f 2816 2815 2735
f 2817 2736 2737
f 2817 2816 2736
f 2818 2737 2738
f 2818 2817 2737
f 2819 2738 2739
f 2819 2818 2738
f 2820 2739 2740
f 2820 2819 2739
f 2821 2740 2741
f 2821 2820 2740
f 2822 2741 2742
f 2822 2821 2741
f 2823 2742 2743
f 2823 2822 2742
f 2824 2743 2744
f 2824 2823 2743
f 2825 2744 2745
f 2825 2824 2744
f 2826 2745 2746
f 2826 2825 2745
f 2827 2746 2747
f 2827 2826 2746
f 2828 2747 2748
f 2828 2827 2747
f 2829 2748 2749
f 2829 2828 2748
f 2830 2749 2750
f 2830 2829 2749
f 2831 2750 2751
f 2831 2830 2750
f 2832 2751 2752
f 2832 2831 2751
f 2833 2752 2753
f 2833 2832 2752
f 2834 2753 2754
f 2834 2833 2753
f 2835 2754 2755
f 2835 2834 2754
f 2836 2755 2756
f 2836 2835 2755
f 2837 2756 2757
f 2837 2836 2756
f 2838 2757 2758
f 2838 2837 2757
f 2839 2758 2759
f 2839 2838 2758
f 2840 2759 2760
f 2840 2839 2759
f 2841 2760 2761
f 2841 2840 2760
f 2842 2761 2762
f 2842 2841 2761
f 2843 2762 2763
f 2843 2842 2762
f 2844 2763 2764
f 2844 2843 2763
f 2764 2730 2810
f 2764 2810 2844
f 2846 2845 2765
f 2846 2765 2766
f 2765 2847 2767
f 2845 2847 2765
f 2767 2848 2768
f 2847 2848 2767
f 2768 2849 2769
f 2848 2849 2768
f 2769 2850 2770
f 2849 2850 2769
f 2770 2851 2771
f 2850 2851 2770
f 2771 2852 2772
f 2851 2852 2771
f 2772 2853 2773
f 2852 2853 2772
f 2773 2854 2774
f 2853 2854 2773
f 2774 2855 2775
f 2854 2855 2774
f 2775 2856 2776
f 2855 2856 2775
f 2776 2857 2777
f 2856 2857 2776
f 2777 2858 2778
f 2857 2858 2777
f 2778 2859 2779
f 2858 2859 2778
f 2779 2860 2780
f 2859 2860 2779
f 2780 2861 2781
f 2860 2861 2780
f 2781 2862 2782
f 2861 2862 2781
f 2782 2863 2783
f 2862 2863 2782
f 2783 2864 2784
f 2863 2864 2783
f 2784 2865 2785
f 2864 2865 2784
f 2785 2866 2786
f 2865 2866 2785
f 2786 2867 2787
f 2866 2867 2786
f 2787 2868 2788
f 2867 2868 2787
f 2788 2869 2789
f 2868 2869 2788
f 2789 2870 2790
f 2869 2870 2789
f 2790 2871 2791
f 2870 2871 2790
f 2791 2872 2792
f 2871 2872 2791
f 2792 2873 2793
f 2872 2873 2792
f 2793 2874 2794
f 2873 2874 2793
f 2794 2875 2795
f 2874 2875 2794
f 2795 2876 2796
f 2875 2876 2795
f 2796 2877 2797
f 2876 2877 2796
f 2797 2878 2798
f 2877 2878 2797
f 2798 2879 2799
f 2878 2879 2798
f 2800 2799 2879
f 2800 2879 2880
f 2801 2846 2766
f 2801 2881 2846
f 2880 2802 2800
f 2882 2802 2880
f 2803 2881 2801
f 2803 2883 2881
f 2882 2804 2802
f 2884 2804 2882
f 2805 2883 2803
f 2805 2885 2883
f 2884 2806 2804
f 2886 2806 2884
f 2807 2885 2805
f 2807 2887 2885
f 2886 2808 2806
f 2888 2808 2886
f 2809 2887 2807
f 2809 2889 2887
f 2888 2810 2808
f 2890 2810 2888
f 2891 2889 2809
f 2891 2809 2811
f 2892 2811 2812
f 2892 2891 2811
f 2893 2812 2813
f 2893 2892 2812
f 2894 2813 2814
f 2894 2893 2813
f 2895 2814 2815
f 2895 2894 2814
f 2896 2815 2816
f 2896 2895 2815
f 2897 2816 2817
f 2897 2896 2816
f 2898 2817 2818
f 2898 2897 2817
f 2899 2818 2819
f 2899 2898 2818
f 2900 2819 2820
f 2900 2899 2819
f 2901 2820 2821
f 2901 2900 2820
f 2902 2821 2822
f 2902 2901 2821
f 2903 2822 2823
f 2903 2902 2822
f 2904 2823 2824
f 2904 2903 2823
f 2905 2824 2825
f 2905 2904 2824
f 2906 2825 2826
f 2906 2905 2825
f 2907 2826 2827
f 2907 2906 2826
f 2908 2827 2828
f 2908 2907 2827
f 2909 2828 2829
f 2909 2908 2828
f 2910 2829 2830
f 2910 2909 2829
f 2911 2830 2831
f 2911 2910 2830
f 2912 2831 2832
f 2912 2911 2831
f 2913 2832 2833
f 2913 2912 2832
f 2914 2833 2834
f 2914 2913 2833
f 2915 2834 2835
f 2915 2914 2834
f 2916 2835 2836
f 2916 2915 2835
f 2917 2836 2837
f 2917 2916 2836
f 2918 2837 2838
f 2918 2917 2837
f 2919 2838 2839
f 2919 2918 2838
f 2920 2839 2840
f 2920 2919 2839
f 2921 2840 2841
f 2921 2920 2840
f 2922 2841 2842
f 2922 2921 2841
f 2923 2842 2843
f 2923 2922 2842
f 2924 2843 2844
f 2924 2923 2843
f 2844 2810 2890
f 2844 2890 2924
f 2926 2925 2845
f 2926 2845 2846
f 2845 2927 2847
f 2925 2927 2845
f 2847 2928 2848
f 2927 2928 2847
f 2848 2929 2849
f 2928 2929 2848
f 2849 2930 2850
f 2929 2930 2849
f 2850 2931 2851
f 2930 2931 2850
f 2851 2932 2852
f 2931 2932 2851
f 2852 2933 2853
f 2932 2933 2852
f 2853 2934 2854
f 2933 2934 2853
f 2854 2935 2855
f 2934 2935 2854
f 2855 2936 2856
f 2935 2936 2855
f 2856 2937 2857
f 2936 2937 2856
f 2857 2938 2858
f 2937 2938 2857
f 2858 2939 2859
f 2938 2939 2858
f 2859 2940 2860
f 2939 2940 2859
f 2860 2941 2861
f 2940 2941 2860
f 2861 2942 2862
f 2941 2942 2861
f 2862 2943 2863
f 2942 2943 2862
f 2863 2944 2864
f 2943 2944 2863
f 2864 2945 2865
f 2944 2945 2864
f 2865 2946 2866
f 2945 2946 2865
f 2866 2947 2867
f 2946 2947 2866
f 2867 2948 2868
f 2947 2948 2867
f 2868 2949 2869
f 2948 2949 2868
f 2869 2950 2870
f 2949 2950 2869
f 2870 2951 2871
f 2950 2951 2870
f 2871 2952 2872
f 2951 2952 2871
f 2872 2953 2873
f 2952 2953 2872
f 2873 2954 2874
f 2953 2954 2873
f 2874 2955 2875
f 2954 2955 2874
f 2875 2956 2876
f 2955 2956 2875
f 2876 2957 2877
f 2956 2957 2876
f 2877 2958 2878
f 2957 2958 2877
f 2878 2959 2879
f 2958 2959 2878
f 2880 2879 2959
f 2880 2959 2960
f 2881 2926 2846
f 2881 2961 2926
f 2960 2882 2880
f 2962 2882 2960
f 2883 2961 2881
f 2883 2963 2961
f 2962 2884 2882
f 2964 2884 2962
f 2885 2963 2883
f 2885 2965 2963
f 2964 2886 2884
f 2966 2886 2964
f 2887 2965 2885
f 2887 2967 2965
f 2966 2888 2886
f 2968 2888 2966
f 2889 2967 2887
f 2889 2969 2967
f 2968 2890 2888
f 2970 2890 2968
f 2971 2969 2889
f 2971 2889 2891
f 2972 2891 2892
f 2972 2971 2891
f 2973 2892 2893
f 2973 2972 2892
f 2974 2893 2894
f 2974 2973 2893
f 2975 2894 2895
f 2975 2974 2894
f 2976 2895 2896
f 2976 2975 2895
f 2977 2896 2897
f 2977 2976 2896
f 2978 2897 2898
f 2978 2977 2897
f 2979 2898 2899
f 2979 2978 2898
f 2980 2899 2900
f 2980 2979 2899
f 2981 2900 2901
f 2981 2980 2900
f 2982 2901 2902
f 2982 2981 2901
f 2983 2902 2903
f 2983 2982 2902
f 2984 2903 2904
f 2984 2983 2903
f 2985 2904 2905
f 2985 2984 2904
f 2986 2905 2906
f 2986 2985 2905
f 2987 2906 2907
f 2987 2986 2906
f 2988 2907 2908
f 2988 2987 2907
f 2989 2908 2909
f 2989 2988 2908
f 2990 2909 2910
f 2990 2989 2909
f 2991 2910 2911
f 2991 2990 2910
f 2992 2911 2912
f 2992 2991 2911
f 2993 2912 2913
f 2993 2992 2912
f 2994 2913 2914
f 2994 2993 2913
f 2995 2914 2915
f 2995 2994 2914
f 2996 2915 2916
f 2996 2995 2915
f 2997 2916 2917
f 2997 2996 2916
f 2998 2917 2918
f 2998 2997 2917
f 2999 2918 2919
f 2999 2998 2918
f 3000 2919 2920
f 3000 2999 2919
f 3001 2920 2921
f 3001 3000 2920
f 3002 2921 2922
f 3002 3001 2921
f 3003 2922 2923
f 3003 3002 2922
f 3004 2923 2924
f 3004 3003 2923
f 2924 2890 2970
f 2924 2970 3004
f 3006 3005 2925
f 3006 2925 2926
f 2925 3007 2927
f 3005 3007 2925
f 2927 3008 2928
f 3007 3008 2927
f 2928 3009 2929
f 3008 3009 2928
f 2929 3010 2930
f 3009 3010 2929
f 2930 3011 2931
f 3010 3011 2930
f 2931 3012 2932
f 3011 3012 2931
f 2932 3013 2933
f 3012 3013 2932
f 2933 3014 2934
f 3013 3014 2933
f 2934 3015 2935
f 3014 3015 2934
f 2935 3016 2936
f 3015 3016 2935
f 2936 3017 2937
f 3016 3017 2936
f 2937 3018 2938
f 3017 3018 2937
f 2938 3019 2939
f 3018 3019 2938
f 2939 3020 2940
f 3019 3020 2939
f 2940 3021 2941
f 3020 3021 2940
f 2941 3022 2942
f 3021 3022 2941
f 2942 3023 2943
f 3022 3023 2942
f 2943 3024 2944
f 3023 3024 2943
f 2944 3025 2945
f 3024 3025 2944
f 2945 3026 2946
f 3025 3026 2945
f 2946 3027 2947
f 3026 3027 2946
f 2947 3028 2948
f 3027 3028 2947
f 2948 3029 2949
f 3028 3029 2948
f 2949 3030 2950
f 3029 3030 2949
f 2950 3031 2951
f 3030 3031 2950
f 2951 3032 2952
f 3031 3032 2951
f 2952 3033 2953
f 3032 3033 2952
f 2953 3034 2954
f 3033 3034 2953
f 2954 3035 2955
f 3034 3035 2954
f 2955 3036 2956
f 3035 3036 2955
f 2956 3037 2957
f 3036 3037 2956
f 2957 3038 2958
f 3037 3038 2957
f 2958 3039 2959
f 3038 3039 2958
f 2960 2959 3039
f 2960 3039 3040
f 2961 3006 2926
f 2961 3041 3006
f 3040 2962 2960
f 3042 2962 3040
f 2963 3041 2961
f 2963 3043 3041
f 3042 2964 2962
f 3044 2964 3042
f 2965 3043 2963
f 2965 3045 3043
f 3044 2966 2964
f 3046 2966 3044
f 2967 3045 2965
f 2967 3047 3045
f 3046 2968 2966
f 3048 2968 3046
f 2969 3047 2967
f 2969 3049 3047
f 3048 2970 2968
f 3050 2970 3048
f 3051 3049 2969
f 3051 2969 2971
f 3052 2971 2972
f 3052 3051 2971
f 3053 2972 2973
f 3053 3052 2972
f 3054 2973 2974
f 3054 3053 2973
f 3055 2974 2975
f 3055 3054 2974
f 3056 2975 2976
f 3056 3055 2975
f 3057 2976 2977
f 3057 3056 2976
f 3058 2977 2978
f 3058 3057 2977
f 3059 2978 2979
f 3059 3058 2978
f 3060 2979 2980
f 3060 3059 2979
f 3061 2980 2981
f 3061 3060 2980
f 3062 2981 2982
f 3062 3061 2981
f 3063 2982 2983
f 3063 3062 2982
f 3064 2983 2984
f 3064 3063 2983
f 3065 2984 2985
f 3065 3064 2984
f 3066 2985 2986
f 3066 3065 2985
f 3067 2986 2987
f 3067 3066 2986
f 3068 2987 2988
f 3068 3067 2987
f 3069 2988 2989
f 3069 3068 2988
f 3070 2989 2990
f 3070 3069 2989
f 3071 2990 2991
f 3071 3070 2990
f 3072 2991 2992
f 3072 3071 2991
f 3073 2992 2993
f 3073 3072 2992
f 3074 2993 2994
f 3074 3073 2993
f 3075 2994 2995
f 3075 3074 2994
f 3076 2995 2996
f 3076 3075 2995
f 3077 2996 2997
f 3077 3076 2996
f 3078 2997 2998
f 3078 3077 2997
f 3079 2998 2999
f 3079 3078 2998
f 3080 2999 3000
f 3080 3079 2999
f 3081 3000 3001
f 3081 3080 3000
f 3082 3001 3002
f 3082 3081 3001
f 3083 3002 3003
f 3083 3082 3002
f 3084 3003 3004
f 3084 3083 3003
f 3004 2970 3050
f 3004 3050 3084
f 3086 3085 3005
f 3086 3005 3006
f 3005 3087 3007
f 3085 3087 3005
f 3007 3088 3008
f 3087 3088 3007
f 3008 3089 3009
f 3088 3089 3008
f 3009 3090 3010
f 3089 3090 3009
f 3010 3091 3011
f 3090 3091 3010
f 3011 3092 3012
f 3091 3092 3011
f 3012 3093 3013
f 3092 3093 3012
f 3013 3094 3014
f 3093 3094 3013
f 3014 3095 3015
f 3094 3095 3014
f 3015 3096 3016
f 3095 3096 3015
f 3016 3097 3017
f 3096 3097 3016
f 3017 3098 3018
f 3097 3098 3017
f 3018 3099 3019
f 3098 3099 3018
f 3019 3100 3020
f 3099 3100 3019
f 3020 3101 3021
f 3100 3101 3020
f 3021 3102 3022
f 3101 3102 3021
f 3022 3103 3023
f 3102 3103 3022
f 3023 3104 3024
f 3103 3104 3023
f 3024 3105 3025
f 3104 3105 3024
f 3025 3106 3026
f 3105 3106 3025
f 3026 3107 3027
f 3106 3107 3026
f 3027 3108 3028
f 3107 3108 3027
f 3028 3109 3029
f 3108 3109 3028
f 3029 3110 3030
f 3109 3110 3029
f 3030 3111 3031
f 3110 3111 3030
f 3031 3112 3032
f 3111 3112 3031
f 3032 3113 3033
f 3112 3113 3032
f 3033 3114 3034
f 3113 3114 3033
f 3034 3115 3035
f 3114 3115 3034
f 3035 3116 3036
f 3115 3116 3035
f 3036 3117 3037
f 3116 3117 3036
f 3037 3118 3038
f 3117 3118 3037
f 3038 3119 3039
f 3118 3119 3038
f 3040 3039 3119
f 3040 3119 3120
f 3041 3086 3006
f 3041 3121 3086
f 3120 3042 3040
f 3122 3042 3120
f 3043 3121 3041
f 3043 3123 3121
f 3122 3044 3042
f 3124 3044 3122
f 3045 3123 3043
f 3045 3125 3123
f 3124 3046 3044
f 3126 3046 3124
f 3047 3125 3045
f 3047 3127 3125
f 3126 3048 3046
f 3128 3048 3126
f 3049 3127 3047
f 3049 3129 3127
f 3128 3050 3048
f 3130 3050 3128
f 3131 3129 3049
f 3131 3049 3051
f 3132 3051 3052
f 3132 3131 3051
f 3133 3052 3053
f 3133 3132 3052
f 3134 3053 3054
f 3134 3133 3053
f 3135 3054 3055
f 3135 3134 3054
f 3136 3055 3056
f 3136 3135 3055
f 3137 3056 3057
f 3137 3136 3056
f 3138 3057 3058
f 3138 3137 3057
f 3139 3058 3059
f 3139 3138 3058
f 3140 3059 3060
f 3140 3139 3059
f 3141 3060 3061
f 3141 3140 3060
f 3142 3061 3062
f 3142 3141 3061
f 3143 3062 3063
f 3143 3142 3062
f 3144 3063 3064
f 3144 3143 3063
f 3145 3064 3065
f 3145 3144 3064
f 3146 3065 3066
f 3146 3145 3065
f 3147 3066 3067
f 3147 3146 3066
f 3148 3067 3068
f 3148 3147 3067
f 3149 3068 3069
f 3149 3148 3068
f 3150 3069 3070
f 3150 3149 3069
f 3151 3070 3071
f 3151 3150 3070
f 3152 3071 3072
f 3152 3151 3071
f 3153 3072 3073
f 3153 3152 3072
f 3154 3073 3074
f 3154 3153 3073
f 3155 3074 3075
f 3155 3154 3074
f 3156 3075 3076
f 3156 3155 3075
f 3157 3076 3077
f 3157 3156 3076
f 3158 3077 3078
f 3158 3157 3077
f 3159 3078 3079
f 3159 3158 3078
f 3160 3079 3080
f 3160 3159 3079
f 3161 3080 3081
f 3161 3160 3080
f 3162 3081 3082
f 3162 3161 3081
f 3163 3082 3083
f 3163 3162 3082
f 3164 3083 3084
f 3164 3163 3083
f 3084 3050 3130
f 3084 3130 3164
f 3166 3165 3085
f 3166 3085 3086
f 3085 3167 3087
f 3165 3167 3085
f 3087 3168 3088
f 3167 3168 3087
f 3088 3169 3089
f 3168 3169 3088
f 3089 3170 3090
f 3169 3170 3089
f 3090 3171 3091
f 3170 3171 3090
f 3091 3172 3092
f 3171 3172 3091
f 3092 3173 3093
f 3172 3173 3092
f 3093 3174 3094
f 3173 3174 3093
f 3094 3175 3095
f 3174 3175 3094
f 3095 3176 3096
f 3175 3176 3095
f 3096 3177 3097
f 3176 3177 3096
f 3097 3178 3098
f 3177 3178 3097
f 3098 3179 3099
f 3178 3179 3098
f 3099 3180 3100
f 3179 3180 3099
f 3100 3181 3101
f 3180 3181 3100
f 3101 3182 3102
f 3181 3182 3101
f 3102 3183 3103
f 3182 3183 3102
f 3103 3184 3104
f 3183 3184 3103
f 3104 3185 3105
f 3184 3185 3104
f 3105 3186 3106
f 3185 3186 3105
f 3106 3187 3107
f 3186 3187 3106
f 3107 3188 3108
f 3187 3188 3107
f 3108 3189 3109
f 3188 3189 3108
f 3109 3190 3110
f 3189 3190 3109
f 3110 3191 3111
f 3190 3191 3110
f 3111 3192 3112
f 3191 3192 3111
f 3112 3193 3113
f 3192 3193 3112
f 3113 3194 3114
f 3193 3194 3113
f 3114 3195 3115
f 3194 3195 3114
f 3115 3196 3116
f 3195 3196 3115
f 3116 3197 3117
f 3196 3197 3116
f 3117 3198 3118
f 3197 3198 3117
f 3118 3199 3119
f 3198 3199 3118
f 3120 3119 3199
f 3120 3199 3200
f 3121 3166 3086
f 3121 3201 3166
f 3200 3122 3120
f 3202 3122 3200
f 3123 3201 3121
f 3123 3203 3201
f 3202 3124 3122
f 3204 3124 3202
f 3125 3203 3123
f 3125 3205 3203
f 3204 3126 3124
f 3206 3126 3204
f 3127 3205 3125
f 3127 3207 3205
f 3206 3128 3126
f 3208 3128 3206
f 3129 3207 3127
f 3129 3209 3207
f 3208 3130 3128
f 3210 3130 3208
f 3211 3209 3129
f 3211 3129 3131
f 3212 3131 3132
f 3212 3211 3131
f 3213 3132 3133
f 3213 3212 3132
f 3214 3133 3134
f 3214 3213 3133
f 3215 3134 3135
f 3215 3214 3134
f 3216 3135 3136
f 3216 3215 3135
f 3217 3136 3137
f 3217 3216 3136
f 3218 3137 3138
f 3218 3217 3137
f 3219 3138 3139
f 3219 3218 3138
f 3220 3139 3140
f 3220 3219 3139
f 3221 3140 3141
f 3221 3220 3140
f 3222 3141 3142
f 3222 3221 3141
f 3223 3142 3143
f 3223 3222 3142
f 3224 3143 3144
f 3224 3223 3143
f 3225 3144 3145
f 3225 3224 3144
f 3226 3145 3146
f 3226 3225 3145
f 3227 3146 3147
f 3227 3226 3146
f 3228 3147 3148
f 3228 3227 3147
f 3229 3148 3149
f 3229 3228 3148
f 3230 3149 3150
f 3230 3229 3149
f 3231 3150 3151
f 3231 3230 3150
f 3232 3151 3152
f 3232 3231 3151
f 3233 3152 3153
f 3233 3232 3152
f 3234 3153 3154
f 3234 3233 3153
f 3235 3154 3155
f 3235 3234 3154
f 3236 3155 3156
f 3236 3235 3155
f 3237 3156 3157
f 3237 3236 3156
f 3238 3157 3158
f 3238 3237 3157
f 3239 3158 3159
f 3239 3238 3158
f 3240 3159 3160
f 3240 3239 3159
f 3241 3160 3161
f 3241 3240 3160
f 3242 3161 3162
f 3242 3241 3161
f 3243 3162 3163
f 3243 3242 3162
f 3244 3163 3164
f 3244 3243 3163
f 3164 3130 3210
f 3164 3210 3244
f 3246 3245 3165
f 3246 3165 3166
f 3165 3247 3167
f 3245 3247 3165
f 3167 3248 3168
f 3247 3248 3167
f 3168 3249 3169
f 3248 3249 3168
f 3169 3250 3170
f 3249 3250 3169
f 3170 3251 3171
f 3250 3251 3170
f 3171 3252 3172
f 3251 3252 3171
f 3172 3253 3173
f 3252 3253 3172
f 3173 3254 3174
f 3253 3254 3173
f 3174 3255 3175
f 3254 3255 3174
f 3175 3256 3176
f 3255 3256 3175
f 3176 3257 3177
f 3256 3257 3176
f 3177 3258 3178
f 3257 3258 3177
f 3178 3259 3179
f 3258 3259 3178
f 3179 3260 3180
f 3259 3260 3179
f 3180 3261 3181
f 3260 3261 3180
f 3181 3262 3182
f 3261 3262 3181
f 3182 3263 3183
f 3262 3263 3182
f 3183 3264 3184
f 3263 3264 3183
f 3184 3265 3185
f 3264 3265 3184
f 3185 3266 3186
f 3265 3266 3185
f 3186 3267 3187
f 3266 3267 3186
f 3187 3268 3188
f 3267 3268 3187
f 3188 3269 3189
f 3268 3269 3188
f 3189 3270 3190
f 3269 3270 3189
f 3190 3271 3191
f 3270 3271 3190
f 3191 3272 3192
f 3271 3272 3191
f 3192 3273 3193
f 3272 3273 3192
f 3193 3274 3194
f 3273 3274 3193
f 3194 3275 3195
f 3274 3275 3194
f 3195 3276 3196
f 3275 3276 3195
f 3196 3277 3197
f 3276 3277 3196
f 3197 3278 3198
f 3277 3278 3197
f 3198 3279 3199
f 3278 3279 3198
f 3200 3199 3279
f 3200 3279 3280
f 3201 3246 3166
f 3201 3281 3246
f 3280 3202 3200
f 3282 3202 3280
f 3203 3281 3201
f 3203 3283 3281
f 3282 3204 3202
f 3284 3204 3282
f 3205 3283 3203
f 3205 3285 3283
f 3284 3206 3204
f 3286 3206 3284
f 3207 3285 3205
f 3207 3287 3285
f 3286 3208 3206
f 3288 3208 3286
f 3209 3287 3207
f 3209 3289 3287
f 3288 3210 3208
f 3290 3210 3288
f 3291 3289 3209
f 3291 3209 3211
f 3292 3211 3212
f 3292 3291 3211
f 3293 3212 3213
f 3293 3292 3212
f 3294 3213 3214
f 3294 3293 3213
f 3295 3214 3215
f 3295 3294 3214
f 3296 3215 3216
f 3296 3295 3215
f 3297 3216 3217
f 3297 3296 3216
f 3298 3217 3218
f 3298 3297 3217
f 3299 3218 3219
f 3299 3298 3218
f 3300 3219 3220
f 3300 3299 3219
f 3301 3220 3221
f 3301 3300 3220
f 3302 3221 3222
f 3302 3301 3221
f 3303 3222 3223
f 3303 3302 3222
f 3304 3223 3224
f 3304 3303 3223
f 3305 3224 3225
f 3305 3304 3224
f 3306 3225 3226
f 3306 3305 3225
f 3307 3226 3227
f 3307 3306 3226
f 3308 3227 3228
f 3308 3307 3227
f 3309 3228 3229
f 3309 3308 3228
f 3310 3229 3230
f 3310 3309 3229
f 3311 3230 3231
f 3311 3310 3230
f 3312 3231 3232
f 3312 3311 3231
f 3313 3232 3233
f 3313 3312 3232
f 3314 3233 3234
f 3314 3313 3233
f 3315 3234 3235
f 3315 3314 3234
f 3316 3235 3236
f 3316 3315 3235
f 3317 3236 3237
f 3317 3316 3236
f 3318 3237 3238
f 3318 3317 3237
f 3319 3238 3239
f 3319 3318 3238
f 3320 3239 3240
f 3320 3319 3239
f 3321 3240 3241
f 3321 3320 3240
f 3322 3241 3242
f 3322 3321 3241
f 3323 3242 3243
f 3323 3322 3242
f 3324 3243 3244
f 3324 3323 3243
f 3244 3210 3290
f 3244 3290 3324
f 3326 3325 3245
f 3326 3245 3246
f 3245 3327 3247
f 3325 3327 3245
f 3247 3328 3248
f 3327 3328 3247
f 3248 3329 3249
f 3328 3329 3248
f 3249 3330 3250
f 3329 3330 3249
f 3250 3331 3251
f 3330 3331 3250
f 3251 3332 3252
f 3331 3332 3251
f 3252 3333 3253
f 3332 3333 3252
f 3253 3334 3254
f 3333 3334 3253
f 3254 3335 3255
f 3334 3335 3254
f 3255 3336 3256
f 3335 3336 3255
f 3256 3337 3257
f 3336 3337 3256
f 3257 3338 3258
f 3337 3338 3257
f 3258 3339 3259
f 3338 3339 3258
f 3259 3340 3260
f 3339 3340 3259
f 3260 3341 3261
f 3340 3341 3260
f 3261 3342 3262
f 3341 3342 3261
f 3262 3343 3263
f 3342 3343 3262
f 3263 3344 3264
f 3343 3344 3263
f 3264 3345 3265
f 3344 3345 3264
f 3265 3346 3266
f 3345 3346 3265
f 3266 3347 3267
f 3346 3347 3266
f 3267 3348 3268
f 3347 3348 3267
f 3268 3349 3269
f 3348 3349 3268
f 3269 3350 3270
f 3349 3350 3269
f 3270 3351 3271
f 3350 3351 3270
f 3271 3352 3272
f 3351 3352 3271
f 3272 3353 3273
f 3352 3353 3272
f 3273 3354 3274
f 3353 3354 3273
f 3274 3355 3275
f 3354 3355 3274
f 3275 3356 3276
f 3355 3356 3275
f 3276 3357 3277
f 3356 3357 3276
f 3277 3358 3278
f 3357 3358 3277
f 3278 3359 3279
f 3358 3359 3278
f 3280 3279 3359
f 3280 3359 3360
f 3281 3326 3246
f 3281 3361 3326
f 3360 3282 3280
f 3362 3282 3360
f 3283 3361 3281
f 3283 3363 3361
f 3362 3284 3282
f 3364 3284 3362
f 3285 3363 3283
f 3285 3365 3363
f 3364 3286 3284
f 3366 3286 3364
f 3287 3365 3285
f 3287 3367 3365
f 3366 3288 3286
f 3368 3288 3366
f 3289 3367 3287
f 3289 3369 3367
f 3368 3290 3288
f 3370 3290 3368
f 3371 3369 3289
f 3371 3289 3291
f 3372 3291 3292
f 3372 3371 3291
f 3373 3292 3293
f 3373 3372 3292
f 3374 3293 3294
f 3374 3373 3293
f 3375 3294 3295
f 3375 3374 3294
f 3376 3295 3296
f 3376 3375 3295
f 3377 3296 3297
f 3377 3376 3296
f 3378 3297 3298
f 3378 3377 3297
f 3379 3298 3299
f 3379 3378 3298
f 3380 3299 3300
f 3380 3379 3299
f 3381 3300 3301
f 3381 3380 3300
f 3382 3301 3302
f 3382 3381 3301
f 3383 3302 3303
f 3383 3382 3302
f 3384 3303 3304
f 3384 3383 3303
f 3385 3304 3305
f 3385 3384 3304
f 3386 3305 3306
f 3386 3385 3305
f 3387 3306 3307
f 3387 3386 3306
f 3388 3307 3308
f 3388 3387 3307
f 3389 3308 3309
f 3389 3388 3308
f 3390 3309 3310
f 3390 3389 3309
f 3391 3310 3311
f 3391 3390 3310
f 3392 3311 3312
f 3392 3391 3311
f 3393 3312 3313
f 3393 3392 3312
f 3394 3313 3314
f 3394 3393 3313
f 3395 3314 3315
f 3395 3394 3314
f 3396 3315 3316
f 3396 3395 3315
f 3397 3316 3317
f 3397 3396 3316
f 3398 3317 3318
f 3398 3397 3317
f 3399 3318 3319
f 3399 3398 3318
f 3400 3319 3320
f 3400 3399 3319
f 3401 3320 3321
f 3401 3400 3320
f 3402 3321 3322
f 3402 3401 3321
f 3403 3322 3323
f 3403 3402 3322
f 3404 3323 3324
f 3404 3403 3323
f 3324 3290 3370
f 3324 3370 3404
f 3326 3405 3325
f 3406 3327 3325
f 3406 3325 3405
f 3407 3328 3327
f 3407 3327 3406
f 3408 3329 3328
f 3408 3328 3407
f 3409 3330 3329
f 3409 3329 3408
f 3410 3331 3330
f 3410 3330 3409
f 3411 3332 3331
f 3411 3331 3410
f 3412 3333 3332
f 3412 3332 3411
f 3413 3334 3333
f 3413 3333 3412
f 3414 3335 3334
f 3414 3334 3413
f 3415 3336 3335
f 3415 3335 3414
f 3416 3337 3336
f 3416 3336 3415
f 3417 3338 3337
f 3417 3337 3416
f 3418 3339 3338
f 3418 3338 3417
f 3419 3340 3339
f 3419 3339 3418
f 3420 3341 3340
f 3420 3340 3419
f 3421 3342 3341
f 3421 3341 3420
f 3422 3343 3342
f 3422 3342 3421
f 3423 3344 3343
f 3423 3343 3422
f 3424 3345 3344
f 3424 3344 3423
f 3425 3346 3345
f 3425 3345 3424
f 3426 3347 3346
f 3426 3346 3425
f 3427 3348 3347
f 3427 3347 3426
f 3428 3349 3348
f 3428 3348 3427
f 3429 3350 3349
f 3429 3349 3428
f 3430 3351 3350
f 3430 3350 3429
f 3431 3352 3351
f 3431 3351 3430
f 3432 3353 3352
f 3432 3352 3431
f 3433 3354 3353
f 3433 3353 3432
f 3434 3355 3354
f 3434 3354 3433
f 3435 3356 3355
f 3435 3355 3434
f 3436 3357 3356
f 3436 3356 3435
f 3437 3358 3357
f 3437 3357 3436
f 3438 3359 3358
f 3438 3358 3437
f 3438 3360 3359
f 3361 3439 3405
f 3361 3405 3326
f 3405 3440 3406
f 3405 3439 3440
f 3406 3441 3407
f 3406 3440 3441
f 3407 3442 3408
f 3407 3441 3442
f 3408 3443 3409
f 3408 3442 3443
f 3409 3444 3410
f 3409 3443 3444
f 3410 3445 3411
f 3410 3444 3445
f 3411 3446 3412
f 3411 3445 3446
f 3412 3447 3413
f 3412 3446 3447
f 3413 3448 3414
f 3413 3447 3448
f 3414 3449 3415
f 3414 3448 3449
f 3415 3450 3416
f 3415 3449 3450
f 3416 3451 3417
f 3416 3450 3451
f 3417 3452 3418
f 3417 3451 3452
f 3418 3453 3419
f 3418 3452 3453
f 3419 3454 3420
f 3419 3453 3454
f 3420 3455 3421
f 3420 3454 3455
f 3421 3456 3422
f 3421 3455 3456
f 3422 3457 3423
f 3422 3456 3457
f 3423 3458 3424
f 3423 3457 3458
f 3424 3459 3425
f 3424 3458 3459
f 3425 3460 3426
f 3425 3459 3460
f 3426 3461 3427
f 3426 3460 3461
f 3427 3462 3428
f 3427 3461 3462
f 3428 3463 3429
f 3428 3462 3463
f 3429 3464 3430
f 3429 3463 3464
f 3430 3465 3431
f 3430 3464 3465
f 3431 3466 3432
f 3431 3465 3466
f 3432 3467 3433
f 3432 3466 3467
f 3433 3468 3434
f 3433 3467 3468
f 3434 3469 3435
f 3434 3468 3469
f 3435 3470 3436
f 3435 3469 3470
f 3436 3471 3437
f 3436 3470 3471
f 3437 3472 3438
f 3437 3471 3472
f 3472 3362 3360
f 3472 3360 3438
f 3363 3473 3439
f 3363 3439 3361
f 3439 3474 3440
f 3439 3473 3474
f 3440 3475 3441
f 3440 3474 3475
f 3441 3476 3442
f 3441 3475 3476
f 3442 3477 3443
f 3442 3476 3477
f 3443 3478 3444
f 3443 3477 3478
f 3444 3479 3445
f 3444 3478 3479
f 3445 3480 3446
f 3445 3479 3480
f 3446 3481 3447
f 3446 3480 3481
f 3447 3482 3448
f 3447 3481 3482
f 3448 3483 3449
f 3448 3482 3483
f 3449 3484 3450
f 3449 3483 3484
f 3450 3485 3451
f 3450 3484 3485
f 3451 3486 3452
f 3451 3485 3486
f 3452 3487 3453
f 3452 3486 3487
f 3453 3488 3454
f 3453 3487 3488
f 3454 3489 3455
f 3454 3488 3489
f 3455 3490 3456
f 3455 3489 3490
f 3456 3491 3457
f 3456 3490 3491
f 3457 3492 3458
f 3457 3491 3492
f 3458 3493 3459
f 3458 3492 3493
f 3459 3494 3460
f 3459 3493 3494
f 3460 3495 3461
f 3460 3494 3495
f 3461 3496 3462
f 3461 3495 3496
f 3462 3497 3463
f 3462 3496 3497
f 3463 3498 3464
f 3463 3497 3498
f 3464 3499 3465
f 3464 3498 3499
f 3465 3500 3466
f 3465 3499 3500
f 3466 3501 3467
f 3466 3500 3501
f 3467 3502 3468
f 3467 3501 3502
f 3468 3503 3469
f 3468 3502 3503
f 3469 3504 3470
f 3469 3503 3504
f 3470 3505 3471
f 3470 3504 3505
f 3471 3506 3472
f 3471 3505 3506
f 3506 3364 3362
f 3506 3362 3472
f 3365 3507 3473
f 3365 3473 3363
f 3473 3508 3474
f 3473 3507 3508
f 3474 3509 3475
f 3474 3508 3509
f 3475 3510 3476
f 3475 3509 3510
f 3476 3511 3477
f 3476 3510 3511
f 3477 3512 3478
f 3477 3511 3512
f 3478 3513 3479
f 3478 3512 3513
f 3479 3514 3480
f 3479 3513 3514
f 3480 3515 3481
f 3480 3514 3515
f 3481 3516 3482
f 3481 3515 3516
f 3482 3517 3483
f 3482 3516 3517
f 3483 3518 3484
f 3483 3517 3518
f 3484 3519 3485
f 3484 3518 3519
f 3485 3520 3486
f 3485 3519 3520
f 3486 3521 3487
f 3486 3520 3521
f 3487 3522 3488
f 3487 3521 3522
f 3488 3523 3489
f 3488 3522 3523
f 3489 3524 3490
f 3489 3523 3524
f 3490 3525 3491
f 3490 3524 3525
f 3491 3526 3492
f 3491 3525 3526
f 3492 3527 3493
f 3492 3526 3527
f 3493 3528 3494
f 3493 3527 3528
f 3494 3529 3495
f 3494 3528 3529
f 3495 3530 3496
f 3495 3529 3530
f 3496 3531 3497
f 3496 3530 3531
f 3497 3532 3498
f 3497 3531 3532
f 3498 3533 3499
f 3498 3532 3533
f 3499 3534 3500
f 3499 3533 3534
f 3500 3535 3501
f 3500 3534 3535
f 3501 3536 3502
f 3501 3535 3536
f 3502 3537 3503
f 3502 3536 3537
f 3503 3538 3504
f 3503 3537 3538
f 3504 3539 3505
f 3504 3538 3539
f 3505 3540 3506
f 3505 3539 3540
f 3540 3366 3364
f 3540 3364 3506
f 3367 3541 3507
f 3367 3507 3365
f 3507 3542 3508
f 3507 3541 3542
f 3508 3543 3509
f 3508 3542 3543
f 3509 3544 3510
f 3509 3543 3544
f 3510 3545 3511
f 3510 3544 3545
f 3511 3546 3512
f 3511 3545 3546
f 3512 3547 3513
f 3512 3546 3547
f 3513 3548 3514
f 3513 3547 3548
f 3514 3549 3515
f 3514 3548 3549
f 3515 3550 3516
f 3515 3549 3550
f 3516 3551 3517
f 3516 3550 3551
f 3517 3552 3518
f 3517 3551 3552
f 3518 3553 3519
f 3518 3552 3553
f 3519 3554 3520
f 3519 3553 3554
f 3520 3555 3521
f 3520 3554 3555
f 3521 3556 3522
f 3521 3555 3556
f 3522 3557 3523
f 3522 3556 3557
f 3523 3558 3524
f 3523 3557 3558
f 3524 3559 3525
f 3524 3558 3559
f 3525 3560 3526
f 3525 3559 3560
f 3526 3561 3527
f 3526 3560 3561
f 3527 3562 3528
f 3527 3561 3562
f 3528 3563 3529
f 3528 3562 3563
f 3529 3564 3530
f 3529 3563 3564
f 3530 3565 3531
f 3530 3564 3565
f 3531 3566 3532
f 3531 3565 3566
f 3532 3567 3533
f 3532 3566 3567
f 3533 3568 3534
f 3533 3567 3568
f 3534 3569 3535
f 3534 3568 3569
f 3535 3570 3536
f 3535 3569 3570
f 3536 3571 3537
f 3536 3570 3571
f 3537 3572 3538
f 3537 3571 3572
f 3538 3573 3539
f 3538 3572 3573
f 3539 3574 3540
f 3539 3573 3574
f 3574 3368 3366
f 3574 3366 3540
f 3369 3575 3541
f 3369 3541 3367
f 3541 3576 3542
f 3541 3575 3576
f 3542 3577 3543
f 3542 3576 3577
f 3543 3578 3544
f 3543 3577 3578
f 3544 3579 3545
f 3544 3578 3579
f 3545 3580 3546
f 3545 3579 3580
f 3546 3581 3547
f 3546 3580 3581
f 3547 3582 3548
f 3547 3581 3582
f 3548 3583 3549
f 3548 3582 3583
f 3549 3584 3550
f 3549 3583 3584
f 3550 3585 3551
f 3550 3584 3585
f 3551 3586 3552
f 3551 3585 3586
f 3552 3587 3553
f 3552 3586 3587
f 3553 3588 3554
f 3553 3587 3588
f 3554 3589 3555
f 3554 3588 3589
f 3555 3590 3556
f 3555 3589 3590
f 3556 3591 3557
f 3556 3590 3591
f 3557 3592 3558
f 3557 3591 3592
f 3558 3593 3559
f 3558 3592 3593
f 3559 3594 3560
f 3559 3593 3594
f 3560 3595 3561
f 3560 3594 3595
f 3561 3596 3562
f 3561 3595 3596
f 3562 3597 3563
f 3562 3596 3597
f 3563 3598 3564
f 3563 3597 3598
f 3564 3599 3565
f 3564 3598 3599
f 3565 3600 3566
f 3565 3599 3600
f 3566 3601 3567
f 3566 3600 3601
f 3567 3602 3568
f 3567 3601 3602
f 3568 3603 3569
f 3568 3602 3603
f 3569 3604 3570
f 3569 3603 3604
f 3570 3605 3571
f 3570 3604 3605
f 3571 3606 3572
f 3571 3605 3606
f 3572 3607 3573
f 3572 3606 3607
f 3573 3608 3574
f 3573 3607 3608
f 3608 3370 3368
f 3608 3368 3574
f 3371 3575 3369
f 3575 3371 3372
f 3575 3372 3576
f 3576 3372 3373
f 3576 3373 3577
f 3577 3373 3374
f 3577 3374 3578
f 3578 3374 3375
f 3578 3375 3579
f 3579 3375 3376
f 3579 3376 3580
f 3580 3376 3377
f 3580 3377 3581
f 3581 3377 3378
f 3581 3378 3582
f 3582 3378 3379
f 3582 3379 3583
f 3583 3379 3380
f 3583 3380 3584
f 3584 3380 3381
f 3584 3381 3585
f 3585 3381 3382
f 3585 3382 3586
f 3586 3382 3383
f 3586 3383 3587
f 3587 3383 3384
f 3587 3384 3588
f 3588 3384 3385
f 3588 3385 3589
f 3589 3385 3386
f 3589 3386 3590
f 3590 3386 3387
f 3590 3387 3591
f 3591 3387 3388
f 3591 3388 3592
f 3592 3388 3389
f 3592 3389 3593
f 3593 3389 3390
f 3593 3390 3594
f 3594 3390 3391
f 3594 3391 3595
f 3595 3391 3392
f 3595 3392 3596
f 3596 3392 3393
f 3596 3393 3597
f 3597 3393 3394
f 3597 3394 3598
f 3598 3394 3395
f 3598 3395 3599
f 3599 3395 3396
f 3599 3396 3600
f 3600 3396 3397
f 3600 3397 3601
f 3601 3397 3398
f 3601 3398 3602
f 3602 3398 3399
f 3602 3399 3603
f 3603 3399 3400
f 3603 3400 3604
f 3604 3400 3401
f 3604 3401 3605
f 3605 3401 3402
f 3605 3402 3606
f 3606 3402 3403
f 3606 3403 3607
f 3607 3403 3404
f 3607 3404 3608
f 3608 3404 3370

